submission_number,device_name,company,regulatory_pathway,date_of_final_decision,medical_specialty,baseline_ai_function_scope,ai_function_scope,baseline_clinical_function_group,clinical_function_group
DEN130013,VITEK MS,"BIOMERIEUX, INC.",de_novo,2013-08-21,Microbiology,DESCRIBED_AI_OR_ALGORITHMIC_FUNCTION,DESCRIBED_AI_OR_ALGORITHMIC_FUNCTION,SINGLE,SINGLE
DEN140025,BrainScope Ahead 100,"BRAINSCOPE COMPANY, INC",de_novo,2014-11-17,Neurology,DESCRIBED_AI_OR_ALGORITHMIC_FUNCTION,DESCRIBED_AI_OR_ALGORITHMIC_FUNCTION,SINGLE,SINGLE
DEN160026,23andMe Personal Genome Service (PGS) Genetic Health Risk Test for Hereditary Thrombophilia,"23andMe, Inc.",de_novo,2017-04-06,Immunology,DEVICE_FUNCTION_AI_ATTRIBUTION_UNRESOLVED,DEVICE_FUNCTION_AI_ATTRIBUTION_UNRESOLVED,UNCERTAIN,UNCERTAIN
DEN160044,Acumen Hypotension Prediction Index (HPI) Feature Software,Edwards Lifesciences LLC,de_novo,2018-03-16,Cardiovascular,DESCRIBED_AI_OR_ALGORITHMIC_FUNCTION,DESCRIBED_AI_OR_ALGORITHMIC_FUNCTION,SINGLE,SINGLE
DEN170022,QuantX,"Quantitative Insights, Inc",de_novo,2017-07-19,Radiology,DESCRIBED_AI_OR_ALGORITHMIC_FUNCTION,DESCRIBED_AI_OR_ALGORITHMIC_FUNCTION,SINGLE,SINGLE
DEN170043,DreaMed Advisor Pro,"DreaMed Diabetes, Ltd.",de_novo,2018-06-12,Clinical Chemistry,DESCRIBED_AI_OR_ALGORITHMIC_FUNCTION,DESCRIBED_AI_OR_ALGORITHMIC_FUNCTION,SINGLE,SINGLE
DEN170073,ContaCT,"Viz.Al, Inc.",de_novo,2018-02-13,Radiology,DESCRIBED_AI_OR_ALGORITHMIC_FUNCTION,DESCRIBED_AI_OR_ALGORITHMIC_FUNCTION,SINGLE,SINGLE
DEN170090,MATRx plus,Zephyr Sleep Technologies,de_novo,2018-08-23,Dental,DESCRIBED_AI_OR_ALGORITHMIC_FUNCTION,DESCRIBED_AI_OR_ALGORITHMIC_FUNCTION,UNCERTAIN,UNCERTAIN
DEN170091,EyeBOX,"Oculogica, Inc.",de_novo,2018-12-28,Neurology,DESCRIBED_AI_OR_ALGORITHMIC_FUNCTION,DESCRIBED_AI_OR_ALGORITHMIC_FUNCTION,SINGLE,SINGLE
DEN180001,IDx-DR,"IDx, LLC",de_novo,2018-04-11,Ophthalmic,DESCRIBED_AI_OR_ALGORITHMIC_FUNCTION,DESCRIBED_AI_OR_ALGORITHMIC_FUNCTION,SINGLE,SINGLE
DEN180005,OsteoDetect,"Imagen Technologies, Inc.",de_novo,2018-05-24,Radiology,DESCRIBED_AI_OR_ALGORITHMIC_FUNCTION,DESCRIBED_AI_OR_ALGORITHMIC_FUNCTION,SINGLE,SINGLE
DEN190040,Caption Guidance,"Bay Labs, Inc.",de_novo,2020-02-07,Radiology,DESCRIBED_AI_OR_ALGORITHMIC_FUNCTION,DESCRIBED_AI_OR_ALGORITHMIC_FUNCTION,MULTIPLE,MULTIPLE
DEN200011,Masimo SafetyNet,Masimo Corporation,de_novo,2023-03-31,Anesthesiology,DESCRIBED_AI_OR_ALGORITHMIC_FUNCTION,DESCRIBED_AI_OR_ALGORITHMIC_FUNCTION,SINGLE,SINGLE
DEN200019,Oxehealth Vital Signs,Oxehealth Limited,de_novo,2021-03-26,Cardiovascular,DESCRIBED_AI_OR_ALGORITHMIC_FUNCTION,DESCRIBED_AI_OR_ALGORITHMIC_FUNCTION,SINGLE,SINGLE
DEN200022,Analytic for Hemodynamic Instability (AHI),Fifth Eye Inc.,de_novo,2021-03-01,Cardiovascular,DESCRIBED_AI_OR_ALGORITHMIC_FUNCTION,DESCRIBED_AI_OR_ALGORITHMIC_FUNCTION,SINGLE,SINGLE
DEN200030,FEops HEARTguide,FEops NV,de_novo,2021-09-08,Cardiovascular,DESCRIBED_AI_OR_ALGORITHMIC_FUNCTION,DESCRIBED_AI_OR_ALGORITHMIC_FUNCTION,SINGLE,SINGLE
DEN200038,Gili Pro BioSensor (also known as Gili BioSensor System),ContinUse Biometrics Ltd.,de_novo,2021-04-01,Cardiovascular,DESCRIBED_AI_OR_ALGORITHMIC_FUNCTION,DESCRIBED_AI_OR_ALGORITHMIC_FUNCTION,SINGLE,SINGLE
DEN200052,KidneyIntelX.dkd,"Renalytix AI, Inc.",de_novo,2023-06-29,Clinical Chemistry,DESCRIBED_AI_OR_ALGORITHMIC_FUNCTION,DESCRIBED_AI_OR_ALGORITHMIC_FUNCTION,SINGLE,SINGLE
DEN200055,GI Genius,"Cosmo Artificial Intelligence - AI, LTD",de_novo,2021-04-09,Gastroenterology-Urology,DESCRIBED_AI_OR_ALGORITHMIC_FUNCTION,DESCRIBED_AI_OR_ALGORITHMIC_FUNCTION,SINGLE,SINGLE
DEN200069,Cognoa ASD Diagnosis Aid,"Cognoa, Inc.",de_novo,2021-06-02,Neurology,DESCRIBED_AI_OR_ALGORITHMIC_FUNCTION,DESCRIBED_AI_OR_ALGORITHMIC_FUNCTION,SINGLE,SINGLE
DEN200080,Paige Prostate,Paige.AI,de_novo,2021-09-21,Pathology,DESCRIBED_AI_OR_ALGORITHMIC_FUNCTION,DESCRIBED_AI_OR_ALGORITHMIC_FUNCTION,SINGLE,SINGLE
DEN210022,PMD-200,Medasense Biometrics Ltd.,de_novo,2023-02-17,Anesthesiology,DESCRIBED_AI_OR_ALGORITHMIC_FUNCTION,DESCRIBED_AI_OR_ALGORITHMIC_FUNCTION,SINGLE,SINGLE
DEN210035,Genius Digital Diagnostics System with the Genius Cervical AI algorithm,Hologic Inc.,de_novo,2024-01-31,Pathology,DESCRIBED_AI_OR_ALGORITHMIC_FUNCTION,DESCRIBED_AI_OR_ALGORITHMIC_FUNCTION,SINGLE,SINGLE
DEN220024,ScanNav Anatomy Peripheral Nerve Block,Intelligent Ultrasound Limited,de_novo,2022-10-18,Anesthesiology,DESCRIBED_AI_OR_ALGORITHMIC_FUNCTION,DESCRIBED_AI_OR_ALGORITHMIC_FUNCTION,SINGLE,SINGLE
DEN220040,Fibresolve,"Imvaria, Inc",de_novo,2024-01-12,Radiology,DESCRIBED_AI_OR_ALGORITHMIC_FUNCTION,DESCRIBED_AI_OR_ALGORITHMIC_FUNCTION,SINGLE,SINGLE
DEN220063,Caption Interpretation Automated Ejection Fraction Software,"Caption Health, Inc",de_novo,2023-02-24,Radiology,DESCRIBED_AI_OR_ALGORITHMIC_FUNCTION,DESCRIBED_AI_OR_ALGORITHMIC_FUNCTION,SINGLE,SINGLE
DEN220066,BrainSee,"Darmiyan, Inc.",de_novo,2024-01-11,Neurology,DESCRIBED_AI_OR_ALGORITHMIC_FUNCTION,DESCRIBED_AI_OR_ALGORITHMIC_FUNCTION,SINGLE,SINGLE
DEN230003,Viz HCM,"Viz.ai, Inc.",de_novo,2023-08-03,Cardiovascular,DESCRIBED_AI_OR_ALGORITHMIC_FUNCTION,DESCRIBED_AI_OR_ALGORITHMIC_FUNCTION,SINGLE,SINGLE
DEN230008,DermaSensor,DermaSensor Inc.,de_novo,2024-01-12,General and Plastic Surgery,DESCRIBED_AI_OR_ALGORITHMIC_FUNCTION,DESCRIBED_AI_OR_ALGORITHMIC_FUNCTION,SINGLE,SINGLE
DEN230023,Rho,16 Bit Inc,de_novo,2024-04-09,Radiology,DESCRIBED_AI_OR_ALGORITHMIC_FUNCTION,DESCRIBED_AI_OR_ALGORITHMIC_FUNCTION,SINGLE,SINGLE
DEN230027,NaviCam ProScan,"Ankon Technologies co., ltd",de_novo,2023-12-12,Gastroenterology-Urology,DESCRIBED_AI_OR_ALGORITHMIC_FUNCTION,DESCRIBED_AI_OR_ALGORITHMIC_FUNCTION,MULTIPLE,MULTIPLE
DEN230035,DentalMonitoring,Dental Monitoring SAS,de_novo,2024-05-17,Dental,DESCRIBED_AI_OR_ALGORITHMIC_FUNCTION,DESCRIBED_AI_OR_ALGORITHMIC_FUNCTION,UNCERTAIN,UNCERTAIN
DEN230036,Sepsis ImmunoScore,"Prenosis, Inc.",de_novo,2024-04-02,General Hospital,DESCRIBED_AI_OR_ALGORITHMIC_FUNCTION,DESCRIBED_AI_OR_ALGORITHMIC_FUNCTION,SINGLE,SINGLE
DEN230041,Sleep Apnea Feature,"Samsung Electronics Co., Ltd",de_novo,2024-02-06,Anesthesiology,DESCRIBED_AI_OR_ALGORITHMIC_FUNCTION,DESCRIBED_AI_OR_ALGORITHMIC_FUNCTION,SINGLE,SINGLE
DEN230043,Notal Vision Home Optical Coherence Tomography (OCT) System,Notal Vision Inc,de_novo,2024-05-15,Ophthalmic,DESCRIBED_AI_OR_ALGORITHMIC_FUNCTION,DESCRIBED_AI_OR_ALGORITHMIC_FUNCTION,SINGLE,SINGLE
DEN240047,Allix5,"Clairity, Inc.",de_novo,2025-05-30,Radiology,DESCRIBED_AI_OR_ALGORITHMIC_FUNCTION,DESCRIBED_AI_OR_ALGORITHMIC_FUNCTION,SINGLE,SINGLE
DEN240068,ArteraAI Prostate,Artera Inc.,de_novo,2025-07-31,Pathology,DESCRIBED_AI_OR_ALGORITHMIC_FUNCTION,DESCRIBED_AI_OR_ALGORITHMIC_FUNCTION,SINGLE,SINGLE
DEN250007,Delivery Date AI,Ultrasound AI,de_novo,2026-02-11,Radiology,DESCRIBED_AI_OR_ALGORITHMIC_FUNCTION,DESCRIBED_AI_OR_ALGORITHMIC_FUNCTION,SINGLE,SINGLE
DEN250014,Tyto Insights for Eardrum Bulging Detection,"Tyto Care , Ltd.",de_novo,2026-03-17,Ear Nose & Throat,DESCRIBED_AI_OR_ALGORITHMIC_FUNCTION,DESCRIBED_AI_OR_ALGORITHMIC_FUNCTION,SINGLE,SINGLE
K003301,DIFFMASTER OCTAVIA AUTOMATIC HEMATOLOGY ANALYZER,CELLAVISION AB,510k,2001-03-15,Hematology,DESCRIBED_AI_OR_ALGORITHMIC_FUNCTION,DESCRIBED_AI_OR_ALGORITHMIC_FUNCTION,SINGLE,SINGLE
K033840,CELLAVISION DM96 AUTOMATIC HEMATOLOGY ANALYZER,CELLAVISION AB,510k,2004-02-10,Hematology,DESCRIBED_AI_OR_ALGORITHMIC_FUNCTION,DESCRIBED_AI_OR_ALGORITHMIC_FUNCTION,SINGLE,SINGLE
K043341,BIOPLEX 2200 ANA SCREEN WITH MEDICAL DECISION SUPPORT SOFTWARE FOR USE WITH BIOPLEX 2200 MULTI-ANALYTE DETECTION SYSTEM,"BIO-RAD LABORATORIES, INC.",510k,2005-10-27,Clinical Toxcicology,DESCRIBED_AI_OR_ALGORITHMIC_FUNCTION,DESCRIBED_AI_OR_ALGORITHMIC_FUNCTION,SINGLE,SINGLE
K080595,CELLAVISION DM96 WITH THE BODY FLUID APPLICATION,CELLAVISION AB,510k,2008-12-05,Hematology,DESCRIBED_AI_OR_ALGORITHMIC_FUNCTION,DESCRIBED_AI_OR_ALGORITHMIC_FUNCTION,SINGLE,SINGLE
K080762,"IB NEURO, VERSION 1.0","IMAGING BIOMETRICS, LLC",510k,2008-05-15,Radiology,DESCRIBED_AI_OR_ALGORITHMIC_FUNCTION,DESCRIBED_AI_OR_ALGORITHMIC_FUNCTION,SINGLE,SINGLE
K080896,PATHWORK DIAGNOSTICS TISSUE OF ORIGIN TEST,"PATHWORK DIAGNOSTICS, INC.",510k,2008-07-30,Clinical Toxcicology,DESCRIBED_AI_OR_ALGORITHMIC_FUNCTION,DESCRIBED_AI_OR_ALGORITHMIC_FUNCTION,SINGLE,SINGLE
K081140,VISENSIA,OBS MEDICAL,510k,2008-07-17,Cardiovascular,DESCRIBED_AI_OR_ALGORITHMIC_FUNCTION,DESCRIBED_AI_OR_ALGORITHMIC_FUNCTION,SINGLE,SINGLE
K082483,QUANTRA,"HOLOGIC, INC.",510k,2008-09-12,Radiology,DESCRIBED_AI_OR_ALGORITHMIC_FUNCTION,DESCRIBED_AI_OR_ALGORITHMIC_FUNCTION,SINGLE,SINGLE
K092116,EASYCELL CELL LOCATOR,MEDICA CORP.,510k,2010-05-12,Hematology,DESCRIBED_AI_OR_ALGORITHMIC_FUNCTION,DESCRIBED_AI_OR_ALGORITHMIC_FUNCTION,SINGLE,SINGLE
K092967,PATHWORK TISSUE OF ORIGIN TEST KIT-FFPE (ORIGIN TEST KIT-FFPE,PATHWORK DIAGNOSTICS,510k,2010-06-08,Clinical Toxcicology,DESCRIBED_AI_OR_ALGORITHMIC_FUNCTION,DESCRIBED_AI_OR_ALGORITHMIC_FUNCTION,SINGLE,SINGLE
K102778,CELLAVISION DM1200 WITH THE BODY FLUID APPLICTION,CELLAVISION AB,510k,2011-09-16,Hematology,DESCRIBED_AI_OR_ALGORITHMIC_FUNCTION,DESCRIBED_AI_OR_ALGORITHMIC_FUNCTION,SINGLE,SINGLE
K111776,DELTAVIEW MODEL 2.1,"RIVERAIN MEDICAL GROUP,LLC",510k,2011-12-28,Radiology,DESCRIBED_AI_OR_ALGORITHMIC_FUNCTION,DESCRIBED_AI_OR_ALGORITHMIC_FUNCTION,SINGLE,SINGLE
K120161,ALPHAPOINT IMAGING SOFTWARE,"RADLOGICS, INC.",510k,2012-04-13,Radiology,DESCRIBED_AI_OR_ALGORITHMIC_FUNCTION,DESCRIBED_AI_OR_ALGORITHMIC_FUNCTION,UNCERTAIN,UNCERTAIN
K120489,TISSUE OF ORIGIN TEST KIT FFPE,"PATHWORK DIAGNOSTICS, INC.",510k,2012-05-17,Clinical Toxcicology,DESCRIBED_AI_OR_ALGORITHMIC_FUNCTION,DESCRIBED_AI_OR_ALGORITHMIC_FUNCTION,SINGLE,SINGLE
K120771,UNICEL DXH 800 COULTER CELLULAR ANALYSIS SYSTEM,"BECKMAN COULTER, INC.",510k,2013-03-22,Hematology,DESCRIBED_AI_OR_ALGORITHMIC_FUNCTION,DESCRIBED_AI_OR_ALGORITHMIC_FUNCTION,MULTIPLE,MULTIPLE
K121617,SENSICARDIAC,DIACOUSTIC MEDICAL (PTY),510k,2012-07-27,Cardiovascular,DESCRIBED_AI_OR_ALGORITHMIC_FUNCTION,DESCRIBED_AI_OR_ALGORITHMIC_FUNCTION,SINGLE,SINGLE
K123526,CLEARREAD +CONFIRM,RIVERAIN TECHNOLOGIES,510k,2012-12-27,Radiology,DESCRIBED_AI_OR_ALGORITHMIC_FUNCTION,DESCRIBED_AI_OR_ALGORITHMIC_FUNCTION,SINGLE,SINGLE
K130831,MALDI BIOTYPER CA (MBT-CA) SYSTEM,"BRUKER DALTONICS, INC",510k,2013-11-21,Microbiology,DESCRIBED_AI_OR_ALGORITHMIC_FUNCTION,DESCRIBED_AI_OR_ALGORITHMIC_FUNCTION,SINGLE,SINGLE
K131044,SENSICARDIAC MOBI DIAGNOSTIC HEART MURMUR APPLICATION,DIACOUSTIC MEDICAL DEVICES (PTY) LTD.,510k,2013-09-04,Cardiovascular,DESCRIBED_AI_OR_ALGORITHMIC_FUNCTION,DESCRIBED_AI_OR_ALGORITHMIC_FUNCTION,SINGLE,SINGLE
K133259,YSIO MAX,"SIEMENS MEDICAL SOLUTIONS USA, INC.",510k,2014-01-24,Radiology,DESCRIBED_AI_OR_ALGORITHMIC_FUNCTION,DESCRIBED_AI_OR_ALGORITHMIC_FUNCTION,MULTIPLE,MULTIPLE
K133649,HEPATIC VCAR,GE MEDICAL SYSTEMS SCS,510k,2014-04-22,Radiology,DESCRIBED_AI_OR_ALGORITHMIC_FUNCTION,DESCRIBED_AI_OR_ALGORITHMIC_FUNCTION,SINGLE,SINGLE
K141069,Lung Density Analysis,IMBIO LLC,510k,2014-09-17,Radiology,DESCRIBED_AI_OR_ALGORITHMIC_FUNCTION,DESCRIBED_AI_OR_ALGORITHMIC_FUNCTION,SINGLE,SINGLE
K141480,CVI42,CIRCLE CARDIOVASCULAR IMAGING INC,510k,2014-08-22,Radiology,DESCRIBED_AI_OR_ALGORITHMIC_FUNCTION,DESCRIBED_AI_OR_ALGORITHMIC_FUNCTION,SINGLE,SINGLE
K141922,IRIS INTELLIGENT RETINAL IMAGING SYSTEM,"INTELLIGENT RETINAL IMAGING SYSTEMS, LLC",510k,2015-02-27,Radiology,DEVICE_FUNCTION_AI_ATTRIBUTION_UNRESOLVED,DEVICE_FUNCTION_AI_ATTRIBUTION_UNRESOLVED,UNCERTAIN,UNCERTAIN
K142037,QUANTRA,"HOLOGIC, INC.",510k,2014-10-10,Radiology,DESCRIBED_AI_OR_ALGORITHMIC_FUNCTION,DESCRIBED_AI_OR_ALGORITHMIC_FUNCTION,SINGLE,SINGLE
K142512,Personalized Physiology Analytics Engine software,"VGBio, Inc (DBA PhysIQ)",510k,2015-06-11,Cardiovascular,DESCRIBED_AI_OR_ALGORITHMIC_FUNCTION,DESCRIBED_AI_OR_ALGORITHMIC_FUNCTION,SINGLE,SINGLE
K142918,EndoTool SubQ,MONARCH MEDICAL TECHNOLOGIES,510k,2015-04-24,Anesthesiology,DESCRIBED_AI_OR_ALGORITHMIC_FUNCTION,DESCRIBED_AI_OR_ALGORITHMIC_FUNCTION,SINGLE,SINGLE
K143643,Brainscope Ahead 200,"BRAINSCOPE COMPANY, INC.",510k,2015-05-15,Neurology,DESCRIBED_AI_OR_ALGORITHMIC_FUNCTION,DESCRIBED_AI_OR_ALGORITHMIC_FUNCTION,MULTIPLE,MULTIPLE
K150102,SnoreSounds,"APPIAN MEDICAL, INC.",510k,2015-11-05,Anesthesiology,DEVICE_FUNCTION_AI_ATTRIBUTION_UNRESOLVED,DEVICE_FUNCTION_AI_ATTRIBUTION_UNRESOLVED,UNCERTAIN,UNCERTAIN
K150817,Dario Blood Glucose Monitoring System,LabStyle Innovations Ltd.,510k,2015-12-21,Clinical Chemistry,DEVICE_FUNCTION_AI_ATTRIBUTION_UNRESOLVED,DEVICE_FUNCTION_AI_ATTRIBUTION_UNRESOLVED,UNCERTAIN,UNCERTAIN
K152733,FFRct,"HEARTFLOW, INC.",510k,2016-01-13,Cardiovascular,DESCRIBED_AI_OR_ALGORITHMIC_FUNCTION,DESCRIBED_AI_OR_ALGORITHMIC_FUNCTION,SINGLE,SINGLE
K153351,Quantib Brain 1,QUANTIB BV,510k,2016-06-17,Radiology,DESCRIBED_AI_OR_ALGORITHMIC_FUNCTION,DESCRIBED_AI_OR_ALGORITHMIC_FUNCTION,SINGLE,SINGLE
K153427,Volpara Imaging Software,Matakina Technology LTD,510k,2016-01-07,Radiology,DESCRIBED_AI_OR_ALGORITHMIC_FUNCTION,DESCRIBED_AI_OR_ALGORITHMIC_FUNCTION,SINGLE,SINGLE
K160016,Steth IO,"STRATOSCIENTIFIC, INC.",510k,2016-07-15,Cardiovascular,DEVICE_FUNCTION_AI_ATTRIBUTION_UNRESOLVED,DEVICE_FUNCTION_AI_ATTRIBUTION_UNRESOLVED,UNCERTAIN,UNCERTAIN
K160088,Cydar EV,Cydar Ltd.,510k,2016-07-07,Radiology,DESCRIBED_AI_OR_ALGORITHMIC_FUNCTION,DESCRIBED_AI_OR_ALGORITHMIC_FUNCTION,SINGLE,SINGLE
K160338,Triton System,GAUSS SURGICAL INC.,510k,2016-08-05,General Hospital,DESCRIBED_AI_OR_ALGORITHMIC_FUNCTION,DESCRIBED_AI_OR_ALGORITHMIC_FUNCTION,SINGLE,SINGLE
K160401,Tyto Stethoscope,Tyto Care Ltd.,510k,2016-10-19,Cardiovascular,DEVICE_FUNCTION_AI_ATTRIBUTION_UNRESOLVED,DEVICE_FUNCTION_AI_ATTRIBUTION_UNRESOLVED,UNCERTAIN,UNCERTAIN
K161068,Ahead 300,BRAINSCOPE COMPANY INC,510k,2016-09-22,Neurology,DESCRIBED_AI_OR_ALGORITHMIC_FUNCTION,DESCRIBED_AI_OR_ALGORITHMIC_FUNCTION,MULTIPLE,MULTIPLE
K161148,icobrain,Icometrix,510k,2016-08-09,Radiology,DESCRIBED_AI_OR_ALGORITHMIC_FUNCTION,DESCRIBED_AI_OR_ALGORITHMIC_FUNCTION,MULTIPLE,MULTIPLE
K161201,ClearRead CT,"RIVERAIN TECHNOLOGIES, LLC",510k,2016-09-09,Radiology,DESCRIBED_AI_OR_ALGORITHMIC_FUNCTION,DESCRIBED_AI_OR_ALGORITHMIC_FUNCTION,SINGLE,SINGLE
K161322,CT CoPilot,"ZEPMED, LLC.",510k,2016-12-07,Radiology,DESCRIBED_AI_OR_ALGORITHMIC_FUNCTION,DESCRIBED_AI_OR_ALGORITHMIC_FUNCTION,MULTIPLE,MULTIPLE
K161382,LVivo Software Application,"DIACARDIO, LTD.",510k,2016-07-28,Radiology,DESCRIBED_AI_OR_ALGORITHMIC_FUNCTION,DESCRIBED_AI_OR_ALGORITHMIC_FUNCTION,SINGLE,SINGLE
K161625,PixelShine,ALGOMEDICA,510k,2016-09-19,Radiology,DESCRIBED_AI_OR_ALGORITHMIC_FUNCTION,DESCRIBED_AI_OR_ALGORITHMIC_FUNCTION,SINGLE,SINGLE
K161772,FFRct,"HEARTFLOW, INC.",510k,2016-08-24,Cardiovascular,DESCRIBED_AI_OR_ALGORITHMIC_FUNCTION,DESCRIBED_AI_OR_ALGORITHMIC_FUNCTION,SINGLE,SINGLE
K161834,One Drop Blood Glucose Monitoring System,"AgaMatrix, Inc.",510k,2016-11-30,Clinical Chemistry,DESCRIBED_AI_OR_ALGORITHMIC_FUNCTION,DESCRIBED_AI_OR_ALGORITHMIC_FUNCTION,SINGLE,SINGLE
K161959,ClearView cCAD,ClearView Diagnostics Inc.,510k,2016-12-28,Radiology,DESCRIBED_AI_OR_ALGORITHMIC_FUNCTION,DESCRIBED_AI_OR_ALGORITHMIC_FUNCTION,SINGLE,SINGLE
K162830,SIS Software,"Surgical Information Sciences, Inc.",510k,2017-02-14,Radiology,DESCRIBED_AI_OR_ALGORITHMIC_FUNCTION,DESCRIBED_AI_OR_ALGORITHMIC_FUNCTION,SINGLE,SINGLE
K162855,Reveal LINQ,"Medtronic, Inc.",510k,2017-02-23,Cardiovascular,DESCRIBED_AI_OR_ALGORITHMIC_FUNCTION,DESCRIBED_AI_OR_ALGORITHMIC_FUNCTION,SINGLE,SINGLE
K163013,Quantib Brain 1.2,Quantib BV,510k,2017-01-06,Radiology,DESCRIBED_AI_OR_ALGORITHMIC_FUNCTION,DESCRIBED_AI_OR_ALGORITHMIC_FUNCTION,SINGLE,SINGLE
K163138,Clarius Ultrasound System,Clarius Mobile Health Corp.,510k,2016-11-30,Radiology,DEVICE_FUNCTION_AI_ATTRIBUTION_UNRESOLVED,DEVICE_FUNCTION_AI_ATTRIBUTION_UNRESOLVED,UNCERTAIN,UNCERTAIN
K163253,Arterys Cardio DL,ARTERYS INC.,510k,2017-01-05,Radiology,DESCRIBED_AI_OR_ALGORITHMIC_FUNCTION,DESCRIBED_AI_OR_ALGORITHMIC_FUNCTION,SINGLE,SINGLE
K163339,SPECTRALMD DEEPVIEW WOUND IMAGING SYSTEM 2.0,"SPECTRALMD, INC.",510k,2017-08-17,Cardiovascular,DESCRIBED_AI_OR_ALGORITHMIC_FUNCTION,DESCRIBED_AI_OR_ALGORITHMIC_FUNCTION,SINGLE,SINGLE
K163622,Lung Vision,BODY VISION MEDICAL LTD.,510k,2017-05-11,Radiology,DESCRIBED_AI_OR_ALGORITHMIC_FUNCTION,DESCRIBED_AI_OR_ALGORITHMIC_FUNCTION,SINGLE,SINGLE
K163623,Quantra,"HOLOGIC, INC.",510k,2017-10-20,Radiology,DESCRIBED_AI_OR_ALGORITHMIC_FUNCTION,DESCRIBED_AI_OR_ALGORITHMIC_FUNCTION,SINGLE,SINGLE
K163665,MATRx plus,Zephyr Sleep Technologies,510k,2017-05-05,Anesthesiology,DESCRIBED_AI_OR_ALGORITHMIC_FUNCTION,DESCRIBED_AI_OR_ALGORITHMIC_FUNCTION,SINGLE,SINGLE
K163694,"Rooti Rx ECG Event Recorder, Rooti Link APP Software",Rooti Labs Ltd.,510k,2017-11-07,Cardiovascular,DEVICE_FUNCTION_AI_ATTRIBUTION_UNRESOLVED,DEVICE_FUNCTION_AI_ATTRIBUTION_UNRESOLVED,UNCERTAIN,UNCERTAIN
K170069,AmCAD-UV,AmCad BioMed Corporation,510k,2017-04-26,Radiology,DESCRIBED_AI_OR_ALGORITHMIC_FUNCTION,DESCRIBED_AI_OR_ALGORITHMIC_FUNCTION,SINGLE,SINGLE
K170172,UNiD Spine Analyzer,MEDICREA INTERNATIONAL,510k,2017-05-24,Radiology,DEVICE_FUNCTION_AI_ATTRIBUTION_UNRESOLVED,DEVICE_FUNCTION_AI_ATTRIBUTION_UNRESOLVED,UNCERTAIN,UNCERTAIN
K170250,SmartTarget,"SmartTarget, Ltd.",510k,2017-06-07,Radiology,DESCRIBED_AI_OR_ALGORITHMIC_FUNCTION,DESCRIBED_AI_OR_ALGORITHMIC_FUNCTION,SINGLE,SINGLE
K170540,DM-Density,"Densitas, Inc.",510k,2018-02-23,Radiology,DESCRIBED_AI_OR_ALGORITHMIC_FUNCTION,DESCRIBED_AI_OR_ALGORITHMIC_FUNCTION,SINGLE,SINGLE
K170568,CardioLogs ECG Analysis Platform,Cardiologs Technologies,510k,2017-06-26,Cardiovascular,DESCRIBED_AI_OR_ALGORITHMIC_FUNCTION,DESCRIBED_AI_OR_ALGORITHMIC_FUNCTION,SINGLE,SINGLE
K170747,syngo Application Software,"Siemens Medical Solutions, USA, Inc.",510k,2017-06-09,Radiology,DESCRIBED_AI_OR_ALGORITHMIC_FUNCTION,DESCRIBED_AI_OR_ALGORITHMIC_FUNCTION,SINGLE,SINGLE
K170981,NeuroQuant,"CorTechs Labs, Inc",510k,2017-09-07,Radiology,DESCRIBED_AI_OR_ALGORITHMIC_FUNCTION,DESCRIBED_AI_OR_ALGORITHMIC_FUNCTION,SINGLE,SINGLE
K171056,WAVE Clinical Platform,"Excel Medical Electronics, LLC",510k,2018-01-04,Cardiovascular,DEVICE_FUNCTION_AI_ATTRIBUTION_UNRESOLVED,DEVICE_FUNCTION_AI_ATTRIBUTION_UNRESOLVED,UNCERTAIN,UNCERTAIN
K171122,CEREC Ortho Software,Dentsply Sirona,510k,2018-01-11,Dental,DESCRIBED_AI_OR_ALGORITHMIC_FUNCTION,DESCRIBED_AI_OR_ALGORITHMIC_FUNCTION,SINGLE,SINGLE
K171315,Advanced RBC Application,Cella Vision AB,510k,2017-08-01,Hematology,DESCRIBED_AI_OR_ALGORITHMIC_FUNCTION,DESCRIBED_AI_OR_ALGORITHMIC_FUNCTION,SINGLE,SINGLE
K171328,cNeuro cMRI,Combinostics Oy,510k,2018-01-08,Radiology,DESCRIBED_AI_OR_ALGORITHMIC_FUNCTION,DESCRIBED_AI_OR_ALGORITHMIC_FUNCTION,SINGLE,SINGLE
K171936,Peerbridge Cor(TM) System,Peerbridge Health INc.,510k,2017-09-27,Cardiovascular,DESCRIBED_AI_OR_ALGORITHMIC_FUNCTION,DESCRIBED_AI_OR_ALGORITHMIC_FUNCTION,SINGLE,SINGLE
K172122,SOZO,ImpediMed Limited,510k,2017-08-11,Cardiovascular,DESCRIBED_AI_OR_ALGORITHMIC_FUNCTION,DESCRIBED_AI_OR_ALGORITHMIC_FUNCTION,SINGLE,SINGLE
K172356,BladderScan Prime PLUS System,Verathon Incorporated,510k,2017-09-15,Radiology,DESCRIBED_AI_OR_ALGORITHMIC_FUNCTION,DESCRIBED_AI_OR_ALGORITHMIC_FUNCTION,SINGLE,SINGLE
K172385,Clarius Ultrasound System,Clarius Mobile Health Corp.,510k,2017-09-14,Radiology,DEVICE_FUNCTION_AI_ATTRIBUTION_UNRESOLVED,DEVICE_FUNCTION_AI_ATTRIBUTION_UNRESOLVED,UNCERTAIN,UNCERTAIN
K172507,SOZO,ImpediMed Limited,510k,2017-12-22,Cardiovascular,DESCRIBED_AI_OR_ALGORITHMIC_FUNCTION,DESCRIBED_AI_OR_ALGORITHMIC_FUNCTION,SINGLE,SINGLE
K172803,Infinitt PACS 7.0,"Infinitt Healthcare Co.,Ltd.",510k,2017-10-27,Radiology,DEVICE_FUNCTION_AI_ATTRIBUTION_UNRESOLVED,DEVICE_FUNCTION_AI_ATTRIBUTION_UNRESOLVED,UNCERTAIN,UNCERTAIN
K172959,PeraServer and PeraTrend,"PeraHealth, Inc.",510k,2018-05-01,Cardiovascular,DESCRIBED_AI_OR_ALGORITHMIC_FUNCTION,DESCRIBED_AI_OR_ALGORITHMIC_FUNCTION,SINGLE,SINGLE
K172983,HealthCCS,Zebra Medical Vision Ltd.,510k,2018-06-13,Radiology,DESCRIBED_AI_OR_ALGORITHMIC_FUNCTION,DESCRIBED_AI_OR_ALGORITHMIC_FUNCTION,SINGLE,SINGLE
K173327,DIP/U.S. Urine Analysis Test System,Healthy.io Ltd,510k,2018-07-18,Clinical Chemistry,DESCRIBED_AI_OR_ALGORITHMIC_FUNCTION,DESCRIBED_AI_OR_ALGORITHMIC_FUNCTION,SINGLE,SINGLE
K173420,Radiomics App v1.0,Microsoft Corp.,510k,2017-12-27,Radiology,DESCRIBED_AI_OR_ALGORITHMIC_FUNCTION,DESCRIBED_AI_OR_ALGORITHMIC_FUNCTION,SINGLE,SINGLE
K173444,Quantitative Total Extensible Imaging (QTxI),"AIQ Solutions, Inc.",510k,2018-07-23,Radiology,DESCRIBED_AI_OR_ALGORITHMIC_FUNCTION,DESCRIBED_AI_OR_ALGORITHMIC_FUNCTION,SINGLE,SINGLE
K173542,Arterys Oncology DL,Arterys Inc.,510k,2018-01-25,Radiology,DESCRIBED_AI_OR_ALGORITHMIC_FUNCTION,DESCRIBED_AI_OR_ALGORITHMIC_FUNCTION,SINGLE,SINGLE
K173574,DenSeeMammo,Statlife,510k,2018-06-26,Radiology,DESCRIBED_AI_OR_ALGORITHMIC_FUNCTION,DESCRIBED_AI_OR_ALGORITHMIC_FUNCTION,SINGLE,SINGLE
K173588,Illumeo System,"Philips Medical Systems Technologies, Ltd.",510k,2018-01-12,Radiology,DEVICE_FUNCTION_AI_ATTRIBUTION_UNRESOLVED,DEVICE_FUNCTION_AI_ATTRIBUTION_UNRESOLVED,UNCERTAIN,UNCERTAIN
K173605,iQMR,Medic Vision - Imaging Solutions Ltd,510k,2018-03-08,Radiology,DESCRIBED_AI_OR_ALGORITHMIC_FUNCTION,DESCRIBED_AI_OR_ALGORITHMIC_FUNCTION,SINGLE,SINGLE
K173749,AMRA Profiler,AMRA Medical AB,510k,2018-12-06,Radiology,DEVICE_FUNCTION_AI_ATTRIBUTION_UNRESOLVED,DEVICE_FUNCTION_AI_ATTRIBUTION_UNRESOLVED,UNCERTAIN,UNCERTAIN
K173780,EchoMD Automated Ejection Fraction Software,"Bay Labs, Inc.",510k,2018-06-14,Radiology,DESCRIBED_AI_OR_ALGORITHMIC_FUNCTION,DESCRIBED_AI_OR_ALGORITHMIC_FUNCTION,SINGLE,SINGLE
K173810,Ventripoint Medical System Plus (VMS+),"Ventripoint Diagnostics, Ltd.",510k,2018-05-14,Radiology,DESCRIBED_AI_OR_ALGORITHMIC_FUNCTION,DESCRIBED_AI_OR_ALGORITHMIC_FUNCTION,SINGLE,SINGLE
K173821,LungQ Software,Thirona Corporation,510k,2018-06-05,Radiology,DESCRIBED_AI_OR_ALGORITHMIC_FUNCTION,DESCRIBED_AI_OR_ALGORITHMIC_FUNCTION,SINGLE,SINGLE
K173839,Tissue of Origin Test Kit-FFPE,"Cancer Genetics, Inc.",510k,2018-03-15,Clinical Toxcicology,DESCRIBED_AI_OR_ALGORITHMIC_FUNCTION,DESCRIBED_AI_OR_ALGORITHMIC_FUNCTION,SINGLE,SINGLE
K173872,FibriCheck,Qompium nv,510k,2018-09-28,Cardiovascular,DESCRIBED_AI_OR_ALGORITHMIC_FUNCTION,DESCRIBED_AI_OR_ALGORITHMIC_FUNCTION,SINGLE,SINGLE
K173939,Quantib Brain,Quantib BV,510k,2018-03-09,Radiology,DESCRIBED_AI_OR_ALGORITHMIC_FUNCTION,DESCRIBED_AI_OR_ALGORITHMIC_FUNCTION,MULTIPLE,MULTIPLE
K180038,NuVasive Pulse System,"NuVasive, Incorporated",510k,2018-06-29,Neurology,DEVICE_FUNCTION_AI_ATTRIBUTION_UNRESOLVED,DEVICE_FUNCTION_AI_ATTRIBUTION_UNRESOLVED,UNCERTAIN,UNCERTAIN
K180091,UNiD Spine Analyzer,Medicrea International,510k,2018-02-08,Radiology,DEVICE_FUNCTION_AI_ATTRIBUTION_UNRESOLVED,DEVICE_FUNCTION_AI_ATTRIBUTION_UNRESOLVED,UNCERTAIN,UNCERTAIN
K180126,SOZO,ImpediMed Limited,510k,2018-04-16,Cardiovascular,DESCRIBED_AI_OR_ALGORITHMIC_FUNCTION,DESCRIBED_AI_OR_ALGORITHMIC_FUNCTION,SINGLE,SINGLE
K180161,Viz CTP,"Viz.ai, Inc.",510k,2018-04-20,Radiology,DESCRIBED_AI_OR_ALGORITHMIC_FUNCTION,DESCRIBED_AI_OR_ALGORITHMIC_FUNCTION,SINGLE,SINGLE
K180163,TransEnterix Senhance Surgical System,"TransEnterix, Inc.",510k,2018-05-25,Gastroenterology-Urology,DEVICE_FUNCTION_AI_ATTRIBUTION_UNRESOLVED,DEVICE_FUNCTION_AI_ATTRIBUTION_UNRESOLVED,UNCERTAIN,UNCERTAIN
K180343,"LensHooke X1 Pro Semen Quality Analyzer, LensHooke X1 Semen Quality Analyzer","Bonraybio Co., Ltd.",510k,2018-11-16,Hematology,DESCRIBED_AI_OR_ALGORITHMIC_FUNCTION,DESCRIBED_AI_OR_ALGORITHMIC_FUNCTION,SINGLE,SINGLE
K180432,AI-ECG Platform,"Shenzhen Carewell Electronics., Ltd",510k,2018-11-19,Cardiovascular,DESCRIBED_AI_OR_ALGORITHMIC_FUNCTION,DESCRIBED_AI_OR_ALGORITHMIC_FUNCTION,SINGLE,SINGLE
K180589,DR 800 with MUSICA Dynamic,Agfa HealthCare N.V.,510k,2018-04-05,Radiology,DESCRIBED_AI_OR_ALGORITHMIC_FUNCTION,DESCRIBED_AI_OR_ALGORITHMIC_FUNCTION,SINGLE,SINGLE
K180599,Venue,"GE Medical Systems Ultrasound and Primary Care Diagnostics,",510k,2018-05-02,Radiology,DEVICE_FUNCTION_AI_ATTRIBUTION_UNRESOLVED,DEVICE_FUNCTION_AI_ATTRIBUTION_UNRESOLVED,UNCERTAIN,UNCERTAIN
K180647,BriefCase,"Aidoc Medical, Ltd.",510k,2018-08-01,Radiology,DESCRIBED_AI_OR_ALGORITHMIC_FUNCTION,DESCRIBED_AI_OR_ALGORITHMIC_FUNCTION,SINGLE,SINGLE
K180799,Clarius Ultrasound Scanner,Clarius Mobile Health Corp.,510k,2018-05-14,Radiology,DEVICE_FUNCTION_AI_ATTRIBUTION_UNRESOLVED,DEVICE_FUNCTION_AI_ATTRIBUTION_UNRESOLVED,UNCERTAIN,UNCERTAIN
K180867,AmCAD-UO,AmCad BioMed Corporation,510k,2018-12-28,Radiology,DESCRIBED_AI_OR_ALGORITHMIC_FUNCTION,DESCRIBED_AI_OR_ALGORITHMIC_FUNCTION,SINGLE,SINGLE
K181247,Vitrea CT Brain Perfusion,"Vital Images, Inc.",510k,2018-11-20,Radiology,DESCRIBED_AI_OR_ALGORITHMIC_FUNCTION,DESCRIBED_AI_OR_ALGORITHMIC_FUNCTION,SINGLE,SINGLE
K181288,Athelas One,Athelas Inc.,510k,2018-11-05,Hematology,DESCRIBED_AI_OR_ALGORITHMIC_FUNCTION,DESCRIBED_AI_OR_ALGORITHMIC_FUNCTION,SINGLE,SINGLE
K181352,Loop System,"Spry Health, Inc.",510k,2019-03-29,Cardiovascular,DESCRIBED_AI_OR_ALGORITHMIC_FUNCTION,DESCRIBED_AI_OR_ALGORITHMIC_FUNCTION,SINGLE,SINGLE
K181502,"Zio AT ECG Monitoring System, ZEUS System","iRhythm Technologies, Inc.",510k,2018-08-29,Cardiovascular,DESCRIBED_AI_OR_ALGORITHMIC_FUNCTION,DESCRIBED_AI_OR_ALGORITHMIC_FUNCTION,SINGLE,SINGLE
K181572,Workflow Box,Mirada Medical Ltd.,510k,2018-07-10,Radiology,DESCRIBED_AI_OR_ALGORITHMIC_FUNCTION,DESCRIBED_AI_OR_ALGORITHMIC_FUNCTION,SINGLE,SINGLE
K181574,Uscan,"EchoNous, Inc.",510k,2018-07-10,Radiology,DESCRIBED_AI_OR_ALGORITHMIC_FUNCTION,DESCRIBED_AI_OR_ALGORITHMIC_FUNCTION,SINGLE,SINGLE
K181685,"Vivid E80, Vivid E90, Vivid E95","GE Medical Systems Ultrasound and Primary Care Diagnostics,",510k,2018-10-25,Radiology,DESCRIBED_AI_OR_ALGORITHMIC_FUNCTION,DESCRIBED_AI_OR_ALGORITHMIC_FUNCTION,SINGLE,SINGLE
K181704,Transpara,ScreenPoint Medical BV,510k,2018-11-21,Radiology,DESCRIBED_AI_OR_ALGORITHMIC_FUNCTION,DESCRIBED_AI_OR_ALGORITHMIC_FUNCTION,SINGLE,SINGLE
K181771,RightEye Vision System,"RightEye, LLC",510k,2018-09-28,Neurology,DESCRIBED_AI_OR_ALGORITHMIC_FUNCTION,DESCRIBED_AI_OR_ALGORITHMIC_FUNCTION,SINGLE,SINGLE
K181823,KardiaAI,"AliveCor, Inc.",510k,2019-03-11,Cardiovascular,DESCRIBED_AI_OR_ALGORITHMIC_FUNCTION,DESCRIBED_AI_OR_ALGORITHMIC_FUNCTION,SINGLE,SINGLE
K181861,Embrace,Empatica Srl,510k,2018-12-20,Neurology,DESCRIBED_AI_OR_ALGORITHMIC_FUNCTION,DESCRIBED_AI_OR_ALGORITHMIC_FUNCTION,SINGLE,SINGLE
K181892,Ziostation2,"Ziosoft, Inc.",510k,2018-10-09,Radiology,DEVICE_FUNCTION_AI_ATTRIBUTION_UNRESOLVED,DEVICE_FUNCTION_AI_ATTRIBUTION_UNRESOLVED,UNCERTAIN,UNCERTAIN
K181916,d-Nav System,"Hygieia, Inc",510k,2019-02-04,Anesthesiology,DESCRIBED_AI_OR_ALGORITHMIC_FUNCTION,DESCRIBED_AI_OR_ALGORITHMIC_FUNCTION,SINGLE,SINGLE
K181939,icobrain,icometrix NV,510k,2018-11-06,Radiology,DESCRIBED_AI_OR_ALGORITHMIC_FUNCTION,DESCRIBED_AI_OR_ALGORITHMIC_FUNCTION,MULTIPLE,MULTIPLE
K181988,eMurmur ID,CSD Labs GmbH,510k,2019-04-17,Cardiovascular,DESCRIBED_AI_OR_ALGORITHMIC_FUNCTION,DESCRIBED_AI_OR_ALGORITHMIC_FUNCTION,SINGLE,SINGLE
K182034,Arterys MICA,Arterys Inc.,510k,2018-10-17,Radiology,DESCRIBED_AI_OR_ALGORITHMIC_FUNCTION,DESCRIBED_AI_OR_ALGORITHMIC_FUNCTION,MULTIPLE,MULTIPLE
K182035,FFRct,"HeartFlow, Inc",510k,2018-12-06,Cardiovascular,DESCRIBED_AI_OR_ALGORITHMIC_FUNCTION,DESCRIBED_AI_OR_ALGORITHMIC_FUNCTION,SINGLE,SINGLE
K182112,Sense System with IBT Electrodes,"Infinite Biomedical Technologies, LLC",510k,2018-10-05,Neurology,DESCRIBED_AI_OR_ALGORITHMIC_FUNCTION,DESCRIBED_AI_OR_ALGORITHMIC_FUNCTION,SINGLE,SINGLE
K182130,iSchemaView RAPID,"iSchemaView, Inc.",510k,2018-12-27,Radiology,DESCRIBED_AI_OR_ALGORITHMIC_FUNCTION,DESCRIBED_AI_OR_ALGORITHMIC_FUNCTION,MULTIPLE,MULTIPLE
K182149,FFRangio System,CathWorks Ltd,510k,2018-12-19,Cardiovascular,DESCRIBED_AI_OR_ALGORITHMIC_FUNCTION,DESCRIBED_AI_OR_ALGORITHMIC_FUNCTION,SINGLE,SINGLE
K182177,Accipiolx,MaxQ-Al Ltd.,510k,2018-10-26,Radiology,DESCRIBED_AI_OR_ALGORITHMIC_FUNCTION,DESCRIBED_AI_OR_ALGORITHMIC_FUNCTION,SINGLE,SINGLE
K182181,Persyst 14 EEG Review and Analysis Software,Persyst Development Corporation,510k,2018-11-29,Neurology,DESCRIBED_AI_OR_ALGORITHMIC_FUNCTION,DESCRIBED_AI_OR_ALGORITHMIC_FUNCTION,MULTIPLE,MULTIPLE
K182218,FerriSmart Analysis System,Resonance Health Analysis Services Pty Ltd,510k,2018-11-30,Radiology,DESCRIBED_AI_OR_ALGORITHMIC_FUNCTION,DESCRIBED_AI_OR_ALGORITHMIC_FUNCTION,SINGLE,SINGLE
K182310,Volpara Imaging Software,Volpara Health Technologies Limited,510k,2018-09-21,Radiology,DESCRIBED_AI_OR_ALGORITHMIC_FUNCTION,DESCRIBED_AI_OR_ALGORITHMIC_FUNCTION,SINGLE,SINGLE
K182336,SubtlePET,"Subtle Medical, Inc.",510k,2018-11-30,Radiology,DESCRIBED_AI_OR_ALGORITHMIC_FUNCTION,DESCRIBED_AI_OR_ALGORITHMIC_FUNCTION,SINGLE,SINGLE
K182344,RhythmAnalytics,Biofourmis Singapore Pte. Ltd.,510k,2019-03-07,Cardiovascular,DESCRIBED_AI_OR_ALGORITHMIC_FUNCTION,DESCRIBED_AI_OR_ALGORITHMIC_FUNCTION,SINGLE,SINGLE
K182373,PowerLook Tomo Detection V2 Software,iCAD Inc.,510k,2018-12-06,Radiology,DESCRIBED_AI_OR_ALGORITHMIC_FUNCTION,DESCRIBED_AI_OR_ALGORITHMIC_FUNCTION,SINGLE,SINGLE
K182384,ACR  LAB Urine Analysis Test System,Healthy.io Ltd,510k,2019-07-26,Clinical Chemistry,DESCRIBED_AI_OR_ALGORITHMIC_FUNCTION,DESCRIBED_AI_OR_ALGORITHMIC_FUNCTION,SINGLE,SINGLE
K182419,Centricity Universal Viewer,GE Healthcare,510k,2018-12-14,Radiology,DESCRIBED_AI_OR_ALGORITHMIC_FUNCTION,DESCRIBED_AI_OR_ALGORITHMIC_FUNCTION,SINGLE,SINGLE
K182456,Study Watch,Verily Life Sciences LLC,510k,2019-01-17,Cardiovascular,DEVICE_FUNCTION_AI_ATTRIBUTION_UNRESOLVED,DEVICE_FUNCTION_AI_ATTRIBUTION_UNRESOLVED,UNCERTAIN,UNCERTAIN
K182513,FluChip-8G Influenza A+B Assay,"InDevR, Inc.",510k,2019-04-22,Microbiology,DEVICE_FUNCTION_AI_ATTRIBUTION_UNRESOLVED,DESCRIBED_AI_OR_ALGORITHMIC_FUNCTION,UNCERTAIN,SINGLE
K182564,Quantib ND,Quantib BV,510k,2018-12-27,Radiology,DESCRIBED_AI_OR_ALGORITHMIC_FUNCTION,DESCRIBED_AI_OR_ALGORITHMIC_FUNCTION,SINGLE,SINGLE
K182616,"NvisionVLE Imaging System, NvisionVLE Optical Probe, NvisionVLE Inflation System","NinePoint Medical, Inc.",510k,2018-11-02,Radiology,DESCRIBED_AI_OR_ALGORITHMIC_FUNCTION,DESCRIBED_AI_OR_ALGORITHMIC_FUNCTION,SINGLE,SINGLE
K182790,Cardio-TriTest v6.5,Cardio-Phoenix Inc.,510k,2018-12-14,Cardiovascular,DEVICE_FUNCTION_AI_ATTRIBUTION_UNRESOLVED,DEVICE_FUNCTION_AI_ATTRIBUTION_UNRESOLVED,UNCERTAIN,UNCERTAIN
K182798,KIDScore D3,Vitrolife A/S,510k,2019-07-19,Obstetrics and Gynecology,DESCRIBED_AI_OR_ALGORITHMIC_FUNCTION,DESCRIBED_AI_OR_ALGORITHMIC_FUNCTION,SINGLE,SINGLE
K182875,DeepCT,Deep01 Limited,510k,2019-07-10,Radiology,DESCRIBED_AI_OR_ALGORITHMIC_FUNCTION,DESCRIBED_AI_OR_ALGORITHMIC_FUNCTION,SINGLE,SINGLE
K182901,Aquilion Precision (TSX-304A/1 and /2) V8.8 with AiCE,Canon Medical Systems Corporation,510k,2019-07-05,Radiology,DESCRIBED_AI_OR_ALGORITHMIC_FUNCTION,DESCRIBED_AI_OR_ALGORITHMIC_FUNCTION,SINGLE,SINGLE
K183012,vascuCAP,Elucid Bioimaging Inc.,510k,2018-12-21,Radiology,DESCRIBED_AI_OR_ALGORITHMIC_FUNCTION,DESCRIBED_AI_OR_ALGORITHMIC_FUNCTION,SINGLE,SINGLE
K183019,SIS Software version 3.3.0,"Surgical Information Sciences, Inc.",510k,2019-03-19,Radiology,DESCRIBED_AI_OR_ALGORITHMIC_FUNCTION,DESCRIBED_AI_OR_ALGORITHMIC_FUNCTION,SINGLE,SINGLE
K183046,Aquilion ONE (TSX-305A/6) V8.9 with AiCE,Canon Medical Systems Corporation,510k,2019-06-12,Radiology,DESCRIBED_AI_OR_ALGORITHMIC_FUNCTION,DESCRIBED_AI_OR_ALGORITHMIC_FUNCTION,SINGLE,SINGLE
K183089,Air Next,NuvoAir AB,510k,2020-01-02,Anesthesiology,DESCRIBED_AI_OR_ALGORITHMIC_FUNCTION,DESCRIBED_AI_OR_ALGORITHMIC_FUNCTION,SINGLE,SINGLE
K183133,MRCP+ v1.0,Perspectum Diagnostics Ltd,510k,2019-01-09,Radiology,DESCRIBED_AI_OR_ALGORITHMIC_FUNCTION,DESCRIBED_AI_OR_ALGORITHMIC_FUNCTION,SINGLE,SINGLE
K183182,Critical Care Suite,"GE Medical Systems, LLC.",510k,2019-08-12,Radiology,DESCRIBED_AI_OR_ALGORITHMIC_FUNCTION,DESCRIBED_AI_OR_ALGORITHMIC_FUNCTION,MULTIPLE,MULTIPLE
K183202,Deep Learning Image Reconstruction,"GE Medical Systems, LLC.",510k,2019-04-12,Radiology,DESCRIBED_AI_OR_ALGORITHMIC_FUNCTION,DESCRIBED_AI_OR_ALGORITHMIC_FUNCTION,SINGLE,SINGLE
K183204,Bone VCAR (BVCAR),GE Medical Systems SCS,510k,2019-04-08,Radiology,DESCRIBED_AI_OR_ALGORITHMIC_FUNCTION,DESCRIBED_AI_OR_ALGORITHMIC_FUNCTION,SINGLE,SINGLE
K183231,SIGNA Premier,"GE Medical Systems, LLC",510k,2019-01-18,Radiology,DESCRIBED_AI_OR_ALGORITHMIC_FUNCTION,DESCRIBED_AI_OR_ALGORITHMIC_FUNCTION,UNCERTAIN,UNCERTAIN
K183268,AI-Rad Companion (Cardiovascular),"Siemens Medical Solutions USA, Inc.",510k,2019-09-10,Radiology,DESCRIBED_AI_OR_ALGORITHMIC_FUNCTION,DESCRIBED_AI_OR_ALGORITHMIC_FUNCTION,SINGLE,SINGLE
K183271,AI-Rad Companion (Pulmonary),"Siemens Medical Solutions USA, Inc.",510k,2019-07-26,Radiology,DESCRIBED_AI_OR_ALGORITHMIC_FUNCTION,DESCRIBED_AI_OR_ALGORITHMIC_FUNCTION,SINGLE,SINGLE
K183272,AI Rad Companion (Engine),"Siemens Medical Solutions USA, Inc.",510k,2019-02-01,Radiology,DEVICE_FUNCTION_AI_ATTRIBUTION_UNRESOLVED,DEVICE_FUNCTION_AI_ATTRIBUTION_UNRESOLVED,UNCERTAIN,UNCERTAIN
K183274,"RTHawk, HeartVista Cardiac Package","HeartVista, Inc.",510k,2019-10-18,Radiology,DESCRIBED_AI_OR_ALGORITHMIC_FUNCTION,DESCRIBED_AI_OR_ALGORITHMIC_FUNCTION,MULTIPLE,MULTIPLE
K183282,Biovitals Analytics Engine,Biofourmis Singapore Pte. Ltd,510k,2019-08-15,Cardiovascular,DESCRIBED_AI_OR_ALGORITHMIC_FUNCTION,DESCRIBED_AI_OR_ALGORITHMIC_FUNCTION,SINGLE,SINGLE
K183285,cmTriage,"CureMetrix, Inc",510k,2019-03-08,Radiology,DESCRIBED_AI_OR_ALGORITHMIC_FUNCTION,DESCRIBED_AI_OR_ALGORITHMIC_FUNCTION,SINGLE,SINGLE
K183322,physIQ Heart Rhythm and Respiratory Module,"physIQ, Inc",510k,2019-07-10,Cardiovascular,DESCRIBED_AI_OR_ALGORITHMIC_FUNCTION,DESCRIBED_AI_OR_ALGORITHMIC_FUNCTION,MULTIPLE,MULTIPLE
K183370,PeraMobile and PeraWatch,"PeraHealth, Inc.",510k,2019-09-11,Cardiovascular,DEVICE_FUNCTION_AI_ATTRIBUTION_UNRESOLVED,DEVICE_FUNCTION_AI_ATTRIBUTION_UNRESOLVED,UNCERTAIN,UNCERTAIN
K183460,ClariCT.AI,ClariPI Inc.,510k,2019-06-13,Radiology,DESCRIBED_AI_OR_ALGORITHMIC_FUNCTION,DESCRIBED_AI_OR_ALGORITHMIC_FUNCTION,SINGLE,SINGLE
K183489,D2P,"3D Systems, Inc.",510k,2019-08-29,Radiology,DESCRIBED_AI_OR_ALGORITHMIC_FUNCTION,DESCRIBED_AI_OR_ALGORITHMIC_FUNCTION,SINGLE,SINGLE
K183593,Lung Vision System,Body Vision Medical Ltd.,510k,2019-04-18,Radiology,DESCRIBED_AI_OR_ALGORITHMIC_FUNCTION,DESCRIBED_AI_OR_ALGORITHMIC_FUNCTION,SINGLE,SINGLE
K183646,"Acumen Hypotension Prediction Index  EV1000 Clinical Platform, Acumen Hypotension Prediction Index  HemoSphere Advanced Monitoring Platform, Acumen Hypotension Prediction Index  HemoSphere Advanced Monitoring Platform - Pressure","Edwards Lifeciences, LLC",510k,2019-05-21,Cardiovascular,DESCRIBED_AI_OR_ALGORITHMIC_FUNCTION,DESCRIBED_AI_OR_ALGORITHMIC_FUNCTION,SINGLE,SINGLE
K183648,APAS Independence with Urine Analysis Module,Clever Culture Systems AG,510k,2019-05-15,Microbiology,DESCRIBED_AI_OR_ALGORITHMIC_FUNCTION,DESCRIBED_AI_OR_ALGORITHMIC_FUNCTION,SINGLE,SINGLE
K183704,RX-1 Rhythm Express Remote Cardiac Monitoring System,VivaQuant Inc.,510k,2019-02-16,Cardiovascular,DESCRIBED_AI_OR_ALGORITHMIC_FUNCTION,DESCRIBED_AI_OR_ALGORITHMIC_FUNCTION,SINGLE,SINGLE
K190013,WellDoc BlueStar,"WellDoc, Inc.",510k,2019-11-04,General Hospital,DESCRIBED_AI_OR_ALGORITHMIC_FUNCTION,DEVICE_FUNCTION_AI_ATTRIBUTION_UNRESOLVED,MULTIPLE,UNCERTAIN
K190017,LiverMultiScan (LMSv3),Perspectum Diagnostics Ltd,510k,2019-06-27,Radiology,DESCRIBED_AI_OR_ALGORITHMIC_FUNCTION,DESCRIBED_AI_OR_ALGORITHMIC_FUNCTION,SINGLE,SINGLE
K190072,BriefCase,"Aidoc Medical, Ltd.",510k,2019-04-15,Radiology,DESCRIBED_AI_OR_ALGORITHMIC_FUNCTION,DESCRIBED_AI_OR_ALGORITHMIC_FUNCTION,SINGLE,SINGLE
K190334,MIMOSA Imager,MIMOSA Diagnostics Inc,510k,2019-11-01,Cardiovascular,DESCRIBED_AI_OR_ALGORITHMIC_FUNCTION,DESCRIBED_AI_OR_ALGORITHMIC_FUNCTION,SINGLE,SINGLE
K190362,HealthPNX,Zebra Medical Vision  Ltd.,510k,2019-05-06,Radiology,DESCRIBED_AI_OR_ALGORITHMIC_FUNCTION,DESCRIBED_AI_OR_ALGORITHMIC_FUNCTION,SINGLE,SINGLE
K190387,RayStation,RaySearch Laboratories AB (publ),510k,2019-06-19,Radiology,DESCRIBED_AI_OR_ALGORITHMIC_FUNCTION,DESCRIBED_AI_OR_ALGORITHMIC_FUNCTION,MULTIPLE,MULTIPLE
K190424,HealthICH,Zebra Medical Vision Ltd.,510k,2019-06-13,Radiology,DESCRIBED_AI_OR_ALGORITHMIC_FUNCTION,DESCRIBED_AI_OR_ALGORITHMIC_FUNCTION,SINGLE,SINGLE
K190442,Koios DS for Breast,"Koios Medical, Inc.",510k,2019-07-03,Radiology,DESCRIBED_AI_OR_ALGORITHMIC_FUNCTION,DESCRIBED_AI_OR_ALGORITHMIC_FUNCTION,SINGLE,SINGLE
K190529,SOZO,ImpediMed Limited,510k,2019-11-25,Cardiovascular,DESCRIBED_AI_OR_ALGORITHMIC_FUNCTION,DESCRIBED_AI_OR_ALGORITHMIC_FUNCTION,SINGLE,SINGLE
K190593,"Zio XT ECG Monitoring System, Zio AT ECG Monitoring System","iRhythm Technologies, Inc.",510k,2019-08-23,Cardiovascular,DESCRIBED_AI_OR_ALGORITHMIC_FUNCTION,DESCRIBED_AI_OR_ALGORITHMIC_FUNCTION,SINGLE,SINGLE
K190764,SurgicalAR,"MEDIVIS, Inc.",510k,2019-05-13,Radiology,DEVICE_FUNCTION_AI_ATTRIBUTION_UNRESOLVED,DEVICE_FUNCTION_AI_ATTRIBUTION_UNRESOLVED,UNCERTAIN,UNCERTAIN
K190815,BrainScope TBI,"BrainScope Company, Inc.",510k,2019-09-11,Neurology,DESCRIBED_AI_OR_ALGORITHMIC_FUNCTION,DESCRIBED_AI_OR_ALGORITHMIC_FUNCTION,MULTIPLE,MULTIPLE
K190868,Cleerly Labs,Cleerly Inc,510k,2019-11-05,Radiology,DESCRIBED_AI_OR_ALGORITHMIC_FUNCTION,DESCRIBED_AI_OR_ALGORITHMIC_FUNCTION,SINGLE,SINGLE
K190896,BriefCase,"Aidoc Medical, Ltd.",510k,2019-05-31,Radiology,DESCRIBED_AI_OR_ALGORITHMIC_FUNCTION,DESCRIBED_AI_OR_ALGORITHMIC_FUNCTION,SINGLE,SINGLE
K190898,Sight OLO,Sight Diagnostics Ltd.,510k,2019-11-01,Hematology,DESCRIBED_AI_OR_ALGORITHMIC_FUNCTION,DESCRIBED_AI_OR_ALGORITHMIC_FUNCTION,SINGLE,SINGLE
K190925,HeartFlow FFRct Analysis,"HeartFlow, Inc.",510k,2019-08-15,Cardiovascular,DESCRIBED_AI_OR_ALGORITHMIC_FUNCTION,DESCRIBED_AI_OR_ALGORITHMIC_FUNCTION,MULTIPLE,MULTIPLE
K191026,MEDIP PRO,"MEDICALIP Co., Ltd",510k,2019-11-07,Radiology,DESCRIBED_AI_OR_ALGORITHMIC_FUNCTION,DESCRIBED_AI_OR_ALGORITHMIC_FUNCTION,SINGLE,SINGLE
K191083,COMPLETE CONTROL System Gen2,"Coapt, LLC",510k,2019-05-24,Neurology,DESCRIBED_AI_OR_ALGORITHMIC_FUNCTION,DESCRIBED_AI_OR_ALGORITHMIC_FUNCTION,SINGLE,SINGLE
K191125,ADAS 3D,Galgo Medical S.L,510k,2020-01-15,Radiology,DESCRIBED_AI_OR_ALGORITHMIC_FUNCTION,DESCRIBED_AI_OR_ALGORITHMIC_FUNCTION,SINGLE,SINGLE
K191171,EchoGo Core,Ultromics Ltd,510k,2019-11-13,Radiology,DESCRIBED_AI_OR_ALGORITHMIC_FUNCTION,DESCRIBED_AI_OR_ALGORITHMIC_FUNCTION,SINGLE,SINGLE
K191179,Myo Plus,Otto Bock Healthcare Products GmbH,510k,2019-09-04,Neurology,DESCRIBED_AI_OR_ALGORITHMIC_FUNCTION,DESCRIBED_AI_OR_ALGORITHMIC_FUNCTION,SINGLE,SINGLE
K191183,EyeBOX,"Oculogica, Inc.",510k,2019-07-31,Neurology,DESCRIBED_AI_OR_ALGORITHMIC_FUNCTION,DESCRIBED_AI_OR_ALGORITHMIC_FUNCTION,SINGLE,SINGLE
K191194,CLARUS,"Carl Zeiss Meditec, Inc",510k,2019-06-25,Ophthalmic,DESCRIBED_AI_OR_ALGORITHMIC_FUNCTION,DESCRIBED_AI_OR_ALGORITHMIC_FUNCTION,SINGLE,SINGLE
K191262,aBSI,EXINI Diagnostics AB,510k,2019-08-05,Radiology,DESCRIBED_AI_OR_ALGORITHMIC_FUNCTION,DESCRIBED_AI_OR_ALGORITHMIC_FUNCTION,SINGLE,SINGLE
K191278,RSI-MRI+,MultiModal Imaging Services Corporation (dba HealthLytix),510k,2019-11-19,Radiology,DESCRIBED_AI_OR_ALGORITHMIC_FUNCTION,DESCRIBED_AI_OR_ALGORITHMIC_FUNCTION,MULTIPLE,MULTIPLE
K191370,DreaMed Advisor Pro,DreaMed Diabetes Ltd,510k,2019-07-18,Clinical Chemistry,DESCRIBED_AI_OR_ALGORITHMIC_FUNCTION,DESCRIBED_AI_OR_ALGORITHMIC_FUNCTION,SINGLE,SINGLE
K191384,RayCare 2.3,RaySearch Laboratories AB (publ),510k,2019-07-08,Radiology,DEVICE_FUNCTION_AI_ATTRIBUTION_UNRESOLVED,DEVICE_FUNCTION_AI_ATTRIBUTION_UNRESOLVED,UNCERTAIN,UNCERTAIN
K191493,Ventripoint Medical System Plus (VMS+) 3.0,"Ventripoint Diagnostics, Ltd.",510k,2019-10-16,Radiology,DESCRIBED_AI_OR_ALGORITHMIC_FUNCTION,DESCRIBED_AI_OR_ALGORITHMIC_FUNCTION,SINGLE,SINGLE
K191550,Broncholab,Fluidda Inc.,510k,2020-03-04,Radiology,DESCRIBED_AI_OR_ALGORITHMIC_FUNCTION,DESCRIBED_AI_OR_ALGORITHMIC_FUNCTION,SINGLE,SINGLE
K191556,Red Dot,Behold.AI Technologies Limited,510k,2020-02-28,Radiology,DESCRIBED_AI_OR_ALGORITHMIC_FUNCTION,DESCRIBED_AI_OR_ALGORITHMIC_FUNCTION,SINGLE,SINGLE
K191585,iNtuition-Structural Heart Module,TeraRecon Inc.,510k,2019-07-12,Radiology,DESCRIBED_AI_OR_ALGORITHMIC_FUNCTION,DESCRIBED_AI_OR_ALGORITHMIC_FUNCTION,MULTIPLE,MULTIPLE
K191647,QLAB Advanced Quantification Software,Philips Healthcare,510k,2019-12-20,Radiology,DESCRIBED_AI_OR_ALGORITHMIC_FUNCTION,DESCRIBED_AI_OR_ALGORITHMIC_FUNCTION,SINGLE,SINGLE
K191688,SubtleMR,"Subtle Medical, Inc.",510k,2019-09-16,Radiology,DESCRIBED_AI_OR_ALGORITHMIC_FUNCTION,DESCRIBED_AI_OR_ALGORITHMIC_FUNCTION,SINGLE,SINGLE
K191713,CS-series-FP Radiographic / Fluoroscopic Systems with Optional CA-100S / FluoroShield (ROI Assembly),"Omega Medical Imaging, LLC",510k,2019-10-04,Radiology,DESCRIBED_AI_OR_ALGORITHMIC_FUNCTION,DESCRIBED_AI_OR_ALGORITHMIC_FUNCTION,SINGLE,SINGLE
K191928,AccuContour,Xiamen Manteia Technology LTD.,510k,2020-02-28,Radiology,DESCRIBED_AI_OR_ALGORITHMIC_FUNCTION,DESCRIBED_AI_OR_ALGORITHMIC_FUNCTION,MULTIPLE,MULTIPLE
K191994,ProFound AI Software V2.1,iCAD Inc.,510k,2019-10-04,Radiology,DESCRIBED_AI_OR_ALGORITHMIC_FUNCTION,DESCRIBED_AI_OR_ALGORITHMIC_FUNCTION,SINGLE,SINGLE
K192004,Eko Analysis Software,Eko Devices Inc,510k,2020-01-15,Cardiovascular,DESCRIBED_AI_OR_ALGORITHMIC_FUNCTION,DESCRIBED_AI_OR_ALGORITHMIC_FUNCTION,MULTIPLE,MULTIPLE
K192051,THINQ,CorticoMetrics LLC,510k,2020-09-30,Radiology,DESCRIBED_AI_OR_ALGORITHMIC_FUNCTION,DESCRIBED_AI_OR_ALGORITHMIC_FUNCTION,SINGLE,SINGLE
K192065,Syngo.Via RT Image Suite,"Siemens Medical Solutions USA, Inc.",510k,2019-09-18,Radiology,DESCRIBED_AI_OR_ALGORITHMIC_FUNCTION,DESCRIBED_AI_OR_ALGORITHMIC_FUNCTION,MULTIPLE,MULTIPLE
K192107,Clarius Ultrasound Scanner,Clarius Mobile Health Corp.,510k,2019-08-29,Radiology,DEVICE_FUNCTION_AI_ATTRIBUTION_UNRESOLVED,DEVICE_FUNCTION_AI_ATTRIBUTION_UNRESOLVED,UNCERTAIN,UNCERTAIN
K192109,KOALA,IB Lab GmbH,510k,2019-11-05,Radiology,DESCRIBED_AI_OR_ALGORITHMIC_FUNCTION,DESCRIBED_AI_OR_ALGORITHMIC_FUNCTION,SINGLE,SINGLE
K192130,Icobrain,Icometrix NV,510k,2019-12-13,Radiology,DESCRIBED_AI_OR_ALGORITHMIC_FUNCTION,DESCRIBED_AI_OR_ALGORITHMIC_FUNCTION,SINGLE,SINGLE
K192167,CuraRad-ICH,CuraCloud Corp.,510k,2020-04-13,Radiology,DESCRIBED_AI_OR_ALGORITHMIC_FUNCTION,DESCRIBED_AI_OR_ALGORITHMIC_FUNCTION,SINGLE,SINGLE
K192279,PhantomMSK Trauma,OrthoGrid Systems Inc.,510k,2019-12-07,Radiology,DESCRIBED_AI_OR_ALGORITHMIC_FUNCTION,DESCRIBED_AI_OR_ALGORITHMIC_FUNCTION,SINGLE,SINGLE
K192287,Transpara,Screenpoint Medical B.V.,510k,2019-12-10,Radiology,DESCRIBED_AI_OR_ALGORITHMIC_FUNCTION,DESCRIBED_AI_OR_ALGORITHMIC_FUNCTION,SINGLE,SINGLE
K192304,SIS Software Version 3.6.0,"Surgical Information Sciences, Inc.",510k,2019-09-13,Radiology,DESCRIBED_AI_OR_ALGORITHMIC_FUNCTION,DESCRIBED_AI_OR_ALGORITHMIC_FUNCTION,SINGLE,SINGLE
K192320,HealthCXR,"Zebra Medical Vision, Ltd.",510k,2019-11-26,Radiology,DESCRIBED_AI_OR_ALGORITHMIC_FUNCTION,DESCRIBED_AI_OR_ALGORITHMIC_FUNCTION,SINGLE,SINGLE
K192377,"Ethos Treatment Management, Ethos Treatment Planning, Ethos Radiotherapy System, Halcyon","Varian Medical Systems, Inc.",510k,2020-02-10,Radiology,DEVICE_FUNCTION_AI_ATTRIBUTION_UNRESOLVED,DEVICE_FUNCTION_AI_ATTRIBUTION_UNRESOLVED,UNCERTAIN,UNCERTAIN
K192383,BriefCase,"Aidoc Medical, Ltd.",510k,2019-12-20,Radiology,DESCRIBED_AI_OR_ALGORITHMIC_FUNCTION,DESCRIBED_AI_OR_ALGORITHMIC_FUNCTION,SINGLE,SINGLE
K192388,SonoVision Ultrasound Imaging System,"Tissue Differentiation Intelligence, LLC",510k,2020-03-12,Radiology,DEVICE_FUNCTION_AI_ATTRIBUTION_UNRESOLVED,DEVICE_FUNCTION_AI_ATTRIBUTION_UNRESOLVED,UNCERTAIN,UNCERTAIN
K192415,Study Watch with Irregular Pulse Monitor,Verily Life Sciences LLC,510k,2020-01-17,Cardiovascular,DESCRIBED_AI_OR_ALGORITHMIC_FUNCTION,DESCRIBED_AI_OR_ALGORITHMIC_FUNCTION,SINGLE,SINGLE
K192437,Arterys MICA,Arterys Inc.,510k,2020-03-25,Radiology,DESCRIBED_AI_OR_ALGORITHMIC_FUNCTION,DESCRIBED_AI_OR_ALGORITHMIC_FUNCTION,MULTIPLE,MULTIPLE
K192442,FFRangio,CathWorks Ltd,510k,2019-12-09,Cardiovascular,DESCRIBED_AI_OR_ALGORITHMIC_FUNCTION,DESCRIBED_AI_OR_ALGORITHMIC_FUNCTION,SINGLE,SINGLE
K192455,Merge PACS,Merge Healthcare Incorporated,510k,2019-10-17,Radiology,DEVICE_FUNCTION_AI_ATTRIBUTION_UNRESOLVED,DEVICE_FUNCTION_AI_ATTRIBUTION_UNRESOLVED,UNCERTAIN,UNCERTAIN
K192531,QyScore Software,Qynapse,510k,2019-12-13,Radiology,DESCRIBED_AI_OR_ALGORITHMIC_FUNCTION,DESCRIBED_AI_OR_ALGORITHMIC_FUNCTION,SINGLE,SINGLE
K192571,NemoScan,Software Nemotec S.L.,510k,2019-12-11,Radiology,DEVICE_FUNCTION_AI_ATTRIBUTION_UNRESOLVED,DEVICE_FUNCTION_AI_ATTRIBUTION_UNRESOLVED,UNCERTAIN,UNCERTAIN
K192574,"Vantage Galan 3T, MRT-3020, V6.0 with AiCE Reconstruction Processing Unit for MR",Canon Medical Systems Corporation,510k,2020-03-09,Radiology,DESCRIBED_AI_OR_ALGORITHMIC_FUNCTION,DESCRIBED_AI_OR_ALGORITHMIC_FUNCTION,SINGLE,SINGLE
K192601,uWS-MR,"Shanghai United Imaging Healthcare Co., Ltd",510k,2020-06-01,Radiology,DEVICE_FUNCTION_AI_ATTRIBUTION_UNRESOLVED,DEVICE_FUNCTION_AI_ATTRIBUTION_UNRESOLVED,UNCERTAIN,UNCERTAIN
K192665,"Accelerate Pheno System, Accelerate PhenoTest BC Kit","Accelerate Diagnostics, Inc.",510k,2020-09-15,Microbiology,DESCRIBED_AI_OR_ALGORITHMIC_FUNCTION,DESCRIBED_AI_OR_ALGORITHMIC_FUNCTION,UNCERTAIN,UNCERTAIN
K192732,BodyGuardian Remote Monitoring System,"Preventice Technologies, Inc.",510k,2020-03-26,Cardiovascular,DEVICE_FUNCTION_AI_ATTRIBUTION_UNRESOLVED,DEVICE_FUNCTION_AI_ATTRIBUTION_UNRESOLVED,UNCERTAIN,UNCERTAIN
K192763,syngo.CT CaScoring,"Siemens Medical Solutions USA, Inc.",510k,2019-12-17,Radiology,DESCRIBED_AI_OR_ALGORITHMIC_FUNCTION,DESCRIBED_AI_OR_ALGORITHMIC_FUNCTION,SINGLE,SINGLE
K192828,Aquilion ONE (TSX-306A/3) V10.0 with Spectral Imaging System,Canon Medical Systems Corporation,510k,2020-02-13,Radiology,DESCRIBED_AI_OR_ALGORITHMIC_FUNCTION,DESCRIBED_AI_OR_ALGORITHMIC_FUNCTION,SINGLE,SINGLE
K192832,Aquilion Prime SP (TSX-303B8) V10.2 with AiCE-i,Canon Medical Systems Corporation,510k,2020-02-21,Radiology,DESCRIBED_AI_OR_ALGORITHMIC_FUNCTION,DESCRIBED_AI_OR_ALGORITHMIC_FUNCTION,SINGLE,SINGLE
K192854,MammoScreen,Therapixel,510k,2020-03-25,Radiology,DESCRIBED_AI_OR_ALGORITHMIC_FUNCTION,DESCRIBED_AI_OR_ALGORITHMIC_FUNCTION,SINGLE,SINGLE
K192880,InferRead Lung CT.AI,"Beijing Infervision Technology Co.,Ltd.",510k,2020-07-02,Radiology,DESCRIBED_AI_OR_ALGORITHMIC_FUNCTION,DESCRIBED_AI_OR_ALGORITHMIC_FUNCTION,SINGLE,SINGLE
K192901,HealthVCF,Zebra Medical Vision Ltd.,510k,2020-05-12,Radiology,DESCRIBED_AI_OR_ALGORITHMIC_FUNCTION,DESCRIBED_AI_OR_ALGORITHMIC_FUNCTION,SINGLE,SINGLE
K192945,7D Surgical System Cranial Biopsy and Ventricular Catheter Placement Application,7D Surgical Inc.,510k,2019-11-27,Neurology,DESCRIBED_AI_OR_ALGORITHMIC_FUNCTION,DESCRIBED_AI_OR_ALGORITHMIC_FUNCTION,SINGLE,SINGLE
K192956,Auto Positioning,"GE Hangwei Medical Systems, Co., Ltd.",510k,2020-01-16,Radiology,DESCRIBED_AI_OR_ALGORITHMIC_FUNCTION,DESCRIBED_AI_OR_ALGORITHMIC_FUNCTION,SINGLE,SINGLE
K192962,icobrain-ctp,Icometrix NV,510k,2020-02-28,Radiology,DESCRIBED_AI_OR_ALGORITHMIC_FUNCTION,DESCRIBED_AI_OR_ALGORITHMIC_FUNCTION,SINGLE,SINGLE
K192969,Ezra Plexo Software,Ezra AI Inc.,510k,2020-07-10,Radiology,DESCRIBED_AI_OR_ALGORITHMIC_FUNCTION,DESCRIBED_AI_OR_ALGORITHMIC_FUNCTION,SINGLE,SINGLE
K192973,densitas densityai,"Densitas, Inc.",510k,2020-02-19,Radiology,DESCRIBED_AI_OR_ALGORITHMIC_FUNCTION,DESCRIBED_AI_OR_ALGORITHMIC_FUNCTION,SINGLE,SINGLE
K193073,Deep Recon,"Shanghai United Imaging Healthcare Co., Ltd.",510k,2020-07-06,Radiology,DESCRIBED_AI_OR_ALGORITHMIC_FUNCTION,DESCRIBED_AI_OR_ALGORITHMIC_FUNCTION,SINGLE,SINGLE
K193087,Rapid ICH,iSchemaView Incorporated,510k,2020-03-31,Radiology,DESCRIBED_AI_OR_ALGORITHMIC_FUNCTION,DESCRIBED_AI_OR_ALGORITHMIC_FUNCTION,SINGLE,SINGLE
K193097,"Vantage Orian 1.5T, MRT-1550, V6.0 with AiCE Reconstruction Processing Unit for MR",Canon Medical Systems Corporation,510k,2020-07-14,Radiology,DESCRIBED_AI_OR_ALGORITHMIC_FUNCTION,DESCRIBED_AI_OR_ALGORITHMIC_FUNCTION,SINGLE,SINGLE
K193109,MRCAT brain,Philips Medical Systems MR Finland,510k,2020-01-24,Radiology,DESCRIBED_AI_OR_ALGORITHMIC_FUNCTION,DESCRIBED_AI_OR_ALGORITHMIC_FUNCTION,SINGLE,SINGLE
K193170,Deep Learning Image Reconstruction,GE Healthcare Japan Corporation,510k,2019-12-13,Radiology,DESCRIBED_AI_OR_ALGORITHMIC_FUNCTION,DESCRIBED_AI_OR_ALGORITHMIC_FUNCTION,SINGLE,SINGLE
K193176,uMR 780,"Shanghai United Imaging Healthcare Co., Ltd",510k,2020-05-05,Radiology,DESCRIBED_AI_OR_ALGORITHMIC_FUNCTION,DESCRIBED_AI_OR_ALGORITHMIC_FUNCTION,SINGLE,SINGLE
K193178,Biograph Horizon,"Siemens Medical Solution USA, Inc.",510k,2020-02-12,Radiology,DESCRIBED_AI_OR_ALGORITHMIC_FUNCTION,DESCRIBED_AI_OR_ALGORITHMIC_FUNCTION,MULTIPLE,MULTIPLE
K193210,HYPER DLR,"Shanghai United Imaging Healthcare Co., Ltd.",510k,2020-08-04,Radiology,DESCRIBED_AI_OR_ALGORITHMIC_FUNCTION,DESCRIBED_AI_OR_ALGORITHMIC_FUNCTION,SINGLE,SINGLE
K193216,syngo.CT Lung CAD,"Siemens Medical Solutions, Inc",510k,2020-03-09,Radiology,DESCRIBED_AI_OR_ALGORITHMIC_FUNCTION,DESCRIBED_AI_OR_ALGORITHMIC_FUNCTION,SINGLE,SINGLE
K193220,AVIEW LCS,"Coreline Soft Co., Ltd",510k,2020-05-05,Radiology,DESCRIBED_AI_OR_ALGORITHMIC_FUNCTION,DESCRIBED_AI_OR_ALGORITHMIC_FUNCTION,MULTIPLE,MULTIPLE
K193229,Transpara,ScreenPoint Medical B.V.,510k,2020-03-05,Radiology,DESCRIBED_AI_OR_ALGORITHMIC_FUNCTION,DESCRIBED_AI_OR_ALGORITHMIC_FUNCTION,SINGLE,SINGLE
K193248,"Biograph Vision, Biograph mCT Family of PET/CTs","Siemens Medical Solutions USA, Inc",510k,2020-02-14,Radiology,DESCRIBED_AI_OR_ALGORITHMIC_FUNCTION,DESCRIBED_AI_OR_ALGORITHMIC_FUNCTION,MULTIPLE,MULTIPLE
K193252,Contour ProtegeAI,MIM Software Inc.,510k,2020-07-02,Radiology,DESCRIBED_AI_OR_ALGORITHMIC_FUNCTION,DESCRIBED_AI_OR_ALGORITHMIC_FUNCTION,SINGLE,SINGLE
K193267,Al-Rad Companion (Musculoskeletal),"Siemens Medical Solutions USA, Inc.",510k,2020-03-16,Radiology,DESCRIBED_AI_OR_ALGORITHMIC_FUNCTION,DESCRIBED_AI_OR_ALGORITHMIC_FUNCTION,SINGLE,SINGLE
K193271,uAI EasyTriage-Rib,"Shanghai United Imaging Intelligence Co., Ltd.",510k,2021-01-15,Radiology,DESCRIBED_AI_OR_ALGORITHMIC_FUNCTION,DESCRIBED_AI_OR_ALGORITHMIC_FUNCTION,SINGLE,SINGLE
K193281,Hepatic VCAR,GE Medical Systems SCS,510k,2020-03-20,Radiology,DESCRIBED_AI_OR_ALGORITHMIC_FUNCTION,DESCRIBED_AI_OR_ALGORITHMIC_FUNCTION,SINGLE,SINGLE
K193282,SIGNA Premier,"GE Healthcare (GE Medical Systems, LLC)",510k,2020-04-10,Radiology,DESCRIBED_AI_OR_ALGORITHMIC_FUNCTION,DESCRIBED_AI_OR_ALGORITHMIC_FUNCTION,SINGLE,SINGLE
K193283,AI-Rad Companion Prostate MR,Siemens Medical Solutions USA Inc.,510k,2020-07-30,Radiology,DESCRIBED_AI_OR_ALGORITHMIC_FUNCTION,DESCRIBED_AI_OR_ALGORITHMIC_FUNCTION,SINGLE,SINGLE
K193287,CorInsights MRI,"ADM Diagnostics, Inc.",510k,2020-11-20,Radiology,DESCRIBED_AI_OR_ALGORITHMIC_FUNCTION,DESCRIBED_AI_OR_ALGORITHMIC_FUNCTION,SINGLE,SINGLE
K193289,"FastStroke, CT Perfusion 4D",GE Medical Systems SCS,510k,2020-11-12,Radiology,DESCRIBED_AI_OR_ALGORITHMIC_FUNCTION,DESCRIBED_AI_OR_ALGORITHMIC_FUNCTION,SINGLE,SINGLE
K193290,AI-Rad Companion Brain MR,"Siemens Medical Solutions USA, Inc.",510k,2020-06-17,Radiology,DESCRIBED_AI_OR_ALGORITHMIC_FUNCTION,DESCRIBED_AI_OR_ALGORITHMIC_FUNCTION,SINGLE,SINGLE
K193294,AI-Rad Companion Engine,"Siemens Medical Solutions USA, Inc.",510k,2020-07-10,Radiology,DEVICE_FUNCTION_AI_ATTRIBUTION_UNRESOLVED,DEVICE_FUNCTION_AI_ATTRIBUTION_UNRESOLVED,UNCERTAIN,UNCERTAIN
K193298,BriefCase,"Aidoc Medical, Ltd.",510k,2020-06-19,Radiology,DESCRIBED_AI_OR_ALGORITHMIC_FUNCTION,DESCRIBED_AI_OR_ALGORITHMIC_FUNCTION,SINGLE,SINGLE
K193300,AIMI-Triage CXR PTX,"RADLogics, Inc.",510k,2020-04-08,Radiology,DESCRIBED_AI_OR_ALGORITHMIC_FUNCTION,DESCRIBED_AI_OR_ALGORITHMIC_FUNCTION,SINGLE,SINGLE
K193306,PROView,GE Medical Systems SCS,510k,2020-11-17,Radiology,DESCRIBED_AI_OR_ALGORITHMIC_FUNCTION,DESCRIBED_AI_OR_ALGORITHMIC_FUNCTION,SINGLE,SINGLE
K193351,NinesAI,"Nines, Inc.",510k,2020-04-21,Radiology,DESCRIBED_AI_OR_ALGORITHMIC_FUNCTION,DESCRIBED_AI_OR_ALGORITHMIC_FUNCTION,MULTIPLE,MULTIPLE
K193417,FractureDetect (FX),"Imagen Technologies, Inc.",510k,2020-07-30,Radiology,DESCRIBED_AI_OR_ALGORITHMIC_FUNCTION,DESCRIBED_AI_OR_ALGORITHMIC_FUNCTION,SINGLE,SINGLE
K193518,KOSMOS,"EchoNous, Inc.",510k,2020-03-26,Radiology,DEVICE_FUNCTION_AI_ATTRIBUTION_UNRESOLVED,DEVICE_FUNCTION_AI_ATTRIBUTION_UNRESOLVED,UNCERTAIN,UNCERTAIN
K193562,AI-Rad Companion Organs RT,"Siemens Medical Solutions USA, Inc.",510k,2020-11-06,Radiology,DESCRIBED_AI_OR_ALGORITHMIC_FUNCTION,DESCRIBED_AI_OR_ALGORITHMIC_FUNCTION,SINGLE,SINGLE
K193631,"Stethee Pro 1, Stethee Pro Software System",M3DICINE Pty Ltd.,510k,2020-10-09,Cardiovascular,DESCRIBED_AI_OR_ALGORITHMIC_FUNCTION,DESCRIBED_AI_OR_ALGORITHMIC_FUNCTION,MULTIPLE,MULTIPLE
K193658,Viz ICH,"Viz.ai, Inc.",510k,2020-03-18,Radiology,DESCRIBED_AI_OR_ALGORITHMIC_FUNCTION,DESCRIBED_AI_OR_ALGORITHMIC_FUNCTION,SINGLE,SINGLE
K200036,AI-ECG Tracker,"Shenzhen Carewell Electronics Co., Ltd.",510k,2020-03-20,Cardiovascular,DESCRIBED_AI_OR_ALGORITHMIC_FUNCTION,DESCRIBED_AI_OR_ALGORITHMIC_FUNCTION,SINGLE,SINGLE
K200232,LVivo Software Application,DiA Imaging Analysis Ltd,510k,2020-06-23,Radiology,DESCRIBED_AI_OR_ALGORITHMIC_FUNCTION,DESCRIBED_AI_OR_ALGORITHMIC_FUNCTION,MULTIPLE,MULTIPLE
K200323,AutoContour,"Radformation, Inc.",510k,2020-10-30,Radiology,DESCRIBED_AI_OR_ALGORITHMIC_FUNCTION,DESCRIBED_AI_OR_ALGORITHMIC_FUNCTION,SINGLE,SINGLE
K200356,MEDO ARIA,Medo.ai,510k,2020-06-11,Radiology,DESCRIBED_AI_OR_ALGORITHMIC_FUNCTION,DESCRIBED_AI_OR_ALGORITHMIC_FUNCTION,SINGLE,SINGLE
K200497,"Vivid S60N, Vivid S70N",GE Medical Systems Ultrasound and Primary Care Diagnostics,510k,2020-07-16,Radiology,DESCRIBED_AI_OR_ALGORITHMIC_FUNCTION,DESCRIBED_AI_OR_ALGORITHMIC_FUNCTION,MULTIPLE,MULTIPLE
K200569,RayStation,RaySearch Laboratories AB (publ),510k,2020-09-24,Radiology,DESCRIBED_AI_OR_ALGORITHMIC_FUNCTION,DESCRIBED_AI_OR_ALGORITHMIC_FUNCTION,MULTIPLE,MULTIPLE
K200595,"CellaVision DC-1, CellaVision DC-1 PPA",CellaVision AB,510k,2020-10-16,Hematology,DESCRIBED_AI_OR_ALGORITHMIC_FUNCTION,DESCRIBED_AI_OR_ALGORITHMIC_FUNCTION,MULTIPLE,MULTIPLE
K200621,Caption Interpretation Automated Ejection Fraction Software,Caption Health,510k,2020-07-22,Radiology,DESCRIBED_AI_OR_ALGORITHMIC_FUNCTION,DESCRIBED_AI_OR_ALGORITHMIC_FUNCTION,SINGLE,SINGLE
K200667,EyeArt,"Eyenuk, Inc",510k,2020-08-03,Ophthalmic,DESCRIBED_AI_OR_ALGORITHMIC_FUNCTION,DESCRIBED_AI_OR_ALGORITHMIC_FUNCTION,SINGLE,SINGLE
K200708,Vivid iq,GE Medical Systems Ultrasound and,510k,2020-09-09,Radiology,DESCRIBED_AI_OR_ALGORITHMIC_FUNCTION,DESCRIBED_AI_OR_ALGORITHMIC_FUNCTION,MULTIPLE,MULTIPLE
K200714,AVIEW,"Coreline Soft Co., Ltd",510k,2020-08-26,Radiology,DESCRIBED_AI_OR_ALGORITHMIC_FUNCTION,DESCRIBED_AI_OR_ALGORITHMIC_FUNCTION,MULTIPLE,MULTIPLE
K200717,CLEWICU System (ClewICUServer and ClewICUnitor),CLEW Medical Ltd.,510k,2021-01-09,Cardiovascular,DESCRIBED_AI_OR_ALGORITHMIC_FUNCTION,DESCRIBED_AI_OR_ALGORITHMIC_FUNCTION,SINGLE,SINGLE
K200743,Vivid E80/ Vivid E90/ Vivid E95,GE Medical Systems Ultrasound and,510k,2020-07-23,Radiology,DESCRIBED_AI_OR_ALGORITHMIC_FUNCTION,DESCRIBED_AI_OR_ALGORITHMIC_FUNCTION,MULTIPLE,MULTIPLE
K200750,Neuro.Al Algorithm,"TeraRecon, Inc.",510k,2020-11-06,Radiology,DESCRIBED_AI_OR_ALGORITHMIC_FUNCTION,DESCRIBED_AI_OR_ALGORITHMIC_FUNCTION,SINGLE,SINGLE
K200755,Caption Guidance,Caption Health,510k,2020-04-16,Radiology,DESCRIBED_AI_OR_ALGORITHMIC_FUNCTION,DESCRIBED_AI_OR_ALGORITHMIC_FUNCTION,SINGLE,SINGLE
K200760,Rapid ASPECTS,iSchemaView Inc.,510k,2020-06-26,Radiology,DESCRIBED_AI_OR_ALGORITHMIC_FUNCTION,DESCRIBED_AI_OR_ALGORITHMIC_FUNCTION,SINGLE,SINGLE
K200828,Athelas Home,Athelas Inc.,510k,2022-03-22,Hematology,DESCRIBED_AI_OR_ALGORITHMIC_FUNCTION,DESCRIBED_AI_OR_ALGORITHMIC_FUNCTION,SINGLE,SINGLE
K200833,RX-1 Rhythm Express Remote Cardiac Monitoring System,VivaQuant Inc.,510k,2020-09-02,Cardiovascular,DESCRIBED_AI_OR_ALGORITHMIC_FUNCTION,DESCRIBED_AI_OR_ALGORITHMIC_FUNCTION,SINGLE,SINGLE
K200851,"Vivid T8, Vivid T9",GE Medical Systems Ultrasound and Primary Care Diagnostics,510k,2020-09-09,Radiology,DESCRIBED_AI_OR_ALGORITHMIC_FUNCTION,DESCRIBED_AI_OR_ALGORITHMIC_FUNCTION,MULTIPLE,MULTIPLE
K200852,"EchoPAC Software Only, EchoPAC Plug-In",GE Medical Systems Ultrasound and Primary Care Diagnostics,510k,2020-09-18,Radiology,DESCRIBED_AI_OR_ALGORITHMIC_FUNCTION,DESCRIBED_AI_OR_ALGORITHMIC_FUNCTION,MULTIPLE,MULTIPLE
K200855,CINA,AVICENNA.AI,510k,2020-06-24,Radiology,DESCRIBED_AI_OR_ALGORITHMIC_FUNCTION,DESCRIBED_AI_OR_ALGORITHMIC_FUNCTION,MULTIPLE,MULTIPLE
K200873,HALO,NICo-Lab B.V.,510k,2020-11-20,Radiology,DESCRIBED_AI_OR_ALGORITHMIC_FUNCTION,DESCRIBED_AI_OR_ALGORITHMIC_FUNCTION,SINGLE,SINGLE
K200905,HealthMammo,Zebra Medical Vision Ltd.,510k,2020-07-16,Radiology,DESCRIBED_AI_OR_ALGORITHMIC_FUNCTION,DESCRIBED_AI_OR_ALGORITHMIC_FUNCTION,SINGLE,SINGLE
K200921,qER,Qure.ai Technologies,510k,2020-06-17,Radiology,DESCRIBED_AI_OR_ALGORITHMIC_FUNCTION,DESCRIBED_AI_OR_ALGORITHMIC_FUNCTION,MULTIPLE,MULTIPLE
K200941,Rapid LVO,iSchemaView Inc.,510k,2020-07-09,Radiology,DESCRIBED_AI_OR_ALGORITHMIC_FUNCTION,DESCRIBED_AI_OR_ALGORITHMIC_FUNCTION,SINGLE,SINGLE
K200974,QLAB Advanced Quantification Software,Philips Healthcare,510k,2020-06-03,Radiology,DESCRIBED_AI_OR_ALGORITHMIC_FUNCTION,DESCRIBED_AI_OR_ALGORITHMIC_FUNCTION,SINGLE,SINGLE
K200980,Auto 3D Bladder Volume Tool,"Butterfly Network, Inc.",510k,2020-06-11,Radiology,DESCRIBED_AI_OR_ALGORITHMIC_FUNCTION,DESCRIBED_AI_OR_ALGORITHMIC_FUNCTION,SINGLE,SINGLE
K200990,VIDAvision,VIDA Diagnostics Inc.,510k,2020-08-07,Radiology,DESCRIBED_AI_OR_ALGORITHMIC_FUNCTION,DESCRIBED_AI_OR_ALGORITHMIC_FUNCTION,SINGLE,SINGLE
K201012,"EPIQ Diagnostic Ultrasound System Series, Affiniti Diagnostic Ultrasound System Series, CX50 Diagnostic Ultrasound System, Sparq Diagnostic Ultrasound System, Lumify Diagnostic Ultrasound System","Philips Ultrasound, Inc.",510k,2020-05-01,Radiology,DESCRIBED_AI_OR_ALGORITHMIC_FUNCTION,DESCRIBED_AI_OR_ALGORITHMIC_FUNCTION,SINGLE,SINGLE
K201019,Genius AI Detection,"Hologic, Inc.",510k,2020-11-18,Radiology,DESCRIBED_AI_OR_ALGORITHMIC_FUNCTION,DESCRIBED_AI_OR_ALGORITHMIC_FUNCTION,SINGLE,SINGLE
K201020,BriefCase,"Aidoc Medical, Ltd.",510k,2020-08-26,Radiology,DESCRIBED_AI_OR_ALGORITHMIC_FUNCTION,DESCRIBED_AI_OR_ALGORITHMIC_FUNCTION,SINGLE,SINGLE
K201034,Syngo.CT CaScoring,"Siemens Medical Solutions USA, Inc.",510k,2020-05-14,Radiology,DESCRIBED_AI_OR_ALGORITHMIC_FUNCTION,DESCRIBED_AI_OR_ALGORITHMIC_FUNCTION,SINGLE,SINGLE
K201039,HepaFat-AI,Resonance Health Analysis Services Pty Ltd,510k,2020-12-07,Radiology,DESCRIBED_AI_OR_ALGORITHMIC_FUNCTION,DESCRIBED_AI_OR_ALGORITHMIC_FUNCTION,SINGLE,SINGLE
K201103,Xeleris V Processing and Review Systems,GE Healthcare,510k,2020-09-25,Radiology,DESCRIBED_AI_OR_ALGORITHMIC_FUNCTION,DESCRIBED_AI_OR_ALGORITHMIC_FUNCTION,MULTIPLE,MULTIPLE
K201195,"syngo.via MI Workflows, syngo MBF","Siemens Medical Solutions USA, Inc.",510k,2020-11-18,Radiology,DESCRIBED_AI_OR_ALGORITHMIC_FUNCTION,DESCRIBED_AI_OR_ALGORITHMIC_FUNCTION,MULTIPLE,MULTIPLE
K201232,Limbus Contour,Limbus AI Inc.,510k,2020-08-13,Radiology,DESCRIBED_AI_OR_ALGORITHMIC_FUNCTION,DESCRIBED_AI_OR_ALGORITHMIC_FUNCTION,SINGLE,SINGLE
K201298,VX1,Volta Medical,510k,2020-09-16,Cardiovascular,DESCRIBED_AI_OR_ALGORITHMIC_FUNCTION,DESCRIBED_AI_OR_ALGORITHMIC_FUNCTION,SINGLE,SINGLE
K201301,X100 with Full Field Peripheral Blood Smear (PBS) Application,Scopio Labs LTD.,510k,2020-10-02,Hematology,DESCRIBED_AI_OR_ALGORITHMIC_FUNCTION,DESCRIBED_AI_OR_ALGORITHMIC_FUNCTION,MULTIPLE,MULTIPLE
K201310,Accipiolx,MaxQ Al Ltd.,510k,2020-08-07,Radiology,DESCRIBED_AI_OR_ALGORITHMIC_FUNCTION,DESCRIBED_AI_OR_ALGORITHMIC_FUNCTION,SINGLE,SINGLE
K201369,AVA (Augmented Vascular Analysis),See-Mode Technologies Pte. Ltd.,510k,2020-09-16,Radiology,DESCRIBED_AI_OR_ALGORITHMIC_FUNCTION,DESCRIBED_AI_OR_ALGORITHMIC_FUNCTION,MULTIPLE,MULTIPLE
K201411,Visage Breast Density,Visage Imaging GmbH,510k,2021-01-29,Radiology,DESCRIBED_AI_OR_ALGORITHMIC_FUNCTION,DESCRIBED_AI_OR_ALGORITHMIC_FUNCTION,SINGLE,SINGLE
K201444,Syngo.via RT Image Suite,"Siemens Medical Solutions USA, Inc.",510k,2020-08-13,Radiology,DESCRIBED_AI_OR_ALGORITHMIC_FUNCTION,DESCRIBED_AI_OR_ALGORITHMIC_FUNCTION,SINGLE,SINGLE
K201555,EchoGo Pro,Ultromics Ltd,510k,2020-12-18,Radiology,DESCRIBED_AI_OR_ALGORITHMIC_FUNCTION,DESCRIBED_AI_OR_ALGORITHMIC_FUNCTION,SINGLE,SINGLE
K201560,Auto Lung Nodule Detection,"Samsung Electronics Co.,Ltd.",510k,2021-08-31,Radiology,DESCRIBED_AI_OR_ALGORITHMIC_FUNCTION,DESCRIBED_AI_OR_ALGORITHMIC_FUNCTION,SINGLE,SINGLE
K201615,SIGNA 7.0T,"GE Medical Systems, LLC",510k,2020-10-15,Radiology,DEVICE_FUNCTION_AI_ATTRIBUTION_UNRESOLVED,DEVICE_FUNCTION_AI_ATTRIBUTION_UNRESOLVED,UNCERTAIN,UNCERTAIN
K201632,TOMTEC-ARENA,TOMTEC Imaging Systems GmbH,510k,2020-08-14,Radiology,DESCRIBED_AI_OR_ALGORITHMIC_FUNCTION,DESCRIBED_AI_OR_ALGORITHMIC_FUNCTION,MULTIPLE,MULTIPLE
K201710,A View LCS,"Coreline Soft Co., Ltd.",510k,2020-10-16,Radiology,DESCRIBED_AI_OR_ALGORITHMIC_FUNCTION,DESCRIBED_AI_OR_ALGORITHMIC_FUNCTION,MULTIPLE,MULTIPLE
K201745,Deep Learning Image Reconstruction for Gemstone Spectral Imaging,"GE Medical Systems, LLC",510k,2020-12-10,Radiology,DESCRIBED_AI_OR_ALGORITHMIC_FUNCTION,DESCRIBED_AI_OR_ALGORITHMIC_FUNCTION,SINGLE,SINGLE
K201836,Aquilion Lightning (TSX-036A/7) V10.2 with AiCE-i,Canon Medical Systems Corporation,510k,2021-01-12,Radiology,DESCRIBED_AI_OR_ALGORITHMIC_FUNCTION,DESCRIBED_AI_OR_ALGORITHMIC_FUNCTION,SINGLE,SINGLE
K201841,EyeBOX,"Oculogica, Inc.",510k,2020-09-06,Neurology,DESCRIBED_AI_OR_ALGORITHMIC_FUNCTION,DESCRIBED_AI_OR_ALGORITHMIC_FUNCTION,SINGLE,SINGLE
K201985,KardiaAI,"AliveCor, Inc.",510k,2020-11-12,Cardiovascular,DESCRIBED_AI_OR_ALGORITHMIC_FUNCTION,DESCRIBED_AI_OR_ALGORITHMIC_FUNCTION,SINGLE,SINGLE
K201992,Caption Guidance,Caption Health,510k,2020-09-18,Radiology,DESCRIBED_AI_OR_ALGORITHMIC_FUNCTION,DESCRIBED_AI_OR_ALGORITHMIC_FUNCTION,SINGLE,SINGLE
K202013,WRDensity by Whiterabbit.ai,Whiterabbit.ai Inc.,510k,2020-10-30,Radiology,DESCRIBED_AI_OR_ALGORITHMIC_FUNCTION,DESCRIBED_AI_OR_ALGORITHMIC_FUNCTION,SINGLE,SINGLE
K202089,"LensHooke X1 PRO Semen Quality Analyzer, LensHooke X1 PRO SE Semen Quality Analyzer","Bonraybio Co., Ltd.",510k,2020-10-28,Hematology,DESCRIBED_AI_OR_ALGORITHMIC_FUNCTION,DESCRIBED_AI_OR_ALGORITHMIC_FUNCTION,MULTIPLE,MULTIPLE
K202170,LiverMultiScan,Perspectum LTD,510k,2020-10-02,Radiology,DESCRIBED_AI_OR_ALGORITHMIC_FUNCTION,DESCRIBED_AI_OR_ALGORITHMIC_FUNCTION,SINGLE,SINGLE
K202212,TruPlan,Circle Cardiovascular Imaging Inc.,510k,2021-02-19,Radiology,DESCRIBED_AI_OR_ALGORITHMIC_FUNCTION,DESCRIBED_AI_OR_ALGORITHMIC_FUNCTION,SINGLE,SINGLE
K202229,AI Metrics,"AI Metrics, LLC",510k,2020-12-22,Radiology,DESCRIBED_AI_OR_ALGORITHMIC_FUNCTION,DESCRIBED_AI_OR_ALGORITHMIC_FUNCTION,SINGLE,SINGLE
K202238,SIGNA Artist,GE Healthcare (Tianjin) Company Limited,510k,2020-09-04,Radiology,DESCRIBED_AI_OR_ALGORITHMIC_FUNCTION,DESCRIBED_AI_OR_ALGORITHMIC_FUNCTION,SINGLE,SINGLE
K202280,Cleerly Labs v2.0,"Cleerly, Inc.",510k,2020-10-02,Radiology,DESCRIBED_AI_OR_ALGORITHMIC_FUNCTION,DESCRIBED_AI_OR_ALGORITHMIC_FUNCTION,SINGLE,SINGLE
K202284,Oncospace,"Oncospace, Inc.",510k,2021-03-12,Radiology,DESCRIBED_AI_OR_ALGORITHMIC_FUNCTION,DESCRIBED_AI_OR_ALGORITHMIC_FUNCTION,SINGLE,SINGLE
K202300,"Optellum Virtual Nodule Clinic, Optellum software, Optellum platform",Optellum Ltd,510k,2021-03-05,Radiology,DESCRIBED_AI_OR_ALGORITHMIC_FUNCTION,DESCRIBED_AI_OR_ALGORITHMIC_FUNCTION,MULTIPLE,MULTIPLE
K202404,BoneMRI,MRIguidance B.V,510k,2021-12-22,Radiology,DESCRIBED_AI_OR_ALGORITHMIC_FUNCTION,DESCRIBED_AI_OR_ALGORITHMIC_FUNCTION,SINGLE,SINGLE
K202414,BrainInsight,"Hyperfine Research, Inc",510k,2021-01-07,Radiology,DESCRIBED_AI_OR_ALGORITHMIC_FUNCTION,DESCRIBED_AI_OR_ALGORITHMIC_FUNCTION,SINGLE,SINGLE
K202441,Eclipse II with Smart Noise Cancellation,"Carestream Health, Inc.",510k,2021-04-02,Radiology,DESCRIBED_AI_OR_ALGORITHMIC_FUNCTION,DESCRIBED_AI_OR_ALGORITHMIC_FUNCTION,SINGLE,SINGLE
K202487,HealthJOINT,Zebra Medical Vision Ltd.,510k,2020-12-04,Radiology,DESCRIBED_AI_OR_ALGORITHMIC_FUNCTION,DESCRIBED_AI_OR_ALGORITHMIC_FUNCTION,SINGLE,SINGLE
K202501,Quantib Prostate,Quantib BV,510k,2020-10-11,Radiology,DESCRIBED_AI_OR_ALGORITHMIC_FUNCTION,DESCRIBED_AI_OR_ALGORITHMIC_FUNCTION,MULTIPLE,MULTIPLE
K202527,Zio ECG Utilization Software (ZEUS) System,"iRhythm Technologies, Inc.",510k,2021-05-21,Cardiovascular,DESCRIBED_AI_OR_ALGORITHMIC_FUNCTION,DESCRIBED_AI_OR_ALGORITHMIC_FUNCTION,SINGLE,SINGLE
K202546,LVivo Seamless,DiA Imaging Analysis Ltd,510k,2020-09-29,Radiology,DESCRIBED_AI_OR_ALGORITHMIC_FUNCTION,DESCRIBED_AI_OR_ALGORITHMIC_FUNCTION,SINGLE,SINGLE
K202700,ART-Plan,TheraPanacea,510k,2021-01-14,Radiology,DESCRIBED_AI_OR_ALGORITHMIC_FUNCTION,DESCRIBED_AI_OR_ALGORITHMIC_FUNCTION,MULTIPLE,MULTIPLE
K202718,Qmenta Care Platform Family,"Mint Labs, Inc., d/b/a. QMENTA",510k,2021-06-16,Radiology,DEVICE_FUNCTION_AI_ATTRIBUTION_UNRESOLVED,DEVICE_FUNCTION_AI_ATTRIBUTION_UNRESOLVED,UNCERTAIN,UNCERTAIN
K202767,"Vantage Orian 1.5T, MRT-1550, V6.0",Canon Medical Systems Corporation,510k,2021-01-15,Radiology,DESCRIBED_AI_OR_ALGORITHMIC_FUNCTION,DESCRIBED_AI_OR_ALGORITHMIC_FUNCTION,SINGLE,SINGLE
K202927,EYE-SYNC,"SyncThink, Inc.",510k,2021-10-02,Neurology,DESCRIBED_AI_OR_ALGORITHMIC_FUNCTION,DESCRIBED_AI_OR_ALGORITHMIC_FUNCTION,SINGLE,SINGLE
K202928,DV. Target,Deepvoxel INC,510k,2021-04-02,Radiology,DESCRIBED_AI_OR_ALGORITHMIC_FUNCTION,DESCRIBED_AI_OR_ALGORITHMIC_FUNCTION,SINGLE,SINGLE
K202990,NinesMeasure,"Nines, Inc.",510k,2021-02-25,Radiology,DESCRIBED_AI_OR_ALGORITHMIC_FUNCTION,DESCRIBED_AI_OR_ALGORITHMIC_FUNCTION,SINGLE,SINGLE
K202992,"BriefCase, RIB Fractures Triage (RibFx)","Aidoc Medical, Ltd.",510k,2021-04-14,Radiology,DESCRIBED_AI_OR_ALGORITHMIC_FUNCTION,DESCRIBED_AI_OR_ALGORITHMIC_FUNCTION,SINGLE,SINGLE
K203042,Aquilion Exceed LB (TSX-202A/3) V10.6 with AiCE-I,Canon Medical Systems Corporation,510k,2020-12-10,Radiology,DESCRIBED_AI_OR_ALGORITHMIC_FUNCTION,DESCRIBED_AI_OR_ALGORITHMIC_FUNCTION,SINGLE,SINGLE
K203103,"Synapse 3D, Synapse 3D Base Tools v6.1",Fujifilm Corporation,510k,2021-02-09,Radiology,DESCRIBED_AI_OR_ALGORITHMIC_FUNCTION,DESCRIBED_AI_OR_ALGORITHMIC_FUNCTION,UNCERTAIN,UNCERTAIN
K203169,Revolution Ascend,GE Healthcare Japan Corporation,510k,2020-11-20,Radiology,DESCRIBED_AI_OR_ALGORITHMIC_FUNCTION,DESCRIBED_AI_OR_ALGORITHMIC_FUNCTION,MULTIPLE,MULTIPLE
K203182,SubtleMR,"Subtle Medical, Inc.",510k,2021-02-26,Radiology,DESCRIBED_AI_OR_ALGORITHMIC_FUNCTION,DESCRIBED_AI_OR_ALGORITHMIC_FUNCTION,SINGLE,SINGLE
K203225,Aquilion ONE (TSX-306A/3) V10.4 with Spectral Imaging System,Canon Medical Systems Corporation,510k,2021-03-24,Radiology,DESCRIBED_AI_OR_ALGORITHMIC_FUNCTION,DESCRIBED_AI_OR_ALGORITHMIC_FUNCTION,SINGLE,SINGLE
K203235,VBrain,Vysioneer Inc.,510k,2021-03-19,Radiology,DESCRIBED_AI_OR_ALGORITHMIC_FUNCTION,DESCRIBED_AI_OR_ALGORITHMIC_FUNCTION,SINGLE,SINGLE
K203256,Imbio RV/LV Software,"Imbio, LLC",510k,2021-03-09,Radiology,DESCRIBED_AI_OR_ALGORITHMIC_FUNCTION,DESCRIBED_AI_OR_ALGORITHMIC_FUNCTION,SINGLE,SINGLE
K203258,syngo.CT Lung CAD,Siemens Healthcare GmbH,510k,2021-03-31,Radiology,DESCRIBED_AI_OR_ALGORITHMIC_FUNCTION,DESCRIBED_AI_OR_ALGORITHMIC_FUNCTION,SINGLE,SINGLE
K203260,syngo.CT Brain Hemorrhage,"Siemens Medical Solutions USA, Inc.",510k,2022-01-28,Radiology,DESCRIBED_AI_OR_ALGORITHMIC_FUNCTION,DESCRIBED_AI_OR_ALGORITHMIC_FUNCTION,SINGLE,SINGLE
K203280,Hepatica v1 (Hepatica v1.0.0),Perspectum Ltd.,510k,2021-01-12,Radiology,DESCRIBED_AI_OR_ALGORITHMIC_FUNCTION,DESCRIBED_AI_OR_ALGORITHMIC_FUNCTION,SINGLE,SINGLE
K203314,Cartesion Prime (PCD-1000A/3) V10.8,Canon Medical Systems Corporation,510k,2021-04-23,Radiology,DESCRIBED_AI_OR_ALGORITHMIC_FUNCTION,DESCRIBED_AI_OR_ALGORITHMIC_FUNCTION,SINGLE,SINGLE
K203323,"Vantage Galan 3T, MRT-3020, V6.0 with AiCE Reconstruction Processing Unit for MR",Canon Medical Systems Corporation,510k,2021-03-04,Radiology,DESCRIBED_AI_OR_ALGORITHMIC_FUNCTION,DESCRIBED_AI_OR_ALGORITHMIC_FUNCTION,SINGLE,SINGLE
K203329,HeartFlow Analysis,"HeartFlow, Inc.",510k,2021-01-08,Cardiovascular,DESCRIBED_AI_OR_ALGORITHMIC_FUNCTION,DESCRIBED_AI_OR_ALGORITHMIC_FUNCTION,SINGLE,SINGLE
K203443,"MAGNETOM Vida, MAGNETOM Sola, MAGNETOM Lumina, MAGNETOM Altea","Siemens Medical Solutions USA, Inc.",510k,2021-03-31,Radiology,DESCRIBED_AI_OR_ALGORITHMIC_FUNCTION,DESCRIBED_AI_OR_ALGORITHMIC_FUNCTION,SINGLE,SINGLE
K203448,uCT ATLAS with uWS-CT-Dual Energy Analysis,"Shanghai United Imaging Healthcare Co., Ltd.",510k,2021-08-11,Radiology,DESCRIBED_AI_OR_ALGORITHMIC_FUNCTION,DESCRIBED_AI_OR_ALGORITHMIC_FUNCTION,MULTIPLE,MULTIPLE
K203469,AI Segmentation,"Varian Medical Systems, Inc.",510k,2021-04-19,Radiology,DESCRIBED_AI_OR_ALGORITHMIC_FUNCTION,DESCRIBED_AI_OR_ALGORITHMIC_FUNCTION,SINGLE,SINGLE
K203502,MEDO-Thyroid,MEDO DX Pte. Ltd.,510k,2021-04-23,Radiology,DESCRIBED_AI_OR_ALGORITHMIC_FUNCTION,DESCRIBED_AI_OR_ALGORITHMIC_FUNCTION,SINGLE,SINGLE
K203508,BriefCase,"Aidoc Medical, Ltd.",510k,2020-12-29,Radiology,DESCRIBED_AI_OR_ALGORITHMIC_FUNCTION,DESCRIBED_AI_OR_ALGORITHMIC_FUNCTION,MULTIPLE,MULTIPLE
K203514,Precise Position,"Philips Healthcare (Suzhou) Co., Ltd.",510k,2021-06-17,Radiology,DESCRIBED_AI_OR_ALGORITHMIC_FUNCTION,DESCRIBED_AI_OR_ALGORITHMIC_FUNCTION,SINGLE,SINGLE
K203517,Saige-Q,"DeepHealth, Inc.",510k,2021-04-16,Radiology,DESCRIBED_AI_OR_ALGORITHMIC_FUNCTION,DESCRIBED_AI_OR_ALGORITHMIC_FUNCTION,SINGLE,SINGLE
K203555,AmCAD-UT,AmCad BioMed Corporation,510k,2021-09-08,Radiology,DESCRIBED_AI_OR_ALGORITHMIC_FUNCTION,DESCRIBED_AI_OR_ALGORITHMIC_FUNCTION,SINGLE,SINGLE
K203578,"OTIS 2.1 Optical Coherence Tomography System, THiA Optical Coherence Tomography System","Perimeter Medical Imaging AI, Inc.",510k,2021-02-25,Radiology,DEVICE_FUNCTION_AI_ATTRIBUTION_UNRESOLVED,DEVICE_FUNCTION_AI_ATTRIBUTION_UNRESOLVED,UNCERTAIN,UNCERTAIN
K203582,QUIBIM Precision Prostate (qp-Prostate),QUIBIM S.L.,510k,2021-02-04,Radiology,DESCRIBED_AI_OR_ALGORITHMIC_FUNCTION,DESCRIBED_AI_OR_ALGORITHMIC_FUNCTION,MULTIPLE,MULTIPLE
K203610,Automatic Anatomy Recognition (AAR),"Quantitative Radiology Solutions, LLC",510k,2021-04-20,Radiology,DESCRIBED_AI_OR_ALGORITHMIC_FUNCTION,DESCRIBED_AI_OR_ALGORITHMIC_FUNCTION,SINGLE,SINGLE
K203617,MaxFOV 2,"GE Medical Systems, LLC.",510k,2021-03-02,Radiology,DESCRIBED_AI_OR_ALGORITHMIC_FUNCTION,DESCRIBED_AI_OR_ALGORITHMIC_FUNCTION,SINGLE,SINGLE
K203629,IDx-DR,Digital Diagnostics Inc.,510k,2021-06-10,Ophthalmic,DESCRIBED_AI_OR_ALGORITHMIC_FUNCTION,DESCRIBED_AI_OR_ALGORITHMIC_FUNCTION,SINGLE,SINGLE
K203696,RBknee,Radiobotics ApS,510k,2021-08-27,Radiology,DESCRIBED_AI_OR_ALGORITHMIC_FUNCTION,DESCRIBED_AI_OR_ALGORITHMIC_FUNCTION,SINGLE,SINGLE
K203744,Arterys MICA,Arterys Inc.,510k,2022-03-14,Radiology,DESCRIBED_AI_OR_ALGORITHMIC_FUNCTION,DESCRIBED_AI_OR_ALGORITHMIC_FUNCTION,MULTIPLE,MULTIPLE
K203783,ClariPulmo,ClariPi Inc.,510k,2022-04-06,Radiology,DESCRIBED_AI_OR_ALGORITHMIC_FUNCTION,DESCRIBED_AI_OR_ALGORITHMIC_FUNCTION,MULTIPLE,MULTIPLE
K203785,ClariSIGMAM,ClariPi Inc.,510k,2021-09-10,Radiology,DESCRIBED_AI_OR_ALGORITHMIC_FUNCTION,DESCRIBED_AI_OR_ALGORITHMIC_FUNCTION,SINGLE,SINGLE
K203822,ProFound AI Software V3.0,iCAD Inc.,510k,2021-03-12,Radiology,DESCRIBED_AI_OR_ALGORITHMIC_FUNCTION,DESCRIBED_AI_OR_ALGORITHMIC_FUNCTION,SINGLE,SINGLE
K210001,HYPER AiR,"Shanghai United Imaging Healthcare Co.,Ltd.",510k,2021-04-30,Radiology,DESCRIBED_AI_OR_ALGORITHMIC_FUNCTION,DESCRIBED_AI_OR_ALGORITHMIC_FUNCTION,SINGLE,SINGLE
K210034,EnsoSleep,"EnsoData, Inc.",510k,2021-06-16,Neurology,DESCRIBED_AI_OR_ALGORITHMIC_FUNCTION,DESCRIBED_AI_OR_ALGORITHMIC_FUNCTION,SINGLE,SINGLE
K210053,LVivo Software Application,DiA Imaging Analysis Ltd,510k,2021-02-05,Radiology,DESCRIBED_AI_OR_ALGORITHMIC_FUNCTION,DESCRIBED_AI_OR_ALGORITHMIC_FUNCTION,MULTIPLE,MULTIPLE
K210069,Minuteful - kidney test,Healthy.io Ltd.,510k,2022-07-06,Clinical Chemistry,DESCRIBED_AI_OR_ALGORITHMIC_FUNCTION,DESCRIBED_AI_OR_ALGORITHMIC_FUNCTION,SINGLE,SINGLE
K210071,SIS System (Version 5.1.0),"Surgical Information Sciences, Inc.",510k,2021-03-31,Radiology,DESCRIBED_AI_OR_ALGORITHMIC_FUNCTION,DESCRIBED_AI_OR_ALGORITHMIC_FUNCTION,SINGLE,SINGLE
K210085,HealthCCSng,Zebra Medical Vision Ltd.,510k,2021-09-15,Radiology,DESCRIBED_AI_OR_ALGORITHMIC_FUNCTION,DESCRIBED_AI_OR_ALGORITHMIC_FUNCTION,SINGLE,SINGLE
K210187,Overjet Dental Assist,"Overjet, Inc.",510k,2021-05-19,Radiology,DESCRIBED_AI_OR_ALGORITHMIC_FUNCTION,DESCRIBED_AI_OR_ALGORITHMIC_FUNCTION,SINGLE,SINGLE
K210209,Viz ICH,"Viz.ai, Inc.",510k,2021-03-23,Radiology,DESCRIBED_AI_OR_ALGORITHMIC_FUNCTION,DESCRIBED_AI_OR_ALGORITHMIC_FUNCTION,SINGLE,SINGLE
K210237,CINA CHEST,Avicenna.AI,510k,2021-05-19,Radiology,DESCRIBED_AI_OR_ALGORITHMIC_FUNCTION,DESCRIBED_AI_OR_ALGORITHMIC_FUNCTION,MULTIPLE,MULTIPLE
K210365,Second Opinion,Pearl Inc.,510k,2022-03-04,Radiology,DESCRIBED_AI_OR_ALGORITHMIC_FUNCTION,DESCRIBED_AI_OR_ALGORITHMIC_FUNCTION,SINGLE,SINGLE
K210404,Transpara 1.7.0,ScreenPoint Medical B.V.,510k,2021-06-02,Radiology,DESCRIBED_AI_OR_ALGORITHMIC_FUNCTION,DESCRIBED_AI_OR_ALGORITHMIC_FUNCTION,SINGLE,SINGLE
K210426,HS40 Diagnostic Ultrasound System,"Samsung Medison CO., LTD.",510k,2021-05-13,Radiology,DEVICE_FUNCTION_AI_ATTRIBUTION_UNRESOLVED,DEVICE_FUNCTION_AI_ATTRIBUTION_UNRESOLVED,UNCERTAIN,UNCERTAIN
K210438,Versana Premier,"GE Medical Systems Ultrasound and Primary Care Diagnostics,",510k,2021-09-10,Radiology,DEVICE_FUNCTION_AI_ATTRIBUTION_UNRESOLVED,DEVICE_FUNCTION_AI_ATTRIBUTION_UNRESOLVED,UNCERTAIN,UNCERTAIN
K210458,"OPTIS Mobile Next Imaging System, OPTIS Integrated Next Imaging System",Abbott Medical,510k,2021-06-08,Radiology,DESCRIBED_AI_OR_ALGORITHMIC_FUNCTION,DESCRIBED_AI_OR_ALGORITHMIC_FUNCTION,SINGLE,SINGLE
K210484,"LINQ II Insertable Cardiac Monitor, Zelda AI ECG Classification System","Medtronic, Inc.",510k,2021-06-11,Cardiovascular,DESCRIBED_AI_OR_ALGORITHMIC_FUNCTION,DESCRIBED_AI_OR_ALGORITHMIC_FUNCTION,SINGLE,SINGLE
K210543,IM007,"Implicity, Inc.",510k,2021-11-03,Cardiovascular,DESCRIBED_AI_OR_ALGORITHMIC_FUNCTION,DESCRIBED_AI_OR_ALGORITHMIC_FUNCTION,SINGLE,SINGLE
K210556,Preview Shoulder,Genesis Software Innovations,510k,2021-04-21,Radiology,DESCRIBED_AI_OR_ALGORITHMIC_FUNCTION,DESCRIBED_AI_OR_ALGORITHMIC_FUNCTION,SINGLE,SINGLE
K210611,MAGNETOM Free.Max,"Siemens Medical Solutions USA, Inc.",510k,2021-07-01,Radiology,DESCRIBED_AI_OR_ALGORITHMIC_FUNCTION,DESCRIBED_AI_OR_ALGORITHMIC_FUNCTION,SINGLE,SINGLE
K210632,Contour ProtegeAI,MIM Software Inc.,510k,2021-10-20,Radiology,DESCRIBED_AI_OR_ALGORITHMIC_FUNCTION,DESCRIBED_AI_OR_ALGORITHMIC_FUNCTION,SINGLE,SINGLE
K210645,RayStation 10.1,RaySearch Laboratories AB (publ),510k,2021-06-29,Radiology,DESCRIBED_AI_OR_ALGORITHMIC_FUNCTION,DESCRIBED_AI_OR_ALGORITHMIC_FUNCTION,MULTIPLE,MULTIPLE
K210666,Chest-CAD,"Imagen Technologies, Inc",510k,2021-07-20,Radiology,DESCRIBED_AI_OR_ALGORITHMIC_FUNCTION,DESCRIBED_AI_OR_ALGORITHMIC_FUNCTION,SINGLE,SINGLE
K210670,BU-CAD,TaiHao Medical Inc.,510k,2021-12-21,Radiology,DESCRIBED_AI_OR_ALGORITHMIC_FUNCTION,DESCRIBED_AI_OR_ALGORITHMIC_FUNCTION,SINGLE,SINGLE
K210719,Change Healthcare Anatomical AI,Change Healthcare Canada Company,510k,2021-07-20,Radiology,DESCRIBED_AI_OR_ALGORITHMIC_FUNCTION,DESCRIBED_AI_OR_ALGORITHMIC_FUNCTION,SINGLE,SINGLE
K210747,Caption Interpretation Automated Ejection Fraction Software,Caption Health,510k,2022-01-19,Radiology,DESCRIBED_AI_OR_ALGORITHMIC_FUNCTION,DESCRIBED_AI_OR_ALGORITHMIC_FUNCTION,SINGLE,SINGLE
K210760,Precise Image,"Philips Medical Systems Nederland, B.V.",510k,2022-01-14,Radiology,DESCRIBED_AI_OR_ALGORITHMIC_FUNCTION,DESCRIBED_AI_OR_ALGORITHMIC_FUNCTION,SINGLE,SINGLE
K210791,Us2.v1,eko.ai Pte. Ltd. d/b/a Us2.ai,510k,2021-07-27,Radiology,DESCRIBED_AI_OR_ALGORITHMIC_FUNCTION,DESCRIBED_AI_OR_ALGORITHMIC_FUNCTION,SINGLE,SINGLE
K210807,FlightPlan for Liver,GE Medical Systems SCS,510k,2021-10-22,Radiology,DESCRIBED_AI_OR_ALGORITHMIC_FUNCTION,DESCRIBED_AI_OR_ALGORITHMIC_FUNCTION,SINGLE,SINGLE
K210822,DeepRhythmAI,Medicalgorithmics S.A.,510k,2022-07-27,Cardiovascular,DESCRIBED_AI_OR_ALGORITHMIC_FUNCTION,DESCRIBED_AI_OR_ALGORITHMIC_FUNCTION,SINGLE,SINGLE
K210831,OnQ Neuro,"CorTechs Labs, Inc",510k,2021-11-19,Radiology,DESCRIBED_AI_OR_ALGORITHMIC_FUNCTION,DESCRIBED_AI_OR_ALGORITHMIC_FUNCTION,MULTIPLE,MULTIPLE
K210999,SwiftMR,AIRS Medical Inc.,510k,2021-10-14,Radiology,DESCRIBED_AI_OR_ALGORITHMIC_FUNCTION,DESCRIBED_AI_OR_ALGORITHMIC_FUNCTION,SINGLE,SINGLE
K211118,SIGNA 7.0T,"GE Medical Systems, LLC",510k,2021-05-13,Radiology,DESCRIBED_AI_OR_ALGORITHMIC_FUNCTION,DESCRIBED_AI_OR_ALGORITHMIC_FUNCTION,SINGLE,SINGLE
K211161,Critical Care Suite with Endotracheal Tube Positing AI algorithm,"GE Medical Systems, LLC",510k,2021-10-29,Radiology,DESCRIBED_AI_OR_ALGORITHMIC_FUNCTION,DESCRIBED_AI_OR_ALGORITHMIC_FUNCTION,MULTIPLE,MULTIPLE
K211179,InferRead CT Stroke.AI,"Infervision Medical Technology Co., Ltd.",510k,2021-08-12,Radiology,DESCRIBED_AI_OR_ALGORITHMIC_FUNCTION,DESCRIBED_AI_OR_ALGORITHMIC_FUNCTION,SINGLE,SINGLE
K211222,qER-Quant,Qure.ai Technologies,510k,2021-07-30,Radiology,DESCRIBED_AI_OR_ALGORITHMIC_FUNCTION,DESCRIBED_AI_OR_ALGORITHMIC_FUNCTION,SINGLE,SINGLE
K211279,Volpara Imaging Software,Volpara Health Technologies Limited,510k,2021-07-27,Radiology,DESCRIBED_AI_OR_ALGORITHMIC_FUNCTION,DESCRIBED_AI_OR_ALGORITHMIC_FUNCTION,SINGLE,SINGLE
K211326,EndoScreener,"Chengdu Wision Medical Device Co., LTD.",510k,2021-11-19,Gastroenterology-Urology,DESCRIBED_AI_OR_ALGORITHMIC_FUNCTION,DESCRIBED_AI_OR_ALGORITHMIC_FUNCTION,SINGLE,SINGLE
K211379,syngo.via RT Image Suite,Siemens Medical Solutions USA Inc.,510k,2021-07-30,Radiology,DESCRIBED_AI_OR_ALGORITHMIC_FUNCTION,DESCRIBED_AI_OR_ALGORITHMIC_FUNCTION,MULTIPLE,MULTIPLE
K211431,breastscape v1.0,Olea Medical,510k,2021-08-02,Radiology,DESCRIBED_AI_OR_ALGORITHMIC_FUNCTION,DESCRIBED_AI_OR_ALGORITHMIC_FUNCTION,MULTIPLE,MULTIPLE
K211443,AIBOLIT 3D+,"AIbolit Technologies, LLC",510k,2022-01-07,Radiology,DESCRIBED_AI_OR_ALGORITHMIC_FUNCTION,DESCRIBED_AI_OR_ALGORITHMIC_FUNCTION,SINGLE,SINGLE
K211459,"syngo.via MI WorkFlows, Scenium, syngo MBF","Siemens Medical Solutions USA, Inc.",510k,2021-06-10,Radiology,DESCRIBED_AI_OR_ALGORITHMIC_FUNCTION,DESCRIBED_AI_OR_ALGORITHMIC_FUNCTION,MULTIPLE,MULTIPLE
K211506,PowerLook Density Assessment V4.0,"iCAD, Inc.",510k,2021-07-12,Radiology,DESCRIBED_AI_OR_ALGORITHMIC_FUNCTION,DESCRIBED_AI_OR_ALGORITHMIC_FUNCTION,SINGLE,SINGLE
K211541,MammoScreen 2.0,Therapixel,510k,2021-11-26,Radiology,DESCRIBED_AI_OR_ALGORITHMIC_FUNCTION,DESCRIBED_AI_OR_ALGORITHMIC_FUNCTION,SINGLE,SINGLE
K211597,"EPIQ Series Diagnostic Ultrasound System, Affiniti Series Diagnostic Ultrasound System",Philips Medical Systems,510k,2021-09-08,Radiology,DESCRIBED_AI_OR_ALGORITHMIC_FUNCTION,DESCRIBED_AI_OR_ALGORITHMIC_FUNCTION,SINGLE,SINGLE
K211611,QIR Suite,CASIS Cardiac Simulation & Imaging Software,510k,2022-09-30,Radiology,DESCRIBED_AI_OR_ALGORITHMIC_FUNCTION,DESCRIBED_AI_OR_ALGORITHMIC_FUNCTION,SINGLE,SINGLE
K211655,aPROMISE,EXINI Diagnostics AB,510k,2021-07-27,Radiology,DESCRIBED_AI_OR_ALGORITHMIC_FUNCTION,DESCRIBED_AI_OR_ALGORITHMIC_FUNCTION,SINGLE,SINGLE
K211678,Lunit INSIGHT MMG,Lunit Inc.,510k,2021-11-17,Radiology,DESCRIBED_AI_OR_ALGORITHMIC_FUNCTION,DESCRIBED_AI_OR_ALGORITHMIC_FUNCTION,SINGLE,SINGLE
K211733,Lunit INSIGHT CXR Triage,Lunit Inc.,510k,2021-11-10,Radiology,DESCRIBED_AI_OR_ALGORITHMIC_FUNCTION,DESCRIBED_AI_OR_ALGORITHMIC_FUNCTION,MULTIPLE,MULTIPLE
K211764,Vereos PET/CT,Philips Medical Systems Nederland B.V.,510k,2021-08-06,Radiology,DESCRIBED_AI_OR_ALGORITHMIC_FUNCTION,DESCRIBED_AI_OR_ALGORITHMIC_FUNCTION,SINGLE,SINGLE
K211788,HALO,Nico.Lab B.V.,510k,2021-07-08,Radiology,DESCRIBED_AI_OR_ALGORITHMIC_FUNCTION,DESCRIBED_AI_OR_ALGORITHMIC_FUNCTION,SINGLE,SINGLE
K211803,HealthPPT,Zebra Medical Vision Ltd.,510k,2021-12-15,Radiology,DESCRIBED_AI_OR_ALGORITHMIC_FUNCTION,DESCRIBED_AI_OR_ALGORITHMIC_FUNCTION,SINGLE,SINGLE
K211824,"HERA W9, HERA W10 Diagnostic Ultrasound System","Samsung Medison Co., Ltd.",510k,2021-09-09,Radiology,DESCRIBED_AI_OR_ALGORITHMIC_FUNCTION,DESCRIBED_AI_OR_ALGORITHMIC_FUNCTION,MULTIPLE,MULTIPLE
K211828,Aquilion Exceed LB,Canon Medical Systems Corporation,510k,2021-09-10,Radiology,DESCRIBED_AI_OR_ALGORITHMIC_FUNCTION,DESCRIBED_AI_OR_ALGORITHMIC_FUNCTION,SINGLE,SINGLE
K211841,MRI Planner,Spectronic Medical AB,510k,2022-08-25,Radiology,DESCRIBED_AI_OR_ALGORITHMIC_FUNCTION,DESCRIBED_AI_OR_ALGORITHMIC_FUNCTION,MULTIPLE,MULTIPLE
K211846,Discovery MI Gen2,"GE Medical Systems, LLC.",510k,2021-08-20,Radiology,DESCRIBED_AI_OR_ALGORITHMIC_FUNCTION,DESCRIBED_AI_OR_ALGORITHMIC_FUNCTION,SINGLE,SINGLE
K211867,RayStation 11.0,RaySearch Laboratories AB (publ),510k,2021-09-08,Radiology,DESCRIBED_AI_OR_ALGORITHMIC_FUNCTION,DESCRIBED_AI_OR_ALGORITHMIC_FUNCTION,MULTIPLE,MULTIPLE
K211881,AI Segmentation,"Varian Medical Systems, Inc.",510k,2021-09-02,Radiology,DESCRIBED_AI_OR_ALGORITHMIC_FUNCTION,DESCRIBED_AI_OR_ALGORITHMIC_FUNCTION,SINGLE,SINGLE
K211906,Vital Signs,Oxehealth Limited,510k,2021-07-20,Cardiovascular,DESCRIBED_AI_OR_ALGORITHMIC_FUNCTION,DESCRIBED_AI_OR_ALGORITHMIC_FUNCTION,SINGLE,SINGLE
K211945,V8 Diagnostic Ultrasound System,"Samsung Medison CO., LTD.",510k,2021-09-08,Radiology,DESCRIBED_AI_OR_ALGORITHMIC_FUNCTION,DESCRIBED_AI_OR_ALGORITHMIC_FUNCTION,UNCERTAIN,UNCERTAIN
K211951,GI Genius,Cosmo Artificial Intelligence - AI Ltd,510k,2021-07-23,Gastroenterology-Urology,DESCRIBED_AI_OR_ALGORITHMIC_FUNCTION,DESCRIBED_AI_OR_ALGORITHMIC_FUNCTION,SINGLE,SINGLE
K211964,SubtlePET,"Subtle Medical, Inc.",510k,2021-09-28,Radiology,DESCRIBED_AI_OR_ALGORITHMIC_FUNCTION,DESCRIBED_AI_OR_ALGORITHMIC_FUNCTION,SINGLE,SINGLE
K211966,Segment 3DPrint,Medviso AB,510k,2022-05-06,Radiology,DESCRIBED_AI_OR_ALGORITHMIC_FUNCTION,DESCRIBED_AI_OR_ALGORITHMIC_FUNCTION,SINGLE,SINGLE
K211980,SIGNA Prime,GE Healthcare (Tianjin) Company Limited,510k,2022-01-16,Radiology,DEVICE_FUNCTION_AI_ATTRIBUTION_UNRESOLVED,DEVICE_FUNCTION_AI_ATTRIBUTION_UNRESOLVED,UNCERTAIN,UNCERTAIN
K212005,UNiD Spine Analyzer,"MEDICREA International, Inc.",510k,2022-01-12,Radiology,DESCRIBED_AI_OR_ALGORITHMIC_FUNCTION,DESCRIBED_AI_OR_ALGORITHMIC_FUNCTION,SINGLE,SINGLE
K212012,Follicle Clarity,Cycle Clarity,510k,2022-01-19,Radiology,DESCRIBED_AI_OR_ALGORITHMIC_FUNCTION,DESCRIBED_AI_OR_ALGORITHMIC_FUNCTION,SINGLE,SINGLE
K212067,Deep Learning Image Reconstruction,GE Healthcare Japan Corporation,510k,2021-09-17,Radiology,DESCRIBED_AI_OR_ALGORITHMIC_FUNCTION,DESCRIBED_AI_OR_ALGORITHMIC_FUNCTION,SINGLE,SINGLE
K212074,ClariCT.AI,ClariPi Inc.,510k,2021-07-27,Radiology,DESCRIBED_AI_OR_ALGORITHMIC_FUNCTION,DESCRIBED_AI_OR_ALGORITHMIC_FUNCTION,SINGLE,SINGLE
K212100,Kosmos,"EchoNous, Inc.",510k,2021-08-06,Radiology,DEVICE_FUNCTION_AI_ATTRIBUTION_UNRESOLVED,DEVICE_FUNCTION_AI_ATTRIBUTION_UNRESOLVED,UNCERTAIN,UNCERTAIN
K212116,VBrain-OAR,Vysioneer Inc.,510k,2021-10-12,Radiology,DESCRIBED_AI_OR_ALGORITHMIC_FUNCTION,DESCRIBED_AI_OR_ALGORITHMIC_FUNCTION,MULTIPLE,MULTIPLE
K212218,Advanced Algorithms for Treatment Management Applications (AATMA),Elekta Solutions AB,510k,2021-10-25,Radiology,DESCRIBED_AI_OR_ALGORITHMIC_FUNCTION,DESCRIBED_AI_OR_ALGORITHMIC_FUNCTION,SINGLE,SINGLE
K212219,AHI System,Fifth Eye Inc.,510k,2021-12-03,Cardiovascular,DESCRIBED_AI_OR_ALGORITHMIC_FUNCTION,DESCRIBED_AI_OR_ALGORITHMIC_FUNCTION,MULTIPLE,MULTIPLE
K212230,TruSPECT  Radiological Image Processing Station,Spectrum Dynamics Medical Ltd,510k,2021-08-16,Radiology,DESCRIBED_AI_OR_ALGORITHMIC_FUNCTION,DESCRIBED_AI_OR_ALGORITHMIC_FUNCTION,SINGLE,SINGLE
K212261,StrokeSENS LVO,"Circle Neurovascular Imaging, Inc",510k,2021-10-14,Radiology,DESCRIBED_AI_OR_ALGORITHMIC_FUNCTION,DESCRIBED_AI_OR_ALGORITHMIC_FUNCTION,SINGLE,SINGLE
K212265,"TEX20/TEX20 Pro/TEX20S/TEX20T/TEX20 Exp/TEX20 Elite Diagnostic Ultrasound System, TEX10/ TEX10 Pro/TEX10S/TEX10T/TEX10 Exp/TEX10 Elite/TE X/TE X Lite Diagnostic Ultrasound System","Shenzhen Mindray Bio-Medical Electronics Co.,LTD",510k,2021-11-16,Radiology,DESCRIBED_AI_OR_ALGORITHMIC_FUNCTION,DESCRIBED_AI_OR_ALGORITHMIC_FUNCTION,SINGLE,SINGLE
K212269,Intelligent NR,Canon Inc.,510k,2021-09-17,Radiology,DESCRIBED_AI_OR_ALGORITHMIC_FUNCTION,DESCRIBED_AI_OR_ALGORITHMIC_FUNCTION,SINGLE,SINGLE
K212274,INT Contour,Carina Medical LLC,510k,2022-04-08,Radiology,DESCRIBED_AI_OR_ALGORITHMIC_FUNCTION,DESCRIBED_AI_OR_ALGORITHMIC_FUNCTION,SINGLE,SINGLE
K212333,"Aplio i900/i800/i700 Diagnostic Ultrasound System, Software V6.5",Canon Medical Systems Corporation,510k,2022-01-24,Radiology,DESCRIBED_AI_OR_ALGORITHMIC_FUNCTION,DESCRIBED_AI_OR_ALGORITHMIC_FUNCTION,SINGLE,SINGLE
K212336,Soteria.AI,"Omega Medical Imaging, LLC",510k,2021-11-17,Radiology,DEVICE_FUNCTION_AI_ATTRIBUTION_UNRESOLVED,DEVICE_FUNCTION_AI_ATTRIBUTION_UNRESOLVED,UNCERTAIN,UNCERTAIN
K212365,BoneView,Gleamer,510k,2022-03-01,Radiology,DESCRIBED_AI_OR_ALGORITHMIC_FUNCTION,DESCRIBED_AI_OR_ALGORITHMIC_FUNCTION,SINGLE,SINGLE
K212383,EndoNaut,Therenva SAS,510k,2021-08-31,Radiology,DESCRIBED_AI_OR_ALGORITHMIC_FUNCTION,DESCRIBED_AI_OR_ALGORITHMIC_FUNCTION,SINGLE,SINGLE
K212441,Philips Incisive CT,"Philips Healthcare (Suzhou) Co., Ltd.",510k,2022-04-27,Radiology,DESCRIBED_AI_OR_ALGORITHMIC_FUNCTION,DESCRIBED_AI_OR_ALGORITHMIC_FUNCTION,SINGLE,SINGLE
K212442,Cydar EV (Series B) and Cydar EV Maps,Cydar Ltd.,510k,2021-12-03,Radiology,DESCRIBED_AI_OR_ALGORITHMIC_FUNCTION,DESCRIBED_AI_OR_ALGORITHMIC_FUNCTION,SINGLE,SINGLE
K212456,Swoop Point-of-Care Magnetic Resonance Imaging (POC MRI) Scanner System,"Hyperfine, Inc.",510k,2021-11-17,Radiology,DESCRIBED_AI_OR_ALGORITHMIC_FUNCTION,DESCRIBED_AI_OR_ALGORITHMIC_FUNCTION,SINGLE,SINGLE
K212466,LVivo Seamless,DiA Imaging Analysis Ltd,510k,2021-12-09,Radiology,DESCRIBED_AI_OR_ALGORITHMIC_FUNCTION,DESCRIBED_AI_OR_ALGORITHMIC_FUNCTION,SINGLE,SINGLE
K212516,IRNF App,Apple Inc.,510k,2021-10-22,Cardiovascular,DESCRIBED_AI_OR_ALGORITHMIC_FUNCTION,DESCRIBED_AI_OR_ALGORITHMIC_FUNCTION,SINGLE,SINGLE
K212519,Overjet Caries Assist,"Overjet, Inc.",510k,2022-05-10,Radiology,DESCRIBED_AI_OR_ALGORITHMIC_FUNCTION,DESCRIBED_AI_OR_ALGORITHMIC_FUNCTION,SINGLE,SINGLE
K212616,Koios DS,"Koios Medical, Inc.",510k,2021-12-16,Radiology,DESCRIBED_AI_OR_ALGORITHMIC_FUNCTION,DESCRIBED_AI_OR_ALGORITHMIC_FUNCTION,MULTIPLE,MULTIPLE
K212624,EFAI Intelligent Cardiothoracic Ratio (iCTR) Assessment System,"Ever Fortune. AI Co., Ltd.",510k,2022-04-04,Radiology,DESCRIBED_AI_OR_ALGORITHMIC_FUNCTION,DESCRIBED_AI_OR_ALGORITHMIC_FUNCTION,SINGLE,SINGLE
K212654,"Micro C Medical Imaging System, M01","OXOS Medical, Inc.",510k,2022-02-04,Radiology,DESCRIBED_AI_OR_ALGORITHMIC_FUNCTION,DESCRIBED_AI_OR_ALGORITHMIC_FUNCTION,SINGLE,SINGLE
K212662,AliveCor QT Service,"AliveCor, Inc.",510k,2022-04-26,Cardiovascular,DESCRIBED_AI_OR_ALGORITHMIC_FUNCTION,DESCRIBED_AI_OR_ALGORITHMIC_FUNCTION,SINGLE,SINGLE
K212690,qXR-BT,Qure.ai Technologies,510k,2021-12-21,Radiology,DESCRIBED_AI_OR_ALGORITHMIC_FUNCTION,DESCRIBED_AI_OR_ALGORITHMIC_FUNCTION,SINGLE,SINGLE
K212704,"Philips EPIQ Diagnostic Ultrasound System, Philips Affiniti Diagnostic Ultrasound System",Philips Medical Systems,510k,2021-09-24,Radiology,DEVICE_FUNCTION_AI_ATTRIBUTION_UNRESOLVED,DEVICE_FUNCTION_AI_ATTRIBUTION_UNRESOLVED,UNCERTAIN,UNCERTAIN
K212758,Autoplaque,Cedars-Sinai Medical Center: AIM,510k,2023-05-19,Radiology,DESCRIBED_AI_OR_ALGORITHMIC_FUNCTION,DESCRIBED_AI_OR_ALGORITHMIC_FUNCTION,SINGLE,SINGLE
K212783,ProstatID,"ScanMed, LLC",510k,2022-07-08,Radiology,DESCRIBED_AI_OR_ALGORITHMIC_FUNCTION,DESCRIBED_AI_OR_ALGORITHMIC_FUNCTION,SINGLE,SINGLE
K212915,MVision AI Segmentation,MVision AI,510k,2022-05-03,Radiology,DESCRIBED_AI_OR_ALGORITHMIC_FUNCTION,DESCRIBED_AI_OR_ALGORITHMIC_FUNCTION,SINGLE,SINGLE
K212960,"Aplio a550, Aplio a450, and Aplio a, Diagnostic Ultrasound System, Software V6.5",Canon Medical Systems Corporation,510k,2022-03-22,Radiology,DESCRIBED_AI_OR_ALGORITHMIC_FUNCTION,DESCRIBED_AI_OR_ALGORITHMIC_FUNCTION,SINGLE,SINGLE
K213037,IDx-DR v2.3,Digital Diagnostics Inc.,510k,2022-06-17,Ophthalmic,DESCRIBED_AI_OR_ALGORITHMIC_FUNCTION,DESCRIBED_AI_OR_ALGORITHMIC_FUNCTION,SINGLE,SINGLE
K213096,Al-Rad Companion (Pulmonary),"Siemens Medical Solutions USA, Inc.",510k,2021-12-06,Radiology,DESCRIBED_AI_OR_ALGORITHMIC_FUNCTION,DESCRIBED_AI_OR_ALGORITHMIC_FUNCTION,MULTIPLE,MULTIPLE
K213155,RT-Mind-AI,"MedMind Technology Co., Ltd.",510k,2021-12-15,Radiology,DESCRIBED_AI_OR_ALGORITHMIC_FUNCTION,DESCRIBED_AI_OR_ALGORITHMIC_FUNCTION,SINGLE,SINGLE
K213165,Rapid,iSchema View Inc.,510k,2022-02-08,Radiology,DESCRIBED_AI_OR_ALGORITHMIC_FUNCTION,DESCRIBED_AI_OR_ALGORITHMIC_FUNCTION,SINGLE,SINGLE
K213272,Formus Hip,"Formus Labs, Ltd",510k,2023-03-31,Radiology,DESCRIBED_AI_OR_ALGORITHMIC_FUNCTION,DESCRIBED_AI_OR_ALGORITHMIC_FUNCTION,SINGLE,SINGLE
K213275,EchoGo Core (2.0),Ultromics Limited,510k,2021-12-20,Radiology,DESCRIBED_AI_OR_ALGORITHMIC_FUNCTION,DESCRIBED_AI_OR_ALGORITHMIC_FUNCTION,SINGLE,SINGLE
K213305,"Vantage Fortian 1.5T, MRT-1550, V8.0 with AiCE Reconstruction Processing Unit for MR",Canon Medical Systems Corporation,510k,2021-12-01,Radiology,DESCRIBED_AI_OR_ALGORITHMIC_FUNCTION,DESCRIBED_AI_OR_ALGORITHMIC_FUNCTION,UNCERTAIN,UNCERTAIN
K213307,Eclipse II with Smart Noise Cancellation,"Carestream Health, Inc.",510k,2022-01-14,Radiology,DESCRIBED_AI_OR_ALGORITHMIC_FUNCTION,DESCRIBED_AI_OR_ALGORITHMIC_FUNCTION,SINGLE,SINGLE
K213319,"Viz ANEURYSM, Viz ANX","Viz.ai, Inc.",510k,2022-02-18,Radiology,DESCRIBED_AI_OR_ALGORITHMIC_FUNCTION,DESCRIBED_AI_OR_ALGORITHMIC_FUNCTION,SINGLE,SINGLE
K213353,Aorta-CAD,"Imagen Technologies, Inc",510k,2022-09-20,Radiology,DESCRIBED_AI_OR_ALGORITHMIC_FUNCTION,DESCRIBED_AI_OR_ALGORITHMIC_FUNCTION,SINGLE,SINGLE
K213357,"Study Watch with Irregular Pulse Monitor (Home), Study Watch with Irregular Pulse Monitor",Verily Life Sciences LLC,510k,2022-07-19,Cardiovascular,DESCRIBED_AI_OR_ALGORITHMIC_FUNCTION,DESCRIBED_AI_OR_ALGORITHMIC_FUNCTION,SINGLE,SINGLE
K213409,ZEUS System (Zio Watch),"iRhythm Technologies, Inc.",510k,2022-07-19,Cardiovascular,DESCRIBED_AI_OR_ALGORITHMIC_FUNCTION,DESCRIBED_AI_OR_ALGORITHMIC_FUNCTION,SINGLE,SINGLE
K213436,Clarius Ultrasound Scanner,Clarius Mobile Health Corp.,510k,2021-11-15,Radiology,DEVICE_FUNCTION_AI_ATTRIBUTION_UNRESOLVED,DEVICE_FUNCTION_AI_ATTRIBUTION_UNRESOLVED,UNCERTAIN,UNCERTAIN
K213504,"Aquilion ONE (TSX-306A/3) V10.12 with Spectral Imaging System, Vitrea Software Package, VSTP-001A",Canon Medical Systems Corporation,510k,2022-06-16,Radiology,DESCRIBED_AI_OR_ALGORITHMIC_FUNCTION,DESCRIBED_AI_OR_ALGORITHMIC_FUNCTION,SINGLE,SINGLE
K213544,TOMTEC-ARENA,TOMTEC Imaging Systems GmbH,510k,2022-01-06,Radiology,DESCRIBED_AI_OR_ALGORITHMIC_FUNCTION,DESCRIBED_AI_OR_ALGORITHMIC_FUNCTION,SINGLE,SINGLE
K213566,ClearRead Xray Pneumothorax,"Riverain Technologies, Inc.",510k,2022-03-10,Radiology,DESCRIBED_AI_OR_ALGORITHMIC_FUNCTION,DESCRIBED_AI_OR_ALGORITHMIC_FUNCTION,SINGLE,SINGLE
K213583,"Achieva, Ingenia, Ingenia CX, Ingenia Elition and Ingenia Ambition MR Systems",Philips Medical Systems Nederland B.V.,510k,2022-05-16,Radiology,DESCRIBED_AI_OR_ALGORITHMIC_FUNCTION,DESCRIBED_AI_OR_ALGORITHMIC_FUNCTION,SINGLE,SINGLE
K213603,SIGNA Artist Evo,GE Healthcare(Tianjin) Company Limited,510k,2022-02-11,Radiology,DESCRIBED_AI_OR_ALGORITHMIC_FUNCTION,DESCRIBED_AI_OR_ALGORITHMIC_FUNCTION,SINGLE,SINGLE
K213628,VBrain,Vysioneer Inc.,510k,2021-12-16,Radiology,DESCRIBED_AI_OR_ALGORITHMIC_FUNCTION,DESCRIBED_AI_OR_ALGORITHMIC_FUNCTION,MULTIPLE,MULTIPLE
K213642,"Voluson S6, Voluson S8, Voluson S8t, Voluson S10, Voluson S10 Expert",GE Healthcare,510k,2022-01-13,Radiology,DEVICE_FUNCTION_AI_ATTRIBUTION_UNRESOLVED,DEVICE_FUNCTION_AI_ATTRIBUTION_UNRESOLVED,UNCERTAIN,UNCERTAIN
K213645,ClearPoint Maestro Brain Model,"ClearPoint Neuro, Inc.",510k,2022-08-08,Radiology,DESCRIBED_AI_OR_ALGORITHMIC_FUNCTION,DESCRIBED_AI_OR_ALGORITHMIC_FUNCTION,SINGLE,SINGLE
K213657,DEEPVESSEL FFR,KeyaMed NA Inc.,510k,2022-04-01,Cardiovascular,DESCRIBED_AI_OR_ALGORITHMIC_FUNCTION,DESCRIBED_AI_OR_ALGORITHMIC_FUNCTION,SINGLE,SINGLE
K213668,SIGNA Hero,"GE Healthcare (GE Medical Systems, LLC)",510k,2022-01-20,Radiology,DEVICE_FUNCTION_AI_ATTRIBUTION_UNRESOLVED,DEVICE_FUNCTION_AI_ATTRIBUTION_UNRESOLVED,UNCERTAIN,UNCERTAIN
K213686,SKOUT Software,Iterative Scopes Inc.,510k,2022-08-12,Gastroenterology-Urology,DESCRIBED_AI_OR_ALGORITHMIC_FUNCTION,DESCRIBED_AI_OR_ALGORITHMIC_FUNCTION,SINGLE,SINGLE
K213689,"Voluson P6, Voluson P8",GE Healthcare,510k,2022-02-17,Radiology,DEVICE_FUNCTION_AI_ATTRIBUTION_UNRESOLVED,DEVICE_FUNCTION_AI_ATTRIBUTION_UNRESOLVED,UNCERTAIN,UNCERTAIN
K213693,MAGNETOM Vida with syngo MR XA50A,"Siemens Medical Solutions USA, Inc.",510k,2022-02-25,Radiology,DESCRIBED_AI_OR_ALGORITHMIC_FUNCTION,DESCRIBED_AI_OR_ALGORITHMIC_FUNCTION,SINGLE,SINGLE
K213706,AI-Rad Companion Brain MR,Siemens Healthcare GmBh,510k,2022-04-15,Radiology,DESCRIBED_AI_OR_ALGORITHMIC_FUNCTION,DESCRIBED_AI_OR_ALGORITHMIC_FUNCTION,MULTIPLE,MULTIPLE
K213713,AI-Rad Companion (Pulmonary),Siemens Healthcare GmBh,510k,2022-08-11,Radiology,DESCRIBED_AI_OR_ALGORITHMIC_FUNCTION,DESCRIBED_AI_OR_ALGORITHMIC_FUNCTION,MULTIPLE,MULTIPLE
K213717,AIR Recon DL,"GE Medical Systems,LLC (GE Healthcare)",510k,2022-06-08,Radiology,DESCRIBED_AI_OR_ALGORITHMIC_FUNCTION,DESCRIBED_AI_OR_ALGORITHMIC_FUNCTION,SINGLE,SINGLE
K213721,BriefCase,"Aidoc Medical, Ltd.",510k,2022-03-21,Radiology,DESCRIBED_AI_OR_ALGORITHMIC_FUNCTION,DESCRIBED_AI_OR_ALGORITHMIC_FUNCTION,SINGLE,SINGLE
K213725,CardIQ Suite,GE Medical Systems SCS,510k,2022-03-11,Radiology,DESCRIBED_AI_OR_ALGORITHMIC_FUNCTION,DESCRIBED_AI_OR_ALGORITHMIC_FUNCTION,SINGLE,SINGLE
K213737,Quantib ND,Quantib B.V.,510k,2022-01-14,Radiology,DESCRIBED_AI_OR_ALGORITHMIC_FUNCTION,DESCRIBED_AI_OR_ALGORITHMIC_FUNCTION,MULTIPLE,MULTIPLE
K213760,ABMD Software,HeartLung Corporation,510k,2022-07-29,Radiology,DESCRIBED_AI_OR_ALGORITHMIC_FUNCTION,DESCRIBED_AI_OR_ALGORITHMIC_FUNCTION,SINGLE,SINGLE
K213776,LiverSmart,Resonance Health Analysis Services Pty Ltd,510k,2021-12-29,Radiology,DESCRIBED_AI_OR_ALGORITHMIC_FUNCTION,DESCRIBED_AI_OR_ALGORITHMIC_FUNCTION,MULTIPLE,MULTIPLE
K213779,Customize,3D-Side SA,510k,2022-03-16,Radiology,DEVICE_FUNCTION_AI_ATTRIBUTION_UNRESOLVED,DEVICE_FUNCTION_AI_ATTRIBUTION_UNRESOLVED,UNCERTAIN,UNCERTAIN
K213794,Eko Murmur Analysis Software (EMAS),"Eko Devices, Inc.",510k,2022-06-29,Cardiovascular,DESCRIBED_AI_OR_ALGORITHMIC_FUNCTION,DESCRIBED_AI_OR_ALGORITHMIC_FUNCTION,SINGLE,SINGLE
K213795,Videa Caries Assist,"VideaHealth, Inc",510k,2022-04-21,Radiology,DESCRIBED_AI_OR_ALGORITHMIC_FUNCTION,DESCRIBED_AI_OR_ALGORITHMIC_FUNCTION,SINGLE,SINGLE
K213857,HeartFlow Analysis,"HeartFlow, Inc.",510k,2022-10-14,Cardiovascular,DESCRIBED_AI_OR_ALGORITHMIC_FUNCTION,DESCRIBED_AI_OR_ALGORITHMIC_FUNCTION,MULTIPLE,MULTIPLE
K213882,EarliPoint System,"EarliTec Diagnostics, Inc.",510k,2022-06-08,Neurology,DESCRIBED_AI_OR_ALGORITHMIC_FUNCTION,DESCRIBED_AI_OR_ALGORITHMIC_FUNCTION,SINGLE,SINGLE
K213886,BriefCase,"Aidoc Medical, Ltd.",510k,2022-04-26,Radiology,DESCRIBED_AI_OR_ALGORITHMIC_FUNCTION,DESCRIBED_AI_OR_ALGORITHMIC_FUNCTION,SINGLE,SINGLE
K213938,Revolution Ascend,GE Healthcare Japan Corporation,510k,2022-02-04,Radiology,DESCRIBED_AI_OR_ALGORITHMIC_FUNCTION,DESCRIBED_AI_OR_ALGORITHMIC_FUNCTION,SINGLE,SINGLE
K213941,Annalise Enterprise CXR Triage Pneumothorax,Annalise-AI,510k,2022-02-24,Radiology,DESCRIBED_AI_OR_ALGORITHMIC_FUNCTION,DESCRIBED_AI_OR_ALGORITHMIC_FUNCTION,SINGLE,SINGLE
K213944,HealthOST,NanoxAI Ltd.,510k,2022-04-22,Radiology,DESCRIBED_AI_OR_ALGORITHMIC_FUNCTION,DESCRIBED_AI_OR_ALGORITHMIC_FUNCTION,SINGLE,SINGLE
K213960,LiverMultiScan v5 (LMSv5),Perspectum,510k,2022-09-06,Radiology,DESCRIBED_AI_OR_ALGORITHMIC_FUNCTION,DESCRIBED_AI_OR_ALGORITHMIC_FUNCTION,SINGLE,SINGLE
K213971,Atrial Fibrillation History Feature,Apple Inc.,510k,2022-06-03,Cardiovascular,DESCRIBED_AI_OR_ALGORITHMIC_FUNCTION,DESCRIBED_AI_OR_ALGORITHMIC_FUNCTION,SINGLE,SINGLE
K213976,Contour ProtégéAI,MIM Software Inc.,510k,2022-02-03,Radiology,DESCRIBED_AI_OR_ALGORITHMIC_FUNCTION,DESCRIBED_AI_OR_ALGORITHMIC_FUNCTION,SINGLE,SINGLE
K213986,CerebralGo Plus,"Yukun (Beijing) Technology Co., Ltd",510k,2023-04-13,Radiology,DEVICE_FUNCTION_AI_ATTRIBUTION_UNRESOLVED,DEVICE_FUNCTION_AI_ATTRIBUTION_UNRESOLVED,UNCERTAIN,UNCERTAIN
K213998,cvi42 Auto Imaging Software Application,Circle Cardiovascular Imaging Inc,510k,2022-07-28,Radiology,DESCRIBED_AI_OR_ALGORITHMIC_FUNCTION,DESCRIBED_AI_OR_ALGORITHMIC_FUNCTION,MULTIPLE,MULTIPLE
K213999,Deep Learning Image Reconstruction,"GE Medical Systems, LLC.",510k,2022-02-18,Radiology,DESCRIBED_AI_OR_ALGORITHMIC_FUNCTION,DESCRIBED_AI_OR_ALGORITHMIC_FUNCTION,SINGLE,SINGLE
K214019,syngo.CT Extended Functionality,"Siemens Medical Solutions USA, Inc.",510k,2022-01-20,Radiology,DESCRIBED_AI_OR_ALGORITHMIC_FUNCTION,DESCRIBED_AI_OR_ALGORITHMIC_FUNCTION,SINGLE,SINGLE
K214036,AVIEW,"Coreline Soft Co.,Ltd.",510k,2022-12-23,Radiology,DESCRIBED_AI_OR_ALGORITHMIC_FUNCTION,DESCRIBED_AI_OR_ALGORITHMIC_FUNCTION,MULTIPLE,MULTIPLE
K214043,BriefCase,"Aidoc Medical, Ltd.",510k,2022-03-14,Radiology,DESCRIBED_AI_OR_ALGORITHMIC_FUNCTION,DESCRIBED_AI_OR_ALGORITHMIC_FUNCTION,SINGLE,SINGLE
K214081,MRCAT Head & Neck,Philips Oy,510k,2022-04-05,Radiology,DESCRIBED_AI_OR_ALGORITHMIC_FUNCTION,DESCRIBED_AI_OR_ALGORITHMIC_FUNCTION,SINGLE,SINGLE
K220013,X100HT with Slide Loader with Full Field Peripheral Blood Smear (PBS) Application,Scopio Labs Ltd.,510k,2022-05-03,Hematology,DESCRIBED_AI_OR_ALGORITHMIC_FUNCTION,DESCRIBED_AI_OR_ALGORITHMIC_FUNCTION,MULTIPLE,MULTIPLE
K220034,NEUROShield,In-Med Prognostics L3C,510k,2023-09-14,Radiology,DESCRIBED_AI_OR_ALGORITHMIC_FUNCTION,DESCRIBED_AI_OR_ALGORITHMIC_FUNCTION,SINGLE,SINGLE
K220043,"HERA W10 Diagnostic Ultrasound System, HERA W9 Diagnostic Ultrasound System","Samsung Medison Co., LTD",510k,2022-04-05,Radiology,DESCRIBED_AI_OR_ALGORITHMIC_FUNCTION,DESCRIBED_AI_OR_ALGORITHMIC_FUNCTION,MULTIPLE,MULTIPLE
K220068,Butterfly iQ/iQ+ Ultrasound System,"Butterfly Network, Inc.",510k,2023-03-31,Radiology,DESCRIBED_AI_OR_ALGORITHMIC_FUNCTION,DESCRIBED_AI_OR_ALGORITHMIC_FUNCTION,SINGLE,SINGLE
K220080,CogNet QmTRIAGE,"MedCognetics, Inc.",510k,2022-09-29,Radiology,DESCRIBED_AI_OR_ALGORITHMIC_FUNCTION,DESCRIBED_AI_OR_ALGORITHMIC_FUNCTION,SINGLE,SINGLE
K220105,Saige-Dx,"DeepHealth, Inc.",510k,2022-05-12,Radiology,DESCRIBED_AI_OR_ALGORITHMIC_FUNCTION,DESCRIBED_AI_OR_ALGORITHMIC_FUNCTION,SINGLE,SINGLE
K220141,RayStation 11B,RaySearch Laboratories AB (publ),510k,2022-04-15,Radiology,DESCRIBED_AI_OR_ALGORITHMIC_FUNCTION,DESCRIBED_AI_OR_ALGORITHMIC_FUNCTION,MULTIPLE,MULTIPLE
K220151,MAGNETOM Avanto Fit,"Siemens Medical Solutions USA, Inc.",510k,2022-04-01,Radiology,DEVICE_FUNCTION_AI_ATTRIBUTION_UNRESOLVED,DEVICE_FUNCTION_AI_ATTRIBUTION_UNRESOLVED,UNCERTAIN,UNCERTAIN
K220164,Rayvolve,AZmed SAS,510k,2022-06-02,Radiology,DESCRIBED_AI_OR_ALGORITHMIC_FUNCTION,DESCRIBED_AI_OR_ALGORITHMIC_FUNCTION,SINGLE,SINGLE
K220192,"Vantage Galan 3T, MRT-3020, V8.0 with AiCE Reconstruction Processing Unit for MR",Canon Medical Systems Corporation,510k,2022-04-08,Radiology,DESCRIBED_AI_OR_ALGORITHMIC_FUNCTION,DESCRIBED_AI_OR_ALGORITHMIC_FUNCTION,UNCERTAIN,UNCERTAIN
K220264,EFAI RTSuite CT HN-Segmentation System,"Ever Fortune.AI Co., Ltd.",510k,2022-04-28,Radiology,DESCRIBED_AI_OR_ALGORITHMIC_FUNCTION,DESCRIBED_AI_OR_ALGORITHMIC_FUNCTION,SINGLE,SINGLE
K220332,uMR Omega with uWS-MR-MRS,"Shanghai United Imaging Healthcare Co.,Ltd.",510k,2022-10-27,Radiology,DESCRIBED_AI_OR_ALGORITHMIC_FUNCTION,DESCRIBED_AI_OR_ALGORITHMIC_FUNCTION,SINGLE,SINGLE
K220349,TeraRecon Neuro,"TeraRecon, Inc",510k,2022-08-12,Radiology,DESCRIBED_AI_OR_ALGORITHMIC_FUNCTION,DESCRIBED_AI_OR_ALGORITHMIC_FUNCTION,SINGLE,SINGLE
K220358,"Voluson Expert 22, Voluson Expert 20, Voluson Expert 18","GE Medical Systems Ultrasound and Primary Care Diagnostics,",510k,2022-06-06,Radiology,DESCRIBED_AI_OR_ALGORITHMIC_FUNCTION,DESCRIBED_AI_OR_ALGORITHMIC_FUNCTION,MULTIPLE,MULTIPLE
K220408,AVIEW RT ACS,"Coreline Soft Co.,Ltd",510k,2022-11-10,Radiology,DESCRIBED_AI_OR_ALGORITHMIC_FUNCTION,DESCRIBED_AI_OR_ALGORITHMIC_FUNCTION,SINGLE,SINGLE
K220416,SwiftMR,AIRS Medical Inc.,510k,2022-05-25,Radiology,DESCRIBED_AI_OR_ALGORITHMIC_FUNCTION,DESCRIBED_AI_OR_ALGORITHMIC_FUNCTION,SINGLE,SINGLE
K220437,Neurophet AQUA,"NEUROPHET, Inc.",510k,2023-05-10,Radiology,DESCRIBED_AI_OR_ALGORITHMIC_FUNCTION,DESCRIBED_AI_OR_ALGORITHMIC_FUNCTION,SINGLE,SINGLE
K220439,Viz SDH,"Viz.ai, Inc.",510k,2022-07-25,Radiology,DESCRIBED_AI_OR_ALGORITHMIC_FUNCTION,DESCRIBED_AI_OR_ALGORITHMIC_FUNCTION,SINGLE,SINGLE
K220446,Versana Balance,"GE Medical Systems Ultrasound and Primary Care Diagnostics,",510k,2022-05-11,Radiology,DESCRIBED_AI_OR_ALGORITHMIC_FUNCTION,DESCRIBED_AI_OR_ALGORITHMIC_FUNCTION,SINGLE,SINGLE
K220497,CoLumbo,Smart Soft Healthcare AD,510k,2022-06-23,Radiology,DESCRIBED_AI_OR_ALGORITHMIC_FUNCTION,DESCRIBED_AI_OR_ALGORITHMIC_FUNCTION,SINGLE,SINGLE
K220499,Rapid PE Triage and Notification (PETN),iSchemaView Inc.,510k,2022-05-17,Radiology,DESCRIBED_AI_OR_ALGORITHMIC_FUNCTION,DESCRIBED_AI_OR_ALGORITHMIC_FUNCTION,SINGLE,SINGLE
K220575,"MAGNETOM Free.Max, MAGNETOM Free.Star","Siemens Medical Solutions USA, Inc.",510k,2022-06-24,Radiology,DEVICE_FUNCTION_AI_ATTRIBUTION_UNRESOLVED,DEVICE_FUNCTION_AI_ATTRIBUTION_UNRESOLVED,UNCERTAIN,UNCERTAIN
K220589,MAGNETOM Skyra Fit,"Siemens Medical Solutions USA, Inc.",510k,2022-05-13,Radiology,DEVICE_FUNCTION_AI_ATTRIBUTION_UNRESOLVED,DEVICE_FUNCTION_AI_ATTRIBUTION_UNRESOLVED,UNCERTAIN,UNCERTAIN
K220590,aPROMISE X,EXINI Diagnostics AB,510k,2022-04-29,Radiology,DESCRIBED_AI_OR_ALGORITHMIC_FUNCTION,DESCRIBED_AI_OR_ALGORITHMIC_FUNCTION,SINGLE,SINGLE
K220598,AutoContour Model RADAC V2,"Radformation, Inc.",510k,2022-08-24,Radiology,DESCRIBED_AI_OR_ALGORITHMIC_FUNCTION,DESCRIBED_AI_OR_ALGORITHMIC_FUNCTION,SINGLE,SINGLE
K220619,"Vivid S60N, Vivid S70N","GE Medical Systems Ultrasound and Primary Care Diagnostics,",510k,2022-07-15,Radiology,DESCRIBED_AI_OR_ALGORITHMIC_FUNCTION,DESCRIBED_AI_OR_ALGORITHMIC_FUNCTION,SINGLE,SINGLE
K220624,AI4CMR v1.0,AI4MedImaging Medical Solutions S.A.,510k,2022-07-22,Radiology,DESCRIBED_AI_OR_ALGORITHMIC_FUNCTION,DESCRIBED_AI_OR_ALGORITHMIC_FUNCTION,SINGLE,SINGLE
K220709,BriefCase,"Aidoc Medical, Ltd.",510k,2022-10-07,Radiology,DESCRIBED_AI_OR_ALGORITHMIC_FUNCTION,DESCRIBED_AI_OR_ALGORITHMIC_FUNCTION,SINGLE,SINGLE
K220766,eMurmur Heart AI,CSD Labs GmbH,510k,2022-05-31,Cardiovascular,DESCRIBED_AI_OR_ALGORITHMIC_FUNCTION,DESCRIBED_AI_OR_ALGORITHMIC_FUNCTION,SINGLE,SINGLE
K220783,syngo.via RT Image Suite,Siemens Medical Solutions USA Inc.,510k,2022-09-07,Radiology,DESCRIBED_AI_OR_ALGORITHMIC_FUNCTION,DESCRIBED_AI_OR_ALGORITHMIC_FUNCTION,SINGLE,SINGLE
K220786,STAR Apollo Mapping System,"Rhythm Al, Ltd",510k,2022-12-01,Cardiovascular,DESCRIBED_AI_OR_ALGORITHMIC_FUNCTION,DESCRIBED_AI_OR_ALGORITHMIC_FUNCTION,SINGLE,SINGLE
K220800,Venue Go,GE Medical Systems Ultrasound and Primary Care Diagnostics,510k,2022-06-21,Radiology,DESCRIBED_AI_OR_ALGORITHMIC_FUNCTION,DESCRIBED_AI_OR_ALGORITHMIC_FUNCTION,SINGLE,SINGLE
K220813,ART-PLAN,TheraPanacea,510k,2022-06-17,Radiology,DESCRIBED_AI_OR_ALGORITHMIC_FUNCTION,DESCRIBED_AI_OR_ALGORITHMIC_FUNCTION,MULTIPLE,MULTIPLE
K220815,BrainInsight,"Hyperfine, Inc.",510k,2022-07-19,Radiology,DESCRIBED_AI_OR_ALGORITHMIC_FUNCTION,DESCRIBED_AI_OR_ALGORITHMIC_FUNCTION,SINGLE,SINGLE
K220848,Venue Fit,GE Medical Systems,510k,2022-06-27,Radiology,DESCRIBED_AI_OR_ALGORITHMIC_FUNCTION,DESCRIBED_AI_OR_ALGORITHMIC_FUNCTION,SINGLE,SINGLE
K220851,Venue,GE Medical Systems,510k,2022-06-27,Radiology,DESCRIBED_AI_OR_ALGORITHMIC_FUNCTION,DESCRIBED_AI_OR_ALGORITHMIC_FUNCTION,SINGLE,SINGLE
K220882,"Vivid E80, Vivid E90, Vivid E95",GE Medical Systems Ultrasound and,510k,2022-07-22,Radiology,DESCRIBED_AI_OR_ALGORITHMIC_FUNCTION,DESCRIBED_AI_OR_ALGORITHMIC_FUNCTION,SINGLE,SINGLE
K220899,Oxehealth Vital Signs,Oxehealth Limited,510k,2022-04-29,Cardiovascular,DESCRIBED_AI_OR_ALGORITHMIC_FUNCTION,DESCRIBED_AI_OR_ALGORITHMIC_FUNCTION,SINGLE,SINGLE
K220928,Overjet Calculus Assist,Overjet Inc.,510k,2022-12-16,Radiology,DESCRIBED_AI_OR_ALGORITHMIC_FUNCTION,DESCRIBED_AI_OR_ALGORITHMIC_FUNCTION,SINGLE,SINGLE
K220939,MAGNETOM Lumina and MAGNETOM Vida Fit with syngo MR XA50A,Siemens Medical Solutions USA Inc.,510k,2022-04-29,Radiology,DESCRIBED_AI_OR_ALGORITHMIC_FUNCTION,DESCRIBED_AI_OR_ALGORITHMIC_FUNCTION,SINGLE,SINGLE
K220940,"EchoPAC Software Only, EchoPAC Plug-in","GE Medical Systems Ultrasound and Primary Care Diagnostics,",510k,2022-07-22,Radiology,DESCRIBED_AI_OR_ALGORITHMIC_FUNCTION,DESCRIBED_AI_OR_ALGORITHMIC_FUNCTION,SINGLE,SINGLE
K220956,Libby Echo:Prio,"Dyad Medical, Inc",510k,2022-07-20,Radiology,DESCRIBED_AI_OR_ALGORITHMIC_FUNCTION,DESCRIBED_AI_OR_ALGORITHMIC_FUNCTION,SINGLE,SINGLE
K220961,Deep Learning Image Reconstruction,GE Healthcare Japan Corporation,510k,2022-07-29,Radiology,DESCRIBED_AI_OR_ALGORITHMIC_FUNCTION,DESCRIBED_AI_OR_ALGORITHMIC_FUNCTION,SINGLE,SINGLE
K220975,"V8 Diagnostic Ultrasound System, V7 Diagnostic Ultrasound System","Samsung Medison Co., Ltd.",510k,2022-06-29,Radiology,DESCRIBED_AI_OR_ALGORITHMIC_FUNCTION,DESCRIBED_AI_OR_ALGORITHMIC_FUNCTION,SINGLE,SINGLE
K220986,Aquilion Precision (TSX-304A/4) V10.10 with AiCE,Canon Medical Systems Corporation,510k,2022-09-12,Radiology,DESCRIBED_AI_OR_ALGORITHMIC_FUNCTION,DESCRIBED_AI_OR_ALGORITHMIC_FUNCTION,SINGLE,SINGLE
K221100,Viz RV/LV,"Viz.ai, Inc.",510k,2022-08-29,Radiology,DESCRIBED_AI_OR_ALGORITHMIC_FUNCTION,DESCRIBED_AI_OR_ALGORITHMIC_FUNCTION,SINGLE,SINGLE
K221106,Quantib Prostate,Quantib BV,510k,2022-05-13,Radiology,DESCRIBED_AI_OR_ALGORITHMIC_FUNCTION,DESCRIBED_AI_OR_ALGORITHMIC_FUNCTION,SINGLE,SINGLE
K221147,"Vivid T8, Vivid T9","GE Medical Systems Ultrasound and Primary Care Diagnostics,",510k,2022-07-18,Radiology,DESCRIBED_AI_OR_ALGORITHMIC_FUNCTION,DESCRIBED_AI_OR_ALGORITHMIC_FUNCTION,SINGLE,SINGLE
K221148,Vivid iq,GE Medical Systems Ultrasound & Primary Care Diagnostics LLC,510k,2022-07-18,Radiology,DESCRIBED_AI_OR_ALGORITHMIC_FUNCTION,DESCRIBED_AI_OR_ALGORITHMIC_FUNCTION,SINGLE,SINGLE
K221179,SomnoMetry,Neumetry Medical Inc,510k,2022-09-21,Neurology,DESCRIBED_AI_OR_ALGORITHMIC_FUNCTION,DESCRIBED_AI_OR_ALGORITHMIC_FUNCTION,SINGLE,SINGLE
K221183,AEYE-DS,"AEYE Health, Inc.",510k,2022-11-10,Ophthalmic,DESCRIBED_AI_OR_ALGORITHMIC_FUNCTION,DESCRIBED_AI_OR_ALGORITHMIC_FUNCTION,SINGLE,SINGLE
K221203,AHI System,Fifth Eye Inc.,510k,2022-07-14,Cardiovascular,DESCRIBED_AI_OR_ALGORITHMIC_FUNCTION,DESCRIBED_AI_OR_ALGORITHMIC_FUNCTION,MULTIPLE,MULTIPLE
K221219,syngo.CT CaScoring,"Siemens Medical Solutions USA, Inc.",510k,2022-05-17,Radiology,DESCRIBED_AI_OR_ALGORITHMIC_FUNCTION,DESCRIBED_AI_OR_ALGORITHMIC_FUNCTION,SINGLE,SINGLE
K221240,BriefCase,"Aidoc Medical, Ltd.",510k,2022-05-17,Radiology,DESCRIBED_AI_OR_ALGORITHMIC_FUNCTION,DESCRIBED_AI_OR_ALGORITHMIC_FUNCTION,SINGLE,SINGLE
K221241,DrAid for Radiology v1,VinBrain Joint Stock Company,510k,2022-09-01,Radiology,DESCRIBED_AI_OR_ALGORITHMIC_FUNCTION,DESCRIBED_AI_OR_ALGORITHMIC_FUNCTION,SINGLE,SINGLE
K221248,Rapid LVO,iSchemaView Inc.,510k,2022-05-31,Radiology,DESCRIBED_AI_OR_ALGORITHMIC_FUNCTION,DESCRIBED_AI_OR_ALGORITHMIC_FUNCTION,SINGLE,SINGLE
K221305,AI-Rad Companion Organs RT,"Siemens Medical Solutions USA, Inc",510k,2022-10-14,Radiology,DESCRIBED_AI_OR_ALGORITHMIC_FUNCTION,DESCRIBED_AI_OR_ALGORITHMIC_FUNCTION,SINGLE,SINGLE
K221309,AI100 with Shonit,SigTuple Technologies Pvt. Ltd.,510k,2023-09-19,Hematology,DESCRIBED_AI_OR_ALGORITHMIC_FUNCTION,DESCRIBED_AI_OR_ALGORITHMIC_FUNCTION,SINGLE,SINGLE
K221314,BriefCase,"Aidoc Medical, Ltd.",510k,2022-06-03,Radiology,DESCRIBED_AI_OR_ALGORITHMIC_FUNCTION,DESCRIBED_AI_OR_ALGORITHMIC_FUNCTION,SINGLE,SINGLE
K221330,BriefCase,"Aidoc Medical, Ltd.",510k,2022-11-18,Radiology,DESCRIBED_AI_OR_ALGORITHMIC_FUNCTION,DESCRIBED_AI_OR_ALGORITHMIC_FUNCTION,SINGLE,SINGLE
K221347,Transpara 1.7.2,ScreenPoint Medical B.V.,510k,2022-08-03,Radiology,DESCRIBED_AI_OR_ALGORITHMIC_FUNCTION,DESCRIBED_AI_OR_ALGORITHMIC_FUNCTION,SINGLE,SINGLE
K221393,Swoop Portable MR Imaging System,"Hyperfine, Inc.",510k,2022-06-10,Radiology,DESCRIBED_AI_OR_ALGORITHMIC_FUNCTION,DESCRIBED_AI_OR_ALGORITHMIC_FUNCTION,SINGLE,SINGLE
K221432,Customize,3D-Side SA,510k,2022-08-03,Radiology,DESCRIBED_AI_OR_ALGORITHMIC_FUNCTION,DESCRIBED_AI_OR_ALGORITHMIC_FUNCTION,SINGLE,SINGLE
K221449,Genius AI Detection 2.0,"Hologic, Inc.",510k,2022-10-06,Radiology,DESCRIBED_AI_OR_ALGORITHMIC_FUNCTION,DESCRIBED_AI_OR_ALGORITHMIC_FUNCTION,SINGLE,SINGLE
K221456,Rapid ICH,iSchemaView Inc.,510k,2022-09-12,Radiology,DESCRIBED_AI_OR_ALGORITHMIC_FUNCTION,DESCRIBED_AI_OR_ALGORITHMIC_FUNCTION,SINGLE,SINGLE
K221463,ElucidVivo A.3,Elucid Bioimaging Inc.,510k,2022-06-17,Radiology,DESCRIBED_AI_OR_ALGORITHMIC_FUNCTION,DESCRIBED_AI_OR_ALGORITHMIC_FUNCTION,SINGLE,SINGLE
K221552,EFAI ChestSuite XR Pneumothorax Assessment System,"Ever Fortune AI Co., Ltd.",510k,2022-11-08,Radiology,DESCRIBED_AI_OR_ALGORITHMIC_FUNCTION,DESCRIBED_AI_OR_ALGORITHMIC_FUNCTION,SINGLE,SINGLE
K221564,Brainomix 360 e-ASPECTS,Brainomix Limited,510k,2023-02-23,Radiology,DESCRIBED_AI_OR_ALGORITHMIC_FUNCTION,DESCRIBED_AI_OR_ALGORITHMIC_FUNCTION,SINGLE,SINGLE
K221592,AVIEW Lung Nodule CAD,"Coreline Soft Co.,Ltd.",510k,2023-02-24,Radiology,DESCRIBED_AI_OR_ALGORITHMIC_FUNCTION,DESCRIBED_AI_OR_ALGORITHMIC_FUNCTION,SINGLE,SINGLE
K221599,HS40 Diagnostic Ultrasound System,"Samsung Medison Co., Ltd.",510k,2022-08-22,Radiology,DESCRIBED_AI_OR_ALGORITHMIC_FUNCTION,DESCRIBED_AI_OR_ALGORITHMIC_FUNCTION,MULTIPLE,MULTIPLE
K221624,Avenda Health AI Prostate Cancer Planning Software,"Avenda Health, Inc.",510k,2022-11-22,Radiology,DESCRIBED_AI_OR_ALGORITHMIC_FUNCTION,DESCRIBED_AI_OR_ALGORITHMIC_FUNCTION,MULTIPLE,MULTIPLE
K221632,Spine CAMP,"Medical Metrics, Inc.",510k,2022-10-18,Radiology,DESCRIBED_AI_OR_ALGORITHMIC_FUNCTION,DESCRIBED_AI_OR_ALGORITHMIC_FUNCTION,SINGLE,SINGLE
K221680,Xeleris V Processing and Review System,GE Healthcare,510k,2023-03-01,Radiology,DESCRIBED_AI_OR_ALGORITHMIC_FUNCTION,DESCRIBED_AI_OR_ALGORITHMIC_FUNCTION,MULTIPLE,MULTIPLE
K221706,AccuContour,"Manteia Technologies Co., Ltd.",510k,2023-03-09,Radiology,DESCRIBED_AI_OR_ALGORITHMIC_FUNCTION,DESCRIBED_AI_OR_ALGORITHMIC_FUNCTION,MULTIPLE,MULTIPLE
K221716,CINA,AVICENNA.AI,510k,2022-11-22,Radiology,DESCRIBED_AI_OR_ALGORITHMIC_FUNCTION,DESCRIBED_AI_OR_ALGORITHMIC_FUNCTION,SINGLE,SINGLE
K221727,syngo.CT Extended Functionality,"Siemens Medical Solutions USA, Inc.",510k,2022-07-13,Radiology,DESCRIBED_AI_OR_ALGORITHMIC_FUNCTION,DESCRIBED_AI_OR_ALGORITHMIC_FUNCTION,MULTIPLE,MULTIPLE
K221733,"MAGNETOM Sola, MAGNETOM Altea, MAGNETOM Sola Fit","Siemens Medical Solutions USA, Inc.",510k,2022-09-13,Radiology,DEVICE_FUNCTION_AI_ATTRIBUTION_UNRESOLVED,DEVICE_FUNCTION_AI_ATTRIBUTION_UNRESOLVED,UNCERTAIN,UNCERTAIN
K221738,NS-HGlio,Neosoma Inc.,510k,2022-09-27,Radiology,DESCRIBED_AI_OR_ALGORITHMIC_FUNCTION,DESCRIBED_AI_OR_ALGORITHMIC_FUNCTION,SINGLE,SINGLE
K221762,BoneMRI v1.4,MRlguidance B.V.,510k,2022-11-16,Radiology,DESCRIBED_AI_OR_ALGORITHMIC_FUNCTION,DESCRIBED_AI_OR_ALGORITHMIC_FUNCTION,SINGLE,SINGLE
K221772,NeuroRPM,New Touch Digital Inc.,510k,2023-03-17,Neurology,DESCRIBED_AI_OR_ALGORITHMIC_FUNCTION,DESCRIBED_AI_OR_ALGORITHMIC_FUNCTION,SINGLE,SINGLE
K221868,QOCA image Smart CXR Image Processing System,Quanta Computer Inc.,510k,2023-01-27,Radiology,DESCRIBED_AI_OR_ALGORITHMIC_FUNCTION,DESCRIBED_AI_OR_ALGORITHMIC_FUNCTION,SINGLE,SINGLE
K221892,VISIONAIR,PacificMD Biotech Llc,510k,2022-10-05,Anesthesiology,DESCRIBED_AI_OR_ALGORITHMIC_FUNCTION,DESCRIBED_AI_OR_ALGORITHMIC_FUNCTION,SINGLE,SINGLE
K221921,DTX Studio Clinic 3.0,Nobel Biocare AB,510k,2023-03-28,Radiology,DESCRIBED_AI_OR_ALGORITHMIC_FUNCTION,DESCRIBED_AI_OR_ALGORITHMIC_FUNCTION,SINGLE,SINGLE
K221923,Swoop Portable MR Imaging System,"Hyperfine, Inc.",510k,2022-07-28,Radiology,DESCRIBED_AI_OR_ALGORITHMIC_FUNCTION,DESCRIBED_AI_OR_ALGORITHMIC_FUNCTION,SINGLE,SINGLE
K221962,LINQ II Insertable Cardiac Monitor,"Medtronic, Inc.",510k,2022-08-25,Cardiovascular,DEVICE_FUNCTION_AI_ATTRIBUTION_UNRESOLVED,DEVICE_FUNCTION_AI_ATTRIBUTION_UNRESOLVED,UNCERTAIN,UNCERTAIN
K222036,MPXA-2000,"Medipixel, Inc.",510k,2023-03-22,Radiology,DESCRIBED_AI_OR_ALGORITHMIC_FUNCTION,DESCRIBED_AI_OR_ALGORITHMIC_FUNCTION,SINGLE,SINGLE
K222070,EndoNaut,Therenva SAS,510k,2022-10-25,Radiology,DESCRIBED_AI_OR_ALGORITHMIC_FUNCTION,DESCRIBED_AI_OR_ALGORITHMIC_FUNCTION,SINGLE,SINGLE
K222076,EFAI ChestSuite XR Pleural Effusion Assessment System,"Ever Fortune.AI Co., Ltd.",510k,2022-09-08,Radiology,DESCRIBED_AI_OR_ALGORITHMIC_FUNCTION,DESCRIBED_AI_OR_ALGORITHMIC_FUNCTION,SINGLE,SINGLE
K222172,MI View&GO,"Siemens Medical Solutions USA, Inc.",510k,2022-08-19,Radiology,DEVICE_FUNCTION_AI_ATTRIBUTION_UNRESOLVED,DEVICE_FUNCTION_AI_ATTRIBUTION_UNRESOLVED,UNCERTAIN,UNCERTAIN
K222174,RadioLens v1.0,Synapsica,510k,2023-03-28,Radiology,DESCRIBED_AI_OR_ALGORITHMIC_FUNCTION,DESCRIBED_AI_OR_ALGORITHMIC_FUNCTION,SINGLE,SINGLE
K222176,BoneView,Gleamer,510k,2023-03-02,Radiology,DESCRIBED_AI_OR_ALGORITHMIC_FUNCTION,DESCRIBED_AI_OR_ALGORITHMIC_FUNCTION,SINGLE,SINGLE
K222179,Annalise Enterprise CXR Triage Trauma,Annalise-AI Pty Ltd,510k,2023-03-28,Radiology,DESCRIBED_AI_OR_ALGORITHMIC_FUNCTION,DESCRIBED_AI_OR_ALGORITHMIC_FUNCTION,SINGLE,SINGLE
K222268,Annalise Enterprise CXR Triage Trauma,Annalise-AI Pty Ltd,510k,2023-03-28,Radiology,DESCRIBED_AI_OR_ALGORITHMIC_FUNCTION,DESCRIBED_AI_OR_ALGORITHMIC_FUNCTION,SINGLE,SINGLE
K222275,Saige-Density,"DeepHealth, Inc.",510k,2022-12-16,Radiology,DESCRIBED_AI_OR_ALGORITHMIC_FUNCTION,DESCRIBED_AI_OR_ALGORITHMIC_FUNCTION,SINGLE,SINGLE
K222277,BriefCase,"Aidoc Medical, Ltd.",510k,2022-08-26,Radiology,DESCRIBED_AI_OR_ALGORITHMIC_FUNCTION,DESCRIBED_AI_OR_ALGORITHMIC_FUNCTION,SINGLE,SINGLE
K222312,RayStation 12A,RaySearch Laboratories AB (publ),510k,2023-03-29,Radiology,DESCRIBED_AI_OR_ALGORITHMIC_FUNCTION,DESCRIBED_AI_OR_ALGORITHMIC_FUNCTION,MULTIPLE,MULTIPLE
K222329,BriefCase,"Aidoc Medical, Ltd.",510k,2022-09-28,Radiology,DESCRIBED_AI_OR_ALGORITHMIC_FUNCTION,DESCRIBED_AI_OR_ALGORITHMIC_FUNCTION,SINGLE,SINGLE
K222360,AI-Rad Companion (Cardiovascular),Siemens Medical Solutions U.S.A.,510k,2023-04-06,Radiology,DESCRIBED_AI_OR_ALGORITHMIC_FUNCTION,DESCRIBED_AI_OR_ALGORITHMIC_FUNCTION,SINGLE,SINGLE
K222361,AI-Rad Companion (Musculoskeletal),"Siemens Medical Solutions USA, Inc.",510k,2022-10-20,Radiology,DESCRIBED_AI_OR_ALGORITHMIC_FUNCTION,DESCRIBED_AI_OR_ALGORITHMIC_FUNCTION,SINGLE,SINGLE
K222389,ZEUS System,"iRhythm Technologies, Inc.",510k,2023-02-15,Cardiovascular,DESCRIBED_AI_OR_ALGORITHMIC_FUNCTION,DESCRIBED_AI_OR_ALGORITHMIC_FUNCTION,SINGLE,SINGLE
K222406,Clarius AI,Clarius Mobile Health Corp.,510k,2023-01-23,Radiology,DESCRIBED_AI_OR_ALGORITHMIC_FUNCTION,DESCRIBED_AI_OR_ALGORITHMIC_FUNCTION,SINGLE,SINGLE
K222428,Syngo Dynamics (Version VA40F),"Siemens Medical Solutions USA, Inc.",510k,2022-11-14,Radiology,DESCRIBED_AI_OR_ALGORITHMIC_FUNCTION,DESCRIBED_AI_OR_ALGORITHMIC_FUNCTION,SINGLE,SINGLE
K222458,AIBOLIT 3D+,"Aibolit Technologies, LLC",510k,2023-01-12,Radiology,DESCRIBED_AI_OR_ALGORITHMIC_FUNCTION,DESCRIBED_AI_OR_ALGORITHMIC_FUNCTION,SINGLE,SINGLE
K222579,Belun Sleep System BLS-100,Belun Technology Company Limited,510k,2023-02-23,Anesthesiology,DESCRIBED_AI_OR_ALGORITHMIC_FUNCTION,DESCRIBED_AI_OR_ALGORITHMIC_FUNCTION,SINGLE,SINGLE
K222593,TruPlan Computed Tomography (CT) Imaging Software,"Circle Cardiovascular Imaging, Inc.",510k,2023-01-18,Radiology,DESCRIBED_AI_OR_ALGORITHMIC_FUNCTION,DESCRIBED_AI_OR_ALGORITHMIC_FUNCTION,SINGLE,SINGLE
K222676,Ceevra Reveal 3,"Ceevra, Inc.",510k,2023-04-25,Radiology,DESCRIBED_AI_OR_ALGORITHMIC_FUNCTION,DESCRIBED_AI_OR_ALGORITHMIC_FUNCTION,SINGLE,SINGLE
K222692,BriefCase,"Aidoc Medical, Ltd.",510k,2022-12-05,Radiology,DESCRIBED_AI_OR_ALGORITHMIC_FUNCTION,DESCRIBED_AI_OR_ALGORITHMIC_FUNCTION,SINGLE,SINGLE
K222728,Radiation Planning Assistant (RPA),"University of Texas, MD Anderson Cancer Center",510k,2023-05-17,Radiology,DESCRIBED_AI_OR_ALGORITHMIC_FUNCTION,DESCRIBED_AI_OR_ALGORITHMIC_FUNCTION,MULTIPLE,MULTIPLE
K222745,Axial3D Insight,Axial Medical Printing Limited,510k,2023-07-03,Radiology,DESCRIBED_AI_OR_ALGORITHMIC_FUNCTION,DESCRIBED_AI_OR_ALGORITHMIC_FUNCTION,SINGLE,SINGLE
K222746,Overjet Caries Assist,"Overjet, Inc.",510k,2023-03-27,Radiology,DESCRIBED_AI_OR_ALGORITHMIC_FUNCTION,DESCRIBED_AI_OR_ALGORITHMIC_FUNCTION,SINGLE,SINGLE
K222755,uMR 680,"Shanghai United Imaging Intelligence Co., Ltd.",510k,2023-02-16,Radiology,DESCRIBED_AI_OR_ALGORITHMIC_FUNCTION,DESCRIBED_AI_OR_ALGORITHMIC_FUNCTION,SINGLE,SINGLE
K222803,Oncospace,"Oncospace, Inc.",510k,2023-02-02,Radiology,DESCRIBED_AI_OR_ALGORITHMIC_FUNCTION,DESCRIBED_AI_OR_ALGORITHMIC_FUNCTION,SINGLE,SINGLE
K222819,Aquilion Serve (TSX-307A/1) V1.2 with AiCE-i,Canon Medical Systems Corporation,510k,2023-03-03,Radiology,DESCRIBED_AI_OR_ALGORITHMIC_FUNCTION,DESCRIBED_AI_OR_ALGORITHMIC_FUNCTION,SINGLE,SINGLE
K222884,Rapid NCCT Stroke,"iSchemaView, Inc.",510k,2023-03-02,Radiology,DESCRIBED_AI_OR_ALGORITHMIC_FUNCTION,DESCRIBED_AI_OR_ALGORITHMIC_FUNCTION,SINGLE,SINGLE
K222921,Minuteful-kidney test,Healthy.io Ltd.,510k,2023-09-08,Clinical Chemistry,DESCRIBED_AI_OR_ALGORITHMIC_FUNCTION,DESCRIBED_AI_OR_ALGORITHMIC_FUNCTION,SINGLE,SINGLE
K222970,LVivo IQS,DiA Imaging Analysis Ltd,510k,2023-02-01,Radiology,DESCRIBED_AI_OR_ALGORITHMIC_FUNCTION,DESCRIBED_AI_OR_ALGORITHMIC_FUNCTION,MULTIPLE,MULTIPLE
K223028,uCT ATLAS Astound with uWS-CT-Dual Energy Analysis,"Shanghai United Imaging Healthcare Co., Ltd.",510k,2023-02-16,Radiology,DESCRIBED_AI_OR_ALGORITHMIC_FUNCTION,DESCRIBED_AI_OR_ALGORITHMIC_FUNCTION,SINGLE,SINGLE
K223032,SIS System (Version 5.6.0),"Surgical Information Sciences, Inc.",510k,2022-11-21,Radiology,DESCRIBED_AI_OR_ALGORITHMIC_FUNCTION,DESCRIBED_AI_OR_ALGORITHMIC_FUNCTION,MULTIPLE,MULTIPLE
K223042,Viz LVO ContaCT,"Viz.ai, Inc.",510k,2022-10-21,Radiology,DESCRIBED_AI_OR_ALGORITHMIC_FUNCTION,DESCRIBED_AI_OR_ALGORITHMIC_FUNCTION,SINGLE,SINGLE
K223073,Alio,"Alio, Inc.",510k,2023-03-17,Cardiovascular,DESCRIBED_AI_OR_ALGORITHMIC_FUNCTION,DESCRIBED_AI_OR_ALGORITHMIC_FUNCTION,SINGLE,SINGLE
K223106,"Brainlab Elements Image Fusion, Contouring (4.5);Image Fusion  (4.5);Fibertracking (2.0);BOLD MRI Mapping  (1.0);Image Fusion Angio  (1.0)",Brainlab AG,510k,2023-07-14,Radiology,DESCRIBED_AI_OR_ALGORITHMIC_FUNCTION,DESCRIBED_AI_OR_ALGORITHMIC_FUNCTION,SINGLE,SINGLE
K223133,VisiRad XR,Imidex Inc.,510k,2023-08-03,Radiology,DESCRIBED_AI_OR_ALGORITHMIC_FUNCTION,DESCRIBED_AI_OR_ALGORITHMIC_FUNCTION,SINGLE,SINGLE
K223180,AIRAscore,AIRAmed GmbH,510k,2023-08-25,Radiology,DESCRIBED_AI_OR_ALGORITHMIC_FUNCTION,DESCRIBED_AI_OR_ALGORITHMIC_FUNCTION,SINGLE,SINGLE
K223212,Precision DL,GE Healthcare,510k,2023-04-27,Radiology,DESCRIBED_AI_OR_ALGORITHMIC_FUNCTION,DESCRIBED_AI_OR_ALGORITHMIC_FUNCTION,SINGLE,SINGLE
K223240,Annalise Enterprise CTB Triage Trauma,Annalise-AI Pty Ltd,510k,2023-04-03,Radiology,DESCRIBED_AI_OR_ALGORITHMIC_FUNCTION,DESCRIBED_AI_OR_ALGORITHMIC_FUNCTION,SINGLE,SINGLE
K223247,Swoop Portable MR Imaging System,"Hyperfine, Inc.",510k,2022-12-06,Radiology,DESCRIBED_AI_OR_ALGORITHMIC_FUNCTION,DESCRIBED_AI_OR_ALGORITHMIC_FUNCTION,SINGLE,SINGLE
K223268,BrainInsight,"Hyperfine, Inc.",510k,2022-12-16,Radiology,DESCRIBED_AI_OR_ALGORITHMIC_FUNCTION,DESCRIBED_AI_OR_ALGORITHMIC_FUNCTION,SINGLE,SINGLE
K223287,Velacur,Sonic Incytes,510k,2023-04-20,Radiology,DESCRIBED_AI_OR_ALGORITHMIC_FUNCTION,DESCRIBED_AI_OR_ALGORITHMIC_FUNCTION,SINGLE,SINGLE
K223288,"Cranial Navigation, Navigation Software Cranial, Navigation Software Craniofacial, Cranial EM System, Automatic Registration iMRI",Brainlab AG,510k,2023-07-21,Neurology,DESCRIBED_AI_OR_ALGORITHMIC_FUNCTION,DESCRIBED_AI_OR_ALGORITHMIC_FUNCTION,SINGLE,SINGLE
K223296,Videa Perio Assist,"VideaHealth, Inc.",510k,2023-02-06,Radiology,DESCRIBED_AI_OR_ALGORITHMIC_FUNCTION,DESCRIBED_AI_OR_ALGORITHMIC_FUNCTION,SINGLE,SINGLE
K223311,Philips CT 3500,"Philips Healthcare (Suzhou) Co., Ltd",510k,2022-12-22,Radiology,DESCRIBED_AI_OR_ALGORITHMIC_FUNCTION,DESCRIBED_AI_OR_ALGORITHMIC_FUNCTION,MULTIPLE,MULTIPLE
K223325,uMI Panorama,"Shanghai United Imaging Healthcare Co., Ltd.",510k,2023-03-10,Radiology,DESCRIBED_AI_OR_ALGORITHMIC_FUNCTION,DESCRIBED_AI_OR_ALGORITHMIC_FUNCTION,SINGLE,SINGLE
K223343,MAGNETOM Amira; MAGNETOM Sempra,Siemens Medical Solutions USA Inc.,510k,2023-03-28,Radiology,DESCRIBED_AI_OR_ALGORITHMIC_FUNCTION,DESCRIBED_AI_OR_ALGORITHMIC_FUNCTION,SINGLE,SINGLE
K223347,UltraSight AI Guidance,UltraSight Inc.,510k,2023-07-24,Radiology,DESCRIBED_AI_OR_ALGORITHMIC_FUNCTION,DESCRIBED_AI_OR_ALGORITHMIC_FUNCTION,SINGLE,SINGLE
K223357,EyeArt v2.2.0,"Eyenuk, Inc.",510k,2023-06-16,Ophthalmic,DESCRIBED_AI_OR_ALGORITHMIC_FUNCTION,DESCRIBED_AI_OR_ALGORITHMIC_FUNCTION,SINGLE,SINGLE
K223387,"V8 Diagnostic Ultrasound System, V7 Diagnostic Ultrasound System","Samsung Medison Co., Ltd.",510k,2023-02-13,Radiology,DESCRIBED_AI_OR_ALGORITHMIC_FUNCTION,DESCRIBED_AI_OR_ALGORITHMIC_FUNCTION,MULTIPLE,MULTIPLE
K223396,Rapid RV/LV,iSchema View Inc.,510k,2023-02-01,Radiology,DESCRIBED_AI_OR_ALGORITHMIC_FUNCTION,DESCRIBED_AI_OR_ALGORITHMIC_FUNCTION,SINGLE,SINGLE
K223424,Spine Auto Views,GE Medical Systems SCS,510k,2023-07-13,Radiology,DESCRIBED_AI_OR_ALGORITHMIC_FUNCTION,DESCRIBED_AI_OR_ALGORITHMIC_FUNCTION,SINGLE,SINGLE
K223426,ECHELON Synergy MRI system,FUJIFILM Healthcare Corporation,510k,2023-07-13,Radiology,DESCRIBED_AI_OR_ALGORITHMIC_FUNCTION,DESCRIBED_AI_OR_ALGORITHMIC_FUNCTION,MULTIPLE,MULTIPLE
K223439,SIGNA Victor,GE Healthcare (Tianjin) Company Limited,510k,2023-02-13,Radiology,DEVICE_FUNCTION_AI_ATTRIBUTION_UNRESOLVED,DEVICE_FUNCTION_AI_ATTRIBUTION_UNRESOLVED,UNCERTAIN,UNCERTAIN
K223442,MR 5300 and MR 7700 R11 MR Systems,Philips Medical Systems Nederlands B.V.,510k,2022-12-23,Radiology,DEVICE_FUNCTION_AI_ATTRIBUTION_UNRESOLVED,DEVICE_FUNCTION_AI_ATTRIBUTION_UNRESOLVED,UNCERTAIN,UNCERTAIN
K223443,Viz AAA,"Viz. ai, Inc.",510k,2023-03-17,Radiology,DESCRIBED_AI_OR_ALGORITHMIC_FUNCTION,DESCRIBED_AI_OR_ALGORITHMIC_FUNCTION,SINGLE,SINGLE
K223458,"Ingenia, Ingenia CX, Ingenia Elition, Ingenia Ambition, MR 5300 and MR 7700 MR Systems",Philips Medical Systems Nederland B.V.,510k,2023-04-06,Radiology,DESCRIBED_AI_OR_ALGORITHMIC_FUNCTION,DESCRIBED_AI_OR_ALGORITHMIC_FUNCTION,SINGLE,SINGLE
K223473,ME-APDS; MAGENTIQ-COLO,Magentiq Eye LTD,510k,2023-07-25,Gastroenterology-Urology,DESCRIBED_AI_OR_ALGORITHMIC_FUNCTION,DESCRIBED_AI_OR_ALGORITHMIC_FUNCTION,SINGLE,SINGLE
K223490,FlightPlan for Embolization,GE Medical Systems SCS,510k,2023-03-21,Radiology,DESCRIBED_AI_OR_ALGORITHMIC_FUNCTION,DESCRIBED_AI_OR_ALGORITHMIC_FUNCTION,SINGLE,SINGLE
K223491,"Critical Care Suite with Pneumothorax Detection AI Algorithm, Critical Care Suite 2.1, Critical Care Suite","GE Medical Systems, LLC",510k,2023-05-25,Radiology,DESCRIBED_AI_OR_ALGORITHMIC_FUNCTION,DESCRIBED_AI_OR_ALGORITHMIC_FUNCTION,MULTIPLE,MULTIPLE
K223501,ViewFinder Software Version 1.1,Elaitra Ltd,510k,2023-04-21,Radiology,DESCRIBED_AI_OR_ALGORITHMIC_FUNCTION,DESCRIBED_AI_OR_ALGORITHMIC_FUNCTION,SINGLE,SINGLE
K223502,MR Diffusion Perfusion Mismatch V1.0,Olea Medical,510k,2023-01-13,Radiology,DESCRIBED_AI_OR_ALGORITHMIC_FUNCTION,DESCRIBED_AI_OR_ALGORITHMIC_FUNCTION,SINGLE,SINGLE
K223504,Ceribell Status Epilepticus Monitor,"Ceribell, Inc.",510k,2023-05-23,Neurology,DESCRIBED_AI_OR_ALGORITHMIC_FUNCTION,DESCRIBED_AI_OR_ALGORITHMIC_FUNCTION,SINGLE,SINGLE
K223514,Spectral Bone Marrow,"GE Medical Systems, LLC",510k,2023-03-09,Radiology,DESCRIBED_AI_OR_ALGORITHMIC_FUNCTION,DESCRIBED_AI_OR_ALGORITHMIC_FUNCTION,SINGLE,SINGLE
K223516,VX1+,Volta Medical,510k,2023-01-21,Cardiovascular,DESCRIBED_AI_OR_ALGORITHMIC_FUNCTION,DESCRIBED_AI_OR_ALGORITHMIC_FUNCTION,SINGLE,SINGLE
K223523,Sonic DL,"GE Medical Systems,LLC (GE Healthcare)",510k,2023-05-30,Radiology,DESCRIBED_AI_OR_ALGORITHMIC_FUNCTION,DESCRIBED_AI_OR_ALGORITHMIC_FUNCTION,SINGLE,SINGLE
K223539,Dreem 3S,"Beacon Biosignals, Inc.",510k,2023-08-18,Neurology,DESCRIBED_AI_OR_ALGORITHMIC_FUNCTION,DESCRIBED_AI_OR_ALGORITHMIC_FUNCTION,SINGLE,SINGLE
K223552,"Brainlab Elements  Trajectory Planning (2.6), Elements Stereotaxy, Elements Lead Localization, Elements Trajectory Planning Cranial",Brainlab AG,510k,2023-04-19,Neurology,DESCRIBED_AI_OR_ALGORITHMIC_FUNCTION,DESCRIBED_AI_OR_ALGORITHMIC_FUNCTION,SINGLE,SINGLE
K223553,"Spine Planning (2.0), Elements Spine Planning, Elements Planning Spine",Brainlab AG,510k,2023-08-02,Neurology,DESCRIBED_AI_OR_ALGORITHMIC_FUNCTION,DESCRIBED_AI_OR_ALGORITHMIC_FUNCTION,MULTIPLE,MULTIPLE
K223556,DeepCatch,"MEDICALIP Co., Ltd",510k,2023-06-16,Radiology,DESCRIBED_AI_OR_ALGORITHMIC_FUNCTION,DESCRIBED_AI_OR_ALGORITHMIC_FUNCTION,SINGLE,SINGLE
K223621,DeepXray,"Alpha Intelligence Manifolds, Inc.",510k,2023-09-08,Radiology,DESCRIBED_AI_OR_ALGORITHMIC_FUNCTION,DESCRIBED_AI_OR_ALGORITHMIC_FUNCTION,SINGLE,SINGLE
K223622,FaceHeart Vitals Software Development Kit (FH vitals SDK),FaceHeart Corp.,510k,2023-09-01,Cardiovascular,DESCRIBED_AI_OR_ALGORITHMIC_FUNCTION,DESCRIBED_AI_OR_ALGORITHMIC_FUNCTION,SINGLE,SINGLE
K223623,SubtleMR (2.3.x),Subtle Medical Inc.,510k,2023-05-11,Radiology,DESCRIBED_AI_OR_ALGORITHMIC_FUNCTION,DESCRIBED_AI_OR_ALGORITHMIC_FUNCTION,SINGLE,SINGLE
K223630,"Reveal LINQ Insertable Cardiac Monitor, LINQ II Insertable Cardiac Monitor, AccuRhythm AI ECG Classification System","Medtronic, Inc.",510k,2023-04-05,Cardiovascular,DESCRIBED_AI_OR_ALGORITHMIC_FUNCTION,DESCRIBED_AI_OR_ALGORITHMIC_FUNCTION,SINGLE,SINGLE
K223639,VisAble.IO,TechsoMed,510k,2023-08-28,Radiology,DESCRIBED_AI_OR_ALGORITHMIC_FUNCTION,DESCRIBED_AI_OR_ALGORITHMIC_FUNCTION,MULTIPLE,MULTIPLE
K223646,IB Lab LAMA,IB Lab GmbH,510k,2023-06-16,Radiology,DESCRIBED_AI_OR_ALGORITHMIC_FUNCTION,DESCRIBED_AI_OR_ALGORITHMIC_FUNCTION,SINGLE,SINGLE
K223659,Jazz,AI Medical AG,510k,2023-09-22,Radiology,DESCRIBED_AI_OR_ALGORITHMIC_FUNCTION,DESCRIBED_AI_OR_ALGORITHMIC_FUNCTION,SINGLE,SINGLE
K223724,MOZI TPS,"Manteia Technologies Co., Ltd.",510k,2023-07-10,Radiology,DESCRIBED_AI_OR_ALGORITHMIC_FUNCTION,DESCRIBED_AI_OR_ALGORITHMIC_FUNCTION,MULTIPLE,MULTIPLE
K223726,Aquilion Precision (TSX-304A/4) V10.14 with AiCE,Canon Medical Systems Corporation,510k,2023-03-07,Radiology,DESCRIBED_AI_OR_ALGORITHMIC_FUNCTION,DESCRIBED_AI_OR_ALGORITHMIC_FUNCTION,SINGLE,SINGLE
K223734,ENT EM,Brainlab AG,510k,2023-04-27,Neurology,DESCRIBED_AI_OR_ALGORITHMIC_FUNCTION,DESCRIBED_AI_OR_ALGORITHMIC_FUNCTION,SINGLE,SINGLE
K223738,Alpha Control Liner System (ACLS),Coapt,510k,2023-01-11,Neurology,DESCRIBED_AI_OR_ALGORITHMIC_FUNCTION,DESCRIBED_AI_OR_ALGORITHMIC_FUNCTION,SINGLE,SINGLE
K223754,BraveCX,Bering Ltd,510k,2023-11-09,Radiology,DESCRIBED_AI_OR_ALGORITHMIC_FUNCTION,DESCRIBED_AI_OR_ALGORITHMIC_FUNCTION,SINGLE,SINGLE
K223757,Bonelogic,Disior Ltd,510k,2023-12-08,Radiology,DESCRIBED_AI_OR_ALGORITHMIC_FUNCTION,DESCRIBED_AI_OR_ALGORITHMIC_FUNCTION,SINGLE,SINGLE
K223771,Lumify Diagnostic Ultrasound System,Philips Ultrasound,510k,2023-05-04,Radiology,DESCRIBED_AI_OR_ALGORITHMIC_FUNCTION,DESCRIBED_AI_OR_ALGORITHMIC_FUNCTION,SINGLE,SINGLE
K223774,Contour ProtégéAI,MIM Software Inc.,510k,2023-04-06,Radiology,DESCRIBED_AI_OR_ALGORITHMIC_FUNCTION,DESCRIBED_AI_OR_ALGORITHMIC_FUNCTION,SINGLE,SINGLE
K223811,Lung-CAD,"Imagen Technologies, Inc",510k,2023-09-13,Radiology,DESCRIBED_AI_OR_ALGORITHMIC_FUNCTION,DESCRIBED_AI_OR_ALGORITHMIC_FUNCTION,SINGLE,SINGLE
K223830,Ultrasound System 2300,BK Medical Aps,510k,2023-04-11,Radiology,DESCRIBED_AI_OR_ALGORITHMIC_FUNCTION,DESCRIBED_AI_OR_ALGORITHMIC_FUNCTION,SINGLE,SINGLE
K223855,"FEops HEARTguideTM, FEops HEARTguideTM ALPACA",FEops nv,510k,2023-06-06,Radiology,DESCRIBED_AI_OR_ALGORITHMIC_FUNCTION,DESCRIBED_AI_OR_ALGORITHMIC_FUNCTION,SINGLE,SINGLE
K223864,"Alignment System Cranial, Alignment Software Cranial, Cirq Alignment Software Cranial Biopsy, Cirq Alignment Software Cranial sEEG, Varioguide Alignment Software Cranial",Brainlab AG,510k,2023-09-09,Neurology,DESCRIBED_AI_OR_ALGORITHMIC_FUNCTION,DESCRIBED_AI_OR_ALGORITHMIC_FUNCTION,SINGLE,SINGLE
K223905,Vivio® LVEDP System,"Avicena, LLC",510k,2023-10-06,Cardiovascular,DESCRIBED_AI_OR_ALGORITHMIC_FUNCTION,DESCRIBED_AI_OR_ALGORITHMIC_FUNCTION,SINGLE,SINGLE
K230020,BriefCase,"Aidoc Medical, Ltd.",510k,2023-02-01,Radiology,DESCRIBED_AI_OR_ALGORITHMIC_FUNCTION,DESCRIBED_AI_OR_ALGORITHMIC_FUNCTION,SINGLE,SINGLE
K230023,ART-Plan,Therapanacea SAS,510k,2023-04-19,Radiology,DESCRIBED_AI_OR_ALGORITHMIC_FUNCTION,DESCRIBED_AI_OR_ALGORITHMIC_FUNCTION,MULTIPLE,MULTIPLE
K230039,uOmnispace,"Shanghai United Imaging Healthcare Co., Ltd",510k,2023-07-20,Radiology,DESCRIBED_AI_OR_ALGORITHMIC_FUNCTION,DESCRIBED_AI_OR_ALGORITHMIC_FUNCTION,SINGLE,SINGLE
K230045,HipCheck,Stryker Corp.,510k,2023-09-29,Radiology,DESCRIBED_AI_OR_ALGORITHMIC_FUNCTION,DESCRIBED_AI_OR_ALGORITHMIC_FUNCTION,SINGLE,SINGLE
K230074,Rapid Aneurysm Triage and Notification,iSchemaView Inc.,510k,2023-07-27,Radiology,DESCRIBED_AI_OR_ALGORITHMIC_FUNCTION,DESCRIBED_AI_OR_ALGORITHMIC_FUNCTION,SINGLE,SINGLE
K230082,Auto Segmentation,"GE Medical Systems, LLC",510k,2023-05-04,Radiology,DESCRIBED_AI_OR_ALGORITHMIC_FUNCTION,DESCRIBED_AI_OR_ALGORITHMIC_FUNCTION,SINGLE,SINGLE
K230084,HERA W10 Diagnostic Ultrasound System; HERA W9 Diagnostic Ultrasound System,"Samsung Medison CO., LTD.",510k,2023-04-21,Radiology,DESCRIBED_AI_OR_ALGORITHMIC_FUNCTION,DESCRIBED_AI_OR_ALGORITHMIC_FUNCTION,SINGLE,SINGLE
K230085,Lung-CAD,"Imagen Technologies, Inc",510k,2023-10-03,Radiology,DESCRIBED_AI_OR_ALGORITHMIC_FUNCTION,DESCRIBED_AI_OR_ALGORITHMIC_FUNCTION,SINGLE,SINGLE
K230096,Genius AI Detection 2.0 with CC-MLO Correlation,"Hologic, Inc.",510k,2023-05-23,Radiology,DESCRIBED_AI_OR_ALGORITHMIC_FUNCTION,DESCRIBED_AI_OR_ALGORITHMIC_FUNCTION,SINGLE,SINGLE
K230112,CAC Software,"Imbio, Inc.",510k,2023-06-13,Radiology,DESCRIBED_AI_OR_ALGORITHMIC_FUNCTION,DESCRIBED_AI_OR_ALGORITHMIC_FUNCTION,SINGLE,SINGLE
K230144,Denti.AI Detect,"Denti.AI Technology, Inc.",510k,2023-10-06,Radiology,DESCRIBED_AI_OR_ALGORITHMIC_FUNCTION,DESCRIBED_AI_OR_ALGORITHMIC_FUNCTION,MULTIPLE,MULTIPLE
K230150,OptimMRI,"RebrAIn, SAS",510k,2023-07-21,Radiology,DESCRIBED_AI_OR_ALGORITHMIC_FUNCTION,DESCRIBED_AI_OR_ALGORITHMIC_FUNCTION,SINGLE,SINGLE
K230179,6440 MyLabX90,Esaote S.p.A.,510k,2023-11-29,Radiology,DESCRIBED_AI_OR_ALGORITHMIC_FUNCTION,DESCRIBED_AI_OR_ALGORITHMIC_FUNCTION,MULTIPLE,MULTIPLE
K230197,BoneMRI v1.6,MRIguidance B.V.,510k,2023-02-22,Radiology,DESCRIBED_AI_OR_ALGORITHMIC_FUNCTION,DESCRIBED_AI_OR_ALGORITHMIC_FUNCTION,SINGLE,SINGLE
K230208,Swoop® Portable MR Imaging System,"Hyperfine, Inc.",510k,2023-02-22,Radiology,DESCRIBED_AI_OR_ALGORITHMIC_FUNCTION,DESCRIBED_AI_OR_ALGORITHMIC_FUNCTION,SINGLE,SINGLE
K230209,Sonix Health,"Ontact Health Co., Ltd.",510k,2023-10-20,Radiology,DESCRIBED_AI_OR_ALGORITHMIC_FUNCTION,DESCRIBED_AI_OR_ALGORITHMIC_FUNCTION,SINGLE,SINGLE
K230220,NeuViz 128 Multi-Slice CT Scanner System,"Neusoft Medical Systems Co., Ltd.",510k,2023-10-11,Radiology,DESCRIBED_AI_OR_ALGORITHMIC_FUNCTION,DESCRIBED_AI_OR_ALGORITHMIC_FUNCTION,MULTIPLE,MULTIPLE
K230223,iCAC Device,"Bunkerhill, Inc",510k,2023-04-25,Radiology,DESCRIBED_AI_OR_ALGORITHMIC_FUNCTION,DESCRIBED_AI_OR_ALGORITHMIC_FUNCTION,SINGLE,SINGLE
K230252,OFIX MIS App,Orthofix US LLC,510k,2023-09-26,Radiology,DESCRIBED_AI_OR_ALGORITHMIC_FUNCTION,DESCRIBED_AI_OR_ALGORITHMIC_FUNCTION,SINGLE,SINGLE
K230264,Ezra Flash,"Ezra AI, Inc.",510k,2023-04-13,Radiology,DESCRIBED_AI_OR_ALGORITHMIC_FUNCTION,DESCRIBED_AI_OR_ALGORITHMIC_FUNCTION,SINGLE,SINGLE
K230273,Saranas Early Bird Bleed Monitoring System,Saranas Inc.,510k,2023-05-25,Cardiovascular,DESCRIBED_AI_OR_ALGORITHMIC_FUNCTION,DESCRIBED_AI_OR_ALGORITHMIC_FUNCTION,SINGLE,SINGLE
K230292,Samsung ECG Monitor Application with Irregular Heart Rhythm Notification,"Samsung Electronics Co., Ltd",510k,2023-05-02,Cardiovascular,DESCRIBED_AI_OR_ALGORITHMIC_FUNCTION,DESCRIBED_AI_OR_ALGORITHMIC_FUNCTION,MULTIPLE,MULTIPLE
K230337,EarliPoint,"EarliTec Diagnostics, Inc",510k,2023-06-29,Neurology,DESCRIBED_AI_OR_ALGORITHMIC_FUNCTION,DESCRIBED_AI_OR_ALGORITHMIC_FUNCTION,SINGLE,SINGLE
K230346,Voluson SWIFT; Voluson SWIFT+,"GE Medical Systems Ultrasound & Primary Care Diagnostic, LLC",510k,2023-06-20,Radiology,DESCRIBED_AI_OR_ALGORITHMIC_FUNCTION,DESCRIBED_AI_OR_ALGORITHMIC_FUNCTION,SINGLE,SINGLE
K230355,"Vantage Galan 3T, MRT-3020, V9.0 with AiCE Reconstruction Processing Unit for MR",Canon Medical Systems Corporation,510k,2023-08-30,Radiology,DESCRIBED_AI_OR_ALGORITHMIC_FUNCTION,DESCRIBED_AI_OR_ALGORITHMIC_FUNCTION,MULTIPLE,MULTIPLE
K230365,Sonio Detect,Sonio,510k,2023-07-25,Radiology,DESCRIBED_AI_OR_ALGORITHMIC_FUNCTION,DESCRIBED_AI_OR_ALGORITHMIC_FUNCTION,SINGLE,SINGLE
K230370,SpotLight/SpotLight Duo (with DLIR option),Arineta Ltd.,510k,2023-10-13,Radiology,DESCRIBED_AI_OR_ALGORITHMIC_FUNCTION,DESCRIBED_AI_OR_ALGORITHMIC_FUNCTION,SINGLE,SINGLE
K230497,Bladder AI (AIBV01),Exo Inc,510k,2023-06-22,Radiology,DESCRIBED_AI_OR_ALGORITHMIC_FUNCTION,DESCRIBED_AI_OR_ALGORITHMIC_FUNCTION,SINGLE,SINGLE
K230534,BriefCase-Quantification,"Aidoc Medical, Ltd.",510k,2023-11-08,Radiology,DESCRIBED_AI_OR_ALGORITHMIC_FUNCTION,DESCRIBED_AI_OR_ALGORITHMIC_FUNCTION,SINGLE,SINGLE
K230552,MR DWI/FLAIR Measurement V1.0,Olea Medical,510k,2023-04-26,Radiology,DESCRIBED_AI_OR_ALGORITHMIC_FUNCTION,DESCRIBED_AI_OR_ALGORITHMIC_FUNCTION,SINGLE,SINGLE
K230553,"LINQ II Insertable Cardiac Monitor, CareLink SmartSync LINQ II ICM Application","Medtronic, Inc.",510k,2023-04-26,Cardiovascular,DESCRIBED_AI_OR_ALGORITHMIC_FUNCTION,DESCRIBED_AI_OR_ALGORITHMIC_FUNCTION,SINGLE,SINGLE
K230575,Limbus Contour,Limbus AI Inc.,510k,2023-04-07,Radiology,DESCRIBED_AI_OR_ALGORITHMIC_FUNCTION,DESCRIBED_AI_OR_ALGORITHMIC_FUNCTION,SINGLE,SINGLE
K230658,SKOUT® system,Iterative Scopes Inc.,510k,2023-04-07,Gastroenterology-Urology,DESCRIBED_AI_OR_ALGORITHMIC_FUNCTION,DESCRIBED_AI_OR_ALGORITHMIC_FUNCTION,SINGLE,SINGLE
K230685,AutoContour Model RADAC V3,"Radformation, Inc.",510k,2023-04-14,Radiology,DESCRIBED_AI_OR_ALGORITHMIC_FUNCTION,DESCRIBED_AI_OR_ALGORITHMIC_FUNCTION,SINGLE,SINGLE
K230751,EW10-EC02 Endoscopy Support Program,FUJIFILM Corporation,510k,2023-12-15,Gastroenterology-Urology,DESCRIBED_AI_OR_ALGORITHMIC_FUNCTION,DESCRIBED_AI_OR_ALGORITHMIC_FUNCTION,SINGLE,SINGLE
K230772,Quantib Prostate,Quantib BV,510k,2023-04-17,Radiology,DESCRIBED_AI_OR_ALGORITHMIC_FUNCTION,DESCRIBED_AI_OR_ALGORITHMIC_FUNCTION,SINGLE,SINGLE
K230807,Deep Learning Image Reconstruction,GE Healthcare Japan Corporation,510k,2023-04-20,Radiology,DESCRIBED_AI_OR_ALGORITHMIC_FUNCTION,DESCRIBED_AI_OR_ALGORITHMIC_FUNCTION,SINGLE,SINGLE
K230812,Withings Scan Monitor 2.0,Withings,510k,2023-08-23,Cardiovascular,DESCRIBED_AI_OR_ALGORITHMIC_FUNCTION,DESCRIBED_AI_OR_ALGORITHMIC_FUNCTION,SINGLE,SINGLE
K230823,AusculThing ACC,AusculThing Oy,510k,2023-07-12,Cardiovascular,DESCRIBED_AI_OR_ALGORITHMIC_FUNCTION,DESCRIBED_AI_OR_ALGORITHMIC_FUNCTION,SINGLE,SINGLE
K230842,SignalHF (IM008),Implicity Inc.,510k,2023-10-25,Cardiovascular,DESCRIBED_AI_OR_ALGORITHMIC_FUNCTION,DESCRIBED_AI_OR_ALGORITHMIC_FUNCTION,SINGLE,SINGLE
K230850,United Orthopedic Knee Patient Specific Instrumentation,"Enhatch, Inc.",510k,2023-12-20,Orthopedic,DESCRIBED_AI_OR_ALGORITHMIC_FUNCTION,DESCRIBED_AI_OR_ALGORITHMIC_FUNCTION,UNCERTAIN,UNCERTAIN
K230854,SwiftMR,AIRS Medical Inc.,510k,2023-10-27,Radiology,DESCRIBED_AI_OR_ALGORITHMIC_FUNCTION,DESCRIBED_AI_OR_ALGORITHMIC_FUNCTION,SINGLE,SINGLE
K230899,qXR-PTX-PE,Qure.ai Technologies,510k,2023-08-22,Radiology,DESCRIBED_AI_OR_ALGORITHMIC_FUNCTION,DESCRIBED_AI_OR_ALGORITHMIC_FUNCTION,SINGLE,SINGLE
K230913,ANDI,"Imeka Solutions, Inc.",510k,2023-07-25,Radiology,DESCRIBED_AI_OR_ALGORITHMIC_FUNCTION,DESCRIBED_AI_OR_ALGORITHMIC_FUNCTION,SINGLE,SINGLE
K230977,SIS System,"Surgical Information Sciences, Inc.",510k,2023-05-02,Radiology,DESCRIBED_AI_OR_ALGORITHMIC_FUNCTION,DESCRIBED_AI_OR_ALGORITHMIC_FUNCTION,MULTIPLE,MULTIPLE
K231001,DeepTek CXR Analyzer v1.0,DeepTek Medical Imaging Pvt Ltd,510k,2023-10-05,Radiology,DESCRIBED_AI_OR_ALGORITHMIC_FUNCTION,DESCRIBED_AI_OR_ALGORITHMIC_FUNCTION,SINGLE,SINGLE
K231010,Corvair,"AliveCor, Inc.",510k,2024-06-07,Cardiovascular,DESCRIBED_AI_OR_ALGORITHMIC_FUNCTION,DESCRIBED_AI_OR_ALGORITHMIC_FUNCTION,SINGLE,SINGLE
K231025,EFAI NeuroSuite CT ICH Assessment System,"Ever Fortune.AI Co., Ltd.",510k,2023-10-04,Radiology,DESCRIBED_AI_OR_ALGORITHMIC_FUNCTION,DESCRIBED_AI_OR_ALGORITHMIC_FUNCTION,SINGLE,SINGLE
K231038,Global Hypoperfusion Index (GHI) Algorithm,"Edwards Lifesciences, LLC",510k,2023-07-26,Cardiovascular,DESCRIBED_AI_OR_ALGORITHMIC_FUNCTION,DESCRIBED_AI_OR_ALGORITHMIC_FUNCTION,SINGLE,SINGLE
K231068,autoSCORE,Holberg EEG AS,510k,2024-01-07,Neurology,DESCRIBED_AI_OR_ALGORITHMIC_FUNCTION,DESCRIBED_AI_OR_ALGORITHMIC_FUNCTION,SINGLE,SINGLE
K231094,Annalise Enterprise CTB Triage-OH,Annalise-AI Pty Ltd,510k,2023-08-15,Radiology,DESCRIBED_AI_OR_ALGORITHMIC_FUNCTION,DESCRIBED_AI_OR_ALGORITHMIC_FUNCTION,SINGLE,SINGLE
K231130,TumorSight Viz,"SimBioSys, Inc.",510k,2023-12-26,Radiology,DESCRIBED_AI_OR_ALGORITHMIC_FUNCTION,DESCRIBED_AI_OR_ALGORITHMIC_FUNCTION,SINGLE,SINGLE
K231143,GI Genius System 100 and GI Genius System 200,Cosmo Artificial Intelligence - AI Ltd,510k,2023-05-19,Gastroenterology-Urology,DESCRIBED_AI_OR_ALGORITHMIC_FUNCTION,DESCRIBED_AI_OR_ALGORITHMIC_FUNCTION,SINGLE,SINGLE
K231149,qXR-CTR,Qure.ai Technologies,510k,2023-09-22,Radiology,DESCRIBED_AI_OR_ALGORITHMIC_FUNCTION,DESCRIBED_AI_OR_ALGORITHMIC_FUNCTION,SINGLE,SINGLE
K231157,syngo.CT Lung CAD (Version VD30),Siemens Healthcare GmbH,510k,2023-07-19,Radiology,DESCRIBED_AI_OR_ALGORITHMIC_FUNCTION,DESCRIBED_AI_OR_ALGORITHMIC_FUNCTION,SINGLE,SINGLE
K231173,Irregular Rhythm Notification Feature (IRNF),Apple Inc.,510k,2023-07-21,Cardiovascular,DESCRIBED_AI_OR_ALGORITHMIC_FUNCTION,DESCRIBED_AI_OR_ALGORITHMIC_FUNCTION,SINGLE,SINGLE
K231190,EPIQ Series Diagnostic Ultrasound System,Philips Ultrasound LLC,510k,2023-05-12,Radiology,DEVICE_FUNCTION_AI_ATTRIBUTION_UNRESOLVED,DEVICE_FUNCTION_AI_ATTRIBUTION_UNRESOLVED,UNCERTAIN,UNCERTAIN
K231195,Brainomix 360 Triage ICH,Brainomix Limited,510k,2023-07-27,Radiology,DESCRIBED_AI_OR_ALGORITHMIC_FUNCTION,DESCRIBED_AI_OR_ALGORITHMIC_FUNCTION,SINGLE,SINGLE
K231207,"CARTO 3 EP Navigation System Software V8.0 (FG-5400-00, FG-5400-00U)","Biosense Webster, Inc.",510k,2023-09-07,Cardiovascular,DESCRIBED_AI_OR_ALGORITHMIC_FUNCTION,DESCRIBED_AI_OR_ALGORITHMIC_FUNCTION,MULTIPLE,MULTIPLE
K231281,Aquilion Serve (TSX-307A/1) V1.3,Canon Medical Systems Corporation,510k,2023-09-19,Radiology,DESCRIBED_AI_OR_ALGORITHMIC_FUNCTION,DESCRIBED_AI_OR_ALGORITHMIC_FUNCTION,SINGLE,SINGLE
K231324,DASI Dimensions (V1.0),DASI Simulations,510k,2024-01-08,Radiology,DESCRIBED_AI_OR_ALGORITHMIC_FUNCTION,DESCRIBED_AI_OR_ALGORITHMIC_FUNCTION,SINGLE,SINGLE
K231335,Cleerly ISCHEMIA,"Cleerly, Inc",510k,2023-09-08,Cardiovascular,DESCRIBED_AI_OR_ALGORITHMIC_FUNCTION,DESCRIBED_AI_OR_ALGORITHMIC_FUNCTION,SINGLE,SINGLE
K231355,Aurora,EnsoData,510k,2024-02-09,Anesthesiology,DESCRIBED_AI_OR_ALGORITHMIC_FUNCTION,DESCRIBED_AI_OR_ALGORITHMIC_FUNCTION,UNCERTAIN,UNCERTAIN
K231384,Annalise Enterprise CTB Triage Trauma,Annalise-AI Pty Ltd.,510k,2023-09-22,Radiology,DESCRIBED_AI_OR_ALGORITHMIC_FUNCTION,DESCRIBED_AI_OR_ALGORITHMIC_FUNCTION,SINGLE,SINGLE
K231396,CEPHX- Cephalometric Analysis Software,Orca Dental AI LTD,510k,2024-01-31,Radiology,DESCRIBED_AI_OR_ALGORITHMIC_FUNCTION,DESCRIBED_AI_OR_ALGORITHMIC_FUNCTION,SINGLE,SINGLE
K231398,VUNO Med-DeepBrain,VUNO Inc.,510k,2023-10-04,Radiology,DESCRIBED_AI_OR_ALGORITHMIC_FUNCTION,DESCRIBED_AI_OR_ALGORITHMIC_FUNCTION,SINGLE,SINGLE
K231459,HepaFatSmart (V2.0.0),Resonance Health Analysis Services Pty Ltd,510k,2023-06-20,Radiology,DESCRIBED_AI_OR_ALGORITHMIC_FUNCTION,DESCRIBED_AI_OR_ALGORITHMIC_FUNCTION,SINGLE,SINGLE
K231470,Lunit INSIGHT DBT,Lunit Inc.,510k,2023-11-06,Radiology,DESCRIBED_AI_OR_ALGORITHMIC_FUNCTION,DESCRIBED_AI_OR_ALGORITHMIC_FUNCTION,SINGLE,SINGLE
K231560,MAGNETOM Vida; MAGNETOM Lumina; MAGNETOM Aera; MAGNETOM Skyra; MAGNETOM Prisma; MAGNETOM Prisma fit,"Siemens Medical Solutions USA, Inc.",510k,2023-10-23,Radiology,DESCRIBED_AI_OR_ALGORITHMIC_FUNCTION,DESCRIBED_AI_OR_ALGORITHMIC_FUNCTION,SINGLE,SINGLE
K231570,StrokeViewer Perfusion,NICo-Lab B.V.,510k,2023-12-14,Radiology,DESCRIBED_AI_OR_ALGORITHMIC_FUNCTION,DESCRIBED_AI_OR_ALGORITHMIC_FUNCTION,SINGLE,SINGLE
K231572,uMI Panorama,"Shanghai United Imaging Healthcare Co., Ltd.",510k,2023-07-26,Radiology,DEVICE_FUNCTION_AI_ATTRIBUTION_UNRESOLVED,DEVICE_FUNCTION_AI_ATTRIBUTION_UNRESOLVED,UNCERTAIN,UNCERTAIN
K231587,MAGNETOM Cima.X,"Siemens Medical Solutions USA, Inc.",510k,2023-12-18,Radiology,DESCRIBED_AI_OR_ALGORITHMIC_FUNCTION,DESCRIBED_AI_OR_ALGORITHMIC_FUNCTION,SINGLE,SINGLE
K231617,MAGNETOM Free.Max; MAGNETOM Free.Star,"Siemens Medical Solutions USA, Inc.",510k,2023-11-09,Radiology,DESCRIBED_AI_OR_ALGORITHMIC_FUNCTION,DESCRIBED_AI_OR_ALGORITHMIC_FUNCTION,SINGLE,SINGLE
K231631,BriefCase-Quantification,"Aidoc Medical, Ltd.",510k,2023-11-28,Radiology,DESCRIBED_AI_OR_ALGORITHMIC_FUNCTION,DESCRIBED_AI_OR_ALGORITHMIC_FUNCTION,SINGLE,SINGLE
K231642,Veuron-Brain-pAb3,"Heuron Co., Ltd.",510k,2023-10-13,Radiology,DESCRIBED_AI_OR_ALGORITHMIC_FUNCTION,DESCRIBED_AI_OR_ALGORITHMIC_FUNCTION,SINGLE,SINGLE
K231668,Spine CAMP (1.1),"Medical Metrics, Inc.",510k,2023-07-07,Radiology,DESCRIBED_AI_OR_ALGORITHMIC_FUNCTION,DESCRIBED_AI_OR_ALGORITHMIC_FUNCTION,SINGLE,SINGLE
K231677,EdgeFlow UH10,Edgecare Inc.,510k,2024-03-06,Radiology,DESCRIBED_AI_OR_ALGORITHMIC_FUNCTION,DESCRIBED_AI_OR_ALGORITHMIC_FUNCTION,SINGLE,SINGLE
K231678,Overjet Periapical Radiolucency Assist,"Overjet, Inc",510k,2023-09-21,Radiology,DESCRIBED_AI_OR_ALGORITHMIC_FUNCTION,DESCRIBED_AI_OR_ALGORITHMIC_FUNCTION,SINGLE,SINGLE
K231683,inHEART Models,"inHEART, SAS",510k,2024-02-29,Radiology,DESCRIBED_AI_OR_ALGORITHMIC_FUNCTION,DESCRIBED_AI_OR_ALGORITHMIC_FUNCTION,SINGLE,SINGLE
K231690,iCAS-LV,HighRAD Ltd.,510k,2024-03-01,Radiology,DESCRIBED_AI_OR_ALGORITHMIC_FUNCTION,DESCRIBED_AI_OR_ALGORITHMIC_FUNCTION,SINGLE,SINGLE
K231748,Cartesion Prime (PCD-1000A/3) V10.15,Canon Medical Systems Corporation,510k,2023-09-12,Radiology,DESCRIBED_AI_OR_ALGORITHMIC_FUNCTION,DESCRIBED_AI_OR_ALGORITHMIC_FUNCTION,SINGLE,SINGLE
K231757,Ez3D-i /E3,"Ewoosoft Co., Ltd",510k,2023-07-14,Radiology,DEVICE_FUNCTION_AI_ATTRIBUTION_UNRESOLVED,DEVICE_FUNCTION_AI_ATTRIBUTION_UNRESOLVED,UNCERTAIN,UNCERTAIN
K231764,Ultrasound System 1300,BK Medical Aps,510k,2023-10-23,Radiology,DESCRIBED_AI_OR_ALGORITHMIC_FUNCTION,DESCRIBED_AI_OR_ALGORITHMIC_FUNCTION,SINGLE,SINGLE
K231765,Contour ProtégéAI,MIM Software Inc.,510k,2023-11-08,Radiology,DESCRIBED_AI_OR_ALGORITHMIC_FUNCTION,DESCRIBED_AI_OR_ALGORITHMIC_FUNCTION,SINGLE,SINGLE
K231767,Annalise Enterprise CTB Triage Trauma,Annalise-AI Pty Ltd,510k,2023-09-22,Radiology,DESCRIBED_AI_OR_ALGORITHMIC_FUNCTION,DESCRIBED_AI_OR_ALGORITHMIC_FUNCTION,SINGLE,SINGLE
K231772,"V8/H8 Diagnostic Ultrasound System, V7/H7 Diagnostic Ultrasound System, V6/H6 Diagnostic Ultrasound System","Samsung Medison Co., Ltd.",510k,2023-10-03,Radiology,DESCRIBED_AI_OR_ALGORITHMIC_FUNCTION,DESCRIBED_AI_OR_ALGORITHMIC_FUNCTION,SINGLE,SINGLE
K231779,REMI AI Discrete Detection Module,"Epitel, Inc.",510k,2024-01-03,Neurology,DESCRIBED_AI_OR_ALGORITHMIC_FUNCTION,DESCRIBED_AI_OR_ALGORITHMIC_FUNCTION,SINGLE,SINGLE
K231805,qXR-LN,Qure.ai Technologies,510k,2023-12-22,Radiology,DESCRIBED_AI_OR_ALGORITHMIC_FUNCTION,DESCRIBED_AI_OR_ALGORITHMIC_FUNCTION,SINGLE,SINGLE
K231833,Biograph Vision.X and Biograph Vision.X Edge,"Siemens Medical Solutions USA, Inc.",510k,2023-07-13,Radiology,DEVICE_FUNCTION_AI_ATTRIBUTION_UNRESOLVED,DEVICE_FUNCTION_AI_ATTRIBUTION_UNRESOLVED,UNCERTAIN,UNCERTAIN
K231837,Brainomix 360 Triage LVO,Brainomix Limited,510k,2023-09-28,Radiology,DESCRIBED_AI_OR_ALGORITHMIC_FUNCTION,DESCRIBED_AI_OR_ALGORITHMIC_FUNCTION,SINGLE,SINGLE
K231855,QOCA® image Smart RT Contouring System,Quanta Computer Inc.,510k,2024-02-13,Radiology,DESCRIBED_AI_OR_ALGORITHMIC_FUNCTION,DESCRIBED_AI_OR_ALGORITHMIC_FUNCTION,SINGLE,SINGLE
K231871,Radify Triage,Envisionit DeepAI Ltd,510k,2024-01-17,Radiology,DESCRIBED_AI_OR_ALGORITHMIC_FUNCTION,DESCRIBED_AI_OR_ALGORITHMIC_FUNCTION,SINGLE,SINGLE
K231898,DTX Studio Clinic (4.0),Nobel Biocare AB,510k,2023-12-08,Radiology,DESCRIBED_AI_OR_ALGORITHMIC_FUNCTION,DESCRIBED_AI_OR_ALGORITHMIC_FUNCTION,MULTIPLE,MULTIPLE
K231917,VEA Align,EOS imaging,510k,2024-01-05,Radiology,DESCRIBED_AI_OR_ALGORITHMIC_FUNCTION,DESCRIBED_AI_OR_ALGORITHMIC_FUNCTION,SINGLE,SINGLE
K231928,EFAI RTSUITE CT HCAP-Segmentation System,"Ever Fortune.AI Co., Ltd.",510k,2023-09-25,Radiology,DESCRIBED_AI_OR_ALGORITHMIC_FUNCTION,DESCRIBED_AI_OR_ALGORITHMIC_FUNCTION,SINGLE,SINGLE
K231929,iQ-solutions,Sydney Neuroimaging Analysis Centre Pty Ltd,510k,2023-12-18,Radiology,DESCRIBED_AI_OR_ALGORITHMIC_FUNCTION,DESCRIBED_AI_OR_ALGORITHMIC_FUNCTION,SINGLE,SINGLE
K231955,aprevo® Digital Segmentation,"Carlsmed, Inc.",510k,2023-11-03,Radiology,DESCRIBED_AI_OR_ALGORITHMIC_FUNCTION,DESCRIBED_AI_OR_ALGORITHMIC_FUNCTION,SINGLE,SINGLE
K231965,"Voluson Expert 22, Voluson Expert 20, Voluson Expert 18","GE Medical Systems Ultrasound and Primary Care Diagnostics,",510k,2023-10-30,Radiology,DESCRIBED_AI_OR_ALGORITHMIC_FUNCTION,DESCRIBED_AI_OR_ALGORITHMIC_FUNCTION,MULTIPLE,MULTIPLE
K231966,LOGIQ E10,"GE Medical Systems Ultrasound and Primary care Diagnostics,",510k,2023-11-07,Radiology,DESCRIBED_AI_OR_ALGORITHMIC_FUNCTION,DESCRIBED_AI_OR_ALGORITHMIC_FUNCTION,MULTIPLE,MULTIPLE
K231989,"LOGIQ E10s, LOGIQ Fortis","GE Medical Systems Ultrasound and Primary Care Diagnostic,",510k,2023-11-07,Radiology,DESCRIBED_AI_OR_ALGORITHMIC_FUNCTION,DESCRIBED_AI_OR_ALGORITHMIC_FUNCTION,MULTIPLE,MULTIPLE
K232000,syngo.via MI Workflows; Scenium; syngo MBF,"Siemens Medical Solutions USA, Inc.",510k,2023-11-28,Radiology,DESCRIBED_AI_OR_ALGORITHMIC_FUNCTION,DESCRIBED_AI_OR_ALGORITHMIC_FUNCTION,MULTIPLE,MULTIPLE
K232023,Momentum Spine,Momentum Health Inc.,510k,2023-10-04,Radiology,DESCRIBED_AI_OR_ALGORITHMIC_FUNCTION,DESCRIBED_AI_OR_ALGORITHMIC_FUNCTION,SINGLE,SINGLE
K232035,Impala,"AliveCor, Inc.",510k,2024-06-07,Cardiovascular,DESCRIBED_AI_OR_ALGORITHMIC_FUNCTION,DESCRIBED_AI_OR_ALGORITHMIC_FUNCTION,MULTIPLE,MULTIPLE
K232045,MeVis Liver Suite,MeVis Medical Solutions AG,510k,2023-10-27,Radiology,DESCRIBED_AI_OR_ALGORITHMIC_FUNCTION,DESCRIBED_AI_OR_ALGORITHMIC_FUNCTION,SINGLE,SINGLE
K232083,BriefCase-Quantification,"Aidoc Medical, Ltd.",510k,2023-11-13,Radiology,DESCRIBED_AI_OR_ALGORITHMIC_FUNCTION,DESCRIBED_AI_OR_ALGORITHMIC_FUNCTION,SINGLE,SINGLE
K232096,Transpara Density 1.0.0,Screenpoint Medical B.V.,510k,2023-12-11,Radiology,DESCRIBED_AI_OR_ALGORITHMIC_FUNCTION,DESCRIBED_AI_OR_ALGORITHMIC_FUNCTION,SINGLE,SINGLE
K232140,OTS Hip,Ortoma AB,510k,2024-03-11,Neurology,DESCRIBED_AI_OR_ALGORITHMIC_FUNCTION,DESCRIBED_AI_OR_ALGORITHMIC_FUNCTION,SINGLE,SINGLE
K232145,"ACUSON Sequoia Diagnostic Ultrasound System, ACUSON Sequoia Select Diagnostic Ultrasound System, ACUSON Origin Diagnostic Ultrasound System","Siemens Medical Solutions USA, Inc.",510k,2023-10-30,Radiology,DESCRIBED_AI_OR_ALGORITHMIC_FUNCTION,DESCRIBED_AI_OR_ALGORITHMIC_FUNCTION,MULTIPLE,MULTIPLE
K232148,X-Guide Surgical Navigation System,"X-Nav Technologies, LLC",510k,2024-02-21,Dental,DESCRIBED_AI_OR_ALGORITHMIC_FUNCTION,DESCRIBED_AI_OR_ALGORITHMIC_FUNCTION,SINGLE,SINGLE
K232156,Rapid ASPECTS (v3),"iSchemaView, Inc.",510k,2024-01-19,Radiology,DESCRIBED_AI_OR_ALGORITHMIC_FUNCTION,DESCRIBED_AI_OR_ALGORITHMIC_FUNCTION,SINGLE,SINGLE
K232231,QP-Brain®,Quibim S.L.,510k,2023-12-13,Radiology,DESCRIBED_AI_OR_ALGORITHMIC_FUNCTION,DESCRIBED_AI_OR_ALGORITHMIC_FUNCTION,SINGLE,SINGLE
K232237,Tyto Insights for Wheeze Detection,Tyto Care Ltd.,510k,2023-12-13,Anesthesiology,DESCRIBED_AI_OR_ALGORITHMIC_FUNCTION,DESCRIBED_AI_OR_ALGORITHMIC_FUNCTION,SINGLE,SINGLE
K232250,SurgiCount+ System,Stryker Instruments,510k,2024-01-11,General Hospital,DESCRIBED_AI_OR_ALGORITHMIC_FUNCTION,DESCRIBED_AI_OR_ALGORITHMIC_FUNCTION,SINGLE,SINGLE
K232257,Clarius Bladder AI,Clarius Mobile Health Corp.,510k,2023-11-13,Radiology,DESCRIBED_AI_OR_ALGORITHMIC_FUNCTION,DESCRIBED_AI_OR_ALGORITHMIC_FUNCTION,SINGLE,SINGLE
K232305,AI-Rad Companion Brain MR,Siemens Medical Solutions U.S.A.,510k,2023-10-23,Radiology,DESCRIBED_AI_OR_ALGORITHMIC_FUNCTION,DESCRIBED_AI_OR_ALGORITHMIC_FUNCTION,SINGLE,SINGLE
K232322,MAGNETOM Terra; MAGNETOM Terra.X,"Siemens Medical Solutions USA, Inc.",510k,2024-03-22,Radiology,DESCRIBED_AI_OR_ALGORITHMIC_FUNCTION,DESCRIBED_AI_OR_ALGORITHMIC_FUNCTION,SINGLE,SINGLE
K232331,InVision Precision LVEF (LVEF),InVision Medical Technology Corporation,510k,2024-04-25,Radiology,DESCRIBED_AI_OR_ALGORITHMIC_FUNCTION,DESCRIBED_AI_OR_ALGORITHMIC_FUNCTION,SINGLE,SINGLE
K232363,"Viz HDS, Viz Volume Plus, Viz ICH+","Viz.ai, Inc.",510k,2024-02-05,Radiology,DESCRIBED_AI_OR_ALGORITHMIC_FUNCTION,DESCRIBED_AI_OR_ALGORITHMIC_FUNCTION,SINGLE,SINGLE
K232367,cmAngio® V1.0,"CureMetrix, Inc.",510k,2023-10-05,Radiology,DESCRIBED_AI_OR_ALGORITHMIC_FUNCTION,DESCRIBED_AI_OR_ALGORITHMIC_FUNCTION,SINGLE,SINGLE
K232381,LOGIQ Totus,"GE Medical Systems Ultrasound and Primary care Diagnostics,",510k,2023-12-07,Radiology,DESCRIBED_AI_OR_ALGORITHMIC_FUNCTION,DESCRIBED_AI_OR_ALGORITHMIC_FUNCTION,SINGLE,SINGLE
K232384,Videa Dental Assist,"VideaHealth, Inc.",510k,2023-12-15,Radiology,DESCRIBED_AI_OR_ALGORITHMIC_FUNCTION,DESCRIBED_AI_OR_ALGORITHMIC_FUNCTION,MULTIPLE,MULTIPLE
K232410,SmartChest,Milvue,510k,2024-05-10,Radiology,DESCRIBED_AI_OR_ALGORITHMIC_FUNCTION,DESCRIBED_AI_OR_ALGORITHMIC_FUNCTION,SINGLE,SINGLE
K232412,LungQ v3.0.0,Thirona BV,510k,2024-01-08,Radiology,DESCRIBED_AI_OR_ALGORITHMIC_FUNCTION,DESCRIBED_AI_OR_ALGORITHMIC_FUNCTION,SINGLE,SINGLE
K232416,AUTION EYE AI-4510 Urine Particle Analysis System,Arkray Inc.,510k,2024-05-03,Hematology,DESCRIBED_AI_OR_ALGORITHMIC_FUNCTION,DESCRIBED_AI_OR_ALGORITHMIC_FUNCTION,SINGLE,SINGLE
K232431,syngo.CT Brain Hemorrhage,"Siemens Medical Solutions USA, Inc.",510k,2024-03-22,Radiology,DESCRIBED_AI_OR_ALGORITHMIC_FUNCTION,DESCRIBED_AI_OR_ALGORITHMIC_FUNCTION,SINGLE,SINGLE
K232436,Rapid SDH,"iSchemaView, Inc.",510k,2023-10-25,Radiology,DESCRIBED_AI_OR_ALGORITHMIC_FUNCTION,DESCRIBED_AI_OR_ALGORITHMIC_FUNCTION,SINGLE,SINGLE
K232440,Adravision Perio,Adra Corporation,510k,2023-12-05,Radiology,DESCRIBED_AI_OR_ALGORITHMIC_FUNCTION,DESCRIBED_AI_OR_ALGORITHMIC_FUNCTION,SINGLE,SINGLE
K232479,ART-Plan,TheraPanacea,510k,2023-12-22,Radiology,DESCRIBED_AI_OR_ALGORITHMIC_FUNCTION,DESCRIBED_AI_OR_ALGORITHMIC_FUNCTION,MULTIPLE,MULTIPLE
K232482,MAGNETOM Viato.Mobile,"Siemens Medical Solutions USA, Inc.",510k,2023-09-06,Radiology,DEVICE_FUNCTION_AI_ATTRIBUTION_UNRESOLVED,DEVICE_FUNCTION_AI_ATTRIBUTION_UNRESOLVED,UNCERTAIN,UNCERTAIN
K232491,CT 5300,"Philips Healthcare (Suzhou) Co., Ltd.",510k,2024-05-03,Radiology,DESCRIBED_AI_OR_ALGORITHMIC_FUNCTION,DESCRIBED_AI_OR_ALGORITHMIC_FUNCTION,MULTIPLE,MULTIPLE
K232494,MAGNETOM Avanto fit; MAGNETOM Skyra fit,"Siemens Medical Solutions USA, Inc.",510k,2023-11-14,Radiology,DEVICE_FUNCTION_AI_ATTRIBUTION_UNRESOLVED,DEVICE_FUNCTION_AI_ATTRIBUTION_UNRESOLVED,UNCERTAIN,UNCERTAIN
K232496,Brainomix 360 Triage Stroke,Brainomix Limited,510k,2023-11-21,Radiology,DESCRIBED_AI_OR_ALGORITHMIC_FUNCTION,DESCRIBED_AI_OR_ALGORITHMIC_FUNCTION,SINGLE,SINGLE
K232500,Lumify Diagnostic Ultrasound System,Philips Ultrasound,510k,2023-10-26,Radiology,DESCRIBED_AI_OR_ALGORITHMIC_FUNCTION,DESCRIBED_AI_OR_ALGORITHMIC_FUNCTION,SINGLE,SINGLE
K232501,AI Platform (AIP001),Exo Inc,510k,2023-11-17,Radiology,DESCRIBED_AI_OR_ALGORITHMIC_FUNCTION,DESCRIBED_AI_OR_ALGORITHMIC_FUNCTION,MULTIPLE,MULTIPLE
K232526,"XIDF-AWS801, Angio Workstation (Alphenix Workstation), V9.5",Canon Medical Systems Corporation,510k,2023-09-12,Radiology,DESCRIBED_AI_OR_ALGORITHMIC_FUNCTION,DESCRIBED_AI_OR_ALGORITHMIC_FUNCTION,SINGLE,SINGLE
K232535,MAGNETOM Sola; MAGNETOM Altea,"Siemens Medical Solutions USA, Inc.",510k,2023-12-22,Radiology,DESCRIBED_AI_OR_ALGORITHMIC_FUNCTION,DESCRIBED_AI_OR_ALGORITHMIC_FUNCTION,SINGLE,SINGLE
K232613,CT Cardiomegaly,"Innolitics, LLC",510k,2024-02-28,Radiology,DESCRIBED_AI_OR_ALGORITHMIC_FUNCTION,DESCRIBED_AI_OR_ALGORITHMIC_FUNCTION,SINGLE,SINGLE
K232616,Volta AF-Xplorer,Volta Medical,510k,2023-09-27,Cardiovascular,DESCRIBED_AI_OR_ALGORITHMIC_FUNCTION,DESCRIBED_AI_OR_ALGORITHMIC_FUNCTION,SINGLE,SINGLE
K232661,Myocardial Strain Software Application,Circle Cardiovascular Imaging,510k,2023-12-07,Radiology,DESCRIBED_AI_OR_ALGORITHMIC_FUNCTION,DESCRIBED_AI_OR_ALGORITHMIC_FUNCTION,SINGLE,SINGLE
K232686,CorVista® System,"CorVista Health, Inc.",510k,2023-09-08,Cardiovascular,DESCRIBED_AI_OR_ALGORITHMIC_FUNCTION,DESCRIBED_AI_OR_ALGORITHMIC_FUNCTION,SINGLE,SINGLE
K232698,NemoScan,Software Nemotec S.L.,510k,2024-01-18,Radiology,DESCRIBED_AI_OR_ALGORITHMIC_FUNCTION,DESCRIBED_AI_OR_ALGORITHMIC_FUNCTION,SINGLE,SINGLE
K232699,Low Ejection Fraction AI-ECG Algorithm,"Anumana, Inc.",510k,2023-09-28,Cardiovascular,DESCRIBED_AI_OR_ALGORITHMIC_FUNCTION,DESCRIBED_AI_OR_ALGORITHMIC_FUNCTION,SINGLE,SINGLE
K232704,Clarius Ultrasound Scanner,Clarius Mobile Health Corp.,510k,2023-10-05,Radiology,DEVICE_FUNCTION_AI_ATTRIBUTION_UNRESOLVED,DEVICE_FUNCTION_AI_ATTRIBUTION_UNRESOLVED,UNCERTAIN,UNCERTAIN
K232712,uMI Panorama,"Shanghai United Imaging Healthcare Co., Ltd.",510k,2023-10-03,Radiology,DESCRIBED_AI_OR_ALGORITHMIC_FUNCTION,DESCRIBED_AI_OR_ALGORITHMIC_FUNCTION,MULTIPLE,MULTIPLE
K232751,BriefCase-Triage,"Aidoc Medical, Ltd.",510k,2023-10-30,Radiology,DESCRIBED_AI_OR_ALGORITHMIC_FUNCTION,DESCRIBED_AI_OR_ALGORITHMIC_FUNCTION,SINGLE,SINGLE
K232760,Swoop® Portable MR Imaging System®,"Hyperfine, Inc.",510k,2023-10-06,Radiology,DESCRIBED_AI_OR_ALGORITHMIC_FUNCTION,DESCRIBED_AI_OR_ALGORITHMIC_FUNCTION,SINGLE,SINGLE
K232765,MAGNETOM Cima.X Fit,"Siemens Medical Solutions USA, Inc.",510k,2024-02-29,Radiology,DESCRIBED_AI_OR_ALGORITHMIC_FUNCTION,DESCRIBED_AI_OR_ALGORITHMIC_FUNCTION,SINGLE,SINGLE
K232787,ScanNav Anatomy Peripheral Nerve Block,Intelligent Ultrasound Limited,510k,2023-10-06,Anesthesiology,DESCRIBED_AI_OR_ALGORITHMIC_FUNCTION,DESCRIBED_AI_OR_ALGORITHMIC_FUNCTION,SINGLE,SINGLE
K232799,syngo.via RT Image Suite,"Siemens Medical Solutions USA, Inc.",510k,2024-04-26,Radiology,DESCRIBED_AI_OR_ALGORITHMIC_FUNCTION,DESCRIBED_AI_OR_ALGORITHMIC_FUNCTION,MULTIPLE,MULTIPLE
K232808,Butterfly iQ3 Ultrasound System,"Butterfly Network, Inc.",510k,2024-01-04,Radiology,DESCRIBED_AI_OR_ALGORITHMIC_FUNCTION,DESCRIBED_AI_OR_ALGORITHMIC_FUNCTION,MULTIPLE,MULTIPLE
K232835,Aquilion ONE (TSX-308A/3) V1.4 with PIQE Reconstruction System,Canon Medical Systems Corporation,510k,2024-04-02,Radiology,DESCRIBED_AI_OR_ALGORITHMIC_FUNCTION,DESCRIBED_AI_OR_ALGORITHMIC_FUNCTION,SINGLE,SINGLE
K232841,Axial3D Insight,Axial Medical Printing Limited,510k,2023-11-15,Radiology,DESCRIBED_AI_OR_ALGORITHMIC_FUNCTION,DESCRIBED_AI_OR_ALGORITHMIC_FUNCTION,SINGLE,SINGLE
K232856,Syngo Carbon Clinicals,Siemens Healthcare GmbH,510k,2023-12-01,Radiology,DESCRIBED_AI_OR_ALGORITHMIC_FUNCTION,DESCRIBED_AI_OR_ALGORITHMIC_FUNCTION,MULTIPLE,MULTIPLE
K232899,AI-Rad Companion Organs RT,Siemens Medical Solutions U.S.A.,510k,2024-04-03,Radiology,DESCRIBED_AI_OR_ALGORITHMIC_FUNCTION,DESCRIBED_AI_OR_ALGORITHMIC_FUNCTION,SINGLE,SINGLE
K232915,EpiMonitor,Empatica Srl,510k,2024-02-15,Neurology,DESCRIBED_AI_OR_ALGORITHMIC_FUNCTION,DESCRIBED_AI_OR_ALGORITHMIC_FUNCTION,MULTIPLE,MULTIPLE
K232923,Ethos Treatment Management (3.0); Ethos Treatment Planning (2.0),Varian Medical Systems Inc.,510k,2024-04-30,Radiology,DESCRIBED_AI_OR_ALGORITHMIC_FUNCTION,DESCRIBED_AI_OR_ALGORITHMIC_FUNCTION,SINGLE,SINGLE
K232928,DeepContour (V1.0),"Wisdom Technologies., Inc.",510k,2024-05-07,Radiology,DESCRIBED_AI_OR_ALGORITHMIC_FUNCTION,DESCRIBED_AI_OR_ALGORITHMIC_FUNCTION,SINGLE,SINGLE
K233030,BoneMRI,MRIguidance B.V,510k,2024-03-01,Radiology,DESCRIBED_AI_OR_ALGORITHMIC_FUNCTION,DESCRIBED_AI_OR_ALGORITHMIC_FUNCTION,SINGLE,SINGLE
K233080,HealthFLD,Nano-X AI Ltd.,510k,2024-02-08,Radiology,DESCRIBED_AI_OR_ALGORITHMIC_FUNCTION,DESCRIBED_AI_OR_ALGORITHMIC_FUNCTION,SINGLE,SINGLE
K233108,VinDr-Mammo,VinBigData Joint Stock Company,510k,2024-05-23,Radiology,DESCRIBED_AI_OR_ALGORITHMIC_FUNCTION,DESCRIBED_AI_OR_ALGORITHMIC_FUNCTION,SINGLE,SINGLE
K233112,HM70 EVO Diagnostic Ultrasound System,"Samsung Medison CO., LTD.",510k,2023-12-21,Radiology,DESCRIBED_AI_OR_ALGORITHMIC_FUNCTION,DESCRIBED_AI_OR_ALGORITHMIC_FUNCTION,MULTIPLE,MULTIPLE
K233176,uOmnispace.MI,"Shanghai United Imaging Healthcare Co., Ltd.",510k,2023-12-20,Radiology,DESCRIBED_AI_OR_ALGORITHMIC_FUNCTION,DESCRIBED_AI_OR_ALGORITHMIC_FUNCTION,SINGLE,SINGLE
K233186,uOmnispace.MR,"Shanghai United Imaging Healthcare Co., Ltd.",510k,2024-04-17,Radiology,DESCRIBED_AI_OR_ALGORITHMIC_FUNCTION,DESCRIBED_AI_OR_ALGORITHMIC_FUNCTION,SINGLE,SINGLE
K233195,"Aplio i900, Aplio i800 and Aplio i700 Software V8.1 Diagnostic Ultrasound System",Canon Medical Systems Corporation,510k,2024-01-24,Radiology,DESCRIBED_AI_OR_ALGORITHMIC_FUNCTION,DESCRIBED_AI_OR_ALGORITHMIC_FUNCTION,MULTIPLE,MULTIPLE
K233196,Medihub Prostate,JLK Inc.,510k,2024-06-21,Radiology,DESCRIBED_AI_OR_ALGORITHMIC_FUNCTION,DESCRIBED_AI_OR_ALGORITHMIC_FUNCTION,SINGLE,SINGLE
K233209,uOmnispace.CT,"Shanghai United Imaging Healthcare Co., Ltd.",510k,2024-05-17,Radiology,DESCRIBED_AI_OR_ALGORITHMIC_FUNCTION,DESCRIBED_AI_OR_ALGORITHMIC_FUNCTION,MULTIPLE,MULTIPLE
K233211,AVIEW CAC,"Coreline Soft Co., Ltd.",510k,2024-03-29,Radiology,DESCRIBED_AI_OR_ALGORITHMIC_FUNCTION,DESCRIBED_AI_OR_ALGORITHMIC_FUNCTION,SINGLE,SINGLE
K233216,CLEWICU System,Clew Medical Ltd.,510k,2024-01-13,Cardiovascular,DESCRIBED_AI_OR_ALGORITHMIC_FUNCTION,DESCRIBED_AI_OR_ALGORITHMIC_FUNCTION,SINGLE,SINGLE
K233243,ClearPoint System (Software Version 2.2),ClearPoint Neuro Inc.,510k,2023-11-27,Neurology,DESCRIBED_AI_OR_ALGORITHMIC_FUNCTION,DESCRIBED_AI_OR_ALGORITHMIC_FUNCTION,MULTIPLE,MULTIPLE
K233247,Heuron ICH,"Heuron Co., Ltd.",510k,2024-05-15,Radiology,DESCRIBED_AI_OR_ALGORITHMIC_FUNCTION,DESCRIBED_AI_OR_ALGORITHMIC_FUNCTION,SINGLE,SINGLE
K233249,APPRAISE-HRI,"The Surgeon General, Department of the Army (TSG-DA)",510k,2024-04-05,Cardiovascular,DESCRIBED_AI_OR_ALGORITHMIC_FUNCTION,DESCRIBED_AI_OR_ALGORITHMIC_FUNCTION,SINGLE,SINGLE
K233253,eCARTv5 Clinical Deterioration Suite (eCART),"AgileMD, Inc.",510k,2024-06-21,Cardiovascular,DESCRIBED_AI_OR_ALGORITHMIC_FUNCTION,DESCRIBED_AI_OR_ALGORITHMIC_FUNCTION,SINGLE,SINGLE
K233334,Aquilion Serve SP (TSX-307B/1) V1.3,Canon Medical Systems Corporation,510k,2023-12-06,Radiology,DESCRIBED_AI_OR_ALGORITHMIC_FUNCTION,DESCRIBED_AI_OR_ALGORITHMIC_FUNCTION,SINGLE,SINGLE
K233342,CINA-ASPECTS,Avicenna.AI,510k,2024-03-15,Radiology,DESCRIBED_AI_OR_ALGORITHMIC_FUNCTION,DESCRIBED_AI_OR_ALGORITHMIC_FUNCTION,SINGLE,SINGLE
K233409,Eko Low Ejection Fraction Tool (ELEFT),"Eko Health, Inc.",510k,2024-03-28,Cardiovascular,DESCRIBED_AI_OR_ALGORITHMIC_FUNCTION,DESCRIBED_AI_OR_ALGORITHMIC_FUNCTION,SINGLE,SINGLE
K233438,SleepStageML,"Beacon Biosignals, Inc.",510k,2024-03-08,Neurology,DESCRIBED_AI_OR_ALGORITHMIC_FUNCTION,DESCRIBED_AI_OR_ALGORITHMIC_FUNCTION,SINGLE,SINGLE
K233457,RUS,Hutom Inc.,510k,2024-07-12,Radiology,DESCRIBED_AI_OR_ALGORITHMIC_FUNCTION,DESCRIBED_AI_OR_ALGORITHMIC_FUNCTION,UNCERTAIN,UNCERTAIN
K233512,Rapid (6.0),"iSchemaView, Inc.",510k,2024-01-16,Radiology,DESCRIBED_AI_OR_ALGORITHMIC_FUNCTION,DESCRIBED_AI_OR_ALGORITHMIC_FUNCTION,UNCERTAIN,UNCERTAIN
K233543,YSIO X.pree,Siemens Medical Solutions,510k,2024-05-21,Radiology,DESCRIBED_AI_OR_ALGORITHMIC_FUNCTION,DESCRIBED_AI_OR_ALGORITHMIC_FUNCTION,MULTIPLE,MULTIPLE
K233545,EPIQ Series Diagnostic Ultrasound System,Philips Ultrasound LLC,510k,2023-11-30,Radiology,DEVICE_FUNCTION_AI_ATTRIBUTION_UNRESOLVED,DEVICE_FUNCTION_AI_ATTRIBUTION_UNRESOLVED,UNCERTAIN,UNCERTAIN
K233549,Tempus ECG-AF,"Tempus AI, Inc.",510k,2024-06-21,Cardiovascular,DESCRIBED_AI_OR_ALGORITHMIC_FUNCTION,DESCRIBED_AI_OR_ALGORITHMIC_FUNCTION,SINGLE,SINGLE
K233562,LINQ II Insertable Cardiac Monitor,"Medtronic, Inc.",510k,2023-12-06,Cardiovascular,DEVICE_FUNCTION_AI_ATTRIBUTION_UNRESOLVED,DEVICE_FUNCTION_AI_ATTRIBUTION_UNRESOLVED,UNCERTAIN,UNCERTAIN
K233568,Ceevra Reveal 3+,"Ceevra, Inc.",510k,2023-12-05,Radiology,DESCRIBED_AI_OR_ALGORITHMIC_FUNCTION,DESCRIBED_AI_OR_ALGORITHMIC_FUNCTION,SINGLE,SINGLE
K233582,Rapid,iSchema View Inc.,510k,2024-04-22,Radiology,DESCRIBED_AI_OR_ALGORITHMIC_FUNCTION,DESCRIBED_AI_OR_ALGORITHMIC_FUNCTION,UNCERTAIN,UNCERTAIN
K233590,Overjet Charting Assist,"Overjet, Inc",510k,2024-02-23,Radiology,DESCRIBED_AI_OR_ALGORITHMIC_FUNCTION,DESCRIBED_AI_OR_ALGORITHMIC_FUNCTION,SINGLE,SINGLE
K233618,Oxevision Sleep Device,Oxehealth Limited,510k,2024-04-03,Neurology,DESCRIBED_AI_OR_ALGORITHMIC_FUNCTION,DESCRIBED_AI_OR_ALGORITHMIC_FUNCTION,SINGLE,SINGLE
K233625,RAYDENT SW,"RAY Co., Ltd.",510k,2024-05-16,Dental,DEVICE_FUNCTION_AI_ATTRIBUTION_UNRESOLVED,DEVICE_FUNCTION_AI_ATTRIBUTION_UNRESOLVED,UNCERTAIN,UNCERTAIN
K233650,SOMATOM go.Up; SOMATOM go.Now; SOMATOM go.All; SOMATOM go.Top; SOMATOM go.Sim; SOMATOM go.Open Pro; SOMATOM X.cite; SOMATOM X.ceed,"Siemens Medical Solutions USA, Inc.",510k,2024-03-26,Radiology,DESCRIBED_AI_OR_ALGORITHMIC_FUNCTION,DESCRIBED_AI_OR_ALGORITHMIC_FUNCTION,MULTIPLE,MULTIPLE
K233657,NAEOTOM Alpha,"Siemens Medical Solutions USA, Inc.",510k,2024-03-28,Radiology,DESCRIBED_AI_OR_ALGORITHMIC_FUNCTION,DESCRIBED_AI_OR_ALGORITHMIC_FUNCTION,MULTIPLE,MULTIPLE
K233662,Radiography 7300 C,Philips Medical Systems DMC GmbH,510k,2024-06-13,Radiology,DEVICE_FUNCTION_AI_ATTRIBUTION_UNRESOLVED,SOURCE_INSUFFICIENT,UNCERTAIN,UNCERTAIN
K233666,CorVista System with PH Add-On,"Analytics for Life, Inc.",510k,2024-04-05,Cardiovascular,DESCRIBED_AI_OR_ALGORITHMIC_FUNCTION,DESCRIBED_AI_OR_ALGORITHMIC_FUNCTION,SINGLE,SINGLE
K233673,uMR Jupiter,"Shanghai United Imaging Healthcare Co., Ltd",510k,2024-04-26,Radiology,DESCRIBED_AI_OR_ALGORITHMIC_FUNCTION,DESCRIBED_AI_OR_ALGORITHMIC_FUNCTION,MULTIPLE,MULTIPLE
K233676,Us2.v2,Eko.ai Pte. Ltd d/b/a Us2.ai,510k,2024-04-01,Radiology,DESCRIBED_AI_OR_ALGORITHMIC_FUNCTION,DESCRIBED_AI_OR_ALGORITHMIC_FUNCTION,SINGLE,SINGLE
K233677,Biograph VK10,"Siemens Medical Solutions USA, Inc.",510k,2024-01-12,Radiology,DEVICE_FUNCTION_AI_ATTRIBUTION_UNRESOLVED,DEVICE_FUNCTION_AI_ATTRIBUTION_UNRESOLVED,UNCERTAIN,UNCERTAIN
K233687,ECHELON Synergy V10.0,Fujifilm Healthcare Americas Corporation,510k,2024-05-03,Radiology,DESCRIBED_AI_OR_ALGORITHMIC_FUNCTION,DESCRIBED_AI_OR_ALGORITHMIC_FUNCTION,MULTIPLE,MULTIPLE
K233692,"Voluson Signature 20, Voluson Signature 18","GE Medical Systems Ultrasound and Primary care Diagnostics,",510k,2024-03-07,Radiology,DEVICE_FUNCTION_AI_ATTRIBUTION_UNRESOLVED,DEVICE_FUNCTION_AI_ATTRIBUTION_UNRESOLVED,UNCERTAIN,UNCERTAIN
K233698,True Enhance DL,GE Healthcare Japan Corporation,510k,2024-04-11,Radiology,DESCRIBED_AI_OR_ALGORITHMIC_FUNCTION,DESCRIBED_AI_OR_ALGORITHMIC_FUNCTION,SINGLE,SINGLE
K233728,SIGNA Champion,GE Healthcare (Tianjin) Company Limited,510k,2024-01-19,Radiology,DEVICE_FUNCTION_AI_ATTRIBUTION_UNRESOLVED,DEVICE_FUNCTION_AI_ATTRIBUTION_UNRESOLVED,UNCERTAIN,UNCERTAIN
K233731,CardIQ Suite,GE Medical Systems SCS,510k,2024-08-01,Radiology,DESCRIBED_AI_OR_ALGORITHMIC_FUNCTION,DESCRIBED_AI_OR_ALGORITHMIC_FUNCTION,MULTIPLE,MULTIPLE
K233738,Overjet Caries Assist-Pediatric,"Overjet, Inc",510k,2024-03-04,Radiology,DESCRIBED_AI_OR_ALGORITHMIC_FUNCTION,DESCRIBED_AI_OR_ALGORITHMIC_FUNCTION,SINGLE,SINGLE
K233749,Revolution Ascend Sliding,"GE Hangwei Medical Systems Co., Ltd.",510k,2024-02-22,Radiology,DEVICE_FUNCTION_AI_ATTRIBUTION_UNRESOLVED,DEVICE_FUNCTION_AI_ATTRIBUTION_UNRESOLVED,UNCERTAIN,UNCERTAIN
K233753,AI-Rad Companion (Pulmonary),Siemens Healthcare GmbH,510k,2024-03-21,Radiology,DESCRIBED_AI_OR_ALGORITHMIC_FUNCTION,DESCRIBED_AI_OR_ALGORITHMIC_FUNCTION,MULTIPLE,MULTIPLE
K233755,HeartKey® Rhythm,B-Secur Limited,510k,2024-08-16,Cardiovascular,DESCRIBED_AI_OR_ALGORITHMIC_FUNCTION,DESCRIBED_AI_OR_ALGORITHMIC_FUNCTION,SINGLE,SINGLE
K233788,"EPIQ Series Diagnostic Ultrasound System, Affiniti Series Diagnostic Ultrasound System",Philips Ultrasound LLC,510k,2024-02-13,Radiology,DESCRIBED_AI_OR_ALGORITHMIC_FUNCTION,DESCRIBED_AI_OR_ALGORITHMIC_FUNCTION,SINGLE,SINGLE
K233822,i2Contour,MRIMath LLC,510k,2024-08-08,Radiology,DESCRIBED_AI_OR_ALGORITHMIC_FUNCTION,DESCRIBED_AI_OR_ALGORITHMIC_FUNCTION,SINGLE,SINGLE
K233826,Kosmos,"EchoNous, Inc.",510k,2024-08-29,Radiology,DESCRIBED_AI_OR_ALGORITHMIC_FUNCTION,DESCRIBED_AI_OR_ALGORITHMIC_FUNCTION,MULTIPLE,MULTIPLE
K233864,ASSURE Wearable ECG,"Kestra Medical Technologies, Inc.",510k,2024-05-07,Cardiovascular,DESCRIBED_AI_OR_ALGORITHMIC_FUNCTION,DESCRIBED_AI_OR_ALGORITHMIC_FUNCTION,SINGLE,SINGLE
K233925,Relu Creator,Relu BV,510k,2024-06-13,Radiology,DESCRIBED_AI_OR_ALGORITHMIC_FUNCTION,DESCRIBED_AI_OR_ALGORITHMIC_FUNCTION,SINGLE,SINGLE
K233955,Clarius OB AI,Clarius Mobile Health Corp.,510k,2024-06-14,Radiology,DESCRIBED_AI_OR_ALGORITHMIC_FUNCTION,DESCRIBED_AI_OR_ALGORITHMIC_FUNCTION,SINGLE,SINGLE
K233964,GI Genius Module 100 (GGM100.US); GI Genius Module 200 (GGM200.US); ColonPRO 4.0 (CPRO40.US),Cosmo Artificial Intelligence - AI Ltd,510k,2024-01-12,Gastroenterology-Urology,DESCRIBED_AI_OR_ALGORITHMIC_FUNCTION,DESCRIBED_AI_OR_ALGORITHMIC_FUNCTION,SINGLE,SINGLE
K233968,CINA-iPE,Avicenna.AI,510k,2024-03-13,Radiology,DESCRIBED_AI_OR_ALGORITHMIC_FUNCTION,DESCRIBED_AI_OR_ALGORITHMIC_FUNCTION,SINGLE,SINGLE
K233977,Velacur,Sonic Incytes,510k,2024-09-04,Radiology,DESCRIBED_AI_OR_ALGORITHMIC_FUNCTION,DESCRIBED_AI_OR_ALGORITHMIC_FUNCTION,MULTIPLE,MULTIPLE
K233984,Acumen Assisted Fluid Management (AFM) Software Feature,"Edwards Lifesciences, LLC",510k,2024-08-02,Cardiovascular,DESCRIBED_AI_OR_ALGORITHMIC_FUNCTION,DESCRIBED_AI_OR_ALGORITHMIC_FUNCTION,SINGLE,SINGLE
K233992,Precision AI Surgical Planning System (PAI-SPS),Precision AI Pty Ltd,510k,2024-08-05,Orthopedic,DESCRIBED_AI_OR_ALGORITHMIC_FUNCTION,DESCRIBED_AI_OR_ALGORITHMIC_FUNCTION,SINGLE,SINGLE
K233998,TRAQinform IQ,"AIQ Global, Inc.",510k,2024-09-05,Radiology,DESCRIBED_AI_OR_ALGORITHMIC_FUNCTION,DESCRIBED_AI_OR_ALGORITHMIC_FUNCTION,SINGLE,SINGLE
K234009,Acorn 3D Software (AC-SEG-4009); Acorn 3DP Model (AC-101-XX),Mighty Oak Medical,510k,2024-07-12,Radiology,DESCRIBED_AI_OR_ALGORITHMIC_FUNCTION,DESCRIBED_AI_OR_ALGORITHMIC_FUNCTION,SINGLE,SINGLE
K234042,EFAI Bonesuite XR Bone Age Pro Assessment System (BAP-XR-100),"Ever Fortune.AI Co., Ltd.",510k,2024-06-07,Radiology,DESCRIBED_AI_OR_ALGORITHMIC_FUNCTION,DESCRIBED_AI_OR_ALGORITHMIC_FUNCTION,SINGLE,SINGLE
K234047,Automatic Registration,Brainlab AG,510k,2024-03-20,Neurology,DESCRIBED_AI_OR_ALGORITHMIC_FUNCTION,DESCRIBED_AI_OR_ALGORITHMIC_FUNCTION,SINGLE,SINGLE
K234068,ART-Plan (v.2.2.0),Therapanacea SAS,510k,2024-04-22,Radiology,DESCRIBED_AI_OR_ALGORITHMIC_FUNCTION,DESCRIBED_AI_OR_ALGORITHMIC_FUNCTION,MULTIPLE,MULTIPLE
K234141,AISAP Cardio V1.0,Aisap,510k,2024-08-01,Radiology,DESCRIBED_AI_OR_ALGORITHMIC_FUNCTION,DESCRIBED_AI_OR_ALGORITHMIC_FUNCTION,MULTIPLE,MULTIPLE
K234154,uPMR 790,"Shanghai United Imaging Healthcare Co., Ltd.",510k,2024-05-24,Radiology,DESCRIBED_AI_OR_ALGORITHMIC_FUNCTION,DESCRIBED_AI_OR_ALGORITHMIC_FUNCTION,MULTIPLE,MULTIPLE
K240003,Velmeni for Dentists (V4D),Velmeni Inc.,510k,2024-08-30,Radiology,DESCRIBED_AI_OR_ALGORITHMIC_FUNCTION,DESCRIBED_AI_OR_ALGORITHMIC_FUNCTION,SINGLE,SINGLE
K240013,EchoGo Heart Failure (2.0),Ultromics Limited,510k,2024-09-23,Cardiovascular,DESCRIBED_AI_OR_ALGORITHMIC_FUNCTION,DESCRIBED_AI_OR_ALGORITHMIC_FUNCTION,SINGLE,SINGLE
K240036,PIUR tUS Infinity,PIUR Imaging GmbH,510k,2024-09-20,Radiology,DESCRIBED_AI_OR_ALGORITHMIC_FUNCTION,DESCRIBED_AI_OR_ALGORITHMIC_FUNCTION,MULTIPLE,MULTIPLE
K240044,CADDIE,Odin Medical Limited,510k,2024-07-24,Gastroenterology-Urology,DESCRIBED_AI_OR_ALGORITHMIC_FUNCTION,DESCRIBED_AI_OR_ALGORITHMIC_FUNCTION,SINGLE,SINGLE
K240058,AEYE-DS,AEYE Health Inc.,510k,2024-04-23,Ophthalmic,DESCRIBED_AI_OR_ALGORITHMIC_FUNCTION,DESCRIBED_AI_OR_ALGORITHMIC_FUNCTION,SINGLE,SINGLE
K240062,ARVIS® Shoulder,"Insight Medical Systems, Inc.",510k,2024-04-29,Neurology,DESCRIBED_AI_OR_ALGORITHMIC_FUNCTION,DESCRIBED_AI_OR_ALGORITHMIC_FUNCTION,SINGLE,SINGLE
K240094,LumiNE US; Lumi,Augmedit B.V.,510k,2024-09-10,Radiology,DESCRIBED_AI_OR_ALGORITHMIC_FUNCTION,DESCRIBED_AI_OR_ALGORITHMIC_FUNCTION,SINGLE,SINGLE
K240172,Preview Shoulder,Genesis Software Innovations,510k,2024-04-04,Radiology,DESCRIBED_AI_OR_ALGORITHMIC_FUNCTION,DESCRIBED_AI_OR_ALGORITHMIC_FUNCTION,SINGLE,SINGLE
K240200,HYDROS Robotic System; HYDROS TRUS Probe; HYDROS Handpiece,Procept BioRobotics,510k,2024-08-20,General and Plastic Surgery,DESCRIBED_AI_OR_ALGORITHMIC_FUNCTION,DESCRIBED_AI_OR_ALGORITHMIC_FUNCTION,SINGLE,SINGLE
K240238,"Vantage Fortian/Orian 1.5T, MRT-1550, V9.0 with AiCE Reconstruction Processing Unit for MR",Canon Medical Systems Corporation,510k,2024-04-12,Radiology,DESCRIBED_AI_OR_ALGORITHMIC_FUNCTION,DESCRIBED_AI_OR_ALGORITHMIC_FUNCTION,MULTIPLE,MULTIPLE
K240285,Huxley SANSA Home Sleep Apnea Test (1000-00),Huxley Medical,510k,2024-07-15,Anesthesiology,DESCRIBED_AI_OR_ALGORITHMIC_FUNCTION,DESCRIBED_AI_OR_ALGORITHMIC_FUNCTION,SINGLE,SINGLE
K240290,AiMIFY (1.x),"Subtle Medical, Inc.",510k,2024-08-21,Radiology,DESCRIBED_AI_OR_ALGORITHMIC_FUNCTION,DESCRIBED_AI_OR_ALGORITHMIC_FUNCTION,SINGLE,SINGLE
K240291,EFAI CARDIOSUITE CTA ACUTE AORTIC SYNDROME ASSESSMENT SYSTEM,"Ever Fortune.AI, Co., Ltd.",510k,2024-04-08,Radiology,DESCRIBED_AI_OR_ALGORITHMIC_FUNCTION,DESCRIBED_AI_OR_ALGORITHMIC_FUNCTION,SINGLE,SINGLE
K240294,Syngo Carbon Enterprise Access (VA40A),Siemens Healthcare GmbH,510k,2024-05-23,Radiology,DEVICE_FUNCTION_AI_ATTRIBUTION_UNRESOLVED,DEVICE_FUNCTION_AI_ATTRIBUTION_UNRESOLVED,UNCERTAIN,UNCERTAIN
K240301,MammoScreen® (3),Therapixel,510k,2024-08-01,Radiology,DESCRIBED_AI_OR_ALGORITHMIC_FUNCTION,DESCRIBED_AI_OR_ALGORITHMIC_FUNCTION,SINGLE,SINGLE
K240353,Hyper Insight - ICH,SK Inc.,510k,2024-07-01,Radiology,DESCRIBED_AI_OR_ALGORITHMIC_FUNCTION,DESCRIBED_AI_OR_ALGORITHMIC_FUNCTION,SINGLE,SINGLE
K240369,CAC (gated) Algorithm,BunkerHill Health,510k,2024-09-27,Radiology,DESCRIBED_AI_OR_ALGORITHMIC_FUNCTION,DESCRIBED_AI_OR_ALGORITHMIC_FUNCTION,SINGLE,SINGLE
K240398,"RayStation 2023B, RayPlan 2023B, RayStation 2024A, RayPlan 2024A, RayStation 2024A SP3, RayPlan 2024A SP3",RaySearch Laboratories AB (PUBL),510k,2025-04-04,Radiology,DESCRIBED_AI_OR_ALGORITHMIC_FUNCTION,DESCRIBED_AI_OR_ALGORITHMIC_FUNCTION,MULTIPLE,MULTIPLE
K240406,Sonio Detect,Sonio,510k,2024-04-26,Radiology,DESCRIBED_AI_OR_ALGORITHMIC_FUNCTION,DESCRIBED_AI_OR_ALGORITHMIC_FUNCTION,MULTIPLE,MULTIPLE
K240408,REMI-AI Rapid Detection Module (REMI-AI RDM),"Epitel, Inc",510k,2024-10-17,Neurology,DESCRIBED_AI_OR_ALGORITHMIC_FUNCTION,DESCRIBED_AI_OR_ALGORITHMIC_FUNCTION,SINGLE,SINGLE
K240411,uAI Portal,"Shanghai United Imaging Intelligence Co., Ltd.",510k,2024-09-06,Radiology,DESCRIBED_AI_OR_ALGORITHMIC_FUNCTION,DESCRIBED_AI_OR_ALGORITHMIC_FUNCTION,SINGLE,SINGLE
K240417,ProFound Detection (V4.0),"iCAD, Inc.",510k,2024-11-08,Radiology,DESCRIBED_AI_OR_ALGORITHMIC_FUNCTION,DESCRIBED_AI_OR_ALGORITHMIC_FUNCTION,SINGLE,SINGLE
K240465,O-arm O2 Imaging System,"Medtronic Navigation, Inc",510k,2024-06-21,Radiology,DESCRIBED_AI_OR_ALGORITHMIC_FUNCTION,DESCRIBED_AI_OR_ALGORITHMIC_FUNCTION,SINGLE,SINGLE
K240516,RS85 Diagnostic Ultrasound System,"Samsung Medison Co., Ltd.",510k,2024-06-12,Radiology,DESCRIBED_AI_OR_ALGORITHMIC_FUNCTION,DESCRIBED_AI_OR_ALGORITHMIC_FUNCTION,SINGLE,SINGLE
K240540,uMR Omega,"Shanghai United Imaging Healthcare Co., Ltd.",510k,2024-03-22,Radiology,DEVICE_FUNCTION_AI_ATTRIBUTION_UNRESOLVED,DEVICE_FUNCTION_AI_ATTRIBUTION_UNRESOLVED,UNCERTAIN,UNCERTAIN
K240553,LVivo Software Application,DiA Imaging Analysis Ltd.,510k,2024-10-04,Radiology,DESCRIBED_AI_OR_ALGORITHMIC_FUNCTION,DESCRIBED_AI_OR_ALGORITHMIC_FUNCTION,MULTIPLE,MULTIPLE
K240554,InferRead Lung CT.AI,"Infervision Medical Technology Co., Ltd.",510k,2025-05-16,Radiology,DESCRIBED_AI_OR_ALGORITHMIC_FUNCTION,DESCRIBED_AI_OR_ALGORITHMIC_FUNCTION,SINGLE,SINGLE
K240555,Tyto Insights for Crackles Detection,Tyto Care Ltd.,510k,2024-07-02,Anesthesiology,DESCRIBED_AI_OR_ALGORITHMIC_FUNCTION,DESCRIBED_AI_OR_ALGORITHMIC_FUNCTION,SINGLE,SINGLE
K240582,VEA Align; spineEOS,EOS imaging,510k,2024-06-25,Radiology,DESCRIBED_AI_OR_ALGORITHMIC_FUNCTION,DESCRIBED_AI_OR_ALGORITHMIC_FUNCTION,SINGLE,SINGLE
K240612,CINA-VCF,Avicenna.AI,510k,2024-05-31,Radiology,DESCRIBED_AI_OR_ALGORITHMIC_FUNCTION,DESCRIBED_AI_OR_ALGORITHMIC_FUNCTION,SINGLE,SINGLE
K240631,"V8/XV8/XH8, V7/XV7/XH7, V6/XV6/XH6 Diagnostic Ultrasound System","Samsung Medison Co., Ltd.",510k,2024-06-21,Radiology,DESCRIBED_AI_OR_ALGORITHMIC_FUNCTION,DESCRIBED_AI_OR_ALGORITHMIC_FUNCTION,SINGLE,SINGLE
K240642,SMART Bun-Yo-Matic CT,Disior Ltd,510k,2024-06-20,Radiology,DESCRIBED_AI_OR_ALGORITHMIC_FUNCTION,DESCRIBED_AI_OR_ALGORITHMIC_FUNCTION,SINGLE,SINGLE
K240645,Sonix Health,"Ontact Health Co., Ltd",510k,2024-11-27,Radiology,DESCRIBED_AI_OR_ALGORITHMIC_FUNCTION,DESCRIBED_AI_OR_ALGORITHMIC_FUNCTION,SINGLE,SINGLE
K240680,CDM Insights,Oxford Brain Diagnostics Ltd,510k,2024-12-06,Radiology,DESCRIBED_AI_OR_ALGORITHMIC_FUNCTION,DESCRIBED_AI_OR_ALGORITHMIC_FUNCTION,SINGLE,SINGLE
K240697,"See-Mode Augmented Reporting Tool, Thyroid (SMART-T)",See-Mode Technologies Pte. Ltd.,510k,2024-09-09,Radiology,DESCRIBED_AI_OR_ALGORITHMIC_FUNCTION,DESCRIBED_AI_OR_ALGORITHMIC_FUNCTION,SINGLE,SINGLE
K240704,"ACUSON Sequoia Diagnostic Ultrasound System, ACUSON Sequoia Select Diagnostic Ultrasound System, ACUSON Origin Diagnostic Ultrasound System, ACUSON Origin ICE  Diagnostic Ultrasound System","Siemens Medical Solutions, USA, Inc.",510k,2024-07-22,Radiology,DESCRIBED_AI_OR_ALGORITHMIC_FUNCTION,DESCRIBED_AI_OR_ALGORITHMIC_FUNCTION,SINGLE,SINGLE
K240712,icobrain aria,icometrix NV,510k,2024-11-07,Radiology,DESCRIBED_AI_OR_ALGORITHMIC_FUNCTION,DESCRIBED_AI_OR_ALGORITHMIC_FUNCTION,SINGLE,SINGLE
K240736,SMART Bun-Yo-Matic X-Ray,Disior Ltd,510k,2024-07-02,Radiology,DESCRIBED_AI_OR_ALGORITHMIC_FUNCTION,DESCRIBED_AI_OR_ALGORITHMIC_FUNCTION,SINGLE,SINGLE
K240740,qCT LN Quant,Qure.ai Technologies,510k,2024-08-16,Radiology,DESCRIBED_AI_OR_ALGORITHMIC_FUNCTION,DESCRIBED_AI_OR_ALGORITHMIC_FUNCTION,SINGLE,SINGLE
K240744,uMR 680,"Shanghai United Imaging Healthcare Co., Ltd.",510k,2024-04-10,Radiology,DEVICE_FUNCTION_AI_ATTRIBUTION_UNRESOLVED,DEVICE_FUNCTION_AI_ATTRIBUTION_UNRESOLVED,UNCERTAIN,UNCERTAIN
K240769,LVivo IQS,DiA Imaging Analysis Ltd.,510k,2024-05-24,Radiology,DESCRIBED_AI_OR_ALGORITHMIC_FUNCTION,DESCRIBED_AI_OR_ALGORITHMIC_FUNCTION,SINGLE,SINGLE
K240773,VisAble.IO,Techsomed,510k,2024-04-15,Radiology,DESCRIBED_AI_OR_ALGORITHMIC_FUNCTION,DESCRIBED_AI_OR_ALGORITHMIC_FUNCTION,SINGLE,SINGLE
K240781,SKOUT® system,"Iterative Scopes, Inc.",510k,2024-04-19,Gastroenterology-Urology,DESCRIBED_AI_OR_ALGORITHMIC_FUNCTION,DESCRIBED_AI_OR_ALGORITHMIC_FUNCTION,SINGLE,SINGLE
K240791,ADAS 3D,Adas3D Medical S.L,510k,2024-09-09,Radiology,DESCRIBED_AI_OR_ALGORITHMIC_FUNCTION,DESCRIBED_AI_OR_ALGORITHMIC_FUNCTION,SINGLE,SINGLE
K240793,MSKai,MSKai,510k,2024-12-16,Radiology,DESCRIBED_AI_OR_ALGORITHMIC_FUNCTION,DESCRIBED_AI_OR_ALGORITHMIC_FUNCTION,SINGLE,SINGLE
K240795,Withings ECG App,Withings,510k,2025-06-15,Cardiovascular,DESCRIBED_AI_OR_ALGORITHMIC_FUNCTION,DESCRIBED_AI_OR_ALGORITHMIC_FUNCTION,SINGLE,SINGLE
K240845,Rayvolve,AZmed SAS,510k,2024-07-17,Radiology,DESCRIBED_AI_OR_ALGORITHMIC_FUNCTION,DESCRIBED_AI_OR_ALGORITHMIC_FUNCTION,SINGLE,SINGLE
K240850,EPIQ Series Diagnostic Ultrasound Systems; Affiniti Series Diagnostic Ultrasound Systems,Philips Ultrasound LLC,510k,2024-04-24,Radiology,DESCRIBED_AI_OR_ALGORITHMIC_FUNCTION,DESCRIBED_AI_OR_ALGORITHMIC_FUNCTION,MULTIPLE,MULTIPLE
K240860,EchoGo Amyloidosis (1.0),Ultromics Limited,510k,2024-11-15,Cardiovascular,DESCRIBED_AI_OR_ALGORITHMIC_FUNCTION,DESCRIBED_AI_OR_ALGORITHMIC_FUNCTION,SINGLE,SINGLE
K240926,PeekMed web,"Peek Health, S.A.",510k,2024-12-06,Radiology,DESCRIBED_AI_OR_ALGORITHMIC_FUNCTION,DESCRIBED_AI_OR_ALGORITHMIC_FUNCTION,SINGLE,SINGLE
K240929,Sleep Apnea Notification Feature (SANF),Apple Inc.,510k,2024-09-13,Anesthesiology,DESCRIBED_AI_OR_ALGORITHMIC_FUNCTION,DESCRIBED_AI_OR_ALGORITHMIC_FUNCTION,SINGLE,SINGLE
K240942,CINA-CSpine,Avicenna.AI,510k,2024-09-12,Radiology,DESCRIBED_AI_OR_ALGORITHMIC_FUNCTION,DESCRIBED_AI_OR_ALGORITHMIC_FUNCTION,SINGLE,SINGLE
K240943,LungVision,BodyVision Medical Ltd.,510k,2024-10-01,Radiology,DESCRIBED_AI_OR_ALGORITHMIC_FUNCTION,DESCRIBED_AI_OR_ALGORITHMIC_FUNCTION,SINGLE,SINGLE
K240944,Swoop® Portable MR Imaging® System,"Hyperfine, Inc.",510k,2024-07-16,Radiology,DESCRIBED_AI_OR_ALGORITHMIC_FUNCTION,DESCRIBED_AI_OR_ALGORITHMIC_FUNCTION,SINGLE,SINGLE
K240953,AI Platform 2.0 (AIP002),Exo Imaging,510k,2024-08-05,Radiology,DESCRIBED_AI_OR_ALGORITHMIC_FUNCTION,DESCRIBED_AI_OR_ALGORITHMIC_FUNCTION,MULTIPLE,MULTIPLE
K240980,EPIQ Series Diagnostic Ultrasound System,Philips Ultrasound LLC,510k,2024-10-07,Radiology,DESCRIBED_AI_OR_ALGORITHMIC_FUNCTION,DESCRIBED_AI_OR_ALGORITHMIC_FUNCTION,SINGLE,SINGLE
K240993,encevis (2.1),AIT Austrian Institute of Technology GmbH,510k,2024-09-27,Neurology,DESCRIBED_AI_OR_ALGORITHMIC_FUNCTION,DESCRIBED_AI_OR_ALGORITHMIC_FUNCTION,SINGLE,SINGLE
K241009,PeriCALM Patterns 3.0,"PeriGen, Inc.",510k,2025-01-10,Obstetrics and Gynecology,DESCRIBED_AI_OR_ALGORITHMIC_FUNCTION,DESCRIBED_AI_OR_ALGORITHMIC_FUNCTION,SINGLE,SINGLE
K241029,SpineUs System,Verdure Imaging,510k,2024-10-07,Radiology,DESCRIBED_AI_OR_ALGORITHMIC_FUNCTION,DESCRIBED_AI_OR_ALGORITHMIC_FUNCTION,SINGLE,SINGLE
K241038,Cardiac CT Function Software Application,Circle Cardiovascular Imaging,510k,2024-06-07,Radiology,DESCRIBED_AI_OR_ALGORITHMIC_FUNCTION,DESCRIBED_AI_OR_ALGORITHMIC_FUNCTION,SINGLE,SINGLE
K241079,uCT 780,"Shanghai United Imaging Healthcare Co., Ltd.",510k,2025-01-07,Radiology,DESCRIBED_AI_OR_ALGORITHMIC_FUNCTION,DESCRIBED_AI_OR_ALGORITHMIC_FUNCTION,SINGLE,SINGLE
K241083,SIS System,"Surgical Information Sciences, Inc.",510k,2024-06-14,Radiology,DESCRIBED_AI_OR_ALGORITHMIC_FUNCTION,DESCRIBED_AI_OR_ALGORITHMIC_FUNCTION,SINGLE,SINGLE
K241098,NeuroQuant,"CorTechs Labs, Inc.",510k,2024-08-22,Radiology,DESCRIBED_AI_OR_ALGORITHMIC_FUNCTION,DESCRIBED_AI_OR_ALGORITHMIC_FUNCTION,SINGLE,SINGLE
K241108,RemedyLogic AI MRI Lumbar Spine Reader,Remedy Logic Inc.,510k,2024-10-30,Radiology,DESCRIBED_AI_OR_ALGORITHMIC_FUNCTION,DESCRIBED_AI_OR_ALGORITHMIC_FUNCTION,SINGLE,SINGLE
K241112,BriefCase-Quantification,"Aidoc Medical, Ltd.",510k,2024-05-15,Radiology,DESCRIBED_AI_OR_ALGORITHMIC_FUNCTION,DESCRIBED_AI_OR_ALGORITHMIC_FUNCTION,SINGLE,SINGLE
K241121,MICSI-RMT,"Microstructure Imaging, Inc.",510k,2024-07-17,Radiology,DESCRIBED_AI_OR_ALGORITHMIC_FUNCTION,DESCRIBED_AI_OR_ALGORITHMIC_FUNCTION,SINGLE,SINGLE
K241166,uCT 550,"Shanghai United Imaging Healthcare Co., Ltd.",510k,2025-01-14,Radiology,DESCRIBED_AI_OR_ALGORITHMIC_FUNCTION,DESCRIBED_AI_OR_ALGORITHMIC_FUNCTION,MULTIPLE,MULTIPLE
K241197,DeepRhythmAI,Medicalgorithmics S.A.,510k,2024-12-04,Cardiovascular,DESCRIBED_AI_OR_ALGORITHMIC_FUNCTION,DESCRIBED_AI_OR_ALGORITHMIC_FUNCTION,SINGLE,SINGLE
K241200,SpotLight/SpotLight Duo with Low Dose Lung Cancer Screening Option,Arineta Ltd.,510k,2025-01-13,Radiology,DESCRIBED_AI_OR_ALGORITHMIC_FUNCTION,DESCRIBED_AI_OR_ALGORITHMIC_FUNCTION,SINGLE,SINGLE
K241211,CoLumbo,Smart Soft Healthcare,510k,2024-08-15,Radiology,DESCRIBED_AI_OR_ALGORITHMIC_FUNCTION,DESCRIBED_AI_OR_ALGORITHMIC_FUNCTION,SINGLE,SINGLE
K241222,Ventripoint Medical System Plus (VMS+) 4.0,Ventripoint Diagnostics Ltd.,510k,2025-02-26,Radiology,DESCRIBED_AI_OR_ALGORITHMIC_FUNCTION,DESCRIBED_AI_OR_ALGORITHMIC_FUNCTION,SINGLE,SINGLE
K241232,Galen Second Read,Ibex Medical Analytics Ltd.,510k,2025-01-24,Pathology,DESCRIBED_AI_OR_ALGORITHMIC_FUNCTION,DESCRIBED_AI_OR_ALGORITHMIC_FUNCTION,SINGLE,SINGLE
K241242,SIGNA MAGNUS,"GE Medical Systems, LLC",510k,2024-10-17,Radiology,DEVICE_FUNCTION_AI_ATTRIBUTION_UNRESOLVED,DEVICE_FUNCTION_AI_ATTRIBUTION_UNRESOLVED,UNCERTAIN,UNCERTAIN
K241245,EchoSolv AS,Echo IQ Ltd,510k,2024-10-04,Radiology,DESCRIBED_AI_OR_ALGORITHMIC_FUNCTION,DESCRIBED_AI_OR_ALGORITHMIC_FUNCTION,SINGLE,SINGLE
K241280,Constellation (CON-001),"Q Bio, Inc.",510k,2024-09-12,Radiology,DESCRIBED_AI_OR_ALGORITHMIC_FUNCTION,DESCRIBED_AI_OR_ALGORITHMIC_FUNCTION,SINGLE,SINGLE
K241292,MyShoulder Planner (5.3SSWPL),Medacta International S.A.,510k,2025-01-30,Orthopedic,DESCRIBED_AI_OR_ALGORITHMIC_FUNCTION,DESCRIBED_AI_OR_ALGORITHMIC_FUNCTION,SINGLE,SINGLE
K241312,TeraRecon Cardiac.Chambers.MR (1.0.0),"TeraRecon,Inc.",510k,2024-11-05,Radiology,DESCRIBED_AI_OR_ALGORITHMIC_FUNCTION,DESCRIBED_AI_OR_ALGORITHMIC_FUNCTION,SINGLE,SINGLE
K241329,SubtleSYNTH (1.x),"Subtle Medical, Inc.",510k,2024-07-11,Radiology,DESCRIBED_AI_OR_ALGORITHMIC_FUNCTION,DESCRIBED_AI_OR_ALGORITHMIC_FUNCTION,SINGLE,SINGLE
K241331,MuscleView,"Springbok, Inc.",510k,2024-10-01,Radiology,DESCRIBED_AI_OR_ALGORITHMIC_FUNCTION,DESCRIBED_AI_OR_ALGORITHMIC_FUNCTION,SINGLE,SINGLE
K241350,Clarify DL,"GE Medical Systems Israel, Functional Imaging",510k,2025-01-03,Radiology,DESCRIBED_AI_OR_ALGORITHMIC_FUNCTION,DESCRIBED_AI_OR_ALGORITHMIC_FUNCTION,SINGLE,SINGLE
K241380,FETOLY-HEART,Diagnoly,510k,2024-09-11,Radiology,DESCRIBED_AI_OR_ALGORITHMIC_FUNCTION,DESCRIBED_AI_OR_ALGORITHMIC_FUNCTION,SINGLE,SINGLE
K241390,NeuroMatch,LVIS Corporation,510k,2024-11-26,Neurology,DESCRIBED_AI_OR_ALGORITHMIC_FUNCTION,DESCRIBED_AI_OR_ALGORITHMIC_FUNCTION,SINGLE,SINGLE
K241429,ECHELON Synergy MRI System,FUJIFILM Healthcare Corporation,510k,2024-08-13,Radiology,DEVICE_FUNCTION_AI_ATTRIBUTION_UNRESOLVED,DEVICE_FUNCTION_AI_ATTRIBUTION_UNRESOLVED,UNCERTAIN,UNCERTAIN
K241430,EchoMeasure,iCardio.ai,510k,2024-10-10,Radiology,DESCRIBED_AI_OR_ALGORITHMIC_FUNCTION,DESCRIBED_AI_OR_ALGORITHMIC_FUNCTION,SINGLE,SINGLE
K241439,VUNO Med-Chest X-ray Triage/VUNO Med-CXR Link Triage,Vuno Inc.,510k,2024-11-15,Radiology,DESCRIBED_AI_OR_ALGORITHMIC_FUNCTION,DESCRIBED_AI_OR_ALGORITHMIC_FUNCTION,SINGLE,SINGLE
K241440,HealthCCSng,Nano-X AI Ltd.,510k,2024-08-19,Radiology,DESCRIBED_AI_OR_ALGORITHMIC_FUNCTION,DESCRIBED_AI_OR_ALGORITHMIC_FUNCTION,SINGLE,SINGLE
K241480,JBS-LVO,"JLK, Inc.",510k,2024-09-27,Radiology,DESCRIBED_AI_OR_ALGORITHMIC_FUNCTION,DESCRIBED_AI_OR_ALGORITHMIC_FUNCTION,SINGLE,SINGLE
K241481,xvision Spine System,Augmedics Ltd.,510k,2024-10-16,Neurology,DESCRIBED_AI_OR_ALGORITHMIC_FUNCTION,DESCRIBED_AI_OR_ALGORITHMIC_FUNCTION,SINGLE,SINGLE
K241490,Contour+ (MVision AI Segmentation),MVision AI Oy,510k,2024-10-18,Radiology,DESCRIBED_AI_OR_ALGORITHMIC_FUNCTION,DESCRIBED_AI_OR_ALGORITHMIC_FUNCTION,SINGLE,SINGLE
K241496,"Vantage Galan 3T, MRT-3020, V10.0 with AiCE Reconstruction Processing Unit for MR",Canon Medical Systems Corporation,510k,2024-08-20,Radiology,DEVICE_FUNCTION_AI_ATTRIBUTION_UNRESOLVED,DEVICE_FUNCTION_AI_ATTRIBUTION_UNRESOLVED,UNCERTAIN,UNCERTAIN
K241508,SKOUT® system,"Iterative Scopes, Inc.",510k,2024-07-03,Gastroenterology-Urology,DESCRIBED_AI_OR_ALGORITHMIC_FUNCTION,DESCRIBED_AI_OR_ALGORITHMIC_FUNCTION,SINGLE,SINGLE
K241543,DrAid for Liver Segmentation,VinBrain Joint Stock Company,510k,2024-12-06,Radiology,DESCRIBED_AI_OR_ALGORITHMIC_FUNCTION,DESCRIBED_AI_OR_ALGORITHMIC_FUNCTION,SINGLE,SINGLE
K241546,aiCockpit AI Viewer,"Fovia, Inc.",510k,2025-02-26,Radiology,DEVICE_FUNCTION_AI_ATTRIBUTION_UNRESOLVED,DEVICE_FUNCTION_AI_ATTRIBUTION_UNRESOLVED,UNCERTAIN,UNCERTAIN
K241561,MammoScreen BD,Therapixel,510k,2024-10-02,Radiology,DESCRIBED_AI_OR_ALGORITHMIC_FUNCTION,DESCRIBED_AI_OR_ALGORITHMIC_FUNCTION,SINGLE,SINGLE
K241582,"Aplio i900/i800/i700 Diagnostic Ultrasound System, Software V7.0 (TUS-AI900, TUS-AI800, TUS-AI700)",Canon Medical Systems Corporation,510k,2024-09-12,Radiology,DESCRIBED_AI_OR_ALGORITHMIC_FUNCTION,DESCRIBED_AI_OR_ALGORITHMIC_FUNCTION,MULTIPLE,MULTIPLE
K241585,uMI Panorama,"Shanghai United Imaging Healthcare Co.,Ltd.",510k,2024-08-30,Radiology,DESCRIBED_AI_OR_ALGORITHMIC_FUNCTION,DESCRIBED_AI_OR_ALGORITHMIC_FUNCTION,SINGLE,SINGLE
K241593,BoneMetrics (US),Gleamer SAS,510k,2025-02-05,Radiology,DESCRIBED_AI_OR_ALGORITHMIC_FUNCTION,DESCRIBED_AI_OR_ALGORITHMIC_FUNCTION,SINGLE,SINGLE
K241596,uMI Panvivo,"Shanghai United Imaging Healthcare Co., Ltd.",510k,2024-08-15,Radiology,DESCRIBED_AI_OR_ALGORITHMIC_FUNCTION,DESCRIBED_AI_OR_ALGORITHMIC_FUNCTION,SINGLE,SINGLE
K241620,ChestView US,Gleamer SAS,510k,2025-02-27,Radiology,DESCRIBED_AI_OR_ALGORITHMIC_FUNCTION,DESCRIBED_AI_OR_ALGORITHMIC_FUNCTION,SINGLE,SINGLE
K241633,Informed Vital Core Application (IVC App),"Mindset Medical, Inc.",510k,2024-11-18,Cardiovascular,DESCRIBED_AI_OR_ALGORITHMIC_FUNCTION,DESCRIBED_AI_OR_ALGORITHMIC_FUNCTION,SINGLE,SINGLE
K241659,Ultrasound Workspace (UWS 6.0),Philips Ultrasound LLC,510k,2025-02-10,Radiology,DESCRIBED_AI_OR_ALGORITHMIC_FUNCTION,DESCRIBED_AI_OR_ALGORITHMIC_FUNCTION,MULTIPLE,MULTIPLE
K241665,Omni Legend,"GE Medical Systems Israel, Functional Imaging",510k,2024-08-08,Radiology,DESCRIBED_AI_OR_ALGORITHMIC_FUNCTION,DESCRIBED_AI_OR_ALGORITHMIC_FUNCTION,SINGLE,SINGLE
K241671,6450 Ultrasound System (MyLabE80); 6450 Ultrasound System (MyLabE85),Esaote S.p.A.,510k,2025-05-16,Radiology,DEVICE_FUNCTION_AI_ATTRIBUTION_UNRESOLVED,DEVICE_FUNCTION_AI_ATTRIBUTION_UNRESOLVED,UNCERTAIN,UNCERTAIN
K241676,TriVerity,"Inflammatix, Inc.",510k,2025-01-10,Microbiology,DESCRIBED_AI_OR_ALGORITHMIC_FUNCTION,DESCRIBED_AI_OR_ALGORITHMIC_FUNCTION,MULTIPLE,MULTIPLE
K241681,Overjet Image Enhancement Assist,Overjet Inc,510k,2024-09-09,Radiology,DESCRIBED_AI_OR_ALGORITHMIC_FUNCTION,DESCRIBED_AI_OR_ALGORITHMIC_FUNCTION,SINGLE,SINGLE
K241684,Overjet Charting Assist,"Overjet, Inc",510k,2024-08-27,Radiology,DESCRIBED_AI_OR_ALGORITHMIC_FUNCTION,DESCRIBED_AI_OR_ALGORITHMIC_FUNCTION,SINGLE,SINGLE
K241696,Ortho AI,Ortho AI LLC,510k,2025-01-02,Radiology,DESCRIBED_AI_OR_ALGORITHMIC_FUNCTION,DESCRIBED_AI_OR_ALGORITHMIC_FUNCTION,SINGLE,SINGLE
K241719,NeuroICH,Neurocareai Inc.,510k,2024-11-07,Radiology,DESCRIBED_AI_OR_ALGORITHMIC_FUNCTION,DESCRIBED_AI_OR_ALGORITHMIC_FUNCTION,SINGLE,SINGLE
K241725,Better Diagnostics Caries Assist (BDCA) Version 1.0,Better Diagnostics AI Corp,510k,2025-03-11,Radiology,DESCRIBED_AI_OR_ALGORITHMIC_FUNCTION,DESCRIBED_AI_OR_ALGORITHMIC_FUNCTION,SINGLE,SINGLE
K241727,BriefCase-Triage,"Aidoc Medical, Ltd.",510k,2024-07-12,Radiology,DESCRIBED_AI_OR_ALGORITHMIC_FUNCTION,DESCRIBED_AI_OR_ALGORITHMIC_FUNCTION,SINGLE,SINGLE
K241747,Saige-Dx,"DeepHealth, Inc",510k,2024-11-18,Radiology,DESCRIBED_AI_OR_ALGORITHMIC_FUNCTION,DESCRIBED_AI_OR_ALGORITHMIC_FUNCTION,SINGLE,SINGLE
K241770,Prostate MR AI (VA10A),Siemens Healthcare GmbH,510k,2025-03-05,Radiology,DESCRIBED_AI_OR_ALGORITHMIC_FUNCTION,DESCRIBED_AI_OR_ALGORITHMIC_FUNCTION,SINGLE,SINGLE
K241831,Transpara (2.1.0),ScreenPoint Medical B.V.,510k,2024-11-25,Radiology,DESCRIBED_AI_OR_ALGORITHMIC_FUNCTION,DESCRIBED_AI_OR_ALGORITHMIC_FUNCTION,SINGLE,SINGLE
K241837,Limbus Contour,Limbus AI Inc.,510k,2024-10-09,Radiology,DESCRIBED_AI_OR_ALGORITHMIC_FUNCTION,DESCRIBED_AI_OR_ALGORITHMIC_FUNCTION,SINGLE,SINGLE
K241847,Imbio PHA (4.0.0),"Imbio, Inc",510k,2024-08-30,Radiology,DESCRIBED_AI_OR_ALGORITHMIC_FUNCTION,DESCRIBED_AI_OR_ALGORITHMIC_FUNCTION,SINGLE,SINGLE
K241887,GI Genius Module 100 (GGM100.US); GI Genius Module 200 (GGM200.US); ColonPRO 4.0 (CPRO40.US); GI Genius Module 300 (GGM300-US); ColonPRO 4.0 (CPRO40S-US),Cosmo Artificial Intelligence - AI Ltd,510k,2024-07-25,Gastroenterology-Urology,DESCRIBED_AI_OR_ALGORITHMIC_FUNCTION,DESCRIBED_AI_OR_ALGORITHMIC_FUNCTION,SINGLE,SINGLE
K241891,ScreenDx,"Imvaria, Inc",510k,2025-01-10,Radiology,DESCRIBED_AI_OR_ALGORITHMIC_FUNCTION,DESCRIBED_AI_OR_ALGORITHMIC_FUNCTION,SINGLE,SINGLE
K241922,Myomics,Phantomics Inc.,510k,2025-02-28,Radiology,DESCRIBED_AI_OR_ALGORITHMIC_FUNCTION,DESCRIBED_AI_OR_ALGORITHMIC_FUNCTION,SINGLE,SINGLE
K241923,EFAI Neurosuite CT Midline Shift Assessment System (MLS-CT-100),"Ever Fortune.AI, Co., Ltd.",510k,2024-12-06,Radiology,DESCRIBED_AI_OR_ALGORITHMIC_FUNCTION,DESCRIBED_AI_OR_ALGORITHMIC_FUNCTION,SINGLE,SINGLE
K241949,Digital Color Doppler Ultrasound System (P60 Series),Sonoscape Medical Corp.,510k,2025-01-17,Radiology,DESCRIBED_AI_OR_ALGORITHMIC_FUNCTION,DESCRIBED_AI_OR_ALGORITHMIC_FUNCTION,SINGLE,SINGLE
K241960,DeepRESP,Nox Medical ehf,510k,2025-03-14,Neurology,DESCRIBED_AI_OR_ALGORITHMIC_FUNCTION,DESCRIBED_AI_OR_ALGORITHMIC_FUNCTION,SINGLE,SINGLE
K241961,Vent Creativity Knee v1.0 (Hermes),Vent Creativity,510k,2025-03-20,Radiology,DESCRIBED_AI_OR_ALGORITHMIC_FUNCTION,DESCRIBED_AI_OR_ALGORITHMIC_FUNCTION,SINGLE,SINGLE
K241971,"HERA Z20, R20, HERA Z30, R30 Diagnostic Ultrasound System","Samsung Medison Co., Ltd.",510k,2024-10-11,Radiology,DESCRIBED_AI_OR_ALGORITHMIC_FUNCTION,DESCRIBED_AI_OR_ALGORITHMIC_FUNCTION,MULTIPLE,MULTIPLE
K241982,DeepFoqus (DeepFoqus-Accelerate),Foqus Technologies Inc.,510k,2025-04-04,Radiology,DESCRIBED_AI_OR_ALGORITHMIC_FUNCTION,DESCRIBED_AI_OR_ALGORITHMIC_FUNCTION,SINGLE,SINGLE
K241984,Hi-D Imaging 4TAVR,Hi-D Imaging AG,510k,2025-04-02,Radiology,DESCRIBED_AI_OR_ALGORITHMIC_FUNCTION,DESCRIBED_AI_OR_ALGORITHMIC_FUNCTION,SINGLE,SINGLE
K242005,Versana Premier; Versana Premier Lotus; LOGIQ F,GE Medical Systems Ultrasound and Primary Care Diagnostics,510k,2024-10-02,Radiology,DEVICE_FUNCTION_AI_ATTRIBUTION_UNRESOLVED,DEVICE_FUNCTION_AI_ATTRIBUTION_UNRESOLVED,UNCERTAIN,UNCERTAIN
K242020,EPIQ Series Diagnostic Ultrasound System; Affiniti Series Diagnostic Ultrasound System,Philips Ultrasound LLC,510k,2024-12-12,Radiology,DESCRIBED_AI_OR_ALGORITHMIC_FUNCTION,DESCRIBED_AI_OR_ALGORITHMIC_FUNCTION,SINGLE,SINGLE
K242054,OptimMRI (v2),"Rebrain, SAS",510k,2024-08-12,Radiology,DESCRIBED_AI_OR_ALGORITHMIC_FUNCTION,DESCRIBED_AI_OR_ALGORITHMIC_FUNCTION,SINGLE,SINGLE
K242062,1CMR Pro,Mycardium AI Limited,510k,2024-11-15,Radiology,DESCRIBED_AI_OR_ALGORITHMIC_FUNCTION,DESCRIBED_AI_OR_ALGORITHMIC_FUNCTION,SINGLE,SINGLE
K242094,Dreem 3S,"Beacon Biosignals, Inc.",510k,2024-11-22,Neurology,DESCRIBED_AI_OR_ALGORITHMIC_FUNCTION,DESCRIBED_AI_OR_ALGORITHMIC_FUNCTION,SINGLE,SINGLE
K242123,Brainomix 360 e-CTA,Brainomix Limited,510k,2025-01-06,Radiology,DESCRIBED_AI_OR_ALGORITHMIC_FUNCTION,DESCRIBED_AI_OR_ALGORITHMIC_FUNCTION,SINGLE,SINGLE
K242129,VitalRhythm,"VitalConnect, Inc.",510k,2025-04-17,Cardiovascular,DESCRIBED_AI_OR_ALGORITHMIC_FUNCTION,DESCRIBED_AI_OR_ALGORITHMIC_FUNCTION,SINGLE,SINGLE
K242130,Koios DS,"Koios Medical, Inc.",510k,2024-11-15,Radiology,DESCRIBED_AI_OR_ALGORITHMIC_FUNCTION,DESCRIBED_AI_OR_ALGORITHMIC_FUNCTION,MULTIPLE,MULTIPLE
K242166,TribusConnect,TribusMed Beheer BV,510k,2025-03-31,Radiology,DESCRIBED_AI_OR_ALGORITHMIC_FUNCTION,DESCRIBED_AI_OR_ALGORITHMIC_FUNCTION,SINGLE,SINGLE
K242168,Voluson Expert 18; Voluson Expert 20; Voluson Expert 22,GE Medical Systems Ultrasound and Primary care Diagnostics,510k,2024-12-20,Radiology,DESCRIBED_AI_OR_ALGORITHMIC_FUNCTION,DESCRIBED_AI_OR_ALGORITHMIC_FUNCTION,MULTIPLE,MULTIPLE
K242171,TechCare Trauma,Milvue,510k,2025-01-17,Radiology,DESCRIBED_AI_OR_ALGORITHMIC_FUNCTION,DESCRIBED_AI_OR_ALGORITHMIC_FUNCTION,SINGLE,SINGLE
K242188,ClearRead CT CAC,"Riverain Technologies, Inc.",510k,2024-12-03,Radiology,DESCRIBED_AI_OR_ALGORITHMIC_FUNCTION,DESCRIBED_AI_OR_ALGORITHMIC_FUNCTION,SINGLE,SINGLE
K242203,BriefCase-Quantification,"Aidoc Medical, Ltd.",510k,2024-11-22,Radiology,DESCRIBED_AI_OR_ALGORITHMIC_FUNCTION,DESCRIBED_AI_OR_ALGORITHMIC_FUNCTION,SINGLE,SINGLE
K242215,Neurophet AQUA (V3.1),"Neurophet, Inc.",510k,2024-10-25,Radiology,DESCRIBED_AI_OR_ALGORITHMIC_FUNCTION,DESCRIBED_AI_OR_ALGORITHMIC_FUNCTION,SINGLE,SINGLE
K242240,CaRi-Plaque,Caristo Diagnostics Ltd.,510k,2025-02-20,Radiology,DESCRIBED_AI_OR_ALGORITHMIC_FUNCTION,DESCRIBED_AI_OR_ALGORITHMIC_FUNCTION,SINGLE,SINGLE
K242270,OrthoNext Platform System,Orthofix Srl,510k,2024-12-19,Radiology,DESCRIBED_AI_OR_ALGORITHMIC_FUNCTION,DESCRIBED_AI_OR_ALGORITHMIC_FUNCTION,SINGLE,SINGLE
K242275,syngo.via MI Workflows; Scenium; syngo MBF,"Siemens Medical Solutions USA, Inc.",510k,2024-08-30,Radiology,DESCRIBED_AI_OR_ALGORITHMIC_FUNCTION,DESCRIBED_AI_OR_ALGORITHMIC_FUNCTION,SINGLE,SINGLE
K242292,uAI Easy Triage ICH,"Shanghai United Imaging Intelligence Co., Ltd.",510k,2024-09-24,Radiology,DESCRIBED_AI_OR_ALGORITHMIC_FUNCTION,DESCRIBED_AI_OR_ALGORITHMIC_FUNCTION,SINGLE,SINGLE
K242295,BunkerHill BMD,BunkerHill Health,510k,2025-04-08,Radiology,DESCRIBED_AI_OR_ALGORITHMIC_FUNCTION,DESCRIBED_AI_OR_ALGORITHMIC_FUNCTION,SINGLE,SINGLE
K242300,MI View&GO,"Siemens Medical Solutions USA, Inc.",510k,2024-08-30,Radiology,DEVICE_FUNCTION_AI_ATTRIBUTION_UNRESOLVED,DEVICE_FUNCTION_AI_ATTRIBUTION_UNRESOLVED,UNCERTAIN,UNCERTAIN
K242323,Maestro System (REF100),Moon Surgical,510k,2025-03-14,Gastroenterology-Urology,DESCRIBED_AI_OR_ALGORITHMIC_FUNCTION,DESCRIBED_AI_OR_ALGORITHMIC_FUNCTION,SINGLE,SINGLE
K242334,Ezra Flash,"Ezra AI, Inc.",510k,2025-01-02,Radiology,DESCRIBED_AI_OR_ALGORITHMIC_FUNCTION,DESCRIBED_AI_OR_ALGORITHMIC_FUNCTION,SINGLE,SINGLE
K242338,Cleerly LABS (v2.0),"Cleerly, Inc.",510k,2025-03-07,Radiology,DESCRIBED_AI_OR_ALGORITHMIC_FUNCTION,DESCRIBED_AI_OR_ALGORITHMIC_FUNCTION,SINGLE,SINGLE
K242342,Fetal EchoScan,BrightHeart,510k,2024-11-14,Radiology,DESCRIBED_AI_OR_ALGORITHMIC_FUNCTION,DESCRIBED_AI_OR_ALGORITHMIC_FUNCTION,SINGLE,SINGLE
K242359,Strain AI (SAI001),Exo Inc,510k,2024-11-20,Radiology,DESCRIBED_AI_OR_ALGORITHMIC_FUNCTION,DESCRIBED_AI_OR_ALGORITHMIC_FUNCTION,SINGLE,SINGLE
K242362,Lightning Viewer,Nexsys Electronics Inc. dba Medweb,510k,2024-12-20,Radiology,DEVICE_FUNCTION_AI_ATTRIBUTION_UNRESOLVED,DEVICE_FUNCTION_AI_ATTRIBUTION_UNRESOLVED,UNCERTAIN,UNCERTAIN
K242388,LensHooke X12 PRO Semen Analysis System,"Bonraybio Co., LTD.",510k,2025-05-09,Hematology,DESCRIBED_AI_OR_ALGORITHMIC_FUNCTION,DESCRIBED_AI_OR_ALGORITHMIC_FUNCTION,MULTIPLE,MULTIPLE
K242403,Aquilion ONE (TSX-308A/3) V1.5,Canon Medical Systems Corporation,510k,2024-12-23,Radiology,DESCRIBED_AI_OR_ALGORITHMIC_FUNCTION,DESCRIBED_AI_OR_ALGORITHMIC_FUNCTION,SINGLE,SINGLE
K242437,Smile Dx®,"Cube Click, Inc.",510k,2025-05-14,Radiology,DESCRIBED_AI_OR_ALGORITHMIC_FUNCTION,DESCRIBED_AI_OR_ALGORITHMIC_FUNCTION,MULTIPLE,MULTIPLE
K242444,HERA W10 Diagnostic Ultrasound System; HERA W9 Diagnostic Ultrasound System,"Samsung Medison Co., Ltd.",510k,2024-11-27,Radiology,DESCRIBED_AI_OR_ALGORITHMIC_FUNCTION,DESCRIBED_AI_OR_ALGORITHMIC_FUNCTION,MULTIPLE,MULTIPLE
K242447,Falcon HST,Compumedics Limited,510k,2025-02-20,Neurology,DESCRIBED_AI_OR_ALGORITHMIC_FUNCTION,DESCRIBED_AI_OR_ALGORITHMIC_FUNCTION,SINGLE,SINGLE
K242461,IRISeg,Intuitive Surgical Inc.,510k,2024-12-10,Radiology,DESCRIBED_AI_OR_ALGORITHMIC_FUNCTION,DESCRIBED_AI_OR_ALGORITHMIC_FUNCTION,SINGLE,SINGLE
K242467,IQ-UIP,"Imbio, Inc.",510k,2024-12-19,Radiology,DESCRIBED_AI_OR_ALGORITHMIC_FUNCTION,DESCRIBED_AI_OR_ALGORITHMIC_FUNCTION,SINGLE,SINGLE
K242480,FLASH EVD System (10-0002),7D Surgical ULC,510k,2024-12-27,Neurology,DEVICE_FUNCTION_AI_ATTRIBUTION_UNRESOLVED,DEVICE_FUNCTION_AI_ATTRIBUTION_UNRESOLVED,UNCERTAIN,UNCERTAIN
K242488,Soteria E-View,"Omega Medical Imaging, LLC",510k,2025-01-06,Radiology,DEVICE_FUNCTION_AI_ATTRIBUTION_UNRESOLVED,DEVICE_FUNCTION_AI_ATTRIBUTION_UNRESOLVED,UNCERTAIN,UNCERTAIN
K242500,LARALAB,LARALAB GmbH,510k,2025-04-16,Radiology,DESCRIBED_AI_OR_ALGORITHMIC_FUNCTION,DESCRIBED_AI_OR_ALGORITHMIC_FUNCTION,SINGLE,SINGLE
K242511,"V5 Diagnostic Ultrasound System, H5 Diagnostic Ultrasound System, XV5 Diagnostic Ultrasound System, XH5 Diagnostic Ultrasound System, V4 Diagnostic Ultrasound System, H4 Diagnostic Ultrasound System, XV4 Diagnostic Ultrasound System, XH4 Diagnostic Ultrasound System","Samsung Medison Co., Ltd.",510k,2024-12-10,Radiology,DESCRIBED_AI_OR_ALGORITHMIC_FUNCTION,DESCRIBED_AI_OR_ALGORITHMIC_FUNCTION,MULTIPLE,MULTIPLE
K242522,Second Opinion CC,Pearl Inc.,510k,2025-01-16,Radiology,DESCRIBED_AI_OR_ALGORITHMIC_FUNCTION,DESCRIBED_AI_OR_ALGORITHMIC_FUNCTION,SINGLE,SINGLE
K242523,ACUSON Sequoia Diagnostic Ultrasound System; ACUSON Sequoia Select Diagnostic Ultrasound System; ACUSON Origin Diagnostic Ultrasound System; ACUSON Origin ICE Diagnostic Ultrasound System,"Siemens Medical Solutions USA, Inc.",510k,2024-11-19,Radiology,DESCRIBED_AI_OR_ALGORITHMIC_FUNCTION,DESCRIBED_AI_OR_ALGORITHMIC_FUNCTION,MULTIPLE,MULTIPLE
K242551,syngo Dynamics (Version VA41D),Siemens Healthcare GmbH,510k,2025-04-03,Radiology,DESCRIBED_AI_OR_ALGORITHMIC_FUNCTION,DESCRIBED_AI_OR_ALGORITHMIC_FUNCTION,SINGLE,SINGLE
K242583,AT-Patch (ATP-C130/ATP-C70),"ATsens Co.,Ltd.",510k,2025-05-02,Cardiovascular,DESCRIBED_AI_OR_ALGORITHMIC_FUNCTION,DESCRIBED_AI_OR_ALGORITHMIC_FUNCTION,SINGLE,SINGLE
K242594,DEEPECHO,DeepEcho,510k,2025-05-23,Radiology,DESCRIBED_AI_OR_ALGORITHMIC_FUNCTION,DESCRIBED_AI_OR_ALGORITHMIC_FUNCTION,SINGLE,SINGLE
K242600,Second Opinion Periapical Radiolucency Contours,Pearl Inc.,510k,2025-04-11,Radiology,DESCRIBED_AI_OR_ALGORITHMIC_FUNCTION,DESCRIBED_AI_OR_ALGORITHMIC_FUNCTION,SINGLE,SINGLE
K242607,ScanDiags Ortho L-Spine MR-Q,ScanDiags AG,510k,2025-02-21,Radiology,DESCRIBED_AI_OR_ALGORITHMIC_FUNCTION,DESCRIBED_AI_OR_ALGORITHMIC_FUNCTION,SINGLE,SINGLE
K242624,Medical Image Post-processing Software (uOmnispace.CT),"Shanghai United Imaging Healthcare Co., Ltd.",510k,2025-05-14,Radiology,DESCRIBED_AI_OR_ALGORITHMIC_FUNCTION,DESCRIBED_AI_OR_ALGORITHMIC_FUNCTION,MULTIPLE,MULTIPLE
K242652,Lunit INSIGHT DBT v1.1,Lunit Inc.,510k,2024-10-04,Radiology,DESCRIBED_AI_OR_ALGORITHMIC_FUNCTION,DESCRIBED_AI_OR_ALGORITHMIC_FUNCTION,SINGLE,SINGLE
K242683,QP-Prostate® CAD,Quibim S.L.,510k,2025-03-18,Radiology,DESCRIBED_AI_OR_ALGORITHMIC_FUNCTION,DESCRIBED_AI_OR_ALGORITHMIC_FUNCTION,SINGLE,SINGLE
K242729,AutoContour (Model RADAC V4),"Radformation, Inc.",510k,2024-12-09,Radiology,DESCRIBED_AI_OR_ALGORITHMIC_FUNCTION,DESCRIBED_AI_OR_ALGORITHMIC_FUNCTION,SINGLE,SINGLE
K242737,Empatica Health Monitoring Platform; EmbracePlus; Empatica Care; Care Portal,Empatica S.R.L.,510k,2025-06-06,Cardiovascular,DESCRIBED_AI_OR_ALGORITHMIC_FUNCTION,DESCRIBED_AI_OR_ALGORITHMIC_FUNCTION,SINGLE,SINGLE
K242745,AI-Rad Companion Organs RT,Siemens Healthcare GmbH,510k,2025-03-27,Radiology,DESCRIBED_AI_OR_ALGORITHMIC_FUNCTION,DESCRIBED_AI_OR_ALGORITHMIC_FUNCTION,SINGLE,SINGLE
K242748,Oncospace,"Oncospace, Inc.",510k,2025-04-11,Radiology,DESCRIBED_AI_OR_ALGORITHMIC_FUNCTION,DESCRIBED_AI_OR_ALGORITHMIC_FUNCTION,MULTIPLE,MULTIPLE
K242781,cvi42 Software Application,Circle Cardiovascular Imaging Inc.,510k,2024-10-15,Radiology,DESCRIBED_AI_OR_ALGORITHMIC_FUNCTION,DESCRIBED_AI_OR_ALGORITHMIC_FUNCTION,SINGLE,SINGLE
K242798,Airmod,Heroic Faith International Ltd.,510k,2025-02-28,Anesthesiology,DESCRIBED_AI_OR_ALGORITHMIC_FUNCTION,DESCRIBED_AI_OR_ALGORITHMIC_FUNCTION,SINGLE,SINGLE
K242800,The 5000 Compact Series Ultrasound Systems,Philips Ultrasound LLC,510k,2024-11-15,Radiology,DESCRIBED_AI_OR_ALGORITHMIC_FUNCTION,DESCRIBED_AI_OR_ALGORITHMIC_FUNCTION,SINGLE,SINGLE
K242807,HeartFocus (V.1.1.1),Deski,510k,2025-04-04,Radiology,DESCRIBED_AI_OR_ALGORITHMIC_FUNCTION,DESCRIBED_AI_OR_ALGORITHMIC_FUNCTION,SINGLE,SINGLE
K242821,EFAI Chestsuite XR Malpositioned ETT Assessment System (ETT-XR-100),"Ever Fortune.AI, Co., Ltd.",510k,2025-02-20,Radiology,DESCRIBED_AI_OR_ALGORITHMIC_FUNCTION,DESCRIBED_AI_OR_ALGORITHMIC_FUNCTION,SINGLE,SINGLE
K242822,ART-Plan+ (v.3.0.0),Therapanacea SAS,510k,2025-02-25,Radiology,DESCRIBED_AI_OR_ALGORITHMIC_FUNCTION,DESCRIBED_AI_OR_ALGORITHMIC_FUNCTION,MULTIPLE,MULTIPLE
K242825,Prenuvo Body Composition,Prenuvo,510k,2025-01-17,Radiology,DEVICE_FUNCTION_AI_ATTRIBUTION_UNRESOLVED,DEVICE_FUNCTION_AI_ATTRIBUTION_UNRESOLVED,UNCERTAIN,UNCERTAIN
K242830,LensHooke X3 PRO Semen Quality Analyzer; LensHooke X3 PRO SE Semen Quality Analyzer,"Bonraybio Co., LTD.",510k,2025-05-30,Hematology,DESCRIBED_AI_OR_ALGORITHMIC_FUNCTION,DESCRIBED_AI_OR_ALGORITHMIC_FUNCTION,SINGLE,SINGLE
K242837,BriefCase-Triage,"Aidoc Medical, Ltd.",510k,2024-10-18,Radiology,DESCRIBED_AI_OR_ALGORITHMIC_FUNCTION,DESCRIBED_AI_OR_ALGORITHMIC_FUNCTION,SINGLE,SINGLE
K242838,QuickRad,Aikenist Technologies Pvt Ltd,510k,2025-02-21,Radiology,DESCRIBED_AI_OR_ALGORITHMIC_FUNCTION,DESCRIBED_AI_OR_ALGORITHMIC_FUNCTION,MULTIPLE,MULTIPLE
K242919,V5med Lung AI,V5med Inc.,510k,2025-03-27,Radiology,DESCRIBED_AI_OR_ALGORITHMIC_FUNCTION,DESCRIBED_AI_OR_ALGORITHMIC_FUNCTION,SINGLE,SINGLE
K242925,MR Contour DL,GE HealthCare,510k,2025-04-01,Radiology,DESCRIBED_AI_OR_ALGORITHMIC_FUNCTION,DESCRIBED_AI_OR_ALGORITHMIC_FUNCTION,SINGLE,SINGLE
K242967,Loss of Pulse Detection,Fitbit,510k,2025-02-25,Cardiovascular,DESCRIBED_AI_OR_ALGORITHMIC_FUNCTION,DESCRIBED_AI_OR_ALGORITHMIC_FUNCTION,SINGLE,SINGLE
K242994,OncoStudio (OS-01),"OncoSoft. Co., Ltd.",510k,2025-02-24,Radiology,DESCRIBED_AI_OR_ALGORITHMIC_FUNCTION,DESCRIBED_AI_OR_ALGORITHMIC_FUNCTION,SINGLE,SINGLE
K243005,AudaxCeph Cephalogram Analysis Software,Audax d.o.o.,510k,2025-05-30,Radiology,DEVICE_FUNCTION_AI_ATTRIBUTION_UNRESOLVED,DEVICE_FUNCTION_AI_ATTRIBUTION_UNRESOLVED,UNCERTAIN,UNCERTAIN
K243038,Salix Central,Artrya Limited,510k,2025-03-27,Radiology,DESCRIBED_AI_OR_ALGORITHMIC_FUNCTION,DESCRIBED_AI_OR_ALGORITHMIC_FUNCTION,MULTIPLE,MULTIPLE
K243042,Co-Ablation System with Sterile Co-Ablation Probe,"Hygea Medical Technology Co., Ltd.",510k,2025-01-29,General and Plastic Surgery,DEVICE_FUNCTION_AI_ATTRIBUTION_UNRESOLVED,DEVICE_FUNCTION_AI_ATTRIBUTION_UNRESOLVED,UNCERTAIN,UNCERTAIN
K243065,Cardiac Guidance,"Caption Health, Inc.",510k,2025-01-15,Radiology,DESCRIBED_AI_OR_ALGORITHMIC_FUNCTION,DESCRIBED_AI_OR_ALGORITHMIC_FUNCTION,SINGLE,SINGLE
K243122,uMR Omega,"Shanghai United Imaging Healthcare Co., Ltd.",510k,2025-05-21,Radiology,DESCRIBED_AI_OR_ALGORITHMIC_FUNCTION,DESCRIBED_AI_OR_ALGORITHMIC_FUNCTION,MULTIPLE,MULTIPLE
K243144,X100/X100HT with Full Field Peripheral Blood Smear (PBS) Application,"Scopio Labs , Ltd.",510k,2025-06-27,Hematology,DESCRIBED_AI_OR_ALGORITHMIC_FUNCTION,DESCRIBED_AI_OR_ALGORITHMIC_FUNCTION,MULTIPLE,MULTIPLE
K243145,syngo.CT LVO Detection,"Siemens Medical Solutions USA, Inc.",510k,2025-04-10,Radiology,DESCRIBED_AI_OR_ALGORITHMIC_FUNCTION,DESCRIBED_AI_OR_ALGORITHMIC_FUNCTION,SINGLE,SINGLE
K243158,TeraRecon Aorta.CT (1.1.0),"TeraRecon, Inc.",510k,2025-01-23,Radiology,DESCRIBED_AI_OR_ALGORITHMIC_FUNCTION,DESCRIBED_AI_OR_ALGORITHMIC_FUNCTION,SINGLE,SINGLE
K243189,TumorSight Viz,"SimBioSys, Inc.",510k,2024-10-25,Radiology,DESCRIBED_AI_OR_ALGORITHMIC_FUNCTION,DESCRIBED_AI_OR_ALGORITHMIC_FUNCTION,SINGLE,SINGLE
K243209,nordicMEDiVA,NordicNeurolab AS,510k,2024-10-22,Radiology,DESCRIBED_AI_OR_ALGORITHMIC_FUNCTION,DESCRIBED_AI_OR_ALGORITHMIC_FUNCTION,MULTIPLE,MULTIPLE
K243229,Bunkerhill AVC,BunkerHill Health,510k,2025-01-27,Radiology,DESCRIBED_AI_OR_ALGORITHMIC_FUNCTION,DESCRIBED_AI_OR_ALGORITHMIC_FUNCTION,SINGLE,SINGLE
K243230,Second Opinion® BLE,Pearl Inc.,510k,2025-05-09,Radiology,DESCRIBED_AI_OR_ALGORITHMIC_FUNCTION,DESCRIBED_AI_OR_ALGORITHMIC_FUNCTION,SINGLE,SINGLE
K243234,Second Opinion® CS,Pearl Inc.,510k,2025-06-12,Radiology,DESCRIBED_AI_OR_ALGORITHMIC_FUNCTION,DESCRIBED_AI_OR_ALGORITHMIC_FUNCTION,SINGLE,SINGLE
K243235,LVivo Software Application,DiA Imaging Analysis Ltd.,510k,2025-03-03,Radiology,DESCRIBED_AI_OR_ALGORITHMIC_FUNCTION,DESCRIBED_AI_OR_ALGORITHMIC_FUNCTION,MULTIPLE,MULTIPLE
K243239,Lung AI (LAI001),Exo Inc,510k,2025-04-24,Radiology,DESCRIBED_AI_OR_ALGORITHMIC_FUNCTION,DESCRIBED_AI_OR_ALGORITHMIC_FUNCTION,SINGLE,SINGLE
K243250,SubtleHD (1.x),"Subtle Medical, Inc.",510k,2025-02-12,Radiology,DESCRIBED_AI_OR_ALGORITHMIC_FUNCTION,DESCRIBED_AI_OR_ALGORITHMIC_FUNCTION,SINGLE,SINGLE
K243253,6600 Ultrasound System (MyLabA50); 6600 Ultrasound System (MyLabA70),Esaote S.p.A.,510k,2025-06-18,Radiology,DESCRIBED_AI_OR_ALGORITHMIC_FUNCTION,DESCRIBED_AI_OR_ALGORITHMIC_FUNCTION,MULTIPLE,MULTIPLE
K243268,TipTraQ (TTQ001),PranaQ Pte. Ltd.,510k,2025-02-03,Anesthesiology,DESCRIBED_AI_OR_ALGORITHMIC_FUNCTION,DESCRIBED_AI_OR_ALGORITHMIC_FUNCTION,SINGLE,SINGLE
K243292,brAIn Shoulder Positioning,Avatar Medical,510k,2025-03-20,Radiology,DESCRIBED_AI_OR_ALGORITHMIC_FUNCTION,DESCRIBED_AI_OR_ALGORITHMIC_FUNCTION,SINGLE,SINGLE
K243294,Brainomix 360 e-ASPECTS,Brainomix Limited,510k,2025-02-14,Radiology,DESCRIBED_AI_OR_ALGORITHMIC_FUNCTION,DESCRIBED_AI_OR_ALGORITHMIC_FUNCTION,SINGLE,SINGLE
K243331,LVivo Seamless,DiA Imaging Analysis Ltd.,510k,2025-03-06,Radiology,DESCRIBED_AI_OR_ALGORITHMIC_FUNCTION,DESCRIBED_AI_OR_ALGORITHMIC_FUNCTION,SINGLE,SINGLE
K243335,"Vantage Galan 3T, MRT-3020, V10.0 with AiCE Reconstruction Processing Unit for MR",Canon Medical Systems Corporation,510k,2025-01-07,Radiology,DESCRIBED_AI_OR_ALGORITHMIC_FUNCTION,DESCRIBED_AI_OR_ALGORITHMIC_FUNCTION,SINGLE,SINGLE
K243341,Genius AI Detection 2.0,"Hologic, Inc.",510k,2025-07-31,Radiology,DESCRIBED_AI_OR_ALGORITHMIC_FUNCTION,DESCRIBED_AI_OR_ALGORITHMIC_FUNCTION,SINGLE,SINGLE
K243348,Athelas Home,"Athelas, Inc.",510k,2026-02-06,Hematology,DESCRIBED_AI_OR_ALGORITHMIC_FUNCTION,DESCRIBED_AI_OR_ALGORITHMIC_FUNCTION,SINGLE,SINGLE
K243349,BodyGuardian Remote Monitoring System (BGRMS v3.0),"Boston Scientific Cardiac Diagnostic Technologies, Inc.",510k,2026-01-23,Cardiovascular,DESCRIBED_AI_OR_ALGORITHMIC_FUNCTION,DESCRIBED_AI_OR_ALGORITHMIC_FUNCTION,SINGLE,SINGLE
K243350,Rapid Neuro3D,"iSchemaView, Inc.",510k,2025-01-22,Radiology,DESCRIBED_AI_OR_ALGORITHMIC_FUNCTION,DESCRIBED_AI_OR_ALGORITHMIC_FUNCTION,SINGLE,SINGLE
K243363,JLK-ICH,"JLK, Inc.",510k,2025-01-03,Radiology,DESCRIBED_AI_OR_ALGORITHMIC_FUNCTION,DESCRIBED_AI_OR_ALGORITHMIC_FUNCTION,SINGLE,SINGLE
K243376,uAngio AVIVA CX,"Shanghai United Imaging Healthcare Co.,Ltd.",510k,2025-04-28,Radiology,DESCRIBED_AI_OR_ALGORITHMIC_FUNCTION,DESCRIBED_AI_OR_ALGORITHMIC_FUNCTION,MULTIPLE,MULTIPLE
K243378,Rapid MLS,iSchemaview Inc.,510k,2025-05-28,Radiology,DESCRIBED_AI_OR_ALGORITHMIC_FUNCTION,DESCRIBED_AI_OR_ALGORITHMIC_FUNCTION,SINGLE,SINGLE
K243397,uMR 680,"Shanghai United Imaging Healthcare Co., Ltd.",510k,2025-07-16,Radiology,DESCRIBED_AI_OR_ALGORITHMIC_FUNCTION,DESCRIBED_AI_OR_ALGORITHMIC_FUNCTION,MULTIPLE,MULTIPLE
K243446,3DXR,GE Medical Systems SCS,510k,2025-02-25,Radiology,DESCRIBED_AI_OR_ALGORITHMIC_FUNCTION,DESCRIBED_AI_OR_ALGORITHMIC_FUNCTION,SINGLE,SINGLE
K243449,INFINITT DPS,"Infinitt Healthcare Co., Ltd.",510k,2025-12-09,Pathology,DEVICE_FUNCTION_AI_ATTRIBUTION_UNRESOLVED,DEVICE_FUNCTION_AI_ATTRIBUTION_UNRESOLVED,UNCERTAIN,UNCERTAIN
K243481,TMINI Miniature Robotic System,"THINK Surgical, Inc.",510k,2025-01-06,Neurology,DESCRIBED_AI_OR_ALGORITHMIC_FUNCTION,DESCRIBED_AI_OR_ALGORITHMIC_FUNCTION,SINGLE,SINGLE
K243523,NAEOTOM Alpha.Peak/ NAEOTOM Alpha; NAEOTOM Alpha.Pro; NAEOTOM Alpha.Prime,"Siemens Medical Solutions USA, Inc.",510k,2025-02-12,Radiology,DESCRIBED_AI_OR_ALGORITHMIC_FUNCTION,DESCRIBED_AI_OR_ALGORITHMIC_FUNCTION,SINGLE,SINGLE
K243538,uMI Panvivo (uMI Panvivo); uMI Panvivo (uMI Panvivo S),"Shanghai United Imaging Healthcare Co.,Ltd.",510k,2024-12-12,Radiology,DEVICE_FUNCTION_AI_ATTRIBUTION_UNRESOLVED,DEVICE_FUNCTION_AI_ATTRIBUTION_UNRESOLVED,UNCERTAIN,UNCERTAIN
K243547,uMR Ultra,"Shanghai United Imaging Healthcare Co., Ltd.",510k,2025-07-17,Radiology,DESCRIBED_AI_OR_ALGORITHMIC_FUNCTION,DESCRIBED_AI_OR_ALGORITHMIC_FUNCTION,MULTIPLE,MULTIPLE
K243548,BriefCase-Triage,"Aidoc Medical, Ltd.",510k,2024-12-11,Radiology,DESCRIBED_AI_OR_ALGORITHMIC_FUNCTION,DESCRIBED_AI_OR_ALGORITHMIC_FUNCTION,SINGLE,SINGLE
K243558,Canvas Dx,"Cognoa, Inc.",510k,2025-04-11,Neurology,DESCRIBED_AI_OR_ALGORITHMIC_FUNCTION,DESCRIBED_AI_OR_ALGORITHMIC_FUNCTION,SINGLE,SINGLE
K243567,Tyto Insights for Rhonchi Detection,"Tyto Care , Ltd.",510k,2025-04-07,Anesthesiology,DESCRIBED_AI_OR_ALGORITHMIC_FUNCTION,DESCRIBED_AI_OR_ALGORITHMIC_FUNCTION,SINGLE,SINGLE
K243611,JLK-SDH,"JLK, Inc.",510k,2025-03-03,Radiology,DESCRIBED_AI_OR_ALGORITHMIC_FUNCTION,DESCRIBED_AI_OR_ALGORITHMIC_FUNCTION,SINGLE,SINGLE
K243614,Sonio Suspect,Sonio,510k,2025-02-21,Radiology,DESCRIBED_AI_OR_ALGORITHMIC_FUNCTION,DESCRIBED_AI_OR_ALGORITHMIC_FUNCTION,SINGLE,SINGLE
K243617,uCT ATLAS Astound with uWS-CT-Dual Energy Analysis; uCT ATLAS with uWS-CT-Dual Energy Analysis,"Shanghai United Imaging Healthcare Co.,Ltd.",510k,2025-05-16,Radiology,DESCRIBED_AI_OR_ALGORITHMIC_FUNCTION,DESCRIBED_AI_OR_ALGORITHMIC_FUNCTION,MULTIPLE,MULTIPLE
K243620,Vivid iq,GE Medical Systems Ultrasound and Primary Care Diagnostics,510k,2025-02-11,Radiology,DESCRIBED_AI_OR_ALGORITHMIC_FUNCTION,DESCRIBED_AI_OR_ALGORITHMIC_FUNCTION,SINGLE,SINGLE
K243628,Vivid T9/Vivid T8,GE Medical Systems Ultrasound and Primary Care Diagnostics,510k,2025-02-11,Radiology,DESCRIBED_AI_OR_ALGORITHMIC_FUNCTION,DESCRIBED_AI_OR_ALGORITHMIC_FUNCTION,SINGLE,SINGLE
K243633,Brainlab Elements (7.0); Brainlab Elements Image Fusion (5.0); Brainlab Elements Image Fusion Angio (1.0); Brainlab Elements Contouring (5.0); Brainlab Elements Fibertracking (3.0); Brainlab Elements BOLD MRI Mapping (1.0),Brainlab AG,510k,2025-06-13,Radiology,DESCRIBED_AI_OR_ALGORITHMIC_FUNCTION,DESCRIBED_AI_OR_ALGORITHMIC_FUNCTION,MULTIPLE,MULTIPLE
K243647,Synapse PACS (7.5),FUJIFILM Healthcare Americas Corporation,510k,2025-06-30,Radiology,DESCRIBED_AI_OR_ALGORITHMIC_FUNCTION,DESCRIBED_AI_OR_ALGORITHMIC_FUNCTION,MULTIPLE,MULTIPLE
K243651,VersaViewer,GE Medical Systems SCS,510k,2025-04-21,Radiology,DESCRIBED_AI_OR_ALGORITHMIC_FUNCTION,DESCRIBED_AI_OR_ALGORITHMIC_FUNCTION,SINGLE,SINGLE
K243657,ClearPoint System (Software Version 3.0),"ClearPoint Neuro, Inc.",510k,2025-01-24,Neurology,DESCRIBED_AI_OR_ALGORITHMIC_FUNCTION,DESCRIBED_AI_OR_ALGORITHMIC_FUNCTION,MULTIPLE,MULTIPLE
K243667,Sonic DL,"GE Medical Systems, LLC",510k,2025-06-05,Radiology,DESCRIBED_AI_OR_ALGORITHMIC_FUNCTION,DESCRIBED_AI_OR_ALGORITHMIC_FUNCTION,SINGLE,SINGLE
K243672,CardIQ Suite,GE Medical Systems SCS,510k,2025-06-18,Radiology,DESCRIBED_AI_OR_ALGORITHMIC_FUNCTION,DESCRIBED_AI_OR_ALGORITHMIC_FUNCTION,MULTIPLE,MULTIPLE
K243679,MammoScreen® (4),Therapixel,510k,2025-07-03,Radiology,DESCRIBED_AI_OR_ALGORITHMIC_FUNCTION,DESCRIBED_AI_OR_ALGORITHMIC_FUNCTION,SINGLE,SINGLE
K243681,Neuro Insight V1.0,Olea Medical S.A.S.,510k,2025-07-23,Radiology,DESCRIBED_AI_OR_ALGORITHMIC_FUNCTION,DESCRIBED_AI_OR_ALGORITHMIC_FUNCTION,MULTIPLE,MULTIPLE
K243684,BrightHeart View Classifier,BrightHeart,510k,2025-05-07,Radiology,DESCRIBED_AI_OR_ALGORITHMIC_FUNCTION,DESCRIBED_AI_OR_ALGORITHMIC_FUNCTION,SINGLE,SINGLE
K243685,MammoScreen BD,Therapixel,510k,2025-08-22,Radiology,DESCRIBED_AI_OR_ALGORITHMIC_FUNCTION,DESCRIBED_AI_OR_ALGORITHMIC_FUNCTION,SINGLE,SINGLE
K243687,Vital Signs,Oxehealth Limited,510k,2025-08-27,Cardiovascular,DESCRIBED_AI_OR_ALGORITHMIC_FUNCTION,DESCRIBED_AI_OR_ALGORITHMIC_FUNCTION,SINGLE,SINGLE
K243688,Saige-Dx (3.1.0),"DeepHealth, Inc.",510k,2024-12-19,Radiology,DESCRIBED_AI_OR_ALGORITHMIC_FUNCTION,DESCRIBED_AI_OR_ALGORITHMIC_FUNCTION,SINGLE,SINGLE
K243689,AVIEW,"Coreline Soft Co., Ltd.",510k,2025-03-19,Radiology,DESCRIBED_AI_OR_ALGORITHMIC_FUNCTION,DESCRIBED_AI_OR_ALGORITHMIC_FUNCTION,MULTIPLE,MULTIPLE
K243696,AVIEW CAC,"Coreline Soft Co., Ltd.",510k,2025-02-14,Radiology,DESCRIBED_AI_OR_ALGORITHMIC_FUNCTION,DESCRIBED_AI_OR_ALGORITHMIC_FUNCTION,SINGLE,SINGLE
K243702,V8 Diagnostic Ultrasound System; cV8 Diagnostic Ultrasound System; V7 Diagnostic Ultrasound System; cV7 Diagnostic Ultrasound System; V6 Diagnostic Ultrasound System; cV6 Diagnostic Ultrasound System,"Samsung Medison Co., Ltd.",510k,2025-02-12,Radiology,DESCRIBED_AI_OR_ALGORITHMIC_FUNCTION,DESCRIBED_AI_OR_ALGORITHMIC_FUNCTION,SINGLE,SINGLE
K243705,Saige-Density (2.5.0),"DeepHealth, Inc",510k,2024-12-19,Radiology,DESCRIBED_AI_OR_ALGORITHMIC_FUNCTION,DESCRIBED_AI_OR_ALGORITHMIC_FUNCTION,SINGLE,SINGLE
K243743,autoSCORE (V 2.0.0),Holberg EEG AS,510k,2025-04-09,Neurology,DESCRIBED_AI_OR_ALGORITHMIC_FUNCTION,DESCRIBED_AI_OR_ALGORITHMIC_FUNCTION,SINGLE,SINGLE
K243762,Synapse 3D Base Tools (V7.0),FUJIFILM Corporation,510k,2025-05-21,Radiology,DESCRIBED_AI_OR_ALGORITHMIC_FUNCTION,DESCRIBED_AI_OR_ALGORITHMIC_FUNCTION,SINGLE,SINGLE
K243769,QFR (3.0),QFR Solutions bv,510k,2025-04-04,Radiology,DESCRIBED_AI_OR_ALGORITHMIC_FUNCTION,DESCRIBED_AI_OR_ALGORITHMIC_FUNCTION,SINGLE,SINGLE
K243779,Bunkerhill Abdominal Aortic Quantification (AAQ),BunkerHill Health,510k,2025-07-01,Radiology,DESCRIBED_AI_OR_ALGORITHMIC_FUNCTION,DESCRIBED_AI_OR_ALGORITHMIC_FUNCTION,SINGLE,SINGLE
K243793,EPIQ Series Diagnostic Ultrasound System; Affiniti Series Diagnostic Ultrasound System,Philips Ultrasound LLC,510k,2025-05-21,Radiology,DESCRIBED_AI_OR_ALGORITHMIC_FUNCTION,DESCRIBED_AI_OR_ALGORITHMIC_FUNCTION,SINGLE,SINGLE
K243794,EPIQ Series Diagnostic Ultrasound System; Affiniti Series Diagnostic Ultrasound System,Philips Ultrasound LLC,510k,2025-02-06,Radiology,DESCRIBED_AI_OR_ALGORITHMIC_FUNCTION,DESCRIBED_AI_OR_ALGORITHMIC_FUNCTION,SINGLE,SINGLE
K243808,Rayvolve PTX-PE,AZmed,510k,2025-03-21,Radiology,DESCRIBED_AI_OR_ALGORITHMIC_FUNCTION,DESCRIBED_AI_OR_ALGORITHMIC_FUNCTION,SINGLE,SINGLE
K243810,TraumaCad Neo (1.1),Brainlab Ltd.,510k,2025-06-04,Radiology,DESCRIBED_AI_OR_ALGORITHMIC_FUNCTION,DESCRIBED_AI_OR_ALGORITHMIC_FUNCTION,SINGLE,SINGLE
K243812,Volta AF-Xplorer,Volta Medical,510k,2025-05-09,Cardiovascular,DESCRIBED_AI_OR_ALGORITHMIC_FUNCTION,DESCRIBED_AI_OR_ALGORITHMIC_FUNCTION,SINGLE,SINGLE
K243831,Rayvolve LN,AZmed,510k,2025-03-26,Radiology,DESCRIBED_AI_OR_ALGORITHMIC_FUNCTION,DESCRIBED_AI_OR_ALGORITHMIC_FUNCTION,SINGLE,SINGLE
K243851,CHLOE BLAST,Fairtility Ltd.,510k,2025-08-15,Obstetrics and Gynecology,DESCRIBED_AI_OR_ALGORITHMIC_FUNCTION,DESCRIBED_AI_OR_ALGORITHMIC_FUNCTION,SINGLE,SINGLE
K243853,Clarius Prostate AI,Clarius Mobile Health Corp.,510k,2025-04-16,Radiology,DESCRIBED_AI_OR_ALGORITHMIC_FUNCTION,DESCRIBED_AI_OR_ALGORITHMIC_FUNCTION,SINGLE,SINGLE
K243859,PRAEVAorta®2,Nurea,510k,2025-08-29,Radiology,DESCRIBED_AI_OR_ALGORITHMIC_FUNCTION,DESCRIBED_AI_OR_ALGORITHMIC_FUNCTION,SINGLE,SINGLE
K243862,LVivo Software Application,DiA Imaging Analysis Ltd.,510k,2025-03-17,Radiology,DESCRIBED_AI_OR_ALGORITHMIC_FUNCTION,DESCRIBED_AI_OR_ALGORITHMIC_FUNCTION,MULTIPLE,MULTIPLE
K243863,Opulus Lymphoma Precision,"Roche Molecular Systems, Inc.",510k,2025-05-30,Radiology,DESCRIBED_AI_OR_ALGORITHMIC_FUNCTION,DESCRIBED_AI_OR_ALGORITHMIC_FUNCTION,SINGLE,SINGLE
K243866,InVision Precision Cardiac Amyloid,InVision Medical Technology Corporation,510k,2025-05-21,Cardiovascular,DESCRIBED_AI_OR_ALGORITHMIC_FUNCTION,DESCRIBED_AI_OR_ALGORITHMIC_FUNCTION,SINGLE,SINGLE
K243878,CLARUS (700),"Carl Zeiss Meditec, Inc.",510k,2025-04-17,Ophthalmic,DESCRIBED_AI_OR_ALGORITHMIC_FUNCTION,DESCRIBED_AI_OR_ALGORITHMIC_FUNCTION,SINGLE,SINGLE
K243884,TAVIPILOT,Caranx Medical,510k,2025-07-07,Radiology,DESCRIBED_AI_OR_ALGORITHMIC_FUNCTION,DESCRIBED_AI_OR_ALGORITHMIC_FUNCTION,SINGLE,SINGLE
K243891,EarliPoint System,EarliTec Diagnostics,510k,2025-03-26,Neurology,DESCRIBED_AI_OR_ALGORITHMIC_FUNCTION,DESCRIBED_AI_OR_ALGORITHMIC_FUNCTION,SINGLE,SINGLE
K243893,Second Opinion® Pediatric,"Pearl, Inc.",510k,2025-05-05,Radiology,DESCRIBED_AI_OR_ALGORITHMIC_FUNCTION,DESCRIBED_AI_OR_ALGORITHMIC_FUNCTION,SINGLE,SINGLE
K243919,Voxel Dosimetry (00859873006226),Hermes Medical Solutions AB,510k,2025-07-30,Radiology,DESCRIBED_AI_OR_ALGORITHMIC_FUNCTION,DESCRIBED_AI_OR_ALGORITHMIC_FUNCTION,SINGLE,SINGLE
K243933,Ceevra Reveal 3+,"Ceevra, Inc.",510k,2025-03-04,Radiology,DESCRIBED_AI_OR_ALGORITHMIC_FUNCTION,DESCRIBED_AI_OR_ALGORITHMIC_FUNCTION,SINGLE,SINGLE
K243937,Accuro 3S,"Rivanna Medical, Inc.",510k,2025-05-23,Radiology,DESCRIBED_AI_OR_ALGORITHMIC_FUNCTION,DESCRIBED_AI_OR_ALGORITHMIC_FUNCTION,SINGLE,SINGLE
K243950,ARVIS® Shoulder,Kico Knee Innovation Company Pty Ltd,510k,2025-01-13,Neurology,DESCRIBED_AI_OR_ALGORITHMIC_FUNCTION,DESCRIBED_AI_OR_ALGORITHMIC_FUNCTION,SINGLE,SINGLE
K243955,Precision AI Surgical Planning System (PAI-SPS),Precision AI Pty Ltd,510k,2025-01-21,Orthopedic,DESCRIBED_AI_OR_ALGORITHMIC_FUNCTION,DESCRIBED_AI_OR_ALGORITHMIC_FUNCTION,SINGLE,SINGLE
K243989,Second Opinion® 3D,"Pearl, Inc.",510k,2025-05-23,Radiology,DESCRIBED_AI_OR_ALGORITHMIC_FUNCTION,DESCRIBED_AI_OR_ALGORITHMIC_FUNCTION,SINGLE,SINGLE
K244002,AngioWaveNet,"Angiowave Imaging, Inc.",510k,2025-09-10,Radiology,DESCRIBED_AI_OR_ALGORITHMIC_FUNCTION,DESCRIBED_AI_OR_ALGORITHMIC_FUNCTION,SINGLE,SINGLE
K244023,MAGENTIQ-COLO (ME-APDS),Magentiq Eye LTD,510k,2025-01-24,Gastroenterology-Urology,DESCRIBED_AI_OR_ALGORITHMIC_FUNCTION,DESCRIBED_AI_OR_ALGORITHMIC_FUNCTION,SINGLE,SINGLE
K244027,SANSA HSAT,Huxley Medical,510k,2025-01-28,Anesthesiology,DESCRIBED_AI_OR_ALGORITHMIC_FUNCTION,DESCRIBED_AI_OR_ALGORITHMIC_FUNCTION,SINGLE,SINGLE
K250003,GENESEEQPRIME NGS Tumor Profiling Assay (FFPE) (GS6005),Geneseeq Technology Inc.,510k,2025-08-29,Pathology,DESCRIBED_AI_OR_ALGORITHMIC_FUNCTION,DESCRIBED_AI_OR_ALGORITHMIC_FUNCTION,SINGLE,SINGLE
K250005,Clever One,"Ewoosoft Co., Ltd",510k,2025-05-23,Radiology,DEVICE_FUNCTION_AI_ATTRIBUTION_UNRESOLVED,DEVICE_FUNCTION_AI_ATTRIBUTION_UNRESOLVED,UNCERTAIN,UNCERTAIN
K250023,SMART PCFD,Disior Ltd,510k,2025-09-29,Radiology,DESCRIBED_AI_OR_ALGORITHMIC_FUNCTION,DESCRIBED_AI_OR_ALGORITHMIC_FUNCTION,SINGLE,SINGLE
K250035,Contour ProtégéAI+,MIM Software Inc.,510k,2025-02-03,Radiology,DESCRIBED_AI_OR_ALGORITHMIC_FUNCTION,DESCRIBED_AI_OR_ALGORITHMIC_FUNCTION,SINGLE,SINGLE
K250042,PeekMed web,"Peek Health, S.A.",510k,2025-03-19,Radiology,DESCRIBED_AI_OR_ALGORITHMIC_FUNCTION,DESCRIBED_AI_OR_ALGORITHMIC_FUNCTION,SINGLE,SINGLE
K250064,Dose+ (1.0),Mvision AI Oy,510k,2025-09-04,Radiology,DESCRIBED_AI_OR_ALGORITHMIC_FUNCTION,DESCRIBED_AI_OR_ALGORITHMIC_FUNCTION,SINGLE,SINGLE
K250086,OTS Hip,Ortoma AB,510k,2025-05-16,Neurology,DESCRIBED_AI_OR_ALGORITHMIC_FUNCTION,DESCRIBED_AI_OR_ALGORITHMIC_FUNCTION,MULTIPLE,MULTIPLE
K250087,Vscan Air,GE Medical Systems Ultrasound and Primary Care Diagnostics,510k,2025-05-01,Radiology,DESCRIBED_AI_OR_ALGORITHMIC_FUNCTION,DESCRIBED_AI_OR_ALGORITHMIC_FUNCTION,MULTIPLE,MULTIPLE
K250096,Felix NeuroAI  System,Fasikl Incorporated,510k,2025-07-01,Neurology,DESCRIBED_AI_OR_ALGORITHMIC_FUNCTION,DESCRIBED_AI_OR_ALGORITHMIC_FUNCTION,SINGLE,SINGLE
K250119,Tempus ECG-Low EF,"Tempus AI, Inc.",510k,2025-07-15,Cardiovascular,DESCRIBED_AI_OR_ALGORITHMIC_FUNCTION,DESCRIBED_AI_OR_ALGORITHMIC_FUNCTION,SINGLE,SINGLE
K250151,Us2.ca,Eko.Ai Pte Ltd. D/B/A Us2.Ai,510k,2025-06-20,Cardiovascular,DESCRIBED_AI_OR_ALGORITHMIC_FUNCTION,DESCRIBED_AI_OR_ALGORITHMIC_FUNCTION,SINGLE,SINGLE
K250177,EPIQ Series Diagnostic Ultrasound System; Affiniti Series Diagnostic Ultrasound System,Philips Ultrasound LLC,510k,2025-04-10,Radiology,DEVICE_FUNCTION_AI_ATTRIBUTION_UNRESOLVED,DEVICE_FUNCTION_AI_ATTRIBUTION_UNRESOLVED,UNCERTAIN,UNCERTAIN
K250186,GoLIF! Lumbar Interbody Fusion System,"GetSet Surgical, SA",510k,2025-03-21,Orthopedic,DEVICE_FUNCTION_AI_ATTRIBUTION_UNRESOLVED,DEVICE_FUNCTION_AI_ATTRIBUTION_UNRESOLVED,UNCERTAIN,UNCERTAIN
K250221,StrokeSENS ASPECTS Software Application,Circle Cardiovascular Imaging Inc.,510k,2025-07-01,Radiology,DESCRIBED_AI_OR_ALGORITHMIC_FUNCTION,DESCRIBED_AI_OR_ALGORITHMIC_FUNCTION,SINGLE,SINGLE
K250226,Clarius Median Nerve AI,Clarius Mobile Health Corp.,510k,2025-05-08,Radiology,DESCRIBED_AI_OR_ALGORITHMIC_FUNCTION,DESCRIBED_AI_OR_ALGORITHMIC_FUNCTION,SINGLE,SINGLE
K250233,PreemptiveAI Clinical SDK,"Measure Labs, Inc. (Dba Preemptiveai, Inc.)",510k,2026-02-13,Cardiovascular,DESCRIBED_AI_OR_ALGORITHMIC_FUNCTION,DESCRIBED_AI_OR_ALGORITHMIC_FUNCTION,SINGLE,SINGLE
K250236,Swoop® Portable MR Imaging® System (V2),"Hyperfine, Inc.",510k,2025-05-30,Radiology,DESCRIBED_AI_OR_ALGORITHMIC_FUNCTION,DESCRIBED_AI_OR_ALGORITHMIC_FUNCTION,SINGLE,SINGLE
K250237,InferOperate Suite,"Beijing Infervision Healthcare Medical Technology Co., Ltd.",510k,2025-09-15,Radiology,DESCRIBED_AI_OR_ALGORITHMIC_FUNCTION,DESCRIBED_AI_OR_ALGORITHMIC_FUNCTION,SINGLE,SINGLE
K250246,uMR Jupiter,"Shanghai United Imaging Healthcare Co., Ltd.",510k,2025-08-05,Radiology,DESCRIBED_AI_OR_ALGORITHMIC_FUNCTION,DESCRIBED_AI_OR_ALGORITHMIC_FUNCTION,MULTIPLE,MULTIPLE
K250248,BriefCase-Triage,"Aidoc Medical, Ltd.",510k,2025-02-14,Radiology,DESCRIBED_AI_OR_ALGORITHMIC_FUNCTION,DESCRIBED_AI_OR_ALGORITHMIC_FUNCTION,SINGLE,SINGLE
K250255,xvision Spine system,Augmedics Ltd.,510k,2025-03-13,Neurology,DESCRIBED_AI_OR_ALGORITHMIC_FUNCTION,DESCRIBED_AI_OR_ALGORITHMIC_FUNCTION,SINGLE,SINGLE
K250264,SugarBug (1.x),"Bench7, Inc.",510k,2025-11-07,Radiology,DESCRIBED_AI_OR_ALGORITHMIC_FUNCTION,DESCRIBED_AI_OR_ALGORITHMIC_FUNCTION,SINGLE,SINGLE
K250268,HyperSnap Surgical System (HSS),Hypervision Surgical,510k,2025-06-24,Gastroenterology-Urology,DESCRIBED_AI_OR_ALGORITHMIC_FUNCTION,DESCRIBED_AI_OR_ALGORITHMIC_FUNCTION,SINGLE,SINGLE
K250288,TeraRecon Cardiovascular.Calcification.CT,"Terarecon,Inc.",510k,2025-10-23,Radiology,DESCRIBED_AI_OR_ALGORITHMIC_FUNCTION,DESCRIBED_AI_OR_ALGORITHMIC_FUNCTION,SINGLE,SINGLE
K250290,SurgiTwin,Twinsight,510k,2025-08-29,Radiology,DESCRIBED_AI_OR_ALGORITHMIC_FUNCTION,DESCRIBED_AI_OR_ALGORITHMIC_FUNCTION,SINGLE,SINGLE
K250328,UltraExtend NX CUW-U001S V2.0 Ultrasound Image Analysis Program,Canon Medical Systems Corporation,510k,2025-04-30,Radiology,DESCRIBED_AI_OR_ALGORITHMIC_FUNCTION,DESCRIBED_AI_OR_ALGORITHMIC_FUNCTION,SINGLE,SINGLE
K250330,3mensio Workstation,Pie Medical Imaging BV,510k,2025-11-03,Radiology,DESCRIBED_AI_OR_ALGORITHMIC_FUNCTION,DESCRIBED_AI_OR_ALGORITHMIC_FUNCTION,SINGLE,SINGLE
K250337,AiORTA - Plan,"ViTAA Medical Solutions, Inc.",510k,2025-10-30,Radiology,DESCRIBED_AI_OR_ALGORITHMIC_FUNCTION,DESCRIBED_AI_OR_ALGORITHMIC_FUNCTION,SINGLE,SINGLE
K250354,"Viz Subdural+, Viz SUBDURAL PLUS","Viz.ai, Inc.",510k,2025-06-10,Radiology,DESCRIBED_AI_OR_ALGORITHMIC_FUNCTION,DESCRIBED_AI_OR_ALGORITHMIC_FUNCTION,SINGLE,SINGLE
K250367,CoLumboX,Smart Soft Healthcare AD,510k,2025-05-28,Radiology,DESCRIBED_AI_OR_ALGORITHMIC_FUNCTION,DESCRIBED_AI_OR_ALGORITHMIC_FUNCTION,SINGLE,SINGLE
K250369,Axial3D Insight,Axial Medical Printing Limited,510k,2025-09-18,Radiology,DESCRIBED_AI_OR_ALGORITHMIC_FUNCTION,DESCRIBED_AI_OR_ALGORITHMIC_FUNCTION,SINGLE,SINGLE
K250370,SCENARIA View Phase 5.0,FUJIFILM Corporation,510k,2025-05-20,Radiology,DESCRIBED_AI_OR_ALGORITHMIC_FUNCTION,DESCRIBED_AI_OR_ALGORITHMIC_FUNCTION,MULTIPLE,MULTIPLE
K250379,SIGNA Prime Elite,"GE Medical Systems, LLC",510k,2025-03-17,Radiology,DEVICE_FUNCTION_AI_ATTRIBUTION_UNRESOLVED,DEVICE_FUNCTION_AI_ATTRIBUTION_UNRESOLVED,UNCERTAIN,UNCERTAIN
K250416,GBrain MRI,"Galileo CDS, Inc",510k,2025-04-11,Radiology,DESCRIBED_AI_OR_ALGORITHMIC_FUNCTION,DESCRIBED_AI_OR_ALGORITHMIC_FUNCTION,SINGLE,SINGLE
K250427,TAIMedImg DeepMets,"Taiwan Medical Imaging Co., Ltd.",510k,2025-05-28,Radiology,DESCRIBED_AI_OR_ALGORITHMIC_FUNCTION,DESCRIBED_AI_OR_ALGORITHMIC_FUNCTION,SINGLE,SINGLE
K250436,MAGNETOM Flow.Ace; MAGNETOM Flow.Plus,"Siemens Shenzhen Magnetic Resonance , Ltd.",510k,2025-06-16,Radiology,DESCRIBED_AI_OR_ALGORITHMIC_FUNCTION,DESCRIBED_AI_OR_ALGORITHMIC_FUNCTION,UNCERTAIN,UNCERTAIN
K250440,"RT Elements  (4.5); (Elements) Multiple Brain Mets SRS; (Elements) Cranial SRS; (Elements) Spine SRS; (Elements) Cranial SRS w/ Cones; (Elements) RT Planning Platform; (Elements) Dose Review; (Elements) Retreatment Review; Elements Segmentation [Cranial , Basal Ganglia, Head & Neck, Pelvic, Spine, Thoracic & Spine, Extracranial] RT; Elements AI Tumor Segmentation RT; Elements SmartBrush [Angio, Spine] RT; Elements Object Management RT",Brainlab AG,510k,2025-06-17,Radiology,DESCRIBED_AI_OR_ALGORITHMIC_FUNCTION,DESCRIBED_AI_OR_ALGORITHMIC_FUNCTION,MULTIPLE,MULTIPLE
K250443,MAGNETOM Avanto Fit; MAGNETOM Skyra Fit; MAGNETOM Sola Fit; MAGNETOM Viato.Mobile,Siemens Healthcare GmbH,510k,2025-06-16,Radiology,DESCRIBED_AI_OR_ALGORITHMIC_FUNCTION,DESCRIBED_AI_OR_ALGORITHMIC_FUNCTION,UNCERTAIN,UNCERTAIN
K250484,PIUR tUS inside,PIUR Imaging GmbH,510k,2025-06-30,Radiology,DESCRIBED_AI_OR_ALGORITHMIC_FUNCTION,DESCRIBED_AI_OR_ALGORITHMIC_FUNCTION,SINGLE,SINGLE
K250507,Hypertension Notification Feature (HTNF),Apple Inc.,510k,2025-09-11,Cardiovascular,DESCRIBED_AI_OR_ALGORITHMIC_FUNCTION,DESCRIBED_AI_OR_ALGORITHMIC_FUNCTION,SINGLE,SINGLE
K250515,EpiMonitor,Empatica  Srl,510k,2025-06-19,Neurology,DESCRIBED_AI_OR_ALGORITHMIC_FUNCTION,DESCRIBED_AI_OR_ALGORITHMIC_FUNCTION,MULTIPLE,MULTIPLE
K250525,Second Opinion® Panoramic,"Pearl, Inc.",510k,2025-11-14,Radiology,DESCRIBED_AI_OR_ALGORITHMIC_FUNCTION,DESCRIBED_AI_OR_ALGORITHMIC_FUNCTION,SINGLE,SINGLE
K250543,Voluson Performance 16; Voluson Performance 18,GE Medical Systems Ultrasound and Primary care Diagnostics,510k,2025-05-29,Radiology,DESCRIBED_AI_OR_ALGORITHMIC_FUNCTION,DESCRIBED_AI_OR_ALGORITHMIC_FUNCTION,MULTIPLE,MULTIPLE
K250569,Cardiologs Holter Platform,Philips France Commercial,510k,2025-08-06,Cardiovascular,DESCRIBED_AI_OR_ALGORITHMIC_FUNCTION,DESCRIBED_AI_OR_ALGORITHMIC_FUNCTION,SINGLE,SINGLE
K250649,Bunkerhill ECG-EF,BunkerHill Health,510k,2025-09-19,Cardiovascular,DESCRIBED_AI_OR_ALGORITHMIC_FUNCTION,DESCRIBED_AI_OR_ALGORITHMIC_FUNCTION,SINGLE,SINGLE
K250650,SpotLight / SpotLight Duo with Low Dose Lung Cancer Screening Option,Arineta Ltd.,510k,2025-04-15,Radiology,DESCRIBED_AI_OR_ALGORITHMIC_FUNCTION,DESCRIBED_AI_OR_ALGORITHMIC_FUNCTION,SINGLE,SINGLE
K250652,ECG-AI Low Ejection Fraction (LEF) 12-Lead algorithm (1010),"Anumana, Inc.",510k,2025-07-28,Cardiovascular,DESCRIBED_AI_OR_ALGORITHMIC_FUNCTION,DESCRIBED_AI_OR_ALGORITHMIC_FUNCTION,SINGLE,SINGLE
K250655,Deep Capsule® (Deep Capsule US),Digestaid - Artificial Intelligence Development SA,510k,2026-03-12,Gastroenterology-Urology,DESCRIBED_AI_OR_ALGORITHMIC_FUNCTION,DESCRIBED_AI_OR_ALGORITHMIC_FUNCTION,SINGLE,SINGLE
K250660,LUMINOS Q.namix T; LUMINOS Q.namix R,Siemens Medical Solutions,510k,2025-07-14,Radiology,DESCRIBED_AI_OR_ALGORITHMIC_FUNCTION,DESCRIBED_AI_OR_ALGORITHMIC_FUNCTION,MULTIPLE,MULTIPLE
K250662,Bunkerhill MAC,Bunkerhill Health,510k,2025-10-03,Radiology,DESCRIBED_AI_OR_ALGORITHMIC_FUNCTION,DESCRIBED_AI_OR_ALGORITHMIC_FUNCTION,SINGLE,SINGLE
K250670,EchoConfidence (USA),Mycardium AI Limited,510k,2025-06-30,Radiology,DESCRIBED_AI_OR_ALGORITHMIC_FUNCTION,DESCRIBED_AI_OR_ALGORITHMIC_FUNCTION,SINGLE,SINGLE
K250685,Methinks NCCT Stroke,Methinks Software S.L.,510k,2025-06-16,Radiology,DESCRIBED_AI_OR_ALGORITHMIC_FUNCTION,DESCRIBED_AI_OR_ALGORITHMIC_FUNCTION,SINGLE,SINGLE
K250686,GyriCalc (Version 1.0.0),NeuroSpectrum Insights Corp.,510k,2025-07-22,Radiology,DESCRIBED_AI_OR_ALGORITHMIC_FUNCTION,DESCRIBED_AI_OR_ALGORITHMIC_FUNCTION,SINGLE,SINGLE
K250694,Scaida BrainCT-ICH (v1.0),Mlhealth 360,510k,2025-11-25,Radiology,DESCRIBED_AI_OR_ALGORITHMIC_FUNCTION,DESCRIBED_AI_OR_ALGORITHMIC_FUNCTION,SINGLE,SINGLE
K250738,YSIO X.pree,Siemens Medical Solutions,510k,2025-07-31,Radiology,DESCRIBED_AI_OR_ALGORITHMIC_FUNCTION,DESCRIBED_AI_OR_ALGORITHMIC_FUNCTION,MULTIPLE,MULTIPLE
K250749,PhysCade System,"PhysCade, Inc.",510k,2025-06-04,Cardiovascular,DESCRIBED_AI_OR_ALGORITHMIC_FUNCTION,DESCRIBED_AI_OR_ALGORITHMIC_FUNCTION,SINGLE,SINGLE
K250753,VELMENI for DENTISTS (V4D),Velmeni Inc.,510k,2025-09-02,Radiology,DESCRIBED_AI_OR_ALGORITHMIC_FUNCTION,DESCRIBED_AI_OR_ALGORITHMIC_FUNCTION,SINGLE,SINGLE
K250754,cmAngio® (V1.6),"CureMetrix, Inc.",510k,2025-04-10,Radiology,DESCRIBED_AI_OR_ALGORITHMIC_FUNCTION,DESCRIBED_AI_OR_ALGORITHMIC_FUNCTION,SINGLE,SINGLE
K250755,DS Core Diagnosis,Dentsply Sirona Inc.,510k,2025-08-12,Radiology,DESCRIBED_AI_OR_ALGORITHMIC_FUNCTION,DESCRIBED_AI_OR_ALGORITHMIC_FUNCTION,SINGLE,SINGLE
K250766,LungQ 4,Thirona BV,510k,2025-10-02,Radiology,DEVICE_FUNCTION_AI_ATTRIBUTION_UNRESOLVED,DEVICE_FUNCTION_AI_ATTRIBUTION_UNRESOLVED,UNCERTAIN,UNCERTAIN
K250780,ARTAssistant,"Manteia Technologies Co., Ltd.",510k,2025-12-05,Radiology,DESCRIBED_AI_OR_ALGORITHMIC_FUNCTION,DESCRIBED_AI_OR_ALGORITHMIC_FUNCTION,SINGLE,SINGLE
K250788,Definium Tempo Select,"GE Hualun Medical Systems Co., Ltd",510k,2025-08-28,Radiology,DESCRIBED_AI_OR_ALGORITHMIC_FUNCTION,DESCRIBED_AI_OR_ALGORITHMIC_FUNCTION,SINGLE,SINGLE
K250818,Nerveblox,Smart Alfa Teknoloji San. Ve Tic. A.S.,510k,2025-08-15,Anesthesiology,DESCRIBED_AI_OR_ALGORITHMIC_FUNCTION,DESCRIBED_AI_OR_ALGORITHMIC_FUNCTION,SINGLE,SINGLE
K250831,Annalise Enterprise,Annalise-AI,510k,2025-04-23,Radiology,DESCRIBED_AI_OR_ALGORITHMIC_FUNCTION,DESCRIBED_AI_OR_ALGORITHMIC_FUNCTION,MULTIPLE,MULTIPLE
K250877,TMINI Miniature Robotic System,"THINK Surgical, Inc.",510k,2025-06-20,Neurology,DESCRIBED_AI_OR_ALGORITHMIC_FUNCTION,DESCRIBED_AI_OR_ALGORITHMIC_FUNCTION,SINGLE,SINGLE
K250882,SANSA HSAT,Huxley Medical,510k,2025-10-29,Anesthesiology,DESCRIBED_AI_OR_ALGORITHMIC_FUNCTION,DESCRIBED_AI_OR_ALGORITHMIC_FUNCTION,SINGLE,SINGLE
K250886,EPIQ Series Diagnostic Ultrasound Systems; Affiniti Series Diagnostic Ultrasound Systems,Philips Ultrasound LLC,510k,2025-06-18,Radiology,DESCRIBED_AI_OR_ALGORITHMIC_FUNCTION,DESCRIBED_AI_OR_ALGORITHMIC_FUNCTION,SINGLE,SINGLE
K250901,"Vantage Fortian/Orian 1.5T, MRT-1550, V10.0 with AiCE Reconstruction Processing Unit for MR",Canon Medical Systems Corporation,510k,2025-07-22,Radiology,DESCRIBED_AI_OR_ALGORITHMIC_FUNCTION,DESCRIBED_AI_OR_ALGORITHMIC_FUNCTION,SINGLE,SINGLE
K250902,HeartFlow Analysis,"HeartFlow, Inc.",510k,2025-07-18,Cardiovascular,DESCRIBED_AI_OR_ALGORITHMIC_FUNCTION,DESCRIBED_AI_OR_ALGORITHMIC_FUNCTION,MULTIPLE,MULTIPLE
K250914,MediAI-BA,"Crescom Co., Ltd.",510k,2025-12-18,Radiology,DESCRIBED_AI_OR_ALGORITHMIC_FUNCTION,DESCRIBED_AI_OR_ALGORITHMIC_FUNCTION,SINGLE,SINGLE
K250932,DeepRhythmAI,Medicalgorithmics S.A.,510k,2025-05-27,Cardiovascular,DESCRIBED_AI_OR_ALGORITHMIC_FUNCTION,DESCRIBED_AI_OR_ALGORITHMIC_FUNCTION,SINGLE,SINGLE
K250941,Revolution Vibe,"GE Medical Systems, LLC",510k,2025-08-01,Radiology,DESCRIBED_AI_OR_ALGORITHMIC_FUNCTION,DESCRIBED_AI_OR_ALGORITHMIC_FUNCTION,MULTIPLE,MULTIPLE
K250959,BioticsAI,"Bioticsai, Inc.",510k,2025-12-22,Radiology,DESCRIBED_AI_OR_ALGORITHMIC_FUNCTION,DESCRIBED_AI_OR_ALGORITHMIC_FUNCTION,SINGLE,SINGLE
K250984,Maestro System (REF100),Moon Surgical,510k,2025-06-27,Gastroenterology-Urology,DESCRIBED_AI_OR_ALGORITHMIC_FUNCTION,DESCRIBED_AI_OR_ALGORITHMIC_FUNCTION,SINGLE,SINGLE
K250999,V8 Diagnostic Ultrasound System; cV8 Diagnostic Ultrasound System; V7 Diagnostic Ultrasound System; cV7 Diagnostic Ultrasound System; V6 Diagnostic Ultrasound System; cV6 Diagnostic Ultrasound System; V5 Diagnostic Ultrasound System; cV5 Diagnostic Ultrasound System; V4 Diagnostic Ultrasound System; cV4 Diagnostic Ultrasound System,"Samsung Medison Co., Ltd.",510k,2025-07-18,Radiology,DESCRIBED_AI_OR_ALGORITHMIC_FUNCTION,DESCRIBED_AI_OR_ALGORITHMIC_FUNCTION,MULTIPLE,MULTIPLE
K251002,Videa Dental AI,VideaHealth Inc.,510k,2025-09-19,Radiology,DESCRIBED_AI_OR_ALGORITHMIC_FUNCTION,DESCRIBED_AI_OR_ALGORITHMIC_FUNCTION,MULTIPLE,MULTIPLE
K251009,Cirrus Resting State fMRI Software,"Sora Neuroscience, Inc.",510k,2025-06-06,Radiology,DESCRIBED_AI_OR_ALGORITHMIC_FUNCTION,DESCRIBED_AI_OR_ALGORITHMIC_FUNCTION,SINGLE,SINGLE
K251027,cvi42 Coronary Plaque Software Application,"Circle Cardiovascular Imaging, Inc.",510k,2025-10-27,Radiology,DESCRIBED_AI_OR_ALGORITHMIC_FUNCTION,DESCRIBED_AI_OR_ALGORITHMIC_FUNCTION,SINGLE,SINGLE
K251029,"Vista OS, Vista AI Scan, RTHawk","Vista AI, Inc.",510k,2025-08-21,Radiology,DESCRIBED_AI_OR_ALGORITHMIC_FUNCTION,DESCRIBED_AI_OR_ALGORITHMIC_FUNCTION,MULTIPLE,MULTIPLE
K251059,Syngo Carbon Clinicals (VA41),Siemens Healthineers AG,510k,2025-10-24,Radiology,DESCRIBED_AI_OR_ALGORITHMIC_FUNCTION,DESCRIBED_AI_OR_ALGORITHMIC_FUNCTION,MULTIPLE,MULTIPLE
K251071,Fetal EchoScan (v1.1),BrightHeart,510k,2025-05-02,Radiology,DESCRIBED_AI_OR_ALGORITHMIC_FUNCTION,DESCRIBED_AI_OR_ALGORITHMIC_FUNCTION,SINGLE,SINGLE
K251072,Segmentron Viewer,"DGNCT, LLC",510k,2025-09-09,Radiology,DESCRIBED_AI_OR_ALGORITHMIC_FUNCTION,DESCRIBED_AI_OR_ALGORITHMIC_FUNCTION,SINGLE,SINGLE
K251078,AutoDensity,Eos Imaging,510k,2025-11-14,Radiology,DESCRIBED_AI_OR_ALGORITHMIC_FUNCTION,DESCRIBED_AI_OR_ALGORITHMIC_FUNCTION,SINGLE,SINGLE
K251082,HYDROS Robotic System (HY1000); HYDROS Handpiece (HH1000); HYDROS TRUS Probe (HU1000),Procept Biorobotics,510k,2025-10-10,General and Plastic Surgery,DESCRIBED_AI_OR_ALGORITHMIC_FUNCTION,DESCRIBED_AI_OR_ALGORITHMIC_FUNCTION,SINGLE,SINGLE
K251096,PeekMed web,"Peek Health, S.A.",510k,2025-07-14,Radiology,DESCRIBED_AI_OR_ALGORITHMIC_FUNCTION,DESCRIBED_AI_OR_ALGORITHMIC_FUNCTION,SINGLE,SINGLE
K251106,Sonosite LX and Sonosite PX Ultrasound Systems,Fujifilm Sonosite Inc,510k,2025-08-29,Radiology,DESCRIBED_AI_OR_ALGORITHMIC_FUNCTION,DESCRIBED_AI_OR_ALGORITHMIC_FUNCTION,SINGLE,SINGLE
K251110,EPIQ Series Diagnostic Ultrasound Systems; Affiniti Series Diagnostic Ultrasound Systems,Philips Ultrasound LLC,510k,2025-05-09,Radiology,DESCRIBED_AI_OR_ALGORITHMIC_FUNCTION,DESCRIBED_AI_OR_ALGORITHMIC_FUNCTION,SINGLE,SINGLE
K251126,SKOUT system,Iterative Health,510k,2025-05-09,Gastroenterology-Urology,DESCRIBED_AI_OR_ALGORITHMIC_FUNCTION,DESCRIBED_AI_OR_ALGORITHMIC_FUNCTION,SINGLE,SINGLE
K251151,Rapid CTA 360,iSchemaView,510k,2025-07-16,Radiology,DESCRIBED_AI_OR_ALGORITHMIC_FUNCTION,DESCRIBED_AI_OR_ALGORITHMIC_FUNCTION,SINGLE,SINGLE
K251153,Aurora,GE Medical Systems Israel,510k,2025-06-12,Radiology,DESCRIBED_AI_OR_ALGORITHMIC_FUNCTION,DESCRIBED_AI_OR_ALGORITHMIC_FUNCTION,SINGLE,SINGLE
K251167,uDR Aurora CX,"Shanghai United Imaging Healthcare Co., Ltd.",510k,2025-09-19,Radiology,DESCRIBED_AI_OR_ALGORITHMIC_FUNCTION,DESCRIBED_AI_OR_ALGORITHMIC_FUNCTION,MULTIPLE,MULTIPLE
K251169,Vivid Pioneer,GE Medical Systems Ultrasound and Primary Care Diagnostics,510k,2025-07-10,Radiology,DESCRIBED_AI_OR_ALGORITHMIC_FUNCTION,DESCRIBED_AI_OR_ALGORITHMIC_FUNCTION,MULTIPLE,MULTIPLE
K251195,BriefCase-Triage,"Aidoc Medical , Ltd.",510k,2026-01-27,Radiology,DESCRIBED_AI_OR_ALGORITHMIC_FUNCTION,DESCRIBED_AI_OR_ALGORITHMIC_FUNCTION,SINGLE,SINGLE
K251200,Vital Signs,Oxehealth Limited,510k,2026-02-02,Cardiovascular,DESCRIBED_AI_OR_ALGORITHMIC_FUNCTION,DESCRIBED_AI_OR_ALGORITHMIC_FUNCTION,SINGLE,SINGLE
K251203,AVIEW Lung Nodule CAD,"Coreline Soft Co.,Ltd",510k,2025-12-03,Radiology,DESCRIBED_AI_OR_ALGORITHMIC_FUNCTION,DESCRIBED_AI_OR_ALGORITHMIC_FUNCTION,SINGLE,SINGLE
K251218,SafeBeat Rx App,"SafeBeat Rx, Inc.",510k,2026-02-06,Cardiovascular,DESCRIBED_AI_OR_ALGORITHMIC_FUNCTION,DESCRIBED_AI_OR_ALGORITHMIC_FUNCTION,SINGLE,SINGLE
K251221,Assert-IQ  (DM5000); Assert-IQ (DM5300); Assert-IQ (DM5500); Merlin.net (MN7000),Abbott,510k,2025-09-17,Cardiovascular,DESCRIBED_AI_OR_ALGORITHMIC_FUNCTION,DESCRIBED_AI_OR_ALGORITHMIC_FUNCTION,SINGLE,SINGLE
K251276,Swoop® Portable MR Imaging® System,"Hyperfine, Inc.",510k,2025-05-21,Radiology,DESCRIBED_AI_OR_ALGORITHMIC_FUNCTION,DESCRIBED_AI_OR_ALGORITHMIC_FUNCTION,SINGLE,SINGLE
K251293,CardioVision,Icardio.Ai,510k,2025-11-21,Cardiovascular,DESCRIBED_AI_OR_ALGORITHMIC_FUNCTION,DESCRIBED_AI_OR_ALGORITHMIC_FUNCTION,SINGLE,SINGLE
K251306,Seg Pro V3 (RT-300),"Ever Fortune.Ai, Co., Ltd.",510k,2026-01-28,Radiology,DESCRIBED_AI_OR_ALGORITHMIC_FUNCTION,DESCRIBED_AI_OR_ALGORITHMIC_FUNCTION,SINGLE,SINGLE
K251316,Mazor X System / Mazor X Stealth Edition,Mazor Robotics Ltd.,510k,2025-09-11,Neurology,DESCRIBED_AI_OR_ALGORITHMIC_FUNCTION,DESCRIBED_AI_OR_ALGORITHMIC_FUNCTION,MULTIPLE,MULTIPLE
K251322,Venue; Venue Go; Venue Fit; Venue Sprint,"GE Medical Systems Ultrasound and Primary care Diagnostics,",510k,2025-07-25,Radiology,DESCRIBED_AI_OR_ALGORITHMIC_FUNCTION,DESCRIBED_AI_OR_ALGORITHMIC_FUNCTION,MULTIPLE,MULTIPLE
K251342,EchoPAC Software Only / EchoPAC Plug-in,GE Medical Systems Ultrasound and Primary Care Diagnostics,510k,2025-07-16,Radiology,DESCRIBED_AI_OR_ALGORITHMIC_FUNCTION,DESCRIBED_AI_OR_ALGORITHMIC_FUNCTION,MULTIPLE,MULTIPLE
K251351,AccuContour 4.0,"Manteia Technologies Co., Ltd.",510k,2026-01-23,Radiology,DESCRIBED_AI_OR_ALGORITHMIC_FUNCTION,DESCRIBED_AI_OR_ALGORITHMIC_FUNCTION,MULTIPLE,MULTIPLE
K251355,X1-FFR,"Spectrawave, Inc.",510k,2025-10-17,Radiology,DESCRIBED_AI_OR_ALGORITHMIC_FUNCTION,DESCRIBED_AI_OR_ALGORITHMIC_FUNCTION,SINGLE,SINGLE
K251368,FETOLY,Diagnoly,510k,2025-09-12,Radiology,DESCRIBED_AI_OR_ALGORITHMIC_FUNCTION,DESCRIBED_AI_OR_ALGORITHMIC_FUNCTION,MULTIPLE,MULTIPLE
K251370,Cartesion Prime (PCD-1000A/3) V10.21,Canon Medical Systems Corporation,510k,2025-12-01,Radiology,DESCRIBED_AI_OR_ALGORITHMIC_FUNCTION,DESCRIBED_AI_OR_ALGORITHMIC_FUNCTION,SINGLE,SINGLE
K251386,ECHELON Synergy,Fujifilm Corporation,510k,2025-09-17,Radiology,DESCRIBED_AI_OR_ALGORITHMIC_FUNCTION,DESCRIBED_AI_OR_ALGORITHMIC_FUNCTION,MULTIPLE,MULTIPLE
K251397,"Ingenia, Ingenia CX, Ingenia Elition, Ingenia Ambition, BlueSeal, MR 5300 and MR 7700 MR System",Philips Medical Systems Nederland B.V.,510k,2025-06-04,Radiology,DESCRIBED_AI_OR_ALGORITHMIC_FUNCTION,DESCRIBED_AI_OR_ALGORITHMIC_FUNCTION,SINGLE,SINGLE
K251399,SIGNA Sprint,"GE Medical Systems, LLC",510k,2025-09-11,Radiology,DESCRIBED_AI_OR_ALGORITHMIC_FUNCTION,DESCRIBED_AI_OR_ALGORITHMIC_FUNCTION,MULTIPLE,MULTIPLE
K251406,BriefCase-Triage,"Aidoc Medical, Ltd.",510k,2025-05-30,Radiology,DESCRIBED_AI_OR_ALGORITHMIC_FUNCTION,DESCRIBED_AI_OR_ALGORITHMIC_FUNCTION,SINGLE,SINGLE
K251408,OsteoSight Hip (v1),Naitive Technologies Ltd,510k,2025-09-02,Radiology,DESCRIBED_AI_OR_ALGORITHMIC_FUNCTION,DESCRIBED_AI_OR_ALGORITHMIC_FUNCTION,SINGLE,SINGLE
K251416,UltraSight Guidance,"Ultrasight , Ltd.",510k,2025-12-17,Radiology,DESCRIBED_AI_OR_ALGORITHMIC_FUNCTION,DESCRIBED_AI_OR_ALGORITHMIC_FUNCTION,SINGLE,SINGLE
K251455,EPIQ Series Diagnostic Ultrasound System; Affiniti Series Diagnostic Ultrasound System,Philips Ultrasound LLC,510k,2025-07-24,Radiology,DESCRIBED_AI_OR_ALGORITHMIC_FUNCTION,DESCRIBED_AI_OR_ALGORITHMIC_FUNCTION,SINGLE,SINGLE
K251456,BrightHeart View Classifier,BrightHeart,510k,2025-06-05,Radiology,DESCRIBED_AI_OR_ALGORITHMIC_FUNCTION,DESCRIBED_AI_OR_ALGORITHMIC_FUNCTION,SINGLE,SINGLE
K251474,Median LCS (internal name) / eyonis LCS (trade name) (1.0),Median Technologies,510k,2026-02-06,Radiology,DESCRIBED_AI_OR_ALGORITHMIC_FUNCTION,DESCRIBED_AI_OR_ALGORITHMIC_FUNCTION,SINGLE,SINGLE
K251481,ACUSON Sequoia Diagnostic Ultrasound System; ACUSON Sequoia Select Diagnostic Ultrasound System; ACUSON Origin Diagnostic Ultrasound System; ACUSON Origin ICE Diagnostic Ultrasound System,"Siemens Medical Solutions USA, Inc.",510k,2025-08-20,Radiology,DESCRIBED_AI_OR_ALGORITHMIC_FUNCTION,DESCRIBED_AI_OR_ALGORITHMIC_FUNCTION,SINGLE,SINGLE
K251483,SwiftSight-Brain,AIRS Medical Inc.,510k,2025-09-23,Radiology,DESCRIBED_AI_OR_ALGORITHMIC_FUNCTION,DESCRIBED_AI_OR_ALGORITHMIC_FUNCTION,SINGLE,SINGLE
K251494,Eko Foundation Analysis Software with Transformers (EFAST),"Eko Health, Inc.",510k,2025-08-12,Cardiovascular,DESCRIBED_AI_OR_ALGORITHMIC_FUNCTION,DESCRIBED_AI_OR_ALGORITHMIC_FUNCTION,MULTIPLE,MULTIPLE
K251506,Nelli (Version 7.11),Neuro Event Labs OY,510k,2025-11-21,Neurology,DESCRIBED_AI_OR_ALGORITHMIC_FUNCTION,DESCRIBED_AI_OR_ALGORITHMIC_FUNCTION,SINGLE,SINGLE
K251511,PhenoMATRIX,Copan Wasp Srl,510k,2026-01-22,Microbiology,DESCRIBED_AI_OR_ALGORITHMIC_FUNCTION,DESCRIBED_AI_OR_ALGORITHMIC_FUNCTION,UNCERTAIN,UNCERTAIN
K251514,Overjet CBCT Assist,"Overjet, Inc.",510k,2025-12-05,Radiology,DESCRIBED_AI_OR_ALGORITHMIC_FUNCTION,DESCRIBED_AI_OR_ALGORITHMIC_FUNCTION,SINGLE,SINGLE
K251518,Volta AF-Xplorer II,Volta Medical,510k,2025-09-12,Cardiovascular,DESCRIBED_AI_OR_ALGORITHMIC_FUNCTION,DESCRIBED_AI_OR_ALGORITHMIC_FUNCTION,SINGLE,SINGLE
K251527,Brain WMH,Quantib BV,510k,2025-09-25,Radiology,DESCRIBED_AI_OR_ALGORITHMIC_FUNCTION,DESCRIBED_AI_OR_ALGORITHMIC_FUNCTION,SINGLE,SINGLE
K251528,syngo.via MI Workflows; Scenium; syngo MBF,"Siemens Medical Solutions USA, Inc.",510k,2025-07-03,Radiology,DESCRIBED_AI_OR_ALGORITHMIC_FUNCTION,DESCRIBED_AI_OR_ALGORITHMIC_FUNCTION,MULTIPLE,MULTIPLE
K251532,Acorn 3D Software (AC-SEG-4009); Acorn 3DP Model (AC-101-XX),Mighty Oak Medical,510k,2025-11-03,Radiology,DESCRIBED_AI_OR_ALGORITHMIC_FUNCTION,DESCRIBED_AI_OR_ALGORITHMIC_FUNCTION,MULTIPLE,MULTIPLE
K251533,"Rapid Obstructive Hydrocephalus, Rapid OH",iSchemaView Inc.,510k,2025-09-04,Radiology,DESCRIBED_AI_OR_ALGORITHMIC_FUNCTION,DESCRIBED_AI_OR_ALGORITHMIC_FUNCTION,SINGLE,SINGLE
K251558,Precision AI Surgical Planning System (PAI-SPS),"Precision AI Pty, Ltd.",510k,2026-01-12,Orthopedic,DESCRIBED_AI_OR_ALGORITHMIC_FUNCTION,DESCRIBED_AI_OR_ALGORITHMIC_FUNCTION,SINGLE,SINGLE
K251590,Methinks CTA Stroke,Methinks Software S.L.,510k,2025-08-20,Radiology,DESCRIBED_AI_OR_ALGORITHMIC_FUNCTION,DESCRIBED_AI_OR_ALGORITHMIC_FUNCTION,SINGLE,SINGLE
K251602,"Alphenix, INFX-8000V/B, INFX-8000V/S, V9.6 with aEvolve Imaging",Canon Medical Systems Corporation,510k,2025-10-10,Radiology,DESCRIBED_AI_OR_ALGORITHMIC_FUNCTION,DESCRIBED_AI_OR_ALGORITHMIC_FUNCTION,SINGLE,SINGLE
K251610,qER-CTA (v1.0),Qure.ai Technologies,510k,2025-09-08,Radiology,DESCRIBED_AI_OR_ALGORITHMIC_FUNCTION,DESCRIBED_AI_OR_ALGORITHMIC_FUNCTION,SINGLE,SINGLE
K251629,UNiD Spine Analyzer,Medicrea International S.A.S. (Medtronic),510k,2025-08-07,Radiology,DESCRIBED_AI_OR_ALGORITHMIC_FUNCTION,DESCRIBED_AI_OR_ALGORITHMIC_FUNCTION,SINGLE,SINGLE
K251639,xvision Spine system,"Augmedics, Ltd.",510k,2025-10-03,Neurology,DESCRIBED_AI_OR_ALGORITHMIC_FUNCTION,DESCRIBED_AI_OR_ALGORITHMIC_FUNCTION,SINGLE,SINGLE
K251651,EPIQ Series Diagnostic Ultrasound System; Affiniti Series Diagnostic Ultrasound System,"Philips Ultrasound, LLC",510k,2025-10-09,Radiology,DEVICE_FUNCTION_AI_ATTRIBUTION_UNRESOLVED,DEVICE_FUNCTION_AI_ATTRIBUTION_UNRESOLVED,UNCERTAIN,UNCERTAIN
K251656,Careverse CoronaryDoc (Careverse CoronaryDoc),Careverse Technology Pte. Ltd.,510k,2025-09-04,Radiology,DESCRIBED_AI_OR_ALGORITHMIC_FUNCTION,DESCRIBED_AI_OR_ALGORITHMIC_FUNCTION,SINGLE,SINGLE
K251657,Personalized Therapy Comfort Settings (PTCS),ResMed Corp,510k,2025-12-05,Anesthesiology,DESCRIBED_AI_OR_ALGORITHMIC_FUNCTION,DESCRIBED_AI_OR_ALGORITHMIC_FUNCTION,SINGLE,SINGLE
K251673,X9 Ultrasound System,"X9, Inc.",510k,2025-10-17,Radiology,DESCRIBED_AI_OR_ALGORITHMIC_FUNCTION,DESCRIBED_AI_OR_ALGORITHMIC_FUNCTION,SINGLE,SINGLE
K251682,MuscleView 2.0,"Springbok, Inc. (dba Springbok Analytics)",510k,2025-09-09,Radiology,DESCRIBED_AI_OR_ALGORITHMIC_FUNCTION,DESCRIBED_AI_OR_ALGORITHMIC_FUNCTION,SINGLE,SINGLE
K251747,VEA Align; spineEOS,EOS imaging,510k,2025-08-15,Radiology,DESCRIBED_AI_OR_ALGORITHMIC_FUNCTION,DESCRIBED_AI_OR_ALGORITHMIC_FUNCTION,SINGLE,SINGLE
K251763,IRISeg,"Intuitive Surgical, Inc.",510k,2025-12-16,Radiology,DESCRIBED_AI_OR_ALGORITHMIC_FUNCTION,DESCRIBED_AI_OR_ALGORITHMIC_FUNCTION,SINGLE,SINGLE
K251766,TumorSight Viz,"SimBioSys, Inc.",510k,2025-07-08,Radiology,DESCRIBED_AI_OR_ALGORITHMIC_FUNCTION,DESCRIBED_AI_OR_ALGORITHMIC_FUNCTION,SINGLE,SINGLE
K251769,RevealAI-Lung,"Precision Medical Ventures, Inc. Dba Revealdx",510k,2026-01-30,Radiology,DESCRIBED_AI_OR_ALGORITHMIC_FUNCTION,DESCRIBED_AI_OR_ALGORITHMIC_FUNCTION,SINGLE,SINGLE
K251822,MAGNETOM Free.Max; MAGNETOM Free.Star,"Siemens Shenzhen Magnetic Resonance , Ltd.",510k,2025-11-20,Radiology,DESCRIBED_AI_OR_ALGORITHMIC_FUNCTION,DESCRIBED_AI_OR_ALGORITHMIC_FUNCTION,SINGLE,SINGLE
K251837,Salix Coronary Plaque (V1.0.0),Artrya Limited,510k,2025-08-20,Radiology,DESCRIBED_AI_OR_ALGORITHMIC_FUNCTION,DESCRIBED_AI_OR_ALGORITHMIC_FUNCTION,MULTIPLE,MULTIPLE
K251839,uMI Panvivo (uMI Panvivo); uMI Panvivo (uMI Panvivo S),"Shanghai United Imaging Healthcare Co., Ltd.",510k,2025-07-17,Radiology,DESCRIBED_AI_OR_ALGORITHMIC_FUNCTION,DESCRIBED_AI_OR_ALGORITHMIC_FUNCTION,MULTIPLE,MULTIPLE
K251873,Saige-Dx,"DeepHealth, Inc.",510k,2025-08-11,Radiology,DESCRIBED_AI_OR_ALGORITHMIC_FUNCTION,DESCRIBED_AI_OR_ALGORITHMIC_FUNCTION,SINGLE,SINGLE
K251901,Magnifico Open (100009900),"Esaote, S.p.A.",510k,2026-03-05,Radiology,DESCRIBED_AI_OR_ALGORITHMIC_FUNCTION,DESCRIBED_AI_OR_ALGORITHMIC_FUNCTION,SINGLE,SINGLE
K251931,BioTraceIO Vision  (V1.7),Techsomed Medical Technologies,510k,2025-09-08,Radiology,DESCRIBED_AI_OR_ALGORITHMIC_FUNCTION,DESCRIBED_AI_OR_ALGORITHMIC_FUNCTION,MULTIPLE,MULTIPLE
K251934,qXR-Detect,Qure.Ai Technologies,510k,2026-01-16,Radiology,DESCRIBED_AI_OR_ALGORITHMIC_FUNCTION,DESCRIBED_AI_OR_ALGORITHMIC_FUNCTION,SINGLE,SINGLE
K251936,Ceribell Delirium Monitor System,"Ceribell, Inc.",510k,2025-12-08,Neurology,DESCRIBED_AI_OR_ALGORITHMIC_FUNCTION,DESCRIBED_AI_OR_ALGORITHMIC_FUNCTION,SINGLE,SINGLE
K251963,LOGIQ E10s,Ge Medical Systems Ultrasound and Primary Care Diagnostics,510k,2025-10-29,Radiology,DESCRIBED_AI_OR_ALGORITHMIC_FUNCTION,DESCRIBED_AI_OR_ALGORITHMIC_FUNCTION,MULTIPLE,MULTIPLE
K251983,Brainomix 360 Triage Stroke,Brainomix Limited,510k,2025-08-26,Radiology,DESCRIBED_AI_OR_ALGORITHMIC_FUNCTION,DESCRIBED_AI_OR_ALGORITHMIC_FUNCTION,SINGLE,SINGLE
K251985,LOGIQ E10,Ge Medical Systems Ultrasound and Primary Care Diagnostics,510k,2025-10-29,Radiology,DESCRIBED_AI_OR_ALGORITHMIC_FUNCTION,DESCRIBED_AI_OR_ALGORITHMIC_FUNCTION,MULTIPLE,MULTIPLE
K251987,Rapid Aortic Measurements,"iSchemaView, Inc.",510k,2025-09-23,Radiology,DESCRIBED_AI_OR_ALGORITHMIC_FUNCTION,DESCRIBED_AI_OR_ALGORITHMIC_FUNCTION,SINGLE,SINGLE
K252002,Monaco RTP System (6.3),Elekta Solutions AB,510k,2026-02-19,Radiology,DESCRIBED_AI_OR_ALGORITHMIC_FUNCTION,DESCRIBED_AI_OR_ALGORITHMIC_FUNCTION,MULTIPLE,MULTIPLE
K252007,BlineSlide,"Deep Breathe, Inc.",510k,2025-10-06,Radiology,DESCRIBED_AI_OR_ALGORITHMIC_FUNCTION,DESCRIBED_AI_OR_ALGORITHMIC_FUNCTION,SINGLE,SINGLE
K252018,HERA Z20 Diagnostic Ultrasound System; HERA Z20e Diagnostic Ultrasound System; HERA Z20s Diagnostic Ultrasound System; R20 Diagnostic Ultrasound System; HERA Z30 Diagnostic Ultrasound System; R30 Diagnostic Ultrasound System,"Samsung Medison Co., Ltd.",510k,2026-01-05,Radiology,DESCRIBED_AI_OR_ALGORITHMIC_FUNCTION,DESCRIBED_AI_OR_ALGORITHMIC_FUNCTION,MULTIPLE,MULTIPLE
K252029,AI-CVD,HeartLung Corporation,510k,2025-12-19,Radiology,DESCRIBED_AI_OR_ALGORITHMIC_FUNCTION,DESCRIBED_AI_OR_ALGORITHMIC_FUNCTION,MULTIPLE,MULTIPLE
K252041,Fibresolve (with PCCP),"Imvaria, Inc.",510k,2025-11-07,Radiology,DESCRIBED_AI_OR_ALGORITHMIC_FUNCTION,DESCRIBED_AI_OR_ALGORITHMIC_FUNCTION,SINGLE,SINGLE
K252054,SpineAR SNAP (SyncAR Spine),"Surgical Theater, Inc.",510k,2025-09-29,Neurology,DESCRIBED_AI_OR_ALGORITHMIC_FUNCTION,DESCRIBED_AI_OR_ALGORITHMIC_FUNCTION,MULTIPLE,MULTIPLE
K252074,"Aplio i900, Aplio i800 and Aplio i700 Software V9.0 Diagnostic Ultrasound System",Canon Medical Systems Corporation,510k,2025-10-31,Radiology,DESCRIBED_AI_OR_ALGORITHMIC_FUNCTION,DESCRIBED_AI_OR_ALGORITHMIC_FUNCTION,SINGLE,SINGLE
K252076,Kneevoice Cartilage Evaluation System (750-3600-001),"Kneevoice, Inc.",510k,2026-02-06,Cardiovascular,DESCRIBED_AI_OR_ALGORITHMIC_FUNCTION,DESCRIBED_AI_OR_ALGORITHMIC_FUNCTION,SINGLE,SINGLE
K252084,AI4CMR v2.0,Ai4medimaging Medical Solutions S.A.,510k,2026-02-11,Radiology,DESCRIBED_AI_OR_ALGORITHMIC_FUNCTION,DESCRIBED_AI_OR_ALGORITHMIC_FUNCTION,MULTIPLE,MULTIPLE
K252086,DTX Studio Assist,Nobel Biocare C/O Medicim NV,510k,2025-11-17,Radiology,DESCRIBED_AI_OR_ALGORITHMIC_FUNCTION,DESCRIBED_AI_OR_ALGORITHMIC_FUNCTION,MULTIPLE,MULTIPLE
K252089,Tyto Stethoscope (G3),"Tyto Care , Ltd.",510k,2026-03-12,Cardiovascular,DESCRIBED_AI_OR_ALGORITHMIC_FUNCTION,DESCRIBED_AI_OR_ALGORITHMIC_FUNCTION,MULTIPLE,MULTIPLE
K252091,Surgical Reality Viewer,Medicalvr B.V.,510k,2026-01-29,Radiology,DESCRIBED_AI_OR_ALGORITHMIC_FUNCTION,DESCRIBED_AI_OR_ALGORITHMIC_FUNCTION,SINGLE,SINGLE
K252099,Trinias,Shimadzu Corporation,510k,2026-03-24,Radiology,DESCRIBED_AI_OR_ALGORITHMIC_FUNCTION,DESCRIBED_AI_OR_ALGORITHMIC_FUNCTION,SINGLE,SINGLE
K252103,Acorn 3D Software (AC-SEG-4009); Acorn 3DP Model (AC-101-XX),Mighty Oak Medical,510k,2025-12-02,Radiology,DESCRIBED_AI_OR_ALGORITHMIC_FUNCTION,DESCRIBED_AI_OR_ALGORITHMIC_FUNCTION,MULTIPLE,MULTIPLE
K252105,Ligence Heart,"Ligence, UAB",510k,2025-09-26,Radiology,DESCRIBED_AI_OR_ALGORITHMIC_FUNCTION,DESCRIBED_AI_OR_ALGORITHMIC_FUNCTION,SINGLE,SINGLE
K252148,Butterfly Gestational Age Tool,"Butterfly Network, Inc.",510k,2026-03-27,Radiology,DESCRIBED_AI_OR_ALGORITHMIC_FUNCTION,DESCRIBED_AI_OR_ALGORITHMIC_FUNCTION,SINGLE,SINGLE
K252178,MAGENTIQ-COLO (ME-APDS),"Magentiq Eye, Ltd.",510k,2025-10-03,Gastroenterology-Urology,DESCRIBED_AI_OR_ALGORITHMIC_FUNCTION,DESCRIBED_AI_OR_ALGORITHMIC_FUNCTION,SINGLE,SINGLE
K252188,EMLA (Elekta Evo); EMLA (VersaHD); EMLA (Elekta Harmony Pro); EMLA (Elekta Infintiy); EMLA (Elekta Harmony); EMLA (Elekta Synergy),Elekta Solutions AB,510k,2026-01-15,Radiology,DESCRIBED_AI_OR_ALGORITHMIC_FUNCTION,DESCRIBED_AI_OR_ALGORITHMIC_FUNCTION,SINGLE,SINGLE
K252204,prolaio eVO2peak Module (Version 1.0),"Prolaio, Inc.",510k,2025-12-16,Cardiovascular,DESCRIBED_AI_OR_ALGORITHMIC_FUNCTION,DESCRIBED_AI_OR_ALGORITHMIC_FUNCTION,SINGLE,SINGLE
K252214,AIAS Cephalon,Metamorphosis GmbH,510k,2025-10-07,Radiology,DESCRIBED_AI_OR_ALGORITHMIC_FUNCTION,DESCRIBED_AI_OR_ALGORITHMIC_FUNCTION,SINGLE,SINGLE
K252217,CT VScore+,"Canon Medical Informatics, Inc.",510k,2025-11-28,Radiology,DESCRIBED_AI_OR_ALGORITHMIC_FUNCTION,DESCRIBED_AI_OR_ALGORITHMIC_FUNCTION,SINGLE,SINGLE
K252235,PVAD IQ Software,"Ultrasight , Ltd.",510k,2025-12-18,Radiology,DESCRIBED_AI_OR_ALGORITHMIC_FUNCTION,DESCRIBED_AI_OR_ALGORITHMIC_FUNCTION,SINGLE,SINGLE
K252261,InferCare RECIST,"Beijing Infervision Healthcare Medical Technology Co., Ltd.",510k,2026-03-13,Radiology,DESCRIBED_AI_OR_ALGORITHMIC_FUNCTION,DESCRIBED_AI_OR_ALGORITHMIC_FUNCTION,SINGLE,SINGLE
K252282,SurgiCount+ System,Stryker Instruments,510k,2026-03-16,General Hospital,DESCRIBED_AI_OR_ALGORITHMIC_FUNCTION,DESCRIBED_AI_OR_ALGORITHMIC_FUNCTION,SINGLE,SINGLE
K252284,eMurmur Heart AI,Csd Labs,510k,2025-12-19,Cardiovascular,DESCRIBED_AI_OR_ALGORITHMIC_FUNCTION,DESCRIBED_AI_OR_ALGORITHMIC_FUNCTION,SINGLE,SINGLE
K252294,Fetal EchoScan (v1.2),Brightheart,510k,2025-12-08,Radiology,DESCRIBED_AI_OR_ALGORITHMIC_FUNCTION,DESCRIBED_AI_OR_ALGORITHMIC_FUNCTION,SINGLE,SINGLE
K252298,ANDI 2.0,"Imeka Solutions, Inc.",510k,2025-10-22,Radiology,DESCRIBED_AI_OR_ALGORITHMIC_FUNCTION,DESCRIBED_AI_OR_ALGORITHMIC_FUNCTION,SINGLE,SINGLE
K252304,syngo.via RT Image Suite VC10,"Varian Medical Systems, Inc.",510k,2026-03-18,Radiology,DESCRIBED_AI_OR_ALGORITHMIC_FUNCTION,DESCRIBED_AI_OR_ALGORITHMIC_FUNCTION,MULTIPLE,MULTIPLE
K252328,Voluson Expert 18; Voluson Expert 20; Voluson Expert 22,Ge Medical Systems Ultrasound and Primary Care Diagnostics,510k,2025-11-24,Radiology,DESCRIBED_AI_OR_ALGORITHMIC_FUNCTION,DESCRIBED_AI_OR_ALGORITHMIC_FUNCTION,MULTIPLE,MULTIPLE
K252330,DeepRESP,Nox Medical Ehf,510k,2025-11-17,Neurology,DESCRIBED_AI_OR_ALGORITHMIC_FUNCTION,DESCRIBED_AI_OR_ALGORITHMIC_FUNCTION,SINGLE,SINGLE
K252360,ECG-AI Pulmonary Hypertension (PH) 12-Lead algorithm (1020),"Anumana, Inc.",510k,2026-03-28,Cardiovascular,DESCRIBED_AI_OR_ALGORITHMIC_FUNCTION,DESCRIBED_AI_OR_ALGORITHMIC_FUNCTION,SINGLE,SINGLE
K252362,GBrain MRI,"Galileo CDS, Inc",510k,2025-08-22,Radiology,DESCRIBED_AI_OR_ALGORITHMIC_FUNCTION,DESCRIBED_AI_OR_ALGORITHMIC_FUNCTION,SINGLE,SINGLE
K252366,a2z-Unified-Triage,"A2z Radiology Ai, Inc.",510k,2025-11-24,Radiology,DESCRIBED_AI_OR_ALGORITHMIC_FUNCTION,DESCRIBED_AI_OR_ALGORITHMIC_FUNCTION,SINGLE,SINGLE
K252371,uMR 680,"Shanghai United Imaging Healthcare Co., Ltd.",510k,2025-09-25,Radiology,DESCRIBED_AI_OR_ALGORITHMIC_FUNCTION,DESCRIBED_AI_OR_ALGORITHMIC_FUNCTION,MULTIPLE,MULTIPLE
K252379,AIR Recon DL,"Ge Medical Systems, LLC",510k,2025-12-23,Radiology,DESCRIBED_AI_OR_ALGORITHMIC_FUNCTION,DESCRIBED_AI_OR_ALGORITHMIC_FUNCTION,SINGLE,SINGLE
K252421,JLK-NCCT,"JLK, Inc.",510k,2026-03-24,Radiology,DESCRIBED_AI_OR_ALGORITHMIC_FUNCTION,DESCRIBED_AI_OR_ALGORITHMIC_FUNCTION,SINGLE,SINGLE
K252433,Sonio Detect  (v3),Sonio,510k,2026-03-16,Radiology,DESCRIBED_AI_OR_ALGORITHMIC_FUNCTION,DESCRIBED_AI_OR_ALGORITHMIC_FUNCTION,SINGLE,SINGLE
K252452,PeekMed web,"Peek Health, S.A.",510k,2025-11-12,Radiology,DESCRIBED_AI_OR_ALGORITHMIC_FUNCTION,DESCRIBED_AI_OR_ALGORITHMIC_FUNCTION,SINGLE,SINGLE
K252482,CogNet AI-MT+,"Medcognetics, Inc.",510k,2025-12-11,Radiology,DESCRIBED_AI_OR_ALGORITHMIC_FUNCTION,DESCRIBED_AI_OR_ALGORITHMIC_FUNCTION,SINGLE,SINGLE
K252496,Neurophet AQUA AD Plus,"Neurophet., Inc.",510k,2026-01-29,Radiology,DESCRIBED_AI_OR_ALGORITHMIC_FUNCTION,DESCRIBED_AI_OR_ALGORITHMIC_FUNCTION,MULTIPLE,MULTIPLE
K252497,SANSA HSAT,Huxley Medical,510k,2025-12-10,Anesthesiology,DESCRIBED_AI_OR_ALGORITHMIC_FUNCTION,DESCRIBED_AI_OR_ALGORITHMIC_FUNCTION,SINGLE,SINGLE
K252500,CARA System,"Cara Medical, Ltd.",510k,2026-02-20,Radiology,DESCRIBED_AI_OR_ALGORITHMIC_FUNCTION,DESCRIBED_AI_OR_ALGORITHMIC_FUNCTION,MULTIPLE,MULTIPLE
K252504,Gastric Alimetry,"Alimetry , Ltd.",510k,2025-12-05,Gastroenterology-Urology,DESCRIBED_AI_OR_ALGORITHMIC_FUNCTION,DESCRIBED_AI_OR_ALGORITHMIC_FUNCTION,SINGLE,SINGLE
K252538,CEPHX3D,"Orca Dental AI , Ltd.",510k,2026-03-05,Radiology,DESCRIBED_AI_OR_ALGORITHMIC_FUNCTION,DESCRIBED_AI_OR_ALGORITHMIC_FUNCTION,SINGLE,SINGLE
K252539,Tempus Pixel,"Arterys, Inc.",510k,2025-09-03,Radiology,DESCRIBED_AI_OR_ALGORITHMIC_FUNCTION,DESCRIBED_AI_OR_ALGORITHMIC_FUNCTION,MULTIPLE,MULTIPLE
K252557,Lumify Diagnostic Ultrasound System,"Philips Ultrasound, LLC",510k,2025-12-22,Radiology,DESCRIBED_AI_OR_ALGORITHMIC_FUNCTION,DESCRIBED_AI_OR_ALGORITHMIC_FUNCTION,MULTIPLE,MULTIPLE
K252586,CADDIE,Odin Medical Limited,510k,2025-09-12,Gastroenterology-Urology,DESCRIBED_AI_OR_ALGORITHMIC_FUNCTION,DESCRIBED_AI_OR_ALGORITHMIC_FUNCTION,SINGLE,SINGLE
K252589,Corvair Monza,"AliveCor, Inc.",510k,2026-01-09,Cardiovascular,DESCRIBED_AI_OR_ALGORITHMIC_FUNCTION,DESCRIBED_AI_OR_ALGORITHMIC_FUNCTION,SINGLE,SINGLE
K252595,Stethophone Pro,"Sparrow Acoustics, Inc.",510k,2025-09-12,Cardiovascular,DESCRIBED_AI_OR_ALGORITHMIC_FUNCTION,DESCRIBED_AI_OR_ALGORITHMIC_FUNCTION,SINGLE,SINGLE
K252634,Imagine® Enterprise Suite,Softlink International Private Limited,510k,2026-01-16,Radiology,DESCRIBED_AI_OR_ALGORITHMIC_FUNCTION,DESCRIBED_AI_OR_ALGORITHMIC_FUNCTION,SINGLE,SINGLE
K252665,brAIn Shoulder Positioning,Avatar Medical,510k,2025-10-20,Radiology,DESCRIBED_AI_OR_ALGORITHMIC_FUNCTION,DESCRIBED_AI_OR_ALGORITHMIC_FUNCTION,SINGLE,SINGLE
K252670,Alzevita,TOPIA MEDTECH LIMITED,510k,2025-12-19,Radiology,DESCRIBED_AI_OR_ALGORITHMIC_FUNCTION,DESCRIBED_AI_OR_ALGORITHMIC_FUNCTION,SINGLE,SINGLE
K252838,MAGNETOM Sola; MAGNETOM Altea; MAGNETOM Sola Fit; MAGNETOM Viato.Mobile; MAGNETOM Vida; MAGNETOM Lumina; MAGNETOM Vida Fit; MAGNETOM Flow.Elite; MAGNETOM Flow.Neo; MAGNETOM Flow.Rise,Siemens Healthcare GmbH,510k,2025-12-19,Radiology,DESCRIBED_AI_OR_ALGORITHMIC_FUNCTION,DESCRIBED_AI_OR_ALGORITHMIC_FUNCTION,SINGLE,SINGLE
K252842,SafeOp 3: Neural Informatix System,"Alphatec Spine, Inc.",510k,2026-01-11,Neurology,DESCRIBED_AI_OR_ALGORITHMIC_FUNCTION,DESCRIBED_AI_OR_ALGORITHMIC_FUNCTION,UNCERTAIN,UNCERTAIN
K252856,PeekMed web,"Peek Health, S.A.",510k,2025-12-22,Radiology,DESCRIBED_AI_OR_ALGORITHMIC_FUNCTION,DESCRIBED_AI_OR_ALGORITHMIC_FUNCTION,SINGLE,SINGLE
K252922,Neosoma Brain Mets,"Neosoma, Inc.",510k,2025-12-17,Radiology,DESCRIBED_AI_OR_ALGORITHMIC_FUNCTION,DESCRIBED_AI_OR_ALGORITHMIC_FUNCTION,SINGLE,SINGLE
K252934,Diagnocat,"DGNCT, LLC",510k,2026-01-15,Radiology,DESCRIBED_AI_OR_ALGORITHMIC_FUNCTION,DESCRIBED_AI_OR_ALGORITHMIC_FUNCTION,SINGLE,SINGLE
K252970,BriefCase-Triage: CARE Multi-triage CT Body,"Aidoc Medical , Ltd.",510k,2026-01-07,Radiology,DESCRIBED_AI_OR_ALGORITHMIC_FUNCTION,DESCRIBED_AI_OR_ALGORITHMIC_FUNCTION,SINGLE,SINGLE
K252972,CARTO 3 EP Navigation System V8.4,"Biosense Webster, Inc.",510k,2026-02-20,Cardiovascular,DESCRIBED_AI_OR_ALGORITHMIC_FUNCTION,DESCRIBED_AI_OR_ALGORITHMIC_FUNCTION,SINGLE,SINGLE
K252984,Perin Health System (PHD80060-2),"Perin Health Devices, LLC",510k,2026-01-22,Cardiovascular,DESCRIBED_AI_OR_ALGORITHMIC_FUNCTION,DESCRIBED_AI_OR_ALGORITHMIC_FUNCTION,MULTIPLE,MULTIPLE
K252992,CT Rembra RT; CT Areta RT; CT Rembra,"Philips Healthcare (Suzhou) Co., Ltd.",510k,2026-03-23,Radiology,DESCRIBED_AI_OR_ALGORITHMIC_FUNCTION,DESCRIBED_AI_OR_ALGORITHMIC_FUNCTION,SINGLE,SINGLE
K253009,DS Core Detect,"Dentsply Sirona, Inc.",510k,2026-01-07,Radiology,DESCRIBED_AI_OR_ALGORITHMIC_FUNCTION,DESCRIBED_AI_OR_ALGORITHMIC_FUNCTION,SINGLE,SINGLE
K253023,BIOGRAPH One,Siemens Healthineers AG,510k,2026-01-15,Radiology,DESCRIBED_AI_OR_ALGORITHMIC_FUNCTION,DESCRIBED_AI_OR_ALGORITHMIC_FUNCTION,MULTIPLE,MULTIPLE
K253057,AI-Rad Companion Brain MR,Siemens Healthcare GmbH,510k,2026-01-22,Radiology,DESCRIBED_AI_OR_ALGORITHMIC_FUNCTION,DESCRIBED_AI_OR_ALGORITHMIC_FUNCTION,MULTIPLE,MULTIPLE
K253091,ART-Plan+ (v3.1.0),Therapanacea Sas,510k,2025-12-23,Radiology,DESCRIBED_AI_OR_ALGORITHMIC_FUNCTION,DESCRIBED_AI_OR_ALGORITHMIC_FUNCTION,MULTIPLE,MULTIPLE
K253141,DeepRhythmAI,Medicalgorithmics S.A.,510k,2025-12-11,Cardiovascular,DESCRIBED_AI_OR_ALGORITHMIC_FUNCTION,DESCRIBED_AI_OR_ALGORITHMIC_FUNCTION,SINGLE,SINGLE
K253173,uCT 780 with uWS-CT-Dual Energy Analysis,"Shanghai United Imaging Healthcare Co., Ltd.",510k,2026-01-20,Radiology,DEVICE_FUNCTION_AI_ATTRIBUTION_UNRESOLVED,DEVICE_FUNCTION_AI_ATTRIBUTION_UNRESOLVED,UNCERTAIN,UNCERTAIN
K253265,BriefCase-Triage,"Aidoc Medical , Ltd.",510k,2025-11-06,Radiology,DESCRIBED_AI_OR_ALGORITHMIC_FUNCTION,DESCRIBED_AI_OR_ALGORITHMIC_FUNCTION,SINGLE,SINGLE
K253269,OEC One CFD,"Ge Hualun Medical Systems Co. , Ltd.",510k,2025-11-26,Radiology,DESCRIBED_AI_OR_ALGORITHMIC_FUNCTION,DESCRIBED_AI_OR_ALGORITHMIC_FUNCTION,SINGLE,SINGLE
K253270,Contour ProtégéAI+,"Mim Software, Inc.",510k,2026-03-27,Radiology,DESCRIBED_AI_OR_ALGORITHMIC_FUNCTION,DESCRIBED_AI_OR_ALGORITHMIC_FUNCTION,SINGLE,SINGLE
K253310,7600 Ultrasound System (MyLabC25); 7600 Ultrasound System (MyLabC30),"Esaote, S.P.A.",510k,2025-11-25,Radiology,DEVICE_FUNCTION_AI_ATTRIBUTION_UNRESOLVED,DEVICE_FUNCTION_AI_ATTRIBUTION_UNRESOLVED,UNCERTAIN,UNCERTAIN
K253366,LOGIQ Fortis,GE Medical Systems Ultrasound and Primary Care Diagnostics,510k,2026-01-07,Radiology,DESCRIBED_AI_OR_ALGORITHMIC_FUNCTION,DESCRIBED_AI_OR_ALGORITHMIC_FUNCTION,MULTIPLE,MULTIPLE
K253370,LOGIQ Totus,GE Medical Systems Ultrasound and Primary Care Diagnostics,510k,2026-01-08,Radiology,DESCRIBED_AI_OR_ALGORITHMIC_FUNCTION,DESCRIBED_AI_OR_ALGORITHMIC_FUNCTION,UNCERTAIN,UNCERTAIN
K253379,Stealth AXiS Cranial clinical application,"Medtronic Navigation, Inc.",510k,2026-03-26,Neurology,DESCRIBED_AI_OR_ALGORITHMIC_FUNCTION,DESCRIBED_AI_OR_ALGORITHMIC_FUNCTION,SINGLE,SINGLE
K253381,Stealth AXiS Surgical System with Stealth AXiS Spine clinical application,"Medtronic Navigation, Inc.",510k,2026-02-12,Neurology,DESCRIBED_AI_OR_ALGORITHMIC_FUNCTION,DESCRIBED_AI_OR_ALGORITHMIC_FUNCTION,MULTIPLE,MULTIPLE
K253413,LiverMultiScan (v6.0),"Perspectum, Ltd.",510k,2026-03-09,Radiology,DESCRIBED_AI_OR_ALGORITHMIC_FUNCTION,DESCRIBED_AI_OR_ALGORITHMIC_FUNCTION,SINGLE,SINGLE
K253442,EarliPoint Assessment,Earlitec Diagnostics,510k,2026-03-05,Neurology,DESCRIBED_AI_OR_ALGORITHMIC_FUNCTION,DESCRIBED_AI_OR_ALGORITHMIC_FUNCTION,SINGLE,SINGLE
K253489,Swoop® Portable MR Imaging® System,"Hyperfine, Inc.",510k,2025-12-12,Radiology,DESCRIBED_AI_OR_ALGORITHMIC_FUNCTION,DESCRIBED_AI_OR_ALGORITHMIC_FUNCTION,SINGLE,SINGLE
K253516,Assert-IQ (DM5100),Abbott Medical,510k,2025-12-18,Cardiovascular,DESCRIBED_AI_OR_ALGORITHMIC_FUNCTION,DESCRIBED_AI_OR_ALGORITHMIC_FUNCTION,SINGLE,SINGLE
K253520,"Photonova Spectra, Photonova Spectra Select","Ge Medical Systems, LLC",510k,2026-03-20,Radiology,DESCRIBED_AI_OR_ALGORITHMIC_FUNCTION,DESCRIBED_AI_OR_ALGORITHMIC_FUNCTION,SINGLE,SINGLE
K253532,TruSPECT Processing Station,"Spectrum Dynamics Medical, Ltd.",510k,2025-12-30,Radiology,DESCRIBED_AI_OR_ALGORITHMIC_FUNCTION,DESCRIBED_AI_OR_ALGORITHMIC_FUNCTION,SINGLE,SINGLE
K253535,Ligence Heart,Ligence Uab,510k,2026-02-27,Radiology,DESCRIBED_AI_OR_ALGORITHMIC_FUNCTION,DESCRIBED_AI_OR_ALGORITHMIC_FUNCTION,SINGLE,SINGLE
K253551,VELYS Hip Navigation,Depuy Ireland UC,510k,2026-03-06,Radiology,DESCRIBED_AI_OR_ALGORITHMIC_FUNCTION,DESCRIBED_AI_OR_ALGORITHMIC_FUNCTION,SINGLE,SINGLE
K253564,uMI Panvivo (uMI Panvivo); uMI Panvivo (uMI Panvivo S); uMI Panvivo (uMI Panvivo EX); uMI Panvivo (uMI Panvivo ES),"Shanghai United Imaging Healthcare Co., Ltd.",510k,2026-02-13,Radiology,DESCRIBED_AI_OR_ALGORITHMIC_FUNCTION,DESCRIBED_AI_OR_ALGORITHMIC_FUNCTION,SINGLE,SINGLE
K253574,SOMATOM X.cite; SOMATOM X.ceed,"Siemens Medical Solutions USA, Inc.",510k,2026-03-20,Radiology,DESCRIBED_AI_OR_ALGORITHMIC_FUNCTION,DESCRIBED_AI_OR_ALGORITHMIC_FUNCTION,MULTIPLE,MULTIPLE
K253578,BriefCase-Triage: CARE Multi-Triage CT for Pneumothorax; Pericardial effusion; Large aortic aneurysm; Shoulder fracture or dislocation device,"Aidoc Medical , Ltd.",510k,2026-02-26,Radiology,DESCRIBED_AI_OR_ALGORITHMIC_FUNCTION,DESCRIBED_AI_OR_ALGORITHMIC_FUNCTION,SINGLE,SINGLE
K253584,"Alphenix, INFX-8000V/B, INFX-8000V/S, V9.6 with aEvolve Imaging (FOV Extension)",Canon Medical Systems Corporation,510k,2026-03-10,Radiology,DESCRIBED_AI_OR_ALGORITHMIC_FUNCTION,DESCRIBED_AI_OR_ALGORITHMIC_FUNCTION,SINGLE,SINGLE
K253593,Clarius Ejection Fraction AI,Clarius Mobile Health Corp.,510k,2026-03-02,Radiology,DESCRIBED_AI_OR_ALGORITHMIC_FUNCTION,DESCRIBED_AI_OR_ALGORITHMIC_FUNCTION,SINGLE,SINGLE
K253595,"EPIQ Series Diagnostic Ultrasound System, Affiniti Series Diagnostic Ultrasound System","Philips Ultrasound, LLC",510k,2026-03-27,Radiology,DESCRIBED_AI_OR_ALGORITHMIC_FUNCTION,DESCRIBED_AI_OR_ALGORITHMIC_FUNCTION,SINGLE,SINGLE
K253614,EchoNavigator R5.0,Philips Medical Systems Nederland B.V.,510k,2026-03-17,Radiology,DESCRIBED_AI_OR_ALGORITHMIC_FUNCTION,DESCRIBED_AI_OR_ALGORITHMIC_FUNCTION,SINGLE,SINGLE
K253625,"Vantage Fortian/Orian 1.5T, MRT-1550, V10.0 with AiCE Reconstruction Processing Unit for MR",Canon Medical Systems Corporation,510k,2026-03-27,Radiology,DESCRIBED_AI_OR_ALGORITHMIC_FUNCTION,DESCRIBED_AI_OR_ALGORITHMIC_FUNCTION,SINGLE,SINGLE
K253648,"Ingenia, Ingenia CX, Ingenia Elition S/X, Ingenia Ambition S/X, BlueSeal SE/XE/QE, MR 5300 and MR 7700 MR Systems including Upgrades",Philips Medical Systems Nederland B.V.,510k,2026-02-23,Radiology,DESCRIBED_AI_OR_ALGORITHMIC_FUNCTION,DESCRIBED_AI_OR_ALGORITHMIC_FUNCTION,MULTIPLE,MULTIPLE
K253649,Spectral CT Verida Family,"Philips Medical Systems Technologies , Ltd.",510k,2026-03-27,Radiology,DESCRIBED_AI_OR_ALGORITHMIC_FUNCTION,DESCRIBED_AI_OR_ALGORITHMIC_FUNCTION,SINGLE,SINGLE
K253664,SKOUT system,Iterative Health,510k,2025-12-22,Gastroenterology-Urology,DESCRIBED_AI_OR_ALGORITHMIC_FUNCTION,DESCRIBED_AI_OR_ALGORITHMIC_FUNCTION,SINGLE,SINGLE
K253668,Onera SleepMap (SLEEPMAP),Onera B.V.,510k,2026-03-08,Neurology,DESCRIBED_AI_OR_ALGORITHMIC_FUNCTION,DESCRIBED_AI_OR_ALGORITHMIC_FUNCTION,SINGLE,SINGLE
K253686,True Definition DL,Ge Healthcare Japan Corporation,510k,2026-03-23,Radiology,DESCRIBED_AI_OR_ALGORITHMIC_FUNCTION,DESCRIBED_AI_OR_ALGORITHMIC_FUNCTION,SINGLE,SINGLE
K253735,AV Vascular,Philips Medical Systems Nederland B.V.,510k,2026-01-22,Radiology,DESCRIBED_AI_OR_ALGORITHMIC_FUNCTION,DESCRIBED_AI_OR_ALGORITHMIC_FUNCTION,MULTIPLE,MULTIPLE
K253775,SwiftMR,"Airs Medical, Inc.",510k,2026-03-26,Radiology,DESCRIBED_AI_OR_ALGORITHMIC_FUNCTION,DESCRIBED_AI_OR_ALGORITHMIC_FUNCTION,MULTIPLE,MULTIPLE
K253779,SIGNA Sprint Select,"Ge Medical Systems, LLC",510k,2026-02-05,Radiology,DESCRIBED_AI_OR_ALGORITHMIC_FUNCTION,DESCRIBED_AI_OR_ALGORITHMIC_FUNCTION,MULTIPLE,MULTIPLE
K253780,SIGNA Bolt,"Ge Medical Systems, LLC",510k,2026-02-06,Radiology,DESCRIBED_AI_OR_ALGORITHMIC_FUNCTION,DESCRIBED_AI_OR_ALGORITHMIC_FUNCTION,SINGLE,SINGLE
K253796,Lunit INSIGHT DBT (V1.2),"Lunit, Inc.",510k,2026-03-26,Radiology,DESCRIBED_AI_OR_ALGORITHMIC_FUNCTION,DESCRIBED_AI_OR_ALGORITHMIC_FUNCTION,SINGLE,SINGLE
K253818,Annalise Enterprise,"Harrison-AI Medical Pty, Ltd.",510k,2026-03-03,Radiology,DESCRIBED_AI_OR_ALGORITHMIC_FUNCTION,DESCRIBED_AI_OR_ALGORITHMIC_FUNCTION,SINGLE,SINGLE
K253898,QT Scanner 2000 Model A,"QT Imaging Holdings, Inc.",510k,2026-03-04,Radiology,DEVICE_FUNCTION_AI_ATTRIBUTION_UNRESOLVED,DEVICE_FUNCTION_AI_ATTRIBUTION_UNRESOLVED,UNCERTAIN,UNCERTAIN
K253944,Data Analysis Facilitation Suite (DAFS),Voronoi Health Analytics Incorporated,510k,2026-03-16,Radiology,DESCRIBED_AI_OR_ALGORITHMIC_FUNCTION,DESCRIBED_AI_OR_ALGORITHMIC_FUNCTION,SINGLE,SINGLE
K254001,VERITON CT 300 Series Digital SPECT/CT System (VERITON CT 316/364); VERITON CT 400 Series Digital SPECT/CT System (VERITON CT 416/464),"Spectrum Dynamics Medical, Ltd.",510k,2026-01-13,Radiology,DESCRIBED_AI_OR_ALGORITHMIC_FUNCTION,DESCRIBED_AI_OR_ALGORITHMIC_FUNCTION,SINGLE,SINGLE
K254016,MI View&GO,"Siemens Medical Solutions USA, Inc.",510k,2026-02-10,Radiology,DESCRIBED_AI_OR_ALGORITHMIC_FUNCTION,DESCRIBED_AI_OR_ALGORITHMIC_FUNCTION,MULTIPLE,MULTIPLE
K254161,Automated Aortic Stenosis Software (AutoAS),"GE Medical Systems Ultrasound & Primary Care Diagnostics, LLC",510k,2026-03-27,Radiology,DESCRIBED_AI_OR_ALGORITHMIC_FUNCTION,DESCRIBED_AI_OR_ALGORITHMIC_FUNCTION,SINGLE,SINGLE
K254207,AiORTA - Plan v2.0,"ViTAA Medical Solutions, Inc.",510k,2026-03-30,Radiology,DESCRIBED_AI_OR_ALGORITHMIC_FUNCTION,DESCRIBED_AI_OR_ALGORITHMIC_FUNCTION,MULTIPLE,MULTIPLE
K260078,Aquilion ServeSP (TSX-307B) V2.0,Canon Medical Systems Corporation,510k,2026-03-13,Radiology,DESCRIBED_AI_OR_ALGORITHMIC_FUNCTION,DESCRIBED_AI_OR_ALGORITHMIC_FUNCTION,SINGLE,SINGLE
K260104,Signature ONE System,Orthosoft Inc. (d/b/a) Zimmer CAS,510k,2026-02-04,Orthopedic,DESCRIBED_AI_OR_ALGORITHMIC_FUNCTION,DESCRIBED_AI_OR_ALGORITHMIC_FUNCTION,SINGLE,SINGLE
K260166,Bunkerhill Contrast CAC,BunkerHill Health,510k,2026-03-06,Radiology,DESCRIBED_AI_OR_ALGORITHMIC_FUNCTION,DESCRIBED_AI_OR_ALGORITHMIC_FUNCTION,SINGLE,SINGLE
K260167,Bunkerhill Contrast AVC,BunkerHill Health,510k,2026-03-06,Radiology,DESCRIBED_AI_OR_ALGORITHMIC_FUNCTION,DESCRIBED_AI_OR_ALGORITHMIC_FUNCTION,SINGLE,SINGLE
K260169,AV Cardiac CT,Philips Medical Systems Nederland B.V.,510k,2026-03-05,Radiology,DESCRIBED_AI_OR_ALGORITHMIC_FUNCTION,DESCRIBED_AI_OR_ALGORITHMIC_FUNCTION,SINGLE,SINGLE
K260217,AI Platform 2.2 (AIP002),Exo Imaging,510k,2026-02-24,Radiology,DESCRIBED_AI_OR_ALGORITHMIC_FUNCTION,DESCRIBED_AI_OR_ALGORITHMIC_FUNCTION,MULTIPLE,MULTIPLE
K260265,MAGNETOM Flow.Ace; MAGNETOM Flow.Plus,"Siemens Shenzhen Magnetic Resonance , Ltd.",510k,2026-02-23,Radiology,DESCRIBED_AI_OR_ALGORITHMIC_FUNCTION,DESCRIBED_AI_OR_ALGORITHMIC_FUNCTION,SINGLE,SINGLE
K260509,AutoContour (RADAC V5),"Radformation, Inc.",510k,2026-03-19,Radiology,DESCRIBED_AI_OR_ALGORITHMIC_FUNCTION,DESCRIBED_AI_OR_ALGORITHMIC_FUNCTION,MULTIPLE,MULTIPLE
K260673,LOGIQ Vita; LOGIQ Vita Pro; LOGIQ Vita Express; LOGIQ Vita Plus; LOGIQ Vita Power; LOGIQ S20; LOGIQ S20 Pro; LOGIQ S20 Express; LOGIQ S20 Plus; LOGIQ S20 Power,GE Medical Systems Ultrasound and Primary Care Diagnostics,510k,2026-03-24,Radiology,DESCRIBED_AI_OR_ALGORITHMIC_FUNCTION,DESCRIBED_AI_OR_ALGORITHMIC_FUNCTION,MULTIPLE,MULTIPLE
K260746,S-scan Open (100001800),"Esaote, S.p.A.",510k,2026-03-27,Radiology,DESCRIBED_AI_OR_ALGORITHMIC_FUNCTION,DESCRIBED_AI_OR_ALGORITHMIC_FUNCTION,SINGLE,SINGLE
K955841,SLEEP SYSTEM FOR CLINICS & RESEARCH,COMPUMEDICS PTD LTD.,510k,1997-03-11,Anesthesiology,DESCRIBED_AI_OR_ALGORITHMIC_FUNCTION,DESCRIBED_AI_OR_ALGORITHMIC_FUNCTION,SINGLE,SINGLE
P000041,RAPIDSCREEN RS-2000,RIVERAIN MEDICAL GROUP,pma,2001-07-12,Radiology,DESCRIBED_AI_OR_ALGORITHMIC_FUNCTION,DESCRIBED_AI_OR_ALGORITHMIC_FUNCTION,SINGLE,SINGLE
P010034,SECOND LOOK ™,"ICAD, INC.",pma,2002-01-31,Radiology,DESCRIBED_AI_OR_ALGORITHMIC_FUNCTION,DESCRIBED_AI_OR_ALGORITHMIC_FUNCTION,SINGLE,SINGLE
P040028,LUMA CERVICAL IMAGING SYSTEM,SPECTRA SCIENCE,pma,2006-03-16,Obstetrics and Gynecology,DESCRIBED_AI_OR_ALGORITHMIC_FUNCTION,DESCRIBED_AI_OR_ALGORITHMIC_FUNCTION,SINGLE,SINGLE
P090012,MELAFIND,"STRATA SKIN SCIENCES, INC.",pma,2011-11-01,General and Plastic Surgery,DESCRIBED_AI_OR_ALGORITHMIC_FUNCTION,DESCRIBED_AI_OR_ALGORITHMIC_FUNCTION,SINGLE,SINGLE
P110014,DUNE MEDICAL DEVICES MARGINPROBE SYSTEM,"Dilon Medical Technologies, Ltd.",pma,2012-12-27,General and Plastic Surgery,DESCRIBED_AI_OR_ALGORITHMIC_FUNCTION,DESCRIBED_AI_OR_ALGORITHMIC_FUNCTION,SINGLE,SINGLE
P130020/S005,Senographe Pristina 3D,GE Healthcare,pma,2025-11-21,Radiology,DESCRIBED_AI_OR_ALGORITHMIC_FUNCTION,DESCRIBED_AI_OR_ALGORITHMIC_FUNCTION,SINGLE,SINGLE
P140011/S008,MAMMOMAT B.brilliant with Tomosynthesis Option,"SIEMENS MEDICAL SOLUTIONS USA, INC.",pma,2024-09-23,Radiology,DESCRIBED_AI_OR_ALGORITHMIC_FUNCTION,DESCRIBED_AI_OR_ALGORITHMIC_FUNCTION,SINGLE,SINGLE
P150043,QVCAD System,"QView Medical, Inc.",pma,2016-11-09,Radiology,DESCRIBED_AI_OR_ALGORITHMIC_FUNCTION,DESCRIBED_AI_OR_ALGORITHMIC_FUNCTION,SINGLE,SINGLE
P150046,NEVISENSE,SCIBASE AB,pma,2017-06-28,General and Plastic Surgery,DESCRIBED_AI_OR_ALGORITHMIC_FUNCTION,DESCRIBED_AI_OR_ALGORITHMIC_FUNCTION,SINGLE,SINGLE
P160009,PowerLook® Tomo Detection Software,iCAD Inc,pma,2017-03-24,Radiology,DESCRIBED_AI_OR_ALGORITHMIC_FUNCTION,DESCRIBED_AI_OR_ALGORITHMIC_FUNCTION,SINGLE,SINGLE
P200003,Imagio Breast Imaging System,"Seno Medical Instruments, Inc.",pma,2021-01-11,Radiology,DESCRIBED_AI_OR_ALGORITHMIC_FUNCTION,DESCRIBED_AI_OR_ALGORITHMIC_FUNCTION,SINGLE,SINGLE
P210011,xT CDx,"Tempus Labs, Inc.",pma,2023-04-28,Pathology,DESCRIBED_AI_OR_ALGORITHMIC_FUNCTION,DESCRIBED_AI_OR_ALGORITHMIC_FUNCTION,SINGLE,SINGLE
P210015,Avive Automated External Defibrillator (AED) System,"Avive Solutions, Inc.",pma,2022-10-31,Cardiovascular,DESCRIBED_AI_OR_ALGORITHMIC_FUNCTION,DESCRIBED_AI_OR_ALGORITHMIC_FUNCTION,SINGLE,SINGLE
P230022,"Jewel Patch Wearable Cardioverter Defibrillator (P-WCD) (Jewel), Jewel P-WCD Firmware, Device Accessories Skin Preparati","Element Science, Inc.",pma,2025-04-30,Cardiovascular,DESCRIBED_AI_OR_ALGORITHMIC_FUNCTION,DESCRIBED_AI_OR_ALGORITHMIC_FUNCTION,SINGLE,SINGLE
P250008,Claire OCT System,"Perimeter Medical Imaging Ai, Inc.",pma,2026-03-03,General and Plastic Surgery,DESCRIBED_AI_OR_ALGORITHMIC_FUNCTION,DESCRIBED_AI_OR_ALGORITHMIC_FUNCTION,SINGLE,SINGLE
P940029,PAPNET Testing System,"Neuromedical Systems, Inc.",pma,1995-11-08,Pathology,DEVICE_FUNCTION_AI_ATTRIBUTION_UNRESOLVED,DEVICE_FUNCTION_AI_ATTRIBUTION_UNRESOLVED,UNCERTAIN,UNCERTAIN
P950009,AUTOPAP(R) 300 QC AUTOMATIC PAP SCREENER/QC SYSTEM,BD DIAGNOSTICS,pma,1995-09-29,Pathology,SOURCE_INSUFFICIENT,SOURCE_INSUFFICIENT,UNCERTAIN,UNCERTAIN
P970058,M1000 IMAGECHECKER,"Hologic, Inc.",pma,1998-06-26,Radiology,DESCRIBED_AI_OR_ALGORITHMIC_FUNCTION,DESCRIBED_AI_OR_ALGORITHMIC_FUNCTION,SINGLE,SINGLE
P980025,LOGICON CARIES DETECTOR,CARESTREAM DENTAL LLC,pma,1998-09-02,Radiology,DESCRIBED_AI_OR_ALGORITHMIC_FUNCTION,DESCRIBED_AI_OR_ALGORITHMIC_FUNCTION,SINGLE,SINGLE
