submission_number,snapshot_id,snapshot_row_number,primary_product_code,metadata_match_status
K254207,FDA_AI_LIST_2026-06-29,1,QIH,MATCH_AFTER_DATE_NORMALIZATION
K252360,FDA_AI_LIST_2026-06-29,2,SAT,MATCH_AFTER_DATE_NORMALIZATION
K253649,FDA_AI_LIST_2026-06-29,3,JAK,MATCH_AFTER_DATE_NORMALIZATION
K252148,FDA_AI_LIST_2026-06-29,4,IYN,MATCH_AFTER_DATE_NORMALIZATION
K254161,FDA_AI_LIST_2026-06-29,5,POK,MATCH_AFTER_DATE_NORMALIZATION
K253595,FDA_AI_LIST_2026-06-29,6,IYN,MATCH_AFTER_DATE_NORMALIZATION
K253625,FDA_AI_LIST_2026-06-29,7,LNH,MATCH_AFTER_DATE_NORMALIZATION
K260746,FDA_AI_LIST_2026-06-29,8,LNH,MATCH_AFTER_DATE_NORMALIZATION
K253270,FDA_AI_LIST_2026-06-29,9,QKB,MATCH_AFTER_DATE_NORMALIZATION
K253379,FDA_AI_LIST_2026-06-29,10,HAW,MATCH_AFTER_DATE_NORMALIZATION
K253796,FDA_AI_LIST_2026-06-29,11,QDQ,MATCH_AFTER_DATE_NORMALIZATION
K253775,FDA_AI_LIST_2026-06-29,12,QIH,MATCH_AFTER_DATE_NORMALIZATION
K252099,FDA_AI_LIST_2026-06-29,13,OWB,MATCH_AFTER_DATE_NORMALIZATION
K252421,FDA_AI_LIST_2026-06-29,14,QAS,MATCH_AFTER_DATE_NORMALIZATION
K260673,FDA_AI_LIST_2026-06-29,15,IYN,MATCH_AFTER_DATE_NORMALIZATION
K252992,FDA_AI_LIST_2026-06-29,16,JAK,MATCH_AFTER_DATE_NORMALIZATION
K253686,FDA_AI_LIST_2026-06-29,17,JAK,MATCH_AFTER_DATE_NORMALIZATION
K253520,FDA_AI_LIST_2026-06-29,18,JAK,MATCH_AFTER_DATE_NORMALIZATION
K253574,FDA_AI_LIST_2026-06-29,19,JAK,MATCH_AFTER_DATE_NORMALIZATION
K260509,FDA_AI_LIST_2026-06-29,20,QKB,MATCH_AFTER_DATE_NORMALIZATION
K252304,FDA_AI_LIST_2026-06-29,21,MUJ,MATCH_AFTER_DATE_NORMALIZATION
DEN250014,FDA_AI_LIST_2026-06-29,22,SHL,MATCH_AFTER_DATE_NORMALIZATION
K253614,FDA_AI_LIST_2026-06-29,23,QIH,MATCH_AFTER_DATE_NORMALIZATION
K252282,FDA_AI_LIST_2026-06-29,24,PBZ,MATCH_AFTER_DATE_NORMALIZATION
K253944,FDA_AI_LIST_2026-06-29,25,QIH,MATCH_AFTER_DATE_NORMALIZATION
K252433,FDA_AI_LIST_2026-06-29,26,IYN,MATCH_AFTER_DATE_NORMALIZATION
K252261,FDA_AI_LIST_2026-06-29,27,QIH,MATCH_AFTER_DATE_NORMALIZATION
K260078,FDA_AI_LIST_2026-06-29,28,JAK,MATCH_AFTER_DATE_NORMALIZATION
K252089,FDA_AI_LIST_2026-06-29,29,DQD,MATCH_AFTER_DATE_NORMALIZATION
K250655,FDA_AI_LIST_2026-06-29,30,QZF,MATCH_AFTER_DATE_NORMALIZATION
K253584,FDA_AI_LIST_2026-06-29,31,OWB,MATCH_AFTER_DATE_NORMALIZATION
K253413,FDA_AI_LIST_2026-06-29,32,LNH,MATCH_AFTER_DATE_NORMALIZATION
K253668,FDA_AI_LIST_2026-06-29,33,OLZ,MATCH_AFTER_DATE_NORMALIZATION
K260166,FDA_AI_LIST_2026-06-29,34,JAK,MATCH_AFTER_DATE_NORMALIZATION
K260167,FDA_AI_LIST_2026-06-29,35,JAK,MATCH_AFTER_DATE_NORMALIZATION
K253551,FDA_AI_LIST_2026-06-29,36,QIH,MATCH_AFTER_DATE_NORMALIZATION
K253442,FDA_AI_LIST_2026-06-29,37,QPF,MATCH_AFTER_DATE_NORMALIZATION
K252538,FDA_AI_LIST_2026-06-29,38,QIH,MATCH_AFTER_DATE_NORMALIZATION
K260169,FDA_AI_LIST_2026-06-29,39,JAK,MATCH_AFTER_DATE_NORMALIZATION
K251901,FDA_AI_LIST_2026-06-29,40,LNH,MATCH_AFTER_DATE_NORMALIZATION
K253898,FDA_AI_LIST_2026-06-29,41,IYO,MATCH_AFTER_DATE_NORMALIZATION
P250008,FDA_AI_LIST_2026-06-29,42,SHH,MATCH_AFTER_DATE_NORMALIZATION
K253818,FDA_AI_LIST_2026-06-29,43,QAS,MATCH_AFTER_DATE_NORMALIZATION
K253593,FDA_AI_LIST_2026-06-29,44,QIH,MATCH_AFTER_DATE_NORMALIZATION
K253535,FDA_AI_LIST_2026-06-29,45,QIH,MATCH_AFTER_DATE_NORMALIZATION
K253578,FDA_AI_LIST_2026-06-29,46,QAS,MATCH_AFTER_DATE_NORMALIZATION
K260217,FDA_AI_LIST_2026-06-29,47,QIH,MATCH_AFTER_DATE_NORMALIZATION
K253648,FDA_AI_LIST_2026-06-29,48,LNH,MATCH_AFTER_DATE_NORMALIZATION
K260265,FDA_AI_LIST_2026-06-29,49,LNH,MATCH_AFTER_DATE_NORMALIZATION
K252972,FDA_AI_LIST_2026-06-29,50,DQK,MATCH_AFTER_DATE_NORMALIZATION
K252500,FDA_AI_LIST_2026-06-29,51,OWB,MATCH_AFTER_DATE_NORMALIZATION
K252002,FDA_AI_LIST_2026-06-29,52,MUJ,MATCH_AFTER_DATE_NORMALIZATION
K250233,FDA_AI_LIST_2026-06-29,53,DXH,MATCH_AFTER_DATE_NORMALIZATION
K253564,FDA_AI_LIST_2026-06-29,54,KPS,MATCH_AFTER_DATE_NORMALIZATION
K253381,FDA_AI_LIST_2026-06-29,55,OLO,MATCH_AFTER_DATE_NORMALIZATION
DEN250007,FDA_AI_LIST_2026-06-29,56,SHE,MATCH_AFTER_DATE_NORMALIZATION
K252084,FDA_AI_LIST_2026-06-29,57,QIH,MATCH_AFTER_DATE_NORMALIZATION
K254016,FDA_AI_LIST_2026-06-29,58,QIH,MATCH_AFTER_DATE_NORMALIZATION
K252076,FDA_AI_LIST_2026-06-29,59,DQD,MATCH_AFTER_DATE_NORMALIZATION
K251218,FDA_AI_LIST_2026-06-29,60,DQK,MATCH_AFTER_DATE_NORMALIZATION
K243348,FDA_AI_LIST_2026-06-29,61,GKZ,MATCH_AFTER_DATE_NORMALIZATION
K251474,FDA_AI_LIST_2026-06-29,62,QDQ,MATCH_AFTER_DATE_NORMALIZATION
K253780,FDA_AI_LIST_2026-06-29,63,LNH,MATCH_AFTER_DATE_NORMALIZATION
K253779,FDA_AI_LIST_2026-06-29,64,LNH,MATCH_AFTER_DATE_NORMALIZATION
K260104,FDA_AI_LIST_2026-06-29,65,QHE,MATCH_AFTER_DATE_NORMALIZATION
K251200,FDA_AI_LIST_2026-06-29,66,QME,MATCH_AFTER_DATE_NORMALIZATION
K251769,FDA_AI_LIST_2026-06-29,67,POK,MATCH_AFTER_DATE_NORMALIZATION
K252091,FDA_AI_LIST_2026-06-29,68,QIH,MATCH_AFTER_DATE_NORMALIZATION
K252496,FDA_AI_LIST_2026-06-29,69,QIH,MATCH_AFTER_DATE_NORMALIZATION
K251306,FDA_AI_LIST_2026-06-29,70,QKB,MATCH_AFTER_DATE_NORMALIZATION
K251195,FDA_AI_LIST_2026-06-29,71,QAS,MATCH_AFTER_DATE_NORMALIZATION
K243349,FDA_AI_LIST_2026-06-29,72,DSI,MATCH_AFTER_DATE_NORMALIZATION
K251351,FDA_AI_LIST_2026-06-29,73,QKB,MATCH_AFTER_DATE_NORMALIZATION
K252984,FDA_AI_LIST_2026-06-29,74,DRG,MATCH_AFTER_DATE_NORMALIZATION
K251511,FDA_AI_LIST_2026-06-29,75,PPU,MATCH_AFTER_DATE_NORMALIZATION
K253735,FDA_AI_LIST_2026-06-29,76,QIH,MATCH_AFTER_DATE_NORMALIZATION
K253057,FDA_AI_LIST_2026-06-29,77,QIH,MATCH_AFTER_DATE_NORMALIZATION
K253173,FDA_AI_LIST_2026-06-29,78,JAK,MATCH_AFTER_DATE_NORMALIZATION
K251934,FDA_AI_LIST_2026-06-29,79,MYN,MATCH_AFTER_DATE_NORMALIZATION
K252634,FDA_AI_LIST_2026-06-29,80,QIH,MATCH_AFTER_DATE_NORMALIZATION
K252934,FDA_AI_LIST_2026-06-29,81,MYN,MATCH_AFTER_DATE_NORMALIZATION
K253023,FDA_AI_LIST_2026-06-29,82,OUO,MATCH_AFTER_DATE_NORMALIZATION
K252188,FDA_AI_LIST_2026-06-29,83,IYE,MATCH_AFTER_DATE_NORMALIZATION
K254001,FDA_AI_LIST_2026-06-29,84,KPS,MATCH_AFTER_DATE_NORMALIZATION
K251558,FDA_AI_LIST_2026-06-29,85,QHE,MATCH_AFTER_DATE_NORMALIZATION
K252842,FDA_AI_LIST_2026-06-29,86,GWF,MATCH_AFTER_DATE_NORMALIZATION
K252589,FDA_AI_LIST_2026-06-29,87,MHX,MATCH_AFTER_DATE_NORMALIZATION
K253370,FDA_AI_LIST_2026-06-29,88,IYN,MATCH_AFTER_DATE_NORMALIZATION
K253009,FDA_AI_LIST_2026-06-29,89,MYN,MATCH_AFTER_DATE_NORMALIZATION
K252970,FDA_AI_LIST_2026-06-29,90,QAS,MATCH_AFTER_DATE_NORMALIZATION
K253366,FDA_AI_LIST_2026-06-29,91,IYN,MATCH_AFTER_DATE_NORMALIZATION
K252018,FDA_AI_LIST_2026-06-29,92,IYN,MATCH_AFTER_DATE_NORMALIZATION
K253532,FDA_AI_LIST_2026-06-29,93,QIH,MATCH_AFTER_DATE_NORMALIZATION
K252379,FDA_AI_LIST_2026-06-29,94,LNH,MATCH_AFTER_DATE_NORMALIZATION
K253091,FDA_AI_LIST_2026-06-29,95,MUJ,MATCH_AFTER_DATE_NORMALIZATION
K252856,FDA_AI_LIST_2026-06-29,96,QIH,MATCH_AFTER_DATE_NORMALIZATION
K253664,FDA_AI_LIST_2026-06-29,97,QNP,MATCH_AFTER_DATE_NORMALIZATION
K250959,FDA_AI_LIST_2026-06-29,98,IYN,MATCH_AFTER_DATE_NORMALIZATION
K252557,FDA_AI_LIST_2026-06-29,99,IYN,MATCH_AFTER_DATE_NORMALIZATION
K252670,FDA_AI_LIST_2026-06-29,100,QIH,MATCH_AFTER_DATE_NORMALIZATION
K252284,FDA_AI_LIST_2026-06-29,101,DQD,MATCH_AFTER_DATE_NORMALIZATION
K252838,FDA_AI_LIST_2026-06-29,102,LNH,MATCH_AFTER_DATE_NORMALIZATION
K252029,FDA_AI_LIST_2026-06-29,103,QIH,MATCH_AFTER_DATE_NORMALIZATION
K250914,FDA_AI_LIST_2026-06-29,104,QIH,MATCH_AFTER_DATE_NORMALIZATION
K253516,FDA_AI_LIST_2026-06-29,105,MXD,MATCH_AFTER_DATE_NORMALIZATION
K252235,FDA_AI_LIST_2026-06-29,106,QIH,MATCH_AFTER_DATE_NORMALIZATION
K251416,FDA_AI_LIST_2026-06-29,107,QJU,MATCH_AFTER_DATE_NORMALIZATION
K252922,FDA_AI_LIST_2026-06-29,108,QIH,MATCH_AFTER_DATE_NORMALIZATION
K251763,FDA_AI_LIST_2026-06-29,109,QIH,MATCH_AFTER_DATE_NORMALIZATION
K252204,FDA_AI_LIST_2026-06-29,110,PPW,MATCH_AFTER_DATE_NORMALIZATION
K253489,FDA_AI_LIST_2026-06-29,111,LNH,MATCH_AFTER_DATE_NORMALIZATION
K252482,FDA_AI_LIST_2026-06-29,112,QFM,MATCH_AFTER_DATE_NORMALIZATION
K253141,FDA_AI_LIST_2026-06-29,113,DQK,MATCH_AFTER_DATE_NORMALIZATION
K252497,FDA_AI_LIST_2026-06-29,114,MNR,MATCH_AFTER_DATE_NORMALIZATION
K243449,FDA_AI_LIST_2026-06-29,115,QKQ,MATCH_AFTER_DATE_NORMALIZATION
K252294,FDA_AI_LIST_2026-06-29,116,POK,MATCH_AFTER_DATE_NORMALIZATION
K251936,FDA_AI_LIST_2026-06-29,117,NCG,MATCH_AFTER_DATE_NORMALIZATION
K251657,FDA_AI_LIST_2026-06-29,118,BZD,MATCH_AFTER_DATE_NORMALIZATION
K250780,FDA_AI_LIST_2026-06-29,119,QKB,MATCH_AFTER_DATE_NORMALIZATION
K251514,FDA_AI_LIST_2026-06-29,120,QIH,MATCH_AFTER_DATE_NORMALIZATION
K252504,FDA_AI_LIST_2026-06-29,121,MYE,MATCH_AFTER_DATE_NORMALIZATION
K251203,FDA_AI_LIST_2026-06-29,122,OEB,MATCH_AFTER_DATE_NORMALIZATION
K252103,FDA_AI_LIST_2026-06-29,123,QIH,MATCH_AFTER_DATE_NORMALIZATION
K251370,FDA_AI_LIST_2026-06-29,124,KPS,MATCH_AFTER_DATE_NORMALIZATION
K252217,FDA_AI_LIST_2026-06-29,125,JAK,MATCH_AFTER_DATE_NORMALIZATION
K253269,FDA_AI_LIST_2026-06-29,126,OXO,MATCH_AFTER_DATE_NORMALIZATION
K250694,FDA_AI_LIST_2026-06-29,127,QAS,MATCH_AFTER_DATE_NORMALIZATION
K253310,FDA_AI_LIST_2026-06-29,128,IYN,MATCH_AFTER_DATE_NORMALIZATION
K252328,FDA_AI_LIST_2026-06-29,129,IYN,MATCH_AFTER_DATE_NORMALIZATION
K252366,FDA_AI_LIST_2026-06-29,130,QAS,MATCH_AFTER_DATE_NORMALIZATION
K251293,FDA_AI_LIST_2026-06-29,131,QUO,MATCH_AFTER_DATE_NORMALIZATION
K251506,FDA_AI_LIST_2026-06-29,132,POS,MATCH_AFTER_DATE_NORMALIZATION
P130020/S005,FDA_AI_LIST_2026-06-29,133,OTE,MATCH_AFTER_DATE_NORMALIZATION
K251822,FDA_AI_LIST_2026-06-29,134,LNH,MATCH_AFTER_DATE_NORMALIZATION
K252086,FDA_AI_LIST_2026-06-29,135,MYN,MATCH_AFTER_DATE_NORMALIZATION
K252330,FDA_AI_LIST_2026-06-29,136,OLZ,MATCH_AFTER_DATE_NORMALIZATION
K250525,FDA_AI_LIST_2026-06-29,137,MYN,MATCH_AFTER_DATE_NORMALIZATION
K251078,FDA_AI_LIST_2026-06-29,138,QIH,MATCH_AFTER_DATE_NORMALIZATION
K252452,FDA_AI_LIST_2026-06-29,139,QIH,MATCH_AFTER_DATE_NORMALIZATION
K250264,FDA_AI_LIST_2026-06-29,140,MYN,MATCH_AFTER_DATE_NORMALIZATION
K252041,FDA_AI_LIST_2026-06-29,141,QWO,MATCH_AFTER_DATE_NORMALIZATION
K253265,FDA_AI_LIST_2026-06-29,142,QAS,MATCH_AFTER_DATE_NORMALIZATION
K250330,FDA_AI_LIST_2026-06-29,143,QIH,MATCH_AFTER_DATE_NORMALIZATION
K251532,FDA_AI_LIST_2026-06-29,144,LLZ,MATCH_AFTER_DATE_NORMALIZATION
K252074,FDA_AI_LIST_2026-06-29,145,IYN,MATCH_AFTER_DATE_NORMALIZATION
K250337,FDA_AI_LIST_2026-06-29,146,QIH,MATCH_AFTER_DATE_NORMALIZATION
K251985,FDA_AI_LIST_2026-06-29,147,IYN,MATCH_AFTER_DATE_NORMALIZATION
K251963,FDA_AI_LIST_2026-06-29,148,IYN,MATCH_AFTER_DATE_NORMALIZATION
K250882,FDA_AI_LIST_2026-06-29,149,MNR,MATCH_AFTER_DATE_NORMALIZATION
K251027,FDA_AI_LIST_2026-06-29,150,QIH,MATCH_AFTER_DATE_NORMALIZATION
K251059,FDA_AI_LIST_2026-06-29,151,QIH,MATCH_AFTER_DATE_NORMALIZATION
K250288,FDA_AI_LIST_2026-06-29,152,QIH,MATCH_AFTER_DATE_NORMALIZATION
K252298,FDA_AI_LIST_2026-06-29,153,QIH,MATCH_AFTER_DATE_NORMALIZATION
K252665,FDA_AI_LIST_2026-06-29,154,QIH,MATCH_AFTER_DATE_NORMALIZATION
K251673,FDA_AI_LIST_2026-06-29,155,SGH,MATCH_AFTER_DATE_NORMALIZATION
K251355,FDA_AI_LIST_2026-06-29,156,QHA,MATCH_AFTER_DATE_NORMALIZATION
K251602,FDA_AI_LIST_2026-06-29,157,OWB,MATCH_AFTER_DATE_NORMALIZATION
K251082,FDA_AI_LIST_2026-06-29,158,PZP,MATCH_AFTER_DATE_NORMALIZATION
K251651,FDA_AI_LIST_2026-06-29,159,IYN,MATCH_AFTER_DATE_NORMALIZATION
K252214,FDA_AI_LIST_2026-06-29,160,QIH,MATCH_AFTER_DATE_NORMALIZATION
K252007,FDA_AI_LIST_2026-06-29,161,QIH,MATCH_AFTER_DATE_NORMALIZATION
K250662,FDA_AI_LIST_2026-06-29,162,JAK,MATCH_AFTER_DATE_NORMALIZATION
K252178,FDA_AI_LIST_2026-06-29,163,QNP,MATCH_AFTER_DATE_NORMALIZATION
K251639,FDA_AI_LIST_2026-06-29,164,SBF,MATCH_AFTER_DATE_NORMALIZATION
K250766,FDA_AI_LIST_2026-06-29,165,JAK,MATCH_AFTER_DATE_NORMALIZATION
K250023,FDA_AI_LIST_2026-06-29,166,QIH,MATCH_AFTER_DATE_NORMALIZATION
K252054,FDA_AI_LIST_2026-06-29,167,SBF,MATCH_AFTER_DATE_NORMALIZATION
K252105,FDA_AI_LIST_2026-06-29,168,QIH,MATCH_AFTER_DATE_NORMALIZATION
K252371,FDA_AI_LIST_2026-06-29,169,LNH,MATCH_AFTER_DATE_NORMALIZATION
K251527,FDA_AI_LIST_2026-06-29,170,QIH,MATCH_AFTER_DATE_NORMALIZATION
K251483,FDA_AI_LIST_2026-06-29,171,QIH,MATCH_AFTER_DATE_NORMALIZATION
K251987,FDA_AI_LIST_2026-06-29,172,QIH,MATCH_AFTER_DATE_NORMALIZATION
K251167,FDA_AI_LIST_2026-06-29,173,KPR,MATCH_AFTER_DATE_NORMALIZATION
K251002,FDA_AI_LIST_2026-06-29,174,MYN,MATCH_AFTER_DATE_NORMALIZATION
K250649,FDA_AI_LIST_2026-06-29,175,QYE,MATCH_AFTER_DATE_NORMALIZATION
K250369,FDA_AI_LIST_2026-06-29,176,QIH,MATCH_AFTER_DATE_NORMALIZATION
K251386,FDA_AI_LIST_2026-06-29,177,LNH,MATCH_AFTER_DATE_NORMALIZATION
K251221,FDA_AI_LIST_2026-06-29,178,MXD,MATCH_AFTER_DATE_NORMALIZATION
K250237,FDA_AI_LIST_2026-06-29,179,QIH,MATCH_AFTER_DATE_NORMALIZATION
K252586,FDA_AI_LIST_2026-06-29,180,QNP,MATCH_AFTER_DATE_NORMALIZATION
K251518,FDA_AI_LIST_2026-06-29,181,DQK,MATCH_AFTER_DATE_NORMALIZATION
K251368,FDA_AI_LIST_2026-06-29,182,IYN,MATCH_AFTER_DATE_NORMALIZATION
K252595,FDA_AI_LIST_2026-06-29,183,DQD,MATCH_AFTER_DATE_NORMALIZATION
K251399,FDA_AI_LIST_2026-06-29,184,LNH,MATCH_AFTER_DATE_NORMALIZATION
K250507,FDA_AI_LIST_2026-06-29,185,SFR,MATCH_AFTER_DATE_NORMALIZATION
K251316,FDA_AI_LIST_2026-06-29,186,OLO,MATCH_AFTER_DATE_NORMALIZATION
K244002,FDA_AI_LIST_2026-06-29,187,QIH,MATCH_AFTER_DATE_NORMALIZATION
K251072,FDA_AI_LIST_2026-06-29,188,QIH,MATCH_AFTER_DATE_NORMALIZATION
K251682,FDA_AI_LIST_2026-06-29,189,LNH,MATCH_AFTER_DATE_NORMALIZATION
K251931,FDA_AI_LIST_2026-06-29,190,QTZ,MATCH_AFTER_DATE_NORMALIZATION
K251610,FDA_AI_LIST_2026-06-29,191,QAS,MATCH_AFTER_DATE_NORMALIZATION
K251533,FDA_AI_LIST_2026-06-29,192,QAS,MATCH_AFTER_DATE_NORMALIZATION
K250064,FDA_AI_LIST_2026-06-29,193,MUJ,MATCH_AFTER_DATE_NORMALIZATION
K251656,FDA_AI_LIST_2026-06-29,194,QIH,MATCH_AFTER_DATE_NORMALIZATION
K252539,FDA_AI_LIST_2026-06-29,195,QIH,MATCH_AFTER_DATE_NORMALIZATION
K251408,FDA_AI_LIST_2026-06-29,196,SAO,MATCH_AFTER_DATE_NORMALIZATION
K250753,FDA_AI_LIST_2026-06-29,197,MYN,MATCH_AFTER_DATE_NORMALIZATION
K251106,FDA_AI_LIST_2026-06-29,198,IYN,MATCH_AFTER_DATE_NORMALIZATION
K250003,FDA_AI_LIST_2026-06-29,199,PZM,MATCH_AFTER_DATE_NORMALIZATION
K250290,FDA_AI_LIST_2026-06-29,200,LLZ,MATCH_AFTER_DATE_NORMALIZATION
K243859,FDA_AI_LIST_2026-06-29,201,QIH,MATCH_AFTER_DATE_NORMALIZATION
K250788,FDA_AI_LIST_2026-06-29,202,KPR,MATCH_AFTER_DATE_NORMALIZATION
K243687,FDA_AI_LIST_2026-06-29,203,QME,MATCH_AFTER_DATE_NORMALIZATION
K251983,FDA_AI_LIST_2026-06-29,204,QAS,MATCH_AFTER_DATE_NORMALIZATION
K252362,FDA_AI_LIST_2026-06-29,205,QIH,MATCH_AFTER_DATE_NORMALIZATION
K243685,FDA_AI_LIST_2026-06-29,206,QIH,MATCH_AFTER_DATE_NORMALIZATION
K251029,FDA_AI_LIST_2026-06-29,207,LNH,MATCH_AFTER_DATE_NORMALIZATION
K251590,FDA_AI_LIST_2026-06-29,208,QAS,MATCH_AFTER_DATE_NORMALIZATION
K251837,FDA_AI_LIST_2026-06-29,209,QIH,MATCH_AFTER_DATE_NORMALIZATION
K251481,FDA_AI_LIST_2026-06-29,210,IYN,MATCH_AFTER_DATE_NORMALIZATION
K251747,FDA_AI_LIST_2026-06-29,211,QIH,MATCH_AFTER_DATE_NORMALIZATION
K250818,FDA_AI_LIST_2026-06-29,212,QRG,MATCH_AFTER_DATE_NORMALIZATION
K243851,FDA_AI_LIST_2026-06-29,213,PBH,MATCH_AFTER_DATE_NORMALIZATION
K250755,FDA_AI_LIST_2026-06-29,214,QIH,MATCH_AFTER_DATE_NORMALIZATION
K251494,FDA_AI_LIST_2026-06-29,215,DQD,MATCH_AFTER_DATE_NORMALIZATION
K251873,FDA_AI_LIST_2026-06-29,216,QDQ,MATCH_AFTER_DATE_NORMALIZATION
K251629,FDA_AI_LIST_2026-06-29,217,QIH,MATCH_AFTER_DATE_NORMALIZATION
K250569,FDA_AI_LIST_2026-06-29,218,DPS,MATCH_AFTER_DATE_NORMALIZATION
K250246,FDA_AI_LIST_2026-06-29,219,LNH,MATCH_AFTER_DATE_NORMALIZATION
K250941,FDA_AI_LIST_2026-06-29,220,JAK,MATCH_AFTER_DATE_NORMALIZATION
K243341,FDA_AI_LIST_2026-06-29,221,QDQ,MATCH_AFTER_DATE_NORMALIZATION
K250738,FDA_AI_LIST_2026-06-29,222,KPR,MATCH_AFTER_DATE_NORMALIZATION
DEN240068,FDA_AI_LIST_2026-06-29,223,SFH,MATCH_AFTER_DATE_NORMALIZATION
K243919,FDA_AI_LIST_2026-06-29,224,QIH,MATCH_AFTER_DATE_NORMALIZATION
K250652,FDA_AI_LIST_2026-06-29,225,QYE,MATCH_AFTER_DATE_NORMALIZATION
K251322,FDA_AI_LIST_2026-06-29,226,IYN,MATCH_AFTER_DATE_NORMALIZATION
K251455,FDA_AI_LIST_2026-06-29,227,IYN,MATCH_AFTER_DATE_NORMALIZATION
K243681,FDA_AI_LIST_2026-06-29,228,LLZ,MATCH_AFTER_DATE_NORMALIZATION
K250901,FDA_AI_LIST_2026-06-29,229,LNH,MATCH_AFTER_DATE_NORMALIZATION
K250686,FDA_AI_LIST_2026-06-29,230,LLZ,MATCH_AFTER_DATE_NORMALIZATION
K250902,FDA_AI_LIST_2026-06-29,231,PJA,MATCH_AFTER_DATE_NORMALIZATION
K250999,FDA_AI_LIST_2026-06-29,232,IYN,MATCH_AFTER_DATE_NORMALIZATION
K243547,FDA_AI_LIST_2026-06-29,233,LNH,MATCH_AFTER_DATE_NORMALIZATION
K251839,FDA_AI_LIST_2026-06-29,234,KPS,MATCH_AFTER_DATE_NORMALIZATION
K243397,FDA_AI_LIST_2026-06-29,235,LNH,MATCH_AFTER_DATE_NORMALIZATION
K251151,FDA_AI_LIST_2026-06-29,236,QAS,MATCH_AFTER_DATE_NORMALIZATION
K251342,FDA_AI_LIST_2026-06-29,237,QIH,MATCH_AFTER_DATE_NORMALIZATION
K250119,FDA_AI_LIST_2026-06-29,238,QYE,MATCH_AFTER_DATE_NORMALIZATION
K251096,FDA_AI_LIST_2026-06-29,239,QIH,MATCH_AFTER_DATE_NORMALIZATION
K250660,FDA_AI_LIST_2026-06-29,240,OWB,MATCH_AFTER_DATE_NORMALIZATION
K251169,FDA_AI_LIST_2026-06-29,241,IYN,MATCH_AFTER_DATE_NORMALIZATION
K251766,FDA_AI_LIST_2026-06-29,242,QIH,MATCH_AFTER_DATE_NORMALIZATION
K243884,FDA_AI_LIST_2026-06-29,243,OWB,MATCH_AFTER_DATE_NORMALIZATION
K243679,FDA_AI_LIST_2026-06-29,244,QDQ,MATCH_AFTER_DATE_NORMALIZATION
K251528,FDA_AI_LIST_2026-06-29,245,QIH,MATCH_AFTER_DATE_NORMALIZATION
K250221,FDA_AI_LIST_2026-06-29,246,POK,MATCH_AFTER_DATE_NORMALIZATION
K243779,FDA_AI_LIST_2026-06-29,247,QIH,MATCH_AFTER_DATE_NORMALIZATION
K250096,FDA_AI_LIST_2026-06-29,248,QBC,MATCH_AFTER_DATE_NORMALIZATION
K250484,FDA_AI_LIST_2026-06-29,249,QIH,MATCH_AFTER_DATE_NORMALIZATION
K243647,FDA_AI_LIST_2026-06-29,250,QIH,MATCH_AFTER_DATE_NORMALIZATION
K250670,FDA_AI_LIST_2026-06-29,251,QIH,MATCH_AFTER_DATE_NORMALIZATION
K250984,FDA_AI_LIST_2026-06-29,252,QZB,MATCH_AFTER_DATE_NORMALIZATION
K243144,FDA_AI_LIST_2026-06-29,253,JOY,MATCH_AFTER_DATE_NORMALIZATION
K250268,FDA_AI_LIST_2026-06-29,254,SFE,MATCH_AFTER_DATE_NORMALIZATION
K250877,FDA_AI_LIST_2026-06-29,255,OLO,MATCH_AFTER_DATE_NORMALIZATION
K250151,FDA_AI_LIST_2026-06-29,256,SDJ,MATCH_AFTER_DATE_NORMALIZATION
K250515,FDA_AI_LIST_2026-06-29,257,POS,MATCH_AFTER_DATE_NORMALIZATION
K250886,FDA_AI_LIST_2026-06-29,258,IYN,MATCH_AFTER_DATE_NORMALIZATION
K243253,FDA_AI_LIST_2026-06-29,259,IYN,MATCH_AFTER_DATE_NORMALIZATION
K243672,FDA_AI_LIST_2026-06-29,260,JAK,MATCH_AFTER_DATE_NORMALIZATION
K250440,FDA_AI_LIST_2026-06-29,261,MUJ,MATCH_AFTER_DATE_NORMALIZATION
K250436,FDA_AI_LIST_2026-06-29,262,LNH,MATCH_AFTER_DATE_NORMALIZATION
K250443,FDA_AI_LIST_2026-06-29,263,LNH,MATCH_AFTER_DATE_NORMALIZATION
K250685,FDA_AI_LIST_2026-06-29,264,QAS,MATCH_AFTER_DATE_NORMALIZATION
K240795,FDA_AI_LIST_2026-06-29,265,QDA,MATCH_AFTER_DATE_NORMALIZATION
K243633,FDA_AI_LIST_2026-06-29,266,QIH,MATCH_AFTER_DATE_NORMALIZATION
K243234,FDA_AI_LIST_2026-06-29,267,MYN,MATCH_AFTER_DATE_NORMALIZATION
K251153,FDA_AI_LIST_2026-06-29,268,KPS,MATCH_AFTER_DATE_NORMALIZATION
K250354,FDA_AI_LIST_2026-06-29,269,QIH,MATCH_AFTER_DATE_NORMALIZATION
K251009,FDA_AI_LIST_2026-06-29,270,QIH,MATCH_AFTER_DATE_NORMALIZATION
K242737,FDA_AI_LIST_2026-06-29,271,MWI,MATCH_AFTER_DATE_NORMALIZATION
K251456,FDA_AI_LIST_2026-06-29,272,QIH,MATCH_AFTER_DATE_NORMALIZATION
K243667,FDA_AI_LIST_2026-06-29,273,LNH,MATCH_AFTER_DATE_NORMALIZATION
K251397,FDA_AI_LIST_2026-06-29,274,LNH,MATCH_AFTER_DATE_NORMALIZATION
K243810,FDA_AI_LIST_2026-06-29,275,QIH,MATCH_AFTER_DATE_NORMALIZATION
K250749,FDA_AI_LIST_2026-06-29,276,DQK,MATCH_AFTER_DATE_NORMALIZATION
K243005,FDA_AI_LIST_2026-06-29,277,QIH,MATCH_AFTER_DATE_NORMALIZATION
K250236,FDA_AI_LIST_2026-06-29,278,LNH,MATCH_AFTER_DATE_NORMALIZATION
K243863,FDA_AI_LIST_2026-06-29,279,QIH,MATCH_AFTER_DATE_NORMALIZATION
DEN240047,FDA_AI_LIST_2026-06-29,280,SEZ,MATCH_AFTER_DATE_NORMALIZATION
K251406,FDA_AI_LIST_2026-06-29,281,QAS,MATCH_AFTER_DATE_NORMALIZATION
K242830,FDA_AI_LIST_2026-06-29,282,POV,MATCH_AFTER_DATE_NORMALIZATION
K250543,FDA_AI_LIST_2026-06-29,283,IYN,MATCH_AFTER_DATE_NORMALIZATION
K250367,FDA_AI_LIST_2026-06-29,284,QIH,MATCH_AFTER_DATE_NORMALIZATION
K250427,FDA_AI_LIST_2026-06-29,285,QKB,MATCH_AFTER_DATE_NORMALIZATION
K243378,FDA_AI_LIST_2026-06-29,286,QIH,MATCH_AFTER_DATE_NORMALIZATION
K250932,FDA_AI_LIST_2026-06-29,287,DQK,MATCH_AFTER_DATE_NORMALIZATION
K243937,FDA_AI_LIST_2026-06-29,288,IYO,MATCH_AFTER_DATE_NORMALIZATION
K242594,FDA_AI_LIST_2026-06-29,289,IYN,MATCH_AFTER_DATE_NORMALIZATION
K250005,FDA_AI_LIST_2026-06-29,290,QIH,MATCH_AFTER_DATE_NORMALIZATION
K243989,FDA_AI_LIST_2026-06-29,291,QIH,MATCH_AFTER_DATE_NORMALIZATION
K243793,FDA_AI_LIST_2026-06-29,292,IYN,MATCH_AFTER_DATE_NORMALIZATION
K243762,FDA_AI_LIST_2026-06-29,293,QIH,MATCH_AFTER_DATE_NORMALIZATION
K243866,FDA_AI_LIST_2026-06-29,294,SDJ,MATCH_AFTER_DATE_NORMALIZATION
K243122,FDA_AI_LIST_2026-06-29,295,LNH,MATCH_AFTER_DATE_NORMALIZATION
K251276,FDA_AI_LIST_2026-06-29,296,LNH,MATCH_AFTER_DATE_NORMALIZATION
K250370,FDA_AI_LIST_2026-06-29,297,JAK,MATCH_AFTER_DATE_NORMALIZATION
K243617,FDA_AI_LIST_2026-06-29,298,JAK,MATCH_AFTER_DATE_NORMALIZATION
K241671,FDA_AI_LIST_2026-06-29,299,IYN,MATCH_AFTER_DATE_NORMALIZATION
K250086,FDA_AI_LIST_2026-06-29,300,OLO,MATCH_AFTER_DATE_NORMALIZATION
K240554,FDA_AI_LIST_2026-06-29,301,OEB,MATCH_AFTER_DATE_NORMALIZATION
K242437,FDA_AI_LIST_2026-06-29,302,MYN,MATCH_AFTER_DATE_NORMALIZATION
K242624,FDA_AI_LIST_2026-06-29,303,QIH,MATCH_AFTER_DATE_NORMALIZATION
K243812,FDA_AI_LIST_2026-06-29,304,DQK,MATCH_AFTER_DATE_NORMALIZATION
K242388,FDA_AI_LIST_2026-06-29,305,POV,MATCH_AFTER_DATE_NORMALIZATION
K251110,FDA_AI_LIST_2026-06-29,306,IYN,MATCH_AFTER_DATE_NORMALIZATION
K251126,FDA_AI_LIST_2026-06-29,307,QNP,MATCH_AFTER_DATE_NORMALIZATION
K243230,FDA_AI_LIST_2026-06-29,308,QIH,MATCH_AFTER_DATE_NORMALIZATION
K250226,FDA_AI_LIST_2026-06-29,309,QIH,MATCH_AFTER_DATE_NORMALIZATION
K243684,FDA_AI_LIST_2026-06-29,310,QIH,MATCH_AFTER_DATE_NORMALIZATION
K243893,FDA_AI_LIST_2026-06-29,311,MYN,MATCH_AFTER_DATE_NORMALIZATION
K251071,FDA_AI_LIST_2026-06-29,312,POK,MATCH_AFTER_DATE_NORMALIZATION
K242583,FDA_AI_LIST_2026-06-29,313,DSH,MATCH_AFTER_DATE_NORMALIZATION
K250087,FDA_AI_LIST_2026-06-29,314,IYN,MATCH_AFTER_DATE_NORMALIZATION
P230022,FDA_AI_LIST_2026-06-29,315,MVK,MATCH_AFTER_DATE_NORMALIZATION
K250328,FDA_AI_LIST_2026-06-29,316,QIH,MATCH_AFTER_DATE_NORMALIZATION
K243376,FDA_AI_LIST_2026-06-29,317,OWB,MATCH_AFTER_DATE_NORMALIZATION
K243239,FDA_AI_LIST_2026-06-29,318,MYN,MATCH_AFTER_DATE_NORMALIZATION
K250831,FDA_AI_LIST_2026-06-29,319,QFM,MATCH_AFTER_DATE_NORMALIZATION
K243651,FDA_AI_LIST_2026-06-29,320,LLZ,MATCH_AFTER_DATE_NORMALIZATION
K243878,FDA_AI_LIST_2026-06-29,321,QER,MATCH_AFTER_DATE_NORMALIZATION
K242129,FDA_AI_LIST_2026-06-29,322,DQK,MATCH_AFTER_DATE_NORMALIZATION
K242500,FDA_AI_LIST_2026-06-29,323,QIH,MATCH_AFTER_DATE_NORMALIZATION
K243853,FDA_AI_LIST_2026-06-29,324,QIH,MATCH_AFTER_DATE_NORMALIZATION
K250650,FDA_AI_LIST_2026-06-29,325,JAK,MATCH_AFTER_DATE_NORMALIZATION
K250416,FDA_AI_LIST_2026-06-29,326,QIH,MATCH_AFTER_DATE_NORMALIZATION
K243558,FDA_AI_LIST_2026-06-29,327,QPF,MATCH_AFTER_DATE_NORMALIZATION
K242748,FDA_AI_LIST_2026-06-29,328,MUJ,MATCH_AFTER_DATE_NORMALIZATION
K242600,FDA_AI_LIST_2026-06-29,329,MYN,MATCH_AFTER_DATE_NORMALIZATION
K243145,FDA_AI_LIST_2026-06-29,330,QAS,MATCH_AFTER_DATE_NORMALIZATION
K250177,FDA_AI_LIST_2026-06-29,331,IYN,MATCH_AFTER_DATE_NORMALIZATION
K250754,FDA_AI_LIST_2026-06-29,332,QIH,MATCH_AFTER_DATE_NORMALIZATION
K243743,FDA_AI_LIST_2026-06-29,333,OMB,MATCH_AFTER_DATE_NORMALIZATION
K242295,FDA_AI_LIST_2026-06-29,334,KGI,MATCH_AFTER_DATE_NORMALIZATION
K243567,FDA_AI_LIST_2026-06-29,335,PHZ,MATCH_AFTER_DATE_NORMALIZATION
K242807,FDA_AI_LIST_2026-06-29,336,QJU,MATCH_AFTER_DATE_NORMALIZATION
K240398,FDA_AI_LIST_2026-06-29,337,MUJ,MATCH_AFTER_DATE_NORMALIZATION
K243769,FDA_AI_LIST_2026-06-29,338,QHA,MATCH_AFTER_DATE_NORMALIZATION
K241982,FDA_AI_LIST_2026-06-29,339,QIH,MATCH_AFTER_DATE_NORMALIZATION
K242551,FDA_AI_LIST_2026-06-29,340,QIH,MATCH_AFTER_DATE_NORMALIZATION
K241984,FDA_AI_LIST_2026-06-29,341,QIH,MATCH_AFTER_DATE_NORMALIZATION
K242925,FDA_AI_LIST_2026-06-29,342,QKB,MATCH_AFTER_DATE_NORMALIZATION
K242166,FDA_AI_LIST_2026-06-29,343,QIH,MATCH_AFTER_DATE_NORMALIZATION
K242745,FDA_AI_LIST_2026-06-29,344,QKB,MATCH_AFTER_DATE_NORMALIZATION
K243038,FDA_AI_LIST_2026-06-29,345,QIH,MATCH_AFTER_DATE_NORMALIZATION
K242919,FDA_AI_LIST_2026-06-29,346,OEB,MATCH_AFTER_DATE_NORMALIZATION
K243891,FDA_AI_LIST_2026-06-29,347,QPF,MATCH_AFTER_DATE_NORMALIZATION
K243831,FDA_AI_LIST_2026-06-29,348,MYN,MATCH_AFTER_DATE_NORMALIZATION
K243808,FDA_AI_LIST_2026-06-29,349,QFM,MATCH_AFTER_DATE_NORMALIZATION
K250186,FDA_AI_LIST_2026-06-29,350,MAX,MATCH_AFTER_DATE_NORMALIZATION
K241961,FDA_AI_LIST_2026-06-29,351,QIH,MATCH_AFTER_DATE_NORMALIZATION
K243292,FDA_AI_LIST_2026-06-29,352,LLZ,MATCH_AFTER_DATE_NORMALIZATION
K243689,FDA_AI_LIST_2026-06-29,353,QIH,MATCH_AFTER_DATE_NORMALIZATION
K250042,FDA_AI_LIST_2026-06-29,354,QIH,MATCH_AFTER_DATE_NORMALIZATION
K242683,FDA_AI_LIST_2026-06-29,355,QDQ,MATCH_AFTER_DATE_NORMALIZATION
K243862,FDA_AI_LIST_2026-06-29,356,QIH,MATCH_AFTER_DATE_NORMALIZATION
K250379,FDA_AI_LIST_2026-06-29,357,LNH,MATCH_AFTER_DATE_NORMALIZATION
K241960,FDA_AI_LIST_2026-06-29,358,OLZ,MATCH_AFTER_DATE_NORMALIZATION
K242323,FDA_AI_LIST_2026-06-29,359,QZB,MATCH_AFTER_DATE_NORMALIZATION
K250255,FDA_AI_LIST_2026-06-29,360,SBF,MATCH_AFTER_DATE_NORMALIZATION
K241725,FDA_AI_LIST_2026-06-29,361,MYN,MATCH_AFTER_DATE_NORMALIZATION
K242338,FDA_AI_LIST_2026-06-29,362,QIH,MATCH_AFTER_DATE_NORMALIZATION
K243331,FDA_AI_LIST_2026-06-29,363,QIH,MATCH_AFTER_DATE_NORMALIZATION
K241770,FDA_AI_LIST_2026-06-29,364,QDQ,MATCH_AFTER_DATE_NORMALIZATION
K243933,FDA_AI_LIST_2026-06-29,365,QIH,MATCH_AFTER_DATE_NORMALIZATION
K243235,FDA_AI_LIST_2026-06-29,366,QIH,MATCH_AFTER_DATE_NORMALIZATION
K243611,FDA_AI_LIST_2026-06-29,367,QAS,MATCH_AFTER_DATE_NORMALIZATION
K241922,FDA_AI_LIST_2026-06-29,368,QIH,MATCH_AFTER_DATE_NORMALIZATION
K242798,FDA_AI_LIST_2026-06-29,369,BZQ,MATCH_AFTER_DATE_NORMALIZATION
K241620,FDA_AI_LIST_2026-06-29,370,MYN,MATCH_AFTER_DATE_NORMALIZATION
K241546,FDA_AI_LIST_2026-06-29,371,LLZ,MATCH_AFTER_DATE_NORMALIZATION
K241222,FDA_AI_LIST_2026-06-29,372,QIH,MATCH_AFTER_DATE_NORMALIZATION
K242967,FDA_AI_LIST_2026-06-29,373,SDY,MATCH_AFTER_DATE_NORMALIZATION
K243446,FDA_AI_LIST_2026-06-29,374,OWB,MATCH_AFTER_DATE_NORMALIZATION
K242822,FDA_AI_LIST_2026-06-29,375,MUJ,MATCH_AFTER_DATE_NORMALIZATION
K242994,FDA_AI_LIST_2026-06-29,376,QKB,MATCH_AFTER_DATE_NORMALIZATION
K242838,FDA_AI_LIST_2026-06-29,377,LLZ,MATCH_AFTER_DATE_NORMALIZATION
K242607,FDA_AI_LIST_2026-06-29,378,QIH,MATCH_AFTER_DATE_NORMALIZATION
K243614,FDA_AI_LIST_2026-06-29,379,POK,MATCH_AFTER_DATE_NORMALIZATION
K242821,FDA_AI_LIST_2026-06-29,380,QAS,MATCH_AFTER_DATE_NORMALIZATION
K242447,FDA_AI_LIST_2026-06-29,381,OLV,MATCH_AFTER_DATE_NORMALIZATION
K242240,FDA_AI_LIST_2026-06-29,382,LLZ,MATCH_AFTER_DATE_NORMALIZATION
K250248,FDA_AI_LIST_2026-06-29,383,QAS,MATCH_AFTER_DATE_NORMALIZATION
K243294,FDA_AI_LIST_2026-06-29,384,POK,MATCH_AFTER_DATE_NORMALIZATION
K243696,FDA_AI_LIST_2026-06-29,385,QIH,MATCH_AFTER_DATE_NORMALIZATION
K243702,FDA_AI_LIST_2026-06-29,386,IYN,MATCH_AFTER_DATE_NORMALIZATION
K243523,FDA_AI_LIST_2026-06-29,387,JAK,MATCH_AFTER_DATE_NORMALIZATION
K243250,FDA_AI_LIST_2026-06-29,388,QIH,MATCH_AFTER_DATE_NORMALIZATION
K243628,FDA_AI_LIST_2026-06-29,389,IYN,MATCH_AFTER_DATE_NORMALIZATION
K243620,FDA_AI_LIST_2026-06-29,390,IYN,MATCH_AFTER_DATE_NORMALIZATION
K241659,FDA_AI_LIST_2026-06-29,391,QIH,MATCH_AFTER_DATE_NORMALIZATION
K243794,FDA_AI_LIST_2026-06-29,392,IYN,MATCH_AFTER_DATE_NORMALIZATION
K241593,FDA_AI_LIST_2026-06-29,393,QIH,MATCH_AFTER_DATE_NORMALIZATION
K250035,FDA_AI_LIST_2026-06-29,394,QKB,MATCH_AFTER_DATE_NORMALIZATION
K243268,FDA_AI_LIST_2026-06-29,395,MNR,MATCH_AFTER_DATE_NORMALIZATION
K241292,FDA_AI_LIST_2026-06-29,396,KWS,MATCH_AFTER_DATE_NORMALIZATION
K243042,FDA_AI_LIST_2026-06-29,397,GEH,MATCH_AFTER_DATE_NORMALIZATION
K244027,FDA_AI_LIST_2026-06-29,398,MNR,MATCH_AFTER_DATE_NORMALIZATION
K243229,FDA_AI_LIST_2026-06-29,399,JAK,MATCH_AFTER_DATE_NORMALIZATION
K243657,FDA_AI_LIST_2026-06-29,400,HAW,MATCH_AFTER_DATE_NORMALIZATION
K244023,FDA_AI_LIST_2026-06-29,401,QNP,MATCH_AFTER_DATE_NORMALIZATION
K241232,FDA_AI_LIST_2026-06-29,402,QPN,MATCH_AFTER_DATE_NORMALIZATION
K243158,FDA_AI_LIST_2026-06-29,403,QIH,MATCH_AFTER_DATE_NORMALIZATION
K243350,FDA_AI_LIST_2026-06-29,404,QIH,MATCH_AFTER_DATE_NORMALIZATION
K243955,FDA_AI_LIST_2026-06-29,405,QHE,MATCH_AFTER_DATE_NORMALIZATION
K242825,FDA_AI_LIST_2026-06-29,406,LNH,MATCH_AFTER_DATE_NORMALIZATION
K242171,FDA_AI_LIST_2026-06-29,407,QBS,MATCH_AFTER_DATE_NORMALIZATION
K241949,FDA_AI_LIST_2026-06-29,408,IYN,MATCH_AFTER_DATE_NORMALIZATION
K242522,FDA_AI_LIST_2026-06-29,409,MYN,MATCH_AFTER_DATE_NORMALIZATION
K243065,FDA_AI_LIST_2026-06-29,410,QJU,MATCH_AFTER_DATE_NORMALIZATION
K241166,FDA_AI_LIST_2026-06-29,411,JAK,MATCH_AFTER_DATE_NORMALIZATION
K241200,FDA_AI_LIST_2026-06-29,412,JAK,MATCH_AFTER_DATE_NORMALIZATION
K243950,FDA_AI_LIST_2026-06-29,413,SBF,MATCH_AFTER_DATE_NORMALIZATION
K241009,FDA_AI_LIST_2026-06-29,414,HGM,MATCH_AFTER_DATE_NORMALIZATION
K241891,FDA_AI_LIST_2026-06-29,415,QWO,MATCH_AFTER_DATE_NORMALIZATION
K241676,FDA_AI_LIST_2026-06-29,416,PRE,MATCH_AFTER_DATE_NORMALIZATION
K243335,FDA_AI_LIST_2026-06-29,417,LNH,MATCH_AFTER_DATE_NORMALIZATION
K241079,FDA_AI_LIST_2026-06-29,418,JAK,MATCH_AFTER_DATE_NORMALIZATION
K242488,FDA_AI_LIST_2026-06-29,419,JAA,MATCH_AFTER_DATE_NORMALIZATION
K243481,FDA_AI_LIST_2026-06-29,420,OLO,MATCH_AFTER_DATE_NORMALIZATION
K242123,FDA_AI_LIST_2026-06-29,421,LLZ,MATCH_AFTER_DATE_NORMALIZATION
K241350,FDA_AI_LIST_2026-06-29,422,LLZ,MATCH_AFTER_DATE_NORMALIZATION
K243363,FDA_AI_LIST_2026-06-29,423,QAS,MATCH_AFTER_DATE_NORMALIZATION
K241696,FDA_AI_LIST_2026-06-29,424,QIH,MATCH_AFTER_DATE_NORMALIZATION
K242334,FDA_AI_LIST_2026-06-29,425,QIH,MATCH_AFTER_DATE_NORMALIZATION
K242480,FDA_AI_LIST_2026-06-29,426,HAW,MATCH_AFTER_DATE_NORMALIZATION
K242403,FDA_AI_LIST_2026-06-29,427,JAK,MATCH_AFTER_DATE_NORMALIZATION
K242168,FDA_AI_LIST_2026-06-29,428,IYN,MATCH_AFTER_DATE_NORMALIZATION
K242362,FDA_AI_LIST_2026-06-29,429,LLZ,MATCH_AFTER_DATE_NORMALIZATION
K243705,FDA_AI_LIST_2026-06-29,430,QIH,MATCH_AFTER_DATE_NORMALIZATION
K242270,FDA_AI_LIST_2026-06-29,431,QIH,MATCH_AFTER_DATE_NORMALIZATION
K242467,FDA_AI_LIST_2026-06-29,432,QWO,MATCH_AFTER_DATE_NORMALIZATION
K243688,FDA_AI_LIST_2026-06-29,433,QDQ,MATCH_AFTER_DATE_NORMALIZATION
K240793,FDA_AI_LIST_2026-06-29,434,QIH,MATCH_AFTER_DATE_NORMALIZATION
K242020,FDA_AI_LIST_2026-06-29,435,IYN,MATCH_AFTER_DATE_NORMALIZATION
K243538,FDA_AI_LIST_2026-06-29,436,KPS,MATCH_AFTER_DATE_NORMALIZATION
K243548,FDA_AI_LIST_2026-06-29,437,QFM,MATCH_AFTER_DATE_NORMALIZATION
K242461,FDA_AI_LIST_2026-06-29,438,QIH,MATCH_AFTER_DATE_NORMALIZATION
K242511,FDA_AI_LIST_2026-06-29,439,IYN,MATCH_AFTER_DATE_NORMALIZATION
K242729,FDA_AI_LIST_2026-06-29,440,QKB,MATCH_AFTER_DATE_NORMALIZATION
K241543,FDA_AI_LIST_2026-06-29,441,QIH,MATCH_AFTER_DATE_NORMALIZATION
K241923,FDA_AI_LIST_2026-06-29,442,QAS,MATCH_AFTER_DATE_NORMALIZATION
K240680,FDA_AI_LIST_2026-06-29,443,QIH,MATCH_AFTER_DATE_NORMALIZATION
K240926,FDA_AI_LIST_2026-06-29,444,LLZ,MATCH_AFTER_DATE_NORMALIZATION
K241197,FDA_AI_LIST_2026-06-29,445,DQK,MATCH_AFTER_DATE_NORMALIZATION
K242188,FDA_AI_LIST_2026-06-29,446,JAK,MATCH_AFTER_DATE_NORMALIZATION
K240645,FDA_AI_LIST_2026-06-29,447,QIH,MATCH_AFTER_DATE_NORMALIZATION
K242444,FDA_AI_LIST_2026-06-29,448,IYN,MATCH_AFTER_DATE_NORMALIZATION
K241390,FDA_AI_LIST_2026-06-29,449,OMB,MATCH_AFTER_DATE_NORMALIZATION
K241831,FDA_AI_LIST_2026-06-29,450,QDQ,MATCH_AFTER_DATE_NORMALIZATION
K242203,FDA_AI_LIST_2026-06-29,451,QIH,MATCH_AFTER_DATE_NORMALIZATION
K242094,FDA_AI_LIST_2026-06-29,452,OLZ,MATCH_AFTER_DATE_NORMALIZATION
K242359,FDA_AI_LIST_2026-06-29,453,QIH,MATCH_AFTER_DATE_NORMALIZATION
K242523,FDA_AI_LIST_2026-06-29,454,IYN,MATCH_AFTER_DATE_NORMALIZATION
K241633,FDA_AI_LIST_2026-06-29,455,QME,MATCH_AFTER_DATE_NORMALIZATION
K241747,FDA_AI_LIST_2026-06-29,456,QDQ,MATCH_AFTER_DATE_NORMALIZATION
K242130,FDA_AI_LIST_2026-06-29,457,POK,MATCH_AFTER_DATE_NORMALIZATION
K241439,FDA_AI_LIST_2026-06-29,458,QFM,MATCH_AFTER_DATE_NORMALIZATION
K242800,FDA_AI_LIST_2026-06-29,459,IYN,MATCH_AFTER_DATE_NORMALIZATION
K242062,FDA_AI_LIST_2026-06-29,460,LLZ,MATCH_AFTER_DATE_NORMALIZATION
K240860,FDA_AI_LIST_2026-06-29,461,SDJ,MATCH_AFTER_DATE_NORMALIZATION
K242342,FDA_AI_LIST_2026-06-29,462,POK,MATCH_AFTER_DATE_NORMALIZATION
K240417,FDA_AI_LIST_2026-06-29,463,QDQ,MATCH_AFTER_DATE_NORMALIZATION
K241719,FDA_AI_LIST_2026-06-29,464,QAS,MATCH_AFTER_DATE_NORMALIZATION
K240712,FDA_AI_LIST_2026-06-29,465,QBS,MATCH_AFTER_DATE_NORMALIZATION
K241312,FDA_AI_LIST_2026-06-29,466,QIH,MATCH_AFTER_DATE_NORMALIZATION
K241108,FDA_AI_LIST_2026-06-29,467,QIH,MATCH_AFTER_DATE_NORMALIZATION
K243189,FDA_AI_LIST_2026-06-29,468,QIH,MATCH_AFTER_DATE_NORMALIZATION
K242215,FDA_AI_LIST_2026-06-29,469,QIH,MATCH_AFTER_DATE_NORMALIZATION
K243209,FDA_AI_LIST_2026-06-29,470,LLZ,MATCH_AFTER_DATE_NORMALIZATION
K241490,FDA_AI_LIST_2026-06-29,471,QKB,MATCH_AFTER_DATE_NORMALIZATION
K242837,FDA_AI_LIST_2026-06-29,472,QAS,MATCH_AFTER_DATE_NORMALIZATION
K241242,FDA_AI_LIST_2026-06-29,473,LNH,MATCH_AFTER_DATE_NORMALIZATION
K240408,FDA_AI_LIST_2026-06-29,474,OMB,MATCH_AFTER_DATE_NORMALIZATION
K241481,FDA_AI_LIST_2026-06-29,475,SBF,MATCH_AFTER_DATE_NORMALIZATION
K242781,FDA_AI_LIST_2026-06-29,476,QIH,MATCH_AFTER_DATE_NORMALIZATION
K241971,FDA_AI_LIST_2026-06-29,477,IYN,MATCH_AFTER_DATE_NORMALIZATION
K241430,FDA_AI_LIST_2026-06-29,478,QIH,MATCH_AFTER_DATE_NORMALIZATION
K241837,FDA_AI_LIST_2026-06-29,479,QKB,MATCH_AFTER_DATE_NORMALIZATION
K240980,FDA_AI_LIST_2026-06-29,480,IYN,MATCH_AFTER_DATE_NORMALIZATION
K241029,FDA_AI_LIST_2026-06-29,481,IYO,MATCH_AFTER_DATE_NORMALIZATION
K242652,FDA_AI_LIST_2026-06-29,482,QDQ,MATCH_AFTER_DATE_NORMALIZATION
K241245,FDA_AI_LIST_2026-06-29,483,POK,MATCH_AFTER_DATE_NORMALIZATION
K240553,FDA_AI_LIST_2026-06-29,484,QIH,MATCH_AFTER_DATE_NORMALIZATION
K242005,FDA_AI_LIST_2026-06-29,485,IYN,MATCH_AFTER_DATE_NORMALIZATION
K241561,FDA_AI_LIST_2026-06-29,486,QIH,MATCH_AFTER_DATE_NORMALIZATION
K240943,FDA_AI_LIST_2026-06-29,487,QIH,MATCH_AFTER_DATE_NORMALIZATION
K241331,FDA_AI_LIST_2026-06-29,488,LNH,MATCH_AFTER_DATE_NORMALIZATION
K240993,FDA_AI_LIST_2026-06-29,489,OMB,MATCH_AFTER_DATE_NORMALIZATION
K240369,FDA_AI_LIST_2026-06-29,490,JAK,MATCH_AFTER_DATE_NORMALIZATION
K241480,FDA_AI_LIST_2026-06-29,491,QAS,MATCH_AFTER_DATE_NORMALIZATION
K242292,FDA_AI_LIST_2026-06-29,492,QAS,MATCH_AFTER_DATE_NORMALIZATION
K240013,FDA_AI_LIST_2026-06-29,493,QUO,MATCH_AFTER_DATE_NORMALIZATION
P140011/S008,FDA_AI_LIST_2026-06-29,494,OTE,MATCH_AFTER_DATE_NORMALIZATION
K240036,FDA_AI_LIST_2026-06-29,495,QIH,MATCH_AFTER_DATE_NORMALIZATION
K240929,FDA_AI_LIST_2026-06-29,496,QZW,MATCH_AFTER_DATE_NORMALIZATION
K241280,FDA_AI_LIST_2026-06-29,497,QIH,MATCH_AFTER_DATE_NORMALIZATION
K240942,FDA_AI_LIST_2026-06-29,498,QAS,MATCH_AFTER_DATE_NORMALIZATION
K241582,FDA_AI_LIST_2026-06-29,499,IYN,MATCH_AFTER_DATE_NORMALIZATION
K241380,FDA_AI_LIST_2026-06-29,500,IYN,MATCH_AFTER_DATE_NORMALIZATION
K240094,FDA_AI_LIST_2026-06-29,501,QIH,MATCH_AFTER_DATE_NORMALIZATION
K240791,FDA_AI_LIST_2026-06-29,502,QIH,MATCH_AFTER_DATE_NORMALIZATION
K241681,FDA_AI_LIST_2026-06-29,503,QIH,MATCH_AFTER_DATE_NORMALIZATION
K240697,FDA_AI_LIST_2026-06-29,504,QDQ,MATCH_AFTER_DATE_NORMALIZATION
K240411,FDA_AI_LIST_2026-06-29,505,QIH,MATCH_AFTER_DATE_NORMALIZATION
K233998,FDA_AI_LIST_2026-06-29,506,LLZ,MATCH_AFTER_DATE_NORMALIZATION
K233977,FDA_AI_LIST_2026-06-29,507,IYO,MATCH_AFTER_DATE_NORMALIZATION
K240003,FDA_AI_LIST_2026-06-29,508,MYN,MATCH_AFTER_DATE_NORMALIZATION
K241847,FDA_AI_LIST_2026-06-29,509,QIH,MATCH_AFTER_DATE_NORMALIZATION
K241585,FDA_AI_LIST_2026-06-29,510,KPS,MATCH_AFTER_DATE_NORMALIZATION
K242300,FDA_AI_LIST_2026-06-29,511,QIH,MATCH_AFTER_DATE_NORMALIZATION
K242275,FDA_AI_LIST_2026-06-29,512,QIH,MATCH_AFTER_DATE_NORMALIZATION
K233826,FDA_AI_LIST_2026-06-29,513,IYN,MATCH_AFTER_DATE_NORMALIZATION
K241684,FDA_AI_LIST_2026-06-29,514,QIH,MATCH_AFTER_DATE_NORMALIZATION
K241098,FDA_AI_LIST_2026-06-29,515,QIH,MATCH_AFTER_DATE_NORMALIZATION
K240290,FDA_AI_LIST_2026-06-29,516,LLZ,MATCH_AFTER_DATE_NORMALIZATION
K241496,FDA_AI_LIST_2026-06-29,517,LNH,MATCH_AFTER_DATE_NORMALIZATION
K240200,FDA_AI_LIST_2026-06-29,518,PZP,MATCH_AFTER_DATE_NORMALIZATION
K241440,FDA_AI_LIST_2026-06-29,519,JAK,MATCH_AFTER_DATE_NORMALIZATION
K240740,FDA_AI_LIST_2026-06-29,520,QIH,MATCH_AFTER_DATE_NORMALIZATION
K233755,FDA_AI_LIST_2026-06-29,521,DQK,MATCH_AFTER_DATE_NORMALIZATION
K241596,FDA_AI_LIST_2026-06-29,522,KPS,MATCH_AFTER_DATE_NORMALIZATION
K241211,FDA_AI_LIST_2026-06-29,523,QIH,MATCH_AFTER_DATE_NORMALIZATION
K241429,FDA_AI_LIST_2026-06-29,524,LNH,MATCH_AFTER_DATE_NORMALIZATION
K242054,FDA_AI_LIST_2026-06-29,525,QIH,MATCH_AFTER_DATE_NORMALIZATION
K233822,FDA_AI_LIST_2026-06-29,526,QIH,MATCH_AFTER_DATE_NORMALIZATION
K241665,FDA_AI_LIST_2026-06-29,527,KPS,MATCH_AFTER_DATE_NORMALIZATION
K233992,FDA_AI_LIST_2026-06-29,528,QHE,MATCH_AFTER_DATE_NORMALIZATION
K240953,FDA_AI_LIST_2026-06-29,529,QIH,MATCH_AFTER_DATE_NORMALIZATION
K233984,FDA_AI_LIST_2026-06-29,530,QMS,MATCH_AFTER_DATE_NORMALIZATION
K234141,FDA_AI_LIST_2026-06-29,531,POK,MATCH_AFTER_DATE_NORMALIZATION
K233731,FDA_AI_LIST_2026-06-29,532,JAK,MATCH_AFTER_DATE_NORMALIZATION
K240301,FDA_AI_LIST_2026-06-29,533,QDQ,MATCH_AFTER_DATE_NORMALIZATION
K241887,FDA_AI_LIST_2026-06-29,534,QNP,MATCH_AFTER_DATE_NORMALIZATION
K240044,FDA_AI_LIST_2026-06-29,535,QNP,MATCH_AFTER_DATE_NORMALIZATION
K240704,FDA_AI_LIST_2026-06-29,536,IYN,MATCH_AFTER_DATE_NORMALIZATION
K240845,FDA_AI_LIST_2026-06-29,537,QBS,MATCH_AFTER_DATE_NORMALIZATION
K241121,FDA_AI_LIST_2026-06-29,538,LLZ,MATCH_AFTER_DATE_NORMALIZATION
K240944,FDA_AI_LIST_2026-06-29,539,LNH,MATCH_AFTER_DATE_NORMALIZATION
K240285,FDA_AI_LIST_2026-06-29,540,MNR,MATCH_AFTER_DATE_NORMALIZATION
K234009,FDA_AI_LIST_2026-06-29,541,QIH,MATCH_AFTER_DATE_NORMALIZATION
K233457,FDA_AI_LIST_2026-06-29,542,QIH,MATCH_AFTER_DATE_NORMALIZATION
K241727,FDA_AI_LIST_2026-06-29,543,QAS,MATCH_AFTER_DATE_NORMALIZATION
K241329,FDA_AI_LIST_2026-06-29,544,QIH,MATCH_AFTER_DATE_NORMALIZATION
K241508,FDA_AI_LIST_2026-06-29,545,QNP,MATCH_AFTER_DATE_NORMALIZATION
K240736,FDA_AI_LIST_2026-06-29,546,QIH,MATCH_AFTER_DATE_NORMALIZATION
K240555,FDA_AI_LIST_2026-06-29,547,PHZ,MATCH_AFTER_DATE_NORMALIZATION
K240353,FDA_AI_LIST_2026-06-29,548,QAS,MATCH_AFTER_DATE_NORMALIZATION
K240582,FDA_AI_LIST_2026-06-29,549,QIH,MATCH_AFTER_DATE_NORMALIZATION
K233253,FDA_AI_LIST_2026-06-29,550,QNL,MATCH_AFTER_DATE_NORMALIZATION
K240631,FDA_AI_LIST_2026-06-29,551,IYN,MATCH_AFTER_DATE_NORMALIZATION
K240465,FDA_AI_LIST_2026-06-29,552,OWB,MATCH_AFTER_DATE_NORMALIZATION
K233196,FDA_AI_LIST_2026-06-29,553,QIH,MATCH_AFTER_DATE_NORMALIZATION
K233549,FDA_AI_LIST_2026-06-29,554,SBQ,MATCH_AFTER_DATE_NORMALIZATION
K240642,FDA_AI_LIST_2026-06-29,555,QIH,MATCH_AFTER_DATE_NORMALIZATION
K241083,FDA_AI_LIST_2026-06-29,556,QIH,MATCH_AFTER_DATE_NORMALIZATION
K233955,FDA_AI_LIST_2026-06-29,557,IYN,MATCH_AFTER_DATE_NORMALIZATION
K233662,FDA_AI_LIST_2026-06-29,558,KPR,MATCH_AFTER_DATE_NORMALIZATION
K233925,FDA_AI_LIST_2026-06-29,559,QIH,MATCH_AFTER_DATE_NORMALIZATION
K240516,FDA_AI_LIST_2026-06-29,560,IYN,MATCH_AFTER_DATE_NORMALIZATION
K232035,FDA_AI_LIST_2026-06-29,561,DPS,MATCH_AFTER_DATE_NORMALIZATION
K231010,FDA_AI_LIST_2026-06-29,562,MHX,MATCH_AFTER_DATE_NORMALIZATION
K241038,FDA_AI_LIST_2026-06-29,563,QIH,MATCH_AFTER_DATE_NORMALIZATION
K234042,FDA_AI_LIST_2026-06-29,564,QIH,MATCH_AFTER_DATE_NORMALIZATION
K240612,FDA_AI_LIST_2026-06-29,565,QFM,MATCH_AFTER_DATE_NORMALIZATION
K234154,FDA_AI_LIST_2026-06-29,566,OUO,MATCH_AFTER_DATE_NORMALIZATION
K240769,FDA_AI_LIST_2026-06-29,567,QIH,MATCH_AFTER_DATE_NORMALIZATION
K240294,FDA_AI_LIST_2026-06-29,568,LLZ,MATCH_AFTER_DATE_NORMALIZATION
K233108,FDA_AI_LIST_2026-06-29,569,QFM,MATCH_AFTER_DATE_NORMALIZATION
K233543,FDA_AI_LIST_2026-06-29,570,KPR,MATCH_AFTER_DATE_NORMALIZATION
DEN230035,FDA_AI_LIST_2026-06-29,571,SBC,MATCH_AFTER_DATE_NORMALIZATION
K233209,FDA_AI_LIST_2026-06-29,572,QIH,MATCH_AFTER_DATE_NORMALIZATION
K233625,FDA_AI_LIST_2026-06-29,573,PNN,MATCH_AFTER_DATE_NORMALIZATION
K233247,FDA_AI_LIST_2026-06-29,574,QAS,MATCH_AFTER_DATE_NORMALIZATION
K241112,FDA_AI_LIST_2026-06-29,575,QIH,MATCH_AFTER_DATE_NORMALIZATION
DEN230043,FDA_AI_LIST_2026-06-29,576,SAX,MATCH_AFTER_DATE_NORMALIZATION
K232410,FDA_AI_LIST_2026-06-29,577,QFM,MATCH_AFTER_DATE_NORMALIZATION
K233864,FDA_AI_LIST_2026-06-29,578,MWJ,MATCH_AFTER_DATE_NORMALIZATION
K232928,FDA_AI_LIST_2026-06-29,579,QKB,MATCH_AFTER_DATE_NORMALIZATION
K233687,FDA_AI_LIST_2026-06-29,580,LNH,MATCH_AFTER_DATE_NORMALIZATION
K232416,FDA_AI_LIST_2026-06-29,581,LKM,MATCH_AFTER_DATE_NORMALIZATION
K232491,FDA_AI_LIST_2026-06-29,582,JAK,MATCH_AFTER_DATE_NORMALIZATION
K232923,FDA_AI_LIST_2026-06-29,583,IYE,MATCH_AFTER_DATE_NORMALIZATION
K240062,FDA_AI_LIST_2026-06-29,584,OLO,MATCH_AFTER_DATE_NORMALIZATION
K232799,FDA_AI_LIST_2026-06-29,585,MUJ,MATCH_AFTER_DATE_NORMALIZATION
K240406,FDA_AI_LIST_2026-06-29,586,IYN,MATCH_AFTER_DATE_NORMALIZATION
K233673,FDA_AI_LIST_2026-06-29,587,LNH,MATCH_AFTER_DATE_NORMALIZATION
K232331,FDA_AI_LIST_2026-06-29,588,QIH,MATCH_AFTER_DATE_NORMALIZATION
K240850,FDA_AI_LIST_2026-06-29,589,IYN,MATCH_AFTER_DATE_NORMALIZATION
K240058,FDA_AI_LIST_2026-06-29,590,PIB,MATCH_AFTER_DATE_NORMALIZATION
K234068,FDA_AI_LIST_2026-06-29,591,MUJ,MATCH_AFTER_DATE_NORMALIZATION
K233582,FDA_AI_LIST_2026-06-29,592,LLZ,MATCH_AFTER_DATE_NORMALIZATION
K240781,FDA_AI_LIST_2026-06-29,593,QNP,MATCH_AFTER_DATE_NORMALIZATION
K233186,FDA_AI_LIST_2026-06-29,594,QIH,MATCH_AFTER_DATE_NORMALIZATION
K240773,FDA_AI_LIST_2026-06-29,595,QTZ,MATCH_AFTER_DATE_NORMALIZATION
K240238,FDA_AI_LIST_2026-06-29,596,LNH,MATCH_AFTER_DATE_NORMALIZATION
K233698,FDA_AI_LIST_2026-06-29,597,JAK,MATCH_AFTER_DATE_NORMALIZATION
K240744,FDA_AI_LIST_2026-06-29,598,LNH,MATCH_AFTER_DATE_NORMALIZATION
DEN230023,FDA_AI_LIST_2026-06-29,599,SAO,MATCH_AFTER_DATE_NORMALIZATION
K240291,FDA_AI_LIST_2026-06-29,600,QAS,MATCH_AFTER_DATE_NORMALIZATION
K233666,FDA_AI_LIST_2026-06-29,601,SAT,MATCH_AFTER_DATE_NORMALIZATION
K233249,FDA_AI_LIST_2026-06-29,602,SAR,MATCH_AFTER_DATE_NORMALIZATION
K240172,FDA_AI_LIST_2026-06-29,603,QIH,MATCH_AFTER_DATE_NORMALIZATION
K232899,FDA_AI_LIST_2026-06-29,604,QKB,MATCH_AFTER_DATE_NORMALIZATION
K233618,FDA_AI_LIST_2026-06-29,605,LEL,MATCH_AFTER_DATE_NORMALIZATION
DEN230036,FDA_AI_LIST_2026-06-29,606,SAK,MATCH_AFTER_DATE_NORMALIZATION
K232835,FDA_AI_LIST_2026-06-29,607,JAK,MATCH_AFTER_DATE_NORMALIZATION
K233676,FDA_AI_LIST_2026-06-29,608,QIH,MATCH_AFTER_DATE_NORMALIZATION
K233211,FDA_AI_LIST_2026-06-29,609,QIH,MATCH_AFTER_DATE_NORMALIZATION
K233657,FDA_AI_LIST_2026-06-29,610,JAK,MATCH_AFTER_DATE_NORMALIZATION
K233409,FDA_AI_LIST_2026-06-29,611,QYE,MATCH_AFTER_DATE_NORMALIZATION
K233650,FDA_AI_LIST_2026-06-29,612,JAK,MATCH_AFTER_DATE_NORMALIZATION
K232322,FDA_AI_LIST_2026-06-29,613,LNH,MATCH_AFTER_DATE_NORMALIZATION
K232431,FDA_AI_LIST_2026-06-29,614,QAS,MATCH_AFTER_DATE_NORMALIZATION
K240540,FDA_AI_LIST_2026-06-29,615,LNH,MATCH_AFTER_DATE_NORMALIZATION
K233753,FDA_AI_LIST_2026-06-29,616,JAK,MATCH_AFTER_DATE_NORMALIZATION
K234047,FDA_AI_LIST_2026-06-29,617,OLO,MATCH_AFTER_DATE_NORMALIZATION
K233342,FDA_AI_LIST_2026-06-29,618,POK,MATCH_AFTER_DATE_NORMALIZATION
K233968,FDA_AI_LIST_2026-06-29,619,QAS,MATCH_AFTER_DATE_NORMALIZATION
K232140,FDA_AI_LIST_2026-06-29,620,OLO,MATCH_AFTER_DATE_NORMALIZATION
K233438,FDA_AI_LIST_2026-06-29,621,OLZ,MATCH_AFTER_DATE_NORMALIZATION
K233692,FDA_AI_LIST_2026-06-29,622,IYN,MATCH_AFTER_DATE_NORMALIZATION
K231677,FDA_AI_LIST_2026-06-29,623,IYO,MATCH_AFTER_DATE_NORMALIZATION
K233738,FDA_AI_LIST_2026-06-29,624,MYN,MATCH_AFTER_DATE_NORMALIZATION
K233030,FDA_AI_LIST_2026-06-29,625,QIH,MATCH_AFTER_DATE_NORMALIZATION
K231690,FDA_AI_LIST_2026-06-29,626,QIH,MATCH_AFTER_DATE_NORMALIZATION
K232765,FDA_AI_LIST_2026-06-29,627,LNH,MATCH_AFTER_DATE_NORMALIZATION
K231683,FDA_AI_LIST_2026-06-29,628,QIH,MATCH_AFTER_DATE_NORMALIZATION
K232613,FDA_AI_LIST_2026-06-29,629,QIH,MATCH_AFTER_DATE_NORMALIZATION
K233590,FDA_AI_LIST_2026-06-29,630,QIH,MATCH_AFTER_DATE_NORMALIZATION
K233749,FDA_AI_LIST_2026-06-29,631,JAK,MATCH_AFTER_DATE_NORMALIZATION
K232148,FDA_AI_LIST_2026-06-29,632,QRY,MATCH_AFTER_DATE_NORMALIZATION
K232915,FDA_AI_LIST_2026-06-29,633,POS,MATCH_AFTER_DATE_NORMALIZATION
K233788,FDA_AI_LIST_2026-06-29,634,IYN,MATCH_AFTER_DATE_NORMALIZATION
K231855,FDA_AI_LIST_2026-06-29,635,QKB,MATCH_AFTER_DATE_NORMALIZATION
K231355,FDA_AI_LIST_2026-06-29,636,MNR,MATCH_AFTER_DATE_NORMALIZATION
K233080,FDA_AI_LIST_2026-06-29,637,JAK,MATCH_AFTER_DATE_NORMALIZATION
DEN230041,FDA_AI_LIST_2026-06-29,638,QZW,MATCH_AFTER_DATE_NORMALIZATION
K232363,FDA_AI_LIST_2026-06-29,639,QIH,MATCH_AFTER_DATE_NORMALIZATION
DEN210035,FDA_AI_LIST_2026-06-29,640,QYV,MATCH_AFTER_DATE_NORMALIZATION
K231396,FDA_AI_LIST_2026-06-29,641,LLZ,MATCH_AFTER_DATE_NORMALIZATION
K233195,FDA_AI_LIST_2026-06-29,642,IYN,MATCH_AFTER_DATE_NORMALIZATION
K233728,FDA_AI_LIST_2026-06-29,643,LNH,MATCH_AFTER_DATE_NORMALIZATION
K232156,FDA_AI_LIST_2026-06-29,644,POK,MATCH_AFTER_DATE_NORMALIZATION
K232698,FDA_AI_LIST_2026-06-29,645,QIH,MATCH_AFTER_DATE_NORMALIZATION
K231871,FDA_AI_LIST_2026-06-29,646,QFM,MATCH_AFTER_DATE_NORMALIZATION
K233512,FDA_AI_LIST_2026-06-29,647,QIH,MATCH_AFTER_DATE_NORMALIZATION
K233216,FDA_AI_LIST_2026-06-29,648,QNL,MATCH_AFTER_DATE_NORMALIZATION
K233677,FDA_AI_LIST_2026-06-29,649,KPS,MATCH_AFTER_DATE_NORMALIZATION
K233964,FDA_AI_LIST_2026-06-29,650,QNP,MATCH_AFTER_DATE_NORMALIZATION
DEN230008,FDA_AI_LIST_2026-06-29,651,QZS,MATCH_AFTER_DATE_NORMALIZATION
DEN220040,FDA_AI_LIST_2026-06-29,652,QWO,MATCH_AFTER_DATE_NORMALIZATION
DEN220066,FDA_AI_LIST_2026-06-29,653,QWT,MATCH_AFTER_DATE_NORMALIZATION
K232250,FDA_AI_LIST_2026-06-29,654,PBZ,MATCH_AFTER_DATE_NORMALIZATION
K231324,FDA_AI_LIST_2026-06-29,655,QIH,MATCH_AFTER_DATE_NORMALIZATION
K232412,FDA_AI_LIST_2026-06-29,656,JAK,MATCH_AFTER_DATE_NORMALIZATION
K231068,FDA_AI_LIST_2026-06-29,657,OMB,MATCH_AFTER_DATE_NORMALIZATION
K231917,FDA_AI_LIST_2026-06-29,658,QIH,MATCH_AFTER_DATE_NORMALIZATION
K232808,FDA_AI_LIST_2026-06-29,659,IYN,MATCH_AFTER_DATE_NORMALIZATION
K231779,FDA_AI_LIST_2026-06-29,660,OMB,MATCH_AFTER_DATE_NORMALIZATION
K231130,FDA_AI_LIST_2026-06-29,661,QIH,MATCH_AFTER_DATE_NORMALIZATION
K232535,FDA_AI_LIST_2026-06-29,662,LNH,MATCH_AFTER_DATE_NORMALIZATION
K232479,FDA_AI_LIST_2026-06-29,663,MUJ,MATCH_AFTER_DATE_NORMALIZATION
K231805,FDA_AI_LIST_2026-06-29,664,MYN,MATCH_AFTER_DATE_NORMALIZATION
K233112,FDA_AI_LIST_2026-06-29,665,IYN,MATCH_AFTER_DATE_NORMALIZATION
K233176,FDA_AI_LIST_2026-06-29,666,LLZ,MATCH_AFTER_DATE_NORMALIZATION
K230850,FDA_AI_LIST_2026-06-29,667,OOG,MATCH_AFTER_DATE_NORMALIZATION
K231587,FDA_AI_LIST_2026-06-29,668,LNH,MATCH_AFTER_DATE_NORMALIZATION
K231929,FDA_AI_LIST_2026-06-29,669,QIH,MATCH_AFTER_DATE_NORMALIZATION
K230751,FDA_AI_LIST_2026-06-29,670,QNP,MATCH_AFTER_DATE_NORMALIZATION
K232384,FDA_AI_LIST_2026-06-29,671,MYN,MATCH_AFTER_DATE_NORMALIZATION
K231570,FDA_AI_LIST_2026-06-29,672,LLZ,MATCH_AFTER_DATE_NORMALIZATION
K232231,FDA_AI_LIST_2026-06-29,673,QIH,MATCH_AFTER_DATE_NORMALIZATION
K232237,FDA_AI_LIST_2026-06-29,674,PHZ,MATCH_AFTER_DATE_NORMALIZATION
DEN230027,FDA_AI_LIST_2026-06-29,675,QZF,MATCH_AFTER_DATE_AND_COMPANY_TRIM
K232096,FDA_AI_LIST_2026-06-29,676,QIH,MATCH_AFTER_DATE_NORMALIZATION
K231898,FDA_AI_LIST_2026-06-29,677,LLZ,MATCH_AFTER_DATE_NORMALIZATION
K223757,FDA_AI_LIST_2026-06-29,678,LLZ,MATCH_AFTER_DATE_NORMALIZATION
K232381,FDA_AI_LIST_2026-06-29,679,IYN,MATCH_AFTER_DATE_NORMALIZATION
K232661,FDA_AI_LIST_2026-06-29,680,LLZ,MATCH_AFTER_DATE_NORMALIZATION
K233334,FDA_AI_LIST_2026-06-29,681,JAK,MATCH_AFTER_DATE_NORMALIZATION
K233562,FDA_AI_LIST_2026-06-29,682,MXD,MATCH_AFTER_DATE_NORMALIZATION
K232440,FDA_AI_LIST_2026-06-29,683,QIH,MATCH_AFTER_DATE_NORMALIZATION
K233568,FDA_AI_LIST_2026-06-29,684,QIH,MATCH_AFTER_DATE_NORMALIZATION
K232856,FDA_AI_LIST_2026-06-29,685,QIH,MATCH_AFTER_DATE_NORMALIZATION
K233545,FDA_AI_LIST_2026-06-29,686,IYN,MATCH_AFTER_DATE_NORMALIZATION
K230179,FDA_AI_LIST_2026-06-29,687,IYN,MATCH_AFTER_DATE_NORMALIZATION
K231631,FDA_AI_LIST_2026-06-29,688,JAK,MATCH_AFTER_DATE_NORMALIZATION
K232000,FDA_AI_LIST_2026-06-29,689,QIH,MATCH_AFTER_DATE_NORMALIZATION
K233243,FDA_AI_LIST_2026-06-29,690,HAW,MATCH_AFTER_DATE_NORMALIZATION
K232496,FDA_AI_LIST_2026-06-29,691,QAS,MATCH_AFTER_DATE_NORMALIZATION
K232501,FDA_AI_LIST_2026-06-29,692,QIH,MATCH_AFTER_DATE_NORMALIZATION
K232841,FDA_AI_LIST_2026-06-29,693,QIH,MATCH_AFTER_DATE_NORMALIZATION
K232494,FDA_AI_LIST_2026-06-29,694,LNH,MATCH_AFTER_DATE_NORMALIZATION
K232083,FDA_AI_LIST_2026-06-29,695,QIH,MATCH_AFTER_DATE_NORMALIZATION
K232257,FDA_AI_LIST_2026-06-29,696,QIH,MATCH_AFTER_DATE_NORMALIZATION
K223754,FDA_AI_LIST_2026-06-29,697,QFM,MATCH_AFTER_DATE_NORMALIZATION
K231617,FDA_AI_LIST_2026-06-29,698,LNH,MATCH_AFTER_DATE_NORMALIZATION
K230534,FDA_AI_LIST_2026-06-29,699,QIH,MATCH_AFTER_DATE_NORMALIZATION
K231765,FDA_AI_LIST_2026-06-29,700,QKB,MATCH_AFTER_DATE_NORMALIZATION
K231966,FDA_AI_LIST_2026-06-29,701,IYN,MATCH_AFTER_DATE_NORMALIZATION
K231989,FDA_AI_LIST_2026-06-29,702,IYN,MATCH_AFTER_DATE_NORMALIZATION
K231470,FDA_AI_LIST_2026-06-29,703,QDQ,MATCH_AFTER_DATE_NORMALIZATION
K231955,FDA_AI_LIST_2026-06-29,704,QIH,MATCH_AFTER_DATE_NORMALIZATION
K232751,FDA_AI_LIST_2026-06-29,705,QAS,MATCH_AFTER_DATE_NORMALIZATION
K231965,FDA_AI_LIST_2026-06-29,706,IYN,MATCH_AFTER_DATE_NORMALIZATION
K232145,FDA_AI_LIST_2026-06-29,707,IYN,MATCH_AFTER_DATE_NORMALIZATION
K232045,FDA_AI_LIST_2026-06-29,708,JAK,MATCH_AFTER_DATE_NORMALIZATION
K230854,FDA_AI_LIST_2026-06-29,709,LLZ,MATCH_AFTER_DATE_NORMALIZATION
K232500,FDA_AI_LIST_2026-06-29,710,IYN,MATCH_AFTER_DATE_NORMALIZATION
K230842,FDA_AI_LIST_2026-06-29,711,QNL,MATCH_AFTER_DATE_NORMALIZATION
K232436,FDA_AI_LIST_2026-06-29,712,QAS,MATCH_AFTER_DATE_NORMALIZATION
K232305,FDA_AI_LIST_2026-06-29,713,QIH,MATCH_AFTER_DATE_NORMALIZATION
K231560,FDA_AI_LIST_2026-06-29,714,LNH,MATCH_AFTER_DATE_NORMALIZATION
K231764,FDA_AI_LIST_2026-06-29,715,IYN,MATCH_AFTER_DATE_NORMALIZATION
K230209,FDA_AI_LIST_2026-06-29,716,QIH,MATCH_AFTER_DATE_NORMALIZATION
K231642,FDA_AI_LIST_2026-06-29,717,LLZ,MATCH_AFTER_DATE_NORMALIZATION
K230370,FDA_AI_LIST_2026-06-29,718,JAK,MATCH_AFTER_DATE_NORMALIZATION
K230220,FDA_AI_LIST_2026-06-29,719,JAK,MATCH_AFTER_DATE_NORMALIZATION
K230144,FDA_AI_LIST_2026-06-29,720,MYN,MATCH_AFTER_DATE_NORMALIZATION
K223905,FDA_AI_LIST_2026-06-29,721,QUO,MATCH_AFTER_DATE_NORMALIZATION
K232787,FDA_AI_LIST_2026-06-29,722,QRG,MATCH_AFTER_DATE_NORMALIZATION
K232760,FDA_AI_LIST_2026-06-29,723,LNH,MATCH_AFTER_DATE_NORMALIZATION
K232367,FDA_AI_LIST_2026-06-29,724,QIH,MATCH_AFTER_DATE_NORMALIZATION
K232704,FDA_AI_LIST_2026-06-29,725,IYN,MATCH_AFTER_DATE_NORMALIZATION
K231001,FDA_AI_LIST_2026-06-29,726,MYN,MATCH_AFTER_DATE_NORMALIZATION
K232023,FDA_AI_LIST_2026-06-29,727,LDK,MATCH_AFTER_DATE_NORMALIZATION
K231025,FDA_AI_LIST_2026-06-29,728,QAS,MATCH_AFTER_DATE_NORMALIZATION
K231398,FDA_AI_LIST_2026-06-29,729,QIH,MATCH_AFTER_DATE_NORMALIZATION
K232712,FDA_AI_LIST_2026-06-29,730,KPS,MATCH_AFTER_DATE_NORMALIZATION
K231772,FDA_AI_LIST_2026-06-29,731,IYN,MATCH_AFTER_DATE_NORMALIZATION
K230085,FDA_AI_LIST_2026-06-29,732,MYN,MATCH_AFTER_DATE_NORMALIZATION
K230045,FDA_AI_LIST_2026-06-29,733,QIH,MATCH_AFTER_DATE_NORMALIZATION
K231837,FDA_AI_LIST_2026-06-29,734,QAS,MATCH_AFTER_DATE_NORMALIZATION
K232699,FDA_AI_LIST_2026-06-29,735,QYE,MATCH_AFTER_DATE_NORMALIZATION
K232616,FDA_AI_LIST_2026-06-29,736,DQK,MATCH_AFTER_DATE_NORMALIZATION
K230252,FDA_AI_LIST_2026-06-29,737,LLZ,MATCH_AFTER_DATE_NORMALIZATION
K231928,FDA_AI_LIST_2026-06-29,738,QKB,MATCH_AFTER_DATE_NORMALIZATION
K231767,FDA_AI_LIST_2026-06-29,739,QAS,MATCH_AFTER_DATE_NORMALIZATION
K231149,FDA_AI_LIST_2026-06-29,740,QIH,MATCH_AFTER_DATE_NORMALIZATION
K223659,FDA_AI_LIST_2026-06-29,741,LLZ,MATCH_AFTER_DATE_NORMALIZATION
K231384,FDA_AI_LIST_2026-06-29,742,QAS,MATCH_AFTER_DATE_NORMALIZATION
K231678,FDA_AI_LIST_2026-06-29,743,MYN,MATCH_AFTER_DATE_NORMALIZATION
K231281,FDA_AI_LIST_2026-06-29,744,JAK,MATCH_AFTER_DATE_NORMALIZATION
K221309,FDA_AI_LIST_2026-06-29,745,JOY,MATCH_AFTER_DATE_NORMALIZATION
K220034,FDA_AI_LIST_2026-06-29,746,LLZ,MATCH_AFTER_DATE_NORMALIZATION
K223811,FDA_AI_LIST_2026-06-29,747,MYN,MATCH_AFTER_DATE_NORMALIZATION
K231748,FDA_AI_LIST_2026-06-29,748,KPS,MATCH_AFTER_DATE_NORMALIZATION
K232526,FDA_AI_LIST_2026-06-29,749,JAA,MATCH_AFTER_DATE_NORMALIZATION
K223864,FDA_AI_LIST_2026-06-29,750,HAW,MATCH_AFTER_DATE_NORMALIZATION
K231335,FDA_AI_LIST_2026-06-29,751,QXZ,MATCH_AFTER_DATE_NORMALIZATION
K232686,FDA_AI_LIST_2026-06-29,752,QXX,MATCH_AFTER_DATE_NORMALIZATION
K222921,FDA_AI_LIST_2026-06-29,753,JIR,MATCH_AFTER_DATE_NORMALIZATION
K223621,FDA_AI_LIST_2026-06-29,754,QIH,MATCH_AFTER_DATE_NORMALIZATION
K231207,FDA_AI_LIST_2026-06-29,755,DQK,MATCH_AFTER_DATE_NORMALIZATION
K232482,FDA_AI_LIST_2026-06-29,756,LNH,MATCH_AFTER_DATE_NORMALIZATION
K223622,FDA_AI_LIST_2026-06-29,757,QME,MATCH_AFTER_DATE_NORMALIZATION
K230355,FDA_AI_LIST_2026-06-29,758,LNH,MATCH_AFTER_DATE_NORMALIZATION
K223639,FDA_AI_LIST_2026-06-29,759,QTZ,MATCH_AFTER_DATE_NORMALIZATION
K223180,FDA_AI_LIST_2026-06-29,760,LLZ,MATCH_AFTER_DATE_NORMALIZATION
K230812,FDA_AI_LIST_2026-06-29,761,DPS,MATCH_AFTER_DATE_NORMALIZATION
K230899,FDA_AI_LIST_2026-06-29,762,QFM,MATCH_AFTER_DATE_NORMALIZATION
K223539,FDA_AI_LIST_2026-06-29,763,OLZ,MATCH_AFTER_DATE_NORMALIZATION
K231094,FDA_AI_LIST_2026-06-29,764,QAS,MATCH_AFTER_DATE_NORMALIZATION
DEN230003,FDA_AI_LIST_2026-06-29,765,QXO,MATCH_AFTER_DATE_NORMALIZATION
K223133,FDA_AI_LIST_2026-06-29,766,MYN,MATCH_AFTER_DATE_NORMALIZATION
K223553,FDA_AI_LIST_2026-06-29,767,OLO,MATCH_AFTER_DATE_NORMALIZATION
K231195,FDA_AI_LIST_2026-06-29,768,QAS,MATCH_AFTER_DATE_NORMALIZATION
K230074,FDA_AI_LIST_2026-06-29,769,QFM,MATCH_AFTER_DATE_NORMALIZATION
K231038,FDA_AI_LIST_2026-06-29,770,QNL,MATCH_AFTER_DATE_NORMALIZATION
K231572,FDA_AI_LIST_2026-06-29,771,KPS,MATCH_AFTER_DATE_NORMALIZATION
K230913,FDA_AI_LIST_2026-06-29,772,QIH,MATCH_AFTER_DATE_NORMALIZATION
K223473,FDA_AI_LIST_2026-06-29,773,QNP,MATCH_AFTER_DATE_NORMALIZATION
K230365,FDA_AI_LIST_2026-06-29,774,IYN,MATCH_AFTER_DATE_NORMALIZATION
K223347,FDA_AI_LIST_2026-06-29,775,QJU,MATCH_AFTER_DATE_NORMALIZATION
K230150,FDA_AI_LIST_2026-06-29,776,QIH,MATCH_AFTER_DATE_NORMALIZATION
K223288,FDA_AI_LIST_2026-06-29,777,HAW,MATCH_AFTER_DATE_NORMALIZATION
K231173,FDA_AI_LIST_2026-06-29,778,QDB,MATCH_AFTER_DATE_NORMALIZATION
K230039,FDA_AI_LIST_2026-06-29,779,QIH,MATCH_AFTER_DATE_NORMALIZATION
K231157,FDA_AI_LIST_2026-06-29,780,OEB,MATCH_AFTER_DATE_NORMALIZATION
K223106,FDA_AI_LIST_2026-06-29,781,QIH,MATCH_AFTER_DATE_NORMALIZATION
K231757,FDA_AI_LIST_2026-06-29,782,QIH,MATCH_AFTER_DATE_NORMALIZATION
K231833,FDA_AI_LIST_2026-06-29,783,KPS,MATCH_AFTER_DATE_NORMALIZATION
K223424,FDA_AI_LIST_2026-06-29,784,JAK,MATCH_AFTER_DATE_NORMALIZATION
K223426,FDA_AI_LIST_2026-06-29,785,LNH,MATCH_AFTER_DATE_NORMALIZATION
K230823,FDA_AI_LIST_2026-06-29,786,DQD,MATCH_AFTER_DATE_NORMALIZATION
K223724,FDA_AI_LIST_2026-06-29,787,MUJ,MATCH_AFTER_DATE_NORMALIZATION
K231668,FDA_AI_LIST_2026-06-29,788,QIH,MATCH_AFTER_DATE_NORMALIZATION
K222745,FDA_AI_LIST_2026-06-29,789,QIH,MATCH_AFTER_DATE_NORMALIZATION
DEN200052,FDA_AI_LIST_2026-06-29,790,QWZ,MATCH_AFTER_DATE_NORMALIZATION
K230337,FDA_AI_LIST_2026-06-29,791,QPF,MATCH_AFTER_DATE_NORMALIZATION
K230497,FDA_AI_LIST_2026-06-29,792,QIH,MATCH_AFTER_DATE_NORMALIZATION
K231459,FDA_AI_LIST_2026-06-29,793,LNH,MATCH_AFTER_DATE_NORMALIZATION
K230346,FDA_AI_LIST_2026-06-29,794,IYN,MATCH_AFTER_DATE_NORMALIZATION
K223556,FDA_AI_LIST_2026-06-29,795,QIH,MATCH_AFTER_DATE_NORMALIZATION
K223646,FDA_AI_LIST_2026-06-29,796,QIH,MATCH_AFTER_DATE_NORMALIZATION
K223357,FDA_AI_LIST_2026-06-29,797,PIB,MATCH_AFTER_DATE_NORMALIZATION
K230112,FDA_AI_LIST_2026-06-29,798,JAK,MATCH_AFTER_DATE_NORMALIZATION
K223855,FDA_AI_LIST_2026-06-29,799,QIH,MATCH_AFTER_DATE_NORMALIZATION
K223523,FDA_AI_LIST_2026-06-29,800,LNH,MATCH_AFTER_DATE_NORMALIZATION
K230273,FDA_AI_LIST_2026-06-29,801,QFJ,MATCH_AFTER_DATE_NORMALIZATION
K223491,FDA_AI_LIST_2026-06-29,802,QBS,MATCH_AFTER_DATE_NORMALIZATION
K223504,FDA_AI_LIST_2026-06-29,803,OMB,MATCH_AFTER_DATE_NORMALIZATION
K230096,FDA_AI_LIST_2026-06-29,804,QDQ,MATCH_AFTER_DATE_NORMALIZATION
K231143,FDA_AI_LIST_2026-06-29,805,QNP,MATCH_AFTER_DATE_NORMALIZATION
K212758,FDA_AI_LIST_2026-06-29,806,LLZ,MATCH_AFTER_DATE_NORMALIZATION
K222728,FDA_AI_LIST_2026-06-29,807,MUJ,MATCH_AFTER_DATE_NORMALIZATION
K231190,FDA_AI_LIST_2026-06-29,808,IYN,MATCH_AFTER_DATE_NORMALIZATION
K223623,FDA_AI_LIST_2026-06-29,809,LLZ,MATCH_AFTER_DATE_NORMALIZATION
K220437,FDA_AI_LIST_2026-06-29,810,LLZ,MATCH_AFTER_DATE_NORMALIZATION
K230082,FDA_AI_LIST_2026-06-29,811,QKB,MATCH_AFTER_DATE_NORMALIZATION
K223771,FDA_AI_LIST_2026-06-29,812,IYN,MATCH_AFTER_DATE_NORMALIZATION
K230292,FDA_AI_LIST_2026-06-29,813,QDA,MATCH_AFTER_DATE_NORMALIZATION
K230977,FDA_AI_LIST_2026-06-29,814,QIH,MATCH_AFTER_DATE_NORMALIZATION
P210011,FDA_AI_LIST_2026-06-29,815,PQP,MATCH_AFTER_DATE_NORMALIZATION
K223212,FDA_AI_LIST_2026-06-29,816,KPS,MATCH_AFTER_DATE_NORMALIZATION
K223734,FDA_AI_LIST_2026-06-29,817,PGW,MATCH_AFTER_DATE_NORMALIZATION
K230552,FDA_AI_LIST_2026-06-29,818,LLZ,MATCH_AFTER_DATE_NORMALIZATION
K230553,FDA_AI_LIST_2026-06-29,819,MXD,MATCH_AFTER_DATE_NORMALIZATION
K230223,FDA_AI_LIST_2026-06-29,820,JAK,MATCH_AFTER_DATE_NORMALIZATION
K222676,FDA_AI_LIST_2026-06-29,821,QIH,MATCH_AFTER_DATE_NORMALIZATION
K230084,FDA_AI_LIST_2026-06-29,822,IYN,MATCH_AFTER_DATE_NORMALIZATION
K223501,FDA_AI_LIST_2026-06-29,823,QIH,MATCH_AFTER_DATE_NORMALIZATION
K223287,FDA_AI_LIST_2026-06-29,824,IYO,MATCH_AFTER_DATE_NORMALIZATION
K230807,FDA_AI_LIST_2026-06-29,825,JAK,MATCH_AFTER_DATE_NORMALIZATION
K230023,FDA_AI_LIST_2026-06-29,826,QKB,MATCH_AFTER_DATE_NORMALIZATION
K223552,FDA_AI_LIST_2026-06-29,827,HAW,MATCH_AFTER_DATE_NORMALIZATION
K230772,FDA_AI_LIST_2026-06-29,828,LLZ,MATCH_AFTER_DATE_NORMALIZATION
K230685,FDA_AI_LIST_2026-06-29,829,QKB,MATCH_AFTER_DATE_NORMALIZATION
K230264,FDA_AI_LIST_2026-06-29,830,LLZ,MATCH_AFTER_DATE_NORMALIZATION
K213986,FDA_AI_LIST_2026-06-29,831,QIH,MATCH_AFTER_DATE_NORMALIZATION
K223830,FDA_AI_LIST_2026-06-29,832,IYN,MATCH_AFTER_DATE_NORMALIZATION
K230658,FDA_AI_LIST_2026-06-29,833,QNP,MATCH_AFTER_DATE_NORMALIZATION
K230575,FDA_AI_LIST_2026-06-29,834,LLZ,MATCH_AFTER_DATE_NORMALIZATION
K222360,FDA_AI_LIST_2026-06-29,835,JAK,MATCH_AFTER_DATE_NORMALIZATION
K223458,FDA_AI_LIST_2026-06-29,836,LNH,MATCH_AFTER_DATE_NORMALIZATION
K223774,FDA_AI_LIST_2026-06-29,837,QKB,MATCH_AFTER_DATE_NORMALIZATION
K223630,FDA_AI_LIST_2026-06-29,838,MXD,MATCH_AFTER_DATE_NORMALIZATION
K223240,FDA_AI_LIST_2026-06-29,839,QAS,MATCH_AFTER_DATE_NORMALIZATION
K220068,FDA_AI_LIST_2026-06-29,840,IYO,MATCH_AFTER_DATE_NORMALIZATION
K213272,FDA_AI_LIST_2026-06-29,841,QIH,MATCH_AFTER_DATE_NORMALIZATION
DEN200011,FDA_AI_LIST_2026-06-29,842,QVT,MATCH_AFTER_DATE_NORMALIZATION
K222312,FDA_AI_LIST_2026-06-29,843,MUJ,MATCH_AFTER_DATE_NORMALIZATION
K221921,FDA_AI_LIST_2026-06-29,844,MYN,MATCH_AFTER_DATE_NORMALIZATION
K222174,FDA_AI_LIST_2026-06-29,845,QIH,MATCH_AFTER_DATE_NORMALIZATION
K222179,FDA_AI_LIST_2026-06-29,846,QFM,MATCH_AFTER_DATE_NORMALIZATION
K222268,FDA_AI_LIST_2026-06-29,847,QFM,MATCH_AFTER_DATE_NORMALIZATION
K223343,FDA_AI_LIST_2026-06-29,848,LNH,MATCH_AFTER_DATE_NORMALIZATION
K222746,FDA_AI_LIST_2026-06-29,849,MYN,MATCH_AFTER_DATE_NORMALIZATION
K222036,FDA_AI_LIST_2026-06-29,850,QIH,MATCH_AFTER_DATE_NORMALIZATION
K223490,FDA_AI_LIST_2026-06-29,851,LLZ,MATCH_AFTER_DATE_NORMALIZATION
K223443,FDA_AI_LIST_2026-06-29,852,QFM,MATCH_AFTER_DATE_NORMALIZATION
K223073,FDA_AI_LIST_2026-06-29,853,DRG,MATCH_AFTER_DATE_NORMALIZATION
K221772,FDA_AI_LIST_2026-06-29,854,GYD,MATCH_AFTER_DATE_NORMALIZATION
K223325,FDA_AI_LIST_2026-06-29,855,KPS,MATCH_AFTER_DATE_NORMALIZATION
K223514,FDA_AI_LIST_2026-06-29,856,JAK,MATCH_AFTER_DATE_NORMALIZATION
K221706,FDA_AI_LIST_2026-06-29,857,QKB,MATCH_AFTER_DATE_NORMALIZATION
K223726,FDA_AI_LIST_2026-06-29,858,JAK,MATCH_AFTER_DATE_NORMALIZATION
K222819,FDA_AI_LIST_2026-06-29,859,JAK,MATCH_AFTER_DATE_NORMALIZATION
K222176,FDA_AI_LIST_2026-06-29,860,QBS,MATCH_AFTER_DATE_NORMALIZATION
K222884,FDA_AI_LIST_2026-06-29,861,QAS,MATCH_AFTER_DATE_NORMALIZATION
K221680,FDA_AI_LIST_2026-06-29,862,LLZ,MATCH_AFTER_DATE_NORMALIZATION
DEN220063,FDA_AI_LIST_2026-06-29,863,QVD,MATCH_AFTER_DATE_NORMALIZATION
K221592,FDA_AI_LIST_2026-06-29,864,OEB,MATCH_AFTER_DATE_NORMALIZATION
K222579,FDA_AI_LIST_2026-06-29,865,MNR,MATCH_AFTER_DATE_NORMALIZATION
K221564,FDA_AI_LIST_2026-06-29,866,POK,MATCH_AFTER_DATE_NORMALIZATION
K230197,FDA_AI_LIST_2026-06-29,867,QIH,MATCH_AFTER_DATE_NORMALIZATION
K230208,FDA_AI_LIST_2026-06-29,868,LNH,MATCH_AFTER_DATE_NORMALIZATION
DEN210022,FDA_AI_LIST_2026-06-29,869,QVE,MATCH_AFTER_DATE_NORMALIZATION
K223028,FDA_AI_LIST_2026-06-29,870,JAK,MATCH_AFTER_DATE_NORMALIZATION
K222755,FDA_AI_LIST_2026-06-29,871,LNH,MATCH_AFTER_DATE_NORMALIZATION
K222389,FDA_AI_LIST_2026-06-29,872,DQK,MATCH_AFTER_DATE_NORMALIZATION
K223439,FDA_AI_LIST_2026-06-29,873,LNH,MATCH_AFTER_DATE_NORMALIZATION
K223387,FDA_AI_LIST_2026-06-29,874,IYN,MATCH_AFTER_DATE_NORMALIZATION
K223296,FDA_AI_LIST_2026-06-29,875,QIH,MATCH_AFTER_DATE_NORMALIZATION
K222803,FDA_AI_LIST_2026-06-29,876,MUJ,MATCH_AFTER_DATE_NORMALIZATION
K222970,FDA_AI_LIST_2026-06-29,877,QIH,MATCH_AFTER_DATE_NORMALIZATION
K223396,FDA_AI_LIST_2026-06-29,878,QIH,MATCH_AFTER_DATE_NORMALIZATION
K230020,FDA_AI_LIST_2026-06-29,879,QFM,MATCH_AFTER_DATE_NORMALIZATION
K221868,FDA_AI_LIST_2026-06-29,880,QFM,MATCH_AFTER_DATE_NORMALIZATION
K222406,FDA_AI_LIST_2026-06-29,881,QIH,MATCH_AFTER_DATE_NORMALIZATION
K223516,FDA_AI_LIST_2026-06-29,882,DQK,MATCH_AFTER_DATE_NORMALIZATION
K222593,FDA_AI_LIST_2026-06-29,883,LLZ,MATCH_AFTER_DATE_NORMALIZATION
K223502,FDA_AI_LIST_2026-06-29,884,LLZ,MATCH_AFTER_DATE_NORMALIZATION
K222458,FDA_AI_LIST_2026-06-29,885,LLZ,MATCH_AFTER_DATE_NORMALIZATION
K223738,FDA_AI_LIST_2026-06-29,886,GXY,MATCH_AFTER_DATE_NORMALIZATION
K214036,FDA_AI_LIST_2026-06-29,887,QIH,MATCH_AFTER_DATE_NORMALIZATION
K223442,FDA_AI_LIST_2026-06-29,888,LNH,MATCH_AFTER_DATE_NORMALIZATION
K223311,FDA_AI_LIST_2026-06-29,889,JAK,MATCH_AFTER_DATE_NORMALIZATION
K220928,FDA_AI_LIST_2026-06-29,890,MYN,MATCH_AFTER_DATE_NORMALIZATION
K223268,FDA_AI_LIST_2026-06-29,891,QIH,MATCH_AFTER_DATE_NORMALIZATION
K222275,FDA_AI_LIST_2026-06-29,892,QIH,MATCH_AFTER_DATE_NORMALIZATION
K223247,FDA_AI_LIST_2026-06-29,893,LNH,MATCH_AFTER_DATE_NORMALIZATION
K222692,FDA_AI_LIST_2026-06-29,894,QFM,MATCH_AFTER_DATE_NORMALIZATION
K220786,FDA_AI_LIST_2026-06-29,895,DQK,MATCH_AFTER_DATE_NORMALIZATION
K221624,FDA_AI_LIST_2026-06-29,896,POK,MATCH_AFTER_DATE_NORMALIZATION
K221716,FDA_AI_LIST_2026-06-29,897,QAS,MATCH_AFTER_DATE_NORMALIZATION
K223032,FDA_AI_LIST_2026-06-29,898,QIH,MATCH_AFTER_DATE_NORMALIZATION
K221330,FDA_AI_LIST_2026-06-29,899,QAS,MATCH_AFTER_DATE_NORMALIZATION
K221762,FDA_AI_LIST_2026-06-29,900,QIH,MATCH_AFTER_DATE_NORMALIZATION
K222428,FDA_AI_LIST_2026-06-29,901,QIH,MATCH_AFTER_DATE_NORMALIZATION
K220408,FDA_AI_LIST_2026-06-29,902,QKB,MATCH_AFTER_DATE_NORMALIZATION
K221183,FDA_AI_LIST_2026-06-29,903,PIB,MATCH_AFTER_DATE_NORMALIZATION
K221552,FDA_AI_LIST_2026-06-29,904,QFM,MATCH_AFTER_DATE_NORMALIZATION
P210015,FDA_AI_LIST_2026-06-29,905,MKJ,MATCH_AFTER_DATE_NORMALIZATION
K220332,FDA_AI_LIST_2026-06-29,906,LNH,MATCH_AFTER_DATE_NORMALIZATION
K222070,FDA_AI_LIST_2026-06-29,907,OWB,MATCH_AFTER_DATE_NORMALIZATION
K223042,FDA_AI_LIST_2026-06-29,908,QAS,MATCH_AFTER_DATE_NORMALIZATION
K222361,FDA_AI_LIST_2026-06-29,909,JAK,MATCH_AFTER_DATE_NORMALIZATION
K221632,FDA_AI_LIST_2026-06-29,910,QIH,MATCH_AFTER_DATE_NORMALIZATION
DEN220024,FDA_AI_LIST_2026-06-29,911,QRG,MATCH_AFTER_DATE_AND_COMPANY_TRIM
K213857,FDA_AI_LIST_2026-06-29,912,PJA,MATCH_AFTER_DATE_NORMALIZATION
K221305,FDA_AI_LIST_2026-06-29,913,QKB,MATCH_AFTER_DATE_NORMALIZATION
K220709,FDA_AI_LIST_2026-06-29,914,QAS,MATCH_AFTER_DATE_NORMALIZATION
K221449,FDA_AI_LIST_2026-06-29,915,QDQ,MATCH_AFTER_DATE_NORMALIZATION
K221892,FDA_AI_LIST_2026-06-29,916,BXQ,MATCH_AFTER_DATE_NORMALIZATION
K211611,FDA_AI_LIST_2026-06-29,917,QIH,MATCH_AFTER_DATE_NORMALIZATION
K220080,FDA_AI_LIST_2026-06-29,918,QFM,MATCH_AFTER_DATE_NORMALIZATION
K222329,FDA_AI_LIST_2026-06-29,919,QAS,MATCH_AFTER_DATE_NORMALIZATION
K221738,FDA_AI_LIST_2026-06-29,920,QIH,MATCH_AFTER_DATE_NORMALIZATION
K221179,FDA_AI_LIST_2026-06-29,921,OLZ,MATCH_AFTER_DATE_NORMALIZATION
K213353,FDA_AI_LIST_2026-06-29,922,MYN,MATCH_AFTER_DATE_NORMALIZATION
K221733,FDA_AI_LIST_2026-06-29,923,LNH,MATCH_AFTER_DATE_NORMALIZATION
K221456,FDA_AI_LIST_2026-06-29,924,QAS,MATCH_AFTER_DATE_NORMALIZATION
K220986,FDA_AI_LIST_2026-06-29,925,JAK,MATCH_AFTER_DATE_NORMALIZATION
K222076,FDA_AI_LIST_2026-06-29,926,QFM,MATCH_AFTER_DATE_NORMALIZATION
K220783,FDA_AI_LIST_2026-06-29,927,MUJ,MATCH_AFTER_DATE_NORMALIZATION
K213960,FDA_AI_LIST_2026-06-29,928,LNH,MATCH_AFTER_DATE_NORMALIZATION
K221241,FDA_AI_LIST_2026-06-29,929,QFM,MATCH_AFTER_DATE_NORMALIZATION
K221100,FDA_AI_LIST_2026-06-29,930,QIH,MATCH_AFTER_DATE_NORMALIZATION
K222277,FDA_AI_LIST_2026-06-29,931,QAS,MATCH_AFTER_DATE_NORMALIZATION
K211841,FDA_AI_LIST_2026-06-29,932,MUJ,MATCH_AFTER_DATE_NORMALIZATION
K221962,FDA_AI_LIST_2026-06-29,933,MXD,MATCH_AFTER_DATE_NORMALIZATION
K220598,FDA_AI_LIST_2026-06-29,934,QKB,MATCH_AFTER_DATE_NORMALIZATION
K221599,FDA_AI_LIST_2026-06-29,935,IYN,MATCH_AFTER_DATE_NORMALIZATION
K222172,FDA_AI_LIST_2026-06-29,936,QIH,MATCH_AFTER_DATE_NORMALIZATION
K220349,FDA_AI_LIST_2026-06-29,937,LLZ,MATCH_AFTER_DATE_NORMALIZATION
K213686,FDA_AI_LIST_2026-06-29,938,QNP,MATCH_AFTER_DATE_NORMALIZATION
K213713,FDA_AI_LIST_2026-06-29,939,JAK,MATCH_AFTER_DATE_NORMALIZATION
K213645,FDA_AI_LIST_2026-06-29,940,QIH,MATCH_AFTER_DATE_NORMALIZATION
K221432,FDA_AI_LIST_2026-06-29,941,QIH,MATCH_AFTER_DATE_NORMALIZATION
K221347,FDA_AI_LIST_2026-06-29,942,QDQ,MATCH_AFTER_DATE_NORMALIZATION
K213760,FDA_AI_LIST_2026-06-29,943,KGI,MATCH_AFTER_DATE_NORMALIZATION
K220961,FDA_AI_LIST_2026-06-29,944,JAK,MATCH_AFTER_DATE_NORMALIZATION
K221923,FDA_AI_LIST_2026-06-29,945,LNH,MATCH_AFTER_DATE_NORMALIZATION
K213998,FDA_AI_LIST_2026-06-29,946,QIH,MATCH_AFTER_DATE_NORMALIZATION
K210822,FDA_AI_LIST_2026-06-29,947,DQK,MATCH_AFTER_DATE_NORMALIZATION
K220439,FDA_AI_LIST_2026-06-29,948,QAS,MATCH_AFTER_DATE_NORMALIZATION
K220940,FDA_AI_LIST_2026-06-29,949,QIH,MATCH_AFTER_DATE_NORMALIZATION
K220624,FDA_AI_LIST_2026-06-29,950,LLZ,MATCH_AFTER_DATE_NORMALIZATION
K220882,FDA_AI_LIST_2026-06-29,951,IYN,MATCH_AFTER_DATE_NORMALIZATION
K220956,FDA_AI_LIST_2026-06-29,952,QIH,MATCH_AFTER_DATE_NORMALIZATION
K220815,FDA_AI_LIST_2026-06-29,953,QIH,MATCH_AFTER_DATE_NORMALIZATION
K213409,FDA_AI_LIST_2026-06-29,954,DQK,MATCH_AFTER_DATE_NORMALIZATION
K213357,FDA_AI_LIST_2026-06-29,955,DXH,MATCH_AFTER_DATE_NORMALIZATION
K221148,FDA_AI_LIST_2026-06-29,956,IYN,MATCH_AFTER_DATE_NORMALIZATION
K221147,FDA_AI_LIST_2026-06-29,957,IYN,MATCH_AFTER_DATE_NORMALIZATION
K220619,FDA_AI_LIST_2026-06-29,958,IYN,MATCH_AFTER_DATE_NORMALIZATION
K221203,FDA_AI_LIST_2026-06-29,959,QNV,MATCH_AFTER_DATE_NORMALIZATION
K221727,FDA_AI_LIST_2026-06-29,960,JAK,MATCH_AFTER_DATE_NORMALIZATION
K212783,FDA_AI_LIST_2026-06-29,961,QDQ,MATCH_AFTER_DATE_NORMALIZATION
K210069,FDA_AI_LIST_2026-06-29,962,JIR,MATCH_AFTER_DATE_NORMALIZATION
K220975,FDA_AI_LIST_2026-06-29,963,IYN,MATCH_AFTER_DATE_NORMALIZATION
K213794,FDA_AI_LIST_2026-06-29,964,DQD,MATCH_AFTER_DATE_NORMALIZATION
K220851,FDA_AI_LIST_2026-06-29,965,IYN,MATCH_AFTER_DATE_NORMALIZATION
K220848,FDA_AI_LIST_2026-06-29,966,IYN,MATCH_AFTER_DATE_NORMALIZATION
K220575,FDA_AI_LIST_2026-06-29,967,LNH,MATCH_AFTER_DATE_NORMALIZATION
K220497,FDA_AI_LIST_2026-06-29,968,QIH,MATCH_AFTER_DATE_NORMALIZATION
K220800,FDA_AI_LIST_2026-06-29,969,IYN,MATCH_AFTER_DATE_NORMALIZATION
K213037,FDA_AI_LIST_2026-06-29,970,PIB,MATCH_AFTER_DATE_NORMALIZATION
K220813,FDA_AI_LIST_2026-06-29,971,QKB,MATCH_AFTER_DATE_NORMALIZATION
K221463,FDA_AI_LIST_2026-06-29,972,LLZ,MATCH_AFTER_DATE_NORMALIZATION
K213504,FDA_AI_LIST_2026-06-29,973,JAK,MATCH_AFTER_DATE_NORMALIZATION
K221393,FDA_AI_LIST_2026-06-29,974,LNH,MATCH_AFTER_DATE_NORMALIZATION
K213882,FDA_AI_LIST_2026-06-29,975,QPF,MATCH_AFTER_DATE_NORMALIZATION
K213717,FDA_AI_LIST_2026-06-29,976,LNH,MATCH_AFTER_DATE_NORMALIZATION
K220358,FDA_AI_LIST_2026-06-29,977,IYN,MATCH_AFTER_DATE_NORMALIZATION
K221314,FDA_AI_LIST_2026-06-29,978,QAS,MATCH_AFTER_DATE_NORMALIZATION
K213971,FDA_AI_LIST_2026-06-29,979,QDB,MATCH_AFTER_DATE_NORMALIZATION
K220164,FDA_AI_LIST_2026-06-29,980,QBS,MATCH_AFTER_DATE_NORMALIZATION
K221248,FDA_AI_LIST_2026-06-29,981,QAS,MATCH_AFTER_DATE_NORMALIZATION
K220766,FDA_AI_LIST_2026-06-29,982,DQD,MATCH_AFTER_DATE_NORMALIZATION
K220416,FDA_AI_LIST_2026-06-29,983,LLZ,MATCH_AFTER_DATE_NORMALIZATION
K221240,FDA_AI_LIST_2026-06-29,984,QAS,MATCH_AFTER_DATE_NORMALIZATION
K220499,FDA_AI_LIST_2026-06-29,985,QAS,MATCH_AFTER_DATE_NORMALIZATION
K221219,FDA_AI_LIST_2026-06-29,986,JAK,MATCH_AFTER_DATE_NORMALIZATION
K213583,FDA_AI_LIST_2026-06-29,987,LNH,MATCH_AFTER_DATE_NORMALIZATION
K221106,FDA_AI_LIST_2026-06-29,988,LLZ,MATCH_AFTER_DATE_NORMALIZATION
K220589,FDA_AI_LIST_2026-06-29,989,LNH,MATCH_AFTER_DATE_NORMALIZATION
K220105,FDA_AI_LIST_2026-06-29,990,QDQ,MATCH_AFTER_DATE_NORMALIZATION
K220446,FDA_AI_LIST_2026-06-29,991,IYN,MATCH_AFTER_DATE_NORMALIZATION
K212519,FDA_AI_LIST_2026-06-29,992,MYN,MATCH_AFTER_DATE_NORMALIZATION
K211966,FDA_AI_LIST_2026-06-29,993,LLZ,MATCH_AFTER_DATE_NORMALIZATION
K220013,FDA_AI_LIST_2026-06-29,994,JOY,MATCH_AFTER_DATE_NORMALIZATION
K212915,FDA_AI_LIST_2026-06-29,995,QKB,MATCH_AFTER_DATE_NORMALIZATION
K220939,FDA_AI_LIST_2026-06-29,996,LNH,MATCH_AFTER_DATE_NORMALIZATION
K220899,FDA_AI_LIST_2026-06-29,997,QME,MATCH_AFTER_DATE_NORMALIZATION
K220590,FDA_AI_LIST_2026-06-29,998,LLZ,MATCH_AFTER_DATE_NORMALIZATION
K220264,FDA_AI_LIST_2026-06-29,999,QKB,MATCH_AFTER_DATE_NORMALIZATION
K212441,FDA_AI_LIST_2026-06-29,1000,JAK,MATCH_AFTER_DATE_NORMALIZATION
K212662,FDA_AI_LIST_2026-06-29,1001,DQK,MATCH_AFTER_DATE_NORMALIZATION
K213886,FDA_AI_LIST_2026-06-29,1002,QAS,MATCH_AFTER_DATE_NORMALIZATION
K213944,FDA_AI_LIST_2026-06-29,1003,JAK,MATCH_AFTER_DATE_NORMALIZATION
K213795,FDA_AI_LIST_2026-06-29,1004,MYN,MATCH_AFTER_DATE_NORMALIZATION
K213706,FDA_AI_LIST_2026-06-29,1005,QIH,MATCH_AFTER_DATE_NORMALIZATION
K220141,FDA_AI_LIST_2026-06-29,1006,MUJ,MATCH_AFTER_DATE_NORMALIZATION
K220192,FDA_AI_LIST_2026-06-29,1007,LNH,MATCH_AFTER_DATE_NORMALIZATION
K212274,FDA_AI_LIST_2026-06-29,1008,MUJ,MATCH_AFTER_DATE_NORMALIZATION
K203783,FDA_AI_LIST_2026-06-29,1009,LLZ,MATCH_AFTER_DATE_NORMALIZATION
K220043,FDA_AI_LIST_2026-06-29,1010,IYN,MATCH_AFTER_DATE_NORMALIZATION
K214081,FDA_AI_LIST_2026-06-29,1011,MUJ,MATCH_AFTER_DATE_NORMALIZATION
K212624,FDA_AI_LIST_2026-06-29,1012,QIH,MATCH_AFTER_DATE_NORMALIZATION
K220151,FDA_AI_LIST_2026-06-29,1013,LNH,MATCH_AFTER_DATE_NORMALIZATION
K213657,FDA_AI_LIST_2026-06-29,1014,PJA,MATCH_AFTER_DATE_NORMALIZATION
K212960,FDA_AI_LIST_2026-06-29,1015,IYN,MATCH_AFTER_DATE_NORMALIZATION
K200828,FDA_AI_LIST_2026-06-29,1016,GKZ,MATCH_AFTER_DATE_NORMALIZATION
K213721,FDA_AI_LIST_2026-06-29,1017,QAS,MATCH_AFTER_DATE_NORMALIZATION
K213779,FDA_AI_LIST_2026-06-29,1018,QIH,MATCH_AFTER_DATE_NORMALIZATION
K214043,FDA_AI_LIST_2026-06-29,1019,QFM,MATCH_AFTER_DATE_NORMALIZATION
K203744,FDA_AI_LIST_2026-06-29,1020,QIH,MATCH_AFTER_DATE_NORMALIZATION
K213725,FDA_AI_LIST_2026-06-29,1021,JAK,MATCH_AFTER_DATE_NORMALIZATION
K213566,FDA_AI_LIST_2026-06-29,1022,QFM,MATCH_AFTER_DATE_NORMALIZATION
K210365,FDA_AI_LIST_2026-06-29,1023,MYN,MATCH_AFTER_DATE_NORMALIZATION
K212365,FDA_AI_LIST_2026-06-29,1024,QBS,MATCH_AFTER_DATE_NORMALIZATION
K213693,FDA_AI_LIST_2026-06-29,1025,LNH,MATCH_AFTER_DATE_NORMALIZATION
K213941,FDA_AI_LIST_2026-06-29,1026,QFM,MATCH_AFTER_DATE_NORMALIZATION
K213319,FDA_AI_LIST_2026-06-29,1027,QFM,MATCH_AFTER_DATE_NORMALIZATION
K213999,FDA_AI_LIST_2026-06-29,1028,JAK,MATCH_AFTER_DATE_NORMALIZATION
K213689,FDA_AI_LIST_2026-06-29,1029,IYN,MATCH_AFTER_DATE_NORMALIZATION
K213603,FDA_AI_LIST_2026-06-29,1030,LNH,MATCH_AFTER_DATE_NORMALIZATION
K213165,FDA_AI_LIST_2026-06-29,1031,LLZ,MATCH_AFTER_DATE_NORMALIZATION
K212654,FDA_AI_LIST_2026-06-29,1032,IZL,MATCH_AFTER_DATE_NORMALIZATION
K213938,FDA_AI_LIST_2026-06-29,1033,JAK,MATCH_AFTER_DATE_NORMALIZATION
K213976,FDA_AI_LIST_2026-06-29,1034,QKB,MATCH_AFTER_DATE_NORMALIZATION
K203260,FDA_AI_LIST_2026-06-29,1035,QAS,MATCH_AFTER_DATE_NORMALIZATION
K212333,FDA_AI_LIST_2026-06-29,1036,IYN,MATCH_AFTER_DATE_NORMALIZATION
K214019,FDA_AI_LIST_2026-06-29,1037,JAK,MATCH_AFTER_DATE_NORMALIZATION
K213668,FDA_AI_LIST_2026-06-29,1038,LNH,MATCH_AFTER_DATE_NORMALIZATION
K210747,FDA_AI_LIST_2026-06-29,1039,QIH,MATCH_AFTER_DATE_NORMALIZATION
K212012,FDA_AI_LIST_2026-06-29,1040,QIH,MATCH_AFTER_DATE_NORMALIZATION
K211980,FDA_AI_LIST_2026-06-29,1041,LNH,MATCH_AFTER_DATE_NORMALIZATION
K210760,FDA_AI_LIST_2026-06-29,1042,JAK,MATCH_AFTER_DATE_NORMALIZATION
K213307,FDA_AI_LIST_2026-06-29,1043,MQB,MATCH_AFTER_DATE_NORMALIZATION
K213737,FDA_AI_LIST_2026-06-29,1044,LLZ,MATCH_AFTER_DATE_NORMALIZATION
K213642,FDA_AI_LIST_2026-06-29,1045,IYN,MATCH_AFTER_DATE_NORMALIZATION
K212005,FDA_AI_LIST_2026-06-29,1046,LLZ,MATCH_AFTER_DATE_NORMALIZATION
K211443,FDA_AI_LIST_2026-06-29,1047,LLZ,MATCH_AFTER_DATE_NORMALIZATION
K213544,FDA_AI_LIST_2026-06-29,1048,QIH,MATCH_AFTER_DATE_NORMALIZATION
K213776,FDA_AI_LIST_2026-06-29,1049,PCS,MATCH_AFTER_DATE_NORMALIZATION
K202404,FDA_AI_LIST_2026-06-29,1050,QIH,MATCH_AFTER_DATE_NORMALIZATION
K212690,FDA_AI_LIST_2026-06-29,1051,QIH,MATCH_AFTER_DATE_NORMALIZATION
K210670,FDA_AI_LIST_2026-06-29,1052,QDQ,MATCH_AFTER_DATE_NORMALIZATION
K213275,FDA_AI_LIST_2026-06-29,1053,QIH,MATCH_AFTER_DATE_NORMALIZATION
K213628,FDA_AI_LIST_2026-06-29,1054,QKB,MATCH_AFTER_DATE_NORMALIZATION
K212616,FDA_AI_LIST_2026-06-29,1055,POK,MATCH_AFTER_DATE_NORMALIZATION
K213155,FDA_AI_LIST_2026-06-29,1056,QKB,MATCH_AFTER_DATE_NORMALIZATION
K211803,FDA_AI_LIST_2026-06-29,1057,QFM,MATCH_AFTER_DATE_NORMALIZATION
K212466,FDA_AI_LIST_2026-06-29,1058,QIH,MATCH_AFTER_DATE_NORMALIZATION
K213096,FDA_AI_LIST_2026-06-29,1059,JAK,MATCH_AFTER_DATE_NORMALIZATION
K212219,FDA_AI_LIST_2026-06-29,1060,QNV,MATCH_AFTER_DATE_NORMALIZATION
K212442,FDA_AI_LIST_2026-06-29,1061,OWB,MATCH_AFTER_DATE_NORMALIZATION
K213305,FDA_AI_LIST_2026-06-29,1062,LNH,MATCH_AFTER_DATE_NORMALIZATION
K211541,FDA_AI_LIST_2026-06-29,1063,QDQ,MATCH_AFTER_DATE_NORMALIZATION
K210831,FDA_AI_LIST_2026-06-29,1064,QIH,MATCH_AFTER_DATE_NORMALIZATION
K211326,FDA_AI_LIST_2026-06-29,1065,QNP,MATCH_AFTER_DATE_NORMALIZATION
K212456,FDA_AI_LIST_2026-06-29,1066,LNH,MATCH_AFTER_DATE_NORMALIZATION
K212336,FDA_AI_LIST_2026-06-29,1067,OWB,MATCH_AFTER_DATE_NORMALIZATION
K211678,FDA_AI_LIST_2026-06-29,1068,QDQ,MATCH_AFTER_DATE_NORMALIZATION
K212265,FDA_AI_LIST_2026-06-29,1069,IYN,MATCH_AFTER_DATE_NORMALIZATION
K213436,FDA_AI_LIST_2026-06-29,1070,IYN,MATCH_AFTER_DATE_NORMALIZATION
K211733,FDA_AI_LIST_2026-06-29,1071,QFM,MATCH_AFTER_DATE_NORMALIZATION
K210543,FDA_AI_LIST_2026-06-29,1072,DQK,MATCH_AFTER_DATE_NORMALIZATION
K211161,FDA_AI_LIST_2026-06-29,1073,QIH,MATCH_AFTER_DATE_NORMALIZATION
K212218,FDA_AI_LIST_2026-06-29,1074,QKB,MATCH_AFTER_DATE_NORMALIZATION
K210807,FDA_AI_LIST_2026-06-29,1075,LLZ,MATCH_AFTER_DATE_NORMALIZATION
K212516,FDA_AI_LIST_2026-06-29,1076,QDB,MATCH_AFTER_DATE_NORMALIZATION
K210632,FDA_AI_LIST_2026-06-29,1077,QKB,MATCH_AFTER_DATE_NORMALIZATION
K210999,FDA_AI_LIST_2026-06-29,1078,LLZ,MATCH_AFTER_DATE_NORMALIZATION
K212261,FDA_AI_LIST_2026-06-29,1079,QAS,MATCH_AFTER_DATE_NORMALIZATION
K212116,FDA_AI_LIST_2026-06-29,1080,QKB,MATCH_AFTER_DATE_NORMALIZATION
K202927,FDA_AI_LIST_2026-06-29,1081,QEA,MATCH_AFTER_DATE_NORMALIZATION
K211964,FDA_AI_LIST_2026-06-29,1082,KPS,MATCH_AFTER_DATE_NORMALIZATION
K212704,FDA_AI_LIST_2026-06-29,1083,IYN,MATCH_AFTER_DATE_NORMALIZATION
DEN200080,FDA_AI_LIST_2026-06-29,1084,QPN,MATCH_AFTER_DATE_NORMALIZATION
K212067,FDA_AI_LIST_2026-06-29,1085,JAK,MATCH_AFTER_DATE_NORMALIZATION
K212269,FDA_AI_LIST_2026-06-29,1086,MQB,MATCH_AFTER_DATE_NORMALIZATION
K210085,FDA_AI_LIST_2026-06-29,1087,JAK,MATCH_AFTER_DATE_NORMALIZATION
K203785,FDA_AI_LIST_2026-06-29,1088,QIH,MATCH_AFTER_DATE_NORMALIZATION
K210438,FDA_AI_LIST_2026-06-29,1089,IYN,MATCH_AFTER_DATE_NORMALIZATION
K211828,FDA_AI_LIST_2026-06-29,1090,JAK,MATCH_AFTER_DATE_NORMALIZATION
K211824,FDA_AI_LIST_2026-06-29,1091,IYN,MATCH_AFTER_DATE_NORMALIZATION
K211945,FDA_AI_LIST_2026-06-29,1092,IYN,MATCH_AFTER_DATE_NORMALIZATION
DEN200030,FDA_AI_LIST_2026-06-29,1093,QQI,MATCH_AFTER_DATE_NORMALIZATION
K203555,FDA_AI_LIST_2026-06-29,1094,QIH,MATCH_AFTER_DATE_NORMALIZATION
K211597,FDA_AI_LIST_2026-06-29,1095,IYN,MATCH_AFTER_DATE_NORMALIZATION
K211867,FDA_AI_LIST_2026-06-29,1096,MUJ,MATCH_AFTER_DATE_NORMALIZATION
K211881,FDA_AI_LIST_2026-06-29,1097,MUJ,MATCH_AFTER_DATE_NORMALIZATION
K201560,FDA_AI_LIST_2026-06-29,1098,MYN,MATCH_AFTER_DATE_NORMALIZATION
K212383,FDA_AI_LIST_2026-06-29,1099,OWB,MATCH_AFTER_DATE_NORMALIZATION
K203696,FDA_AI_LIST_2026-06-29,1100,LLZ,MATCH_AFTER_DATE_NORMALIZATION
K211846,FDA_AI_LIST_2026-06-29,1101,KPS,MATCH_AFTER_DATE_NORMALIZATION
K212230,FDA_AI_LIST_2026-06-29,1102,LLZ,MATCH_AFTER_DATE_NORMALIZATION
K211179,FDA_AI_LIST_2026-06-29,1103,QAS,MATCH_AFTER_DATE_NORMALIZATION
K203448,FDA_AI_LIST_2026-06-29,1104,JAK,MATCH_AFTER_DATE_NORMALIZATION
K211764,FDA_AI_LIST_2026-06-29,1105,KPS,MATCH_AFTER_DATE_NORMALIZATION
K212100,FDA_AI_LIST_2026-06-29,1106,IYN,MATCH_AFTER_DATE_NORMALIZATION
K211431,FDA_AI_LIST_2026-06-29,1107,QIH,MATCH_AFTER_DATE_NORMALIZATION
K211222,FDA_AI_LIST_2026-06-29,1108,QIH,MATCH_AFTER_DATE_NORMALIZATION
K211379,FDA_AI_LIST_2026-06-29,1109,MUJ,MATCH_AFTER_DATE_NORMALIZATION
K211655,FDA_AI_LIST_2026-06-29,1110,LLZ,MATCH_AFTER_DATE_NORMALIZATION
K212074,FDA_AI_LIST_2026-06-29,1111,LLZ,MATCH_AFTER_DATE_NORMALIZATION
K211279,FDA_AI_LIST_2026-06-29,1112,LLZ,MATCH_AFTER_DATE_NORMALIZATION
K210791,FDA_AI_LIST_2026-06-29,1113,QIH,MATCH_AFTER_DATE_NORMALIZATION
K211951,FDA_AI_LIST_2026-06-29,1114,QNP,MATCH_AFTER_DATE_NORMALIZATION
K211906,FDA_AI_LIST_2026-06-29,1115,QME,MATCH_AFTER_DATE_NORMALIZATION
K210666,FDA_AI_LIST_2026-06-29,1116,MYN,MATCH_AFTER_DATE_NORMALIZATION
K210719,FDA_AI_LIST_2026-06-29,1117,QIH,MATCH_AFTER_DATE_NORMALIZATION
K211506,FDA_AI_LIST_2026-06-29,1118,QIH,MATCH_AFTER_DATE_NORMALIZATION
K211788,FDA_AI_LIST_2026-06-29,1119,QAS,MATCH_AFTER_DATE_NORMALIZATION
K210611,FDA_AI_LIST_2026-06-29,1120,LNH,MATCH_AFTER_DATE_NORMALIZATION
K210645,FDA_AI_LIST_2026-06-29,1121,MUJ,MATCH_AFTER_DATE_NORMALIZATION
K203514,FDA_AI_LIST_2026-06-29,1122,JAK,MATCH_AFTER_DATE_NORMALIZATION
K202718,FDA_AI_LIST_2026-06-29,1123,LLZ,MATCH_AFTER_DATE_NORMALIZATION
K210034,FDA_AI_LIST_2026-06-29,1124,OLZ,MATCH_AFTER_DATE_NORMALIZATION
K210484,FDA_AI_LIST_2026-06-29,1125,MXD,MATCH_AFTER_DATE_NORMALIZATION
K203629,FDA_AI_LIST_2026-06-29,1126,PIB,MATCH_AFTER_DATE_NORMALIZATION
K211459,FDA_AI_LIST_2026-06-29,1127,QIH,MATCH_AFTER_DATE_NORMALIZATION
K210458,FDA_AI_LIST_2026-06-29,1128,NQQ,MATCH_AFTER_DATE_NORMALIZATION
DEN200069,FDA_AI_LIST_2026-06-29,1129,QPF,MATCH_AFTER_DATE_NORMALIZATION
K210404,FDA_AI_LIST_2026-06-29,1130,QDQ,MATCH_AFTER_DATE_NORMALIZATION
K202527,FDA_AI_LIST_2026-06-29,1131,DQK,MATCH_AFTER_DATE_NORMALIZATION
K210237,FDA_AI_LIST_2026-06-29,1132,QAS,MATCH_AFTER_DATE_NORMALIZATION
K210187,FDA_AI_LIST_2026-06-29,1133,LLZ,MATCH_AFTER_DATE_NORMALIZATION
K211118,FDA_AI_LIST_2026-06-29,1134,LNH,MATCH_AFTER_DATE_NORMALIZATION
K210426,FDA_AI_LIST_2026-06-29,1135,IYN,MATCH_AFTER_DATE_NORMALIZATION
K210001,FDA_AI_LIST_2026-06-29,1136,KPS,MATCH_AFTER_DATE_NORMALIZATION
K203314,FDA_AI_LIST_2026-06-29,1137,KPS,MATCH_AFTER_DATE_NORMALIZATION
K203502,FDA_AI_LIST_2026-06-29,1138,QIH,MATCH_AFTER_DATE_NORMALIZATION
K210556,FDA_AI_LIST_2026-06-29,1139,QIH,MATCH_AFTER_DATE_NORMALIZATION
K203610,FDA_AI_LIST_2026-06-29,1140,QKB,MATCH_AFTER_DATE_NORMALIZATION
K203469,FDA_AI_LIST_2026-06-29,1141,MUJ,MATCH_AFTER_DATE_NORMALIZATION
K203517,FDA_AI_LIST_2026-06-29,1142,QFM,MATCH_AFTER_DATE_NORMALIZATION
K202992,FDA_AI_LIST_2026-06-29,1143,QFM,MATCH_AFTER_DATE_NORMALIZATION
DEN200055,FDA_AI_LIST_2026-06-29,1144,QNP,MATCH_AFTER_DATE_NORMALIZATION
K202928,FDA_AI_LIST_2026-06-29,1145,QKB,MATCH_AFTER_DATE_NORMALIZATION
K202441,FDA_AI_LIST_2026-06-29,1146,MQB,MATCH_AFTER_DATE_NORMALIZATION
DEN200038,FDA_AI_LIST_2026-06-29,1147,QOK,MATCH_AFTER_DATE_NORMALIZATION
K210071,FDA_AI_LIST_2026-06-29,1148,LLZ,MATCH_AFTER_DATE_NORMALIZATION
K203258,FDA_AI_LIST_2026-06-29,1149,OEB,MATCH_AFTER_DATE_NORMALIZATION
K203443,FDA_AI_LIST_2026-06-29,1150,LNH,MATCH_AFTER_DATE_NORMALIZATION
DEN200019,FDA_AI_LIST_2026-06-29,1151,QME,MATCH_AFTER_DATE_NORMALIZATION
K203225,FDA_AI_LIST_2026-06-29,1152,JAK,MATCH_AFTER_DATE_NORMALIZATION
K210209,FDA_AI_LIST_2026-06-29,1153,QAS,MATCH_AFTER_DATE_NORMALIZATION
K203235,FDA_AI_LIST_2026-06-29,1154,QKB,MATCH_AFTER_DATE_NORMALIZATION
K202284,FDA_AI_LIST_2026-06-29,1155,MUJ,MATCH_AFTER_DATE_NORMALIZATION
K203822,FDA_AI_LIST_2026-06-29,1156,QDQ,MATCH_AFTER_DATE_NORMALIZATION
K203256,FDA_AI_LIST_2026-06-29,1157,QIH,MATCH_AFTER_DATE_NORMALIZATION
K202300,FDA_AI_LIST_2026-06-29,1158,POK,MATCH_AFTER_DATE_NORMALIZATION
K203323,FDA_AI_LIST_2026-06-29,1159,LNH,MATCH_AFTER_DATE_NORMALIZATION
K203617,FDA_AI_LIST_2026-06-29,1160,JAK,MATCH_AFTER_DATE_NORMALIZATION
DEN200022,FDA_AI_LIST_2026-06-29,1161,QNV,MATCH_AFTER_DATE_NORMALIZATION
K203182,FDA_AI_LIST_2026-06-29,1162,LLZ,MATCH_AFTER_DATE_NORMALIZATION
K202990,FDA_AI_LIST_2026-06-29,1163,LLZ,MATCH_AFTER_DATE_NORMALIZATION
K203578,FDA_AI_LIST_2026-06-29,1164,NQQ,MATCH_AFTER_DATE_NORMALIZATION
K202212,FDA_AI_LIST_2026-06-29,1165,LLZ,MATCH_AFTER_DATE_NORMALIZATION
K203103,FDA_AI_LIST_2026-06-29,1166,LLZ,MATCH_AFTER_DATE_NORMALIZATION
K210053,FDA_AI_LIST_2026-06-29,1167,QIH,MATCH_AFTER_DATE_NORMALIZATION
K203582,FDA_AI_LIST_2026-06-29,1168,LLZ,MATCH_AFTER_DATE_NORMALIZATION
K201411,FDA_AI_LIST_2026-06-29,1169,QIH,MATCH_AFTER_DATE_NORMALIZATION
K202767,FDA_AI_LIST_2026-06-29,1170,LNH,MATCH_AFTER_DATE_NORMALIZATION
K193271,FDA_AI_LIST_2026-06-29,1171,QFM,MATCH_AFTER_DATE_NORMALIZATION
K202700,FDA_AI_LIST_2026-06-29,1172,QKB,MATCH_AFTER_DATE_NORMALIZATION
K203280,FDA_AI_LIST_2026-06-29,1173,LNH,MATCH_AFTER_DATE_NORMALIZATION
K201836,FDA_AI_LIST_2026-06-29,1174,JAK,MATCH_AFTER_DATE_NORMALIZATION
P200003,FDA_AI_LIST_2026-06-29,1175,QNK,MATCH_AFTER_DATE_NORMALIZATION
K200717,FDA_AI_LIST_2026-06-29,1176,QNL,MATCH_AFTER_DATE_NORMALIZATION
K203329,FDA_AI_LIST_2026-06-29,1177,PJA,MATCH_AFTER_DATE_NORMALIZATION
K202414,FDA_AI_LIST_2026-06-29,1178,LLZ,MATCH_AFTER_DATE_NORMALIZATION
K203508,FDA_AI_LIST_2026-06-29,1179,QAS,MATCH_AFTER_DATE_NORMALIZATION
K202229,FDA_AI_LIST_2026-06-29,1180,LLZ,MATCH_AFTER_DATE_NORMALIZATION
K201555,FDA_AI_LIST_2026-06-29,1181,POK,MATCH_AFTER_DATE_NORMALIZATION
K203042,FDA_AI_LIST_2026-06-29,1182,JAK,MATCH_AFTER_DATE_NORMALIZATION
K201745,FDA_AI_LIST_2026-06-29,1183,JAK,MATCH_AFTER_DATE_NORMALIZATION
K201039,FDA_AI_LIST_2026-06-29,1184,LNH,MATCH_AFTER_DATE_NORMALIZATION
K202487,FDA_AI_LIST_2026-06-29,1185,LLZ,MATCH_AFTER_DATE_NORMALIZATION
K203169,FDA_AI_LIST_2026-06-29,1186,JAK,MATCH_AFTER_DATE_NORMALIZATION
K193287,FDA_AI_LIST_2026-06-29,1187,LLZ,MATCH_AFTER_DATE_NORMALIZATION
K200873,FDA_AI_LIST_2026-06-29,1188,QAS,MATCH_AFTER_DATE_NORMALIZATION
K201019,FDA_AI_LIST_2026-06-29,1189,QDQ,MATCH_AFTER_DATE_NORMALIZATION
K201195,FDA_AI_LIST_2026-06-29,1190,QIH,MATCH_AFTER_DATE_NORMALIZATION
K193306,FDA_AI_LIST_2026-06-29,1191,LLZ,MATCH_AFTER_DATE_NORMALIZATION
K193289,FDA_AI_LIST_2026-06-29,1192,JAK,MATCH_AFTER_DATE_NORMALIZATION
K201985,FDA_AI_LIST_2026-06-29,1193,DQK,MATCH_AFTER_DATE_NORMALIZATION
K193562,FDA_AI_LIST_2026-06-29,1194,QKB,MATCH_AFTER_DATE_NORMALIZATION
K200750,FDA_AI_LIST_2026-06-29,1195,LLZ,MATCH_AFTER_DATE_NORMALIZATION
K202013,FDA_AI_LIST_2026-06-29,1196,QIH,MATCH_AFTER_DATE_NORMALIZATION
K200323,FDA_AI_LIST_2026-06-29,1197,QKB,MATCH_AFTER_DATE_NORMALIZATION
K202089,FDA_AI_LIST_2026-06-29,1198,POV,MATCH_AFTER_DATE_NORMALIZATION
K201710,FDA_AI_LIST_2026-06-29,1199,LLZ,MATCH_AFTER_DATE_NORMALIZATION
K200595,FDA_AI_LIST_2026-06-29,1200,JOY,MATCH_AFTER_DATE_NORMALIZATION
K201615,FDA_AI_LIST_2026-06-29,1201,LNH,MATCH_AFTER_DATE_NORMALIZATION
K202501,FDA_AI_LIST_2026-06-29,1202,LLZ,MATCH_AFTER_DATE_NORMALIZATION
K193631,FDA_AI_LIST_2026-06-29,1203,DQD,MATCH_AFTER_DATE_NORMALIZATION
K202280,FDA_AI_LIST_2026-06-29,1204,LLZ,MATCH_AFTER_DATE_NORMALIZATION
K202170,FDA_AI_LIST_2026-06-29,1205,LNH,MATCH_AFTER_DATE_NORMALIZATION
K201301,FDA_AI_LIST_2026-06-29,1206,JOY,MATCH_AFTER_DATE_NORMALIZATION
K192051,FDA_AI_LIST_2026-06-29,1207,LLZ,MATCH_AFTER_DATE_NORMALIZATION
K202546,FDA_AI_LIST_2026-06-29,1208,QIH,MATCH_AFTER_DATE_NORMALIZATION
K201103,FDA_AI_LIST_2026-06-29,1209,LLZ,MATCH_AFTER_DATE_NORMALIZATION
K200569,FDA_AI_LIST_2026-06-29,1210,MUJ,MATCH_AFTER_DATE_NORMALIZATION
K201992,FDA_AI_LIST_2026-06-29,1211,QJU,MATCH_AFTER_DATE_NORMALIZATION
K200852,FDA_AI_LIST_2026-06-29,1212,LLZ,MATCH_AFTER_DATE_NORMALIZATION
K201369,FDA_AI_LIST_2026-06-29,1213,LLZ,MATCH_AFTER_DATE_NORMALIZATION
K201298,FDA_AI_LIST_2026-06-29,1214,DQK,MATCH_AFTER_DATE_NORMALIZATION
K192665,FDA_AI_LIST_2026-06-29,1215,PRH,MATCH_AFTER_DATE_NORMALIZATION
K200708,FDA_AI_LIST_2026-06-29,1216,IYN,MATCH_AFTER_DATE_NORMALIZATION
K200851,FDA_AI_LIST_2026-06-29,1217,IYN,MATCH_AFTER_DATE_NORMALIZATION
K201841,FDA_AI_LIST_2026-06-29,1218,QEA,MATCH_AFTER_DATE_NORMALIZATION
K202238,FDA_AI_LIST_2026-06-29,1219,LNH,MATCH_AFTER_DATE_NORMALIZATION
K200833,FDA_AI_LIST_2026-06-29,1220,MLO,MATCH_AFTER_DATE_NORMALIZATION
K201020,FDA_AI_LIST_2026-06-29,1221,QAS,MATCH_AFTER_DATE_NORMALIZATION
K200714,FDA_AI_LIST_2026-06-29,1222,LLZ,MATCH_AFTER_DATE_NORMALIZATION
K201632,FDA_AI_LIST_2026-06-29,1223,LLZ,MATCH_AFTER_DATE_NORMALIZATION
K201444,FDA_AI_LIST_2026-06-29,1224,MUJ,MATCH_AFTER_DATE_NORMALIZATION
K201232,FDA_AI_LIST_2026-06-29,1225,LLZ,MATCH_AFTER_DATE_NORMALIZATION
K200990,FDA_AI_LIST_2026-06-29,1226,JAK,MATCH_AFTER_DATE_NORMALIZATION
K201310,FDA_AI_LIST_2026-06-29,1227,QAS,MATCH_AFTER_DATE_NORMALIZATION
K193210,FDA_AI_LIST_2026-06-29,1228,KPS,MATCH_AFTER_DATE_NORMALIZATION
K200667,FDA_AI_LIST_2026-06-29,1229,PIB,MATCH_AFTER_DATE_NORMALIZATION
K193417,FDA_AI_LIST_2026-06-29,1230,QBS,MATCH_AFTER_DATE_NORMALIZATION
K193283,FDA_AI_LIST_2026-06-29,1231,QIH,MATCH_AFTER_DATE_NORMALIZATION
K200743,FDA_AI_LIST_2026-06-29,1232,IYN,MATCH_AFTER_DATE_NORMALIZATION
K200621,FDA_AI_LIST_2026-06-29,1233,QIH,MATCH_AFTER_DATE_NORMALIZATION
K200497,FDA_AI_LIST_2026-06-29,1234,IYN,MATCH_AFTER_DATE_NORMALIZATION
K200905,FDA_AI_LIST_2026-06-29,1235,QFM,MATCH_AFTER_DATE_NORMALIZATION
K193097,FDA_AI_LIST_2026-06-29,1236,LNH,MATCH_AFTER_DATE_NORMALIZATION
K193294,FDA_AI_LIST_2026-06-29,1237,LLZ,MATCH_AFTER_DATE_NORMALIZATION
K192969,FDA_AI_LIST_2026-06-29,1238,QIH,MATCH_AFTER_DATE_NORMALIZATION
K200941,FDA_AI_LIST_2026-06-29,1239,QAS,MATCH_AFTER_DATE_NORMALIZATION
K193073,FDA_AI_LIST_2026-06-29,1240,JAK,MATCH_AFTER_DATE_NORMALIZATION
K193252,FDA_AI_LIST_2026-06-29,1241,QKB,MATCH_AFTER_DATE_NORMALIZATION
K192880,FDA_AI_LIST_2026-06-29,1242,OEB,MATCH_AFTER_DATE_NORMALIZATION
K200760,FDA_AI_LIST_2026-06-29,1243,POK,MATCH_AFTER_DATE_NORMALIZATION
K200855,FDA_AI_LIST_2026-06-29,1244,QAS,MATCH_AFTER_DATE_NORMALIZATION
K200232,FDA_AI_LIST_2026-06-29,1245,QIH,MATCH_AFTER_DATE_NORMALIZATION
K193298,FDA_AI_LIST_2026-06-29,1246,QAS,MATCH_AFTER_DATE_NORMALIZATION
K200921,FDA_AI_LIST_2026-06-29,1247,QAS,MATCH_AFTER_DATE_NORMALIZATION
K193290,FDA_AI_LIST_2026-06-29,1248,LLZ,MATCH_AFTER_DATE_NORMALIZATION
K200356,FDA_AI_LIST_2026-06-29,1249,QIH,MATCH_AFTER_DATE_NORMALIZATION
K200980,FDA_AI_LIST_2026-06-29,1250,IYO,MATCH_AFTER_DATE_NORMALIZATION
K200974,FDA_AI_LIST_2026-06-29,1251,QIH,MATCH_AFTER_DATE_NORMALIZATION
K192601,FDA_AI_LIST_2026-06-29,1252,QIH,MATCH_AFTER_DATE_NORMALIZATION
K201034,FDA_AI_LIST_2026-06-29,1253,JAK,MATCH_AFTER_DATE_NORMALIZATION
K192901,FDA_AI_LIST_2026-06-29,1254,QFM,MATCH_AFTER_DATE_NORMALIZATION
K193176,FDA_AI_LIST_2026-06-29,1255,LNH,MATCH_AFTER_DATE_NORMALIZATION
K193220,FDA_AI_LIST_2026-06-29,1256,LLZ,MATCH_AFTER_DATE_NORMALIZATION
K201012,FDA_AI_LIST_2026-06-29,1257,IYN,MATCH_AFTER_DATE_NORMALIZATION
K193351,FDA_AI_LIST_2026-06-29,1258,QAS,MATCH_AFTER_DATE_NORMALIZATION
K200755,FDA_AI_LIST_2026-06-29,1259,QJU,MATCH_AFTER_DATE_NORMALIZATION
K192167,FDA_AI_LIST_2026-06-29,1260,QAS,MATCH_AFTER_DATE_NORMALIZATION
K193282,FDA_AI_LIST_2026-06-29,1261,LNH,MATCH_AFTER_DATE_NORMALIZATION
K193300,FDA_AI_LIST_2026-06-29,1262,QFM,MATCH_AFTER_DATE_NORMALIZATION
K193087,FDA_AI_LIST_2026-06-29,1263,QAS,MATCH_AFTER_DATE_NORMALIZATION
K193518,FDA_AI_LIST_2026-06-29,1264,IYN,MATCH_AFTER_DATE_NORMALIZATION
K192732,FDA_AI_LIST_2026-06-29,1265,DSI,MATCH_AFTER_DATE_NORMALIZATION
K192437,FDA_AI_LIST_2026-06-29,1266,QIH,MATCH_AFTER_DATE_NORMALIZATION
K192854,FDA_AI_LIST_2026-06-29,1267,QDQ,MATCH_AFTER_DATE_NORMALIZATION
K193281,FDA_AI_LIST_2026-06-29,1268,JAK,MATCH_AFTER_DATE_NORMALIZATION
K200036,FDA_AI_LIST_2026-06-29,1269,DPS,MATCH_AFTER_DATE_NORMALIZATION
K193658,FDA_AI_LIST_2026-06-29,1270,QAS,MATCH_AFTER_DATE_NORMALIZATION
K193267,FDA_AI_LIST_2026-06-29,1271,JAK,MATCH_AFTER_DATE_NORMALIZATION
K192388,FDA_AI_LIST_2026-06-29,1272,IYN,MATCH_AFTER_DATE_NORMALIZATION
K193216,FDA_AI_LIST_2026-06-29,1273,OEB,MATCH_AFTER_DATE_NORMALIZATION
K192574,FDA_AI_LIST_2026-06-29,1274,LNH,MATCH_AFTER_DATE_NORMALIZATION
K193229,FDA_AI_LIST_2026-06-29,1275,QDQ,MATCH_AFTER_DATE_NORMALIZATION
K191550,FDA_AI_LIST_2026-06-29,1276,JAK,MATCH_AFTER_DATE_NORMALIZATION
K192962,FDA_AI_LIST_2026-06-29,1277,LLZ,MATCH_AFTER_DATE_NORMALIZATION
K191556,FDA_AI_LIST_2026-06-29,1278,QFM,MATCH_AFTER_DATE_NORMALIZATION
K191928,FDA_AI_LIST_2026-06-29,1279,QKB,MATCH_AFTER_DATE_NORMALIZATION
K192832,FDA_AI_LIST_2026-06-29,1280,JAK,MATCH_AFTER_DATE_NORMALIZATION
K192973,FDA_AI_LIST_2026-06-29,1281,LLZ,MATCH_AFTER_DATE_NORMALIZATION
K193248,FDA_AI_LIST_2026-06-29,1282,KPS,MATCH_AFTER_DATE_NORMALIZATION
K192828,FDA_AI_LIST_2026-06-29,1283,JAK,MATCH_AFTER_DATE_NORMALIZATION
K193178,FDA_AI_LIST_2026-06-29,1284,KPS,MATCH_AFTER_DATE_NORMALIZATION
K192377,FDA_AI_LIST_2026-06-29,1285,IYE,MATCH_AFTER_DATE_NORMALIZATION
DEN190040,FDA_AI_LIST_2026-06-29,1286,QJU,MATCH_AFTER_DATE_NORMALIZATION
K193109,FDA_AI_LIST_2026-06-29,1287,MUJ,MATCH_AFTER_DATE_NORMALIZATION
K192415,FDA_AI_LIST_2026-06-29,1288,DXH,MATCH_AFTER_DATE_NORMALIZATION
K192956,FDA_AI_LIST_2026-06-29,1289,JAK,MATCH_AFTER_DATE_NORMALIZATION
K191125,FDA_AI_LIST_2026-06-29,1290,LLZ,MATCH_AFTER_DATE_NORMALIZATION
K192004,FDA_AI_LIST_2026-06-29,1291,MWI,MATCH_AFTER_DATE_NORMALIZATION
K183089,FDA_AI_LIST_2026-06-29,1292,BZG,MATCH_AFTER_DATE_NORMALIZATION
K192383,FDA_AI_LIST_2026-06-29,1293,QAS,MATCH_AFTER_DATE_NORMALIZATION
K191647,FDA_AI_LIST_2026-06-29,1294,QIH,MATCH_AFTER_DATE_NORMALIZATION
K192763,FDA_AI_LIST_2026-06-29,1295,JAK,MATCH_AFTER_DATE_NORMALIZATION
K192531,FDA_AI_LIST_2026-06-29,1296,LLZ,MATCH_AFTER_DATE_NORMALIZATION
K193170,FDA_AI_LIST_2026-06-29,1297,JAK,MATCH_AFTER_DATE_NORMALIZATION
K192130,FDA_AI_LIST_2026-06-29,1298,LLZ,MATCH_AFTER_DATE_NORMALIZATION
K192571,FDA_AI_LIST_2026-06-29,1299,LLZ,MATCH_AFTER_DATE_NORMALIZATION
K192287,FDA_AI_LIST_2026-06-29,1300,QDQ,MATCH_AFTER_DATE_NORMALIZATION
K192442,FDA_AI_LIST_2026-06-29,1301,QEK,MATCH_AFTER_DATE_NORMALIZATION
K192279,FDA_AI_LIST_2026-06-29,1302,LLZ,MATCH_AFTER_DATE_NORMALIZATION
K192945,FDA_AI_LIST_2026-06-29,1303,HAW,MATCH_AFTER_DATE_NORMALIZATION
K192320,FDA_AI_LIST_2026-06-29,1304,QFM,MATCH_AFTER_DATE_NORMALIZATION
K190529,FDA_AI_LIST_2026-06-29,1305,QJB,MATCH_AFTER_DATE_NORMALIZATION
K191278,FDA_AI_LIST_2026-06-29,1306,LLZ,MATCH_AFTER_DATE_NORMALIZATION
K191171,FDA_AI_LIST_2026-06-29,1307,QIH,MATCH_AFTER_DATE_NORMALIZATION
K191026,FDA_AI_LIST_2026-06-29,1308,LLZ,MATCH_AFTER_DATE_NORMALIZATION
K190868,FDA_AI_LIST_2026-06-29,1309,LLZ,MATCH_AFTER_DATE_NORMALIZATION
K192109,FDA_AI_LIST_2026-06-29,1310,LLZ,MATCH_AFTER_DATE_NORMALIZATION
K190013,FDA_AI_LIST_2026-06-29,1311,MRZ,MATCH_AFTER_DATE_NORMALIZATION
K190334,FDA_AI_LIST_2026-06-29,1312,MUD,MATCH_AFTER_DATE_NORMALIZATION
K190898,FDA_AI_LIST_2026-06-29,1313,GKZ,MATCH_AFTER_DATE_NORMALIZATION
K183274,FDA_AI_LIST_2026-06-29,1314,LNH,MATCH_AFTER_DATE_NORMALIZATION
K192455,FDA_AI_LIST_2026-06-29,1315,LLZ,MATCH_AFTER_DATE_NORMALIZATION
K191493,FDA_AI_LIST_2026-06-29,1316,LLZ,MATCH_AFTER_DATE_NORMALIZATION
K191994,FDA_AI_LIST_2026-06-29,1317,QDQ,MATCH_AFTER_DATE_NORMALIZATION
K191713,FDA_AI_LIST_2026-06-29,1318,JAA,MATCH_AFTER_DATE_NORMALIZATION
K192065,FDA_AI_LIST_2026-06-29,1319,MUJ,MATCH_AFTER_DATE_NORMALIZATION
K191688,FDA_AI_LIST_2026-06-29,1320,LLZ,MATCH_AFTER_DATE_NORMALIZATION
K192304,FDA_AI_LIST_2026-06-29,1321,LLZ,MATCH_AFTER_DATE_NORMALIZATION
K190815,FDA_AI_LIST_2026-06-29,1322,PIW,MATCH_AFTER_DATE_NORMALIZATION
K183370,FDA_AI_LIST_2026-06-29,1323,MWI,MATCH_AFTER_DATE_NORMALIZATION
K183268,FDA_AI_LIST_2026-06-29,1324,JAK,MATCH_AFTER_DATE_NORMALIZATION
K191179,FDA_AI_LIST_2026-06-29,1325,GXY,MATCH_AFTER_DATE_NORMALIZATION
K183489,FDA_AI_LIST_2026-06-29,1326,LLZ,MATCH_AFTER_DATE_NORMALIZATION
K192107,FDA_AI_LIST_2026-06-29,1327,IYN,MATCH_AFTER_DATE_NORMALIZATION
K190593,FDA_AI_LIST_2026-06-29,1328,DQK,MATCH_AFTER_DATE_NORMALIZATION
K190925,FDA_AI_LIST_2026-06-29,1329,PJA,MATCH_AFTER_DATE_NORMALIZATION
K183282,FDA_AI_LIST_2026-06-29,1330,PLB,MATCH_AFTER_DATE_NORMALIZATION
K183182,FDA_AI_LIST_2026-06-29,1331,QFM,MATCH_AFTER_DATE_NORMALIZATION
K191262,FDA_AI_LIST_2026-06-29,1332,LLZ,MATCH_AFTER_DATE_NORMALIZATION
K191183,FDA_AI_LIST_2026-06-29,1333,QEA,MATCH_AFTER_DATE_NORMALIZATION
K182384,FDA_AI_LIST_2026-06-29,1334,JFY,MATCH_AFTER_DATE_NORMALIZATION
K183271,FDA_AI_LIST_2026-06-29,1335,JAK,MATCH_AFTER_DATE_NORMALIZATION
K182798,FDA_AI_LIST_2026-06-29,1336,PBH,MATCH_AFTER_DATE_NORMALIZATION
K191370,FDA_AI_LIST_2026-06-29,1337,QCC,MATCH_AFTER_DATE_NORMALIZATION
K191585,FDA_AI_LIST_2026-06-29,1338,LLZ,MATCH_AFTER_DATE_NORMALIZATION
K183322,FDA_AI_LIST_2026-06-29,1339,DPS,MATCH_AFTER_DATE_NORMALIZATION
K182875,FDA_AI_LIST_2026-06-29,1340,QAS,MATCH_AFTER_DATE_NORMALIZATION
K191384,FDA_AI_LIST_2026-06-29,1341,MUJ,MATCH_AFTER_DATE_NORMALIZATION
K182901,FDA_AI_LIST_2026-06-29,1342,JAK,MATCH_AFTER_DATE_NORMALIZATION
K190442,FDA_AI_LIST_2026-06-29,1343,POK,MATCH_AFTER_DATE_NORMALIZATION
K190017,FDA_AI_LIST_2026-06-29,1344,LNH,MATCH_AFTER_DATE_NORMALIZATION
K191194,FDA_AI_LIST_2026-06-29,1345,QER,MATCH_AFTER_DATE_NORMALIZATION
K190387,FDA_AI_LIST_2026-06-29,1346,MUJ,MATCH_AFTER_DATE_NORMALIZATION
K183460,FDA_AI_LIST_2026-06-29,1347,LLZ,MATCH_AFTER_DATE_NORMALIZATION
K190424,FDA_AI_LIST_2026-06-29,1348,QAS,MATCH_AFTER_DATE_NORMALIZATION
K183046,FDA_AI_LIST_2026-06-29,1349,JAK,MATCH_AFTER_DATE_NORMALIZATION
K190896,FDA_AI_LIST_2026-06-29,1350,QAS,MATCH_AFTER_DATE_NORMALIZATION
K191083,FDA_AI_LIST_2026-06-29,1351,GXY,MATCH_AFTER_DATE_NORMALIZATION
K183646,FDA_AI_LIST_2026-06-29,1352,QAQ,MATCH_AFTER_DATE_NORMALIZATION
K183648,FDA_AI_LIST_2026-06-29,1353,PPU,MATCH_AFTER_DATE_NORMALIZATION
K190764,FDA_AI_LIST_2026-06-29,1354,LLZ,MATCH_AFTER_DATE_NORMALIZATION
K190362,FDA_AI_LIST_2026-06-29,1355,QFM,MATCH_AFTER_DATE_NORMALIZATION
K182513,FDA_AI_LIST_2026-06-29,1356,OZE,MATCH_AFTER_DATE_NORMALIZATION
K183593,FDA_AI_LIST_2026-06-29,1357,LLZ,MATCH_AFTER_DATE_NORMALIZATION
K181988,FDA_AI_LIST_2026-06-29,1358,DQD,MATCH_AFTER_DATE_NORMALIZATION
K190072,FDA_AI_LIST_2026-06-29,1359,QAS,MATCH_AFTER_DATE_NORMALIZATION
K183202,FDA_AI_LIST_2026-06-29,1360,JAK,MATCH_AFTER_DATE_NORMALIZATION
K183204,FDA_AI_LIST_2026-06-29,1361,JAK,MATCH_AFTER_DATE_NORMALIZATION
K181352,FDA_AI_LIST_2026-06-29,1362,DQA,MATCH_AFTER_DATE_NORMALIZATION
K183019,FDA_AI_LIST_2026-06-29,1363,LLZ,MATCH_AFTER_DATE_NORMALIZATION
K181823,FDA_AI_LIST_2026-06-29,1364,DQK,MATCH_AFTER_DATE_NORMALIZATION
K183285,FDA_AI_LIST_2026-06-29,1365,QFM,MATCH_AFTER_DATE_NORMALIZATION
K182344,FDA_AI_LIST_2026-06-29,1366,DQK,MATCH_AFTER_DATE_NORMALIZATION
K183704,FDA_AI_LIST_2026-06-29,1367,DXH,MATCH_AFTER_DATE_NORMALIZATION
K181916,FDA_AI_LIST_2026-06-29,1368,NDC,MATCH_AFTER_DATE_NORMALIZATION
K183272,FDA_AI_LIST_2026-06-29,1369,LLZ,MATCH_AFTER_DATE_NORMALIZATION
K183231,FDA_AI_LIST_2026-06-29,1370,LNH,MATCH_AFTER_DATE_NORMALIZATION
K182456,FDA_AI_LIST_2026-06-29,1371,DXH,MATCH_AFTER_DATE_NORMALIZATION
K183133,FDA_AI_LIST_2026-06-29,1372,LLZ,MATCH_AFTER_DATE_NORMALIZATION
K180867,FDA_AI_LIST_2026-06-29,1373,LLZ,MATCH_AFTER_DATE_NORMALIZATION
DEN170091,FDA_AI_LIST_2026-06-29,1374,QEA,MATCH_AFTER_DATE_NORMALIZATION
K182564,FDA_AI_LIST_2026-06-29,1375,LLZ,MATCH_AFTER_DATE_NORMALIZATION
K182130,FDA_AI_LIST_2026-06-29,1376,LLZ,MATCH_AFTER_DATE_NORMALIZATION
K183012,FDA_AI_LIST_2026-06-29,1377,LLZ,MATCH_AFTER_DATE_NORMALIZATION
K181861,FDA_AI_LIST_2026-06-29,1378,POS,MATCH_AFTER_DATE_NORMALIZATION
K182149,FDA_AI_LIST_2026-06-29,1379,QEK,MATCH_AFTER_DATE_NORMALIZATION
K182790,FDA_AI_LIST_2026-06-29,1380,DPS,MATCH_AFTER_DATE_NORMALIZATION
K182419,FDA_AI_LIST_2026-06-29,1381,LLZ,MATCH_AFTER_DATE_NORMALIZATION
K182035,FDA_AI_LIST_2026-06-29,1382,PJA,MATCH_AFTER_DATE_NORMALIZATION
K182373,FDA_AI_LIST_2026-06-29,1383,QDQ,MATCH_AFTER_DATE_NORMALIZATION
K173749,FDA_AI_LIST_2026-06-29,1384,LNH,MATCH_AFTER_DATE_NORMALIZATION
K182218,FDA_AI_LIST_2026-06-29,1385,PCS,MATCH_AFTER_DATE_NORMALIZATION
K182336,FDA_AI_LIST_2026-06-29,1386,KPS,MATCH_AFTER_DATE_NORMALIZATION
K182181,FDA_AI_LIST_2026-06-29,1387,OMB,MATCH_AFTER_DATE_NORMALIZATION
K181704,FDA_AI_LIST_2026-06-29,1388,QDQ,MATCH_AFTER_DATE_NORMALIZATION
K181247,FDA_AI_LIST_2026-06-29,1389,LLZ,MATCH_AFTER_DATE_NORMALIZATION
K180432,FDA_AI_LIST_2026-06-29,1390,DQK,MATCH_AFTER_DATE_NORMALIZATION
K180343,FDA_AI_LIST_2026-06-29,1391,POV,MATCH_AFTER_DATE_NORMALIZATION
K181939,FDA_AI_LIST_2026-06-29,1392,LLZ,MATCH_AFTER_DATE_NORMALIZATION
K181288,FDA_AI_LIST_2026-06-29,1393,GKZ,MATCH_AFTER_DATE_NORMALIZATION
K182616,FDA_AI_LIST_2026-06-29,1394,NQQ,MATCH_AFTER_DATE_NORMALIZATION
K182177,FDA_AI_LIST_2026-06-29,1395,QAS,MATCH_AFTER_DATE_NORMALIZATION
K181685,FDA_AI_LIST_2026-06-29,1396,IYN,MATCH_AFTER_DATE_NORMALIZATION
K182034,FDA_AI_LIST_2026-06-29,1397,LLZ,MATCH_AFTER_DATE_NORMALIZATION
K181892,FDA_AI_LIST_2026-06-29,1398,LLZ,MATCH_AFTER_DATE_NORMALIZATION
K182112,FDA_AI_LIST_2026-06-29,1399,GXY,MATCH_AFTER_DATE_NORMALIZATION
K181771,FDA_AI_LIST_2026-06-29,1400,GWN,MATCH_AFTER_DATE_NORMALIZATION
K173872,FDA_AI_LIST_2026-06-29,1401,DXH,MATCH_AFTER_DATE_NORMALIZATION
K182310,FDA_AI_LIST_2026-06-29,1402,LLZ,MATCH_AFTER_DATE_NORMALIZATION
K181502,FDA_AI_LIST_2026-06-29,1403,DQK,MATCH_AFTER_DATE_NORMALIZATION
DEN170090,FDA_AI_LIST_2026-06-29,1404,QCJ,MATCH_AFTER_DATE_NORMALIZATION
K180647,FDA_AI_LIST_2026-06-29,1405,QAS,MATCH_AFTER_DATE_NORMALIZATION
K173444,FDA_AI_LIST_2026-06-29,1406,LLZ,MATCH_AFTER_DATE_NORMALIZATION
K173327,FDA_AI_LIST_2026-06-29,1407,JIL,MATCH_AFTER_DATE_NORMALIZATION
K181574,FDA_AI_LIST_2026-06-29,1408,IYO,MATCH_AFTER_DATE_NORMALIZATION
K181572,FDA_AI_LIST_2026-06-29,1409,QKB,MATCH_AFTER_DATE_NORMALIZATION
K180038,FDA_AI_LIST_2026-06-29,1410,OLO,MATCH_AFTER_DATE_NORMALIZATION
K173574,FDA_AI_LIST_2026-06-29,1411,LLZ,MATCH_AFTER_DATE_NORMALIZATION
K173780,FDA_AI_LIST_2026-06-29,1412,LLZ,MATCH_AFTER_DATE_NORMALIZATION
K172983,FDA_AI_LIST_2026-06-29,1413,JAK,MATCH_AFTER_DATE_NORMALIZATION
DEN170043,FDA_AI_LIST_2026-06-29,1414,QCC,MATCH_AFTER_DATE_NORMALIZATION
K173821,FDA_AI_LIST_2026-06-29,1415,JAK,MATCH_AFTER_DATE_NORMALIZATION
K180163,FDA_AI_LIST_2026-06-29,1416,NAY,MATCH_AFTER_DATE_NORMALIZATION
DEN180005,FDA_AI_LIST_2026-06-29,1417,QBS,MATCH_AFTER_DATE_NORMALIZATION
K180799,FDA_AI_LIST_2026-06-29,1418,IYN,MATCH_AFTER_DATE_NORMALIZATION
K173810,FDA_AI_LIST_2026-06-29,1419,IYN,MATCH_AFTER_DATE_NORMALIZATION
K180599,FDA_AI_LIST_2026-06-29,1420,IYN,MATCH_AFTER_DATE_NORMALIZATION
K172959,FDA_AI_LIST_2026-06-29,1421,MWI,MATCH_AFTER_DATE_NORMALIZATION
K180161,FDA_AI_LIST_2026-06-29,1422,LLZ,MATCH_AFTER_DATE_NORMALIZATION
K180126,FDA_AI_LIST_2026-06-29,1423,OBH,MATCH_AFTER_DATE_NORMALIZATION
DEN180001,FDA_AI_LIST_2026-06-29,1424,PIB,MATCH_AFTER_DATE_NORMALIZATION
K180589,FDA_AI_LIST_2026-06-29,1425,JAA,MATCH_AFTER_DATE_NORMALIZATION
DEN160044,FDA_AI_LIST_2026-06-29,1426,QAQ,MATCH_AFTER_DATE_NORMALIZATION
K173839,FDA_AI_LIST_2026-06-29,1427,OIW,MATCH_AFTER_DATE_NORMALIZATION
K173939,FDA_AI_LIST_2026-06-29,1428,LLZ,MATCH_AFTER_DATE_NORMALIZATION
K173605,FDA_AI_LIST_2026-06-29,1429,LLZ,MATCH_AFTER_DATE_NORMALIZATION
K170540,FDA_AI_LIST_2026-06-29,1430,LLZ,MATCH_AFTER_DATE_NORMALIZATION
DEN170073,FDA_AI_LIST_2026-06-29,1431,QAS,MATCH_AFTER_DATE_NORMALIZATION
K180091,FDA_AI_LIST_2026-06-29,1432,LLZ,MATCH_AFTER_DATE_NORMALIZATION
K173542,FDA_AI_LIST_2026-06-29,1433,LLZ,MATCH_AFTER_DATE_NORMALIZATION
K173588,FDA_AI_LIST_2026-06-29,1434,LLZ,MATCH_AFTER_DATE_NORMALIZATION
K171122,FDA_AI_LIST_2026-06-29,1435,PNN,MATCH_AFTER_DATE_NORMALIZATION
K171328,FDA_AI_LIST_2026-06-29,1436,LLZ,MATCH_AFTER_DATE_NORMALIZATION
K171056,FDA_AI_LIST_2026-06-29,1437,MWI,MATCH_AFTER_DATE_NORMALIZATION
K173420,FDA_AI_LIST_2026-06-29,1438,LLZ,MATCH_AFTER_DATE_NORMALIZATION
K172507,FDA_AI_LIST_2026-06-29,1439,DSB,MATCH_AFTER_DATE_NORMALIZATION
K163694,FDA_AI_LIST_2026-06-29,1440,DRG,MATCH_AFTER_DATE_NORMALIZATION
K172803,FDA_AI_LIST_2026-06-29,1441,LLZ,MATCH_AFTER_DATE_NORMALIZATION
K163623,FDA_AI_LIST_2026-06-29,1442,LLZ,MATCH_AFTER_DATE_NORMALIZATION
K171936,FDA_AI_LIST_2026-06-29,1443,DSH,MATCH_AFTER_DATE_NORMALIZATION
K172356,FDA_AI_LIST_2026-06-29,1444,IYO,MATCH_AFTER_DATE_NORMALIZATION
K172385,FDA_AI_LIST_2026-06-29,1445,IYN,MATCH_AFTER_DATE_NORMALIZATION
K170981,FDA_AI_LIST_2026-06-29,1446,LLZ,MATCH_AFTER_DATE_NORMALIZATION
K163339,FDA_AI_LIST_2026-06-29,1447,DPT,MATCH_AFTER_DATE_NORMALIZATION
K172122,FDA_AI_LIST_2026-06-29,1448,OBH,MATCH_AFTER_DATE_NORMALIZATION
K171315,FDA_AI_LIST_2026-06-29,1449,JOY,MATCH_AFTER_DATE_NORMALIZATION
DEN170022,FDA_AI_LIST_2026-06-29,1450,POK,MATCH_AFTER_DATE_NORMALIZATION
P150046,FDA_AI_LIST_2026-06-29,1451,ONV,MATCH_AFTER_DATE_NORMALIZATION
K170568,FDA_AI_LIST_2026-06-29,1452,DPS,MATCH_AFTER_DATE_NORMALIZATION
K170747,FDA_AI_LIST_2026-06-29,1453,LLZ,MATCH_AFTER_DATE_NORMALIZATION
K170250,FDA_AI_LIST_2026-06-29,1454,LLZ,MATCH_AFTER_DATE_NORMALIZATION
K170172,FDA_AI_LIST_2026-06-29,1455,LLZ,MATCH_AFTER_DATE_NORMALIZATION
K163622,FDA_AI_LIST_2026-06-29,1456,LLZ,MATCH_AFTER_DATE_NORMALIZATION
K163665,FDA_AI_LIST_2026-06-29,1457,MNR,MATCH_AFTER_DATE_NORMALIZATION
K170069,FDA_AI_LIST_2026-06-29,1458,LLZ,MATCH_AFTER_DATE_NORMALIZATION
DEN160026,FDA_AI_LIST_2026-06-29,1459,PTA,MATCH_AFTER_DATE_NORMALIZATION
P160009,FDA_AI_LIST_2026-06-29,1460,MYN,MATCH_AFTER_DATE_NORMALIZATION
K162855,FDA_AI_LIST_2026-06-29,1461,MXD,MATCH_AFTER_DATE_NORMALIZATION
K162830,FDA_AI_LIST_2026-06-29,1462,LLZ,MATCH_AFTER_DATE_NORMALIZATION
K163013,FDA_AI_LIST_2026-06-29,1463,LLZ,MATCH_AFTER_DATE_NORMALIZATION
K163253,FDA_AI_LIST_2026-06-29,1464,LLZ,MATCH_AFTER_DATE_NORMALIZATION
K161959,FDA_AI_LIST_2026-06-29,1465,LLZ,MATCH_AFTER_DATE_NORMALIZATION
K161322,FDA_AI_LIST_2026-06-29,1466,LLZ,MATCH_AFTER_DATE_NORMALIZATION
K161834,FDA_AI_LIST_2026-06-29,1467,NBW,MATCH_AFTER_DATE_NORMALIZATION
K163138,FDA_AI_LIST_2026-06-29,1468,IYN,MATCH_AFTER_DATE_NORMALIZATION
P150043,FDA_AI_LIST_2026-06-29,1469,MYN,MATCH_AFTER_DATE_NORMALIZATION
K160401,FDA_AI_LIST_2026-06-29,1470,DQD,MATCH_AFTER_DATE_NORMALIZATION
K161068,FDA_AI_LIST_2026-06-29,1471,PIW,MATCH_AFTER_DATE_NORMALIZATION
K161625,FDA_AI_LIST_2026-06-29,1472,LLZ,MATCH_AFTER_DATE_NORMALIZATION
K161201,FDA_AI_LIST_2026-06-29,1473,OEB,MATCH_AFTER_DATE_NORMALIZATION
K161772,FDA_AI_LIST_2026-06-29,1474,PJA,MATCH_AFTER_DATE_NORMALIZATION
K161148,FDA_AI_LIST_2026-06-29,1475,LLZ,MATCH_AFTER_DATE_NORMALIZATION
K160338,FDA_AI_LIST_2026-06-29,1476,PBZ,MATCH_AFTER_DATE_NORMALIZATION
K161382,FDA_AI_LIST_2026-06-29,1477,LLZ,MATCH_AFTER_DATE_NORMALIZATION
K160016,FDA_AI_LIST_2026-06-29,1478,DQD,MATCH_AFTER_DATE_NORMALIZATION
K160088,FDA_AI_LIST_2026-06-29,1479,OWB,MATCH_AFTER_DATE_NORMALIZATION
K153351,FDA_AI_LIST_2026-06-29,1480,LLZ,MATCH_AFTER_DATE_NORMALIZATION
K152733,FDA_AI_LIST_2026-06-29,1481,PJA,MATCH_AFTER_DATE_NORMALIZATION
K153427,FDA_AI_LIST_2026-06-29,1482,LLZ,MATCH_AFTER_DATE_NORMALIZATION
K150817,FDA_AI_LIST_2026-06-29,1483,NBW,MATCH_AFTER_DATE_NORMALIZATION
K150102,FDA_AI_LIST_2026-06-29,1484,MNR,MATCH_AFTER_DATE_NORMALIZATION
K142512,FDA_AI_LIST_2026-06-29,1485,PLB,MATCH_AFTER_DATE_NORMALIZATION
K143643,FDA_AI_LIST_2026-06-29,1486,PIW,MATCH_AFTER_DATE_NORMALIZATION
K142918,FDA_AI_LIST_2026-06-29,1487,NDC,MATCH_AFTER_DATE_NORMALIZATION
K141922,FDA_AI_LIST_2026-06-29,1488,NFJ,MATCH_AFTER_DATE_NORMALIZATION
DEN140025,FDA_AI_LIST_2026-06-29,1489,PIW,MATCH_AFTER_DATE_NORMALIZATION
K142037,FDA_AI_LIST_2026-06-29,1490,LLZ,MATCH_AFTER_DATE_NORMALIZATION
K141069,FDA_AI_LIST_2026-06-29,1491,JAK,MATCH_AFTER_DATE_NORMALIZATION
K141480,FDA_AI_LIST_2026-06-29,1492,LLZ,MATCH_AFTER_DATE_NORMALIZATION
K133649,FDA_AI_LIST_2026-06-29,1493,JAK,MATCH_AFTER_DATE_NORMALIZATION
K133259,FDA_AI_LIST_2026-06-29,1494,KPR,MATCH_AFTER_DATE_NORMALIZATION
K130831,FDA_AI_LIST_2026-06-29,1495,PEX,MATCH_AFTER_DATE_NORMALIZATION
K131044,FDA_AI_LIST_2026-06-29,1496,DQD,MATCH_AFTER_DATE_NORMALIZATION
DEN130013,FDA_AI_LIST_2026-06-29,1497,PEX,MATCH_AFTER_DATE_NORMALIZATION
K120771,FDA_AI_LIST_2026-06-29,1498,GKZ,MATCH_AFTER_DATE_NORMALIZATION
K123526,FDA_AI_LIST_2026-06-29,1499,LLZ,MATCH_AFTER_DATE_NORMALIZATION
P110014,FDA_AI_LIST_2026-06-29,1500,OEE,MATCH_AFTER_DATE_NORMALIZATION
K121617,FDA_AI_LIST_2026-06-29,1501,DQD,MATCH_AFTER_DATE_NORMALIZATION
K120489,FDA_AI_LIST_2026-06-29,1502,OIW,MATCH_AFTER_DATE_NORMALIZATION
K120161,FDA_AI_LIST_2026-06-29,1503,LLZ,MATCH_AFTER_DATE_NORMALIZATION
K111776,FDA_AI_LIST_2026-06-29,1504,LLZ,MATCH_AFTER_DATE_NORMALIZATION
P090012,FDA_AI_LIST_2026-06-29,1505,OYD,MATCH_AFTER_DATE_NORMALIZATION
K102778,FDA_AI_LIST_2026-06-29,1506,JOY,MATCH_AFTER_DATE_NORMALIZATION
K092967,FDA_AI_LIST_2026-06-29,1507,OIW,MATCH_AFTER_DATE_NORMALIZATION
K092116,FDA_AI_LIST_2026-06-29,1508,JOY,MATCH_AFTER_DATE_NORMALIZATION
K080595,FDA_AI_LIST_2026-06-29,1509,JOY,MATCH_AFTER_DATE_NORMALIZATION
K082483,FDA_AI_LIST_2026-06-29,1510,LLZ,MATCH_AFTER_DATE_NORMALIZATION
K080896,FDA_AI_LIST_2026-06-29,1511,OIW,MATCH_AFTER_DATE_NORMALIZATION
K081140,FDA_AI_LIST_2026-06-29,1512,MHX,MATCH_AFTER_DATE_NORMALIZATION
K080762,FDA_AI_LIST_2026-06-29,1513,LNH,MATCH_AFTER_DATE_NORMALIZATION
P040028,FDA_AI_LIST_2026-06-29,1514,MWM,MATCH_AFTER_DATE_NORMALIZATION
K043341,FDA_AI_LIST_2026-06-29,1515,NVI,MATCH_AFTER_DATE_NORMALIZATION
K033840,FDA_AI_LIST_2026-06-29,1516,JOY,MATCH_AFTER_DATE_NORMALIZATION
P010034,FDA_AI_LIST_2026-06-29,1517,MYN,MATCH_AFTER_DATE_NORMALIZATION
P000041,FDA_AI_LIST_2026-06-29,1518,MYN,MATCH_AFTER_DATE_NORMALIZATION
K003301,FDA_AI_LIST_2026-06-29,1519,JOY,MATCH_AFTER_DATE_NORMALIZATION
P980025,FDA_AI_LIST_2026-06-29,1520,MYN,MATCH_AFTER_DATE_NORMALIZATION
P970058,FDA_AI_LIST_2026-06-29,1521,MYN,MATCH_AFTER_DATE_NORMALIZATION
K955841,FDA_AI_LIST_2026-06-29,1522,MNR,MATCH_AFTER_DATE_NORMALIZATION
P940029,FDA_AI_LIST_2026-06-29,1523,MNM,MATCH_AFTER_DATE_NORMALIZATION
P950009,FDA_AI_LIST_2026-06-29,1524,NMN,MATCH_AFTER_DATE_NORMALIZATION
