annotation_id,submission_number,field,baseline_codes,codes,annotation_state,source_limited,limitation_layer
DEN130013:input,DEN130013,input,LAB_SPECIMEN_OR_OMICS,LAB_SPECIMEN_OR_OMICS,CODED,false,NONE
DEN130013:output,DEN130013,output,CLASSIFICATION_OR_DIAGNOSIS,CLASSIFICATION_OR_DIAGNOSIS,CODED,false,NONE
DEN130013:user,DEN130013,user,NOT_STATED,NOT_STATED,NOT_STATED,true,FIELD_NOT_STATED
DEN130013:setting,DEN130013,setting,LABORATORY,LABORATORY,CODED,false,NONE
DEN130013:action,DEN130013,action,INTERPRETATION_OR_DIAGNOSIS,INTERPRETATION_OR_DIAGNOSIS,CODED,false,NONE
DEN130013:component_status,DEN130013,component_status,SINGLE,SINGLE,CODED,false,NONE
DEN140025:input,DEN140025,input,PHYSIOLOGICAL_SIGNAL,PHYSIOLOGICAL_SIGNAL,CODED,false,NONE
DEN140025:output,DEN140025,output,CLASSIFICATION_OR_DIAGNOSIS,CLASSIFICATION_OR_DIAGNOSIS,CODED,false,NONE
DEN140025:user,DEN140025,user,OTHER_PHYSICIAN,OTHER_PHYSICIAN,CODED,false,NONE
DEN140025:setting,DEN140025,setting,DIAGNOSTIC_INTERPRETATION,DIAGNOSTIC_INTERPRETATION,CODED,false,NONE
DEN140025:action,DEN140025,action,INTERPRETATION_OR_DIAGNOSIS,INTERPRETATION_OR_DIAGNOSIS,CODED,false,NONE
DEN140025:component_status,DEN140025,component_status,SINGLE,SINGLE,CODED,false,NONE
DEN160026:input,DEN160026,input,NOT_ASSESSABLE,NOT_ASSESSABLE,NOT_ASSESSABLE,true,AI_ATTRIBUTION_BARRIER
DEN160026:output,DEN160026,output,NOT_ASSESSABLE,NOT_ASSESSABLE,NOT_ASSESSABLE,true,AI_ATTRIBUTION_BARRIER
DEN160026:user,DEN160026,user,NOT_ASSESSABLE,NOT_ASSESSABLE,NOT_ASSESSABLE,true,AI_ATTRIBUTION_BARRIER
DEN160026:setting,DEN160026,setting,NOT_ASSESSABLE,NOT_ASSESSABLE,NOT_ASSESSABLE,true,AI_ATTRIBUTION_BARRIER
DEN160026:action,DEN160026,action,NOT_ASSESSABLE,NOT_ASSESSABLE,NOT_ASSESSABLE,true,AI_ATTRIBUTION_BARRIER
DEN160026:component_status,DEN160026,component_status,UNCERTAIN,UNCERTAIN,UNCERTAIN,true,AI_ATTRIBUTION_BARRIER
DEN160044:input,DEN160044,input,PHYSIOLOGICAL_SIGNAL,PHYSIOLOGICAL_SIGNAL,CODED,false,NONE
DEN160044:output,DEN160044,output,RISK_SCORE_OR_PREDICTION;DETECTION_OR_ALERT,RISK_SCORE_OR_PREDICTION;DETECTION_OR_ALERT,CODED,false,NONE
DEN160044:user,DEN160044,user,OTHER_CLINICIAN,OTHER_CLINICIAN,CODED,false,NONE
DEN160044:setting,DEN160044,setting,PROCEDURAL_OR_OPERATING_ROOM;MONITORING,PROCEDURAL_OR_OPERATING_ROOM;MONITORING,CODED,false,NONE
DEN160044:action,DEN160044,action,MONITORING_OR_FOLLOW_UP;INTERPRETATION_OR_DIAGNOSIS,MONITORING_OR_FOLLOW_UP;INTERPRETATION_OR_DIAGNOSIS,CODED,false,NONE
DEN160044:component_status,DEN160044,component_status,SINGLE,SINGLE,CODED,false,NONE
DEN170022:input,DEN170022,input,MEDICAL_IMAGE,MEDICAL_IMAGE,CODED,false,NONE
DEN170022:output,DEN170022,output,MEASUREMENT_OR_QUANTIFICATION;OTHER,MEASUREMENT_OR_QUANTIFICATION;OTHER,CODED,false,NONE
DEN170022:user,DEN170022,user,RADIOLOGIST,RADIOLOGIST,CODED,false,NONE
DEN170022:setting,DEN170022,setting,SCREENING;DIAGNOSTIC_INTERPRETATION,SCREENING;DIAGNOSTIC_INTERPRETATION,CODED,false,NONE
DEN170022:action,DEN170022,action,INTERPRETATION_OR_DIAGNOSIS,INTERPRETATION_OR_DIAGNOSIS,CODED,false,NONE
DEN170022:component_status,DEN170022,component_status,SINGLE,SINGLE,CODED,false,NONE
DEN170043:input,DEN170043,input,PHYSIOLOGICAL_SIGNAL;CLINICAL_TABULAR_OR_TEXT;DEVICE_TELEMETRY_OR_OPERATIONAL,PHYSIOLOGICAL_SIGNAL;CLINICAL_TABULAR_OR_TEXT;DEVICE_TELEMETRY_OR_OPERATIONAL,CODED,false,NONE
DEN170043:output,DEN170043,output,RECOMMENDATION_OR_PLANNING,RECOMMENDATION_OR_PLANNING,CODED,false,NONE
DEN170043:user,DEN170043,user,OTHER_PHYSICIAN;OTHER_CLINICIAN,OTHER_PHYSICIAN;OTHER_CLINICIAN,CODED,false,NONE
DEN170043:setting,DEN170043,setting,MONITORING;OTHER,MONITORING;OTHER,CODED,false,NONE
DEN170043:action,DEN170043,action,THERAPY_DOSE_OR_DEVICE_CONTROL;TREATMENT_OR_PROCEDURE_PLANNING,THERAPY_DOSE_OR_DEVICE_CONTROL;TREATMENT_OR_PROCEDURE_PLANNING,CODED,false,NONE
DEN170043:component_status,DEN170043,component_status,SINGLE,SINGLE,CODED,false,NONE
DEN170073:input,DEN170073,input,MEDICAL_IMAGE,MEDICAL_IMAGE,CODED,false,NONE
DEN170073:output,DEN170073,output,DETECTION_OR_ALERT,DETECTION_OR_ALERT,CODED,false,NONE
DEN170073:user,DEN170073,user,OTHER_PHYSICIAN,OTHER_PHYSICIAN,CODED,false,NONE
DEN170073:setting,DEN170073,setting,ACUTE_TRIAGE_OR_EMERGENCY,ACUTE_TRIAGE_OR_EMERGENCY,CODED,false,NONE
DEN170073:action,DEN170073,action,TRIAGE_OR_PRIORITIZATION;REFERRAL_OR_ESCALATION,TRIAGE_OR_PRIORITIZATION;REFERRAL_OR_ESCALATION,CODED,false,NONE
DEN170073:component_status,DEN170073,component_status,SINGLE,SINGLE,CODED,false,NONE
DEN170090:input,DEN170090,input,PHYSIOLOGICAL_SIGNAL,PHYSIOLOGICAL_SIGNAL,CODED,false,NONE
DEN170090:output,DEN170090,output,RECOMMENDATION_OR_PLANNING;CONTROL_OR_AUTOMATION,RECOMMENDATION_OR_PLANNING;CONTROL_OR_AUTOMATION,CODED,false,NONE
DEN170090:user,DEN170090,user,OTHER_CLINICIAN;PATIENT_OR_CAREGIVER,OTHER_CLINICIAN;PATIENT_OR_CAREGIVER,CODED,false,NONE
DEN170090:setting,DEN170090,setting,HOME_OR_CONSUMER;MONITORING,HOME_OR_CONSUMER;MONITORING,CODED,false,NONE
DEN170090:action,DEN170090,action,TREATMENT_OR_PROCEDURE_PLANNING;THERAPY_DOSE_OR_DEVICE_CONTROL,TREATMENT_OR_PROCEDURE_PLANNING;THERAPY_DOSE_OR_DEVICE_CONTROL,CODED,false,NONE
DEN170090:component_status,DEN170090,component_status,UNCERTAIN,UNCERTAIN,UNCERTAIN,true,FUNCTION_GROUP_UNRESOLVED
DEN170091:input,DEN170091,input,PHYSIOLOGICAL_SIGNAL,PHYSIOLOGICAL_SIGNAL,CODED,false,NONE
DEN170091:output,DEN170091,output,MEASUREMENT_OR_QUANTIFICATION;CLASSIFICATION_OR_DIAGNOSIS,MEASUREMENT_OR_QUANTIFICATION;CLASSIFICATION_OR_DIAGNOSIS,CODED,false,NONE
DEN170091:user,DEN170091,user,OTHER_PHYSICIAN,OTHER_PHYSICIAN,CODED,false,NONE
DEN170091:setting,DEN170091,setting,DIAGNOSTIC_INTERPRETATION,DIAGNOSTIC_INTERPRETATION,CODED,false,NONE
DEN170091:action,DEN170091,action,INTERPRETATION_OR_DIAGNOSIS,INTERPRETATION_OR_DIAGNOSIS,CODED,false,NONE
DEN170091:component_status,DEN170091,component_status,SINGLE,SINGLE,CODED,false,NONE
DEN180001:input,DEN180001,input,MEDICAL_IMAGE,MEDICAL_IMAGE,CODED,false,NONE
DEN180001:output,DEN180001,output,CLASSIFICATION_OR_DIAGNOSIS,CLASSIFICATION_OR_DIAGNOSIS,CODED,false,NONE
DEN180001:user,DEN180001,user,OTHER_CLINICIAN,OTHER_CLINICIAN,CODED,false,NONE
DEN180001:setting,DEN180001,setting,SCREENING,SCREENING,CODED,false,NONE
DEN180001:action,DEN180001,action,REFERRAL_OR_ESCALATION;MONITORING_OR_FOLLOW_UP,REFERRAL_OR_ESCALATION;MONITORING_OR_FOLLOW_UP,CODED,false,NONE
DEN180001:component_status,DEN180001,component_status,SINGLE,SINGLE,CODED,false,NONE
DEN180005:input,DEN180005,input,MEDICAL_IMAGE,MEDICAL_IMAGE,CODED,false,NONE
DEN180005:output,DEN180005,output,DETECTION_OR_ALERT;SEGMENTATION_OR_LOCALIZATION,DETECTION_OR_ALERT;SEGMENTATION_OR_LOCALIZATION,CODED,false,NONE
DEN180005:user,DEN180005,user,RADIOLOGIST;OTHER_CLINICIAN,RADIOLOGIST;OTHER_CLINICIAN,CODED,false,NONE
DEN180005:setting,DEN180005,setting,ACUTE_TRIAGE_OR_EMERGENCY;DIAGNOSTIC_INTERPRETATION,ACUTE_TRIAGE_OR_EMERGENCY;DIAGNOSTIC_INTERPRETATION,CODED,false,NONE
DEN180005:action,DEN180005,action,INTERPRETATION_OR_DIAGNOSIS,INTERPRETATION_OR_DIAGNOSIS,CODED,false,NONE
DEN180005:component_status,DEN180005,component_status,SINGLE,SINGLE,CODED,false,NONE
DEN190040:input,DEN190040,input,AUDIO_OR_VIDEO,AUDIO_OR_VIDEO,CODED,false,NONE
DEN190040:output,DEN190040,output,RECOMMENDATION_OR_PLANNING;CONTROL_OR_AUTOMATION;OTHER,RECOMMENDATION_OR_PLANNING;CONTROL_OR_AUTOMATION;OTHER,CODED,false,NONE
DEN190040:user,DEN190040,user,OTHER_CLINICIAN;TECHNOLOGIST_OR_OPERATOR,OTHER_CLINICIAN;TECHNOLOGIST_OR_OPERATOR,CODED,false,NONE
DEN190040:setting,DEN190040,setting,OTHER,OTHER,CODED,false,NONE
DEN190040:action,DEN190040,action,WORKFLOW_OR_DOCUMENTATION,WORKFLOW_OR_DOCUMENTATION,CODED,false,NONE
DEN190040:component_status,DEN190040,component_status,MULTIPLE,MULTIPLE,CODED,false,NONE
DEN200011:input,DEN200011,input,PHYSIOLOGICAL_SIGNAL,PHYSIOLOGICAL_SIGNAL,CODED,false,NONE
DEN200011:output,DEN200011,output,DETECTION_OR_ALERT,DETECTION_OR_ALERT,CODED,false,NONE
DEN200011:user,DEN200011,user,PATIENT_OR_CAREGIVER;OTHER_CLINICIAN,PATIENT_OR_CAREGIVER;OTHER_CLINICIAN,CODED,false,NONE
DEN200011:setting,DEN200011,setting,HOME_OR_CONSUMER;OTHER;MONITORING,HOME_OR_CONSUMER;OTHER;MONITORING,CODED,false,NONE
DEN200011:action,DEN200011,action,REFERRAL_OR_ESCALATION;MONITORING_OR_FOLLOW_UP,REFERRAL_OR_ESCALATION;MONITORING_OR_FOLLOW_UP,CODED,false,NONE
DEN200011:component_status,DEN200011,component_status,SINGLE,SINGLE,CODED,false,NONE
DEN200019:input,DEN200019,input,AUDIO_OR_VIDEO,AUDIO_OR_VIDEO,CODED,false,NONE
DEN200019:output,DEN200019,output,MEASUREMENT_OR_QUANTIFICATION,MEASUREMENT_OR_QUANTIFICATION,CODED,false,NONE
DEN200019:user,DEN200019,user,OTHER_CLINICIAN,OTHER_CLINICIAN,CODED,false,NONE
DEN200019:setting,DEN200019,setting,MONITORING;OTHER,MONITORING;OTHER,CODED,false,NONE
DEN200019:action,DEN200019,action,MONITORING_OR_FOLLOW_UP,MONITORING_OR_FOLLOW_UP,CODED,false,NONE
DEN200019:component_status,DEN200019,component_status,SINGLE,SINGLE,CODED,false,NONE
DEN200022:input,DEN200022,input,PHYSIOLOGICAL_SIGNAL,PHYSIOLOGICAL_SIGNAL,CODED,false,NONE
DEN200022:output,DEN200022,output,CLASSIFICATION_OR_DIAGNOSIS,CLASSIFICATION_OR_DIAGNOSIS,CODED,false,NONE
DEN200022:user,DEN200022,user,OTHER_CLINICIAN,OTHER_CLINICIAN,CODED,false,NONE
DEN200022:setting,DEN200022,setting,INPATIENT;MONITORING,INPATIENT;MONITORING,CODED,false,NONE
DEN200022:action,DEN200022,action,MONITORING_OR_FOLLOW_UP,MONITORING_OR_FOLLOW_UP,CODED,false,NONE
DEN200022:component_status,DEN200022,component_status,SINGLE,SINGLE,CODED,false,NONE
DEN200030:input,DEN200030,input,OTHER,OTHER,CODED,false,NONE
DEN200030:output,DEN200030,output,OTHER,OTHER,CODED,false,NONE
DEN200030:user,DEN200030,user,OTHER_CLINICIAN,OTHER_CLINICIAN,CODED,false,NONE
DEN200030:setting,DEN200030,setting,PROCEDURAL_OR_OPERATING_ROOM,PROCEDURAL_OR_OPERATING_ROOM,CODED,false,NONE
DEN200030:action,DEN200030,action,TREATMENT_OR_PROCEDURE_PLANNING,TREATMENT_OR_PROCEDURE_PLANNING,CODED,false,NONE
DEN200030:component_status,DEN200030,component_status,SINGLE,SINGLE,CODED,false,NONE
DEN200038:input,DEN200038,input,OTHER,OTHER,CODED,false,NONE
DEN200038:output,DEN200038,output,MEASUREMENT_OR_QUANTIFICATION,MEASUREMENT_OR_QUANTIFICATION,CODED,false,NONE
DEN200038:user,DEN200038,user,OTHER_CLINICIAN,OTHER_CLINICIAN,CODED,false,NONE
DEN200038:setting,DEN200038,setting,OUTPATIENT;MONITORING;OTHER,OUTPATIENT;MONITORING;OTHER,CODED,false,NONE
DEN200038:action,DEN200038,action,MONITORING_OR_FOLLOW_UP,MONITORING_OR_FOLLOW_UP,CODED,false,NONE
DEN200038:component_status,DEN200038,component_status,SINGLE,SINGLE,CODED,false,NONE
DEN200052:input,DEN200052,input,CLINICAL_TABULAR_OR_TEXT,CLINICAL_TABULAR_OR_TEXT,CODED,false,NONE
DEN200052:output,DEN200052,output,RISK_SCORE_OR_PREDICTION,RISK_SCORE_OR_PREDICTION,CODED,false,NONE
DEN200052:user,DEN200052,user,OTHER_PHYSICIAN,OTHER_PHYSICIAN,CODED,false,NONE
DEN200052:setting,DEN200052,setting,LABORATORY;OTHER,LABORATORY;OTHER,CODED,false,NONE
DEN200052:action,DEN200052,action,INTERPRETATION_OR_DIAGNOSIS,INTERPRETATION_OR_DIAGNOSIS,CODED,false,NONE
DEN200052:component_status,DEN200052,component_status,SINGLE,SINGLE,CODED,false,NONE
DEN200055:input,DEN200055,input,AUDIO_OR_VIDEO,AUDIO_OR_VIDEO,CODED,false,NONE
DEN200055:output,DEN200055,output,DETECTION_OR_ALERT;SEGMENTATION_OR_LOCALIZATION,DETECTION_OR_ALERT;SEGMENTATION_OR_LOCALIZATION,CODED,false,NONE
DEN200055:user,DEN200055,user,OTHER_PHYSICIAN,OTHER_PHYSICIAN,CODED,false,NONE
DEN200055:setting,DEN200055,setting,SCREENING;PROCEDURAL_OR_OPERATING_ROOM,SCREENING;PROCEDURAL_OR_OPERATING_ROOM,CODED,false,NONE
DEN200055:action,DEN200055,action,INTERPRETATION_OR_DIAGNOSIS,INTERPRETATION_OR_DIAGNOSIS,CODED,false,NONE
DEN200055:component_status,DEN200055,component_status,SINGLE,SINGLE,CODED,false,NONE
DEN200069:input,DEN200069,input,CLINICAL_TABULAR_OR_TEXT,CLINICAL_TABULAR_OR_TEXT,CODED,false,NONE
DEN200069:output,DEN200069,output,CLASSIFICATION_OR_DIAGNOSIS,CLASSIFICATION_OR_DIAGNOSIS,CODED,false,NONE
DEN200069:user,DEN200069,user,OTHER_CLINICIAN,OTHER_CLINICIAN,CODED,false,NONE
DEN200069:setting,DEN200069,setting,DIAGNOSTIC_INTERPRETATION,DIAGNOSTIC_INTERPRETATION,CODED,false,NONE
DEN200069:action,DEN200069,action,INTERPRETATION_OR_DIAGNOSIS,INTERPRETATION_OR_DIAGNOSIS,CODED,false,NONE
DEN200069:component_status,DEN200069,component_status,SINGLE,SINGLE,CODED,false,NONE
DEN200080:input,DEN200080,input,MEDICAL_IMAGE,MEDICAL_IMAGE,CODED,false,NONE
DEN200080:output,DEN200080,output,DETECTION_OR_ALERT;CLASSIFICATION_OR_DIAGNOSIS;SEGMENTATION_OR_LOCALIZATION,DETECTION_OR_ALERT;CLASSIFICATION_OR_DIAGNOSIS;SEGMENTATION_OR_LOCALIZATION,CODED,false,NONE
DEN200080:user,DEN200080,user,OTHER_PHYSICIAN,OTHER_PHYSICIAN,CODED,false,NONE
DEN200080:setting,DEN200080,setting,DIAGNOSTIC_INTERPRETATION,DIAGNOSTIC_INTERPRETATION,CODED,false,NONE
DEN200080:action,DEN200080,action,INTERPRETATION_OR_DIAGNOSIS,INTERPRETATION_OR_DIAGNOSIS,CODED,false,NONE
DEN200080:component_status,DEN200080,component_status,SINGLE,SINGLE,CODED,false,NONE
DEN210022:input,DEN210022,input,PHYSIOLOGICAL_SIGNAL,PHYSIOLOGICAL_SIGNAL,CODED,false,NONE
DEN210022:output,DEN210022,output,MEASUREMENT_OR_QUANTIFICATION,MEASUREMENT_OR_QUANTIFICATION,CODED,false,NONE
DEN210022:user,DEN210022,user,OTHER_PHYSICIAN;OTHER_CLINICIAN,OTHER_PHYSICIAN;OTHER_CLINICIAN,CODED,false,NONE
DEN210022:setting,DEN210022,setting,PROCEDURAL_OR_OPERATING_ROOM;MONITORING,PROCEDURAL_OR_OPERATING_ROOM;MONITORING,CODED,false,NONE
DEN210022:action,DEN210022,action,THERAPY_DOSE_OR_DEVICE_CONTROL;MONITORING_OR_FOLLOW_UP,THERAPY_DOSE_OR_DEVICE_CONTROL;MONITORING_OR_FOLLOW_UP,CODED,false,NONE
DEN210022:component_status,DEN210022,component_status,SINGLE,SINGLE,CODED,false,NONE
DEN210035:input,DEN210035,input,MEDICAL_IMAGE,MEDICAL_IMAGE,CODED,false,NONE
DEN210035:output,DEN210035,output,SEGMENTATION_OR_LOCALIZATION,SEGMENTATION_OR_LOCALIZATION,CODED,false,NONE
DEN210035:user,DEN210035,user,OTHER_PHYSICIAN;LABORATORY_PROFESSIONAL,OTHER_PHYSICIAN;LABORATORY_PROFESSIONAL,CODED,false,NONE
DEN210035:setting,DEN210035,setting,SCREENING,SCREENING,CODED,false,NONE
DEN210035:action,DEN210035,action,INTERPRETATION_OR_DIAGNOSIS,INTERPRETATION_OR_DIAGNOSIS,CODED,false,NONE
DEN210035:component_status,DEN210035,component_status,SINGLE,SINGLE,CODED,false,NONE
DEN220024:input,DEN220024,input,MEDICAL_IMAGE,MEDICAL_IMAGE,CODED,false,NONE
DEN220024:output,DEN220024,output,SEGMENTATION_OR_LOCALIZATION,SEGMENTATION_OR_LOCALIZATION,CODED,false,NONE
DEN220024:user,DEN220024,user,OTHER_CLINICIAN,OTHER_CLINICIAN,CODED,false,NONE
DEN220024:setting,DEN220024,setting,PROCEDURAL_OR_OPERATING_ROOM,PROCEDURAL_OR_OPERATING_ROOM,CODED,false,NONE
DEN220024:action,DEN220024,action,TREATMENT_OR_PROCEDURE_PLANNING,TREATMENT_OR_PROCEDURE_PLANNING,CODED,false,NONE
DEN220024:component_status,DEN220024,component_status,SINGLE,SINGLE,CODED,false,NONE
DEN220040:input,DEN220040,input,MEDICAL_IMAGE,MEDICAL_IMAGE,CODED,false,NONE
DEN220040:output,DEN220040,output,CLASSIFICATION_OR_DIAGNOSIS,CLASSIFICATION_OR_DIAGNOSIS,CODED,false,NONE
DEN220040:user,DEN220040,user,OTHER_CLINICIAN,OTHER_CLINICIAN,CODED,false,NONE
DEN220040:setting,DEN220040,setting,DIAGNOSTIC_INTERPRETATION;OTHER,DIAGNOSTIC_INTERPRETATION;OTHER,CODED,false,NONE
DEN220040:action,DEN220040,action,REFERRAL_OR_ESCALATION;INTERPRETATION_OR_DIAGNOSIS,REFERRAL_OR_ESCALATION;INTERPRETATION_OR_DIAGNOSIS,CODED,false,NONE
DEN220040:component_status,DEN220040,component_status,SINGLE,SINGLE,CODED,false,NONE
DEN220063:input,DEN220063,input,AUDIO_OR_VIDEO,AUDIO_OR_VIDEO,CODED,false,NONE
DEN220063:output,DEN220063,output,MEASUREMENT_OR_QUANTIFICATION;CLASSIFICATION_OR_DIAGNOSIS,MEASUREMENT_OR_QUANTIFICATION;CLASSIFICATION_OR_DIAGNOSIS,CODED,false,NONE
DEN220063:user,DEN220063,user,OTHER_PHYSICIAN,OTHER_PHYSICIAN,CODED,false,NONE
DEN220063:setting,DEN220063,setting,DIAGNOSTIC_INTERPRETATION,DIAGNOSTIC_INTERPRETATION,CODED,false,NONE
DEN220063:action,DEN220063,action,INTERPRETATION_OR_DIAGNOSIS,INTERPRETATION_OR_DIAGNOSIS,CODED,false,NONE
DEN220063:component_status,DEN220063,component_status,SINGLE,SINGLE,CODED,false,NONE
DEN220066:input,DEN220066,input,MULTIMODAL,MULTIMODAL,CODED,false,NONE
DEN220066:output,DEN220066,output,RISK_SCORE_OR_PREDICTION,RISK_SCORE_OR_PREDICTION,CODED,false,NONE
DEN220066:user,DEN220066,user,OTHER_CLINICIAN,OTHER_CLINICIAN,CODED,false,NONE
DEN220066:setting,DEN220066,setting,OTHER,OTHER,CODED,false,NONE
DEN220066:action,DEN220066,action,INTERPRETATION_OR_DIAGNOSIS;MONITORING_OR_FOLLOW_UP,INTERPRETATION_OR_DIAGNOSIS;MONITORING_OR_FOLLOW_UP,CODED,false,NONE
DEN220066:component_status,DEN220066,component_status,SINGLE,SINGLE,CODED,false,NONE
DEN230003:input,DEN230003,input,PHYSIOLOGICAL_SIGNAL,PHYSIOLOGICAL_SIGNAL,CODED,false,NONE
DEN230003:output,DEN230003,output,DETECTION_OR_ALERT,DETECTION_OR_ALERT,CODED,false,NONE
DEN230003:user,DEN230003,user,NOT_STATED,NOT_STATED,NOT_STATED,true,FIELD_NOT_STATED
DEN230003:setting,DEN230003,setting,OTHER,OTHER,CODED,false,NONE
DEN230003:action,DEN230003,action,MONITORING_OR_FOLLOW_UP,MONITORING_OR_FOLLOW_UP,CODED,false,NONE
DEN230003:component_status,DEN230003,component_status,SINGLE,SINGLE,CODED,false,NONE
DEN230008:input,DEN230008,input,OTHER,OTHER,CODED,false,NONE
DEN230008:output,DEN230008,output,CLASSIFICATION_OR_DIAGNOSIS;RISK_SCORE_OR_PREDICTION,CLASSIFICATION_OR_DIAGNOSIS;RISK_SCORE_OR_PREDICTION,CODED,false,NONE
DEN230008:user,DEN230008,user,OTHER_PHYSICIAN,OTHER_PHYSICIAN,CODED,false,NONE
DEN230008:setting,DEN230008,setting,DIAGNOSTIC_INTERPRETATION;OTHER,DIAGNOSTIC_INTERPRETATION;OTHER,CODED,false,NONE
DEN230008:action,DEN230008,action,REFERRAL_OR_ESCALATION,REFERRAL_OR_ESCALATION,CODED,false,NONE
DEN230008:component_status,DEN230008,component_status,SINGLE,SINGLE,CODED,false,NONE
DEN230023:input,DEN230023,input,MULTIMODAL,MULTIMODAL,CODED,false,NONE
DEN230023:output,DEN230023,output,DETECTION_OR_ALERT,DETECTION_OR_ALERT,CODED,false,NONE
DEN230023:user,DEN230023,user,RADIOLOGIST;OTHER_PHYSICIAN,RADIOLOGIST;OTHER_PHYSICIAN,CODED,false,NONE
DEN230023:setting,DEN230023,setting,SCREENING,SCREENING,CODED,false,NONE
DEN230023:action,DEN230023,action,REFERRAL_OR_ESCALATION;INTERPRETATION_OR_DIAGNOSIS,REFERRAL_OR_ESCALATION;INTERPRETATION_OR_DIAGNOSIS,CODED,false,NONE
DEN230023:component_status,DEN230023,component_status,SINGLE,SINGLE,CODED,false,NONE
DEN230027:input,DEN230027,input,AUDIO_OR_VIDEO,AUDIO_OR_VIDEO,CODED,false,NONE
DEN230027:output,DEN230027,output,DETECTION_OR_ALERT;SEGMENTATION_OR_LOCALIZATION,DETECTION_OR_ALERT;SEGMENTATION_OR_LOCALIZATION,CODED,false,NONE
DEN230027:user,DEN230027,user,OTHER_CLINICIAN,OTHER_CLINICIAN,CODED,false,NONE
DEN230027:setting,DEN230027,setting,DIAGNOSTIC_INTERPRETATION,DIAGNOSTIC_INTERPRETATION,CODED,false,NONE
DEN230027:action,DEN230027,action,INTERPRETATION_OR_DIAGNOSIS,INTERPRETATION_OR_DIAGNOSIS,CODED,false,NONE
DEN230027:component_status,DEN230027,component_status,MULTIPLE,MULTIPLE,CODED,false,NONE
DEN230035:input,DEN230035,input,MEDICAL_IMAGE;OTHER,MEDICAL_IMAGE;OTHER,CODED,false,NONE
DEN230035:output,DEN230035,output,DETECTION_OR_ALERT,DETECTION_OR_ALERT,CODED,false,NONE
DEN230035:user,DEN230035,user,OTHER_CLINICIAN;PATIENT_OR_CAREGIVER,OTHER_CLINICIAN;PATIENT_OR_CAREGIVER,CODED,false,NONE
DEN230035:setting,DEN230035,setting,HOME_OR_CONSUMER;MONITORING;OTHER,HOME_OR_CONSUMER;MONITORING;OTHER,CODED,false,NONE
DEN230035:action,DEN230035,action,MONITORING_OR_FOLLOW_UP;INTERPRETATION_OR_DIAGNOSIS,MONITORING_OR_FOLLOW_UP;INTERPRETATION_OR_DIAGNOSIS,CODED,false,NONE
DEN230035:component_status,DEN230035,component_status,UNCERTAIN,UNCERTAIN,UNCERTAIN,true,FUNCTION_GROUP_UNRESOLVED
DEN230036:input,DEN230036,input,CLINICAL_TABULAR_OR_TEXT,CLINICAL_TABULAR_OR_TEXT,CODED,false,NONE
DEN230036:output,DEN230036,output,RISK_SCORE_OR_PREDICTION,RISK_SCORE_OR_PREDICTION,CODED,false,NONE
DEN230036:user,DEN230036,user,OTHER_CLINICIAN,OTHER_CLINICIAN,CODED,false,NONE
DEN230036:setting,DEN230036,setting,ACUTE_TRIAGE_OR_EMERGENCY;INPATIENT,ACUTE_TRIAGE_OR_EMERGENCY;INPATIENT,CODED,false,NONE
DEN230036:action,DEN230036,action,INTERPRETATION_OR_DIAGNOSIS,INTERPRETATION_OR_DIAGNOSIS,CODED,false,NONE
DEN230036:component_status,DEN230036,component_status,SINGLE,SINGLE,CODED,false,NONE
DEN230041:input,DEN230041,input,PHYSIOLOGICAL_SIGNAL,PHYSIOLOGICAL_SIGNAL,CODED,false,NONE
DEN230041:output,DEN230041,output,DETECTION_OR_ALERT;CLASSIFICATION_OR_DIAGNOSIS,DETECTION_OR_ALERT;CLASSIFICATION_OR_DIAGNOSIS,CODED,false,NONE
DEN230041:user,DEN230041,user,PATIENT_OR_CAREGIVER,PATIENT_OR_CAREGIVER,CODED,false,NONE
DEN230041:setting,DEN230041,setting,HOME_OR_CONSUMER;MONITORING,HOME_OR_CONSUMER;MONITORING,CODED,false,NONE
DEN230041:action,DEN230041,action,REFERRAL_OR_ESCALATION,REFERRAL_OR_ESCALATION,CODED,false,NONE
DEN230041:component_status,DEN230041,component_status,SINGLE,SINGLE,CODED,false,NONE
DEN230043:input,DEN230043,input,MEDICAL_IMAGE,MEDICAL_IMAGE,CODED,false,NONE
DEN230043:output,DEN230043,output,SEGMENTATION_OR_LOCALIZATION;MEASUREMENT_OR_QUANTIFICATION;DETECTION_OR_ALERT,SEGMENTATION_OR_LOCALIZATION;MEASUREMENT_OR_QUANTIFICATION;DETECTION_OR_ALERT,CODED,false,NONE
DEN230043:user,DEN230043,user,OTHER_CLINICIAN,OTHER_CLINICIAN,CODED,false,NONE
DEN230043:setting,DEN230043,setting,HOME_OR_CONSUMER;MONITORING,HOME_OR_CONSUMER;MONITORING,CODED,false,NONE
DEN230043:action,DEN230043,action,MONITORING_OR_FOLLOW_UP,MONITORING_OR_FOLLOW_UP,CODED,false,NONE
DEN230043:component_status,DEN230043,component_status,SINGLE,SINGLE,CODED,false,NONE
DEN240047:input,DEN240047,input,MEDICAL_IMAGE,MEDICAL_IMAGE,CODED,false,NONE
DEN240047:output,DEN240047,output,RISK_SCORE_OR_PREDICTION,RISK_SCORE_OR_PREDICTION,CODED,false,NONE
DEN240047:user,DEN240047,user,OTHER_CLINICIAN,OTHER_CLINICIAN,CODED,false,NONE
DEN240047:setting,DEN240047,setting,SCREENING;OTHER,SCREENING;OTHER,CODED,false,NONE
DEN240047:action,DEN240047,action,OTHER,OTHER,CODED,false,NONE
DEN240047:component_status,DEN240047,component_status,SINGLE,SINGLE,CODED,false,NONE
DEN240068:input,DEN240068,input,MEDICAL_IMAGE,MEDICAL_IMAGE,CODED,false,NONE
DEN240068:output,DEN240068,output,RISK_SCORE_OR_PREDICTION,RISK_SCORE_OR_PREDICTION,CODED,false,NONE
DEN240068:user,DEN240068,user,OTHER_PHYSICIAN;LABORATORY_PROFESSIONAL,OTHER_PHYSICIAN;LABORATORY_PROFESSIONAL,CODED,false,NONE
DEN240068:setting,DEN240068,setting,LABORATORY;OTHER,LABORATORY;OTHER,CODED,false,NONE
DEN240068:action,DEN240068,action,INTERPRETATION_OR_DIAGNOSIS,INTERPRETATION_OR_DIAGNOSIS,CODED,false,NONE
DEN240068:component_status,DEN240068,component_status,SINGLE,SINGLE,CODED,false,NONE
DEN250007:input,DEN250007,input,MEDICAL_IMAGE,MEDICAL_IMAGE,CODED,false,NONE
DEN250007:output,DEN250007,output,RISK_SCORE_OR_PREDICTION,RISK_SCORE_OR_PREDICTION,CODED,false,NONE
DEN250007:user,DEN250007,user,OTHER_CLINICIAN,OTHER_CLINICIAN,CODED,false,NONE
DEN250007:setting,DEN250007,setting,OTHER,OTHER,CODED,false,NONE
DEN250007:action,DEN250007,action,INTERPRETATION_OR_DIAGNOSIS,INTERPRETATION_OR_DIAGNOSIS,CODED,false,NONE
DEN250007:component_status,DEN250007,component_status,SINGLE,SINGLE,CODED,false,NONE
DEN250014:input,DEN250014,input,AUDIO_OR_VIDEO,AUDIO_OR_VIDEO,CODED,false,NONE
DEN250014:output,DEN250014,output,DETECTION_OR_ALERT,DETECTION_OR_ALERT,CODED,false,NONE
DEN250014:user,DEN250014,user,PATIENT_OR_CAREGIVER;OTHER_CLINICIAN,PATIENT_OR_CAREGIVER;OTHER_CLINICIAN,CODED,false,NONE
DEN250014:setting,DEN250014,setting,HOME_OR_CONSUMER;OTHER,HOME_OR_CONSUMER;OTHER,CODED,false,NONE
DEN250014:action,DEN250014,action,REFERRAL_OR_ESCALATION,REFERRAL_OR_ESCALATION,CODED,false,NONE
DEN250014:component_status,DEN250014,component_status,SINGLE,SINGLE,CODED,false,NONE
K003301:input,K003301,input,MEDICAL_IMAGE,MEDICAL_IMAGE,CODED,false,NONE
K003301:output,K003301,output,CLASSIFICATION_OR_DIAGNOSIS,CLASSIFICATION_OR_DIAGNOSIS,CODED,false,NONE
K003301:user,K003301,user,TECHNOLOGIST_OR_OPERATOR,TECHNOLOGIST_OR_OPERATOR,CODED,false,NONE
K003301:setting,K003301,setting,OTHER,OTHER,CODED,false,NONE
K003301:action,K003301,action,INTERPRETATION_OR_DIAGNOSIS,INTERPRETATION_OR_DIAGNOSIS,CODED,false,NONE
K003301:component_status,K003301,component_status,SINGLE,SINGLE,CODED,false,NONE
K033840:input,K033840,input,MEDICAL_IMAGE,MEDICAL_IMAGE,CODED,false,NONE
K033840:output,K033840,output,CLASSIFICATION_OR_DIAGNOSIS;SEGMENTATION_OR_LOCALIZATION,CLASSIFICATION_OR_DIAGNOSIS;SEGMENTATION_OR_LOCALIZATION,CODED,false,NONE
K033840:user,K033840,user,LABORATORY_PROFESSIONAL;TECHNOLOGIST_OR_OPERATOR,LABORATORY_PROFESSIONAL;TECHNOLOGIST_OR_OPERATOR,CODED,false,NONE
K033840:setting,K033840,setting,OTHER,OTHER,CODED,false,NONE
K033840:action,K033840,action,INTERPRETATION_OR_DIAGNOSIS,INTERPRETATION_OR_DIAGNOSIS,CODED,false,NONE
K033840:component_status,K033840,component_status,SINGLE,SINGLE,CODED,false,NONE
K043341:input,K043341,input,CLINICAL_TABULAR_OR_TEXT,CLINICAL_TABULAR_OR_TEXT,CODED,false,NONE
K043341:output,K043341,output,CLASSIFICATION_OR_DIAGNOSIS,CLASSIFICATION_OR_DIAGNOSIS,CODED,false,NONE
K043341:user,K043341,user,OTHER_PHYSICIAN,OTHER_PHYSICIAN,CODED,false,NONE
K043341:setting,K043341,setting,LABORATORY,LABORATORY,CODED,false,NONE
K043341:action,K043341,action,INTERPRETATION_OR_DIAGNOSIS,INTERPRETATION_OR_DIAGNOSIS,CODED,false,NONE
K043341:component_status,K043341,component_status,SINGLE,SINGLE,CODED,false,NONE
K080595:input,K080595,input,MEDICAL_IMAGE,MEDICAL_IMAGE,CODED,false,NONE
K080595:output,K080595,output,CLASSIFICATION_OR_DIAGNOSIS,CLASSIFICATION_OR_DIAGNOSIS,CODED,false,NONE
K080595:user,K080595,user,TECHNOLOGIST_OR_OPERATOR,TECHNOLOGIST_OR_OPERATOR,CODED,false,NONE
K080595:setting,K080595,setting,LABORATORY,LABORATORY,CODED,false,NONE
K080595:action,K080595,action,INTERPRETATION_OR_DIAGNOSIS,INTERPRETATION_OR_DIAGNOSIS,CODED,false,NONE
K080595:component_status,K080595,component_status,SINGLE,SINGLE,CODED,false,NONE
K080762:input,K080762,input,MEDICAL_IMAGE,MEDICAL_IMAGE,CODED,false,NONE
K080762:output,K080762,output,MEASUREMENT_OR_QUANTIFICATION,MEASUREMENT_OR_QUANTIFICATION,CODED,false,NONE
K080762:user,K080762,user,OTHER_PHYSICIAN,OTHER_PHYSICIAN,CODED,false,NONE
K080762:setting,K080762,setting,DIAGNOSTIC_INTERPRETATION,DIAGNOSTIC_INTERPRETATION,CODED,false,NONE
K080762:action,K080762,action,INTERPRETATION_OR_DIAGNOSIS,INTERPRETATION_OR_DIAGNOSIS,CODED,false,NONE
K080762:component_status,K080762,component_status,SINGLE,SINGLE,CODED,false,NONE
K080896:input,K080896,input,LAB_SPECIMEN_OR_OMICS,LAB_SPECIMEN_OR_OMICS,CODED,false,NONE
K080896:output,K080896,output,MEASUREMENT_OR_QUANTIFICATION,MEASUREMENT_OR_QUANTIFICATION,CODED,false,NONE
K080896:user,K080896,user,OTHER_CLINICIAN;LABORATORY_PROFESSIONAL,OTHER_CLINICIAN;LABORATORY_PROFESSIONAL,CODED,false,NONE
K080896:setting,K080896,setting,LABORATORY;DIAGNOSTIC_INTERPRETATION,LABORATORY;DIAGNOSTIC_INTERPRETATION,CODED,false,NONE
K080896:action,K080896,action,INTERPRETATION_OR_DIAGNOSIS,INTERPRETATION_OR_DIAGNOSIS,CODED,false,NONE
K080896:component_status,K080896,component_status,SINGLE,SINGLE,CODED,false,NONE
K081140:input,K081140,input,PHYSIOLOGICAL_SIGNAL,PHYSIOLOGICAL_SIGNAL,CODED,false,NONE
K081140:output,K081140,output,MEASUREMENT_OR_QUANTIFICATION;DETECTION_OR_ALERT,MEASUREMENT_OR_QUANTIFICATION;DETECTION_OR_ALERT,CODED,false,NONE
K081140:user,K081140,user,OTHER_CLINICIAN;OTHER_PHYSICIAN,OTHER_CLINICIAN;OTHER_PHYSICIAN,CODED,false,NONE
K081140:setting,K081140,setting,MONITORING;OTHER,MONITORING;OTHER,CODED,false,NONE
K081140:action,K081140,action,MONITORING_OR_FOLLOW_UP,MONITORING_OR_FOLLOW_UP,CODED,false,NONE
K081140:component_status,K081140,component_status,SINGLE,SINGLE,CODED,false,NONE
K082483:input,K082483,input,MEDICAL_IMAGE,MEDICAL_IMAGE,CODED,false,NONE
K082483:output,K082483,output,MEASUREMENT_OR_QUANTIFICATION,MEASUREMENT_OR_QUANTIFICATION,CODED,false,NONE
K082483:user,K082483,user,RADIOLOGIST,RADIOLOGIST,CODED,false,NONE
K082483:setting,K082483,setting,OTHER,OTHER,CODED,false,NONE
K082483:action,K082483,action,OTHER,OTHER,CODED,false,NONE
K082483:component_status,K082483,component_status,SINGLE,SINGLE,CODED,false,NONE
K092116:input,K092116,input,MEDICAL_IMAGE,MEDICAL_IMAGE,CODED,false,NONE
K092116:output,K092116,output,CLASSIFICATION_OR_DIAGNOSIS,CLASSIFICATION_OR_DIAGNOSIS,CODED,false,NONE
K092116:user,K092116,user,TECHNOLOGIST_OR_OPERATOR,TECHNOLOGIST_OR_OPERATOR,CODED,false,NONE
K092116:setting,K092116,setting,OTHER,OTHER,CODED,false,NONE
K092116:action,K092116,action,INTERPRETATION_OR_DIAGNOSIS,INTERPRETATION_OR_DIAGNOSIS,CODED,false,NONE
K092116:component_status,K092116,component_status,SINGLE,SINGLE,CODED,false,NONE
K092967:input,K092967,input,LAB_SPECIMEN_OR_OMICS,LAB_SPECIMEN_OR_OMICS,CODED,false,NONE
K092967:output,K092967,output,MEASUREMENT_OR_QUANTIFICATION,MEASUREMENT_OR_QUANTIFICATION,CODED,false,NONE
K092967:user,K092967,user,OTHER_PHYSICIAN,OTHER_PHYSICIAN,CODED,false,NONE
K092967:setting,K092967,setting,LABORATORY;DIAGNOSTIC_INTERPRETATION,LABORATORY;DIAGNOSTIC_INTERPRETATION,CODED,false,NONE
K092967:action,K092967,action,INTERPRETATION_OR_DIAGNOSIS,INTERPRETATION_OR_DIAGNOSIS,CODED,false,NONE
K092967:component_status,K092967,component_status,SINGLE,SINGLE,CODED,false,NONE
K102778:input,K102778,input,MEDICAL_IMAGE,MEDICAL_IMAGE,CODED,false,NONE
K102778:output,K102778,output,CLASSIFICATION_OR_DIAGNOSIS,CLASSIFICATION_OR_DIAGNOSIS,CODED,false,NONE
K102778:user,K102778,user,TECHNOLOGIST_OR_OPERATOR,TECHNOLOGIST_OR_OPERATOR,CODED,false,NONE
K102778:setting,K102778,setting,OTHER,OTHER,CODED,false,NONE
K102778:action,K102778,action,INTERPRETATION_OR_DIAGNOSIS,INTERPRETATION_OR_DIAGNOSIS,CODED,false,NONE
K102778:component_status,K102778,component_status,SINGLE,SINGLE,CODED,false,NONE
K111776:input,K111776,input,MEDICAL_IMAGE,MEDICAL_IMAGE,CODED,false,NONE
K111776:output,K111776,output,RECONSTRUCTION_OR_ENHANCEMENT,RECONSTRUCTION_OR_ENHANCEMENT,CODED,false,NONE
K111776:user,K111776,user,OTHER_PHYSICIAN;RADIOLOGIST,OTHER_PHYSICIAN;RADIOLOGIST,CODED,false,NONE
K111776:setting,K111776,setting,DIAGNOSTIC_INTERPRETATION,DIAGNOSTIC_INTERPRETATION,CODED,false,NONE
K111776:action,K111776,action,INTERPRETATION_OR_DIAGNOSIS,INTERPRETATION_OR_DIAGNOSIS,CODED,false,NONE
K111776:component_status,K111776,component_status,SINGLE,SINGLE,CODED,false,NONE
K120161:input,K120161,input,MEDICAL_IMAGE,MEDICAL_IMAGE,CODED,false,NONE
K120161:output,K120161,output,SEGMENTATION_OR_LOCALIZATION;MEASUREMENT_OR_QUANTIFICATION;DOCUMENTATION_OR_SUMMARY,SEGMENTATION_OR_LOCALIZATION;MEASUREMENT_OR_QUANTIFICATION;DOCUMENTATION_OR_SUMMARY,CODED,false,NONE
K120161:user,K120161,user,OTHER_CLINICIAN,OTHER_CLINICIAN,CODED,false,NONE
K120161:setting,K120161,setting,DIAGNOSTIC_INTERPRETATION,DIAGNOSTIC_INTERPRETATION,CODED,false,NONE
K120161:action,K120161,action,INTERPRETATION_OR_DIAGNOSIS;WORKFLOW_OR_DOCUMENTATION,INTERPRETATION_OR_DIAGNOSIS;WORKFLOW_OR_DOCUMENTATION,CODED,false,NONE
K120161:component_status,K120161,component_status,UNCERTAIN,UNCERTAIN,UNCERTAIN,true,FUNCTION_GROUP_UNRESOLVED
K120489:input,K120489,input,LAB_SPECIMEN_OR_OMICS,LAB_SPECIMEN_OR_OMICS,CODED,false,NONE
K120489:output,K120489,output,MEASUREMENT_OR_QUANTIFICATION,MEASUREMENT_OR_QUANTIFICATION,CODED,false,NONE
K120489:user,K120489,user,OTHER_PHYSICIAN,OTHER_PHYSICIAN,CODED,false,NONE
K120489:setting,K120489,setting,DIAGNOSTIC_INTERPRETATION;OTHER,DIAGNOSTIC_INTERPRETATION;OTHER,CODED,false,NONE
K120489:action,K120489,action,INTERPRETATION_OR_DIAGNOSIS,INTERPRETATION_OR_DIAGNOSIS,CODED,false,NONE
K120489:component_status,K120489,component_status,SINGLE,SINGLE,CODED,false,NONE
K120771:input,K120771,input,LAB_SPECIMEN_OR_OMICS,LAB_SPECIMEN_OR_OMICS,CODED,false,NONE
K120771:output,K120771,output,MEASUREMENT_OR_QUANTIFICATION;CLASSIFICATION_OR_DIAGNOSIS;DETECTION_OR_ALERT,MEASUREMENT_OR_QUANTIFICATION;CLASSIFICATION_OR_DIAGNOSIS;DETECTION_OR_ALERT,CODED,false,NONE
K120771:user,K120771,user,NOT_STATED,NOT_STATED,NOT_STATED,true,FIELD_NOT_STATED
K120771:setting,K120771,setting,LABORATORY;SCREENING,LABORATORY;SCREENING,CODED,false,NONE
K120771:action,K120771,action,INTERPRETATION_OR_DIAGNOSIS,INTERPRETATION_OR_DIAGNOSIS,CODED,false,NONE
K120771:component_status,K120771,component_status,MULTIPLE,MULTIPLE,CODED,false,NONE
K121617:input,K121617,input,AUDIO_OR_VIDEO,AUDIO_OR_VIDEO,CODED,false,NONE
K121617:output,K121617,output,DETECTION_OR_ALERT;CLASSIFICATION_OR_DIAGNOSIS,DETECTION_OR_ALERT;CLASSIFICATION_OR_DIAGNOSIS,CODED,false,NONE
K121617:user,K121617,user,OTHER_PHYSICIAN,OTHER_PHYSICIAN,CODED,false,NONE
K121617:setting,K121617,setting,DIAGNOSTIC_INTERPRETATION;OTHER,DIAGNOSTIC_INTERPRETATION;OTHER,CODED,false,NONE
K121617:action,K121617,action,INTERPRETATION_OR_DIAGNOSIS,INTERPRETATION_OR_DIAGNOSIS,CODED,false,NONE
K121617:component_status,K121617,component_status,SINGLE,SINGLE,CODED,false,NONE
K123526:input,K123526,input,MEDICAL_IMAGE,MEDICAL_IMAGE,CODED,false,NONE
K123526:output,K123526,output,RECONSTRUCTION_OR_ENHANCEMENT,RECONSTRUCTION_OR_ENHANCEMENT,CODED,false,NONE
K123526:user,K123526,user,OTHER_PHYSICIAN;RADIOLOGIST;TECHNOLOGIST_OR_OPERATOR,OTHER_PHYSICIAN;RADIOLOGIST;TECHNOLOGIST_OR_OPERATOR,CODED,false,NONE
K123526:setting,K123526,setting,DIAGNOSTIC_INTERPRETATION,DIAGNOSTIC_INTERPRETATION,CODED,false,NONE
K123526:action,K123526,action,INTERPRETATION_OR_DIAGNOSIS,INTERPRETATION_OR_DIAGNOSIS,CODED,false,NONE
K123526:component_status,K123526,component_status,SINGLE,SINGLE,CODED,false,NONE
K130831:input,K130831,input,LAB_SPECIMEN_OR_OMICS,LAB_SPECIMEN_OR_OMICS,CODED,false,NONE
K130831:output,K130831,output,CLASSIFICATION_OR_DIAGNOSIS;MEASUREMENT_OR_QUANTIFICATION,CLASSIFICATION_OR_DIAGNOSIS;MEASUREMENT_OR_QUANTIFICATION,CODED,false,NONE
K130831:user,K130831,user,LABORATORY_PROFESSIONAL,LABORATORY_PROFESSIONAL,CODED,false,NONE
K130831:setting,K130831,setting,OTHER,OTHER,CODED,false,NONE
K130831:action,K130831,action,INTERPRETATION_OR_DIAGNOSIS,INTERPRETATION_OR_DIAGNOSIS,CODED,false,NONE
K130831:component_status,K130831,component_status,SINGLE,SINGLE,CODED,false,NONE
K131044:input,K131044,input,AUDIO_OR_VIDEO,AUDIO_OR_VIDEO,CODED,false,NONE
K131044:output,K131044,output,DETECTION_OR_ALERT;CLASSIFICATION_OR_DIAGNOSIS,DETECTION_OR_ALERT;CLASSIFICATION_OR_DIAGNOSIS,CODED,false,NONE
K131044:user,K131044,user,OTHER_PHYSICIAN,OTHER_PHYSICIAN,CODED,false,NONE
K131044:setting,K131044,setting,DIAGNOSTIC_INTERPRETATION;OTHER,DIAGNOSTIC_INTERPRETATION;OTHER,CODED,false,NONE
K131044:action,K131044,action,INTERPRETATION_OR_DIAGNOSIS,INTERPRETATION_OR_DIAGNOSIS,CODED,false,NONE
K131044:component_status,K131044,component_status,SINGLE,SINGLE,CODED,false,NONE
K133259:input,K133259,input,DEVICE_TELEMETRY_OR_OPERATIONAL;MEDICAL_IMAGE,DEVICE_TELEMETRY_OR_OPERATIONAL;MEDICAL_IMAGE,CODED,false,NONE
K133259:output,K133259,output,CONTROL_OR_AUTOMATION;RECONSTRUCTION_OR_ENHANCEMENT,CONTROL_OR_AUTOMATION;RECONSTRUCTION_OR_ENHANCEMENT,CODED,false,NONE
K133259:user,K133259,user,OTHER_CLINICIAN,OTHER_CLINICIAN,CODED,false,NONE
K133259:setting,K133259,setting,PROCEDURAL_OR_OPERATING_ROOM;ACUTE_TRIAGE_OR_EMERGENCY;OTHER,PROCEDURAL_OR_OPERATING_ROOM;ACUTE_TRIAGE_OR_EMERGENCY;OTHER,CODED,false,NONE
K133259:action,K133259,action,WORKFLOW_OR_DOCUMENTATION,WORKFLOW_OR_DOCUMENTATION,CODED,false,NONE
K133259:component_status,K133259,component_status,MULTIPLE,MULTIPLE,CODED,false,NONE
K133649:input,K133649,input,MEDICAL_IMAGE,MEDICAL_IMAGE,CODED,false,NONE
K133649:output,K133649,output,SEGMENTATION_OR_LOCALIZATION;MEASUREMENT_OR_QUANTIFICATION,SEGMENTATION_OR_LOCALIZATION;MEASUREMENT_OR_QUANTIFICATION,CODED,false,NONE
K133649:user,K133649,user,OTHER_CLINICIAN,OTHER_CLINICIAN,CODED,false,NONE
K133649:setting,K133649,setting,DIAGNOSTIC_INTERPRETATION;MONITORING,DIAGNOSTIC_INTERPRETATION;MONITORING,CODED,false,NONE
K133649:action,K133649,action,INTERPRETATION_OR_DIAGNOSIS;MONITORING_OR_FOLLOW_UP,INTERPRETATION_OR_DIAGNOSIS;MONITORING_OR_FOLLOW_UP,CODED,false,NONE
K133649:component_status,K133649,component_status,SINGLE,SINGLE,CODED,false,NONE
K141069:input,K141069,input,MEDICAL_IMAGE,MEDICAL_IMAGE,CODED,false,NONE
K141069:output,K141069,output,SEGMENTATION_OR_LOCALIZATION;MEASUREMENT_OR_QUANTIFICATION;CLASSIFICATION_OR_DIAGNOSIS;DOCUMENTATION_OR_SUMMARY,SEGMENTATION_OR_LOCALIZATION;MEASUREMENT_OR_QUANTIFICATION;CLASSIFICATION_OR_DIAGNOSIS;DOCUMENTATION_OR_SUMMARY,CODED,false,NONE
K141069:user,K141069,user,OTHER_PHYSICIAN,OTHER_PHYSICIAN,CODED,false,NONE
K141069:setting,K141069,setting,DIAGNOSTIC_INTERPRETATION;MONITORING,DIAGNOSTIC_INTERPRETATION;MONITORING,CODED,false,NONE
K141069:action,K141069,action,INTERPRETATION_OR_DIAGNOSIS;MONITORING_OR_FOLLOW_UP;WORKFLOW_OR_DOCUMENTATION,INTERPRETATION_OR_DIAGNOSIS;MONITORING_OR_FOLLOW_UP;WORKFLOW_OR_DOCUMENTATION,CODED,false,NONE
K141069:component_status,K141069,component_status,SINGLE,SINGLE,CODED,false,NONE
K141480:input,K141480,input,MEDICAL_IMAGE,MEDICAL_IMAGE,CODED,false,NONE
K141480:output,K141480,output,RECONSTRUCTION_OR_ENHANCEMENT;SEGMENTATION_OR_LOCALIZATION;MEASUREMENT_OR_QUANTIFICATION;DOCUMENTATION_OR_SUMMARY,RECONSTRUCTION_OR_ENHANCEMENT;SEGMENTATION_OR_LOCALIZATION;MEASUREMENT_OR_QUANTIFICATION;DOCUMENTATION_OR_SUMMARY,CODED,false,NONE
K141480:user,K141480,user,OTHER_PHYSICIAN;OTHER_CLINICIAN,OTHER_PHYSICIAN;OTHER_CLINICIAN,CODED,false,NONE
K141480:setting,K141480,setting,DIAGNOSTIC_INTERPRETATION;MONITORING,DIAGNOSTIC_INTERPRETATION;MONITORING,CODED,false,NONE
K141480:action,K141480,action,INTERPRETATION_OR_DIAGNOSIS;MONITORING_OR_FOLLOW_UP;WORKFLOW_OR_DOCUMENTATION,INTERPRETATION_OR_DIAGNOSIS;MONITORING_OR_FOLLOW_UP;WORKFLOW_OR_DOCUMENTATION,CODED,false,NONE
K141480:component_status,K141480,component_status,SINGLE,SINGLE,CODED,false,NONE
K141922:input,K141922,input,NOT_ASSESSABLE,NOT_ASSESSABLE,NOT_ASSESSABLE,true,AI_ATTRIBUTION_BARRIER
K141922:output,K141922,output,NOT_ASSESSABLE,NOT_ASSESSABLE,NOT_ASSESSABLE,true,AI_ATTRIBUTION_BARRIER
K141922:user,K141922,user,NOT_ASSESSABLE,NOT_ASSESSABLE,NOT_ASSESSABLE,true,AI_ATTRIBUTION_BARRIER
K141922:setting,K141922,setting,NOT_ASSESSABLE,NOT_ASSESSABLE,NOT_ASSESSABLE,true,AI_ATTRIBUTION_BARRIER
K141922:action,K141922,action,NOT_ASSESSABLE,NOT_ASSESSABLE,NOT_ASSESSABLE,true,AI_ATTRIBUTION_BARRIER
K141922:component_status,K141922,component_status,UNCERTAIN,UNCERTAIN,UNCERTAIN,true,AI_ATTRIBUTION_BARRIER
K142037:input,K142037,input,MEDICAL_IMAGE,MEDICAL_IMAGE,CODED,false,NONE
K142037:output,K142037,output,MEASUREMENT_OR_QUANTIFICATION;CLASSIFICATION_OR_DIAGNOSIS,MEASUREMENT_OR_QUANTIFICATION;CLASSIFICATION_OR_DIAGNOSIS,CODED,false,NONE
K142037:user,K142037,user,RADIOLOGIST,RADIOLOGIST,CODED,false,NONE
K142037:setting,K142037,setting,OTHER,OTHER,CODED,false,NONE
K142037:action,K142037,action,OTHER;WORKFLOW_OR_DOCUMENTATION,OTHER;WORKFLOW_OR_DOCUMENTATION,CODED,false,NONE
K142037:component_status,K142037,component_status,SINGLE,SINGLE,CODED,false,NONE
K142512:input,K142512,input,PHYSIOLOGICAL_SIGNAL,PHYSIOLOGICAL_SIGNAL,CODED,false,NONE
K142512:output,K142512,output,MEASUREMENT_OR_QUANTIFICATION,MEASUREMENT_OR_QUANTIFICATION,CODED,false,NONE
K142512:user,K142512,user,OTHER_CLINICIAN,OTHER_CLINICIAN,CODED,false,NONE
K142512:setting,K142512,setting,HOME_OR_CONSUMER;MONITORING;OTHER,HOME_OR_CONSUMER;MONITORING;OTHER,CODED,false,NONE
K142512:action,K142512,action,MONITORING_OR_FOLLOW_UP,MONITORING_OR_FOLLOW_UP,CODED,false,NONE
K142512:component_status,K142512,component_status,SINGLE,SINGLE,CODED,false,NONE
K142918:input,K142918,input,CLINICAL_TABULAR_OR_TEXT,CLINICAL_TABULAR_OR_TEXT,CODED,false,NONE
K142918:output,K142918,output,RECOMMENDATION_OR_PLANNING,RECOMMENDATION_OR_PLANNING,CODED,false,NONE
K142918:user,K142918,user,OTHER_CLINICIAN;OTHER_PHYSICIAN,OTHER_CLINICIAN;OTHER_PHYSICIAN,CODED,false,NONE
K142918:setting,K142918,setting,MONITORING;OTHER,MONITORING;OTHER,CODED,false,NONE
K142918:action,K142918,action,THERAPY_DOSE_OR_DEVICE_CONTROL;MONITORING_OR_FOLLOW_UP,THERAPY_DOSE_OR_DEVICE_CONTROL;MONITORING_OR_FOLLOW_UP,CODED,false,NONE
K142918:component_status,K142918,component_status,SINGLE,SINGLE,CODED,false,NONE
K143643:input,K143643,input,PHYSIOLOGICAL_SIGNAL,PHYSIOLOGICAL_SIGNAL,CODED,false,NONE
K143643:output,K143643,output,CLASSIFICATION_OR_DIAGNOSIS;MEASUREMENT_OR_QUANTIFICATION,CLASSIFICATION_OR_DIAGNOSIS;MEASUREMENT_OR_QUANTIFICATION,CODED,false,NONE
K143643:user,K143643,user,OTHER_PHYSICIAN;OTHER_CLINICIAN,OTHER_PHYSICIAN;OTHER_CLINICIAN,CODED,false,NONE
K143643:setting,K143643,setting,DIAGNOSTIC_INTERPRETATION;OTHER,DIAGNOSTIC_INTERPRETATION;OTHER,CODED,false,NONE
K143643:action,K143643,action,INTERPRETATION_OR_DIAGNOSIS,INTERPRETATION_OR_DIAGNOSIS,CODED,false,NONE
K143643:component_status,K143643,component_status,MULTIPLE,MULTIPLE,CODED,false,NONE
K150102:input,K150102,input,NOT_ASSESSABLE,NOT_ASSESSABLE,NOT_ASSESSABLE,true,AI_ATTRIBUTION_BARRIER
K150102:output,K150102,output,NOT_ASSESSABLE,NOT_ASSESSABLE,NOT_ASSESSABLE,true,AI_ATTRIBUTION_BARRIER
K150102:user,K150102,user,NOT_ASSESSABLE,NOT_ASSESSABLE,NOT_ASSESSABLE,true,AI_ATTRIBUTION_BARRIER
K150102:setting,K150102,setting,NOT_ASSESSABLE,NOT_ASSESSABLE,NOT_ASSESSABLE,true,AI_ATTRIBUTION_BARRIER
K150102:action,K150102,action,NOT_ASSESSABLE,NOT_ASSESSABLE,NOT_ASSESSABLE,true,AI_ATTRIBUTION_BARRIER
K150102:component_status,K150102,component_status,UNCERTAIN,UNCERTAIN,UNCERTAIN,true,AI_ATTRIBUTION_BARRIER
K150817:input,K150817,input,NOT_ASSESSABLE,NOT_ASSESSABLE,NOT_ASSESSABLE,true,AI_ATTRIBUTION_BARRIER
K150817:output,K150817,output,NOT_ASSESSABLE,NOT_ASSESSABLE,NOT_ASSESSABLE,true,AI_ATTRIBUTION_BARRIER
K150817:user,K150817,user,NOT_ASSESSABLE,NOT_ASSESSABLE,NOT_ASSESSABLE,true,AI_ATTRIBUTION_BARRIER
K150817:setting,K150817,setting,NOT_ASSESSABLE,NOT_ASSESSABLE,NOT_ASSESSABLE,true,AI_ATTRIBUTION_BARRIER
K150817:action,K150817,action,NOT_ASSESSABLE,NOT_ASSESSABLE,NOT_ASSESSABLE,true,AI_ATTRIBUTION_BARRIER
K150817:component_status,K150817,component_status,UNCERTAIN,UNCERTAIN,UNCERTAIN,true,AI_ATTRIBUTION_BARRIER
K152733:input,K152733,input,MEDICAL_IMAGE,MEDICAL_IMAGE,CODED,false,NONE
K152733:output,K152733,output,MEASUREMENT_OR_QUANTIFICATION,MEASUREMENT_OR_QUANTIFICATION,CODED,false,NONE
K152733:user,K152733,user,OTHER_CLINICIAN,OTHER_CLINICIAN,CODED,false,NONE
K152733:setting,K152733,setting,DIAGNOSTIC_INTERPRETATION,DIAGNOSTIC_INTERPRETATION,CODED,false,NONE
K152733:action,K152733,action,INTERPRETATION_OR_DIAGNOSIS,INTERPRETATION_OR_DIAGNOSIS,CODED,false,NONE
K152733:component_status,K152733,component_status,SINGLE,SINGLE,CODED,false,NONE
K153351:input,K153351,input,MEDICAL_IMAGE,MEDICAL_IMAGE,CODED,false,NONE
K153351:output,K153351,output,SEGMENTATION_OR_LOCALIZATION;MEASUREMENT_OR_QUANTIFICATION,SEGMENTATION_OR_LOCALIZATION;MEASUREMENT_OR_QUANTIFICATION,CODED,false,NONE
K153351:user,K153351,user,RADIOLOGIST;OTHER_CLINICIAN,RADIOLOGIST;OTHER_CLINICIAN,CODED,false,NONE
K153351:setting,K153351,setting,DIAGNOSTIC_INTERPRETATION,DIAGNOSTIC_INTERPRETATION,CODED,false,NONE
K153351:action,K153351,action,INTERPRETATION_OR_DIAGNOSIS;WORKFLOW_OR_DOCUMENTATION,INTERPRETATION_OR_DIAGNOSIS;WORKFLOW_OR_DOCUMENTATION,CODED,false,NONE
K153351:component_status,K153351,component_status,SINGLE,SINGLE,CODED,false,NONE
K153427:input,K153427,input,MEDICAL_IMAGE,MEDICAL_IMAGE,CODED,false,NONE
K153427:output,K153427,output,MEASUREMENT_OR_QUANTIFICATION;CLASSIFICATION_OR_DIAGNOSIS;SEGMENTATION_OR_LOCALIZATION,MEASUREMENT_OR_QUANTIFICATION;CLASSIFICATION_OR_DIAGNOSIS;SEGMENTATION_OR_LOCALIZATION,CODED,false,NONE
K153427:user,K153427,user,OTHER_CLINICIAN;OTHER_PHYSICIAN,OTHER_CLINICIAN;OTHER_PHYSICIAN,CODED,false,NONE
K153427:setting,K153427,setting,NOT_STATED,NOT_STATED,NOT_STATED,true,FIELD_NOT_STATED
K153427:action,K153427,action,OTHER,OTHER,CODED,false,NONE
K153427:component_status,K153427,component_status,SINGLE,SINGLE,CODED,false,NONE
K160016:input,K160016,input,NOT_ASSESSABLE,NOT_ASSESSABLE,NOT_ASSESSABLE,true,AI_ATTRIBUTION_BARRIER
K160016:output,K160016,output,NOT_ASSESSABLE,NOT_ASSESSABLE,NOT_ASSESSABLE,true,AI_ATTRIBUTION_BARRIER
K160016:user,K160016,user,NOT_ASSESSABLE,NOT_ASSESSABLE,NOT_ASSESSABLE,true,AI_ATTRIBUTION_BARRIER
K160016:setting,K160016,setting,NOT_ASSESSABLE,NOT_ASSESSABLE,NOT_ASSESSABLE,true,AI_ATTRIBUTION_BARRIER
K160016:action,K160016,action,NOT_ASSESSABLE,NOT_ASSESSABLE,NOT_ASSESSABLE,true,AI_ATTRIBUTION_BARRIER
K160016:component_status,K160016,component_status,UNCERTAIN,UNCERTAIN,UNCERTAIN,true,AI_ATTRIBUTION_BARRIER
K160088:input,K160088,input,MEDICAL_IMAGE;AUDIO_OR_VIDEO;MULTIMODAL,MEDICAL_IMAGE;AUDIO_OR_VIDEO;MULTIMODAL,CODED,false,NONE
K160088:output,K160088,output,RECONSTRUCTION_OR_ENHANCEMENT;SEGMENTATION_OR_LOCALIZATION,RECONSTRUCTION_OR_ENHANCEMENT;SEGMENTATION_OR_LOCALIZATION,CODED,false,NONE
K160088:user,K160088,user,NOT_STATED,NOT_STATED,NOT_STATED,true,FIELD_NOT_STATED
K160088:setting,K160088,setting,PROCEDURAL_OR_OPERATING_ROOM,PROCEDURAL_OR_OPERATING_ROOM,CODED,false,NONE
K160088:action,K160088,action,OTHER,OTHER,CODED,false,NONE
K160088:component_status,K160088,component_status,SINGLE,SINGLE,CODED,false,NONE
K160338:input,K160338,input,MEDICAL_IMAGE,MEDICAL_IMAGE,CODED,false,NONE
K160338:output,K160338,output,MEASUREMENT_OR_QUANTIFICATION,MEASUREMENT_OR_QUANTIFICATION,CODED,false,NONE
K160338:user,K160338,user,OTHER_CLINICIAN,OTHER_CLINICIAN,CODED,false,NONE
K160338:setting,K160338,setting,PROCEDURAL_OR_OPERATING_ROOM;MONITORING,PROCEDURAL_OR_OPERATING_ROOM;MONITORING,CODED,false,NONE
K160338:action,K160338,action,MONITORING_OR_FOLLOW_UP,MONITORING_OR_FOLLOW_UP,CODED,false,NONE
K160338:component_status,K160338,component_status,SINGLE,SINGLE,CODED,false,NONE
K160401:input,K160401,input,NOT_ASSESSABLE,NOT_ASSESSABLE,NOT_ASSESSABLE,true,AI_ATTRIBUTION_BARRIER
K160401:output,K160401,output,NOT_ASSESSABLE,NOT_ASSESSABLE,NOT_ASSESSABLE,true,AI_ATTRIBUTION_BARRIER
K160401:user,K160401,user,NOT_ASSESSABLE,NOT_ASSESSABLE,NOT_ASSESSABLE,true,AI_ATTRIBUTION_BARRIER
K160401:setting,K160401,setting,NOT_ASSESSABLE,NOT_ASSESSABLE,NOT_ASSESSABLE,true,AI_ATTRIBUTION_BARRIER
K160401:action,K160401,action,NOT_ASSESSABLE,NOT_ASSESSABLE,NOT_ASSESSABLE,true,AI_ATTRIBUTION_BARRIER
K160401:component_status,K160401,component_status,UNCERTAIN,UNCERTAIN,UNCERTAIN,true,AI_ATTRIBUTION_BARRIER
K161068:input,K161068,input,PHYSIOLOGICAL_SIGNAL,PHYSIOLOGICAL_SIGNAL,CODED,false,NONE
K161068:output,K161068,output,CLASSIFICATION_OR_DIAGNOSIS;MEASUREMENT_OR_QUANTIFICATION,CLASSIFICATION_OR_DIAGNOSIS;MEASUREMENT_OR_QUANTIFICATION,CODED,false,NONE
K161068:user,K161068,user,OTHER_CLINICIAN,OTHER_CLINICIAN,CODED,false,NONE
K161068:setting,K161068,setting,DIAGNOSTIC_INTERPRETATION;OTHER,DIAGNOSTIC_INTERPRETATION;OTHER,CODED,false,NONE
K161068:action,K161068,action,INTERPRETATION_OR_DIAGNOSIS;MONITORING_OR_FOLLOW_UP,INTERPRETATION_OR_DIAGNOSIS;MONITORING_OR_FOLLOW_UP,CODED,false,NONE
K161068:component_status,K161068,component_status,MULTIPLE,MULTIPLE,CODED,false,NONE
K161148:input,K161148,input,MEDICAL_IMAGE,MEDICAL_IMAGE,CODED,false,NONE
K161148:output,K161148,output,MEASUREMENT_OR_QUANTIFICATION;SEGMENTATION_OR_LOCALIZATION;DOCUMENTATION_OR_SUMMARY,MEASUREMENT_OR_QUANTIFICATION;SEGMENTATION_OR_LOCALIZATION;DOCUMENTATION_OR_SUMMARY,CODED,false,NONE
K161148:user,K161148,user,NOT_STATED,NOT_STATED,NOT_STATED,true,FIELD_NOT_STATED
K161148:setting,K161148,setting,MONITORING,MONITORING,CODED,false,NONE
K161148:action,K161148,action,MONITORING_OR_FOLLOW_UP;WORKFLOW_OR_DOCUMENTATION,MONITORING_OR_FOLLOW_UP;WORKFLOW_OR_DOCUMENTATION,CODED,false,NONE
K161148:component_status,K161148,component_status,MULTIPLE,MULTIPLE,CODED,false,NONE
K161201:input,K161201,input,MEDICAL_IMAGE,MEDICAL_IMAGE,CODED,false,NONE
K161201:output,K161201,output,RECONSTRUCTION_OR_ENHANCEMENT;DETECTION_OR_ALERT;SEGMENTATION_OR_LOCALIZATION,RECONSTRUCTION_OR_ENHANCEMENT;DETECTION_OR_ALERT;SEGMENTATION_OR_LOCALIZATION,CODED,false,NONE
K161201:user,K161201,user,RADIOLOGIST,RADIOLOGIST,CODED,false,NONE
K161201:setting,K161201,setting,DIAGNOSTIC_INTERPRETATION,DIAGNOSTIC_INTERPRETATION,CODED,false,NONE
K161201:action,K161201,action,INTERPRETATION_OR_DIAGNOSIS,INTERPRETATION_OR_DIAGNOSIS,CODED,false,NONE
K161201:component_status,K161201,component_status,SINGLE,SINGLE,CODED,false,NONE
K161322:input,K161322,input,MEDICAL_IMAGE,MEDICAL_IMAGE,CODED,false,NONE
K161322:output,K161322,output,MEASUREMENT_OR_QUANTIFICATION;SEGMENTATION_OR_LOCALIZATION;RECONSTRUCTION_OR_ENHANCEMENT;DOCUMENTATION_OR_SUMMARY,MEASUREMENT_OR_QUANTIFICATION;SEGMENTATION_OR_LOCALIZATION;RECONSTRUCTION_OR_ENHANCEMENT;DOCUMENTATION_OR_SUMMARY,CODED,false,NONE
K161322:user,K161322,user,TECHNOLOGIST_OR_OPERATOR,TECHNOLOGIST_OR_OPERATOR,CODED,false,NONE
K161322:setting,K161322,setting,MONITORING,MONITORING,CODED,false,NONE
K161322:action,K161322,action,MONITORING_OR_FOLLOW_UP,MONITORING_OR_FOLLOW_UP,CODED,false,NONE
K161322:component_status,K161322,component_status,MULTIPLE,MULTIPLE,CODED,false,NONE
K161382:input,K161382,input,AUDIO_OR_VIDEO,AUDIO_OR_VIDEO,CODED,false,NONE
K161382:output,K161382,output,MEASUREMENT_OR_QUANTIFICATION,MEASUREMENT_OR_QUANTIFICATION,CODED,false,NONE
K161382:user,K161382,user,OTHER_CLINICIAN,OTHER_CLINICIAN,CODED,false,NONE
K161382:setting,K161382,setting,DIAGNOSTIC_INTERPRETATION,DIAGNOSTIC_INTERPRETATION,CODED,false,NONE
K161382:action,K161382,action,INTERPRETATION_OR_DIAGNOSIS,INTERPRETATION_OR_DIAGNOSIS,CODED,false,NONE
K161382:component_status,K161382,component_status,SINGLE,SINGLE,CODED,false,NONE
K161625:input,K161625,input,MEDICAL_IMAGE,MEDICAL_IMAGE,CODED,false,NONE
K161625:output,K161625,output,RECONSTRUCTION_OR_ENHANCEMENT,RECONSTRUCTION_OR_ENHANCEMENT,CODED,false,NONE
K161625:user,K161625,user,RADIOLOGIST;OTHER_PHYSICIAN,RADIOLOGIST;OTHER_PHYSICIAN,CODED,false,NONE
K161625:setting,K161625,setting,DIAGNOSTIC_INTERPRETATION,DIAGNOSTIC_INTERPRETATION,CODED,false,NONE
K161625:action,K161625,action,INTERPRETATION_OR_DIAGNOSIS,INTERPRETATION_OR_DIAGNOSIS,CODED,false,NONE
K161625:component_status,K161625,component_status,SINGLE,SINGLE,CODED,false,NONE
K161772:input,K161772,input,MEDICAL_IMAGE,MEDICAL_IMAGE,CODED,false,NONE
K161772:output,K161772,output,MEASUREMENT_OR_QUANTIFICATION,MEASUREMENT_OR_QUANTIFICATION,CODED,false,NONE
K161772:user,K161772,user,OTHER_CLINICIAN,OTHER_CLINICIAN,CODED,false,NONE
K161772:setting,K161772,setting,DIAGNOSTIC_INTERPRETATION,DIAGNOSTIC_INTERPRETATION,CODED,false,NONE
K161772:action,K161772,action,INTERPRETATION_OR_DIAGNOSIS,INTERPRETATION_OR_DIAGNOSIS,CODED,false,NONE
K161772:component_status,K161772,component_status,SINGLE,SINGLE,CODED,false,NONE
K161834:input,K161834,input,OTHER,OTHER,CODED,false,NONE
K161834:output,K161834,output,MEASUREMENT_OR_QUANTIFICATION,MEASUREMENT_OR_QUANTIFICATION,CODED,false,NONE
K161834:user,K161834,user,PATIENT_OR_CAREGIVER,PATIENT_OR_CAREGIVER,CODED,false,NONE
K161834:setting,K161834,setting,HOME_OR_CONSUMER;MONITORING,HOME_OR_CONSUMER;MONITORING,CODED,false,NONE
K161834:action,K161834,action,PATIENT_SELF_MANAGEMENT;MONITORING_OR_FOLLOW_UP,PATIENT_SELF_MANAGEMENT;MONITORING_OR_FOLLOW_UP,CODED,false,NONE
K161834:component_status,K161834,component_status,SINGLE,SINGLE,CODED,false,NONE
K161959:input,K161959,input,MEDICAL_IMAGE,MEDICAL_IMAGE,CODED,false,NONE
K161959:output,K161959,output,CLASSIFICATION_OR_DIAGNOSIS;DOCUMENTATION_OR_SUMMARY,CLASSIFICATION_OR_DIAGNOSIS;DOCUMENTATION_OR_SUMMARY,CODED,false,NONE
K161959:user,K161959,user,OTHER_PHYSICIAN;RADIOLOGIST,OTHER_PHYSICIAN;RADIOLOGIST,CODED,false,NONE
K161959:setting,K161959,setting,SCREENING;DIAGNOSTIC_INTERPRETATION,SCREENING;DIAGNOSTIC_INTERPRETATION,CODED,false,NONE
K161959:action,K161959,action,INTERPRETATION_OR_DIAGNOSIS;WORKFLOW_OR_DOCUMENTATION,INTERPRETATION_OR_DIAGNOSIS;WORKFLOW_OR_DOCUMENTATION,CODED,false,NONE
K161959:component_status,K161959,component_status,SINGLE,SINGLE,CODED,false,NONE
K162830:input,K162830,input,MEDICAL_IMAGE,MEDICAL_IMAGE,CODED,false,NONE
K162830:output,K162830,output,RECONSTRUCTION_OR_ENHANCEMENT;SEGMENTATION_OR_LOCALIZATION,RECONSTRUCTION_OR_ENHANCEMENT;SEGMENTATION_OR_LOCALIZATION,CODED,false,NONE
K162830:user,K162830,user,OTHER_PHYSICIAN;RADIOLOGIST,OTHER_PHYSICIAN;RADIOLOGIST,CODED,false,NONE
K162830:setting,K162830,setting,PROCEDURAL_OR_OPERATING_ROOM,PROCEDURAL_OR_OPERATING_ROOM,CODED,false,NONE
K162830:action,K162830,action,TREATMENT_OR_PROCEDURE_PLANNING,TREATMENT_OR_PROCEDURE_PLANNING,CODED,false,NONE
K162830:component_status,K162830,component_status,SINGLE,SINGLE,CODED,false,NONE
K162855:input,K162855,input,PHYSIOLOGICAL_SIGNAL,PHYSIOLOGICAL_SIGNAL,CODED,false,NONE
K162855:output,K162855,output,DETECTION_OR_ALERT;CLASSIFICATION_OR_DIAGNOSIS;DOCUMENTATION_OR_SUMMARY,DETECTION_OR_ALERT;CLASSIFICATION_OR_DIAGNOSIS;DOCUMENTATION_OR_SUMMARY,CODED,false,NONE
K162855:user,K162855,user,NOT_STATED,NOT_STATED,NOT_STATED,true,FIELD_NOT_STATED
K162855:setting,K162855,setting,MONITORING,MONITORING,CODED,false,NONE
K162855:action,K162855,action,MONITORING_OR_FOLLOW_UP,MONITORING_OR_FOLLOW_UP,CODED,false,NONE
K162855:component_status,K162855,component_status,SINGLE,SINGLE,CODED,false,NONE
K163013:input,K163013,input,MEDICAL_IMAGE,MEDICAL_IMAGE,CODED,false,NONE
K163013:output,K163013,output,SEGMENTATION_OR_LOCALIZATION;MEASUREMENT_OR_QUANTIFICATION;DOCUMENTATION_OR_SUMMARY,SEGMENTATION_OR_LOCALIZATION;MEASUREMENT_OR_QUANTIFICATION;DOCUMENTATION_OR_SUMMARY,CODED,false,NONE
K163013:user,K163013,user,RADIOLOGIST;OTHER_CLINICIAN,RADIOLOGIST;OTHER_CLINICIAN,CODED,false,NONE
K163013:setting,K163013,setting,DIAGNOSTIC_INTERPRETATION;MONITORING,DIAGNOSTIC_INTERPRETATION;MONITORING,CODED,false,NONE
K163013:action,K163013,action,INTERPRETATION_OR_DIAGNOSIS;MONITORING_OR_FOLLOW_UP;WORKFLOW_OR_DOCUMENTATION,INTERPRETATION_OR_DIAGNOSIS;MONITORING_OR_FOLLOW_UP;WORKFLOW_OR_DOCUMENTATION,CODED,false,NONE
K163013:component_status,K163013,component_status,SINGLE,SINGLE,CODED,false,NONE
K163138:input,K163138,input,NOT_ASSESSABLE,NOT_ASSESSABLE,NOT_ASSESSABLE,true,AI_ATTRIBUTION_BARRIER
K163138:output,K163138,output,NOT_ASSESSABLE,NOT_ASSESSABLE,NOT_ASSESSABLE,true,AI_ATTRIBUTION_BARRIER
K163138:user,K163138,user,NOT_ASSESSABLE,NOT_ASSESSABLE,NOT_ASSESSABLE,true,AI_ATTRIBUTION_BARRIER
K163138:setting,K163138,setting,NOT_ASSESSABLE,NOT_ASSESSABLE,NOT_ASSESSABLE,true,AI_ATTRIBUTION_BARRIER
K163138:action,K163138,action,NOT_ASSESSABLE,NOT_ASSESSABLE,NOT_ASSESSABLE,true,AI_ATTRIBUTION_BARRIER
K163138:component_status,K163138,component_status,UNCERTAIN,UNCERTAIN,UNCERTAIN,true,AI_ATTRIBUTION_BARRIER
K163253:input,K163253,input,MEDICAL_IMAGE,MEDICAL_IMAGE,CODED,false,NONE
K163253:output,K163253,output,SEGMENTATION_OR_LOCALIZATION;MEASUREMENT_OR_QUANTIFICATION;DOCUMENTATION_OR_SUMMARY,SEGMENTATION_OR_LOCALIZATION;MEASUREMENT_OR_QUANTIFICATION;DOCUMENTATION_OR_SUMMARY,CODED,false,NONE
K163253:user,K163253,user,OTHER_PHYSICIAN;RADIOLOGIST;OTHER_CLINICIAN,OTHER_PHYSICIAN;RADIOLOGIST;OTHER_CLINICIAN,CODED,false,NONE
K163253:setting,K163253,setting,DIAGNOSTIC_INTERPRETATION,DIAGNOSTIC_INTERPRETATION,CODED,false,NONE
K163253:action,K163253,action,INTERPRETATION_OR_DIAGNOSIS,INTERPRETATION_OR_DIAGNOSIS,CODED,false,NONE
K163253:component_status,K163253,component_status,SINGLE,SINGLE,CODED,false,NONE
K163339:input,K163339,input,PHYSIOLOGICAL_SIGNAL,PHYSIOLOGICAL_SIGNAL,CODED,false,NONE
K163339:output,K163339,output,MEASUREMENT_OR_QUANTIFICATION;OTHER,MEASUREMENT_OR_QUANTIFICATION;OTHER,CODED,false,NONE
K163339:user,K163339,user,NOT_STATED,NOT_STATED,NOT_STATED,true,FIELD_NOT_STATED
K163339:setting,K163339,setting,OTHER,OTHER,CODED,false,NONE
K163339:action,K163339,action,OTHER,OTHER,CODED,false,NONE
K163339:component_status,K163339,component_status,SINGLE,SINGLE,CODED,false,NONE
K163622:input,K163622,input,MEDICAL_IMAGE;AUDIO_OR_VIDEO;MULTIMODAL,MEDICAL_IMAGE;AUDIO_OR_VIDEO;MULTIMODAL,CODED,false,NONE
K163622:output,K163622,output,SEGMENTATION_OR_LOCALIZATION;RECONSTRUCTION_OR_ENHANCEMENT,SEGMENTATION_OR_LOCALIZATION;RECONSTRUCTION_OR_ENHANCEMENT,CODED,false,NONE
K163622:user,K163622,user,OTHER_PHYSICIAN,OTHER_PHYSICIAN,CODED,false,NONE
K163622:setting,K163622,setting,PROCEDURAL_OR_OPERATING_ROOM,PROCEDURAL_OR_OPERATING_ROOM,CODED,false,NONE
K163622:action,K163622,action,TREATMENT_OR_PROCEDURE_PLANNING;OTHER,TREATMENT_OR_PROCEDURE_PLANNING;OTHER,CODED,false,NONE
K163622:component_status,K163622,component_status,SINGLE,SINGLE,CODED,false,NONE
K163623:input,K163623,input,MEDICAL_IMAGE,MEDICAL_IMAGE,CODED,false,NONE
K163623:output,K163623,output,CLASSIFICATION_OR_DIAGNOSIS,CLASSIFICATION_OR_DIAGNOSIS,CODED,false,NONE
K163623:user,K163623,user,RADIOLOGIST,RADIOLOGIST,CODED,false,NONE
K163623:setting,K163623,setting,NOT_STATED,NOT_STATED,NOT_STATED,true,FIELD_NOT_STATED
K163623:action,K163623,action,WORKFLOW_OR_DOCUMENTATION;OTHER,WORKFLOW_OR_DOCUMENTATION;OTHER,CODED,false,NONE
K163623:component_status,K163623,component_status,SINGLE,SINGLE,CODED,false,NONE
K163665:input,K163665,input,PHYSIOLOGICAL_SIGNAL,PHYSIOLOGICAL_SIGNAL,CODED,false,NONE
K163665:output,K163665,output,DETECTION_OR_ALERT;MEASUREMENT_OR_QUANTIFICATION;DOCUMENTATION_OR_SUMMARY,DETECTION_OR_ALERT;MEASUREMENT_OR_QUANTIFICATION;DOCUMENTATION_OR_SUMMARY,CODED,false,NONE
K163665:user,K163665,user,OTHER_CLINICIAN,OTHER_CLINICIAN,CODED,false,NONE
K163665:setting,K163665,setting,HOME_OR_CONSUMER;OTHER;DIAGNOSTIC_INTERPRETATION,HOME_OR_CONSUMER;OTHER;DIAGNOSTIC_INTERPRETATION,CODED,false,NONE
K163665:action,K163665,action,INTERPRETATION_OR_DIAGNOSIS,INTERPRETATION_OR_DIAGNOSIS,CODED,false,NONE
K163665:component_status,K163665,component_status,SINGLE,SINGLE,CODED,false,NONE
K163694:input,K163694,input,NOT_ASSESSABLE,NOT_ASSESSABLE,NOT_ASSESSABLE,true,AI_ATTRIBUTION_BARRIER
K163694:output,K163694,output,NOT_ASSESSABLE,NOT_ASSESSABLE,NOT_ASSESSABLE,true,AI_ATTRIBUTION_BARRIER
K163694:user,K163694,user,NOT_ASSESSABLE,NOT_ASSESSABLE,NOT_ASSESSABLE,true,AI_ATTRIBUTION_BARRIER
K163694:setting,K163694,setting,NOT_ASSESSABLE,NOT_ASSESSABLE,NOT_ASSESSABLE,true,AI_ATTRIBUTION_BARRIER
K163694:action,K163694,action,NOT_ASSESSABLE,NOT_ASSESSABLE,NOT_ASSESSABLE,true,AI_ATTRIBUTION_BARRIER
K163694:component_status,K163694,component_status,UNCERTAIN,UNCERTAIN,UNCERTAIN,true,AI_ATTRIBUTION_BARRIER
K170069:input,K170069,input,AUDIO_OR_VIDEO,AUDIO_OR_VIDEO,CODED,false,NONE
K170069:output,K170069,output,CLASSIFICATION_OR_DIAGNOSIS;MEASUREMENT_OR_QUANTIFICATION;OTHER,CLASSIFICATION_OR_DIAGNOSIS;MEASUREMENT_OR_QUANTIFICATION;OTHER,CODED,false,NONE
K170069:user,K170069,user,NOT_STATED,NOT_STATED,NOT_STATED,true,FIELD_NOT_STATED
K170069:setting,K170069,setting,NOT_STATED,NOT_STATED,NOT_STATED,true,FIELD_NOT_STATED
K170069:action,K170069,action,OTHER,OTHER,CODED,false,NONE
K170069:component_status,K170069,component_status,SINGLE,SINGLE,CODED,false,NONE
K170172:input,K170172,input,NOT_ASSESSABLE,NOT_ASSESSABLE,NOT_ASSESSABLE,true,AI_ATTRIBUTION_BARRIER
K170172:output,K170172,output,NOT_ASSESSABLE,NOT_ASSESSABLE,NOT_ASSESSABLE,true,AI_ATTRIBUTION_BARRIER
K170172:user,K170172,user,NOT_ASSESSABLE,NOT_ASSESSABLE,NOT_ASSESSABLE,true,AI_ATTRIBUTION_BARRIER
K170172:setting,K170172,setting,NOT_ASSESSABLE,NOT_ASSESSABLE,NOT_ASSESSABLE,true,AI_ATTRIBUTION_BARRIER
K170172:action,K170172,action,NOT_ASSESSABLE,NOT_ASSESSABLE,NOT_ASSESSABLE,true,AI_ATTRIBUTION_BARRIER
K170172:component_status,K170172,component_status,UNCERTAIN,UNCERTAIN,UNCERTAIN,true,AI_ATTRIBUTION_BARRIER
K170250:input,K170250,input,MEDICAL_IMAGE;AUDIO_OR_VIDEO;MULTIMODAL,MEDICAL_IMAGE;AUDIO_OR_VIDEO;MULTIMODAL,CODED,false,NONE
K170250:output,K170250,output,RECONSTRUCTION_OR_ENHANCEMENT;SEGMENTATION_OR_LOCALIZATION,RECONSTRUCTION_OR_ENHANCEMENT;SEGMENTATION_OR_LOCALIZATION,CODED,false,NONE
K170250:user,K170250,user,OTHER_PHYSICIAN,OTHER_PHYSICIAN,CODED,false,NONE
K170250:setting,K170250,setting,PROCEDURAL_OR_OPERATING_ROOM;OTHER,PROCEDURAL_OR_OPERATING_ROOM;OTHER,CODED,false,NONE
K170250:action,K170250,action,TREATMENT_OR_PROCEDURE_PLANNING;OTHER,TREATMENT_OR_PROCEDURE_PLANNING;OTHER,CODED,false,NONE
K170250:component_status,K170250,component_status,SINGLE,SINGLE,CODED,false,NONE
K170540:input,K170540,input,MEDICAL_IMAGE,MEDICAL_IMAGE,CODED,false,NONE
K170540:output,K170540,output,MEASUREMENT_OR_QUANTIFICATION;CLASSIFICATION_OR_DIAGNOSIS;DOCUMENTATION_OR_SUMMARY,MEASUREMENT_OR_QUANTIFICATION;CLASSIFICATION_OR_DIAGNOSIS;DOCUMENTATION_OR_SUMMARY,CODED,false,NONE
K170540:user,K170540,user,OTHER_PHYSICIAN,OTHER_PHYSICIAN,CODED,false,NONE
K170540:setting,K170540,setting,NOT_STATED,NOT_STATED,NOT_STATED,true,FIELD_NOT_STATED
K170540:action,K170540,action,OTHER;WORKFLOW_OR_DOCUMENTATION,OTHER;WORKFLOW_OR_DOCUMENTATION,CODED,false,NONE
K170540:component_status,K170540,component_status,SINGLE,SINGLE,CODED,false,NONE
K170568:input,K170568,input,PHYSIOLOGICAL_SIGNAL,PHYSIOLOGICAL_SIGNAL,CODED,false,NONE
K170568:output,K170568,output,MEASUREMENT_OR_QUANTIFICATION;CLASSIFICATION_OR_DIAGNOSIS;RISK_SCORE_OR_PREDICTION,MEASUREMENT_OR_QUANTIFICATION;CLASSIFICATION_OR_DIAGNOSIS;RISK_SCORE_OR_PREDICTION,CODED,false,NONE
K170568:user,K170568,user,OTHER_PHYSICIAN;OTHER_CLINICIAN,OTHER_PHYSICIAN;OTHER_CLINICIAN,CODED,false,NONE
K170568:setting,K170568,setting,DIAGNOSTIC_INTERPRETATION,DIAGNOSTIC_INTERPRETATION,CODED,false,NONE
K170568:action,K170568,action,INTERPRETATION_OR_DIAGNOSIS,INTERPRETATION_OR_DIAGNOSIS,CODED,false,NONE
K170568:component_status,K170568,component_status,SINGLE,SINGLE,CODED,false,NONE
K170747:input,K170747,input,MEDICAL_IMAGE,MEDICAL_IMAGE,CODED,false,NONE
K170747:output,K170747,output,SEGMENTATION_OR_LOCALIZATION;RECONSTRUCTION_OR_ENHANCEMENT,SEGMENTATION_OR_LOCALIZATION;RECONSTRUCTION_OR_ENHANCEMENT,CODED,false,NONE
K170747:user,K170747,user,OTHER_PHYSICIAN,OTHER_PHYSICIAN,CODED,false,NONE
K170747:setting,K170747,setting,PROCEDURAL_OR_OPERATING_ROOM,PROCEDURAL_OR_OPERATING_ROOM,CODED,false,NONE
K170747:action,K170747,action,OTHER,OTHER,CODED,false,NONE
K170747:component_status,K170747,component_status,SINGLE,SINGLE,CODED,false,NONE
K170981:input,K170981,input,MEDICAL_IMAGE,MEDICAL_IMAGE,CODED,false,NONE
K170981:output,K170981,output,SEGMENTATION_OR_LOCALIZATION;MEASUREMENT_OR_QUANTIFICATION;DOCUMENTATION_OR_SUMMARY,SEGMENTATION_OR_LOCALIZATION;MEASUREMENT_OR_QUANTIFICATION;DOCUMENTATION_OR_SUMMARY,CODED,false,NONE
K170981:user,K170981,user,RADIOLOGIST;OTHER_PHYSICIAN;OTHER_CLINICIAN;OTHER,RADIOLOGIST;OTHER_PHYSICIAN;OTHER_CLINICIAN;OTHER,CODED,false,NONE
K170981:setting,K170981,setting,DIAGNOSTIC_INTERPRETATION;OTHER,DIAGNOSTIC_INTERPRETATION;OTHER,CODED,false,NONE
K170981:action,K170981,action,INTERPRETATION_OR_DIAGNOSIS;WORKFLOW_OR_DOCUMENTATION,INTERPRETATION_OR_DIAGNOSIS;WORKFLOW_OR_DOCUMENTATION,CODED,false,NONE
K170981:component_status,K170981,component_status,SINGLE,SINGLE,CODED,false,NONE
K171056:input,K171056,input,NOT_ASSESSABLE,NOT_ASSESSABLE,NOT_ASSESSABLE,true,AI_ATTRIBUTION_BARRIER
K171056:output,K171056,output,NOT_ASSESSABLE,NOT_ASSESSABLE,NOT_ASSESSABLE,true,AI_ATTRIBUTION_BARRIER
K171056:user,K171056,user,NOT_ASSESSABLE,NOT_ASSESSABLE,NOT_ASSESSABLE,true,AI_ATTRIBUTION_BARRIER
K171056:setting,K171056,setting,NOT_ASSESSABLE,NOT_ASSESSABLE,NOT_ASSESSABLE,true,AI_ATTRIBUTION_BARRIER
K171056:action,K171056,action,NOT_ASSESSABLE,NOT_ASSESSABLE,NOT_ASSESSABLE,true,AI_ATTRIBUTION_BARRIER
K171056:component_status,K171056,component_status,UNCERTAIN,UNCERTAIN,UNCERTAIN,true,AI_ATTRIBUTION_BARRIER
K171122:input,K171122,input,MEDICAL_IMAGE,MEDICAL_IMAGE,CODED,false,NONE
K171122:output,K171122,output,RECONSTRUCTION_OR_ENHANCEMENT;MEASUREMENT_OR_QUANTIFICATION,RECONSTRUCTION_OR_ENHANCEMENT;MEASUREMENT_OR_QUANTIFICATION,CODED,false,NONE
K171122:user,K171122,user,NOT_STATED,NOT_STATED,NOT_STATED,true,FIELD_NOT_STATED
K171122:setting,K171122,setting,PROCEDURAL_OR_OPERATING_ROOM,PROCEDURAL_OR_OPERATING_ROOM,CODED,false,NONE
K171122:action,K171122,action,TREATMENT_OR_PROCEDURE_PLANNING,TREATMENT_OR_PROCEDURE_PLANNING,CODED,false,NONE
K171122:component_status,K171122,component_status,SINGLE,SINGLE,CODED,false,NONE
K171315:input,K171315,input,MEDICAL_IMAGE,MEDICAL_IMAGE,CODED,false,NONE
K171315:output,K171315,output,CLASSIFICATION_OR_DIAGNOSIS;MEASUREMENT_OR_QUANTIFICATION,CLASSIFICATION_OR_DIAGNOSIS;MEASUREMENT_OR_QUANTIFICATION,CODED,false,NONE
K171315:user,K171315,user,TECHNOLOGIST_OR_OPERATOR,TECHNOLOGIST_OR_OPERATOR,CODED,false,NONE
K171315:setting,K171315,setting,LABORATORY;DIAGNOSTIC_INTERPRETATION,LABORATORY;DIAGNOSTIC_INTERPRETATION,CODED,false,NONE
K171315:action,K171315,action,INTERPRETATION_OR_DIAGNOSIS,INTERPRETATION_OR_DIAGNOSIS,CODED,false,NONE
K171315:component_status,K171315,component_status,SINGLE,SINGLE,CODED,false,NONE
K171328:input,K171328,input,MEDICAL_IMAGE,MEDICAL_IMAGE,CODED,false,NONE
K171328:output,K171328,output,SEGMENTATION_OR_LOCALIZATION;MEASUREMENT_OR_QUANTIFICATION,SEGMENTATION_OR_LOCALIZATION;MEASUREMENT_OR_QUANTIFICATION,CODED,false,NONE
K171328:user,K171328,user,OTHER_CLINICIAN,OTHER_CLINICIAN,CODED,false,NONE
K171328:setting,K171328,setting,OTHER,OTHER,CODED,false,NONE
K171328:action,K171328,action,OTHER,OTHER,CODED,false,NONE
K171328:component_status,K171328,component_status,SINGLE,SINGLE,CODED,false,NONE
K171936:input,K171936,input,PHYSIOLOGICAL_SIGNAL,PHYSIOLOGICAL_SIGNAL,CODED,false,NONE
K171936:output,K171936,output,MEASUREMENT_OR_QUANTIFICATION;DOCUMENTATION_OR_SUMMARY,MEASUREMENT_OR_QUANTIFICATION;DOCUMENTATION_OR_SUMMARY,CODED,false,NONE
K171936:user,K171936,user,OTHER_CLINICIAN,OTHER_CLINICIAN,CODED,false,NONE
K171936:setting,K171936,setting,MONITORING;OTHER,MONITORING;OTHER,CODED,false,NONE
K171936:action,K171936,action,INTERPRETATION_OR_DIAGNOSIS,INTERPRETATION_OR_DIAGNOSIS,CODED,false,NONE
K171936:component_status,K171936,component_status,SINGLE,SINGLE,CODED,false,NONE
K172122:input,K172122,input,PHYSIOLOGICAL_SIGNAL,PHYSIOLOGICAL_SIGNAL,CODED,false,NONE
K172122:output,K172122,output,MEASUREMENT_OR_QUANTIFICATION,MEASUREMENT_OR_QUANTIFICATION,CODED,false,NONE
K172122:user,K172122,user,OTHER_CLINICIAN,OTHER_CLINICIAN,CODED,false,NONE
K172122:setting,K172122,setting,DIAGNOSTIC_INTERPRETATION,DIAGNOSTIC_INTERPRETATION,CODED,false,NONE
K172122:action,K172122,action,INTERPRETATION_OR_DIAGNOSIS,INTERPRETATION_OR_DIAGNOSIS,CODED,false,NONE
K172122:component_status,K172122,component_status,SINGLE,SINGLE,CODED,false,NONE
K172356:input,K172356,input,MEDICAL_IMAGE,MEDICAL_IMAGE,CODED,false,NONE
K172356:output,K172356,output,MEASUREMENT_OR_QUANTIFICATION,MEASUREMENT_OR_QUANTIFICATION,CODED,false,NONE
K172356:user,K172356,user,OTHER_PHYSICIAN;OTHER_CLINICIAN,OTHER_PHYSICIAN;OTHER_CLINICIAN,CODED,false,NONE
K172356:setting,K172356,setting,NOT_STATED,NOT_STATED,NOT_STATED,true,FIELD_NOT_STATED
K172356:action,K172356,action,OTHER,OTHER,CODED,false,NONE
K172356:component_status,K172356,component_status,SINGLE,SINGLE,CODED,false,NONE
K172385:input,K172385,input,NOT_ASSESSABLE,NOT_ASSESSABLE,NOT_ASSESSABLE,true,AI_ATTRIBUTION_BARRIER
K172385:output,K172385,output,NOT_ASSESSABLE,NOT_ASSESSABLE,NOT_ASSESSABLE,true,AI_ATTRIBUTION_BARRIER
K172385:user,K172385,user,NOT_ASSESSABLE,NOT_ASSESSABLE,NOT_ASSESSABLE,true,AI_ATTRIBUTION_BARRIER
K172385:setting,K172385,setting,NOT_ASSESSABLE,NOT_ASSESSABLE,NOT_ASSESSABLE,true,AI_ATTRIBUTION_BARRIER
K172385:action,K172385,action,NOT_ASSESSABLE,NOT_ASSESSABLE,NOT_ASSESSABLE,true,AI_ATTRIBUTION_BARRIER
K172385:component_status,K172385,component_status,UNCERTAIN,UNCERTAIN,UNCERTAIN,true,AI_ATTRIBUTION_BARRIER
K172507:input,K172507,input,PHYSIOLOGICAL_SIGNAL,PHYSIOLOGICAL_SIGNAL,CODED,false,NONE
K172507:output,K172507,output,MEASUREMENT_OR_QUANTIFICATION,MEASUREMENT_OR_QUANTIFICATION,CODED,false,NONE
K172507:user,K172507,user,OTHER_PHYSICIAN;OTHER_CLINICIAN,OTHER_PHYSICIAN;OTHER_CLINICIAN,CODED,false,NONE
K172507:setting,K172507,setting,MONITORING,MONITORING,CODED,false,NONE
K172507:action,K172507,action,MONITORING_OR_FOLLOW_UP,MONITORING_OR_FOLLOW_UP,CODED,false,NONE
K172507:component_status,K172507,component_status,SINGLE,SINGLE,CODED,false,NONE
K172803:input,K172803,input,NOT_ASSESSABLE,NOT_ASSESSABLE,NOT_ASSESSABLE,true,AI_ATTRIBUTION_BARRIER
K172803:output,K172803,output,NOT_ASSESSABLE,NOT_ASSESSABLE,NOT_ASSESSABLE,true,AI_ATTRIBUTION_BARRIER
K172803:user,K172803,user,NOT_ASSESSABLE,NOT_ASSESSABLE,NOT_ASSESSABLE,true,AI_ATTRIBUTION_BARRIER
K172803:setting,K172803,setting,NOT_ASSESSABLE,NOT_ASSESSABLE,NOT_ASSESSABLE,true,AI_ATTRIBUTION_BARRIER
K172803:action,K172803,action,NOT_ASSESSABLE,NOT_ASSESSABLE,NOT_ASSESSABLE,true,AI_ATTRIBUTION_BARRIER
K172803:component_status,K172803,component_status,UNCERTAIN,UNCERTAIN,UNCERTAIN,true,AI_ATTRIBUTION_BARRIER
K172959:input,K172959,input,CLINICAL_TABULAR_OR_TEXT,CLINICAL_TABULAR_OR_TEXT,CODED,false,NONE
K172959:output,K172959,output,RISK_SCORE_OR_PREDICTION;DETECTION_OR_ALERT,RISK_SCORE_OR_PREDICTION;DETECTION_OR_ALERT,CODED,false,NONE
K172959:user,K172959,user,OTHER_CLINICIAN,OTHER_CLINICIAN,CODED,false,NONE
K172959:setting,K172959,setting,MONITORING;ACUTE_TRIAGE_OR_EMERGENCY;INPATIENT,MONITORING;ACUTE_TRIAGE_OR_EMERGENCY;INPATIENT,CODED,false,NONE
K172959:action,K172959,action,MONITORING_OR_FOLLOW_UP,MONITORING_OR_FOLLOW_UP,CODED,false,NONE
K172959:component_status,K172959,component_status,SINGLE,SINGLE,CODED,false,NONE
K172983:input,K172983,input,MEDICAL_IMAGE,MEDICAL_IMAGE,CODED,false,NONE
K172983:output,K172983,output,RISK_SCORE_OR_PREDICTION;CLASSIFICATION_OR_DIAGNOSIS;DOCUMENTATION_OR_SUMMARY,RISK_SCORE_OR_PREDICTION;CLASSIFICATION_OR_DIAGNOSIS;DOCUMENTATION_OR_SUMMARY,CODED,false,NONE
K172983:user,K172983,user,OTHER_PHYSICIAN,OTHER_PHYSICIAN,CODED,false,NONE
K172983:setting,K172983,setting,DIAGNOSTIC_INTERPRETATION,DIAGNOSTIC_INTERPRETATION,CODED,false,NONE
K172983:action,K172983,action,INTERPRETATION_OR_DIAGNOSIS;OTHER,INTERPRETATION_OR_DIAGNOSIS;OTHER,CODED,false,NONE
K172983:component_status,K172983,component_status,SINGLE,SINGLE,CODED,false,NONE
K173327:input,K173327,input,MEDICAL_IMAGE,MEDICAL_IMAGE,CODED,false,NONE
K173327:output,K173327,output,MEASUREMENT_OR_QUANTIFICATION;DETECTION_OR_ALERT,MEASUREMENT_OR_QUANTIFICATION;DETECTION_OR_ALERT,CODED,false,NONE
K173327:user,K173327,user,OTHER_PHYSICIAN,OTHER_PHYSICIAN,CODED,false,NONE
K173327:setting,K173327,setting,HOME_OR_CONSUMER;DIAGNOSTIC_INTERPRETATION;MONITORING,HOME_OR_CONSUMER;DIAGNOSTIC_INTERPRETATION;MONITORING,CODED,false,NONE
K173327:action,K173327,action,INTERPRETATION_OR_DIAGNOSIS;MONITORING_OR_FOLLOW_UP,INTERPRETATION_OR_DIAGNOSIS;MONITORING_OR_FOLLOW_UP,CODED,false,NONE
K173327:component_status,K173327,component_status,SINGLE,SINGLE,CODED,false,NONE
K173420:input,K173420,input,MEDICAL_IMAGE,MEDICAL_IMAGE,CODED,false,NONE
K173420:output,K173420,output,SEGMENTATION_OR_LOCALIZATION,SEGMENTATION_OR_LOCALIZATION,CODED,false,NONE
K173420:user,K173420,user,OTHER_PHYSICIAN;OTHER,OTHER_PHYSICIAN;OTHER,CODED,false,NONE
K173420:setting,K173420,setting,PROCEDURAL_OR_OPERATING_ROOM;OTHER,PROCEDURAL_OR_OPERATING_ROOM;OTHER,CODED,false,NONE
K173420:action,K173420,action,TREATMENT_OR_PROCEDURE_PLANNING,TREATMENT_OR_PROCEDURE_PLANNING,CODED,false,NONE
K173420:component_status,K173420,component_status,SINGLE,SINGLE,CODED,false,NONE
K173444:input,K173444,input,MEDICAL_IMAGE,MEDICAL_IMAGE,CODED,false,NONE
K173444:output,K173444,output,DETECTION_OR_ALERT;SEGMENTATION_OR_LOCALIZATION;MEASUREMENT_OR_QUANTIFICATION,DETECTION_OR_ALERT;SEGMENTATION_OR_LOCALIZATION;MEASUREMENT_OR_QUANTIFICATION,CODED,false,NONE
K173444:user,K173444,user,RADIOLOGIST;OTHER_PHYSICIAN;TECHNOLOGIST_OR_OPERATOR;OTHER,RADIOLOGIST;OTHER_PHYSICIAN;TECHNOLOGIST_OR_OPERATOR;OTHER,CODED,false,NONE
K173444:setting,K173444,setting,OTHER,OTHER,CODED,false,NONE
K173444:action,K173444,action,OTHER,OTHER,CODED,false,NONE
K173444:component_status,K173444,component_status,SINGLE,SINGLE,CODED,false,NONE
K173542:input,K173542,input,MEDICAL_IMAGE,MEDICAL_IMAGE,CODED,false,NONE
K173542:output,K173542,output,SEGMENTATION_OR_LOCALIZATION;MEASUREMENT_OR_QUANTIFICATION,SEGMENTATION_OR_LOCALIZATION;MEASUREMENT_OR_QUANTIFICATION,CODED,false,NONE
K173542:user,K173542,user,OTHER_CLINICIAN,OTHER_CLINICIAN,CODED,false,NONE
K173542:setting,K173542,setting,DIAGNOSTIC_INTERPRETATION;MONITORING,DIAGNOSTIC_INTERPRETATION;MONITORING,CODED,false,NONE
K173542:action,K173542,action,INTERPRETATION_OR_DIAGNOSIS;MONITORING_OR_FOLLOW_UP,INTERPRETATION_OR_DIAGNOSIS;MONITORING_OR_FOLLOW_UP,CODED,false,NONE
K173542:component_status,K173542,component_status,SINGLE,SINGLE,CODED,false,NONE
K173574:input,K173574,input,MEDICAL_IMAGE,MEDICAL_IMAGE,CODED,false,NONE
K173574:output,K173574,output,CLASSIFICATION_OR_DIAGNOSIS,CLASSIFICATION_OR_DIAGNOSIS,CODED,false,NONE
K173574:user,K173574,user,RADIOLOGIST,RADIOLOGIST,CODED,false,NONE
K173574:setting,K173574,setting,OTHER,OTHER,CODED,false,NONE
K173574:action,K173574,action,INTERPRETATION_OR_DIAGNOSIS,INTERPRETATION_OR_DIAGNOSIS,CODED,false,NONE
K173574:component_status,K173574,component_status,SINGLE,SINGLE,CODED,false,NONE
K173588:input,K173588,input,NOT_ASSESSABLE,NOT_ASSESSABLE,NOT_ASSESSABLE,true,AI_ATTRIBUTION_BARRIER
K173588:output,K173588,output,NOT_ASSESSABLE,NOT_ASSESSABLE,NOT_ASSESSABLE,true,AI_ATTRIBUTION_BARRIER
K173588:user,K173588,user,NOT_ASSESSABLE,NOT_ASSESSABLE,NOT_ASSESSABLE,true,AI_ATTRIBUTION_BARRIER
K173588:setting,K173588,setting,NOT_ASSESSABLE,NOT_ASSESSABLE,NOT_ASSESSABLE,true,AI_ATTRIBUTION_BARRIER
K173588:action,K173588,action,NOT_ASSESSABLE,NOT_ASSESSABLE,NOT_ASSESSABLE,true,AI_ATTRIBUTION_BARRIER
K173588:component_status,K173588,component_status,UNCERTAIN,UNCERTAIN,UNCERTAIN,true,AI_ATTRIBUTION_BARRIER
K173605:input,K173605,input,MEDICAL_IMAGE,MEDICAL_IMAGE,CODED,false,NONE
K173605:output,K173605,output,RECONSTRUCTION_OR_ENHANCEMENT,RECONSTRUCTION_OR_ENHANCEMENT,CODED,false,NONE
K173605:user,K173605,user,OTHER_CLINICIAN,OTHER_CLINICIAN,CODED,false,NONE
K173605:setting,K173605,setting,NOT_STATED,NOT_STATED,NOT_STATED,true,FIELD_NOT_STATED
K173605:action,K173605,action,NOT_STATED,NOT_STATED,NOT_STATED,true,FIELD_NOT_STATED
K173605:component_status,K173605,component_status,SINGLE,SINGLE,CODED,false,NONE
K173749:input,K173749,input,NOT_ASSESSABLE,NOT_ASSESSABLE,NOT_ASSESSABLE,true,AI_ATTRIBUTION_BARRIER
K173749:output,K173749,output,NOT_ASSESSABLE,NOT_ASSESSABLE,NOT_ASSESSABLE,true,AI_ATTRIBUTION_BARRIER
K173749:user,K173749,user,NOT_ASSESSABLE,NOT_ASSESSABLE,NOT_ASSESSABLE,true,AI_ATTRIBUTION_BARRIER
K173749:setting,K173749,setting,NOT_ASSESSABLE,NOT_ASSESSABLE,NOT_ASSESSABLE,true,AI_ATTRIBUTION_BARRIER
K173749:action,K173749,action,NOT_ASSESSABLE,NOT_ASSESSABLE,NOT_ASSESSABLE,true,AI_ATTRIBUTION_BARRIER
K173749:component_status,K173749,component_status,UNCERTAIN,UNCERTAIN,UNCERTAIN,true,AI_ATTRIBUTION_BARRIER
K173780:input,K173780,input,AUDIO_OR_VIDEO,AUDIO_OR_VIDEO,CODED,false,NONE
K173780:output,K173780,output,MEASUREMENT_OR_QUANTIFICATION,MEASUREMENT_OR_QUANTIFICATION,CODED,false,NONE
K173780:user,K173780,user,OTHER_CLINICIAN,OTHER_CLINICIAN,CODED,false,NONE
K173780:setting,K173780,setting,DIAGNOSTIC_INTERPRETATION,DIAGNOSTIC_INTERPRETATION,CODED,false,NONE
K173780:action,K173780,action,INTERPRETATION_OR_DIAGNOSIS,INTERPRETATION_OR_DIAGNOSIS,CODED,false,NONE
K173780:component_status,K173780,component_status,SINGLE,SINGLE,CODED,false,NONE
K173810:input,K173810,input,MEDICAL_IMAGE,MEDICAL_IMAGE,CODED,false,NONE
K173810:output,K173810,output,MEASUREMENT_OR_QUANTIFICATION,MEASUREMENT_OR_QUANTIFICATION,CODED,false,NONE
K173810:user,K173810,user,NOT_STATED,NOT_STATED,NOT_STATED,true,FIELD_NOT_STATED
K173810:setting,K173810,setting,DIAGNOSTIC_INTERPRETATION,DIAGNOSTIC_INTERPRETATION,CODED,false,NONE
K173810:action,K173810,action,INTERPRETATION_OR_DIAGNOSIS,INTERPRETATION_OR_DIAGNOSIS,CODED,false,NONE
K173810:component_status,K173810,component_status,SINGLE,SINGLE,CODED,false,NONE
K173821:input,K173821,input,MEDICAL_IMAGE,MEDICAL_IMAGE,CODED,false,NONE
K173821:output,K173821,output,SEGMENTATION_OR_LOCALIZATION;MEASUREMENT_OR_QUANTIFICATION;DOCUMENTATION_OR_SUMMARY,SEGMENTATION_OR_LOCALIZATION;MEASUREMENT_OR_QUANTIFICATION;DOCUMENTATION_OR_SUMMARY,CODED,false,NONE
K173821:user,K173821,user,OTHER_PHYSICIAN,OTHER_PHYSICIAN,CODED,false,NONE
K173821:setting,K173821,setting,DIAGNOSTIC_INTERPRETATION;MONITORING,DIAGNOSTIC_INTERPRETATION;MONITORING,CODED,false,NONE
K173821:action,K173821,action,INTERPRETATION_OR_DIAGNOSIS;MONITORING_OR_FOLLOW_UP,INTERPRETATION_OR_DIAGNOSIS;MONITORING_OR_FOLLOW_UP,CODED,false,NONE
K173821:component_status,K173821,component_status,SINGLE,SINGLE,CODED,false,NONE
K173839:input,K173839,input,LAB_SPECIMEN_OR_OMICS,LAB_SPECIMEN_OR_OMICS,CODED,false,NONE
K173839:output,K173839,output,MEASUREMENT_OR_QUANTIFICATION,MEASUREMENT_OR_QUANTIFICATION,CODED,false,NONE
K173839:user,K173839,user,OTHER_PHYSICIAN,OTHER_PHYSICIAN,CODED,false,NONE
K173839:setting,K173839,setting,LABORATORY;DIAGNOSTIC_INTERPRETATION,LABORATORY;DIAGNOSTIC_INTERPRETATION,CODED,false,NONE
K173839:action,K173839,action,INTERPRETATION_OR_DIAGNOSIS,INTERPRETATION_OR_DIAGNOSIS,CODED,false,NONE
K173839:component_status,K173839,component_status,SINGLE,SINGLE,CODED,false,NONE
K173872:input,K173872,input,PHYSIOLOGICAL_SIGNAL,PHYSIOLOGICAL_SIGNAL,CODED,false,NONE
K173872:output,K173872,output,DETECTION_OR_ALERT;CLASSIFICATION_OR_DIAGNOSIS,DETECTION_OR_ALERT;CLASSIFICATION_OR_DIAGNOSIS,CODED,false,NONE
K173872:user,K173872,user,PATIENT_OR_CAREGIVER;OTHER_PHYSICIAN,PATIENT_OR_CAREGIVER;OTHER_PHYSICIAN,CODED,false,NONE
K173872:setting,K173872,setting,MONITORING,MONITORING,CODED,false,NONE
K173872:action,K173872,action,MONITORING_OR_FOLLOW_UP,MONITORING_OR_FOLLOW_UP,CODED,false,NONE
K173872:component_status,K173872,component_status,SINGLE,SINGLE,CODED,false,NONE
K173939:input,K173939,input,MEDICAL_IMAGE,MEDICAL_IMAGE,CODED,false,NONE
K173939:output,K173939,output,SEGMENTATION_OR_LOCALIZATION;MEASUREMENT_OR_QUANTIFICATION;DETECTION_OR_ALERT,SEGMENTATION_OR_LOCALIZATION;MEASUREMENT_OR_QUANTIFICATION;DETECTION_OR_ALERT,CODED,false,NONE
K173939:user,K173939,user,OTHER_CLINICIAN,OTHER_CLINICIAN,CODED,false,NONE
K173939:setting,K173939,setting,DIAGNOSTIC_INTERPRETATION;MONITORING,DIAGNOSTIC_INTERPRETATION;MONITORING,CODED,false,NONE
K173939:action,K173939,action,INTERPRETATION_OR_DIAGNOSIS;MONITORING_OR_FOLLOW_UP;WORKFLOW_OR_DOCUMENTATION,INTERPRETATION_OR_DIAGNOSIS;MONITORING_OR_FOLLOW_UP;WORKFLOW_OR_DOCUMENTATION,CODED,false,NONE
K173939:component_status,K173939,component_status,MULTIPLE,MULTIPLE,CODED,false,NONE
K180038:input,K180038,input,NOT_ASSESSABLE,NOT_ASSESSABLE,NOT_ASSESSABLE,true,AI_ATTRIBUTION_BARRIER
K180038:output,K180038,output,NOT_ASSESSABLE,NOT_ASSESSABLE,NOT_ASSESSABLE,true,AI_ATTRIBUTION_BARRIER
K180038:user,K180038,user,NOT_ASSESSABLE,NOT_ASSESSABLE,NOT_ASSESSABLE,true,AI_ATTRIBUTION_BARRIER
K180038:setting,K180038,setting,NOT_ASSESSABLE,NOT_ASSESSABLE,NOT_ASSESSABLE,true,AI_ATTRIBUTION_BARRIER
K180038:action,K180038,action,NOT_ASSESSABLE,NOT_ASSESSABLE,NOT_ASSESSABLE,true,AI_ATTRIBUTION_BARRIER
K180038:component_status,K180038,component_status,UNCERTAIN,UNCERTAIN,UNCERTAIN,true,AI_ATTRIBUTION_BARRIER
K180091:input,K180091,input,NOT_ASSESSABLE,NOT_ASSESSABLE,NOT_ASSESSABLE,true,AI_ATTRIBUTION_BARRIER
K180091:output,K180091,output,NOT_ASSESSABLE,NOT_ASSESSABLE,NOT_ASSESSABLE,true,AI_ATTRIBUTION_BARRIER
K180091:user,K180091,user,NOT_ASSESSABLE,NOT_ASSESSABLE,NOT_ASSESSABLE,true,AI_ATTRIBUTION_BARRIER
K180091:setting,K180091,setting,NOT_ASSESSABLE,NOT_ASSESSABLE,NOT_ASSESSABLE,true,AI_ATTRIBUTION_BARRIER
K180091:action,K180091,action,NOT_ASSESSABLE,NOT_ASSESSABLE,NOT_ASSESSABLE,true,AI_ATTRIBUTION_BARRIER
K180091:component_status,K180091,component_status,UNCERTAIN,UNCERTAIN,UNCERTAIN,true,AI_ATTRIBUTION_BARRIER
K180126:input,K180126,input,PHYSIOLOGICAL_SIGNAL,PHYSIOLOGICAL_SIGNAL,CODED,false,NONE
K180126:output,K180126,output,MEASUREMENT_OR_QUANTIFICATION,MEASUREMENT_OR_QUANTIFICATION,CODED,false,NONE
K180126:user,K180126,user,OTHER_CLINICIAN,OTHER_CLINICIAN,CODED,false,NONE
K180126:setting,K180126,setting,DIAGNOSTIC_INTERPRETATION,DIAGNOSTIC_INTERPRETATION,CODED,false,NONE
K180126:action,K180126,action,INTERPRETATION_OR_DIAGNOSIS,INTERPRETATION_OR_DIAGNOSIS,CODED,false,NONE
K180126:component_status,K180126,component_status,SINGLE,SINGLE,CODED,false,NONE
K180161:input,K180161,input,MEDICAL_IMAGE,MEDICAL_IMAGE,CODED,false,NONE
K180161:output,K180161,output,MEASUREMENT_OR_QUANTIFICATION,MEASUREMENT_OR_QUANTIFICATION,CODED,false,NONE
K180161:user,K180161,user,OTHER_PHYSICIAN;TECHNOLOGIST_OR_OPERATOR,OTHER_PHYSICIAN;TECHNOLOGIST_OR_OPERATOR,CODED,false,NONE
K180161:setting,K180161,setting,DIAGNOSTIC_INTERPRETATION,DIAGNOSTIC_INTERPRETATION,CODED,false,NONE
K180161:action,K180161,action,INTERPRETATION_OR_DIAGNOSIS,INTERPRETATION_OR_DIAGNOSIS,CODED,false,NONE
K180161:component_status,K180161,component_status,SINGLE,SINGLE,CODED,false,NONE
K180163:input,K180163,input,NOT_ASSESSABLE,NOT_ASSESSABLE,NOT_ASSESSABLE,true,AI_ATTRIBUTION_BARRIER
K180163:output,K180163,output,NOT_ASSESSABLE,NOT_ASSESSABLE,NOT_ASSESSABLE,true,AI_ATTRIBUTION_BARRIER
K180163:user,K180163,user,NOT_ASSESSABLE,NOT_ASSESSABLE,NOT_ASSESSABLE,true,AI_ATTRIBUTION_BARRIER
K180163:setting,K180163,setting,NOT_ASSESSABLE,NOT_ASSESSABLE,NOT_ASSESSABLE,true,AI_ATTRIBUTION_BARRIER
K180163:action,K180163,action,NOT_ASSESSABLE,NOT_ASSESSABLE,NOT_ASSESSABLE,true,AI_ATTRIBUTION_BARRIER
K180163:component_status,K180163,component_status,UNCERTAIN,UNCERTAIN,UNCERTAIN,true,AI_ATTRIBUTION_BARRIER
K180343:input,K180343,input,MEDICAL_IMAGE,MEDICAL_IMAGE,CODED,false,NONE
K180343:output,K180343,output,MEASUREMENT_OR_QUANTIFICATION,MEASUREMENT_OR_QUANTIFICATION,CODED,false,NONE
K180343:user,K180343,user,PATIENT_OR_CAREGIVER;OTHER_CLINICIAN,PATIENT_OR_CAREGIVER;OTHER_CLINICIAN,CODED,false,NONE
K180343:setting,K180343,setting,HOME_OR_CONSUMER;OTHER,HOME_OR_CONSUMER;OTHER,CODED,false,NONE
K180343:action,K180343,action,INTERPRETATION_OR_DIAGNOSIS,INTERPRETATION_OR_DIAGNOSIS,CODED,false,NONE
K180343:component_status,K180343,component_status,SINGLE,SINGLE,CODED,false,NONE
K180432:input,K180432,input,PHYSIOLOGICAL_SIGNAL,PHYSIOLOGICAL_SIGNAL,CODED,false,NONE
K180432:output,K180432,output,MEASUREMENT_OR_QUANTIFICATION;CLASSIFICATION_OR_DIAGNOSIS;DOCUMENTATION_OR_SUMMARY,MEASUREMENT_OR_QUANTIFICATION;CLASSIFICATION_OR_DIAGNOSIS;DOCUMENTATION_OR_SUMMARY,CODED,false,NONE
K180432:user,K180432,user,OTHER_PHYSICIAN,OTHER_PHYSICIAN,CODED,false,NONE
K180432:setting,K180432,setting,DIAGNOSTIC_INTERPRETATION,DIAGNOSTIC_INTERPRETATION,CODED,false,NONE
K180432:action,K180432,action,INTERPRETATION_OR_DIAGNOSIS,INTERPRETATION_OR_DIAGNOSIS,CODED,false,NONE
K180432:component_status,K180432,component_status,SINGLE,SINGLE,CODED,false,NONE
K180589:input,K180589,input,MEDICAL_IMAGE,MEDICAL_IMAGE,CODED,false,NONE
K180589:output,K180589,output,RECONSTRUCTION_OR_ENHANCEMENT,RECONSTRUCTION_OR_ENHANCEMENT,CODED,false,NONE
K180589:user,K180589,user,NOT_STATED,NOT_STATED,NOT_STATED,true,FIELD_NOT_STATED
K180589:setting,K180589,setting,PROCEDURAL_OR_OPERATING_ROOM,PROCEDURAL_OR_OPERATING_ROOM,CODED,false,NONE
K180589:action,K180589,action,NOT_STATED,NOT_STATED,NOT_STATED,true,FIELD_NOT_STATED
K180589:component_status,K180589,component_status,SINGLE,SINGLE,CODED,false,NONE
K180599:input,K180599,input,NOT_ASSESSABLE,NOT_ASSESSABLE,NOT_ASSESSABLE,true,AI_ATTRIBUTION_BARRIER
K180599:output,K180599,output,NOT_ASSESSABLE,NOT_ASSESSABLE,NOT_ASSESSABLE,true,AI_ATTRIBUTION_BARRIER
K180599:user,K180599,user,NOT_ASSESSABLE,NOT_ASSESSABLE,NOT_ASSESSABLE,true,AI_ATTRIBUTION_BARRIER
K180599:setting,K180599,setting,NOT_ASSESSABLE,NOT_ASSESSABLE,NOT_ASSESSABLE,true,AI_ATTRIBUTION_BARRIER
K180599:action,K180599,action,NOT_ASSESSABLE,NOT_ASSESSABLE,NOT_ASSESSABLE,true,AI_ATTRIBUTION_BARRIER
K180599:component_status,K180599,component_status,UNCERTAIN,UNCERTAIN,UNCERTAIN,true,AI_ATTRIBUTION_BARRIER
K180647:input,K180647,input,MEDICAL_IMAGE,MEDICAL_IMAGE,CODED,false,NONE
K180647:output,K180647,output,DETECTION_OR_ALERT,DETECTION_OR_ALERT,CODED,false,NONE
K180647:user,K180647,user,RADIOLOGIST,RADIOLOGIST,CODED,false,NONE
K180647:setting,K180647,setting,ACUTE_TRIAGE_OR_EMERGENCY,ACUTE_TRIAGE_OR_EMERGENCY,CODED,false,NONE
K180647:action,K180647,action,TRIAGE_OR_PRIORITIZATION,TRIAGE_OR_PRIORITIZATION,CODED,false,NONE
K180647:component_status,K180647,component_status,SINGLE,SINGLE,CODED,false,NONE
K180799:input,K180799,input,NOT_ASSESSABLE,NOT_ASSESSABLE,NOT_ASSESSABLE,true,AI_ATTRIBUTION_BARRIER
K180799:output,K180799,output,NOT_ASSESSABLE,NOT_ASSESSABLE,NOT_ASSESSABLE,true,AI_ATTRIBUTION_BARRIER
K180799:user,K180799,user,NOT_ASSESSABLE,NOT_ASSESSABLE,NOT_ASSESSABLE,true,AI_ATTRIBUTION_BARRIER
K180799:setting,K180799,setting,NOT_ASSESSABLE,NOT_ASSESSABLE,NOT_ASSESSABLE,true,AI_ATTRIBUTION_BARRIER
K180799:action,K180799,action,NOT_ASSESSABLE,NOT_ASSESSABLE,NOT_ASSESSABLE,true,AI_ATTRIBUTION_BARRIER
K180799:component_status,K180799,component_status,UNCERTAIN,UNCERTAIN,UNCERTAIN,true,AI_ATTRIBUTION_BARRIER
K180867:input,K180867,input,MEDICAL_IMAGE,MEDICAL_IMAGE,CODED,false,NONE
K180867:output,K180867,output,MEASUREMENT_OR_QUANTIFICATION,MEASUREMENT_OR_QUANTIFICATION,CODED,false,NONE
K180867:user,K180867,user,OTHER_PHYSICIAN,OTHER_PHYSICIAN,CODED,false,NONE
K180867:setting,K180867,setting,DIAGNOSTIC_INTERPRETATION;MONITORING,DIAGNOSTIC_INTERPRETATION;MONITORING,CODED,false,NONE
K180867:action,K180867,action,INTERPRETATION_OR_DIAGNOSIS;MONITORING_OR_FOLLOW_UP,INTERPRETATION_OR_DIAGNOSIS;MONITORING_OR_FOLLOW_UP,CODED,false,NONE
K180867:component_status,K180867,component_status,SINGLE,SINGLE,CODED,false,NONE
K181247:input,K181247,input,MEDICAL_IMAGE,MEDICAL_IMAGE,CODED,false,NONE
K181247:output,K181247,output,MEASUREMENT_OR_QUANTIFICATION,MEASUREMENT_OR_QUANTIFICATION,CODED,false,NONE
K181247:user,K181247,user,OTHER_PHYSICIAN,OTHER_PHYSICIAN,CODED,false,NONE
K181247:setting,K181247,setting,DIAGNOSTIC_INTERPRETATION,DIAGNOSTIC_INTERPRETATION,CODED,false,NONE
K181247:action,K181247,action,INTERPRETATION_OR_DIAGNOSIS,INTERPRETATION_OR_DIAGNOSIS,CODED,false,NONE
K181247:component_status,K181247,component_status,SINGLE,SINGLE,CODED,false,NONE
K181288:input,K181288,input,MEDICAL_IMAGE,MEDICAL_IMAGE,CODED,false,NONE
K181288:output,K181288,output,MEASUREMENT_OR_QUANTIFICATION,MEASUREMENT_OR_QUANTIFICATION,CODED,false,NONE
K181288:user,K181288,user,OTHER_CLINICIAN,OTHER_CLINICIAN,CODED,false,NONE
K181288:setting,K181288,setting,LABORATORY;OTHER,LABORATORY;OTHER,CODED,false,NONE
K181288:action,K181288,action,NOT_STATED,NOT_STATED,NOT_STATED,true,FIELD_NOT_STATED
K181288:component_status,K181288,component_status,SINGLE,SINGLE,CODED,false,NONE
K181352:input,K181352,input,PHYSIOLOGICAL_SIGNAL,PHYSIOLOGICAL_SIGNAL,CODED,false,NONE
K181352:output,K181352,output,MEASUREMENT_OR_QUANTIFICATION,MEASUREMENT_OR_QUANTIFICATION,CODED,false,NONE
K181352:user,K181352,user,PATIENT_OR_CAREGIVER;OTHER_CLINICIAN,PATIENT_OR_CAREGIVER;OTHER_CLINICIAN,CODED,false,NONE
K181352:setting,K181352,setting,HOME_OR_CONSUMER;MONITORING,HOME_OR_CONSUMER;MONITORING,CODED,false,NONE
K181352:action,K181352,action,MONITORING_OR_FOLLOW_UP,MONITORING_OR_FOLLOW_UP,CODED,false,NONE
K181352:component_status,K181352,component_status,SINGLE,SINGLE,CODED,false,NONE
K181502:input,K181502,input,PHYSIOLOGICAL_SIGNAL,PHYSIOLOGICAL_SIGNAL,CODED,false,NONE
K181502:output,K181502,output,CLASSIFICATION_OR_DIAGNOSIS;DOCUMENTATION_OR_SUMMARY,CLASSIFICATION_OR_DIAGNOSIS;DOCUMENTATION_OR_SUMMARY,CODED,false,NONE
K181502:user,K181502,user,TECHNOLOGIST_OR_OPERATOR,TECHNOLOGIST_OR_OPERATOR,CODED,false,NONE
K181502:setting,K181502,setting,MONITORING,MONITORING,CODED,false,NONE
K181502:action,K181502,action,INTERPRETATION_OR_DIAGNOSIS,INTERPRETATION_OR_DIAGNOSIS,CODED,false,NONE
K181502:component_status,K181502,component_status,SINGLE,SINGLE,CODED,false,NONE
K181572:input,K181572,input,MEDICAL_IMAGE,MEDICAL_IMAGE,CODED,false,NONE
K181572:output,K181572,output,SEGMENTATION_OR_LOCALIZATION,SEGMENTATION_OR_LOCALIZATION,CODED,false,NONE
K181572:user,K181572,user,OTHER_CLINICIAN,OTHER_CLINICIAN,CODED,false,NONE
K181572:setting,K181572,setting,PROCEDURAL_OR_OPERATING_ROOM,PROCEDURAL_OR_OPERATING_ROOM,CODED,false,NONE
K181572:action,K181572,action,TREATMENT_OR_PROCEDURE_PLANNING,TREATMENT_OR_PROCEDURE_PLANNING,CODED,false,NONE
K181572:component_status,K181572,component_status,SINGLE,SINGLE,CODED,false,NONE
K181574:input,K181574,input,MEDICAL_IMAGE,MEDICAL_IMAGE,CODED,false,NONE
K181574:output,K181574,output,MEASUREMENT_OR_QUANTIFICATION,MEASUREMENT_OR_QUANTIFICATION,CODED,false,NONE
K181574:user,K181574,user,TECHNOLOGIST_OR_OPERATOR,TECHNOLOGIST_OR_OPERATOR,CODED,false,NONE
K181574:setting,K181574,setting,NOT_STATED,NOT_STATED,NOT_STATED,true,FIELD_NOT_STATED
K181574:action,K181574,action,NOT_STATED,NOT_STATED,NOT_STATED,true,FIELD_NOT_STATED
K181574:component_status,K181574,component_status,SINGLE,SINGLE,CODED,false,NONE
K181685:input,K181685,input,MEDICAL_IMAGE,MEDICAL_IMAGE,CODED,false,NONE
K181685:output,K181685,output,OTHER,OTHER,CODED,false,NONE
K181685:user,K181685,user,OTHER_PHYSICIAN,OTHER_PHYSICIAN,CODED,false,NONE
K181685:setting,K181685,setting,OTHER,OTHER,CODED,false,NONE
K181685:action,K181685,action,WORKFLOW_OR_DOCUMENTATION,WORKFLOW_OR_DOCUMENTATION,CODED,false,NONE
K181685:component_status,K181685,component_status,SINGLE,SINGLE,CODED,false,NONE
K181704:input,K181704,input,MEDICAL_IMAGE,MEDICAL_IMAGE,CODED,false,NONE
K181704:output,K181704,output,DETECTION_OR_ALERT;SEGMENTATION_OR_LOCALIZATION;RISK_SCORE_OR_PREDICTION,DETECTION_OR_ALERT;SEGMENTATION_OR_LOCALIZATION;RISK_SCORE_OR_PREDICTION,CODED,false,NONE
K181704:user,K181704,user,RADIOLOGIST,RADIOLOGIST,CODED,false,NONE
K181704:setting,K181704,setting,SCREENING,SCREENING,CODED,false,NONE
K181704:action,K181704,action,INTERPRETATION_OR_DIAGNOSIS,INTERPRETATION_OR_DIAGNOSIS,CODED,false,NONE
K181704:component_status,K181704,component_status,SINGLE,SINGLE,CODED,false,NONE
K181771:input,K181771,input,PHYSIOLOGICAL_SIGNAL,PHYSIOLOGICAL_SIGNAL,CODED,false,NONE
K181771:output,K181771,output,MEASUREMENT_OR_QUANTIFICATION,MEASUREMENT_OR_QUANTIFICATION,CODED,false,NONE
K181771:user,K181771,user,OTHER_PHYSICIAN;OTHER_CLINICIAN,OTHER_PHYSICIAN;OTHER_CLINICIAN,CODED,false,NONE
K181771:setting,K181771,setting,DIAGNOSTIC_INTERPRETATION;MONITORING,DIAGNOSTIC_INTERPRETATION;MONITORING,CODED,false,NONE
K181771:action,K181771,action,INTERPRETATION_OR_DIAGNOSIS,INTERPRETATION_OR_DIAGNOSIS,CODED,false,NONE
K181771:component_status,K181771,component_status,SINGLE,SINGLE,CODED,false,NONE
K181823:input,K181823,input,PHYSIOLOGICAL_SIGNAL,PHYSIOLOGICAL_SIGNAL,CODED,false,NONE
K181823:output,K181823,output,MEASUREMENT_OR_QUANTIFICATION;CLASSIFICATION_OR_DIAGNOSIS,MEASUREMENT_OR_QUANTIFICATION;CLASSIFICATION_OR_DIAGNOSIS,CODED,false,NONE
K181823:user,K181823,user,OTHER_PHYSICIAN,OTHER_PHYSICIAN,CODED,false,NONE
K181823:setting,K181823,setting,DIAGNOSTIC_INTERPRETATION,DIAGNOSTIC_INTERPRETATION,CODED,false,NONE
K181823:action,K181823,action,INTERPRETATION_OR_DIAGNOSIS,INTERPRETATION_OR_DIAGNOSIS,CODED,false,NONE
K181823:component_status,K181823,component_status,SINGLE,SINGLE,CODED,false,NONE
K181861:input,K181861,input,PHYSIOLOGICAL_SIGNAL,PHYSIOLOGICAL_SIGNAL,CODED,false,NONE
K181861:output,K181861,output,DETECTION_OR_ALERT,DETECTION_OR_ALERT,CODED,false,NONE
K181861:user,K181861,user,PATIENT_OR_CAREGIVER;OTHER_CLINICIAN,PATIENT_OR_CAREGIVER;OTHER_CLINICIAN,CODED,false,NONE
K181861:setting,K181861,setting,HOME_OR_CONSUMER;MONITORING,HOME_OR_CONSUMER;MONITORING,CODED,false,NONE
K181861:action,K181861,action,REFERRAL_OR_ESCALATION;MONITORING_OR_FOLLOW_UP,REFERRAL_OR_ESCALATION;MONITORING_OR_FOLLOW_UP,CODED,false,NONE
K181861:component_status,K181861,component_status,SINGLE,SINGLE,CODED,false,NONE
K181892:input,K181892,input,NOT_ASSESSABLE,NOT_ASSESSABLE,NOT_ASSESSABLE,true,AI_ATTRIBUTION_BARRIER
K181892:output,K181892,output,NOT_ASSESSABLE,NOT_ASSESSABLE,NOT_ASSESSABLE,true,AI_ATTRIBUTION_BARRIER
K181892:user,K181892,user,NOT_ASSESSABLE,NOT_ASSESSABLE,NOT_ASSESSABLE,true,AI_ATTRIBUTION_BARRIER
K181892:setting,K181892,setting,NOT_ASSESSABLE,NOT_ASSESSABLE,NOT_ASSESSABLE,true,AI_ATTRIBUTION_BARRIER
K181892:action,K181892,action,NOT_ASSESSABLE,NOT_ASSESSABLE,NOT_ASSESSABLE,true,AI_ATTRIBUTION_BARRIER
K181892:component_status,K181892,component_status,UNCERTAIN,UNCERTAIN,UNCERTAIN,true,AI_ATTRIBUTION_BARRIER
K181916:input,K181916,input,CLINICAL_TABULAR_OR_TEXT,CLINICAL_TABULAR_OR_TEXT,CODED,false,NONE
K181916:output,K181916,output,RECOMMENDATION_OR_PLANNING,RECOMMENDATION_OR_PLANNING,CODED,false,NONE
K181916:user,K181916,user,PATIENT_OR_CAREGIVER;OTHER_CLINICIAN,PATIENT_OR_CAREGIVER;OTHER_CLINICIAN,CODED,false,NONE
K181916:setting,K181916,setting,OTHER,OTHER,CODED,false,NONE
K181916:action,K181916,action,THERAPY_DOSE_OR_DEVICE_CONTROL;PATIENT_SELF_MANAGEMENT,THERAPY_DOSE_OR_DEVICE_CONTROL;PATIENT_SELF_MANAGEMENT,CODED,false,NONE
K181916:component_status,K181916,component_status,SINGLE,SINGLE,CODED,false,NONE
K181939:input,K181939,input,MEDICAL_IMAGE,MEDICAL_IMAGE,CODED,false,NONE
K181939:output,K181939,output,SEGMENTATION_OR_LOCALIZATION;MEASUREMENT_OR_QUANTIFICATION;DOCUMENTATION_OR_SUMMARY,SEGMENTATION_OR_LOCALIZATION;MEASUREMENT_OR_QUANTIFICATION;DOCUMENTATION_OR_SUMMARY,CODED,false,NONE
K181939:user,K181939,user,NOT_STATED,NOT_STATED,NOT_STATED,true,FIELD_NOT_STATED
K181939:setting,K181939,setting,DIAGNOSTIC_INTERPRETATION;MONITORING,DIAGNOSTIC_INTERPRETATION;MONITORING,CODED,false,NONE
K181939:action,K181939,action,INTERPRETATION_OR_DIAGNOSIS;MONITORING_OR_FOLLOW_UP,INTERPRETATION_OR_DIAGNOSIS;MONITORING_OR_FOLLOW_UP,CODED,false,NONE
K181939:component_status,K181939,component_status,MULTIPLE,MULTIPLE,CODED,false,NONE
K181988:input,K181988,input,AUDIO_OR_VIDEO,AUDIO_OR_VIDEO,CODED,false,NONE
K181988:output,K181988,output,DETECTION_OR_ALERT;CLASSIFICATION_OR_DIAGNOSIS,DETECTION_OR_ALERT;CLASSIFICATION_OR_DIAGNOSIS,CODED,false,NONE
K181988:user,K181988,user,OTHER_CLINICIAN,OTHER_CLINICIAN,CODED,false,NONE
K181988:setting,K181988,setting,DIAGNOSTIC_INTERPRETATION,DIAGNOSTIC_INTERPRETATION,CODED,false,NONE
K181988:action,K181988,action,INTERPRETATION_OR_DIAGNOSIS,INTERPRETATION_OR_DIAGNOSIS,CODED,false,NONE
K181988:component_status,K181988,component_status,SINGLE,SINGLE,CODED,false,NONE
K182034:input,K182034,input,MEDICAL_IMAGE,MEDICAL_IMAGE,CODED,false,NONE
K182034:output,K182034,output,MEASUREMENT_OR_QUANTIFICATION,MEASUREMENT_OR_QUANTIFICATION;SEGMENTATION_OR_LOCALIZATION,CODED,false,NONE
K182034:user,K182034,user,OTHER_CLINICIAN,OTHER_CLINICIAN,CODED,false,NONE
K182034:setting,K182034,setting,DIAGNOSTIC_INTERPRETATION;MONITORING,DIAGNOSTIC_INTERPRETATION;MONITORING,CODED,false,NONE
K182034:action,K182034,action,INTERPRETATION_OR_DIAGNOSIS;MONITORING_OR_FOLLOW_UP,INTERPRETATION_OR_DIAGNOSIS;MONITORING_OR_FOLLOW_UP,CODED,false,NONE
K182034:component_status,K182034,component_status,MULTIPLE,MULTIPLE,CODED,false,NONE
K182035:input,K182035,input,MEDICAL_IMAGE,MEDICAL_IMAGE,CODED,false,NONE
K182035:output,K182035,output,MEASUREMENT_OR_QUANTIFICATION,MEASUREMENT_OR_QUANTIFICATION,CODED,false,NONE
K182035:user,K182035,user,OTHER_CLINICIAN,OTHER_CLINICIAN,CODED,false,NONE
K182035:setting,K182035,setting,DIAGNOSTIC_INTERPRETATION,DIAGNOSTIC_INTERPRETATION,CODED,false,NONE
K182035:action,K182035,action,INTERPRETATION_OR_DIAGNOSIS,INTERPRETATION_OR_DIAGNOSIS,CODED,false,NONE
K182035:component_status,K182035,component_status,SINGLE,SINGLE,CODED,false,NONE
K182112:input,K182112,input,PHYSIOLOGICAL_SIGNAL,PHYSIOLOGICAL_SIGNAL,CODED,false,NONE
K182112:output,K182112,output,CONTROL_OR_AUTOMATION,CONTROL_OR_AUTOMATION,CODED,false,NONE
K182112:user,K182112,user,OTHER_CLINICIAN;PATIENT_OR_CAREGIVER,OTHER_CLINICIAN;PATIENT_OR_CAREGIVER,CODED,false,NONE
K182112:setting,K182112,setting,OTHER,OTHER,CODED,false,NONE
K182112:action,K182112,action,THERAPY_DOSE_OR_DEVICE_CONTROL,THERAPY_DOSE_OR_DEVICE_CONTROL,CODED,false,NONE
K182112:component_status,K182112,component_status,SINGLE,SINGLE,CODED,false,NONE
K182130:input,K182130,input,MEDICAL_IMAGE,MEDICAL_IMAGE,CODED,false,NONE
K182130:output,K182130,output,MEASUREMENT_OR_QUANTIFICATION,MEASUREMENT_OR_QUANTIFICATION,CODED,false,NONE
K182130:user,K182130,user,OTHER_PHYSICIAN;TECHNOLOGIST_OR_OPERATOR,OTHER_PHYSICIAN;TECHNOLOGIST_OR_OPERATOR,CODED,false,NONE
K182130:setting,K182130,setting,DIAGNOSTIC_INTERPRETATION;PROCEDURAL_OR_OPERATING_ROOM,DIAGNOSTIC_INTERPRETATION;PROCEDURAL_OR_OPERATING_ROOM,CODED,false,NONE
K182130:action,K182130,action,INTERPRETATION_OR_DIAGNOSIS;TREATMENT_OR_PROCEDURE_PLANNING,INTERPRETATION_OR_DIAGNOSIS;TREATMENT_OR_PROCEDURE_PLANNING,CODED,false,NONE
K182130:component_status,K182130,component_status,MULTIPLE,MULTIPLE,CODED,false,NONE
K182149:input,K182149,input,MEDICAL_IMAGE,MEDICAL_IMAGE,CODED,false,NONE
K182149:output,K182149,output,MEASUREMENT_OR_QUANTIFICATION,MEASUREMENT_OR_QUANTIFICATION,CODED,false,NONE
K182149:user,K182149,user,OTHER_CLINICIAN,OTHER_CLINICIAN,CODED,false,NONE
K182149:setting,K182149,setting,PROCEDURAL_OR_OPERATING_ROOM,PROCEDURAL_OR_OPERATING_ROOM,CODED,false,NONE
K182149:action,K182149,action,INTERPRETATION_OR_DIAGNOSIS,INTERPRETATION_OR_DIAGNOSIS,CODED,false,NONE
K182149:component_status,K182149,component_status,SINGLE,SINGLE,CODED,false,NONE
K182177:input,K182177,input,MEDICAL_IMAGE,MEDICAL_IMAGE,CODED,false,NONE
K182177:output,K182177,output,DETECTION_OR_ALERT,DETECTION_OR_ALERT,CODED,false,NONE
K182177:user,K182177,user,OTHER_CLINICIAN,OTHER_CLINICIAN,CODED,false,NONE
K182177:setting,K182177,setting,ACUTE_TRIAGE_OR_EMERGENCY,ACUTE_TRIAGE_OR_EMERGENCY,CODED,false,NONE
K182177:action,K182177,action,TRIAGE_OR_PRIORITIZATION,TRIAGE_OR_PRIORITIZATION,CODED,false,NONE
K182177:component_status,K182177,component_status,SINGLE,SINGLE,CODED,false,NONE
K182181:input,K182181,input,PHYSIOLOGICAL_SIGNAL,PHYSIOLOGICAL_SIGNAL,CODED,false,NONE
K182181:output,K182181,output,DETECTION_OR_ALERT;MEASUREMENT_OR_QUANTIFICATION;OTHER,DETECTION_OR_ALERT;MEASUREMENT_OR_QUANTIFICATION;OTHER,CODED,false,NONE
K182181:user,K182181,user,OTHER_CLINICIAN,OTHER_CLINICIAN,CODED,false,NONE
K182181:setting,K182181,setting,DIAGNOSTIC_INTERPRETATION;MONITORING,DIAGNOSTIC_INTERPRETATION;MONITORING,CODED,false,NONE
K182181:action,K182181,action,INTERPRETATION_OR_DIAGNOSIS;MONITORING_OR_FOLLOW_UP,INTERPRETATION_OR_DIAGNOSIS;MONITORING_OR_FOLLOW_UP,CODED,false,NONE
K182181:component_status,K182181,component_status,MULTIPLE,MULTIPLE,CODED,false,NONE
K182218:input,K182218,input,MEDICAL_IMAGE,MEDICAL_IMAGE,CODED,false,NONE
K182218:output,K182218,output,MEASUREMENT_OR_QUANTIFICATION;DOCUMENTATION_OR_SUMMARY,MEASUREMENT_OR_QUANTIFICATION;DOCUMENTATION_OR_SUMMARY,CODED,false,NONE
K182218:user,K182218,user,RADIOLOGIST;TECHNOLOGIST_OR_OPERATOR,RADIOLOGIST;TECHNOLOGIST_OR_OPERATOR,CODED,false,NONE
K182218:setting,K182218,setting,DIAGNOSTIC_INTERPRETATION,DIAGNOSTIC_INTERPRETATION,CODED,false,NONE
K182218:action,K182218,action,INTERPRETATION_OR_DIAGNOSIS,INTERPRETATION_OR_DIAGNOSIS,CODED,false,NONE
K182218:component_status,K182218,component_status,SINGLE,SINGLE,CODED,false,NONE
K182310:input,K182310,input,MEDICAL_IMAGE,MEDICAL_IMAGE,CODED,false,NONE
K182310:output,K182310,output,MEASUREMENT_OR_QUANTIFICATION;CLASSIFICATION_OR_DIAGNOSIS,MEASUREMENT_OR_QUANTIFICATION;CLASSIFICATION_OR_DIAGNOSIS,CODED,false,NONE
K182310:user,K182310,user,OTHER_CLINICIAN,OTHER_CLINICIAN,CODED,false,NONE
K182310:setting,K182310,setting,OTHER,OTHER,CODED,false,NONE
K182310:action,K182310,action,INTERPRETATION_OR_DIAGNOSIS,INTERPRETATION_OR_DIAGNOSIS,CODED,false,NONE
K182310:component_status,K182310,component_status,SINGLE,SINGLE,CODED,false,NONE
K182336:input,K182336,input,MEDICAL_IMAGE,MEDICAL_IMAGE,CODED,false,NONE
K182336:output,K182336,output,RECONSTRUCTION_OR_ENHANCEMENT,RECONSTRUCTION_OR_ENHANCEMENT,CODED,false,NONE
K182336:user,K182336,user,RADIOLOGIST;OTHER_PHYSICIAN,RADIOLOGIST;OTHER_PHYSICIAN,CODED,false,NONE
K182336:setting,K182336,setting,OTHER,OTHER,CODED,false,NONE
K182336:action,K182336,action,WORKFLOW_OR_DOCUMENTATION,WORKFLOW_OR_DOCUMENTATION,CODED,false,NONE
K182336:component_status,K182336,component_status,SINGLE,SINGLE,CODED,false,NONE
K182344:input,K182344,input,PHYSIOLOGICAL_SIGNAL,PHYSIOLOGICAL_SIGNAL,CODED,false,NONE
K182344:output,K182344,output,DETECTION_OR_ALERT;MEASUREMENT_OR_QUANTIFICATION;CLASSIFICATION_OR_DIAGNOSIS,DETECTION_OR_ALERT;MEASUREMENT_OR_QUANTIFICATION;CLASSIFICATION_OR_DIAGNOSIS,CODED,false,NONE
K182344:user,K182344,user,OTHER_PHYSICIAN;OTHER_CLINICIAN,OTHER_PHYSICIAN;OTHER_CLINICIAN,CODED,false,NONE
K182344:setting,K182344,setting,DIAGNOSTIC_INTERPRETATION,DIAGNOSTIC_INTERPRETATION,CODED,false,NONE
K182344:action,K182344,action,INTERPRETATION_OR_DIAGNOSIS,INTERPRETATION_OR_DIAGNOSIS,CODED,false,NONE
K182344:component_status,K182344,component_status,SINGLE,SINGLE,CODED,false,NONE
K182373:input,K182373,input,MEDICAL_IMAGE,MEDICAL_IMAGE,CODED,false,NONE
K182373:output,K182373,output,DETECTION_OR_ALERT;SEGMENTATION_OR_LOCALIZATION;OTHER,DETECTION_OR_ALERT;SEGMENTATION_OR_LOCALIZATION;OTHER,CODED,false,NONE
K182373:user,K182373,user,OTHER_PHYSICIAN,OTHER_PHYSICIAN,CODED,false,NONE
K182373:setting,K182373,setting,DIAGNOSTIC_INTERPRETATION,DIAGNOSTIC_INTERPRETATION,CODED,false,NONE
K182373:action,K182373,action,INTERPRETATION_OR_DIAGNOSIS,INTERPRETATION_OR_DIAGNOSIS,CODED,false,NONE
K182373:component_status,K182373,component_status,SINGLE,SINGLE,CODED,false,NONE
K182384:input,K182384,input,MEDICAL_IMAGE,MEDICAL_IMAGE,CODED,false,NONE
K182384:output,K182384,output,MEASUREMENT_OR_QUANTIFICATION,MEASUREMENT_OR_QUANTIFICATION,CODED,false,NONE
K182384:user,K182384,user,OTHER_CLINICIAN,OTHER_CLINICIAN,CODED,false,NONE
K182384:setting,K182384,setting,OTHER,OTHER,CODED,false,NONE
K182384:action,K182384,action,INTERPRETATION_OR_DIAGNOSIS,INTERPRETATION_OR_DIAGNOSIS,CODED,false,NONE
K182384:component_status,K182384,component_status,SINGLE,SINGLE,CODED,false,NONE
K182419:input,K182419,input,NOT_STATED,NOT_STATED,NOT_STATED,true,FIELD_NOT_STATED
K182419:output,K182419,output,OTHER,OTHER,CODED,false,NONE
K182419:user,K182419,user,RADIOLOGIST;OTHER_PHYSICIAN,RADIOLOGIST;OTHER_PHYSICIAN,CODED,false,NONE
K182419:setting,K182419,setting,DIAGNOSTIC_INTERPRETATION,DIAGNOSTIC_INTERPRETATION,CODED,false,NONE
K182419:action,K182419,action,WORKFLOW_OR_DOCUMENTATION,WORKFLOW_OR_DOCUMENTATION,CODED,false,NONE
K182419:component_status,K182419,component_status,SINGLE,SINGLE,CODED,false,NONE
K182456:input,K182456,input,NOT_ASSESSABLE,NOT_ASSESSABLE,NOT_ASSESSABLE,true,AI_ATTRIBUTION_BARRIER
K182456:output,K182456,output,NOT_ASSESSABLE,NOT_ASSESSABLE,NOT_ASSESSABLE,true,AI_ATTRIBUTION_BARRIER
K182456:user,K182456,user,NOT_ASSESSABLE,NOT_ASSESSABLE,NOT_ASSESSABLE,true,AI_ATTRIBUTION_BARRIER
K182456:setting,K182456,setting,NOT_ASSESSABLE,NOT_ASSESSABLE,NOT_ASSESSABLE,true,AI_ATTRIBUTION_BARRIER
K182456:action,K182456,action,NOT_ASSESSABLE,NOT_ASSESSABLE,NOT_ASSESSABLE,true,AI_ATTRIBUTION_BARRIER
K182456:component_status,K182456,component_status,UNCERTAIN,UNCERTAIN,UNCERTAIN,true,AI_ATTRIBUTION_BARRIER
K182513:input,K182513,input,NOT_ASSESSABLE,LAB_SPECIMEN_OR_OMICS,CODED,false,NONE
K182513:output,K182513,output,NOT_ASSESSABLE,CLASSIFICATION_OR_DIAGNOSIS,CODED,false,NONE
K182513:user,K182513,user,NOT_ASSESSABLE,LABORATORY_PROFESSIONAL,CODED,false,NONE
K182513:setting,K182513,setting,NOT_ASSESSABLE,LABORATORY,CODED,false,NONE
K182513:action,K182513,action,NOT_ASSESSABLE,INTERPRETATION_OR_DIAGNOSIS;REFERRAL_OR_ESCALATION,CODED,false,NONE
K182513:component_status,K182513,component_status,UNCERTAIN,SINGLE,CODED,false,NONE
K182564:input,K182564,input,MEDICAL_IMAGE,MEDICAL_IMAGE,CODED,false,NONE
K182564:output,K182564,output,SEGMENTATION_OR_LOCALIZATION;MEASUREMENT_OR_QUANTIFICATION,SEGMENTATION_OR_LOCALIZATION;MEASUREMENT_OR_QUANTIFICATION,CODED,false,NONE
K182564:user,K182564,user,OTHER_CLINICIAN,OTHER_CLINICIAN,CODED,false,NONE
K182564:setting,K182564,setting,DIAGNOSTIC_INTERPRETATION;MONITORING,DIAGNOSTIC_INTERPRETATION;MONITORING,CODED,false,NONE
K182564:action,K182564,action,INTERPRETATION_OR_DIAGNOSIS;MONITORING_OR_FOLLOW_UP;WORKFLOW_OR_DOCUMENTATION,INTERPRETATION_OR_DIAGNOSIS;MONITORING_OR_FOLLOW_UP;WORKFLOW_OR_DOCUMENTATION,CODED,false,NONE
K182564:component_status,K182564,component_status,SINGLE,SINGLE,CODED,false,NONE
K182616:input,K182616,input,MEDICAL_IMAGE,MEDICAL_IMAGE,CODED,false,NONE
K182616:output,K182616,output,SEGMENTATION_OR_LOCALIZATION,SEGMENTATION_OR_LOCALIZATION,CODED,false,NONE
K182616:user,K182616,user,OTHER_PHYSICIAN;OTHER_CLINICIAN,OTHER_PHYSICIAN;OTHER_CLINICIAN,CODED,false,NONE
K182616:setting,K182616,setting,PROCEDURAL_OR_OPERATING_ROOM,PROCEDURAL_OR_OPERATING_ROOM,CODED,false,NONE
K182616:action,K182616,action,INTERPRETATION_OR_DIAGNOSIS,INTERPRETATION_OR_DIAGNOSIS,CODED,false,NONE
K182616:component_status,K182616,component_status,SINGLE,SINGLE,CODED,false,NONE
K182790:input,K182790,input,NOT_ASSESSABLE,NOT_ASSESSABLE,NOT_ASSESSABLE,true,AI_ATTRIBUTION_BARRIER
K182790:output,K182790,output,NOT_ASSESSABLE,NOT_ASSESSABLE,NOT_ASSESSABLE,true,AI_ATTRIBUTION_BARRIER
K182790:user,K182790,user,NOT_ASSESSABLE,NOT_ASSESSABLE,NOT_ASSESSABLE,true,AI_ATTRIBUTION_BARRIER
K182790:setting,K182790,setting,NOT_ASSESSABLE,NOT_ASSESSABLE,NOT_ASSESSABLE,true,AI_ATTRIBUTION_BARRIER
K182790:action,K182790,action,NOT_ASSESSABLE,NOT_ASSESSABLE,NOT_ASSESSABLE,true,AI_ATTRIBUTION_BARRIER
K182790:component_status,K182790,component_status,UNCERTAIN,UNCERTAIN,UNCERTAIN,true,AI_ATTRIBUTION_BARRIER
K182798:input,K182798,input,CLINICAL_TABULAR_OR_TEXT,CLINICAL_TABULAR_OR_TEXT,CODED,false,NONE
K182798:output,K182798,output,RISK_SCORE_OR_PREDICTION,RISK_SCORE_OR_PREDICTION,CODED,false,NONE
K182798:user,K182798,user,LABORATORY_PROFESSIONAL,LABORATORY_PROFESSIONAL,CODED,false,NONE
K182798:setting,K182798,setting,OTHER,OTHER,CODED,false,NONE
K182798:action,K182798,action,TREATMENT_OR_PROCEDURE_PLANNING,TREATMENT_OR_PROCEDURE_PLANNING,CODED,false,NONE
K182798:component_status,K182798,component_status,SINGLE,SINGLE,CODED,false,NONE
K182875:input,K182875,input,MEDICAL_IMAGE,MEDICAL_IMAGE,CODED,false,NONE
K182875:output,K182875,output,DETECTION_OR_ALERT,DETECTION_OR_ALERT,CODED,false,NONE
K182875:user,K182875,user,OTHER_CLINICIAN,OTHER_CLINICIAN,CODED,false,NONE
K182875:setting,K182875,setting,ACUTE_TRIAGE_OR_EMERGENCY,ACUTE_TRIAGE_OR_EMERGENCY,CODED,false,NONE
K182875:action,K182875,action,TRIAGE_OR_PRIORITIZATION;INTERPRETATION_OR_DIAGNOSIS,TRIAGE_OR_PRIORITIZATION;INTERPRETATION_OR_DIAGNOSIS,CODED,false,NONE
K182875:component_status,K182875,component_status,SINGLE,SINGLE,CODED,false,NONE
K182901:input,K182901,input,MEDICAL_IMAGE,MEDICAL_IMAGE,CODED,false,NONE
K182901:output,K182901,output,RECONSTRUCTION_OR_ENHANCEMENT,RECONSTRUCTION_OR_ENHANCEMENT,CODED,false,NONE
K182901:user,K182901,user,OTHER_PHYSICIAN,OTHER_PHYSICIAN,CODED,false,NONE
K182901:setting,K182901,setting,NOT_STATED,NOT_STATED,NOT_STATED,true,FIELD_NOT_STATED
K182901:action,K182901,action,OTHER,OTHER,CODED,false,NONE
K182901:component_status,K182901,component_status,SINGLE,SINGLE,CODED,false,NONE
K183012:input,K183012,input,MEDICAL_IMAGE,MEDICAL_IMAGE,CODED,false,NONE
K183012:output,K183012,output,SEGMENTATION_OR_LOCALIZATION;MEASUREMENT_OR_QUANTIFICATION,SEGMENTATION_OR_LOCALIZATION;MEASUREMENT_OR_QUANTIFICATION,CODED,false,NONE
K183012:user,K183012,user,OTHER_PHYSICIAN,OTHER_PHYSICIAN,CODED,false,NONE
K183012:setting,K183012,setting,DIAGNOSTIC_INTERPRETATION,DIAGNOSTIC_INTERPRETATION,CODED,false,NONE
K183012:action,K183012,action,INTERPRETATION_OR_DIAGNOSIS,INTERPRETATION_OR_DIAGNOSIS,CODED,false,NONE
K183012:component_status,K183012,component_status,SINGLE,SINGLE,CODED,false,NONE
K183019:input,K183019,input,MEDICAL_IMAGE,MEDICAL_IMAGE,CODED,false,NONE
K183019:output,K183019,output,SEGMENTATION_OR_LOCALIZATION,SEGMENTATION_OR_LOCALIZATION,CODED,false,NONE
K183019:user,K183019,user,OTHER_PHYSICIAN;RADIOLOGIST,OTHER_PHYSICIAN;RADIOLOGIST,CODED,false,NONE
K183019:setting,K183019,setting,PROCEDURAL_OR_OPERATING_ROOM,PROCEDURAL_OR_OPERATING_ROOM,CODED,false,NONE
K183019:action,K183019,action,TREATMENT_OR_PROCEDURE_PLANNING,TREATMENT_OR_PROCEDURE_PLANNING,CODED,false,NONE
K183019:component_status,K183019,component_status,SINGLE,SINGLE,CODED,false,NONE
K183046:input,K183046,input,MEDICAL_IMAGE,MEDICAL_IMAGE,CODED,false,NONE
K183046:output,K183046,output,RECONSTRUCTION_OR_ENHANCEMENT,RECONSTRUCTION_OR_ENHANCEMENT,CODED,false,NONE
K183046:user,K183046,user,OTHER_PHYSICIAN,OTHER_PHYSICIAN,CODED,false,NONE
K183046:setting,K183046,setting,NOT_STATED,NOT_STATED,NOT_STATED,true,FIELD_NOT_STATED
K183046:action,K183046,action,OTHER,OTHER,CODED,false,NONE
K183046:component_status,K183046,component_status,SINGLE,SINGLE,CODED,false,NONE
K183089:input,K183089,input,PHYSIOLOGICAL_SIGNAL,PHYSIOLOGICAL_SIGNAL,CODED,false,NONE
K183089:output,K183089,output,MEASUREMENT_OR_QUANTIFICATION,MEASUREMENT_OR_QUANTIFICATION,CODED,false,NONE
K183089:user,K183089,user,OTHER_CLINICIAN,OTHER_CLINICIAN,CODED,false,NONE
K183089:setting,K183089,setting,DIAGNOSTIC_INTERPRETATION;MONITORING;OTHER,DIAGNOSTIC_INTERPRETATION;MONITORING;OTHER,CODED,false,NONE
K183089:action,K183089,action,INTERPRETATION_OR_DIAGNOSIS;MONITORING_OR_FOLLOW_UP,INTERPRETATION_OR_DIAGNOSIS;MONITORING_OR_FOLLOW_UP,CODED,false,NONE
K183089:component_status,K183089,component_status,SINGLE,SINGLE,CODED,false,NONE
K183133:input,K183133,input,MEDICAL_IMAGE,MEDICAL_IMAGE,CODED,false,NONE
K183133:output,K183133,output,SEGMENTATION_OR_LOCALIZATION;MEASUREMENT_OR_QUANTIFICATION;DETECTION_OR_ALERT;DOCUMENTATION_OR_SUMMARY,SEGMENTATION_OR_LOCALIZATION;MEASUREMENT_OR_QUANTIFICATION;DETECTION_OR_ALERT;DOCUMENTATION_OR_SUMMARY,CODED,false,NONE
K183133:user,K183133,user,TECHNOLOGIST_OR_OPERATOR;RADIOLOGIST;OTHER_CLINICIAN,TECHNOLOGIST_OR_OPERATOR;RADIOLOGIST;OTHER_CLINICIAN,CODED,false,NONE
K183133:setting,K183133,setting,DIAGNOSTIC_INTERPRETATION,DIAGNOSTIC_INTERPRETATION,CODED,false,NONE
K183133:action,K183133,action,INTERPRETATION_OR_DIAGNOSIS;WORKFLOW_OR_DOCUMENTATION,INTERPRETATION_OR_DIAGNOSIS;WORKFLOW_OR_DOCUMENTATION,CODED,false,NONE
K183133:component_status,K183133,component_status,SINGLE,SINGLE,CODED,false,NONE
K183182:input,K183182,input,MEDICAL_IMAGE,MEDICAL_IMAGE,CODED,false,NONE
K183182:output,K183182,output,DETECTION_OR_ALERT,DETECTION_OR_ALERT,CODED,false,NONE
K183182:user,K183182,user,RADIOLOGIST;TECHNOLOGIST_OR_OPERATOR,RADIOLOGIST;TECHNOLOGIST_OR_OPERATOR,CODED,false,NONE
K183182:setting,K183182,setting,DIAGNOSTIC_INTERPRETATION;OTHER,DIAGNOSTIC_INTERPRETATION;OTHER,CODED,false,NONE
K183182:action,K183182,action,TRIAGE_OR_PRIORITIZATION;WORKFLOW_OR_DOCUMENTATION,TRIAGE_OR_PRIORITIZATION;WORKFLOW_OR_DOCUMENTATION,CODED,false,NONE
K183182:component_status,K183182,component_status,MULTIPLE,MULTIPLE,CODED,false,NONE
K183202:input,K183202,input,MEDICAL_IMAGE,MEDICAL_IMAGE,CODED,false,NONE
K183202:output,K183202,output,RECONSTRUCTION_OR_ENHANCEMENT,RECONSTRUCTION_OR_ENHANCEMENT,CODED,false,NONE
K183202:user,K183202,user,NOT_STATED,NOT_STATED,NOT_STATED,true,FIELD_NOT_STATED
K183202:setting,K183202,setting,OTHER,OTHER,CODED,false,NONE
K183202:action,K183202,action,WORKFLOW_OR_DOCUMENTATION,WORKFLOW_OR_DOCUMENTATION,CODED,false,NONE
K183202:component_status,K183202,component_status,SINGLE,SINGLE,CODED,false,NONE
K183204:input,K183204,input,MEDICAL_IMAGE,MEDICAL_IMAGE,CODED,false,NONE
K183204:output,K183204,output,SEGMENTATION_OR_LOCALIZATION,SEGMENTATION_OR_LOCALIZATION,CODED,false,NONE
K183204:user,K183204,user,OTHER_CLINICIAN,OTHER_CLINICIAN,CODED,false,NONE
K183204:setting,K183204,setting,DIAGNOSTIC_INTERPRETATION,DIAGNOSTIC_INTERPRETATION,CODED,false,NONE
K183204:action,K183204,action,INTERPRETATION_OR_DIAGNOSIS;WORKFLOW_OR_DOCUMENTATION,INTERPRETATION_OR_DIAGNOSIS;WORKFLOW_OR_DOCUMENTATION,CODED,false,NONE
K183204:component_status,K183204,component_status,SINGLE,SINGLE,CODED,false,NONE
K183231:input,K183231,input,NOT_STATED,NOT_STATED,NOT_STATED,true,FIELD_NOT_STATED
K183231:output,K183231,output,CONTROL_OR_AUTOMATION,CONTROL_OR_AUTOMATION,CODED,false,NONE
K183231:user,K183231,user,NOT_STATED,NOT_STATED,NOT_STATED,true,FIELD_NOT_STATED
K183231:setting,K183231,setting,OTHER,OTHER,CODED,false,NONE
K183231:action,K183231,action,WORKFLOW_OR_DOCUMENTATION,WORKFLOW_OR_DOCUMENTATION,CODED,false,NONE
K183231:component_status,K183231,component_status,UNCERTAIN,UNCERTAIN,UNCERTAIN,true,FUNCTION_GROUP_UNRESOLVED
K183268:input,K183268,input,MEDICAL_IMAGE,MEDICAL_IMAGE,CODED,false,NONE
K183268:output,K183268,output,SEGMENTATION_OR_LOCALIZATION;MEASUREMENT_OR_QUANTIFICATION;CLASSIFICATION_OR_DIAGNOSIS;DETECTION_OR_ALERT,SEGMENTATION_OR_LOCALIZATION;MEASUREMENT_OR_QUANTIFICATION;CLASSIFICATION_OR_DIAGNOSIS;DETECTION_OR_ALERT,CODED,false,NONE
K183268:user,K183268,user,RADIOLOGIST;OTHER_PHYSICIAN,RADIOLOGIST;OTHER_PHYSICIAN,CODED,false,NONE
K183268:setting,K183268,setting,DIAGNOSTIC_INTERPRETATION,DIAGNOSTIC_INTERPRETATION,CODED,false,NONE
K183268:action,K183268,action,INTERPRETATION_OR_DIAGNOSIS,INTERPRETATION_OR_DIAGNOSIS,CODED,false,NONE
K183268:component_status,K183268,component_status,SINGLE,SINGLE,CODED,false,NONE
K183271:input,K183271,input,MEDICAL_IMAGE,MEDICAL_IMAGE,CODED,false,NONE
K183271:output,K183271,output,SEGMENTATION_OR_LOCALIZATION;MEASUREMENT_OR_QUANTIFICATION,SEGMENTATION_OR_LOCALIZATION;MEASUREMENT_OR_QUANTIFICATION,CODED,false,NONE
K183271:user,K183271,user,RADIOLOGIST;OTHER_PHYSICIAN,RADIOLOGIST;OTHER_PHYSICIAN,CODED,false,NONE
K183271:setting,K183271,setting,DIAGNOSTIC_INTERPRETATION,DIAGNOSTIC_INTERPRETATION,CODED,false,NONE
K183271:action,K183271,action,INTERPRETATION_OR_DIAGNOSIS,INTERPRETATION_OR_DIAGNOSIS,CODED,false,NONE
K183271:component_status,K183271,component_status,SINGLE,SINGLE,CODED,false,NONE
K183272:input,K183272,input,NOT_ASSESSABLE,NOT_ASSESSABLE,NOT_ASSESSABLE,true,AI_ATTRIBUTION_BARRIER
K183272:output,K183272,output,NOT_ASSESSABLE,NOT_ASSESSABLE,NOT_ASSESSABLE,true,AI_ATTRIBUTION_BARRIER
K183272:user,K183272,user,NOT_ASSESSABLE,NOT_ASSESSABLE,NOT_ASSESSABLE,true,AI_ATTRIBUTION_BARRIER
K183272:setting,K183272,setting,NOT_ASSESSABLE,NOT_ASSESSABLE,NOT_ASSESSABLE,true,AI_ATTRIBUTION_BARRIER
K183272:action,K183272,action,NOT_ASSESSABLE,NOT_ASSESSABLE,NOT_ASSESSABLE,true,AI_ATTRIBUTION_BARRIER
K183272:component_status,K183272,component_status,UNCERTAIN,UNCERTAIN,UNCERTAIN,true,AI_ATTRIBUTION_BARRIER
K183274:input,K183274,input,MEDICAL_IMAGE,MEDICAL_IMAGE,CODED,false,NONE
K183274:output,K183274,output,RECONSTRUCTION_OR_ENHANCEMENT;CONTROL_OR_AUTOMATION;MEASUREMENT_OR_QUANTIFICATION,RECONSTRUCTION_OR_ENHANCEMENT;CONTROL_OR_AUTOMATION;MEASUREMENT_OR_QUANTIFICATION,CODED,false,NONE
K183274:user,K183274,user,OTHER_PHYSICIAN;OTHER_CLINICIAN,OTHER_PHYSICIAN;OTHER_CLINICIAN,CODED,false,NONE
K183274:setting,K183274,setting,DIAGNOSTIC_INTERPRETATION;OTHER,DIAGNOSTIC_INTERPRETATION;OTHER,CODED,false,NONE
K183274:action,K183274,action,THERAPY_DOSE_OR_DEVICE_CONTROL;INTERPRETATION_OR_DIAGNOSIS,THERAPY_DOSE_OR_DEVICE_CONTROL;INTERPRETATION_OR_DIAGNOSIS,CODED,false,NONE
K183274:component_status,K183274,component_status,MULTIPLE,MULTIPLE,CODED,false,NONE
K183282:input,K183282,input,PHYSIOLOGICAL_SIGNAL,PHYSIOLOGICAL_SIGNAL,CODED,false,NONE
K183282:output,K183282,output,MEASUREMENT_OR_QUANTIFICATION;CLASSIFICATION_OR_DIAGNOSIS,MEASUREMENT_OR_QUANTIFICATION;CLASSIFICATION_OR_DIAGNOSIS,CODED,false,NONE
K183282:user,K183282,user,OTHER_CLINICIAN,OTHER_CLINICIAN,CODED,false,NONE
K183282:setting,K183282,setting,MONITORING;HOME_OR_CONSUMER;OTHER,MONITORING;HOME_OR_CONSUMER;OTHER,CODED,false,NONE
K183282:action,K183282,action,MONITORING_OR_FOLLOW_UP,MONITORING_OR_FOLLOW_UP,CODED,false,NONE
K183282:component_status,K183282,component_status,SINGLE,SINGLE,CODED,false,NONE
K183285:input,K183285,input,MEDICAL_IMAGE,MEDICAL_IMAGE,CODED,false,NONE
K183285:output,K183285,output,DETECTION_OR_ALERT,DETECTION_OR_ALERT,CODED,false,NONE
K183285:user,K183285,user,RADIOLOGIST,RADIOLOGIST,CODED,false,NONE
K183285:setting,K183285,setting,SCREENING,SCREENING,CODED,false,NONE
K183285:action,K183285,action,TRIAGE_OR_PRIORITIZATION,TRIAGE_OR_PRIORITIZATION,CODED,false,NONE
K183285:component_status,K183285,component_status,SINGLE,SINGLE,CODED,false,NONE
K183322:input,K183322,input,PHYSIOLOGICAL_SIGNAL,PHYSIOLOGICAL_SIGNAL,CODED,false,NONE
K183322:output,K183322,output,MEASUREMENT_OR_QUANTIFICATION;DETECTION_OR_ALERT,MEASUREMENT_OR_QUANTIFICATION;DETECTION_OR_ALERT,CODED,false,NONE
K183322:user,K183322,user,OTHER_PHYSICIAN;OTHER_CLINICIAN,OTHER_PHYSICIAN;OTHER_CLINICIAN,CODED,false,NONE
K183322:setting,K183322,setting,MONITORING;OTHER,MONITORING;OTHER,CODED,false,NONE
K183322:action,K183322,action,MONITORING_OR_FOLLOW_UP,MONITORING_OR_FOLLOW_UP,CODED,false,NONE
K183322:component_status,K183322,component_status,MULTIPLE,MULTIPLE,CODED,false,NONE
K183370:input,K183370,input,NOT_ASSESSABLE,NOT_ASSESSABLE,NOT_ASSESSABLE,true,AI_ATTRIBUTION_BARRIER
K183370:output,K183370,output,NOT_ASSESSABLE,NOT_ASSESSABLE,NOT_ASSESSABLE,true,AI_ATTRIBUTION_BARRIER
K183370:user,K183370,user,NOT_ASSESSABLE,NOT_ASSESSABLE,NOT_ASSESSABLE,true,AI_ATTRIBUTION_BARRIER
K183370:setting,K183370,setting,NOT_ASSESSABLE,NOT_ASSESSABLE,NOT_ASSESSABLE,true,AI_ATTRIBUTION_BARRIER
K183370:action,K183370,action,NOT_ASSESSABLE,NOT_ASSESSABLE,NOT_ASSESSABLE,true,AI_ATTRIBUTION_BARRIER
K183370:component_status,K183370,component_status,UNCERTAIN,UNCERTAIN,UNCERTAIN,true,AI_ATTRIBUTION_BARRIER
K183460:input,K183460,input,MEDICAL_IMAGE,MEDICAL_IMAGE,CODED,false,NONE
K183460:output,K183460,output,RECONSTRUCTION_OR_ENHANCEMENT,RECONSTRUCTION_OR_ENHANCEMENT,CODED,false,NONE
K183460:user,K183460,user,RADIOLOGIST;OTHER_PHYSICIAN,RADIOLOGIST;OTHER_PHYSICIAN,CODED,false,NONE
K183460:setting,K183460,setting,OTHER,OTHER,CODED,false,NONE
K183460:action,K183460,action,WORKFLOW_OR_DOCUMENTATION,WORKFLOW_OR_DOCUMENTATION,CODED,false,NONE
K183460:component_status,K183460,component_status,SINGLE,SINGLE,CODED,false,NONE
K183489:input,K183489,input,MEDICAL_IMAGE,MEDICAL_IMAGE,CODED,false,NONE
K183489:output,K183489,output,SEGMENTATION_OR_LOCALIZATION;RECONSTRUCTION_OR_ENHANCEMENT,SEGMENTATION_OR_LOCALIZATION;RECONSTRUCTION_OR_ENHANCEMENT,CODED,false,NONE
K183489:user,K183489,user,NOT_STATED,NOT_STATED,NOT_STATED,true,FIELD_NOT_STATED
K183489:setting,K183489,setting,PROCEDURAL_OR_OPERATING_ROOM;DIAGNOSTIC_INTERPRETATION,PROCEDURAL_OR_OPERATING_ROOM;DIAGNOSTIC_INTERPRETATION,CODED,false,NONE
K183489:action,K183489,action,TREATMENT_OR_PROCEDURE_PLANNING;INTERPRETATION_OR_DIAGNOSIS,TREATMENT_OR_PROCEDURE_PLANNING;INTERPRETATION_OR_DIAGNOSIS,CODED,false,NONE
K183489:component_status,K183489,component_status,SINGLE,SINGLE,CODED,false,NONE
K183593:input,K183593,input,MEDICAL_IMAGE;AUDIO_OR_VIDEO;MULTIMODAL,MEDICAL_IMAGE;AUDIO_OR_VIDEO;MULTIMODAL,CODED,false,NONE
K183593:output,K183593,output,SEGMENTATION_OR_LOCALIZATION;RECONSTRUCTION_OR_ENHANCEMENT,SEGMENTATION_OR_LOCALIZATION;RECONSTRUCTION_OR_ENHANCEMENT,CODED,false,NONE
K183593:user,K183593,user,OTHER_PHYSICIAN,OTHER_PHYSICIAN,CODED,false,NONE
K183593:setting,K183593,setting,PROCEDURAL_OR_OPERATING_ROOM,PROCEDURAL_OR_OPERATING_ROOM,CODED,false,NONE
K183593:action,K183593,action,TREATMENT_OR_PROCEDURE_PLANNING;OTHER,TREATMENT_OR_PROCEDURE_PLANNING;OTHER,CODED,false,NONE
K183593:component_status,K183593,component_status,SINGLE,SINGLE,CODED,false,NONE
K183646:input,K183646,input,PHYSIOLOGICAL_SIGNAL,PHYSIOLOGICAL_SIGNAL,CODED,false,NONE
K183646:output,K183646,output,RISK_SCORE_OR_PREDICTION;MEASUREMENT_OR_QUANTIFICATION,RISK_SCORE_OR_PREDICTION;MEASUREMENT_OR_QUANTIFICATION,CODED,false,NONE
K183646:user,K183646,user,OTHER_CLINICIAN,OTHER_CLINICIAN,CODED,false,NONE
K183646:setting,K183646,setting,MONITORING;PROCEDURAL_OR_OPERATING_ROOM;OTHER,MONITORING;PROCEDURAL_OR_OPERATING_ROOM;OTHER,CODED,false,NONE
K183646:action,K183646,action,MONITORING_OR_FOLLOW_UP,MONITORING_OR_FOLLOW_UP,CODED,false,NONE
K183646:component_status,K183646,component_status,SINGLE,SINGLE,CODED,false,NONE
K183648:input,K183648,input,MEDICAL_IMAGE,MEDICAL_IMAGE,CODED,false,NONE
K183648:output,K183648,output,DETECTION_OR_ALERT;MEASUREMENT_OR_QUANTIFICATION;DOCUMENTATION_OR_SUMMARY,DETECTION_OR_ALERT;MEASUREMENT_OR_QUANTIFICATION;DOCUMENTATION_OR_SUMMARY,CODED,false,NONE
K183648:user,K183648,user,LABORATORY_PROFESSIONAL,LABORATORY_PROFESSIONAL,CODED,false,NONE
K183648:setting,K183648,setting,LABORATORY;SCREENING;DIAGNOSTIC_INTERPRETATION,LABORATORY;SCREENING;DIAGNOSTIC_INTERPRETATION,CODED,false,NONE
K183648:action,K183648,action,TRIAGE_OR_PRIORITIZATION;INTERPRETATION_OR_DIAGNOSIS,TRIAGE_OR_PRIORITIZATION;INTERPRETATION_OR_DIAGNOSIS,CODED,false,NONE
K183648:component_status,K183648,component_status,SINGLE,SINGLE,CODED,false,NONE
K183704:input,K183704,input,PHYSIOLOGICAL_SIGNAL,PHYSIOLOGICAL_SIGNAL,CODED,false,NONE
K183704:output,K183704,output,DETECTION_OR_ALERT;OTHER,DETECTION_OR_ALERT;OTHER,CODED,false,NONE
K183704:user,K183704,user,OTHER_CLINICIAN,OTHER_CLINICIAN,CODED,false,NONE
K183704:setting,K183704,setting,MONITORING;OTHER,MONITORING;OTHER,CODED,false,NONE
K183704:action,K183704,action,MONITORING_OR_FOLLOW_UP;INTERPRETATION_OR_DIAGNOSIS,MONITORING_OR_FOLLOW_UP;INTERPRETATION_OR_DIAGNOSIS,CODED,false,NONE
K183704:component_status,K183704,component_status,SINGLE,SINGLE,CODED,false,NONE
K190013:input,K190013,input,CLINICAL_TABULAR_OR_TEXT,NOT_ASSESSABLE,NOT_ASSESSABLE,true,AI_ATTRIBUTION_BARRIER
K190013:output,K190013,output,RECOMMENDATION_OR_PLANNING,NOT_ASSESSABLE,NOT_ASSESSABLE,true,AI_ATTRIBUTION_BARRIER
K190013:user,K190013,user,OTHER_CLINICIAN;PATIENT_OR_CAREGIVER,NOT_ASSESSABLE,NOT_ASSESSABLE,true,AI_ATTRIBUTION_BARRIER
K190013:setting,K190013,setting,HOME_OR_CONSUMER;OTHER,NOT_ASSESSABLE,NOT_ASSESSABLE,true,AI_ATTRIBUTION_BARRIER
K190013:action,K190013,action,PATIENT_SELF_MANAGEMENT;THERAPY_DOSE_OR_DEVICE_CONTROL,NOT_ASSESSABLE,NOT_ASSESSABLE,true,AI_ATTRIBUTION_BARRIER
K190013:component_status,K190013,component_status,MULTIPLE,UNCERTAIN,UNCERTAIN,true,AI_ATTRIBUTION_BARRIER
K190017:input,K190017,input,MEDICAL_IMAGE,MEDICAL_IMAGE,CODED,false,NONE
K190017:output,K190017,output,SEGMENTATION_OR_LOCALIZATION;MEASUREMENT_OR_QUANTIFICATION;DOCUMENTATION_OR_SUMMARY,SEGMENTATION_OR_LOCALIZATION;MEASUREMENT_OR_QUANTIFICATION;DOCUMENTATION_OR_SUMMARY,CODED,false,NONE
K190017:user,K190017,user,TECHNOLOGIST_OR_OPERATOR;RADIOLOGIST;OTHER_PHYSICIAN;OTHER_CLINICIAN,TECHNOLOGIST_OR_OPERATOR;RADIOLOGIST;OTHER_PHYSICIAN;OTHER_CLINICIAN,CODED,false,NONE
K190017:setting,K190017,setting,DIAGNOSTIC_INTERPRETATION,DIAGNOSTIC_INTERPRETATION,CODED,false,NONE
K190017:action,K190017,action,INTERPRETATION_OR_DIAGNOSIS;WORKFLOW_OR_DOCUMENTATION,INTERPRETATION_OR_DIAGNOSIS;WORKFLOW_OR_DOCUMENTATION,CODED,false,NONE
K190017:component_status,K190017,component_status,SINGLE,SINGLE,CODED,false,NONE
K190072:input,K190072,input,MEDICAL_IMAGE,MEDICAL_IMAGE,CODED,false,NONE
K190072:output,K190072,output,DETECTION_OR_ALERT,DETECTION_OR_ALERT,CODED,false,NONE
K190072:user,K190072,user,RADIOLOGIST;OTHER_CLINICIAN,RADIOLOGIST;OTHER_CLINICIAN,CODED,false,NONE
K190072:setting,K190072,setting,DIAGNOSTIC_INTERPRETATION;OTHER,DIAGNOSTIC_INTERPRETATION;OTHER,CODED,false,NONE
K190072:action,K190072,action,TRIAGE_OR_PRIORITIZATION,TRIAGE_OR_PRIORITIZATION,CODED,false,NONE
K190072:component_status,K190072,component_status,SINGLE,SINGLE,CODED,false,NONE
K190334:input,K190334,input,MEDICAL_IMAGE,MEDICAL_IMAGE,CODED,false,NONE
K190334:output,K190334,output,MEASUREMENT_OR_QUANTIFICATION,MEASUREMENT_OR_QUANTIFICATION,CODED,false,NONE
K190334:user,K190334,user,OTHER_CLINICIAN,OTHER_CLINICIAN,CODED,false,NONE
K190334:setting,K190334,setting,MONITORING;OUTPATIENT;ACUTE_TRIAGE_OR_EMERGENCY;OTHER,MONITORING;OUTPATIENT;ACUTE_TRIAGE_OR_EMERGENCY;OTHER,CODED,false,NONE
K190334:action,K190334,action,MONITORING_OR_FOLLOW_UP,MONITORING_OR_FOLLOW_UP,CODED,false,NONE
K190334:component_status,K190334,component_status,SINGLE,SINGLE,CODED,false,NONE
K190362:input,K190362,input,MEDICAL_IMAGE,MEDICAL_IMAGE,CODED,false,NONE
K190362:output,K190362,output,DETECTION_OR_ALERT,DETECTION_OR_ALERT,CODED,false,NONE
K190362:user,K190362,user,RADIOLOGIST,RADIOLOGIST,CODED,false,NONE
K190362:setting,K190362,setting,DIAGNOSTIC_INTERPRETATION;OTHER,DIAGNOSTIC_INTERPRETATION;OTHER,CODED,false,NONE
K190362:action,K190362,action,TRIAGE_OR_PRIORITIZATION,TRIAGE_OR_PRIORITIZATION,CODED,false,NONE
K190362:component_status,K190362,component_status,SINGLE,SINGLE,CODED,false,NONE
K190387:input,K190387,input,MEDICAL_IMAGE,MEDICAL_IMAGE,CODED,false,NONE
K190387:output,K190387,output,SEGMENTATION_OR_LOCALIZATION;RECOMMENDATION_OR_PLANNING;MEASUREMENT_OR_QUANTIFICATION,SEGMENTATION_OR_LOCALIZATION;RECOMMENDATION_OR_PLANNING;MEASUREMENT_OR_QUANTIFICATION,CODED,false,NONE
K190387:user,K190387,user,OTHER_CLINICIAN,OTHER_CLINICIAN,CODED,false,NONE
K190387:setting,K190387,setting,PROCEDURAL_OR_OPERATING_ROOM,PROCEDURAL_OR_OPERATING_ROOM,CODED,false,NONE
K190387:action,K190387,action,TREATMENT_OR_PROCEDURE_PLANNING;THERAPY_DOSE_OR_DEVICE_CONTROL,TREATMENT_OR_PROCEDURE_PLANNING;THERAPY_DOSE_OR_DEVICE_CONTROL,CODED,false,NONE
K190387:component_status,K190387,component_status,MULTIPLE,MULTIPLE,CODED,false,NONE
K190424:input,K190424,input,MEDICAL_IMAGE,MEDICAL_IMAGE,CODED,false,NONE
K190424:output,K190424,output,DETECTION_OR_ALERT,DETECTION_OR_ALERT,CODED,false,NONE
K190424:user,K190424,user,RADIOLOGIST;OTHER_PHYSICIAN;OTHER_CLINICIAN,RADIOLOGIST;OTHER_PHYSICIAN;OTHER_CLINICIAN,CODED,false,NONE
K190424:setting,K190424,setting,DIAGNOSTIC_INTERPRETATION;OTHER,DIAGNOSTIC_INTERPRETATION;OTHER,CODED,false,NONE
K190424:action,K190424,action,TRIAGE_OR_PRIORITIZATION,TRIAGE_OR_PRIORITIZATION,CODED,false,NONE
K190424:component_status,K190424,component_status,SINGLE,SINGLE,CODED,false,NONE
K190442:input,K190442,input,MEDICAL_IMAGE,MEDICAL_IMAGE,CODED,false,NONE
K190442:output,K190442,output,CLASSIFICATION_OR_DIAGNOSIS;RISK_SCORE_OR_PREDICTION;DOCUMENTATION_OR_SUMMARY,CLASSIFICATION_OR_DIAGNOSIS;RISK_SCORE_OR_PREDICTION;DOCUMENTATION_OR_SUMMARY,CODED,false,NONE
K190442:user,K190442,user,OTHER_PHYSICIAN,OTHER_PHYSICIAN,CODED,false,NONE
K190442:setting,K190442,setting,DIAGNOSTIC_INTERPRETATION,DIAGNOSTIC_INTERPRETATION,CODED,false,NONE
K190442:action,K190442,action,INTERPRETATION_OR_DIAGNOSIS;WORKFLOW_OR_DOCUMENTATION,INTERPRETATION_OR_DIAGNOSIS;WORKFLOW_OR_DOCUMENTATION,CODED,false,NONE
K190442:component_status,K190442,component_status,SINGLE,SINGLE,CODED,false,NONE
K190529:input,K190529,input,PHYSIOLOGICAL_SIGNAL,PHYSIOLOGICAL_SIGNAL,CODED,false,NONE
K190529:output,K190529,output,MEASUREMENT_OR_QUANTIFICATION,MEASUREMENT_OR_QUANTIFICATION,CODED,false,NONE
K190529:user,K190529,user,OTHER_CLINICIAN,OTHER_CLINICIAN,CODED,false,NONE
K190529:setting,K190529,setting,MONITORING;OTHER,MONITORING;OTHER,CODED,false,NONE
K190529:action,K190529,action,MONITORING_OR_FOLLOW_UP;OTHER,MONITORING_OR_FOLLOW_UP;OTHER,CODED,false,NONE
K190529:component_status,K190529,component_status,SINGLE,SINGLE,CODED,false,NONE
K190593:input,K190593,input,PHYSIOLOGICAL_SIGNAL,PHYSIOLOGICAL_SIGNAL,CODED,false,NONE
K190593:output,K190593,output,DOCUMENTATION_OR_SUMMARY;OTHER,DOCUMENTATION_OR_SUMMARY;OTHER,CODED,false,NONE
K190593:user,K190593,user,TECHNOLOGIST_OR_OPERATOR,TECHNOLOGIST_OR_OPERATOR,CODED,false,NONE
K190593:setting,K190593,setting,MONITORING,MONITORING,CODED,false,NONE
K190593:action,K190593,action,INTERPRETATION_OR_DIAGNOSIS;WORKFLOW_OR_DOCUMENTATION,INTERPRETATION_OR_DIAGNOSIS;WORKFLOW_OR_DOCUMENTATION,CODED,false,NONE
K190593:component_status,K190593,component_status,SINGLE,SINGLE,CODED,false,NONE
K190764:input,K190764,input,NOT_ASSESSABLE,NOT_ASSESSABLE,NOT_ASSESSABLE,true,AI_ATTRIBUTION_BARRIER
K190764:output,K190764,output,NOT_ASSESSABLE,NOT_ASSESSABLE,NOT_ASSESSABLE,true,AI_ATTRIBUTION_BARRIER
K190764:user,K190764,user,NOT_ASSESSABLE,NOT_ASSESSABLE,NOT_ASSESSABLE,true,AI_ATTRIBUTION_BARRIER
K190764:setting,K190764,setting,NOT_ASSESSABLE,NOT_ASSESSABLE,NOT_ASSESSABLE,true,AI_ATTRIBUTION_BARRIER
K190764:action,K190764,action,NOT_ASSESSABLE,NOT_ASSESSABLE,NOT_ASSESSABLE,true,AI_ATTRIBUTION_BARRIER
K190764:component_status,K190764,component_status,UNCERTAIN,UNCERTAIN,UNCERTAIN,true,AI_ATTRIBUTION_BARRIER
K190815:input,K190815,input,PHYSIOLOGICAL_SIGNAL;CLINICAL_TABULAR_OR_TEXT;MULTIMODAL,PHYSIOLOGICAL_SIGNAL;CLINICAL_TABULAR_OR_TEXT;MULTIMODAL,CODED,false,NONE
K190815:output,K190815,output,CLASSIFICATION_OR_DIAGNOSIS;MEASUREMENT_OR_QUANTIFICATION,CLASSIFICATION_OR_DIAGNOSIS;MEASUREMENT_OR_QUANTIFICATION,CODED,false,NONE
K190815:user,K190815,user,OTHER_CLINICIAN,OTHER_CLINICIAN,CODED,false,NONE
K190815:setting,K190815,setting,DIAGNOSTIC_INTERPRETATION;OTHER,DIAGNOSTIC_INTERPRETATION;OTHER,CODED,false,NONE
K190815:action,K190815,action,INTERPRETATION_OR_DIAGNOSIS;MONITORING_OR_FOLLOW_UP,INTERPRETATION_OR_DIAGNOSIS;MONITORING_OR_FOLLOW_UP,CODED,false,NONE
K190815:component_status,K190815,component_status,MULTIPLE,MULTIPLE,CODED,false,NONE
K190868:input,K190868,input,MEDICAL_IMAGE,MEDICAL_IMAGE,CODED,false,NONE
K190868:output,K190868,output,SEGMENTATION_OR_LOCALIZATION;MEASUREMENT_OR_QUANTIFICATION,SEGMENTATION_OR_LOCALIZATION;MEASUREMENT_OR_QUANTIFICATION,CODED,false,NONE
K190868:user,K190868,user,OTHER_CLINICIAN,OTHER_CLINICIAN,CODED,false,NONE
K190868:setting,K190868,setting,DIAGNOSTIC_INTERPRETATION,DIAGNOSTIC_INTERPRETATION,CODED,false,NONE
K190868:action,K190868,action,INTERPRETATION_OR_DIAGNOSIS;TREATMENT_OR_PROCEDURE_PLANNING,INTERPRETATION_OR_DIAGNOSIS;TREATMENT_OR_PROCEDURE_PLANNING,CODED,false,NONE
K190868:component_status,K190868,component_status,SINGLE,SINGLE,CODED,false,NONE
K190896:input,K190896,input,MEDICAL_IMAGE,MEDICAL_IMAGE,CODED,false,NONE
K190896:output,K190896,output,DETECTION_OR_ALERT,DETECTION_OR_ALERT,CODED,false,NONE
K190896:user,K190896,user,RADIOLOGIST;OTHER_CLINICIAN,RADIOLOGIST;OTHER_CLINICIAN,CODED,false,NONE
K190896:setting,K190896,setting,DIAGNOSTIC_INTERPRETATION;OTHER,DIAGNOSTIC_INTERPRETATION;OTHER,CODED,false,NONE
K190896:action,K190896,action,TRIAGE_OR_PRIORITIZATION,TRIAGE_OR_PRIORITIZATION,CODED,false,NONE
K190896:component_status,K190896,component_status,SINGLE,SINGLE,CODED,false,NONE
K190898:input,K190898,input,MEDICAL_IMAGE,MEDICAL_IMAGE,CODED,false,NONE
K190898:output,K190898,output,CLASSIFICATION_OR_DIAGNOSIS;MEASUREMENT_OR_QUANTIFICATION;DETECTION_OR_ALERT,CLASSIFICATION_OR_DIAGNOSIS;MEASUREMENT_OR_QUANTIFICATION;DETECTION_OR_ALERT,CODED,false,NONE
K190898:user,K190898,user,NOT_STATED,NOT_STATED,NOT_STATED,true,FIELD_NOT_STATED
K190898:setting,K190898,setting,LABORATORY;SCREENING;DIAGNOSTIC_INTERPRETATION,LABORATORY;SCREENING;DIAGNOSTIC_INTERPRETATION,CODED,false,NONE
K190898:action,K190898,action,OTHER,OTHER,CODED,false,NONE
K190898:component_status,K190898,component_status,SINGLE,SINGLE,CODED,false,NONE
K190925:input,K190925,input,MEDICAL_IMAGE;OTHER,MEDICAL_IMAGE;OTHER,CODED,false,NONE
K190925:output,K190925,output,MEASUREMENT_OR_QUANTIFICATION;OTHER,MEASUREMENT_OR_QUANTIFICATION;OTHER,CODED,false,NONE
K190925:user,K190925,user,OTHER_CLINICIAN,OTHER_CLINICIAN,CODED,false,NONE
K190925:setting,K190925,setting,DIAGNOSTIC_INTERPRETATION;PROCEDURAL_OR_OPERATING_ROOM,DIAGNOSTIC_INTERPRETATION;PROCEDURAL_OR_OPERATING_ROOM,CODED,false,NONE
K190925:action,K190925,action,INTERPRETATION_OR_DIAGNOSIS;TREATMENT_OR_PROCEDURE_PLANNING,INTERPRETATION_OR_DIAGNOSIS;TREATMENT_OR_PROCEDURE_PLANNING,CODED,false,NONE
K190925:component_status,K190925,component_status,MULTIPLE,MULTIPLE,CODED,false,NONE
K191026:input,K191026,input,MEDICAL_IMAGE,MEDICAL_IMAGE,CODED,false,NONE
K191026:output,K191026,output,SEGMENTATION_OR_LOCALIZATION;RECONSTRUCTION_OR_ENHANCEMENT;OTHER,SEGMENTATION_OR_LOCALIZATION;RECONSTRUCTION_OR_ENHANCEMENT;OTHER,CODED,false,NONE
K191026:user,K191026,user,OTHER_PHYSICIAN,OTHER_PHYSICIAN,CODED,false,NONE
K191026:setting,K191026,setting,PROCEDURAL_OR_OPERATING_ROOM,PROCEDURAL_OR_OPERATING_ROOM,CODED,false,NONE
K191026:action,K191026,action,TREATMENT_OR_PROCEDURE_PLANNING,TREATMENT_OR_PROCEDURE_PLANNING,CODED,false,NONE
K191026:component_status,K191026,component_status,SINGLE,SINGLE,CODED,false,NONE
K191083:input,K191083,input,PHYSIOLOGICAL_SIGNAL,PHYSIOLOGICAL_SIGNAL,CODED,false,NONE
K191083:output,K191083,output,CONTROL_OR_AUTOMATION,CONTROL_OR_AUTOMATION,CODED,false,NONE
K191083:user,K191083,user,PATIENT_OR_CAREGIVER;OTHER_CLINICIAN,PATIENT_OR_CAREGIVER;OTHER_CLINICIAN,CODED,false,NONE
K191083:setting,K191083,setting,OTHER,OTHER,CODED,false,NONE
K191083:action,K191083,action,THERAPY_DOSE_OR_DEVICE_CONTROL,THERAPY_DOSE_OR_DEVICE_CONTROL,CODED,false,NONE
K191083:component_status,K191083,component_status,SINGLE,SINGLE,CODED,false,NONE
K191125:input,K191125,input,MEDICAL_IMAGE,MEDICAL_IMAGE,CODED,false,NONE
K191125:output,K191125,output,MEASUREMENT_OR_QUANTIFICATION;RECONSTRUCTION_OR_ENHANCEMENT,MEASUREMENT_OR_QUANTIFICATION;RECONSTRUCTION_OR_ENHANCEMENT,CODED,false,NONE
K191125:user,K191125,user,OTHER_CLINICIAN,OTHER_CLINICIAN,CODED,false,NONE
K191125:setting,K191125,setting,DIAGNOSTIC_INTERPRETATION;OTHER,DIAGNOSTIC_INTERPRETATION;OTHER,CODED,false,NONE
K191125:action,K191125,action,INTERPRETATION_OR_DIAGNOSIS,INTERPRETATION_OR_DIAGNOSIS,CODED,false,NONE
K191125:component_status,K191125,component_status,SINGLE,SINGLE,CODED,false,NONE
K191171:input,K191171,input,MEDICAL_IMAGE,MEDICAL_IMAGE,CODED,false,NONE
K191171:output,K191171,output,SEGMENTATION_OR_LOCALIZATION;MEASUREMENT_OR_QUANTIFICATION;DOCUMENTATION_OR_SUMMARY,SEGMENTATION_OR_LOCALIZATION;MEASUREMENT_OR_QUANTIFICATION;DOCUMENTATION_OR_SUMMARY,CODED,false,NONE
K191171:user,K191171,user,TECHNOLOGIST_OR_OPERATOR;OTHER_CLINICIAN;OTHER_PHYSICIAN,TECHNOLOGIST_OR_OPERATOR;OTHER_CLINICIAN;OTHER_PHYSICIAN,CODED,false,NONE
K191171:setting,K191171,setting,DIAGNOSTIC_INTERPRETATION,DIAGNOSTIC_INTERPRETATION,CODED,false,NONE
K191171:action,K191171,action,INTERPRETATION_OR_DIAGNOSIS;WORKFLOW_OR_DOCUMENTATION,INTERPRETATION_OR_DIAGNOSIS;WORKFLOW_OR_DOCUMENTATION,CODED,false,NONE
K191171:component_status,K191171,component_status,SINGLE,SINGLE,CODED,false,NONE
K191179:input,K191179,input,PHYSIOLOGICAL_SIGNAL,PHYSIOLOGICAL_SIGNAL,CODED,false,NONE
K191179:output,K191179,output,CONTROL_OR_AUTOMATION,CONTROL_OR_AUTOMATION,CODED,false,NONE
K191179:user,K191179,user,PATIENT_OR_CAREGIVER;OTHER_CLINICIAN,PATIENT_OR_CAREGIVER;OTHER_CLINICIAN,CODED,false,NONE
K191179:setting,K191179,setting,HOME_OR_CONSUMER;OTHER,HOME_OR_CONSUMER;OTHER,CODED,false,NONE
K191179:action,K191179,action,THERAPY_DOSE_OR_DEVICE_CONTROL,THERAPY_DOSE_OR_DEVICE_CONTROL,CODED,false,NONE
K191179:component_status,K191179,component_status,SINGLE,SINGLE,CODED,false,NONE
K191183:input,K191183,input,PHYSIOLOGICAL_SIGNAL,PHYSIOLOGICAL_SIGNAL,CODED,false,NONE
K191183:output,K191183,output,MEASUREMENT_OR_QUANTIFICATION;CLASSIFICATION_OR_DIAGNOSIS,MEASUREMENT_OR_QUANTIFICATION;CLASSIFICATION_OR_DIAGNOSIS,CODED,false,NONE
K191183:user,K191183,user,NOT_STATED,NOT_STATED,NOT_STATED,true,FIELD_NOT_STATED
K191183:setting,K191183,setting,DIAGNOSTIC_INTERPRETATION,DIAGNOSTIC_INTERPRETATION,CODED,false,NONE
K191183:action,K191183,action,INTERPRETATION_OR_DIAGNOSIS,INTERPRETATION_OR_DIAGNOSIS,CODED,false,NONE
K191183:component_status,K191183,component_status,SINGLE,SINGLE,CODED,false,NONE
K191194:input,K191194,input,MEDICAL_IMAGE,MEDICAL_IMAGE,CODED,false,NONE
K191194:output,K191194,output,SEGMENTATION_OR_LOCALIZATION;RECONSTRUCTION_OR_ENHANCEMENT,SEGMENTATION_OR_LOCALIZATION;RECONSTRUCTION_OR_ENHANCEMENT,CODED,false,NONE
K191194:user,K191194,user,TECHNOLOGIST_OR_OPERATOR;OTHER_CLINICIAN,TECHNOLOGIST_OR_OPERATOR;OTHER_CLINICIAN,CODED,false,NONE
K191194:setting,K191194,setting,OTHER,OTHER,CODED,false,NONE
K191194:action,K191194,action,WORKFLOW_OR_DOCUMENTATION,WORKFLOW_OR_DOCUMENTATION,CODED,false,NONE
K191194:component_status,K191194,component_status,SINGLE,SINGLE,CODED,false,NONE
K191262:input,K191262,input,MEDICAL_IMAGE,MEDICAL_IMAGE,CODED,false,NONE
K191262:output,K191262,output,DETECTION_OR_ALERT;SEGMENTATION_OR_LOCALIZATION;MEASUREMENT_OR_QUANTIFICATION,DETECTION_OR_ALERT;SEGMENTATION_OR_LOCALIZATION;MEASUREMENT_OR_QUANTIFICATION,CODED,false,NONE
K191262:user,K191262,user,OTHER_CLINICIAN;OTHER,OTHER_CLINICIAN;OTHER,CODED,false,NONE
K191262:setting,K191262,setting,DIAGNOSTIC_INTERPRETATION;OTHER,DIAGNOSTIC_INTERPRETATION;OTHER,CODED,false,NONE
K191262:action,K191262,action,INTERPRETATION_OR_DIAGNOSIS,INTERPRETATION_OR_DIAGNOSIS,CODED,false,NONE
K191262:component_status,K191262,component_status,SINGLE,SINGLE,CODED,false,NONE
K191278:input,K191278,input,MEDICAL_IMAGE,MEDICAL_IMAGE,CODED,false,NONE
K191278:output,K191278,output,SEGMENTATION_OR_LOCALIZATION;MEASUREMENT_OR_QUANTIFICATION;DOCUMENTATION_OR_SUMMARY;RECONSTRUCTION_OR_ENHANCEMENT,SEGMENTATION_OR_LOCALIZATION;MEASUREMENT_OR_QUANTIFICATION;DOCUMENTATION_OR_SUMMARY;RECONSTRUCTION_OR_ENHANCEMENT,CODED,false,NONE
K191278:user,K191278,user,RADIOLOGIST;OTHER_PHYSICIAN;OTHER_CLINICIAN,RADIOLOGIST;OTHER_PHYSICIAN;OTHER_CLINICIAN,CODED,false,NONE
K191278:setting,K191278,setting,OTHER,OTHER,CODED,false,NONE
K191278:action,K191278,action,INTERPRETATION_OR_DIAGNOSIS;WORKFLOW_OR_DOCUMENTATION,INTERPRETATION_OR_DIAGNOSIS;WORKFLOW_OR_DOCUMENTATION,CODED,false,NONE
K191278:component_status,K191278,component_status,MULTIPLE,MULTIPLE,CODED,false,NONE
K191370:input,K191370,input,PHYSIOLOGICAL_SIGNAL;CLINICAL_TABULAR_OR_TEXT;DEVICE_TELEMETRY_OR_OPERATIONAL,PHYSIOLOGICAL_SIGNAL;CLINICAL_TABULAR_OR_TEXT;DEVICE_TELEMETRY_OR_OPERATIONAL,CODED,false,NONE
K191370:output,K191370,output,RECOMMENDATION_OR_PLANNING;DOCUMENTATION_OR_SUMMARY,RECOMMENDATION_OR_PLANNING;DOCUMENTATION_OR_SUMMARY,CODED,false,NONE
K191370:user,K191370,user,OTHER_PHYSICIAN;OTHER_CLINICIAN,OTHER_PHYSICIAN;OTHER_CLINICIAN,CODED,false,NONE
K191370:setting,K191370,setting,MONITORING,MONITORING,CODED,false,NONE
K191370:action,K191370,action,THERAPY_DOSE_OR_DEVICE_CONTROL;TREATMENT_OR_PROCEDURE_PLANNING,THERAPY_DOSE_OR_DEVICE_CONTROL;TREATMENT_OR_PROCEDURE_PLANNING,CODED,false,NONE
K191370:component_status,K191370,component_status,SINGLE,SINGLE,CODED,false,NONE
K191384:input,K191384,input,NOT_ASSESSABLE,NOT_ASSESSABLE,NOT_ASSESSABLE,true,AI_ATTRIBUTION_BARRIER
K191384:output,K191384,output,NOT_ASSESSABLE,NOT_ASSESSABLE,NOT_ASSESSABLE,true,AI_ATTRIBUTION_BARRIER
K191384:user,K191384,user,NOT_ASSESSABLE,NOT_ASSESSABLE,NOT_ASSESSABLE,true,AI_ATTRIBUTION_BARRIER
K191384:setting,K191384,setting,NOT_ASSESSABLE,NOT_ASSESSABLE,NOT_ASSESSABLE,true,AI_ATTRIBUTION_BARRIER
K191384:action,K191384,action,NOT_ASSESSABLE,NOT_ASSESSABLE,NOT_ASSESSABLE,true,AI_ATTRIBUTION_BARRIER
K191384:component_status,K191384,component_status,UNCERTAIN,UNCERTAIN,UNCERTAIN,true,AI_ATTRIBUTION_BARRIER
K191493:input,K191493,input,OTHER;DEVICE_TELEMETRY_OR_OPERATIONAL,OTHER;DEVICE_TELEMETRY_OR_OPERATIONAL,CODED,false,NONE
K191493:output,K191493,output,RECONSTRUCTION_OR_ENHANCEMENT;MEASUREMENT_OR_QUANTIFICATION;DOCUMENTATION_OR_SUMMARY,RECONSTRUCTION_OR_ENHANCEMENT;MEASUREMENT_OR_QUANTIFICATION;DOCUMENTATION_OR_SUMMARY,CODED,false,NONE
K191493:user,K191493,user,NOT_STATED,NOT_STATED,NOT_STATED,true,FIELD_NOT_STATED
K191493:setting,K191493,setting,DIAGNOSTIC_INTERPRETATION,DIAGNOSTIC_INTERPRETATION,CODED,false,NONE
K191493:action,K191493,action,INTERPRETATION_OR_DIAGNOSIS,INTERPRETATION_OR_DIAGNOSIS,CODED,false,NONE
K191493:component_status,K191493,component_status,SINGLE,SINGLE,CODED,false,NONE
K191550:input,K191550,input,MEDICAL_IMAGE,MEDICAL_IMAGE,CODED,false,NONE
K191550:output,K191550,output,SEGMENTATION_OR_LOCALIZATION;MEASUREMENT_OR_QUANTIFICATION;DOCUMENTATION_OR_SUMMARY,SEGMENTATION_OR_LOCALIZATION;MEASUREMENT_OR_QUANTIFICATION;DOCUMENTATION_OR_SUMMARY,CODED,false,NONE
K191550:user,K191550,user,OTHER_PHYSICIAN,OTHER_PHYSICIAN,CODED,false,NONE
K191550:setting,K191550,setting,DIAGNOSTIC_INTERPRETATION;MONITORING,DIAGNOSTIC_INTERPRETATION;MONITORING,CODED,false,NONE
K191550:action,K191550,action,INTERPRETATION_OR_DIAGNOSIS;MONITORING_OR_FOLLOW_UP;WORKFLOW_OR_DOCUMENTATION,INTERPRETATION_OR_DIAGNOSIS;MONITORING_OR_FOLLOW_UP;WORKFLOW_OR_DOCUMENTATION,CODED,false,NONE
K191550:component_status,K191550,component_status,SINGLE,SINGLE,CODED,false,NONE
K191556:input,K191556,input,MEDICAL_IMAGE,MEDICAL_IMAGE,CODED,false,NONE
K191556:output,K191556,output,DETECTION_OR_ALERT,DETECTION_OR_ALERT,CODED,false,NONE
K191556:user,K191556,user,RADIOLOGIST;OTHER_CLINICIAN,RADIOLOGIST;OTHER_CLINICIAN,CODED,false,NONE
K191556:setting,K191556,setting,ACUTE_TRIAGE_OR_EMERGENCY;OTHER,ACUTE_TRIAGE_OR_EMERGENCY;OTHER,CODED,false,NONE
K191556:action,K191556,action,TRIAGE_OR_PRIORITIZATION,TRIAGE_OR_PRIORITIZATION,CODED,false,NONE
K191556:component_status,K191556,component_status,SINGLE,SINGLE,CODED,false,NONE
K191585:input,K191585,input,MEDICAL_IMAGE,MEDICAL_IMAGE,CODED,false,NONE
K191585:output,K191585,output,SEGMENTATION_OR_LOCALIZATION;MEASUREMENT_OR_QUANTIFICATION;RECONSTRUCTION_OR_ENHANCEMENT;DOCUMENTATION_OR_SUMMARY,SEGMENTATION_OR_LOCALIZATION;MEASUREMENT_OR_QUANTIFICATION;RECONSTRUCTION_OR_ENHANCEMENT;DOCUMENTATION_OR_SUMMARY,CODED,false,NONE
K191585:user,K191585,user,RADIOLOGIST;OTHER_PHYSICIAN;OTHER_CLINICIAN,RADIOLOGIST;OTHER_PHYSICIAN;OTHER_CLINICIAN,CODED,false,NONE
K191585:setting,K191585,setting,PROCEDURAL_OR_OPERATING_ROOM;MONITORING,PROCEDURAL_OR_OPERATING_ROOM;MONITORING,CODED,false,NONE
K191585:action,K191585,action,TREATMENT_OR_PROCEDURE_PLANNING;MONITORING_OR_FOLLOW_UP,TREATMENT_OR_PROCEDURE_PLANNING;MONITORING_OR_FOLLOW_UP,CODED,false,NONE
K191585:component_status,K191585,component_status,MULTIPLE,MULTIPLE,CODED,false,NONE
K191647:input,K191647,input,MEDICAL_IMAGE,MEDICAL_IMAGE,CODED,false,NONE
K191647:output,K191647,output,SEGMENTATION_OR_LOCALIZATION;MEASUREMENT_OR_QUANTIFICATION,SEGMENTATION_OR_LOCALIZATION;MEASUREMENT_OR_QUANTIFICATION,CODED,false,NONE
K191647:user,K191647,user,OTHER_CLINICIAN,OTHER_CLINICIAN,CODED,false,NONE
K191647:setting,K191647,setting,OTHER,OTHER,CODED,false,NONE
K191647:action,K191647,action,INTERPRETATION_OR_DIAGNOSIS,INTERPRETATION_OR_DIAGNOSIS,CODED,false,NONE
K191647:component_status,K191647,component_status,SINGLE,SINGLE,CODED,false,NONE
K191688:input,K191688,input,MEDICAL_IMAGE,MEDICAL_IMAGE,CODED,false,NONE
K191688:output,K191688,output,RECONSTRUCTION_OR_ENHANCEMENT,RECONSTRUCTION_OR_ENHANCEMENT,CODED,false,NONE
K191688:user,K191688,user,RADIOLOGIST,RADIOLOGIST,CODED,false,NONE
K191688:setting,K191688,setting,OTHER,OTHER,CODED,false,NONE
K191688:action,K191688,action,WORKFLOW_OR_DOCUMENTATION,WORKFLOW_OR_DOCUMENTATION,CODED,false,NONE
K191688:component_status,K191688,component_status,SINGLE,SINGLE,CODED,false,NONE
K191713:input,K191713,input,AUDIO_OR_VIDEO,AUDIO_OR_VIDEO,CODED,false,NONE
K191713:output,K191713,output,CONTROL_OR_AUTOMATION;RECONSTRUCTION_OR_ENHANCEMENT,CONTROL_OR_AUTOMATION;RECONSTRUCTION_OR_ENHANCEMENT,CODED,false,NONE
K191713:user,K191713,user,OTHER_PHYSICIAN;TECHNOLOGIST_OR_OPERATOR,OTHER_PHYSICIAN;TECHNOLOGIST_OR_OPERATOR,CODED,false,NONE
K191713:setting,K191713,setting,PROCEDURAL_OR_OPERATING_ROOM,PROCEDURAL_OR_OPERATING_ROOM,CODED,false,NONE
K191713:action,K191713,action,THERAPY_DOSE_OR_DEVICE_CONTROL;WORKFLOW_OR_DOCUMENTATION,THERAPY_DOSE_OR_DEVICE_CONTROL;WORKFLOW_OR_DOCUMENTATION,CODED,false,NONE
K191713:component_status,K191713,component_status,SINGLE,SINGLE,CODED,false,NONE
K191928:input,K191928,input,MEDICAL_IMAGE,MEDICAL_IMAGE,CODED,false,NONE
K191928:output,K191928,output,SEGMENTATION_OR_LOCALIZATION;RECONSTRUCTION_OR_ENHANCEMENT,SEGMENTATION_OR_LOCALIZATION;RECONSTRUCTION_OR_ENHANCEMENT,CODED,false,NONE
K191928:user,K191928,user,NOT_STATED,NOT_STATED,NOT_STATED,true,FIELD_NOT_STATED
K191928:setting,K191928,setting,OTHER,OTHER,CODED,false,NONE
K191928:action,K191928,action,TREATMENT_OR_PROCEDURE_PLANNING;MONITORING_OR_FOLLOW_UP,TREATMENT_OR_PROCEDURE_PLANNING;MONITORING_OR_FOLLOW_UP,CODED,false,NONE
K191928:component_status,K191928,component_status,MULTIPLE,MULTIPLE,CODED,false,NONE
K191994:input,K191994,input,MEDICAL_IMAGE,MEDICAL_IMAGE,CODED,false,NONE
K191994:output,K191994,output,DETECTION_OR_ALERT;SEGMENTATION_OR_LOCALIZATION;MEASUREMENT_OR_QUANTIFICATION,DETECTION_OR_ALERT;SEGMENTATION_OR_LOCALIZATION;MEASUREMENT_OR_QUANTIFICATION,CODED,false,NONE
K191994:user,K191994,user,RADIOLOGIST,RADIOLOGIST,CODED,false,NONE
K191994:setting,K191994,setting,DIAGNOSTIC_INTERPRETATION,DIAGNOSTIC_INTERPRETATION,CODED,false,NONE
K191994:action,K191994,action,INTERPRETATION_OR_DIAGNOSIS,INTERPRETATION_OR_DIAGNOSIS,CODED,false,NONE
K191994:component_status,K191994,component_status,SINGLE,SINGLE,CODED,false,NONE
K192004:input,K192004,input,PHYSIOLOGICAL_SIGNAL;AUDIO_OR_VIDEO,PHYSIOLOGICAL_SIGNAL;AUDIO_OR_VIDEO,CODED,false,NONE
K192004:output,K192004,output,CLASSIFICATION_OR_DIAGNOSIS;DETECTION_OR_ALERT;MEASUREMENT_OR_QUANTIFICATION,CLASSIFICATION_OR_DIAGNOSIS;DETECTION_OR_ALERT;MEASUREMENT_OR_QUANTIFICATION,CODED,false,NONE
K192004:user,K192004,user,OTHER_PHYSICIAN,OTHER_PHYSICIAN,CODED,false,NONE
K192004:setting,K192004,setting,DIAGNOSTIC_INTERPRETATION,DIAGNOSTIC_INTERPRETATION,CODED,false,NONE
K192004:action,K192004,action,INTERPRETATION_OR_DIAGNOSIS,INTERPRETATION_OR_DIAGNOSIS,CODED,false,NONE
K192004:component_status,K192004,component_status,MULTIPLE,MULTIPLE,CODED,false,NONE
K192051:input,K192051,input,MEDICAL_IMAGE,MEDICAL_IMAGE,CODED,false,NONE
K192051:output,K192051,output,SEGMENTATION_OR_LOCALIZATION;MEASUREMENT_OR_QUANTIFICATION;DOCUMENTATION_OR_SUMMARY,SEGMENTATION_OR_LOCALIZATION;MEASUREMENT_OR_QUANTIFICATION;DOCUMENTATION_OR_SUMMARY,CODED,false,NONE
K192051:user,K192051,user,RADIOLOGIST;OTHER_PHYSICIAN,RADIOLOGIST;OTHER_PHYSICIAN,CODED,false,NONE
K192051:setting,K192051,setting,OTHER,OTHER,CODED,false,NONE
K192051:action,K192051,action,WORKFLOW_OR_DOCUMENTATION,WORKFLOW_OR_DOCUMENTATION,CODED,false,NONE
K192051:component_status,K192051,component_status,SINGLE,SINGLE,CODED,false,NONE
K192065:input,K192065,input,MEDICAL_IMAGE,MEDICAL_IMAGE,CODED,false,NONE
K192065:output,K192065,output,SEGMENTATION_OR_LOCALIZATION;RECOMMENDATION_OR_PLANNING,SEGMENTATION_OR_LOCALIZATION;RECOMMENDATION_OR_PLANNING,CODED,false,NONE
K192065:user,K192065,user,OTHER_CLINICIAN,OTHER_CLINICIAN,CODED,false,NONE
K192065:setting,K192065,setting,OTHER,OTHER,CODED,false,NONE
K192065:action,K192065,action,TREATMENT_OR_PROCEDURE_PLANNING;MONITORING_OR_FOLLOW_UP,TREATMENT_OR_PROCEDURE_PLANNING;MONITORING_OR_FOLLOW_UP,CODED,false,NONE
K192065:component_status,K192065,component_status,MULTIPLE,MULTIPLE,CODED,false,NONE
K192107:input,K192107,input,NOT_ASSESSABLE,NOT_ASSESSABLE,NOT_ASSESSABLE,true,AI_ATTRIBUTION_BARRIER
K192107:output,K192107,output,NOT_ASSESSABLE,NOT_ASSESSABLE,NOT_ASSESSABLE,true,AI_ATTRIBUTION_BARRIER
K192107:user,K192107,user,NOT_ASSESSABLE,NOT_ASSESSABLE,NOT_ASSESSABLE,true,AI_ATTRIBUTION_BARRIER
K192107:setting,K192107,setting,NOT_ASSESSABLE,NOT_ASSESSABLE,NOT_ASSESSABLE,true,AI_ATTRIBUTION_BARRIER
K192107:action,K192107,action,NOT_ASSESSABLE,NOT_ASSESSABLE,NOT_ASSESSABLE,true,AI_ATTRIBUTION_BARRIER
K192107:component_status,K192107,component_status,UNCERTAIN,UNCERTAIN,UNCERTAIN,true,AI_ATTRIBUTION_BARRIER
K192109:input,K192109,input,MEDICAL_IMAGE,MEDICAL_IMAGE,CODED,false,NONE
K192109:output,K192109,output,MEASUREMENT_OR_QUANTIFICATION;CLASSIFICATION_OR_DIAGNOSIS;DOCUMENTATION_OR_SUMMARY,MEASUREMENT_OR_QUANTIFICATION;CLASSIFICATION_OR_DIAGNOSIS;DOCUMENTATION_OR_SUMMARY,CODED,false,NONE
K192109:user,K192109,user,RADIOLOGIST;OTHER_PHYSICIAN;TECHNOLOGIST_OR_OPERATOR,RADIOLOGIST;OTHER_PHYSICIAN;TECHNOLOGIST_OR_OPERATOR,CODED,false,NONE
K192109:setting,K192109,setting,DIAGNOSTIC_INTERPRETATION,DIAGNOSTIC_INTERPRETATION,CODED,false,NONE
K192109:action,K192109,action,INTERPRETATION_OR_DIAGNOSIS,INTERPRETATION_OR_DIAGNOSIS,CODED,false,NONE
K192109:component_status,K192109,component_status,SINGLE,SINGLE,CODED,false,NONE
K192130:input,K192130,input,MEDICAL_IMAGE,MEDICAL_IMAGE,CODED,false,NONE
K192130:output,K192130,output,SEGMENTATION_OR_LOCALIZATION;MEASUREMENT_OR_QUANTIFICATION;DOCUMENTATION_OR_SUMMARY,SEGMENTATION_OR_LOCALIZATION;MEASUREMENT_OR_QUANTIFICATION;DOCUMENTATION_OR_SUMMARY,CODED,false,NONE
K192130:user,K192130,user,NOT_STATED,NOT_STATED,NOT_STATED,true,FIELD_NOT_STATED
K192130:setting,K192130,setting,DIAGNOSTIC_INTERPRETATION;MONITORING,DIAGNOSTIC_INTERPRETATION;MONITORING,CODED,false,NONE
K192130:action,K192130,action,INTERPRETATION_OR_DIAGNOSIS;MONITORING_OR_FOLLOW_UP;WORKFLOW_OR_DOCUMENTATION,INTERPRETATION_OR_DIAGNOSIS;MONITORING_OR_FOLLOW_UP;WORKFLOW_OR_DOCUMENTATION,CODED,false,NONE
K192130:component_status,K192130,component_status,SINGLE,SINGLE,CODED,false,NONE
K192167:input,K192167,input,MEDICAL_IMAGE,MEDICAL_IMAGE,CODED,false,NONE
K192167:output,K192167,output,DETECTION_OR_ALERT,DETECTION_OR_ALERT,CODED,false,NONE
K192167:user,K192167,user,RADIOLOGIST;OTHER_CLINICIAN,RADIOLOGIST;OTHER_CLINICIAN,CODED,false,NONE
K192167:setting,K192167,setting,ACUTE_TRIAGE_OR_EMERGENCY,ACUTE_TRIAGE_OR_EMERGENCY,CODED,false,NONE
K192167:action,K192167,action,TRIAGE_OR_PRIORITIZATION,TRIAGE_OR_PRIORITIZATION,CODED,false,NONE
K192167:component_status,K192167,component_status,SINGLE,SINGLE,CODED,false,NONE
K192279:input,K192279,input,MEDICAL_IMAGE,MEDICAL_IMAGE,CODED,false,NONE
K192279:output,K192279,output,RECONSTRUCTION_OR_ENHANCEMENT,RECONSTRUCTION_OR_ENHANCEMENT,CODED,false,NONE
K192279:user,K192279,user,OTHER_PHYSICIAN,OTHER_PHYSICIAN,CODED,false,NONE
K192279:setting,K192279,setting,PROCEDURAL_OR_OPERATING_ROOM,PROCEDURAL_OR_OPERATING_ROOM,CODED,false,NONE
K192279:action,K192279,action,TREATMENT_OR_PROCEDURE_PLANNING,TREATMENT_OR_PROCEDURE_PLANNING,CODED,false,NONE
K192279:component_status,K192279,component_status,SINGLE,SINGLE,CODED,false,NONE
K192287:input,K192287,input,MEDICAL_IMAGE,MEDICAL_IMAGE,CODED,false,NONE
K192287:output,K192287,output,DETECTION_OR_ALERT;SEGMENTATION_OR_LOCALIZATION;RISK_SCORE_OR_PREDICTION,DETECTION_OR_ALERT;SEGMENTATION_OR_LOCALIZATION;RISK_SCORE_OR_PREDICTION,CODED,false,NONE
K192287:user,K192287,user,RADIOLOGIST;OTHER_PHYSICIAN,RADIOLOGIST;OTHER_PHYSICIAN,CODED,false,NONE
K192287:setting,K192287,setting,SCREENING;OTHER,SCREENING;OTHER,CODED,false,NONE
K192287:action,K192287,action,INTERPRETATION_OR_DIAGNOSIS,INTERPRETATION_OR_DIAGNOSIS,CODED,false,NONE
K192287:component_status,K192287,component_status,SINGLE,SINGLE,CODED,false,NONE
K192304:input,K192304,input,MEDICAL_IMAGE,MEDICAL_IMAGE,CODED,false,NONE
K192304:output,K192304,output,SEGMENTATION_OR_LOCALIZATION;RECONSTRUCTION_OR_ENHANCEMENT,SEGMENTATION_OR_LOCALIZATION;RECONSTRUCTION_OR_ENHANCEMENT,CODED,false,NONE
K192304:user,K192304,user,RADIOLOGIST;OTHER_PHYSICIAN;OTHER_CLINICIAN,RADIOLOGIST;OTHER_PHYSICIAN;OTHER_CLINICIAN,CODED,false,NONE
K192304:setting,K192304,setting,PROCEDURAL_OR_OPERATING_ROOM,PROCEDURAL_OR_OPERATING_ROOM,CODED,false,NONE
K192304:action,K192304,action,TREATMENT_OR_PROCEDURE_PLANNING,TREATMENT_OR_PROCEDURE_PLANNING,CODED,false,NONE
K192304:component_status,K192304,component_status,SINGLE,SINGLE,CODED,false,NONE
K192320:input,K192320,input,MEDICAL_IMAGE,MEDICAL_IMAGE,CODED,false,NONE
K192320:output,K192320,output,DETECTION_OR_ALERT;OTHER,DETECTION_OR_ALERT;OTHER,CODED,false,NONE
K192320:user,K192320,user,RADIOLOGIST,RADIOLOGIST,CODED,false,NONE
K192320:setting,K192320,setting,ACUTE_TRIAGE_OR_EMERGENCY;OTHER,ACUTE_TRIAGE_OR_EMERGENCY;OTHER,CODED,false,NONE
K192320:action,K192320,action,TRIAGE_OR_PRIORITIZATION,TRIAGE_OR_PRIORITIZATION,CODED,false,NONE
K192320:component_status,K192320,component_status,SINGLE,SINGLE,CODED,false,NONE
K192377:input,K192377,input,NOT_ASSESSABLE,NOT_ASSESSABLE,NOT_ASSESSABLE,true,AI_ATTRIBUTION_BARRIER
K192377:output,K192377,output,NOT_ASSESSABLE,NOT_ASSESSABLE,NOT_ASSESSABLE,true,AI_ATTRIBUTION_BARRIER
K192377:user,K192377,user,NOT_ASSESSABLE,NOT_ASSESSABLE,NOT_ASSESSABLE,true,AI_ATTRIBUTION_BARRIER
K192377:setting,K192377,setting,NOT_ASSESSABLE,NOT_ASSESSABLE,NOT_ASSESSABLE,true,AI_ATTRIBUTION_BARRIER
K192377:action,K192377,action,NOT_ASSESSABLE,NOT_ASSESSABLE,NOT_ASSESSABLE,true,AI_ATTRIBUTION_BARRIER
K192377:component_status,K192377,component_status,UNCERTAIN,UNCERTAIN,UNCERTAIN,true,AI_ATTRIBUTION_BARRIER
K192383:input,K192383,input,MEDICAL_IMAGE,MEDICAL_IMAGE,CODED,false,NONE
K192383:output,K192383,output,DETECTION_OR_ALERT;OTHER,DETECTION_OR_ALERT;OTHER,CODED,false,NONE
K192383:user,K192383,user,RADIOLOGIST,RADIOLOGIST,CODED,false,NONE
K192383:setting,K192383,setting,ACUTE_TRIAGE_OR_EMERGENCY;OTHER,ACUTE_TRIAGE_OR_EMERGENCY;OTHER,CODED,false,NONE
K192383:action,K192383,action,TRIAGE_OR_PRIORITIZATION;REFERRAL_OR_ESCALATION,TRIAGE_OR_PRIORITIZATION;REFERRAL_OR_ESCALATION,CODED,false,NONE
K192383:component_status,K192383,component_status,SINGLE,SINGLE,CODED,false,NONE
K192388:input,K192388,input,NOT_ASSESSABLE,NOT_ASSESSABLE,NOT_ASSESSABLE,true,AI_ATTRIBUTION_BARRIER
K192388:output,K192388,output,NOT_ASSESSABLE,NOT_ASSESSABLE,NOT_ASSESSABLE,true,AI_ATTRIBUTION_BARRIER
K192388:user,K192388,user,NOT_ASSESSABLE,NOT_ASSESSABLE,NOT_ASSESSABLE,true,AI_ATTRIBUTION_BARRIER
K192388:setting,K192388,setting,NOT_ASSESSABLE,NOT_ASSESSABLE,NOT_ASSESSABLE,true,AI_ATTRIBUTION_BARRIER
K192388:action,K192388,action,NOT_ASSESSABLE,NOT_ASSESSABLE,NOT_ASSESSABLE,true,AI_ATTRIBUTION_BARRIER
K192388:component_status,K192388,component_status,UNCERTAIN,UNCERTAIN,UNCERTAIN,true,AI_ATTRIBUTION_BARRIER
K192415:input,K192415,input,PHYSIOLOGICAL_SIGNAL,PHYSIOLOGICAL_SIGNAL,CODED,false,NONE
K192415:output,K192415,output,DETECTION_OR_ALERT;RECOMMENDATION_OR_PLANNING,DETECTION_OR_ALERT;RECOMMENDATION_OR_PLANNING,CODED,false,NONE
K192415:user,K192415,user,PATIENT_OR_CAREGIVER;OTHER_CLINICIAN,PATIENT_OR_CAREGIVER;OTHER_CLINICIAN,CODED,false,NONE
K192415:setting,K192415,setting,MONITORING;OTHER,MONITORING;OTHER,CODED,false,NONE
K192415:action,K192415,action,MONITORING_OR_FOLLOW_UP;WORKFLOW_OR_DOCUMENTATION,MONITORING_OR_FOLLOW_UP;WORKFLOW_OR_DOCUMENTATION,CODED,false,NONE
K192415:component_status,K192415,component_status,SINGLE,SINGLE,CODED,false,NONE
K192437:input,K192437,input,MEDICAL_IMAGE,MEDICAL_IMAGE,CODED,false,NONE
K192437:output,K192437,output,MEASUREMENT_OR_QUANTIFICATION;DOCUMENTATION_OR_SUMMARY,MEASUREMENT_OR_QUANTIFICATION;DOCUMENTATION_OR_SUMMARY,CODED,false,NONE
K192437:user,K192437,user,OTHER_CLINICIAN,OTHER_CLINICIAN,CODED,false,NONE
K192437:setting,K192437,setting,DIAGNOSTIC_INTERPRETATION;MONITORING,DIAGNOSTIC_INTERPRETATION;MONITORING,CODED,false,NONE
K192437:action,K192437,action,INTERPRETATION_OR_DIAGNOSIS;MONITORING_OR_FOLLOW_UP;WORKFLOW_OR_DOCUMENTATION,INTERPRETATION_OR_DIAGNOSIS;MONITORING_OR_FOLLOW_UP;WORKFLOW_OR_DOCUMENTATION,CODED,false,NONE
K192437:component_status,K192437,component_status,MULTIPLE,MULTIPLE,CODED,false,NONE
K192442:input,K192442,input,MEDICAL_IMAGE,MEDICAL_IMAGE,CODED,false,NONE
K192442:output,K192442,output,MEASUREMENT_OR_QUANTIFICATION;RECONSTRUCTION_OR_ENHANCEMENT,MEASUREMENT_OR_QUANTIFICATION;RECONSTRUCTION_OR_ENHANCEMENT,CODED,false,NONE
K192442:user,K192442,user,OTHER_CLINICIAN;OTHER_PHYSICIAN,OTHER_CLINICIAN;OTHER_PHYSICIAN,CODED,false,NONE
K192442:setting,K192442,setting,PROCEDURAL_OR_OPERATING_ROOM,PROCEDURAL_OR_OPERATING_ROOM,CODED,false,NONE
K192442:action,K192442,action,INTERPRETATION_OR_DIAGNOSIS,INTERPRETATION_OR_DIAGNOSIS,CODED,false,NONE
K192442:component_status,K192442,component_status,SINGLE,SINGLE,CODED,false,NONE
K192455:input,K192455,input,NOT_ASSESSABLE,NOT_ASSESSABLE,NOT_ASSESSABLE,true,AI_ATTRIBUTION_BARRIER
K192455:output,K192455,output,NOT_ASSESSABLE,NOT_ASSESSABLE,NOT_ASSESSABLE,true,AI_ATTRIBUTION_BARRIER
K192455:user,K192455,user,NOT_ASSESSABLE,NOT_ASSESSABLE,NOT_ASSESSABLE,true,AI_ATTRIBUTION_BARRIER
K192455:setting,K192455,setting,NOT_ASSESSABLE,NOT_ASSESSABLE,NOT_ASSESSABLE,true,AI_ATTRIBUTION_BARRIER
K192455:action,K192455,action,NOT_ASSESSABLE,NOT_ASSESSABLE,NOT_ASSESSABLE,true,AI_ATTRIBUTION_BARRIER
K192455:component_status,K192455,component_status,UNCERTAIN,UNCERTAIN,UNCERTAIN,true,AI_ATTRIBUTION_BARRIER
K192531:input,K192531,input,MEDICAL_IMAGE,MEDICAL_IMAGE,CODED,false,NONE
K192531:output,K192531,output,SEGMENTATION_OR_LOCALIZATION;MEASUREMENT_OR_QUANTIFICATION;DOCUMENTATION_OR_SUMMARY,SEGMENTATION_OR_LOCALIZATION;MEASUREMENT_OR_QUANTIFICATION;DOCUMENTATION_OR_SUMMARY,CODED,false,NONE
K192531:user,K192531,user,OTHER_PHYSICIAN;OTHER_CLINICIAN;TECHNOLOGIST_OR_OPERATOR,OTHER_PHYSICIAN;OTHER_CLINICIAN;TECHNOLOGIST_OR_OPERATOR,CODED,false,NONE
K192531:setting,K192531,setting,DIAGNOSTIC_INTERPRETATION;MONITORING,DIAGNOSTIC_INTERPRETATION;MONITORING,CODED,false,NONE
K192531:action,K192531,action,INTERPRETATION_OR_DIAGNOSIS;MONITORING_OR_FOLLOW_UP;WORKFLOW_OR_DOCUMENTATION,INTERPRETATION_OR_DIAGNOSIS;MONITORING_OR_FOLLOW_UP;WORKFLOW_OR_DOCUMENTATION,CODED,false,NONE
K192531:component_status,K192531,component_status,SINGLE,SINGLE,CODED,false,NONE
K192571:input,K192571,input,NOT_ASSESSABLE,NOT_ASSESSABLE,NOT_ASSESSABLE,true,AI_ATTRIBUTION_BARRIER
K192571:output,K192571,output,NOT_ASSESSABLE,NOT_ASSESSABLE,NOT_ASSESSABLE,true,AI_ATTRIBUTION_BARRIER
K192571:user,K192571,user,NOT_ASSESSABLE,NOT_ASSESSABLE,NOT_ASSESSABLE,true,AI_ATTRIBUTION_BARRIER
K192571:setting,K192571,setting,NOT_ASSESSABLE,NOT_ASSESSABLE,NOT_ASSESSABLE,true,AI_ATTRIBUTION_BARRIER
K192571:action,K192571,action,NOT_ASSESSABLE,NOT_ASSESSABLE,NOT_ASSESSABLE,true,AI_ATTRIBUTION_BARRIER
K192571:component_status,K192571,component_status,UNCERTAIN,UNCERTAIN,UNCERTAIN,true,AI_ATTRIBUTION_BARRIER
K192574:input,K192574,input,MEDICAL_IMAGE,MEDICAL_IMAGE,CODED,false,NONE
K192574:output,K192574,output,RECONSTRUCTION_OR_ENHANCEMENT,RECONSTRUCTION_OR_ENHANCEMENT,CODED,false,NONE
K192574:user,K192574,user,OTHER_PHYSICIAN,OTHER_PHYSICIAN,CODED,false,NONE
K192574:setting,K192574,setting,DIAGNOSTIC_INTERPRETATION,DIAGNOSTIC_INTERPRETATION,CODED,false,NONE
K192574:action,K192574,action,INTERPRETATION_OR_DIAGNOSIS,INTERPRETATION_OR_DIAGNOSIS,CODED,false,NONE
K192574:component_status,K192574,component_status,SINGLE,SINGLE,CODED,false,NONE
K192601:input,K192601,input,NOT_ASSESSABLE,NOT_ASSESSABLE,NOT_ASSESSABLE,true,AI_ATTRIBUTION_BARRIER
K192601:output,K192601,output,NOT_ASSESSABLE,NOT_ASSESSABLE,NOT_ASSESSABLE,true,AI_ATTRIBUTION_BARRIER
K192601:user,K192601,user,NOT_ASSESSABLE,NOT_ASSESSABLE,NOT_ASSESSABLE,true,AI_ATTRIBUTION_BARRIER
K192601:setting,K192601,setting,NOT_ASSESSABLE,NOT_ASSESSABLE,NOT_ASSESSABLE,true,AI_ATTRIBUTION_BARRIER
K192601:action,K192601,action,NOT_ASSESSABLE,NOT_ASSESSABLE,NOT_ASSESSABLE,true,AI_ATTRIBUTION_BARRIER
K192601:component_status,K192601,component_status,UNCERTAIN,UNCERTAIN,UNCERTAIN,true,AI_ATTRIBUTION_BARRIER
K192665:input,K192665,input,MEDICAL_IMAGE,MEDICAL_IMAGE,CODED,false,NONE
K192665:output,K192665,output,MEASUREMENT_OR_QUANTIFICATION;CLASSIFICATION_OR_DIAGNOSIS,MEASUREMENT_OR_QUANTIFICATION;CLASSIFICATION_OR_DIAGNOSIS,CODED,false,NONE
K192665:user,K192665,user,NOT_STATED,NOT_STATED,NOT_STATED,true,FIELD_NOT_STATED
K192665:setting,K192665,setting,LABORATORY,LABORATORY,CODED,false,NONE
K192665:action,K192665,action,INTERPRETATION_OR_DIAGNOSIS,INTERPRETATION_OR_DIAGNOSIS,CODED,false,NONE
K192665:component_status,K192665,component_status,UNCERTAIN,UNCERTAIN,UNCERTAIN,true,FUNCTION_GROUP_UNRESOLVED
K192732:input,K192732,input,NOT_ASSESSABLE,NOT_ASSESSABLE,NOT_ASSESSABLE,true,AI_ATTRIBUTION_BARRIER
K192732:output,K192732,output,NOT_ASSESSABLE,NOT_ASSESSABLE,NOT_ASSESSABLE,true,AI_ATTRIBUTION_BARRIER
K192732:user,K192732,user,NOT_ASSESSABLE,NOT_ASSESSABLE,NOT_ASSESSABLE,true,AI_ATTRIBUTION_BARRIER
K192732:setting,K192732,setting,NOT_ASSESSABLE,NOT_ASSESSABLE,NOT_ASSESSABLE,true,AI_ATTRIBUTION_BARRIER
K192732:action,K192732,action,NOT_ASSESSABLE,NOT_ASSESSABLE,NOT_ASSESSABLE,true,AI_ATTRIBUTION_BARRIER
K192732:component_status,K192732,component_status,UNCERTAIN,UNCERTAIN,UNCERTAIN,true,AI_ATTRIBUTION_BARRIER
K192763:input,K192763,input,MEDICAL_IMAGE,MEDICAL_IMAGE,CODED,false,NONE
K192763:output,K192763,output,DETECTION_OR_ALERT;MEASUREMENT_OR_QUANTIFICATION;DOCUMENTATION_OR_SUMMARY,DETECTION_OR_ALERT;MEASUREMENT_OR_QUANTIFICATION;DOCUMENTATION_OR_SUMMARY,CODED,false,NONE
K192763:user,K192763,user,OTHER_PHYSICIAN,OTHER_PHYSICIAN,CODED,false,NONE
K192763:setting,K192763,setting,DIAGNOSTIC_INTERPRETATION,DIAGNOSTIC_INTERPRETATION,CODED,false,NONE
K192763:action,K192763,action,INTERPRETATION_OR_DIAGNOSIS;WORKFLOW_OR_DOCUMENTATION,INTERPRETATION_OR_DIAGNOSIS;WORKFLOW_OR_DOCUMENTATION,CODED,false,NONE
K192763:component_status,K192763,component_status,SINGLE,SINGLE,CODED,false,NONE
K192828:input,K192828,input,MEDICAL_IMAGE,MEDICAL_IMAGE,CODED,false,NONE
K192828:output,K192828,output,RECONSTRUCTION_OR_ENHANCEMENT,RECONSTRUCTION_OR_ENHANCEMENT,CODED,false,NONE
K192828:user,K192828,user,OTHER_PHYSICIAN,OTHER_PHYSICIAN,CODED,false,NONE
K192828:setting,K192828,setting,OTHER,OTHER,CODED,false,NONE
K192828:action,K192828,action,WORKFLOW_OR_DOCUMENTATION,WORKFLOW_OR_DOCUMENTATION,CODED,false,NONE
K192828:component_status,K192828,component_status,SINGLE,SINGLE,CODED,false,NONE
K192832:input,K192832,input,MEDICAL_IMAGE,MEDICAL_IMAGE,CODED,false,NONE
K192832:output,K192832,output,RECONSTRUCTION_OR_ENHANCEMENT,RECONSTRUCTION_OR_ENHANCEMENT,CODED,false,NONE
K192832:user,K192832,user,OTHER_PHYSICIAN,OTHER_PHYSICIAN,CODED,false,NONE
K192832:setting,K192832,setting,OTHER,OTHER,CODED,false,NONE
K192832:action,K192832,action,WORKFLOW_OR_DOCUMENTATION,WORKFLOW_OR_DOCUMENTATION,CODED,false,NONE
K192832:component_status,K192832,component_status,SINGLE,SINGLE,CODED,false,NONE
K192854:input,K192854,input,MEDICAL_IMAGE,MEDICAL_IMAGE,CODED,false,NONE
K192854:output,K192854,output,DETECTION_OR_ALERT;SEGMENTATION_OR_LOCALIZATION;MEASUREMENT_OR_QUANTIFICATION,DETECTION_OR_ALERT;SEGMENTATION_OR_LOCALIZATION;MEASUREMENT_OR_QUANTIFICATION,CODED,false,NONE
K192854:user,K192854,user,OTHER_PHYSICIAN,OTHER_PHYSICIAN,CODED,false,NONE
K192854:setting,K192854,setting,SCREENING,SCREENING,CODED,false,NONE
K192854:action,K192854,action,INTERPRETATION_OR_DIAGNOSIS,INTERPRETATION_OR_DIAGNOSIS,CODED,false,NONE
K192854:component_status,K192854,component_status,SINGLE,SINGLE,CODED,false,NONE
K192880:input,K192880,input,MEDICAL_IMAGE,MEDICAL_IMAGE,CODED,false,NONE
K192880:output,K192880,output,DETECTION_OR_ALERT;SEGMENTATION_OR_LOCALIZATION;MEASUREMENT_OR_QUANTIFICATION,DETECTION_OR_ALERT;SEGMENTATION_OR_LOCALIZATION;MEASUREMENT_OR_QUANTIFICATION,CODED,false,NONE
K192880:user,K192880,user,RADIOLOGIST,RADIOLOGIST,CODED,false,NONE
K192880:setting,K192880,setting,DIAGNOSTIC_INTERPRETATION;OTHER,DIAGNOSTIC_INTERPRETATION;OTHER,CODED,false,NONE
K192880:action,K192880,action,INTERPRETATION_OR_DIAGNOSIS,INTERPRETATION_OR_DIAGNOSIS,CODED,false,NONE
K192880:component_status,K192880,component_status,SINGLE,SINGLE,CODED,false,NONE
K192901:input,K192901,input,MEDICAL_IMAGE,MEDICAL_IMAGE,CODED,false,NONE
K192901:output,K192901,output,DETECTION_OR_ALERT;OTHER,DETECTION_OR_ALERT;OTHER,CODED,false,NONE
K192901:user,K192901,user,OTHER_CLINICIAN,OTHER_CLINICIAN,CODED,false,NONE
K192901:setting,K192901,setting,OTHER,OTHER,CODED,false,NONE
K192901:action,K192901,action,TRIAGE_OR_PRIORITIZATION;MONITORING_OR_FOLLOW_UP,TRIAGE_OR_PRIORITIZATION;MONITORING_OR_FOLLOW_UP,CODED,false,NONE
K192901:component_status,K192901,component_status,SINGLE,SINGLE,CODED,false,NONE
K192945:input,K192945,input,MEDICAL_IMAGE;DEVICE_TELEMETRY_OR_OPERATIONAL,MEDICAL_IMAGE;DEVICE_TELEMETRY_OR_OPERATIONAL,CODED,false,NONE
K192945:output,K192945,output,SEGMENTATION_OR_LOCALIZATION;RECONSTRUCTION_OR_ENHANCEMENT,SEGMENTATION_OR_LOCALIZATION;RECONSTRUCTION_OR_ENHANCEMENT,CODED,false,NONE
K192945:user,K192945,user,OTHER_PHYSICIAN,OTHER_PHYSICIAN,CODED,false,NONE
K192945:setting,K192945,setting,PROCEDURAL_OR_OPERATING_ROOM,PROCEDURAL_OR_OPERATING_ROOM,CODED,false,NONE
K192945:action,K192945,action,TREATMENT_OR_PROCEDURE_PLANNING,TREATMENT_OR_PROCEDURE_PLANNING,CODED,false,NONE
K192945:component_status,K192945,component_status,SINGLE,SINGLE,CODED,false,NONE
K192956:input,K192956,input,AUDIO_OR_VIDEO;DEVICE_TELEMETRY_OR_OPERATIONAL,AUDIO_OR_VIDEO;DEVICE_TELEMETRY_OR_OPERATIONAL,CODED,false,NONE
K192956:output,K192956,output,SEGMENTATION_OR_LOCALIZATION;RECOMMENDATION_OR_PLANNING;CONTROL_OR_AUTOMATION,SEGMENTATION_OR_LOCALIZATION;RECOMMENDATION_OR_PLANNING;CONTROL_OR_AUTOMATION,CODED,false,NONE
K192956:user,K192956,user,TECHNOLOGIST_OR_OPERATOR,TECHNOLOGIST_OR_OPERATOR,CODED,false,NONE
K192956:setting,K192956,setting,OUTPATIENT;OTHER,OUTPATIENT;OTHER,CODED,false,NONE
K192956:action,K192956,action,WORKFLOW_OR_DOCUMENTATION;THERAPY_DOSE_OR_DEVICE_CONTROL,WORKFLOW_OR_DOCUMENTATION;THERAPY_DOSE_OR_DEVICE_CONTROL,CODED,false,NONE
K192956:component_status,K192956,component_status,SINGLE,SINGLE,CODED,false,NONE
K192962:input,K192962,input,MEDICAL_IMAGE,MEDICAL_IMAGE,CODED,false,NONE
K192962:output,K192962,output,SEGMENTATION_OR_LOCALIZATION;MEASUREMENT_OR_QUANTIFICATION;DOCUMENTATION_OR_SUMMARY,SEGMENTATION_OR_LOCALIZATION;MEASUREMENT_OR_QUANTIFICATION;DOCUMENTATION_OR_SUMMARY,CODED,false,NONE
K192962:user,K192962,user,OTHER_PHYSICIAN;TECHNOLOGIST_OR_OPERATOR,OTHER_PHYSICIAN;TECHNOLOGIST_OR_OPERATOR,CODED,false,NONE
K192962:setting,K192962,setting,DIAGNOSTIC_INTERPRETATION,DIAGNOSTIC_INTERPRETATION,CODED,false,NONE
K192962:action,K192962,action,INTERPRETATION_OR_DIAGNOSIS;WORKFLOW_OR_DOCUMENTATION,INTERPRETATION_OR_DIAGNOSIS;WORKFLOW_OR_DOCUMENTATION,CODED,false,NONE
K192962:component_status,K192962,component_status,SINGLE,SINGLE,CODED,false,NONE
K192969:input,K192969,input,MEDICAL_IMAGE,MEDICAL_IMAGE,CODED,false,NONE
K192969:output,K192969,output,SEGMENTATION_OR_LOCALIZATION;MEASUREMENT_OR_QUANTIFICATION,SEGMENTATION_OR_LOCALIZATION;MEASUREMENT_OR_QUANTIFICATION,CODED,false,NONE
K192969:user,K192969,user,RADIOLOGIST,RADIOLOGIST,CODED,false,NONE
K192969:setting,K192969,setting,DIAGNOSTIC_INTERPRETATION,DIAGNOSTIC_INTERPRETATION,CODED,false,NONE
K192969:action,K192969,action,INTERPRETATION_OR_DIAGNOSIS,INTERPRETATION_OR_DIAGNOSIS,CODED,false,NONE
K192969:component_status,K192969,component_status,SINGLE,SINGLE,CODED,false,NONE
K192973:input,K192973,input,MEDICAL_IMAGE,MEDICAL_IMAGE,CODED,false,NONE
K192973:output,K192973,output,CLASSIFICATION_OR_DIAGNOSIS;DOCUMENTATION_OR_SUMMARY,CLASSIFICATION_OR_DIAGNOSIS;DOCUMENTATION_OR_SUMMARY,CODED,false,NONE
K192973:user,K192973,user,OTHER_PHYSICIAN,OTHER_PHYSICIAN,CODED,false,NONE
K192973:setting,K192973,setting,OTHER,OTHER,CODED,false,NONE
K192973:action,K192973,action,OTHER;WORKFLOW_OR_DOCUMENTATION,OTHER;WORKFLOW_OR_DOCUMENTATION,CODED,false,NONE
K192973:component_status,K192973,component_status,SINGLE,SINGLE,CODED,false,NONE
K193073:input,K193073,input,MEDICAL_IMAGE,MEDICAL_IMAGE,CODED,false,NONE
K193073:output,K193073,output,RECONSTRUCTION_OR_ENHANCEMENT,RECONSTRUCTION_OR_ENHANCEMENT,CODED,false,NONE
K193073:user,K193073,user,NOT_STATED,NOT_STATED,NOT_STATED,true,FIELD_NOT_STATED
K193073:setting,K193073,setting,OTHER,OTHER,CODED,false,NONE
K193073:action,K193073,action,WORKFLOW_OR_DOCUMENTATION,WORKFLOW_OR_DOCUMENTATION,CODED,false,NONE
K193073:component_status,K193073,component_status,SINGLE,SINGLE,CODED,false,NONE
K193087:input,K193087,input,MEDICAL_IMAGE,MEDICAL_IMAGE,CODED,false,NONE
K193087:output,K193087,output,DETECTION_OR_ALERT;OTHER,DETECTION_OR_ALERT;OTHER,CODED,false,NONE
K193087:user,K193087,user,RADIOLOGIST;OTHER_PHYSICIAN;OTHER_CLINICIAN,RADIOLOGIST;OTHER_PHYSICIAN;OTHER_CLINICIAN,CODED,false,NONE
K193087:setting,K193087,setting,ACUTE_TRIAGE_OR_EMERGENCY;OTHER,ACUTE_TRIAGE_OR_EMERGENCY;OTHER,CODED,false,NONE
K193087:action,K193087,action,TRIAGE_OR_PRIORITIZATION,TRIAGE_OR_PRIORITIZATION,CODED,false,NONE
K193087:component_status,K193087,component_status,SINGLE,SINGLE,CODED,false,NONE
K193097:input,K193097,input,MEDICAL_IMAGE,MEDICAL_IMAGE,CODED,false,NONE
K193097:output,K193097,output,RECONSTRUCTION_OR_ENHANCEMENT,RECONSTRUCTION_OR_ENHANCEMENT,CODED,false,NONE
K193097:user,K193097,user,OTHER_PHYSICIAN,OTHER_PHYSICIAN,CODED,false,NONE
K193097:setting,K193097,setting,DIAGNOSTIC_INTERPRETATION,DIAGNOSTIC_INTERPRETATION,CODED,false,NONE
K193097:action,K193097,action,INTERPRETATION_OR_DIAGNOSIS,INTERPRETATION_OR_DIAGNOSIS,CODED,false,NONE
K193097:component_status,K193097,component_status,SINGLE,SINGLE,CODED,false,NONE
K193109:input,K193109,input,MEDICAL_IMAGE,MEDICAL_IMAGE,CODED,false,NONE
K193109:output,K193109,output,RECONSTRUCTION_OR_ENHANCEMENT,RECONSTRUCTION_OR_ENHANCEMENT,CODED,false,NONE
K193109:user,K193109,user,TECHNOLOGIST_OR_OPERATOR,TECHNOLOGIST_OR_OPERATOR,CODED,false,NONE
K193109:setting,K193109,setting,OTHER,OTHER,CODED,false,NONE
K193109:action,K193109,action,TREATMENT_OR_PROCEDURE_PLANNING,TREATMENT_OR_PROCEDURE_PLANNING,CODED,false,NONE
K193109:component_status,K193109,component_status,SINGLE,SINGLE,CODED,false,NONE
K193170:input,K193170,input,MEDICAL_IMAGE,MEDICAL_IMAGE,CODED,false,NONE
K193170:output,K193170,output,RECONSTRUCTION_OR_ENHANCEMENT,RECONSTRUCTION_OR_ENHANCEMENT,CODED,false,NONE
K193170:user,K193170,user,NOT_STATED,NOT_STATED,NOT_STATED,true,FIELD_NOT_STATED
K193170:setting,K193170,setting,OTHER,OTHER,CODED,false,NONE
K193170:action,K193170,action,WORKFLOW_OR_DOCUMENTATION,WORKFLOW_OR_DOCUMENTATION,CODED,false,NONE
K193170:component_status,K193170,component_status,SINGLE,SINGLE,CODED,false,NONE
K193176:input,K193176,input,MEDICAL_IMAGE,MEDICAL_IMAGE,CODED,false,NONE
K193176:output,K193176,output,RECONSTRUCTION_OR_ENHANCEMENT,RECONSTRUCTION_OR_ENHANCEMENT,CODED,false,NONE
K193176:user,K193176,user,OTHER_PHYSICIAN,OTHER_PHYSICIAN,CODED,false,NONE
K193176:setting,K193176,setting,DIAGNOSTIC_INTERPRETATION,DIAGNOSTIC_INTERPRETATION,CODED,false,NONE
K193176:action,K193176,action,INTERPRETATION_OR_DIAGNOSIS,INTERPRETATION_OR_DIAGNOSIS,CODED,false,NONE
K193176:component_status,K193176,component_status,SINGLE,SINGLE,CODED,false,NONE
K193178:input,K193178,input,MEDICAL_IMAGE,MEDICAL_IMAGE,CODED,false,NONE
K193178:output,K193178,output,RECONSTRUCTION_OR_ENHANCEMENT;MEASUREMENT_OR_QUANTIFICATION;RECOMMENDATION_OR_PLANNING,RECONSTRUCTION_OR_ENHANCEMENT;MEASUREMENT_OR_QUANTIFICATION;RECOMMENDATION_OR_PLANNING,CODED,false,NONE
K193178:user,K193178,user,OTHER_CLINICIAN,OTHER_CLINICIAN,CODED,false,NONE
K193178:setting,K193178,setting,OTHER,OTHER,CODED,false,NONE
K193178:action,K193178,action,WORKFLOW_OR_DOCUMENTATION,WORKFLOW_OR_DOCUMENTATION,CODED,false,NONE
K193178:component_status,K193178,component_status,MULTIPLE,MULTIPLE,CODED,false,NONE
K193210:input,K193210,input,MEDICAL_IMAGE,MEDICAL_IMAGE,CODED,false,NONE
K193210:output,K193210,output,RECONSTRUCTION_OR_ENHANCEMENT,RECONSTRUCTION_OR_ENHANCEMENT,CODED,false,NONE
K193210:user,K193210,user,RADIOLOGIST;OTHER_PHYSICIAN,RADIOLOGIST;OTHER_PHYSICIAN,CODED,false,NONE
K193210:setting,K193210,setting,OTHER,OTHER,CODED,false,NONE
K193210:action,K193210,action,WORKFLOW_OR_DOCUMENTATION,WORKFLOW_OR_DOCUMENTATION,CODED,false,NONE
K193210:component_status,K193210,component_status,SINGLE,SINGLE,CODED,false,NONE
K193216:input,K193216,input,MEDICAL_IMAGE,MEDICAL_IMAGE,CODED,false,NONE
K193216:output,K193216,output,DETECTION_OR_ALERT;SEGMENTATION_OR_LOCALIZATION,DETECTION_OR_ALERT;SEGMENTATION_OR_LOCALIZATION,CODED,false,NONE
K193216:user,K193216,user,RADIOLOGIST,RADIOLOGIST,CODED,false,NONE
K193216:setting,K193216,setting,DIAGNOSTIC_INTERPRETATION,DIAGNOSTIC_INTERPRETATION,CODED,false,NONE
K193216:action,K193216,action,INTERPRETATION_OR_DIAGNOSIS,INTERPRETATION_OR_DIAGNOSIS,CODED,false,NONE
K193216:component_status,K193216,component_status,SINGLE,SINGLE,CODED,false,NONE
K193220:input,K193220,input,MEDICAL_IMAGE;CLINICAL_TABULAR_OR_TEXT,MEDICAL_IMAGE;CLINICAL_TABULAR_OR_TEXT,CODED,false,NONE
K193220:output,K193220,output,SEGMENTATION_OR_LOCALIZATION;MEASUREMENT_OR_QUANTIFICATION;RISK_SCORE_OR_PREDICTION;CLASSIFICATION_OR_DIAGNOSIS;DOCUMENTATION_OR_SUMMARY,SEGMENTATION_OR_LOCALIZATION;MEASUREMENT_OR_QUANTIFICATION;RISK_SCORE_OR_PREDICTION;CLASSIFICATION_OR_DIAGNOSIS;DOCUMENTATION_OR_SUMMARY,CODED,false,NONE
K193220:user,K193220,user,NOT_STATED,NOT_STATED,NOT_STATED,true,FIELD_NOT_STATED
K193220:setting,K193220,setting,SCREENING;DIAGNOSTIC_INTERPRETATION;MONITORING,SCREENING;DIAGNOSTIC_INTERPRETATION;MONITORING,CODED,false,NONE
K193220:action,K193220,action,INTERPRETATION_OR_DIAGNOSIS;MONITORING_OR_FOLLOW_UP;WORKFLOW_OR_DOCUMENTATION,INTERPRETATION_OR_DIAGNOSIS;MONITORING_OR_FOLLOW_UP;WORKFLOW_OR_DOCUMENTATION,CODED,false,NONE
K193220:component_status,K193220,component_status,MULTIPLE,MULTIPLE,CODED,false,NONE
K193229:input,K193229,input,MEDICAL_IMAGE,MEDICAL_IMAGE,CODED,false,NONE
K193229:output,K193229,output,DETECTION_OR_ALERT;SEGMENTATION_OR_LOCALIZATION;RISK_SCORE_OR_PREDICTION,DETECTION_OR_ALERT;SEGMENTATION_OR_LOCALIZATION;RISK_SCORE_OR_PREDICTION,CODED,false,NONE
K193229:user,K193229,user,OTHER_PHYSICIAN,OTHER_PHYSICIAN,CODED,false,NONE
K193229:setting,K193229,setting,SCREENING;OTHER,SCREENING;OTHER,CODED,false,NONE
K193229:action,K193229,action,INTERPRETATION_OR_DIAGNOSIS,INTERPRETATION_OR_DIAGNOSIS,CODED,false,NONE
K193229:component_status,K193229,component_status,SINGLE,SINGLE,CODED,false,NONE
K193248:input,K193248,input,NOT_STATED,NOT_STATED,NOT_STATED,true,FIELD_NOT_STATED
K193248:output,K193248,output,RECOMMENDATION_OR_PLANNING,RECOMMENDATION_OR_PLANNING,CODED,false,NONE
K193248:user,K193248,user,OTHER_CLINICIAN,OTHER_CLINICIAN,CODED,false,NONE
K193248:setting,K193248,setting,OTHER,OTHER,CODED,false,NONE
K193248:action,K193248,action,WORKFLOW_OR_DOCUMENTATION,WORKFLOW_OR_DOCUMENTATION,CODED,false,NONE
K193248:component_status,K193248,component_status,MULTIPLE,MULTIPLE,CODED,false,NONE
K193252:input,K193252,input,MEDICAL_IMAGE,MEDICAL_IMAGE,CODED,false,NONE
K193252:output,K193252,output,SEGMENTATION_OR_LOCALIZATION,SEGMENTATION_OR_LOCALIZATION,CODED,false,NONE
K193252:user,K193252,user,OTHER_CLINICIAN,OTHER_CLINICIAN,CODED,false,NONE
K193252:setting,K193252,setting,MONITORING;OTHER,MONITORING;OTHER,CODED,false,NONE
K193252:action,K193252,action,TREATMENT_OR_PROCEDURE_PLANNING;MONITORING_OR_FOLLOW_UP;WORKFLOW_OR_DOCUMENTATION,TREATMENT_OR_PROCEDURE_PLANNING;MONITORING_OR_FOLLOW_UP;WORKFLOW_OR_DOCUMENTATION,CODED,false,NONE
K193252:component_status,K193252,component_status,SINGLE,SINGLE,CODED,false,NONE
K193267:input,K193267,input,MEDICAL_IMAGE,MEDICAL_IMAGE,CODED,false,NONE
K193267:output,K193267,output,SEGMENTATION_OR_LOCALIZATION;MEASUREMENT_OR_QUANTIFICATION;DETECTION_OR_ALERT,SEGMENTATION_OR_LOCALIZATION;MEASUREMENT_OR_QUANTIFICATION;DETECTION_OR_ALERT,CODED,false,NONE
K193267:user,K193267,user,RADIOLOGIST;OTHER_PHYSICIAN,RADIOLOGIST;OTHER_PHYSICIAN,CODED,false,NONE
K193267:setting,K193267,setting,DIAGNOSTIC_INTERPRETATION;ACUTE_TRIAGE_OR_EMERGENCY;OTHER,DIAGNOSTIC_INTERPRETATION;ACUTE_TRIAGE_OR_EMERGENCY;OTHER,CODED,false,NONE
K193267:action,K193267,action,INTERPRETATION_OR_DIAGNOSIS,INTERPRETATION_OR_DIAGNOSIS,CODED,false,NONE
K193267:component_status,K193267,component_status,SINGLE,SINGLE,CODED,false,NONE
K193271:input,K193271,input,MEDICAL_IMAGE,MEDICAL_IMAGE,CODED,false,NONE
K193271:output,K193271,output,DETECTION_OR_ALERT;OTHER,DETECTION_OR_ALERT;OTHER,CODED,false,NONE
K193271:user,K193271,user,RADIOLOGIST,RADIOLOGIST,CODED,false,NONE
K193271:setting,K193271,setting,ACUTE_TRIAGE_OR_EMERGENCY;OTHER,ACUTE_TRIAGE_OR_EMERGENCY;OTHER,CODED,false,NONE
K193271:action,K193271,action,TRIAGE_OR_PRIORITIZATION,TRIAGE_OR_PRIORITIZATION,CODED,false,NONE
K193271:component_status,K193271,component_status,SINGLE,SINGLE,CODED,false,NONE
K193281:input,K193281,input,MEDICAL_IMAGE,MEDICAL_IMAGE,CODED,false,NONE
K193281:output,K193281,output,SEGMENTATION_OR_LOCALIZATION;MEASUREMENT_OR_QUANTIFICATION,SEGMENTATION_OR_LOCALIZATION;MEASUREMENT_OR_QUANTIFICATION,CODED,false,NONE
K193281:user,K193281,user,OTHER_CLINICIAN,OTHER_CLINICIAN,CODED,false,NONE
K193281:setting,K193281,setting,DIAGNOSTIC_INTERPRETATION;MONITORING,DIAGNOSTIC_INTERPRETATION;MONITORING,CODED,false,NONE
K193281:action,K193281,action,INTERPRETATION_OR_DIAGNOSIS;MONITORING_OR_FOLLOW_UP;WORKFLOW_OR_DOCUMENTATION,INTERPRETATION_OR_DIAGNOSIS;MONITORING_OR_FOLLOW_UP;WORKFLOW_OR_DOCUMENTATION,CODED,false,NONE
K193281:component_status,K193281,component_status,SINGLE,SINGLE,CODED,false,NONE
K193282:input,K193282,input,MEDICAL_IMAGE,MEDICAL_IMAGE,CODED,false,NONE
K193282:output,K193282,output,RECONSTRUCTION_OR_ENHANCEMENT,RECONSTRUCTION_OR_ENHANCEMENT,CODED,false,NONE
K193282:user,K193282,user,TECHNOLOGIST_OR_OPERATOR;OTHER_PHYSICIAN,TECHNOLOGIST_OR_OPERATOR;OTHER_PHYSICIAN,CODED,false,NONE
K193282:setting,K193282,setting,DIAGNOSTIC_INTERPRETATION,DIAGNOSTIC_INTERPRETATION,CODED,false,NONE
K193282:action,K193282,action,INTERPRETATION_OR_DIAGNOSIS;WORKFLOW_OR_DOCUMENTATION,INTERPRETATION_OR_DIAGNOSIS;WORKFLOW_OR_DOCUMENTATION,CODED,false,NONE
K193282:component_status,K193282,component_status,SINGLE,SINGLE,CODED,false,NONE
K193283:input,K193283,input,MEDICAL_IMAGE,MEDICAL_IMAGE,CODED,false,NONE
K193283:output,K193283,output,SEGMENTATION_OR_LOCALIZATION;MEASUREMENT_OR_QUANTIFICATION;DOCUMENTATION_OR_SUMMARY,SEGMENTATION_OR_LOCALIZATION;MEASUREMENT_OR_QUANTIFICATION;DOCUMENTATION_OR_SUMMARY,CODED,false,NONE
K193283:user,K193283,user,RADIOLOGIST;OTHER_PHYSICIAN,RADIOLOGIST;OTHER_PHYSICIAN,CODED,false,NONE
K193283:setting,K193283,setting,OTHER,OTHER,CODED,false,NONE
K193283:action,K193283,action,TREATMENT_OR_PROCEDURE_PLANNING;WORKFLOW_OR_DOCUMENTATION,TREATMENT_OR_PROCEDURE_PLANNING;WORKFLOW_OR_DOCUMENTATION,CODED,false,NONE
K193283:component_status,K193283,component_status,SINGLE,SINGLE,CODED,false,NONE
K193287:input,K193287,input,MEDICAL_IMAGE,MEDICAL_IMAGE,CODED,false,NONE
K193287:output,K193287,output,SEGMENTATION_OR_LOCALIZATION;MEASUREMENT_OR_QUANTIFICATION;DOCUMENTATION_OR_SUMMARY,SEGMENTATION_OR_LOCALIZATION;MEASUREMENT_OR_QUANTIFICATION;DOCUMENTATION_OR_SUMMARY,CODED,false,NONE
K193287:user,K193287,user,RADIOLOGIST;OTHER_PHYSICIAN;OTHER,RADIOLOGIST;OTHER_PHYSICIAN;OTHER,CODED,false,NONE
K193287:setting,K193287,setting,DIAGNOSTIC_INTERPRETATION;OTHER,DIAGNOSTIC_INTERPRETATION;OTHER,CODED,false,NONE
K193287:action,K193287,action,INTERPRETATION_OR_DIAGNOSIS;WORKFLOW_OR_DOCUMENTATION,INTERPRETATION_OR_DIAGNOSIS;WORKFLOW_OR_DOCUMENTATION,CODED,false,NONE
K193287:component_status,K193287,component_status,SINGLE,SINGLE,CODED,false,NONE
K193289:input,K193289,input,MEDICAL_IMAGE,MEDICAL_IMAGE,CODED,false,NONE
K193289:output,K193289,output,SEGMENTATION_OR_LOCALIZATION;MEASUREMENT_OR_QUANTIFICATION;DOCUMENTATION_OR_SUMMARY,SEGMENTATION_OR_LOCALIZATION;MEASUREMENT_OR_QUANTIFICATION;DOCUMENTATION_OR_SUMMARY,CODED,false,NONE
K193289:user,K193289,user,NOT_STATED,NOT_STATED,NOT_STATED,true,FIELD_NOT_STATED
K193289:setting,K193289,setting,DIAGNOSTIC_INTERPRETATION;OTHER,DIAGNOSTIC_INTERPRETATION;OTHER,CODED,false,NONE
K193289:action,K193289,action,INTERPRETATION_OR_DIAGNOSIS;WORKFLOW_OR_DOCUMENTATION,INTERPRETATION_OR_DIAGNOSIS;WORKFLOW_OR_DOCUMENTATION,CODED,false,NONE
K193289:component_status,K193289,component_status,SINGLE,SINGLE,CODED,false,NONE
K193290:input,K193290,input,MEDICAL_IMAGE,MEDICAL_IMAGE,CODED,false,NONE
K193290:output,K193290,output,SEGMENTATION_OR_LOCALIZATION;MEASUREMENT_OR_QUANTIFICATION;DOCUMENTATION_OR_SUMMARY,SEGMENTATION_OR_LOCALIZATION;MEASUREMENT_OR_QUANTIFICATION;DOCUMENTATION_OR_SUMMARY,CODED,false,NONE
K193290:user,K193290,user,RADIOLOGIST;OTHER_CLINICIAN,RADIOLOGIST;OTHER_CLINICIAN,CODED,false,NONE
K193290:setting,K193290,setting,DIAGNOSTIC_INTERPRETATION,DIAGNOSTIC_INTERPRETATION,CODED,false,NONE
K193290:action,K193290,action,INTERPRETATION_OR_DIAGNOSIS;WORKFLOW_OR_DOCUMENTATION,INTERPRETATION_OR_DIAGNOSIS;WORKFLOW_OR_DOCUMENTATION,CODED,false,NONE
K193290:component_status,K193290,component_status,SINGLE,SINGLE,CODED,false,NONE
K193294:input,K193294,input,NOT_ASSESSABLE,NOT_ASSESSABLE,NOT_ASSESSABLE,true,AI_ATTRIBUTION_BARRIER
K193294:output,K193294,output,NOT_ASSESSABLE,NOT_ASSESSABLE,NOT_ASSESSABLE,true,AI_ATTRIBUTION_BARRIER
K193294:user,K193294,user,NOT_ASSESSABLE,NOT_ASSESSABLE,NOT_ASSESSABLE,true,AI_ATTRIBUTION_BARRIER
K193294:setting,K193294,setting,NOT_ASSESSABLE,NOT_ASSESSABLE,NOT_ASSESSABLE,true,AI_ATTRIBUTION_BARRIER
K193294:action,K193294,action,NOT_ASSESSABLE,NOT_ASSESSABLE,NOT_ASSESSABLE,true,AI_ATTRIBUTION_BARRIER
K193294:component_status,K193294,component_status,UNCERTAIN,UNCERTAIN,UNCERTAIN,true,AI_ATTRIBUTION_BARRIER
K193298:input,K193298,input,MEDICAL_IMAGE,MEDICAL_IMAGE,CODED,false,NONE
K193298:output,K193298,output,DETECTION_OR_ALERT;OTHER,DETECTION_OR_ALERT;OTHER,CODED,false,NONE
K193298:user,K193298,user,RADIOLOGIST,RADIOLOGIST,CODED,false,NONE
K193298:setting,K193298,setting,ACUTE_TRIAGE_OR_EMERGENCY;OTHER,ACUTE_TRIAGE_OR_EMERGENCY;OTHER,CODED,false,NONE
K193298:action,K193298,action,TRIAGE_OR_PRIORITIZATION,TRIAGE_OR_PRIORITIZATION,CODED,false,NONE
K193298:component_status,K193298,component_status,SINGLE,SINGLE,CODED,false,NONE
K193300:input,K193300,input,MEDICAL_IMAGE,MEDICAL_IMAGE,CODED,false,NONE
K193300:output,K193300,output,DETECTION_OR_ALERT,DETECTION_OR_ALERT,CODED,false,NONE
K193300:user,K193300,user,RADIOLOGIST,RADIOLOGIST,CODED,false,NONE
K193300:setting,K193300,setting,ACUTE_TRIAGE_OR_EMERGENCY;OTHER,ACUTE_TRIAGE_OR_EMERGENCY;OTHER,CODED,false,NONE
K193300:action,K193300,action,TRIAGE_OR_PRIORITIZATION,TRIAGE_OR_PRIORITIZATION,CODED,false,NONE
K193300:component_status,K193300,component_status,SINGLE,SINGLE,CODED,false,NONE
K193306:input,K193306,input,MEDICAL_IMAGE,MEDICAL_IMAGE,CODED,false,NONE
K193306:output,K193306,output,SEGMENTATION_OR_LOCALIZATION;MEASUREMENT_OR_QUANTIFICATION;DOCUMENTATION_OR_SUMMARY,SEGMENTATION_OR_LOCALIZATION;MEASUREMENT_OR_QUANTIFICATION;DOCUMENTATION_OR_SUMMARY,CODED,false,NONE
K193306:user,K193306,user,RADIOLOGIST;OTHER_PHYSICIAN;OTHER_CLINICIAN,RADIOLOGIST;OTHER_PHYSICIAN;OTHER_CLINICIAN,CODED,false,NONE
K193306:setting,K193306,setting,DIAGNOSTIC_INTERPRETATION,DIAGNOSTIC_INTERPRETATION,CODED,false,NONE
K193306:action,K193306,action,INTERPRETATION_OR_DIAGNOSIS;TREATMENT_OR_PROCEDURE_PLANNING;WORKFLOW_OR_DOCUMENTATION,INTERPRETATION_OR_DIAGNOSIS;TREATMENT_OR_PROCEDURE_PLANNING;WORKFLOW_OR_DOCUMENTATION,CODED,false,NONE
K193306:component_status,K193306,component_status,SINGLE,SINGLE,CODED,false,NONE
K193351:input,K193351,input,MEDICAL_IMAGE,MEDICAL_IMAGE,CODED,false,NONE
K193351:output,K193351,output,DETECTION_OR_ALERT;OTHER,DETECTION_OR_ALERT;OTHER,CODED,false,NONE
K193351:user,K193351,user,RADIOLOGIST;OTHER_CLINICIAN,RADIOLOGIST;OTHER_CLINICIAN,CODED,false,NONE
K193351:setting,K193351,setting,ACUTE_TRIAGE_OR_EMERGENCY;OTHER,ACUTE_TRIAGE_OR_EMERGENCY;OTHER,CODED,false,NONE
K193351:action,K193351,action,TRIAGE_OR_PRIORITIZATION,TRIAGE_OR_PRIORITIZATION,CODED,false,NONE
K193351:component_status,K193351,component_status,MULTIPLE,MULTIPLE,CODED,false,NONE
K193417:input,K193417,input,MEDICAL_IMAGE,MEDICAL_IMAGE,CODED,false,NONE
K193417:output,K193417,output,DETECTION_OR_ALERT;SEGMENTATION_OR_LOCALIZATION,DETECTION_OR_ALERT;SEGMENTATION_OR_LOCALIZATION,CODED,false,NONE
K193417:user,K193417,user,OTHER_CLINICIAN,OTHER_CLINICIAN,CODED,false,NONE
K193417:setting,K193417,setting,DIAGNOSTIC_INTERPRETATION;OTHER,DIAGNOSTIC_INTERPRETATION;OTHER,CODED,false,NONE
K193417:action,K193417,action,INTERPRETATION_OR_DIAGNOSIS,INTERPRETATION_OR_DIAGNOSIS,CODED,false,NONE
K193417:component_status,K193417,component_status,SINGLE,SINGLE,CODED,false,NONE
K193518:input,K193518,input,NOT_ASSESSABLE,NOT_ASSESSABLE,NOT_ASSESSABLE,true,AI_ATTRIBUTION_BARRIER
K193518:output,K193518,output,NOT_ASSESSABLE,NOT_ASSESSABLE,NOT_ASSESSABLE,true,AI_ATTRIBUTION_BARRIER
K193518:user,K193518,user,NOT_ASSESSABLE,NOT_ASSESSABLE,NOT_ASSESSABLE,true,AI_ATTRIBUTION_BARRIER
K193518:setting,K193518,setting,NOT_ASSESSABLE,NOT_ASSESSABLE,NOT_ASSESSABLE,true,AI_ATTRIBUTION_BARRIER
K193518:action,K193518,action,NOT_ASSESSABLE,NOT_ASSESSABLE,NOT_ASSESSABLE,true,AI_ATTRIBUTION_BARRIER
K193518:component_status,K193518,component_status,UNCERTAIN,UNCERTAIN,UNCERTAIN,true,AI_ATTRIBUTION_BARRIER
K193562:input,K193562,input,MEDICAL_IMAGE,MEDICAL_IMAGE,CODED,false,NONE
K193562:output,K193562,output,SEGMENTATION_OR_LOCALIZATION,SEGMENTATION_OR_LOCALIZATION,CODED,false,NONE
K193562:user,K193562,user,OTHER_CLINICIAN,OTHER_CLINICIAN,CODED,false,NONE
K193562:setting,K193562,setting,OTHER,OTHER,CODED,false,NONE
K193562:action,K193562,action,TREATMENT_OR_PROCEDURE_PLANNING,TREATMENT_OR_PROCEDURE_PLANNING,CODED,false,NONE
K193562:component_status,K193562,component_status,SINGLE,SINGLE,CODED,false,NONE
K193631:input,K193631,input,AUDIO_OR_VIDEO,AUDIO_OR_VIDEO,CODED,false,NONE
K193631:output,K193631,output,MEASUREMENT_OR_QUANTIFICATION;DOCUMENTATION_OR_SUMMARY,MEASUREMENT_OR_QUANTIFICATION;DOCUMENTATION_OR_SUMMARY,CODED,false,NONE
K193631:user,K193631,user,OTHER_CLINICIAN,OTHER_CLINICIAN,CODED,false,NONE
K193631:setting,K193631,setting,SCREENING;DIAGNOSTIC_INTERPRETATION;MONITORING,SCREENING;DIAGNOSTIC_INTERPRETATION;MONITORING,CODED,false,NONE
K193631:action,K193631,action,INTERPRETATION_OR_DIAGNOSIS;MONITORING_OR_FOLLOW_UP;WORKFLOW_OR_DOCUMENTATION,INTERPRETATION_OR_DIAGNOSIS;MONITORING_OR_FOLLOW_UP;WORKFLOW_OR_DOCUMENTATION,CODED,false,NONE
K193631:component_status,K193631,component_status,MULTIPLE,MULTIPLE,CODED,false,NONE
K193658:input,K193658,input,MEDICAL_IMAGE,MEDICAL_IMAGE,CODED,false,NONE
K193658:output,K193658,output,DETECTION_OR_ALERT;OTHER,DETECTION_OR_ALERT;OTHER,CODED,false,NONE
K193658:user,K193658,user,OTHER_PHYSICIAN;OTHER_CLINICIAN,OTHER_PHYSICIAN;OTHER_CLINICIAN,CODED,false,NONE
K193658:setting,K193658,setting,ACUTE_TRIAGE_OR_EMERGENCY;OTHER,ACUTE_TRIAGE_OR_EMERGENCY;OTHER,CODED,false,NONE
K193658:action,K193658,action,TRIAGE_OR_PRIORITIZATION,TRIAGE_OR_PRIORITIZATION,CODED,false,NONE
K193658:component_status,K193658,component_status,SINGLE,SINGLE,CODED,false,NONE
K200036:input,K200036,input,PHYSIOLOGICAL_SIGNAL,PHYSIOLOGICAL_SIGNAL,CODED,false,NONE
K200036:output,K200036,output,CLASSIFICATION_OR_DIAGNOSIS;MEASUREMENT_OR_QUANTIFICATION;DOCUMENTATION_OR_SUMMARY,CLASSIFICATION_OR_DIAGNOSIS;MEASUREMENT_OR_QUANTIFICATION;DOCUMENTATION_OR_SUMMARY,CODED,false,NONE
K200036:user,K200036,user,OTHER_PHYSICIAN;OTHER_CLINICIAN,OTHER_PHYSICIAN;OTHER_CLINICIAN,CODED,false,NONE
K200036:setting,K200036,setting,DIAGNOSTIC_INTERPRETATION;OTHER,DIAGNOSTIC_INTERPRETATION;OTHER,CODED,false,NONE
K200036:action,K200036,action,INTERPRETATION_OR_DIAGNOSIS;WORKFLOW_OR_DOCUMENTATION,INTERPRETATION_OR_DIAGNOSIS;WORKFLOW_OR_DOCUMENTATION,CODED,false,NONE
K200036:component_status,K200036,component_status,SINGLE,SINGLE,CODED,false,NONE
K200232:input,K200232,input,MEDICAL_IMAGE,MEDICAL_IMAGE,CODED,false,NONE
K200232:output,K200232,output,SEGMENTATION_OR_LOCALIZATION;MEASUREMENT_OR_QUANTIFICATION,SEGMENTATION_OR_LOCALIZATION;MEASUREMENT_OR_QUANTIFICATION,CODED,false,NONE
K200232:user,K200232,user,TECHNOLOGIST_OR_OPERATOR,TECHNOLOGIST_OR_OPERATOR,CODED,false,NONE
K200232:setting,K200232,setting,DIAGNOSTIC_INTERPRETATION,DIAGNOSTIC_INTERPRETATION,CODED,false,NONE
K200232:action,K200232,action,INTERPRETATION_OR_DIAGNOSIS,INTERPRETATION_OR_DIAGNOSIS,CODED,false,NONE
K200232:component_status,K200232,component_status,MULTIPLE,MULTIPLE,CODED,false,NONE
K200323:input,K200323,input,MEDICAL_IMAGE,MEDICAL_IMAGE,CODED,false,NONE
K200323:output,K200323,output,SEGMENTATION_OR_LOCALIZATION,SEGMENTATION_OR_LOCALIZATION,CODED,false,NONE
K200323:user,K200323,user,OTHER_CLINICIAN,OTHER_CLINICIAN,CODED,false,NONE
K200323:setting,K200323,setting,OTHER,OTHER,CODED,false,NONE
K200323:action,K200323,action,TREATMENT_OR_PROCEDURE_PLANNING,TREATMENT_OR_PROCEDURE_PLANNING,CODED,false,NONE
K200323:component_status,K200323,component_status,SINGLE,SINGLE,CODED,false,NONE
K200356:input,K200356,input,MEDICAL_IMAGE,MEDICAL_IMAGE,CODED,false,NONE
K200356:output,K200356,output,SEGMENTATION_OR_LOCALIZATION;MEASUREMENT_OR_QUANTIFICATION;CLASSIFICATION_OR_DIAGNOSIS;DOCUMENTATION_OR_SUMMARY,SEGMENTATION_OR_LOCALIZATION;MEASUREMENT_OR_QUANTIFICATION;CLASSIFICATION_OR_DIAGNOSIS;DOCUMENTATION_OR_SUMMARY,CODED,false,NONE
K200356:user,K200356,user,OTHER_CLINICIAN;RADIOLOGIST,OTHER_CLINICIAN;RADIOLOGIST,CODED,false,NONE
K200356:setting,K200356,setting,DIAGNOSTIC_INTERPRETATION,DIAGNOSTIC_INTERPRETATION,CODED,false,NONE
K200356:action,K200356,action,INTERPRETATION_OR_DIAGNOSIS;WORKFLOW_OR_DOCUMENTATION,INTERPRETATION_OR_DIAGNOSIS;WORKFLOW_OR_DOCUMENTATION,CODED,false,NONE
K200356:component_status,K200356,component_status,SINGLE,SINGLE,CODED,false,NONE
K200497:input,K200497,input,MEDICAL_IMAGE,MEDICAL_IMAGE,CODED,false,NONE
K200497:output,K200497,output,MEASUREMENT_OR_QUANTIFICATION;CLASSIFICATION_OR_DIAGNOSIS;CONTROL_OR_AUTOMATION,MEASUREMENT_OR_QUANTIFICATION;CLASSIFICATION_OR_DIAGNOSIS;CONTROL_OR_AUTOMATION,CODED,false,NONE
K200497:user,K200497,user,OTHER_PHYSICIAN,OTHER_PHYSICIAN,CODED,false,NONE
K200497:setting,K200497,setting,DIAGNOSTIC_INTERPRETATION;PROCEDURAL_OR_OPERATING_ROOM;OTHER,DIAGNOSTIC_INTERPRETATION;PROCEDURAL_OR_OPERATING_ROOM;OTHER,CODED,false,NONE
K200497:action,K200497,action,INTERPRETATION_OR_DIAGNOSIS;WORKFLOW_OR_DOCUMENTATION,INTERPRETATION_OR_DIAGNOSIS;WORKFLOW_OR_DOCUMENTATION,CODED,false,NONE
K200497:component_status,K200497,component_status,MULTIPLE,MULTIPLE,CODED,false,NONE
K200569:input,K200569,input,MEDICAL_IMAGE,MEDICAL_IMAGE,CODED,false,NONE
K200569:output,K200569,output,SEGMENTATION_OR_LOCALIZATION;RECOMMENDATION_OR_PLANNING,SEGMENTATION_OR_LOCALIZATION;RECOMMENDATION_OR_PLANNING,CODED,false,NONE
K200569:user,K200569,user,OTHER_CLINICIAN,OTHER_CLINICIAN,CODED,false,NONE
K200569:setting,K200569,setting,OTHER,OTHER,CODED,false,NONE
K200569:action,K200569,action,TREATMENT_OR_PROCEDURE_PLANNING,TREATMENT_OR_PROCEDURE_PLANNING,CODED,false,NONE
K200569:component_status,K200569,component_status,MULTIPLE,MULTIPLE,CODED,false,NONE
K200595:input,K200595,input,MEDICAL_IMAGE,MEDICAL_IMAGE,CODED,false,NONE
K200595:output,K200595,output,CLASSIFICATION_OR_DIAGNOSIS;MEASUREMENT_OR_QUANTIFICATION,CLASSIFICATION_OR_DIAGNOSIS;MEASUREMENT_OR_QUANTIFICATION,CODED,false,NONE
K200595:user,K200595,user,LABORATORY_PROFESSIONAL;TECHNOLOGIST_OR_OPERATOR,LABORATORY_PROFESSIONAL;TECHNOLOGIST_OR_OPERATOR,CODED,false,NONE
K200595:setting,K200595,setting,LABORATORY,LABORATORY,CODED,false,NONE
K200595:action,K200595,action,INTERPRETATION_OR_DIAGNOSIS,INTERPRETATION_OR_DIAGNOSIS,CODED,false,NONE
K200595:component_status,K200595,component_status,MULTIPLE,MULTIPLE,CODED,false,NONE
K200621:input,K200621,input,MEDICAL_IMAGE,MEDICAL_IMAGE,CODED,false,NONE
K200621:output,K200621,output,MEASUREMENT_OR_QUANTIFICATION,MEASUREMENT_OR_QUANTIFICATION,CODED,false,NONE
K200621:user,K200621,user,OTHER_CLINICIAN,OTHER_CLINICIAN,CODED,false,NONE
K200621:setting,K200621,setting,DIAGNOSTIC_INTERPRETATION,DIAGNOSTIC_INTERPRETATION,CODED,false,NONE
K200621:action,K200621,action,INTERPRETATION_OR_DIAGNOSIS,INTERPRETATION_OR_DIAGNOSIS,CODED,false,NONE
K200621:component_status,K200621,component_status,SINGLE,SINGLE,CODED,false,NONE
K200667:input,K200667,input,MEDICAL_IMAGE,MEDICAL_IMAGE,CODED,false,NONE
K200667:output,K200667,output,CLASSIFICATION_OR_DIAGNOSIS,CLASSIFICATION_OR_DIAGNOSIS,CODED,false,NONE
K200667:user,K200667,user,OTHER_CLINICIAN;TECHNOLOGIST_OR_OPERATOR,OTHER_CLINICIAN;TECHNOLOGIST_OR_OPERATOR,CODED,false,NONE
K200667:setting,K200667,setting,DIAGNOSTIC_INTERPRETATION;OTHER,DIAGNOSTIC_INTERPRETATION;OTHER,CODED,false,NONE
K200667:action,K200667,action,INTERPRETATION_OR_DIAGNOSIS,INTERPRETATION_OR_DIAGNOSIS,CODED,false,NONE
K200667:component_status,K200667,component_status,SINGLE,SINGLE,CODED,false,NONE
K200708:input,K200708,input,MEDICAL_IMAGE,MEDICAL_IMAGE,CODED,false,NONE
K200708:output,K200708,output,MEASUREMENT_OR_QUANTIFICATION;CLASSIFICATION_OR_DIAGNOSIS;CONTROL_OR_AUTOMATION,MEASUREMENT_OR_QUANTIFICATION;CLASSIFICATION_OR_DIAGNOSIS;CONTROL_OR_AUTOMATION,CODED,false,NONE
K200708:user,K200708,user,OTHER_CLINICIAN,OTHER_CLINICIAN,CODED,false,NONE
K200708:setting,K200708,setting,DIAGNOSTIC_INTERPRETATION;PROCEDURAL_OR_OPERATING_ROOM;OTHER,DIAGNOSTIC_INTERPRETATION;PROCEDURAL_OR_OPERATING_ROOM;OTHER,CODED,false,NONE
K200708:action,K200708,action,INTERPRETATION_OR_DIAGNOSIS;WORKFLOW_OR_DOCUMENTATION,INTERPRETATION_OR_DIAGNOSIS;WORKFLOW_OR_DOCUMENTATION,CODED,false,NONE
K200708:component_status,K200708,component_status,MULTIPLE,MULTIPLE,CODED,false,NONE
K200714:input,K200714,input,MEDICAL_IMAGE;CLINICAL_TABULAR_OR_TEXT,MEDICAL_IMAGE;CLINICAL_TABULAR_OR_TEXT,CODED,false,NONE
K200714:output,K200714,output,SEGMENTATION_OR_LOCALIZATION;MEASUREMENT_OR_QUANTIFICATION;CLASSIFICATION_OR_DIAGNOSIS;RISK_SCORE_OR_PREDICTION;DOCUMENTATION_OR_SUMMARY,SEGMENTATION_OR_LOCALIZATION;MEASUREMENT_OR_QUANTIFICATION;CLASSIFICATION_OR_DIAGNOSIS;RISK_SCORE_OR_PREDICTION;DOCUMENTATION_OR_SUMMARY,CODED,false,NONE
K200714:user,K200714,user,OTHER_PHYSICIAN,OTHER_PHYSICIAN,CODED,false,NONE
K200714:setting,K200714,setting,DIAGNOSTIC_INTERPRETATION;SCREENING;MONITORING,DIAGNOSTIC_INTERPRETATION;SCREENING;MONITORING,CODED,false,NONE
K200714:action,K200714,action,INTERPRETATION_OR_DIAGNOSIS;MONITORING_OR_FOLLOW_UP;WORKFLOW_OR_DOCUMENTATION,INTERPRETATION_OR_DIAGNOSIS;MONITORING_OR_FOLLOW_UP;WORKFLOW_OR_DOCUMENTATION,CODED,false,NONE
K200714:component_status,K200714,component_status,MULTIPLE,MULTIPLE,CODED,false,NONE
K200717:input,K200717,input,CLINICAL_TABULAR_OR_TEXT,CLINICAL_TABULAR_OR_TEXT,CODED,false,NONE
K200717:output,K200717,output,RISK_SCORE_OR_PREDICTION;DETECTION_OR_ALERT,RISK_SCORE_OR_PREDICTION;DETECTION_OR_ALERT,CODED,false,NONE
K200717:user,K200717,user,OTHER_CLINICIAN,OTHER_CLINICIAN,CODED,false,NONE
K200717:setting,K200717,setting,INPATIENT;MONITORING,INPATIENT;MONITORING,CODED,false,NONE
K200717:action,K200717,action,MONITORING_OR_FOLLOW_UP,MONITORING_OR_FOLLOW_UP,CODED,false,NONE
K200717:component_status,K200717,component_status,SINGLE,SINGLE,CODED,false,NONE
K200743:input,K200743,input,MEDICAL_IMAGE,MEDICAL_IMAGE,CODED,false,NONE
K200743:output,K200743,output,MEASUREMENT_OR_QUANTIFICATION;CLASSIFICATION_OR_DIAGNOSIS;CONTROL_OR_AUTOMATION,MEASUREMENT_OR_QUANTIFICATION;CLASSIFICATION_OR_DIAGNOSIS;CONTROL_OR_AUTOMATION,CODED,false,NONE
K200743:user,K200743,user,OTHER_PHYSICIAN,OTHER_PHYSICIAN,CODED,false,NONE
K200743:setting,K200743,setting,DIAGNOSTIC_INTERPRETATION;PROCEDURAL_OR_OPERATING_ROOM;OTHER,DIAGNOSTIC_INTERPRETATION;PROCEDURAL_OR_OPERATING_ROOM;OTHER,CODED,false,NONE
K200743:action,K200743,action,INTERPRETATION_OR_DIAGNOSIS;WORKFLOW_OR_DOCUMENTATION,INTERPRETATION_OR_DIAGNOSIS;WORKFLOW_OR_DOCUMENTATION,CODED,false,NONE
K200743:component_status,K200743,component_status,MULTIPLE,MULTIPLE,CODED,false,NONE
K200750:input,K200750,input,MEDICAL_IMAGE,MEDICAL_IMAGE,CODED,false,NONE
K200750:output,K200750,output,MEASUREMENT_OR_QUANTIFICATION;CLASSIFICATION_OR_DIAGNOSIS;RECONSTRUCTION_OR_ENHANCEMENT,MEASUREMENT_OR_QUANTIFICATION;CLASSIFICATION_OR_DIAGNOSIS;RECONSTRUCTION_OR_ENHANCEMENT,CODED,false,NONE
K200750:user,K200750,user,OTHER_PHYSICIAN;OTHER_CLINICIAN,OTHER_PHYSICIAN;OTHER_CLINICIAN,CODED,false,NONE
K200750:setting,K200750,setting,DIAGNOSTIC_INTERPRETATION,DIAGNOSTIC_INTERPRETATION,CODED,false,NONE
K200750:action,K200750,action,INTERPRETATION_OR_DIAGNOSIS,INTERPRETATION_OR_DIAGNOSIS,CODED,false,NONE
K200750:component_status,K200750,component_status,SINGLE,SINGLE,CODED,false,NONE
K200755:input,K200755,input,MEDICAL_IMAGE,MEDICAL_IMAGE,CODED,false,NONE
K200755:output,K200755,output,RECOMMENDATION_OR_PLANNING;CONTROL_OR_AUTOMATION;OTHER,RECOMMENDATION_OR_PLANNING;CONTROL_OR_AUTOMATION;OTHER,CODED,false,NONE
K200755:user,K200755,user,OTHER_CLINICIAN,OTHER_CLINICIAN,CODED,false,NONE
K200755:setting,K200755,setting,OTHER,OTHER,CODED,false,NONE
K200755:action,K200755,action,WORKFLOW_OR_DOCUMENTATION,WORKFLOW_OR_DOCUMENTATION,CODED,false,NONE
K200755:component_status,K200755,component_status,SINGLE,SINGLE,CODED,false,NONE
K200760:input,K200760,input,MEDICAL_IMAGE,MEDICAL_IMAGE,CODED,false,NONE
K200760:output,K200760,output,SEGMENTATION_OR_LOCALIZATION;MEASUREMENT_OR_QUANTIFICATION;DOCUMENTATION_OR_SUMMARY,SEGMENTATION_OR_LOCALIZATION;MEASUREMENT_OR_QUANTIFICATION;DOCUMENTATION_OR_SUMMARY,CODED,false,NONE
K200760:user,K200760,user,RADIOLOGIST;OTHER_PHYSICIAN;OTHER_CLINICIAN,RADIOLOGIST;OTHER_PHYSICIAN;OTHER_CLINICIAN,CODED,false,NONE
K200760:setting,K200760,setting,DIAGNOSTIC_INTERPRETATION;ACUTE_TRIAGE_OR_EMERGENCY,DIAGNOSTIC_INTERPRETATION;ACUTE_TRIAGE_OR_EMERGENCY,CODED,false,NONE
K200760:action,K200760,action,INTERPRETATION_OR_DIAGNOSIS;WORKFLOW_OR_DOCUMENTATION,INTERPRETATION_OR_DIAGNOSIS;WORKFLOW_OR_DOCUMENTATION,CODED,false,NONE
K200760:component_status,K200760,component_status,SINGLE,SINGLE,CODED,false,NONE
K200828:input,K200828,input,MEDICAL_IMAGE,MEDICAL_IMAGE,CODED,false,NONE
K200828:output,K200828,output,MEASUREMENT_OR_QUANTIFICATION,MEASUREMENT_OR_QUANTIFICATION,CODED,false,NONE
K200828:user,K200828,user,PATIENT_OR_CAREGIVER;OTHER_CLINICIAN,PATIENT_OR_CAREGIVER;OTHER_CLINICIAN,CODED,false,NONE
K200828:setting,K200828,setting,HOME_OR_CONSUMER;MONITORING,HOME_OR_CONSUMER;MONITORING,CODED,false,NONE
K200828:action,K200828,action,MONITORING_OR_FOLLOW_UP;INTERPRETATION_OR_DIAGNOSIS,MONITORING_OR_FOLLOW_UP;INTERPRETATION_OR_DIAGNOSIS,CODED,false,NONE
K200828:component_status,K200828,component_status,SINGLE,SINGLE,CODED,false,NONE
K200833:input,K200833,input,PHYSIOLOGICAL_SIGNAL,PHYSIOLOGICAL_SIGNAL,CODED,false,NONE
K200833:output,K200833,output,DETECTION_OR_ALERT;OTHER,DETECTION_OR_ALERT;OTHER,CODED,false,NONE
K200833:user,K200833,user,PATIENT_OR_CAREGIVER;OTHER_CLINICIAN,PATIENT_OR_CAREGIVER;OTHER_CLINICIAN,CODED,false,NONE
K200833:setting,K200833,setting,MONITORING,MONITORING,CODED,false,NONE
K200833:action,K200833,action,MONITORING_OR_FOLLOW_UP;INTERPRETATION_OR_DIAGNOSIS,MONITORING_OR_FOLLOW_UP;INTERPRETATION_OR_DIAGNOSIS,CODED,false,NONE
K200833:component_status,K200833,component_status,SINGLE,SINGLE,CODED,false,NONE
K200851:input,K200851,input,MEDICAL_IMAGE,MEDICAL_IMAGE,CODED,false,NONE
K200851:output,K200851,output,MEASUREMENT_OR_QUANTIFICATION;CLASSIFICATION_OR_DIAGNOSIS;CONTROL_OR_AUTOMATION,MEASUREMENT_OR_QUANTIFICATION;CLASSIFICATION_OR_DIAGNOSIS;CONTROL_OR_AUTOMATION,CODED,false,NONE
K200851:user,K200851,user,OTHER_CLINICIAN,OTHER_CLINICIAN,CODED,false,NONE
K200851:setting,K200851,setting,DIAGNOSTIC_INTERPRETATION;PROCEDURAL_OR_OPERATING_ROOM;OTHER,DIAGNOSTIC_INTERPRETATION;PROCEDURAL_OR_OPERATING_ROOM;OTHER,CODED,false,NONE
K200851:action,K200851,action,INTERPRETATION_OR_DIAGNOSIS;WORKFLOW_OR_DOCUMENTATION,INTERPRETATION_OR_DIAGNOSIS;WORKFLOW_OR_DOCUMENTATION,CODED,false,NONE
K200851:component_status,K200851,component_status,MULTIPLE,MULTIPLE,CODED,false,NONE
K200852:input,K200852,input,MEDICAL_IMAGE,MEDICAL_IMAGE,CODED,false,NONE
K200852:output,K200852,output,MEASUREMENT_OR_QUANTIFICATION;CLASSIFICATION_OR_DIAGNOSIS;CONTROL_OR_AUTOMATION,MEASUREMENT_OR_QUANTIFICATION;CLASSIFICATION_OR_DIAGNOSIS;CONTROL_OR_AUTOMATION,CODED,false,NONE
K200852:user,K200852,user,OTHER_PHYSICIAN,OTHER_PHYSICIAN,CODED,false,NONE
K200852:setting,K200852,setting,DIAGNOSTIC_INTERPRETATION,DIAGNOSTIC_INTERPRETATION,CODED,false,NONE
K200852:action,K200852,action,INTERPRETATION_OR_DIAGNOSIS;WORKFLOW_OR_DOCUMENTATION,INTERPRETATION_OR_DIAGNOSIS;WORKFLOW_OR_DOCUMENTATION,CODED,false,NONE
K200852:component_status,K200852,component_status,MULTIPLE,MULTIPLE,CODED,false,NONE
K200855:input,K200855,input,MEDICAL_IMAGE,MEDICAL_IMAGE,CODED,false,NONE
K200855:output,K200855,output,DETECTION_OR_ALERT;OTHER,DETECTION_OR_ALERT;OTHER,CODED,false,NONE
K200855:user,K200855,user,RADIOLOGIST;OTHER_CLINICIAN,RADIOLOGIST;OTHER_CLINICIAN,CODED,false,NONE
K200855:setting,K200855,setting,ACUTE_TRIAGE_OR_EMERGENCY;OTHER,ACUTE_TRIAGE_OR_EMERGENCY;OTHER,CODED,false,NONE
K200855:action,K200855,action,TRIAGE_OR_PRIORITIZATION,TRIAGE_OR_PRIORITIZATION,CODED,false,NONE
K200855:component_status,K200855,component_status,MULTIPLE,MULTIPLE,CODED,false,NONE
K200873:input,K200873,input,MEDICAL_IMAGE,MEDICAL_IMAGE,CODED,false,NONE
K200873:output,K200873,output,DETECTION_OR_ALERT;OTHER,DETECTION_OR_ALERT;OTHER,CODED,false,NONE
K200873:user,K200873,user,RADIOLOGIST;OTHER_PHYSICIAN,RADIOLOGIST;OTHER_PHYSICIAN,CODED,false,NONE
K200873:setting,K200873,setting,ACUTE_TRIAGE_OR_EMERGENCY;OTHER,ACUTE_TRIAGE_OR_EMERGENCY;OTHER,CODED,false,NONE
K200873:action,K200873,action,TRIAGE_OR_PRIORITIZATION,TRIAGE_OR_PRIORITIZATION,CODED,false,NONE
K200873:component_status,K200873,component_status,SINGLE,SINGLE,CODED,false,NONE
K200905:input,K200905,input,MEDICAL_IMAGE,MEDICAL_IMAGE,CODED,false,NONE
K200905:output,K200905,output,DETECTION_OR_ALERT;OTHER,DETECTION_OR_ALERT;OTHER,CODED,false,NONE
K200905:user,K200905,user,OTHER_PHYSICIAN,OTHER_PHYSICIAN,CODED,false,NONE
K200905:setting,K200905,setting,SCREENING,SCREENING,CODED,false,NONE
K200905:action,K200905,action,TRIAGE_OR_PRIORITIZATION,TRIAGE_OR_PRIORITIZATION,CODED,false,NONE
K200905:component_status,K200905,component_status,SINGLE,SINGLE,CODED,false,NONE
K200921:input,K200921,input,MEDICAL_IMAGE,MEDICAL_IMAGE,CODED,false,NONE
K200921:output,K200921,output,DETECTION_OR_ALERT;OTHER,DETECTION_OR_ALERT;OTHER,CODED,false,NONE
K200921:user,K200921,user,OTHER_PHYSICIAN;OTHER_CLINICIAN,OTHER_PHYSICIAN;OTHER_CLINICIAN,CODED,false,NONE
K200921:setting,K200921,setting,ACUTE_TRIAGE_OR_EMERGENCY;OTHER,ACUTE_TRIAGE_OR_EMERGENCY;OTHER,CODED,false,NONE
K200921:action,K200921,action,TRIAGE_OR_PRIORITIZATION,TRIAGE_OR_PRIORITIZATION,CODED,false,NONE
K200921:component_status,K200921,component_status,MULTIPLE,MULTIPLE,CODED,false,NONE
K200941:input,K200941,input,MEDICAL_IMAGE,MEDICAL_IMAGE,CODED,false,NONE
K200941:output,K200941,output,DETECTION_OR_ALERT;OTHER,DETECTION_OR_ALERT;OTHER,CODED,false,NONE
K200941:user,K200941,user,RADIOLOGIST;OTHER_CLINICIAN,RADIOLOGIST;OTHER_CLINICIAN,CODED,false,NONE
K200941:setting,K200941,setting,ACUTE_TRIAGE_OR_EMERGENCY;OTHER,ACUTE_TRIAGE_OR_EMERGENCY;OTHER,CODED,false,NONE
K200941:action,K200941,action,TRIAGE_OR_PRIORITIZATION,TRIAGE_OR_PRIORITIZATION,CODED,false,NONE
K200941:component_status,K200941,component_status,SINGLE,SINGLE,CODED,false,NONE
K200974:input,K200974,input,MEDICAL_IMAGE,MEDICAL_IMAGE,CODED,false,NONE
K200974:output,K200974,output,SEGMENTATION_OR_LOCALIZATION;MEASUREMENT_OR_QUANTIFICATION,SEGMENTATION_OR_LOCALIZATION;MEASUREMENT_OR_QUANTIFICATION,CODED,false,NONE
K200974:user,K200974,user,NOT_STATED,NOT_STATED,NOT_STATED,true,FIELD_NOT_STATED
K200974:setting,K200974,setting,DIAGNOSTIC_INTERPRETATION,DIAGNOSTIC_INTERPRETATION,CODED,false,NONE
K200974:action,K200974,action,INTERPRETATION_OR_DIAGNOSIS,INTERPRETATION_OR_DIAGNOSIS,CODED,false,NONE
K200974:component_status,K200974,component_status,SINGLE,SINGLE,CODED,false,NONE
K200980:input,K200980,input,MEDICAL_IMAGE,MEDICAL_IMAGE,CODED,false,NONE
K200980:output,K200980,output,SEGMENTATION_OR_LOCALIZATION;MEASUREMENT_OR_QUANTIFICATION,SEGMENTATION_OR_LOCALIZATION;MEASUREMENT_OR_QUANTIFICATION,CODED,false,NONE
K200980:user,K200980,user,OTHER_PHYSICIAN;OTHER_CLINICIAN,OTHER_PHYSICIAN;OTHER_CLINICIAN,CODED,false,NONE
K200980:setting,K200980,setting,DIAGNOSTIC_INTERPRETATION,DIAGNOSTIC_INTERPRETATION,CODED,false,NONE
K200980:action,K200980,action,INTERPRETATION_OR_DIAGNOSIS,INTERPRETATION_OR_DIAGNOSIS,CODED,false,NONE
K200980:component_status,K200980,component_status,SINGLE,SINGLE,CODED,false,NONE
K200990:input,K200990,input,MEDICAL_IMAGE,MEDICAL_IMAGE,CODED,false,NONE
K200990:output,K200990,output,SEGMENTATION_OR_LOCALIZATION;MEASUREMENT_OR_QUANTIFICATION;DOCUMENTATION_OR_SUMMARY,SEGMENTATION_OR_LOCALIZATION;MEASUREMENT_OR_QUANTIFICATION;DOCUMENTATION_OR_SUMMARY,CODED,false,NONE
K200990:user,K200990,user,OTHER_PHYSICIAN,OTHER_PHYSICIAN,CODED,false,NONE
K200990:setting,K200990,setting,DIAGNOSTIC_INTERPRETATION;MONITORING,DIAGNOSTIC_INTERPRETATION;MONITORING,CODED,false,NONE
K200990:action,K200990,action,INTERPRETATION_OR_DIAGNOSIS;MONITORING_OR_FOLLOW_UP;TREATMENT_OR_PROCEDURE_PLANNING;WORKFLOW_OR_DOCUMENTATION,INTERPRETATION_OR_DIAGNOSIS;MONITORING_OR_FOLLOW_UP;TREATMENT_OR_PROCEDURE_PLANNING;WORKFLOW_OR_DOCUMENTATION,CODED,false,NONE
K200990:component_status,K200990,component_status,SINGLE,SINGLE,CODED,false,NONE
K201012:input,K201012,input,MEDICAL_IMAGE,MEDICAL_IMAGE,CODED,false,NONE
K201012:output,K201012,output,SEGMENTATION_OR_LOCALIZATION;MEASUREMENT_OR_QUANTIFICATION,SEGMENTATION_OR_LOCALIZATION;MEASUREMENT_OR_QUANTIFICATION,CODED,false,NONE
K201012:user,K201012,user,NOT_STATED,NOT_STATED,NOT_STATED,true,FIELD_NOT_STATED
K201012:setting,K201012,setting,DIAGNOSTIC_INTERPRETATION;OTHER,DIAGNOSTIC_INTERPRETATION;OTHER,CODED,false,NONE
K201012:action,K201012,action,INTERPRETATION_OR_DIAGNOSIS,INTERPRETATION_OR_DIAGNOSIS,CODED,false,NONE
K201012:component_status,K201012,component_status,SINGLE,SINGLE,CODED,false,NONE
K201019:input,K201019,input,MEDICAL_IMAGE,MEDICAL_IMAGE,CODED,false,NONE
K201019:output,K201019,output,DETECTION_OR_ALERT;SEGMENTATION_OR_LOCALIZATION;MEASUREMENT_OR_QUANTIFICATION;DOCUMENTATION_OR_SUMMARY,DETECTION_OR_ALERT;SEGMENTATION_OR_LOCALIZATION;MEASUREMENT_OR_QUANTIFICATION;DOCUMENTATION_OR_SUMMARY,CODED,false,NONE
K201019:user,K201019,user,RADIOLOGIST;OTHER_PHYSICIAN,RADIOLOGIST;OTHER_PHYSICIAN,CODED,false,NONE
K201019:setting,K201019,setting,DIAGNOSTIC_INTERPRETATION;SCREENING,DIAGNOSTIC_INTERPRETATION;SCREENING,CODED,false,NONE
K201019:action,K201019,action,INTERPRETATION_OR_DIAGNOSIS;WORKFLOW_OR_DOCUMENTATION,INTERPRETATION_OR_DIAGNOSIS;WORKFLOW_OR_DOCUMENTATION,CODED,false,NONE
K201019:component_status,K201019,component_status,SINGLE,SINGLE,CODED,false,NONE
K201020:input,K201020,input,MEDICAL_IMAGE,MEDICAL_IMAGE,CODED,false,NONE
K201020:output,K201020,output,DETECTION_OR_ALERT;OTHER,DETECTION_OR_ALERT;OTHER,CODED,false,NONE
K201020:user,K201020,user,RADIOLOGIST;OTHER_CLINICIAN,RADIOLOGIST;OTHER_CLINICIAN,CODED,false,NONE
K201020:setting,K201020,setting,ACUTE_TRIAGE_OR_EMERGENCY;OTHER,ACUTE_TRIAGE_OR_EMERGENCY;OTHER,CODED,false,NONE
K201020:action,K201020,action,TRIAGE_OR_PRIORITIZATION,TRIAGE_OR_PRIORITIZATION,CODED,false,NONE
K201020:component_status,K201020,component_status,SINGLE,SINGLE,CODED,false,NONE
K201034:input,K201034,input,MEDICAL_IMAGE,MEDICAL_IMAGE,CODED,false,NONE
K201034:output,K201034,output,DETECTION_OR_ALERT;SEGMENTATION_OR_LOCALIZATION;MEASUREMENT_OR_QUANTIFICATION;DOCUMENTATION_OR_SUMMARY,DETECTION_OR_ALERT;SEGMENTATION_OR_LOCALIZATION;MEASUREMENT_OR_QUANTIFICATION;DOCUMENTATION_OR_SUMMARY,CODED,false,NONE
K201034:user,K201034,user,OTHER_PHYSICIAN,OTHER_PHYSICIAN,CODED,false,NONE
K201034:setting,K201034,setting,DIAGNOSTIC_INTERPRETATION,DIAGNOSTIC_INTERPRETATION,CODED,false,NONE
K201034:action,K201034,action,INTERPRETATION_OR_DIAGNOSIS;WORKFLOW_OR_DOCUMENTATION,INTERPRETATION_OR_DIAGNOSIS;WORKFLOW_OR_DOCUMENTATION,CODED,false,NONE
K201034:component_status,K201034,component_status,SINGLE,SINGLE,CODED,false,NONE
K201039:input,K201039,input,MEDICAL_IMAGE,MEDICAL_IMAGE,CODED,false,NONE
K201039:output,K201039,output,MEASUREMENT_OR_QUANTIFICATION;CLASSIFICATION_OR_DIAGNOSIS;DOCUMENTATION_OR_SUMMARY,MEASUREMENT_OR_QUANTIFICATION;CLASSIFICATION_OR_DIAGNOSIS;DOCUMENTATION_OR_SUMMARY,CODED,false,NONE
K201039:user,K201039,user,RADIOLOGIST;OTHER_PHYSICIAN,RADIOLOGIST;OTHER_PHYSICIAN,CODED,false,NONE
K201039:setting,K201039,setting,DIAGNOSTIC_INTERPRETATION;MONITORING;SCREENING,DIAGNOSTIC_INTERPRETATION;MONITORING;SCREENING,CODED,false,NONE
K201039:action,K201039,action,INTERPRETATION_OR_DIAGNOSIS;MONITORING_OR_FOLLOW_UP,INTERPRETATION_OR_DIAGNOSIS;MONITORING_OR_FOLLOW_UP,CODED,false,NONE
K201039:component_status,K201039,component_status,SINGLE,SINGLE,CODED,false,NONE
K201103:input,K201103,input,MEDICAL_IMAGE,MEDICAL_IMAGE,CODED,false,NONE
K201103:output,K201103,output,SEGMENTATION_OR_LOCALIZATION,SEGMENTATION_OR_LOCALIZATION,CODED,false,NONE
K201103:user,K201103,user,RADIOLOGIST;OTHER_PHYSICIAN;OTHER_CLINICIAN,RADIOLOGIST;OTHER_PHYSICIAN;OTHER_CLINICIAN,CODED,false,NONE
K201103:setting,K201103,setting,DIAGNOSTIC_INTERPRETATION,DIAGNOSTIC_INTERPRETATION,CODED,false,NONE
K201103:action,K201103,action,INTERPRETATION_OR_DIAGNOSIS;TREATMENT_OR_PROCEDURE_PLANNING,INTERPRETATION_OR_DIAGNOSIS;TREATMENT_OR_PROCEDURE_PLANNING,CODED,false,NONE
K201103:component_status,K201103,component_status,MULTIPLE,MULTIPLE,CODED,false,NONE
K201195:input,K201195,input,MEDICAL_IMAGE,MEDICAL_IMAGE,CODED,false,NONE
K201195:output,K201195,output,SEGMENTATION_OR_LOCALIZATION;MEASUREMENT_OR_QUANTIFICATION,SEGMENTATION_OR_LOCALIZATION;MEASUREMENT_OR_QUANTIFICATION,CODED,false,NONE
K201195:user,K201195,user,OTHER_CLINICIAN;OTHER_PHYSICIAN,OTHER_CLINICIAN;OTHER_PHYSICIAN,CODED,false,NONE
K201195:setting,K201195,setting,DIAGNOSTIC_INTERPRETATION,DIAGNOSTIC_INTERPRETATION,CODED,false,NONE
K201195:action,K201195,action,INTERPRETATION_OR_DIAGNOSIS,INTERPRETATION_OR_DIAGNOSIS,CODED,false,NONE
K201195:component_status,K201195,component_status,MULTIPLE,MULTIPLE,CODED,false,NONE
K201232:input,K201232,input,MEDICAL_IMAGE,MEDICAL_IMAGE,CODED,false,NONE
K201232:output,K201232,output,SEGMENTATION_OR_LOCALIZATION,SEGMENTATION_OR_LOCALIZATION,CODED,false,NONE
K201232:user,K201232,user,OTHER_PHYSICIAN;OTHER_CLINICIAN,OTHER_PHYSICIAN;OTHER_CLINICIAN,CODED,false,NONE
K201232:setting,K201232,setting,OTHER,OTHER,CODED,false,NONE
K201232:action,K201232,action,TREATMENT_OR_PROCEDURE_PLANNING;MONITORING_OR_FOLLOW_UP,TREATMENT_OR_PROCEDURE_PLANNING;MONITORING_OR_FOLLOW_UP,CODED,false,NONE
K201232:component_status,K201232,component_status,SINGLE,SINGLE,CODED,false,NONE
K201298:input,K201298,input,PHYSIOLOGICAL_SIGNAL,PHYSIOLOGICAL_SIGNAL,CODED,false,NONE
K201298:output,K201298,output,CLASSIFICATION_OR_DIAGNOSIS;MEASUREMENT_OR_QUANTIFICATION;OTHER,CLASSIFICATION_OR_DIAGNOSIS;MEASUREMENT_OR_QUANTIFICATION;OTHER,CODED,false,NONE
K201298:user,K201298,user,TECHNOLOGIST_OR_OPERATOR,TECHNOLOGIST_OR_OPERATOR,CODED,false,NONE
K201298:setting,K201298,setting,PROCEDURAL_OR_OPERATING_ROOM,PROCEDURAL_OR_OPERATING_ROOM,CODED,false,NONE
K201298:action,K201298,action,WORKFLOW_OR_DOCUMENTATION;INTERPRETATION_OR_DIAGNOSIS,WORKFLOW_OR_DOCUMENTATION;INTERPRETATION_OR_DIAGNOSIS,CODED,false,NONE
K201298:component_status,K201298,component_status,SINGLE,SINGLE,CODED,false,NONE
K201301:input,K201301,input,MEDICAL_IMAGE,MEDICAL_IMAGE,CODED,false,NONE
K201301:output,K201301,output,DETECTION_OR_ALERT;CLASSIFICATION_OR_DIAGNOSIS;MEASUREMENT_OR_QUANTIFICATION,DETECTION_OR_ALERT;CLASSIFICATION_OR_DIAGNOSIS;MEASUREMENT_OR_QUANTIFICATION,CODED,false,NONE
K201301:user,K201301,user,LABORATORY_PROFESSIONAL;TECHNOLOGIST_OR_OPERATOR,LABORATORY_PROFESSIONAL;TECHNOLOGIST_OR_OPERATOR,CODED,false,NONE
K201301:setting,K201301,setting,LABORATORY,LABORATORY,CODED,false,NONE
K201301:action,K201301,action,INTERPRETATION_OR_DIAGNOSIS,INTERPRETATION_OR_DIAGNOSIS,CODED,false,NONE
K201301:component_status,K201301,component_status,MULTIPLE,MULTIPLE,CODED,false,NONE
K201310:input,K201310,input,MEDICAL_IMAGE,MEDICAL_IMAGE,CODED,false,NONE
K201310:output,K201310,output,DETECTION_OR_ALERT,DETECTION_OR_ALERT,CODED,false,NONE
K201310:user,K201310,user,OTHER_CLINICIAN;OTHER_PHYSICIAN,OTHER_CLINICIAN;OTHER_PHYSICIAN,CODED,false,NONE
K201310:setting,K201310,setting,ACUTE_TRIAGE_OR_EMERGENCY;OTHER,ACUTE_TRIAGE_OR_EMERGENCY;OTHER,CODED,false,NONE
K201310:action,K201310,action,TRIAGE_OR_PRIORITIZATION,TRIAGE_OR_PRIORITIZATION,CODED,false,NONE
K201310:component_status,K201310,component_status,SINGLE,SINGLE,CODED,false,NONE
K201369:input,K201369,input,MEDICAL_IMAGE,MEDICAL_IMAGE,CODED,false,NONE
K201369:output,K201369,output,SEGMENTATION_OR_LOCALIZATION;MEASUREMENT_OR_QUANTIFICATION;CLASSIFICATION_OR_DIAGNOSIS;DOCUMENTATION_OR_SUMMARY,SEGMENTATION_OR_LOCALIZATION;MEASUREMENT_OR_QUANTIFICATION;CLASSIFICATION_OR_DIAGNOSIS;DOCUMENTATION_OR_SUMMARY,CODED,false,NONE
K201369:user,K201369,user,RADIOLOGIST;OTHER_PHYSICIAN;OTHER_CLINICIAN;TECHNOLOGIST_OR_OPERATOR,RADIOLOGIST;OTHER_PHYSICIAN;OTHER_CLINICIAN;TECHNOLOGIST_OR_OPERATOR,CODED,false,NONE
K201369:setting,K201369,setting,DIAGNOSTIC_INTERPRETATION,DIAGNOSTIC_INTERPRETATION,CODED,false,NONE
K201369:action,K201369,action,INTERPRETATION_OR_DIAGNOSIS;WORKFLOW_OR_DOCUMENTATION,INTERPRETATION_OR_DIAGNOSIS;WORKFLOW_OR_DOCUMENTATION,CODED,false,NONE
K201369:component_status,K201369,component_status,MULTIPLE,MULTIPLE,CODED,false,NONE
K201411:input,K201411,input,MEDICAL_IMAGE,MEDICAL_IMAGE,CODED,false,NONE
K201411:output,K201411,output,CLASSIFICATION_OR_DIAGNOSIS,CLASSIFICATION_OR_DIAGNOSIS,CODED,false,NONE
K201411:user,K201411,user,RADIOLOGIST,RADIOLOGIST,CODED,false,NONE
K201411:setting,K201411,setting,DIAGNOSTIC_INTERPRETATION,DIAGNOSTIC_INTERPRETATION,CODED,false,NONE
K201411:action,K201411,action,INTERPRETATION_OR_DIAGNOSIS,INTERPRETATION_OR_DIAGNOSIS,CODED,false,NONE
K201411:component_status,K201411,component_status,SINGLE,SINGLE,CODED,false,NONE
K201444:input,K201444,input,MEDICAL_IMAGE,MEDICAL_IMAGE,CODED,false,NONE
K201444:output,K201444,output,SEGMENTATION_OR_LOCALIZATION,SEGMENTATION_OR_LOCALIZATION,CODED,false,NONE
K201444:user,K201444,user,OTHER_CLINICIAN,OTHER_CLINICIAN,CODED,false,NONE
K201444:setting,K201444,setting,OTHER,OTHER,CODED,false,NONE
K201444:action,K201444,action,TREATMENT_OR_PROCEDURE_PLANNING;MONITORING_OR_FOLLOW_UP,TREATMENT_OR_PROCEDURE_PLANNING;MONITORING_OR_FOLLOW_UP,CODED,false,NONE
K201444:component_status,K201444,component_status,SINGLE,SINGLE,CODED,false,NONE
K201555:input,K201555,input,MEDICAL_IMAGE,MEDICAL_IMAGE,CODED,false,NONE
K201555:output,K201555,output,SEGMENTATION_OR_LOCALIZATION;CLASSIFICATION_OR_DIAGNOSIS;DOCUMENTATION_OR_SUMMARY,SEGMENTATION_OR_LOCALIZATION;CLASSIFICATION_OR_DIAGNOSIS;DOCUMENTATION_OR_SUMMARY,CODED,false,NONE
K201555:user,K201555,user,OTHER_PHYSICIAN;TECHNOLOGIST_OR_OPERATOR,OTHER_PHYSICIAN;TECHNOLOGIST_OR_OPERATOR,CODED,false,NONE
K201555:setting,K201555,setting,DIAGNOSTIC_INTERPRETATION,DIAGNOSTIC_INTERPRETATION,CODED,false,NONE
K201555:action,K201555,action,INTERPRETATION_OR_DIAGNOSIS,INTERPRETATION_OR_DIAGNOSIS,CODED,false,NONE
K201555:component_status,K201555,component_status,SINGLE,SINGLE,CODED,false,NONE
K201560:input,K201560,input,MEDICAL_IMAGE,MEDICAL_IMAGE,CODED,false,NONE
K201560:output,K201560,output,DETECTION_OR_ALERT;SEGMENTATION_OR_LOCALIZATION;MEASUREMENT_OR_QUANTIFICATION,DETECTION_OR_ALERT;SEGMENTATION_OR_LOCALIZATION;MEASUREMENT_OR_QUANTIFICATION,CODED,false,NONE
K201560:user,K201560,user,OTHER_PHYSICIAN,OTHER_PHYSICIAN,CODED,false,NONE
K201560:setting,K201560,setting,DIAGNOSTIC_INTERPRETATION,DIAGNOSTIC_INTERPRETATION,CODED,false,NONE
K201560:action,K201560,action,INTERPRETATION_OR_DIAGNOSIS,INTERPRETATION_OR_DIAGNOSIS,CODED,false,NONE
K201560:component_status,K201560,component_status,SINGLE,SINGLE,CODED,false,NONE
K201615:input,K201615,input,NOT_ASSESSABLE,NOT_ASSESSABLE,NOT_ASSESSABLE,true,AI_ATTRIBUTION_BARRIER
K201615:output,K201615,output,NOT_ASSESSABLE,NOT_ASSESSABLE,NOT_ASSESSABLE,true,AI_ATTRIBUTION_BARRIER
K201615:user,K201615,user,NOT_ASSESSABLE,NOT_ASSESSABLE,NOT_ASSESSABLE,true,AI_ATTRIBUTION_BARRIER
K201615:setting,K201615,setting,NOT_ASSESSABLE,NOT_ASSESSABLE,NOT_ASSESSABLE,true,AI_ATTRIBUTION_BARRIER
K201615:action,K201615,action,NOT_ASSESSABLE,NOT_ASSESSABLE,NOT_ASSESSABLE,true,AI_ATTRIBUTION_BARRIER
K201615:component_status,K201615,component_status,UNCERTAIN,UNCERTAIN,UNCERTAIN,true,AI_ATTRIBUTION_BARRIER
K201632:input,K201632,input,MEDICAL_IMAGE,MEDICAL_IMAGE,CODED,false,NONE
K201632:output,K201632,output,SEGMENTATION_OR_LOCALIZATION;MEASUREMENT_OR_QUANTIFICATION,SEGMENTATION_OR_LOCALIZATION;MEASUREMENT_OR_QUANTIFICATION,CODED,false,NONE
K201632:user,K201632,user,OTHER_PHYSICIAN,OTHER_PHYSICIAN,CODED,false,NONE
K201632:setting,K201632,setting,DIAGNOSTIC_INTERPRETATION;OTHER,DIAGNOSTIC_INTERPRETATION;OTHER,CODED,false,NONE
K201632:action,K201632,action,INTERPRETATION_OR_DIAGNOSIS;MONITORING_OR_FOLLOW_UP,INTERPRETATION_OR_DIAGNOSIS;MONITORING_OR_FOLLOW_UP,CODED,false,NONE
K201632:component_status,K201632,component_status,MULTIPLE,MULTIPLE,CODED,false,NONE
K201710:input,K201710,input,MEDICAL_IMAGE;CLINICAL_TABULAR_OR_TEXT,MEDICAL_IMAGE;CLINICAL_TABULAR_OR_TEXT,CODED,false,NONE
K201710:output,K201710,output,SEGMENTATION_OR_LOCALIZATION;MEASUREMENT_OR_QUANTIFICATION;CLASSIFICATION_OR_DIAGNOSIS;RISK_SCORE_OR_PREDICTION;DOCUMENTATION_OR_SUMMARY,SEGMENTATION_OR_LOCALIZATION;MEASUREMENT_OR_QUANTIFICATION;CLASSIFICATION_OR_DIAGNOSIS;RISK_SCORE_OR_PREDICTION;DOCUMENTATION_OR_SUMMARY,CODED,false,NONE
K201710:user,K201710,user,NOT_STATED,NOT_STATED,NOT_STATED,true,FIELD_NOT_STATED
K201710:setting,K201710,setting,DIAGNOSTIC_INTERPRETATION;SCREENING;MONITORING,DIAGNOSTIC_INTERPRETATION;SCREENING;MONITORING,CODED,false,NONE
K201710:action,K201710,action,INTERPRETATION_OR_DIAGNOSIS;MONITORING_OR_FOLLOW_UP;WORKFLOW_OR_DOCUMENTATION,INTERPRETATION_OR_DIAGNOSIS;MONITORING_OR_FOLLOW_UP;WORKFLOW_OR_DOCUMENTATION,CODED,false,NONE
K201710:component_status,K201710,component_status,MULTIPLE,MULTIPLE,CODED,false,NONE
K201745:input,K201745,input,MEDICAL_IMAGE,MEDICAL_IMAGE,CODED,false,NONE
K201745:output,K201745,output,RECONSTRUCTION_OR_ENHANCEMENT,RECONSTRUCTION_OR_ENHANCEMENT,CODED,false,NONE
K201745:user,K201745,user,NOT_STATED,NOT_STATED,NOT_STATED,true,FIELD_NOT_STATED
K201745:setting,K201745,setting,OTHER,OTHER,CODED,false,NONE
K201745:action,K201745,action,WORKFLOW_OR_DOCUMENTATION,WORKFLOW_OR_DOCUMENTATION,CODED,false,NONE
K201745:component_status,K201745,component_status,SINGLE,SINGLE,CODED,false,NONE
K201836:input,K201836,input,MEDICAL_IMAGE,MEDICAL_IMAGE,CODED,false,NONE
K201836:output,K201836,output,RECONSTRUCTION_OR_ENHANCEMENT,RECONSTRUCTION_OR_ENHANCEMENT,CODED,false,NONE
K201836:user,K201836,user,OTHER_PHYSICIAN,OTHER_PHYSICIAN,CODED,false,NONE
K201836:setting,K201836,setting,DIAGNOSTIC_INTERPRETATION;OTHER,DIAGNOSTIC_INTERPRETATION;OTHER,CODED,false,NONE
K201836:action,K201836,action,INTERPRETATION_OR_DIAGNOSIS,INTERPRETATION_OR_DIAGNOSIS,CODED,false,NONE
K201836:component_status,K201836,component_status,SINGLE,SINGLE,CODED,false,NONE
K201841:input,K201841,input,PHYSIOLOGICAL_SIGNAL,PHYSIOLOGICAL_SIGNAL,CODED,false,NONE
K201841:output,K201841,output,MEASUREMENT_OR_QUANTIFICATION;CLASSIFICATION_OR_DIAGNOSIS;DOCUMENTATION_OR_SUMMARY,MEASUREMENT_OR_QUANTIFICATION;CLASSIFICATION_OR_DIAGNOSIS;DOCUMENTATION_OR_SUMMARY,CODED,false,NONE
K201841:user,K201841,user,NOT_STATED,NOT_STATED,NOT_STATED,true,FIELD_NOT_STATED
K201841:setting,K201841,setting,DIAGNOSTIC_INTERPRETATION,DIAGNOSTIC_INTERPRETATION,CODED,false,NONE
K201841:action,K201841,action,INTERPRETATION_OR_DIAGNOSIS,INTERPRETATION_OR_DIAGNOSIS,CODED,false,NONE
K201841:component_status,K201841,component_status,SINGLE,SINGLE,CODED,false,NONE
K201985:input,K201985,input,PHYSIOLOGICAL_SIGNAL,PHYSIOLOGICAL_SIGNAL,CODED,false,NONE
K201985:output,K201985,output,CLASSIFICATION_OR_DIAGNOSIS;MEASUREMENT_OR_QUANTIFICATION;OTHER,CLASSIFICATION_OR_DIAGNOSIS;MEASUREMENT_OR_QUANTIFICATION;OTHER,CODED,false,NONE
K201985:user,K201985,user,OTHER_CLINICIAN;OTHER_PHYSICIAN,OTHER_CLINICIAN;OTHER_PHYSICIAN,CODED,false,NONE
K201985:setting,K201985,setting,DIAGNOSTIC_INTERPRETATION;OTHER,DIAGNOSTIC_INTERPRETATION;OTHER,CODED,false,NONE
K201985:action,K201985,action,INTERPRETATION_OR_DIAGNOSIS,INTERPRETATION_OR_DIAGNOSIS,CODED,false,NONE
K201985:component_status,K201985,component_status,SINGLE,SINGLE,CODED,false,NONE
K201992:input,K201992,input,MEDICAL_IMAGE,MEDICAL_IMAGE,CODED,false,NONE
K201992:output,K201992,output,RECOMMENDATION_OR_PLANNING;CONTROL_OR_AUTOMATION;OTHER,RECOMMENDATION_OR_PLANNING;CONTROL_OR_AUTOMATION;OTHER,CODED,false,NONE
K201992:user,K201992,user,OTHER_CLINICIAN,OTHER_CLINICIAN,CODED,false,NONE
K201992:setting,K201992,setting,OTHER,OTHER,CODED,false,NONE
K201992:action,K201992,action,WORKFLOW_OR_DOCUMENTATION,WORKFLOW_OR_DOCUMENTATION,CODED,false,NONE
K201992:component_status,K201992,component_status,SINGLE,SINGLE,CODED,false,NONE
K202013:input,K202013,input,MEDICAL_IMAGE,MEDICAL_IMAGE,CODED,false,NONE
K202013:output,K202013,output,CLASSIFICATION_OR_DIAGNOSIS;MEASUREMENT_OR_QUANTIFICATION;DOCUMENTATION_OR_SUMMARY,CLASSIFICATION_OR_DIAGNOSIS;MEASUREMENT_OR_QUANTIFICATION;DOCUMENTATION_OR_SUMMARY,CODED,false,NONE
K202013:user,K202013,user,RADIOLOGIST;OTHER_PHYSICIAN,RADIOLOGIST;OTHER_PHYSICIAN,CODED,false,NONE
K202013:setting,K202013,setting,DIAGNOSTIC_INTERPRETATION;SCREENING,DIAGNOSTIC_INTERPRETATION;SCREENING,CODED,false,NONE
K202013:action,K202013,action,INTERPRETATION_OR_DIAGNOSIS;WORKFLOW_OR_DOCUMENTATION,INTERPRETATION_OR_DIAGNOSIS;WORKFLOW_OR_DOCUMENTATION,CODED,false,NONE
K202013:component_status,K202013,component_status,SINGLE,SINGLE,CODED,false,NONE
K202089:input,K202089,input,MEDICAL_IMAGE;OTHER,MEDICAL_IMAGE;OTHER,CODED,false,NONE
K202089:output,K202089,output,MEASUREMENT_OR_QUANTIFICATION,MEASUREMENT_OR_QUANTIFICATION,CODED,false,NONE
K202089:user,K202089,user,OTHER_CLINICIAN;PATIENT_OR_CAREGIVER,OTHER_CLINICIAN;PATIENT_OR_CAREGIVER,CODED,false,NONE
K202089:setting,K202089,setting,HOME_OR_CONSUMER;OTHER,HOME_OR_CONSUMER;OTHER,CODED,false,NONE
K202089:action,K202089,action,INTERPRETATION_OR_DIAGNOSIS;PATIENT_SELF_MANAGEMENT,INTERPRETATION_OR_DIAGNOSIS;PATIENT_SELF_MANAGEMENT,CODED,false,NONE
K202089:component_status,K202089,component_status,MULTIPLE,MULTIPLE,CODED,false,NONE
K202170:input,K202170,input,MEDICAL_IMAGE,MEDICAL_IMAGE,CODED,false,NONE
K202170:output,K202170,output,SEGMENTATION_OR_LOCALIZATION;MEASUREMENT_OR_QUANTIFICATION;DOCUMENTATION_OR_SUMMARY,SEGMENTATION_OR_LOCALIZATION;MEASUREMENT_OR_QUANTIFICATION;DOCUMENTATION_OR_SUMMARY,CODED,false,NONE
K202170:user,K202170,user,TECHNOLOGIST_OR_OPERATOR;OTHER_CLINICIAN,TECHNOLOGIST_OR_OPERATOR;OTHER_CLINICIAN,CODED,false,NONE
K202170:setting,K202170,setting,DIAGNOSTIC_INTERPRETATION;OTHER,DIAGNOSTIC_INTERPRETATION;OTHER,CODED,false,NONE
K202170:action,K202170,action,INTERPRETATION_OR_DIAGNOSIS;REFERRAL_OR_ESCALATION,INTERPRETATION_OR_DIAGNOSIS;REFERRAL_OR_ESCALATION,CODED,false,NONE
K202170:component_status,K202170,component_status,SINGLE,SINGLE,CODED,false,NONE
K202212:input,K202212,input,MEDICAL_IMAGE,MEDICAL_IMAGE,CODED,false,NONE
K202212:output,K202212,output,RECONSTRUCTION_OR_ENHANCEMENT,RECONSTRUCTION_OR_ENHANCEMENT,CODED,false,NONE
K202212:user,K202212,user,OTHER_PHYSICIAN,OTHER_PHYSICIAN,CODED,false,NONE
K202212:setting,K202212,setting,OTHER,OTHER,CODED,false,NONE
K202212:action,K202212,action,TREATMENT_OR_PROCEDURE_PLANNING,TREATMENT_OR_PROCEDURE_PLANNING,CODED,false,NONE
K202212:component_status,K202212,component_status,SINGLE,SINGLE,CODED,false,NONE
K202229:input,K202229,input,MEDICAL_IMAGE,MEDICAL_IMAGE,CODED,false,NONE
K202229:output,K202229,output,SEGMENTATION_OR_LOCALIZATION;MEASUREMENT_OR_QUANTIFICATION;DOCUMENTATION_OR_SUMMARY,SEGMENTATION_OR_LOCALIZATION;MEASUREMENT_OR_QUANTIFICATION;DOCUMENTATION_OR_SUMMARY,CODED,false,NONE
K202229:user,K202229,user,OTHER_CLINICIAN,OTHER_CLINICIAN,CODED,false,NONE
K202229:setting,K202229,setting,DIAGNOSTIC_INTERPRETATION;MONITORING;OTHER,DIAGNOSTIC_INTERPRETATION;MONITORING;OTHER,CODED,false,NONE
K202229:action,K202229,action,INTERPRETATION_OR_DIAGNOSIS;MONITORING_OR_FOLLOW_UP;WORKFLOW_OR_DOCUMENTATION,INTERPRETATION_OR_DIAGNOSIS;MONITORING_OR_FOLLOW_UP;WORKFLOW_OR_DOCUMENTATION,CODED,false,NONE
K202229:component_status,K202229,component_status,SINGLE,SINGLE,CODED,false,NONE
K202238:input,K202238,input,MEDICAL_IMAGE,MEDICAL_IMAGE,CODED,false,NONE
K202238:output,K202238,output,RECONSTRUCTION_OR_ENHANCEMENT,RECONSTRUCTION_OR_ENHANCEMENT,CODED,false,NONE
K202238:user,K202238,user,TECHNOLOGIST_OR_OPERATOR;OTHER_PHYSICIAN,TECHNOLOGIST_OR_OPERATOR;OTHER_PHYSICIAN,CODED,false,NONE
K202238:setting,K202238,setting,DIAGNOSTIC_INTERPRETATION;OTHER,DIAGNOSTIC_INTERPRETATION;OTHER,CODED,false,NONE
K202238:action,K202238,action,WORKFLOW_OR_DOCUMENTATION;INTERPRETATION_OR_DIAGNOSIS,WORKFLOW_OR_DOCUMENTATION;INTERPRETATION_OR_DIAGNOSIS,CODED,false,NONE
K202238:component_status,K202238,component_status,SINGLE,SINGLE,CODED,false,NONE
K202280:input,K202280,input,MEDICAL_IMAGE,MEDICAL_IMAGE,CODED,false,NONE
K202280:output,K202280,output,SEGMENTATION_OR_LOCALIZATION;MEASUREMENT_OR_QUANTIFICATION;DOCUMENTATION_OR_SUMMARY,SEGMENTATION_OR_LOCALIZATION;MEASUREMENT_OR_QUANTIFICATION;DOCUMENTATION_OR_SUMMARY,CODED,false,NONE
K202280:user,K202280,user,OTHER_CLINICIAN,OTHER_CLINICIAN,CODED,false,NONE
K202280:setting,K202280,setting,DIAGNOSTIC_INTERPRETATION,DIAGNOSTIC_INTERPRETATION,CODED,false,NONE
K202280:action,K202280,action,INTERPRETATION_OR_DIAGNOSIS;TREATMENT_OR_PROCEDURE_PLANNING;WORKFLOW_OR_DOCUMENTATION,INTERPRETATION_OR_DIAGNOSIS;TREATMENT_OR_PROCEDURE_PLANNING;WORKFLOW_OR_DOCUMENTATION,CODED,false,NONE
K202280:component_status,K202280,component_status,SINGLE,SINGLE,CODED,false,NONE
K202284:input,K202284,input,MEDICAL_IMAGE,MEDICAL_IMAGE,CODED,false,NONE
K202284:output,K202284,output,RECOMMENDATION_OR_PLANNING,RECOMMENDATION_OR_PLANNING,CODED,false,NONE
K202284:user,K202284,user,OTHER_PHYSICIAN;OTHER_CLINICIAN,OTHER_PHYSICIAN;OTHER_CLINICIAN,CODED,false,NONE
K202284:setting,K202284,setting,OTHER,OTHER,CODED,false,NONE
K202284:action,K202284,action,TREATMENT_OR_PROCEDURE_PLANNING,TREATMENT_OR_PROCEDURE_PLANNING,CODED,false,NONE
K202284:component_status,K202284,component_status,SINGLE,SINGLE,CODED,false,NONE
K202300:input,K202300,input,MEDICAL_IMAGE;CLINICAL_TABULAR_OR_TEXT,MEDICAL_IMAGE;CLINICAL_TABULAR_OR_TEXT,CODED,false,NONE
K202300:output,K202300,output,RISK_SCORE_OR_PREDICTION;DETECTION_OR_ALERT;OTHER,RISK_SCORE_OR_PREDICTION;DETECTION_OR_ALERT;OTHER,CODED,false,NONE
K202300:user,K202300,user,RADIOLOGIST;OTHER_PHYSICIAN;OTHER_CLINICIAN,RADIOLOGIST;OTHER_PHYSICIAN;OTHER_CLINICIAN,CODED,false,NONE
K202300:setting,K202300,setting,DIAGNOSTIC_INTERPRETATION;MONITORING;OTHER,DIAGNOSTIC_INTERPRETATION;MONITORING;OTHER,CODED,false,NONE
K202300:action,K202300,action,INTERPRETATION_OR_DIAGNOSIS;MONITORING_OR_FOLLOW_UP;REFERRAL_OR_ESCALATION;WORKFLOW_OR_DOCUMENTATION,INTERPRETATION_OR_DIAGNOSIS;MONITORING_OR_FOLLOW_UP;REFERRAL_OR_ESCALATION;WORKFLOW_OR_DOCUMENTATION,CODED,false,NONE
K202300:component_status,K202300,component_status,MULTIPLE,MULTIPLE,CODED,false,NONE
K202404:input,K202404,input,MEDICAL_IMAGE,MEDICAL_IMAGE,CODED,false,NONE
K202404:output,K202404,output,RECONSTRUCTION_OR_ENHANCEMENT,RECONSTRUCTION_OR_ENHANCEMENT,CODED,false,NONE
K202404:user,K202404,user,RADIOLOGIST;OTHER_PHYSICIAN,RADIOLOGIST;OTHER_PHYSICIAN,CODED,false,NONE
K202404:setting,K202404,setting,OTHER,OTHER,CODED,false,NONE
K202404:action,K202404,action,INTERPRETATION_OR_DIAGNOSIS,INTERPRETATION_OR_DIAGNOSIS,CODED,false,NONE
K202404:component_status,K202404,component_status,SINGLE,SINGLE,CODED,false,NONE
K202414:input,K202414,input,MEDICAL_IMAGE,MEDICAL_IMAGE,CODED,false,NONE
K202414:output,K202414,output,SEGMENTATION_OR_LOCALIZATION;MEASUREMENT_OR_QUANTIFICATION;DOCUMENTATION_OR_SUMMARY,SEGMENTATION_OR_LOCALIZATION;MEASUREMENT_OR_QUANTIFICATION;DOCUMENTATION_OR_SUMMARY,CODED,false,NONE
K202414:user,K202414,user,OTHER_PHYSICIAN;OTHER_CLINICIAN,OTHER_PHYSICIAN;OTHER_CLINICIAN,CODED,false,NONE
K202414:setting,K202414,setting,DIAGNOSTIC_INTERPRETATION,DIAGNOSTIC_INTERPRETATION,CODED,false,NONE
K202414:action,K202414,action,INTERPRETATION_OR_DIAGNOSIS,INTERPRETATION_OR_DIAGNOSIS,CODED,false,NONE
K202414:component_status,K202414,component_status,SINGLE,SINGLE,CODED,false,NONE
K202441:input,K202441,input,MEDICAL_IMAGE,MEDICAL_IMAGE,CODED,false,NONE
K202441:output,K202441,output,RECONSTRUCTION_OR_ENHANCEMENT,RECONSTRUCTION_OR_ENHANCEMENT,CODED,false,NONE
K202441:user,K202441,user,RADIOLOGIST;OTHER_PHYSICIAN,RADIOLOGIST;OTHER_PHYSICIAN,CODED,false,NONE
K202441:setting,K202441,setting,DIAGNOSTIC_INTERPRETATION;OTHER,DIAGNOSTIC_INTERPRETATION;OTHER,CODED,false,NONE
K202441:action,K202441,action,INTERPRETATION_OR_DIAGNOSIS,INTERPRETATION_OR_DIAGNOSIS,CODED,false,NONE
K202441:component_status,K202441,component_status,SINGLE,SINGLE,CODED,false,NONE
K202487:input,K202487,input,MEDICAL_IMAGE,MEDICAL_IMAGE,CODED,false,NONE
K202487:output,K202487,output,RECONSTRUCTION_OR_ENHANCEMENT;SEGMENTATION_OR_LOCALIZATION,RECONSTRUCTION_OR_ENHANCEMENT;SEGMENTATION_OR_LOCALIZATION,CODED,false,NONE
K202487:user,K202487,user,OTHER_PHYSICIAN;OTHER_CLINICIAN,OTHER_PHYSICIAN;OTHER_CLINICIAN,CODED,false,NONE
K202487:setting,K202487,setting,OTHER,OTHER,CODED,false,NONE
K202487:action,K202487,action,TREATMENT_OR_PROCEDURE_PLANNING,TREATMENT_OR_PROCEDURE_PLANNING,CODED,false,NONE
K202487:component_status,K202487,component_status,SINGLE,SINGLE,CODED,false,NONE
K202501:input,K202501,input,MEDICAL_IMAGE,MEDICAL_IMAGE,CODED,false,NONE
K202501:output,K202501,output,SEGMENTATION_OR_LOCALIZATION;MEASUREMENT_OR_QUANTIFICATION;RECONSTRUCTION_OR_ENHANCEMENT;DOCUMENTATION_OR_SUMMARY,SEGMENTATION_OR_LOCALIZATION;MEASUREMENT_OR_QUANTIFICATION;RECONSTRUCTION_OR_ENHANCEMENT;DOCUMENTATION_OR_SUMMARY,CODED,false,NONE
K202501:user,K202501,user,OTHER_CLINICIAN,OTHER_CLINICIAN,CODED,false,NONE
K202501:setting,K202501,setting,DIAGNOSTIC_INTERPRETATION;OTHER,DIAGNOSTIC_INTERPRETATION;OTHER,CODED,false,NONE
K202501:action,K202501,action,INTERPRETATION_OR_DIAGNOSIS;WORKFLOW_OR_DOCUMENTATION,INTERPRETATION_OR_DIAGNOSIS;WORKFLOW_OR_DOCUMENTATION,CODED,false,NONE
K202501:component_status,K202501,component_status,MULTIPLE,MULTIPLE,CODED,false,NONE
K202527:input,K202527,input,PHYSIOLOGICAL_SIGNAL,PHYSIOLOGICAL_SIGNAL,CODED,false,NONE
K202527:output,K202527,output,DETECTION_OR_ALERT;CLASSIFICATION_OR_DIAGNOSIS;MEASUREMENT_OR_QUANTIFICATION;DOCUMENTATION_OR_SUMMARY,DETECTION_OR_ALERT;CLASSIFICATION_OR_DIAGNOSIS;MEASUREMENT_OR_QUANTIFICATION;DOCUMENTATION_OR_SUMMARY,CODED,false,NONE
K202527:user,K202527,user,TECHNOLOGIST_OR_OPERATOR;OTHER_CLINICIAN,TECHNOLOGIST_OR_OPERATOR;OTHER_CLINICIAN,CODED,false,NONE
K202527:setting,K202527,setting,MONITORING;DIAGNOSTIC_INTERPRETATION;OTHER,MONITORING;DIAGNOSTIC_INTERPRETATION;OTHER,CODED,false,NONE
K202527:action,K202527,action,INTERPRETATION_OR_DIAGNOSIS;MONITORING_OR_FOLLOW_UP;WORKFLOW_OR_DOCUMENTATION,INTERPRETATION_OR_DIAGNOSIS;MONITORING_OR_FOLLOW_UP;WORKFLOW_OR_DOCUMENTATION,CODED,false,NONE
K202527:component_status,K202527,component_status,SINGLE,SINGLE,CODED,false,NONE
K202546:input,K202546,input,MEDICAL_IMAGE,MEDICAL_IMAGE,CODED,false,NONE
K202546:output,K202546,output,MEASUREMENT_OR_QUANTIFICATION,MEASUREMENT_OR_QUANTIFICATION,CODED,false,NONE
K202546:user,K202546,user,OTHER_CLINICIAN,OTHER_CLINICIAN,CODED,false,NONE
K202546:setting,K202546,setting,DIAGNOSTIC_INTERPRETATION;OTHER,DIAGNOSTIC_INTERPRETATION;OTHER,CODED,false,NONE
K202546:action,K202546,action,INTERPRETATION_OR_DIAGNOSIS;WORKFLOW_OR_DOCUMENTATION,INTERPRETATION_OR_DIAGNOSIS;WORKFLOW_OR_DOCUMENTATION,CODED,false,NONE
K202546:component_status,K202546,component_status,SINGLE,SINGLE,CODED,false,NONE
K202700:input,K202700,input,MEDICAL_IMAGE,MEDICAL_IMAGE,CODED,false,NONE
K202700:output,K202700,output,SEGMENTATION_OR_LOCALIZATION;RECONSTRUCTION_OR_ENHANCEMENT,SEGMENTATION_OR_LOCALIZATION;RECONSTRUCTION_OR_ENHANCEMENT,CODED,false,NONE
K202700:user,K202700,user,OTHER_CLINICIAN,OTHER_CLINICIAN,CODED,false,NONE
K202700:setting,K202700,setting,OTHER,OTHER,CODED,false,NONE
K202700:action,K202700,action,TREATMENT_OR_PROCEDURE_PLANNING,TREATMENT_OR_PROCEDURE_PLANNING,CODED,false,NONE
K202700:component_status,K202700,component_status,MULTIPLE,MULTIPLE,CODED,false,NONE
K202718:input,K202718,input,NOT_ASSESSABLE,NOT_ASSESSABLE,NOT_ASSESSABLE,true,AI_ATTRIBUTION_BARRIER
K202718:output,K202718,output,NOT_ASSESSABLE,NOT_ASSESSABLE,NOT_ASSESSABLE,true,AI_ATTRIBUTION_BARRIER
K202718:user,K202718,user,NOT_ASSESSABLE,NOT_ASSESSABLE,NOT_ASSESSABLE,true,AI_ATTRIBUTION_BARRIER
K202718:setting,K202718,setting,NOT_ASSESSABLE,NOT_ASSESSABLE,NOT_ASSESSABLE,true,AI_ATTRIBUTION_BARRIER
K202718:action,K202718,action,NOT_ASSESSABLE,NOT_ASSESSABLE,NOT_ASSESSABLE,true,AI_ATTRIBUTION_BARRIER
K202718:component_status,K202718,component_status,UNCERTAIN,UNCERTAIN,UNCERTAIN,true,AI_ATTRIBUTION_BARRIER
K202767:input,K202767,input,MEDICAL_IMAGE,MEDICAL_IMAGE,CODED,false,NONE
K202767:output,K202767,output,RECONSTRUCTION_OR_ENHANCEMENT,RECONSTRUCTION_OR_ENHANCEMENT,CODED,false,NONE
K202767:user,K202767,user,OTHER_PHYSICIAN,OTHER_PHYSICIAN,CODED,false,NONE
K202767:setting,K202767,setting,DIAGNOSTIC_INTERPRETATION;OTHER,DIAGNOSTIC_INTERPRETATION;OTHER,CODED,false,NONE
K202767:action,K202767,action,INTERPRETATION_OR_DIAGNOSIS,INTERPRETATION_OR_DIAGNOSIS,CODED,false,NONE
K202767:component_status,K202767,component_status,SINGLE,SINGLE,CODED,false,NONE
K202927:input,K202927,input,PHYSIOLOGICAL_SIGNAL,PHYSIOLOGICAL_SIGNAL,CODED,false,NONE
K202927:output,K202927,output,CLASSIFICATION_OR_DIAGNOSIS;MEASUREMENT_OR_QUANTIFICATION;DOCUMENTATION_OR_SUMMARY,CLASSIFICATION_OR_DIAGNOSIS;MEASUREMENT_OR_QUANTIFICATION;DOCUMENTATION_OR_SUMMARY,CODED,false,NONE
K202927:user,K202927,user,OTHER_CLINICIAN,OTHER_CLINICIAN,CODED,false,NONE
K202927:setting,K202927,setting,DIAGNOSTIC_INTERPRETATION,DIAGNOSTIC_INTERPRETATION,CODED,false,NONE
K202927:action,K202927,action,INTERPRETATION_OR_DIAGNOSIS,INTERPRETATION_OR_DIAGNOSIS,CODED,false,NONE
K202927:component_status,K202927,component_status,SINGLE,SINGLE,CODED,false,NONE
K202928:input,K202928,input,MEDICAL_IMAGE,MEDICAL_IMAGE,CODED,false,NONE
K202928:output,K202928,output,SEGMENTATION_OR_LOCALIZATION,SEGMENTATION_OR_LOCALIZATION,CODED,false,NONE
K202928:user,K202928,user,RADIOLOGIST;OTHER_PHYSICIAN;OTHER_CLINICIAN,RADIOLOGIST;OTHER_PHYSICIAN;OTHER_CLINICIAN,CODED,false,NONE
K202928:setting,K202928,setting,OTHER,OTHER,CODED,false,NONE
K202928:action,K202928,action,TREATMENT_OR_PROCEDURE_PLANNING,TREATMENT_OR_PROCEDURE_PLANNING,CODED,false,NONE
K202928:component_status,K202928,component_status,SINGLE,SINGLE,CODED,false,NONE
K202990:input,K202990,input,MEDICAL_IMAGE,MEDICAL_IMAGE,CODED,false,NONE
K202990:output,K202990,output,MEASUREMENT_OR_QUANTIFICATION,MEASUREMENT_OR_QUANTIFICATION,CODED,false,NONE
K202990:user,K202990,user,RADIOLOGIST,RADIOLOGIST,CODED,false,NONE
K202990:setting,K202990,setting,DIAGNOSTIC_INTERPRETATION;MONITORING,DIAGNOSTIC_INTERPRETATION;MONITORING,CODED,false,NONE
K202990:action,K202990,action,INTERPRETATION_OR_DIAGNOSIS;MONITORING_OR_FOLLOW_UP,INTERPRETATION_OR_DIAGNOSIS;MONITORING_OR_FOLLOW_UP,CODED,false,NONE
K202990:component_status,K202990,component_status,SINGLE,SINGLE,CODED,false,NONE
K202992:input,K202992,input,MEDICAL_IMAGE,MEDICAL_IMAGE,CODED,false,NONE
K202992:output,K202992,output,DETECTION_OR_ALERT;OTHER,DETECTION_OR_ALERT;OTHER,CODED,false,NONE
K202992:user,K202992,user,RADIOLOGIST;OTHER_PHYSICIAN,RADIOLOGIST;OTHER_PHYSICIAN,CODED,false,NONE
K202992:setting,K202992,setting,ACUTE_TRIAGE_OR_EMERGENCY;OTHER,ACUTE_TRIAGE_OR_EMERGENCY;OTHER,CODED,false,NONE
K202992:action,K202992,action,TRIAGE_OR_PRIORITIZATION,TRIAGE_OR_PRIORITIZATION,CODED,false,NONE
K202992:component_status,K202992,component_status,SINGLE,SINGLE,CODED,false,NONE
K203042:input,K203042,input,MEDICAL_IMAGE,MEDICAL_IMAGE,CODED,false,NONE
K203042:output,K203042,output,RECONSTRUCTION_OR_ENHANCEMENT,RECONSTRUCTION_OR_ENHANCEMENT,CODED,false,NONE
K203042:user,K203042,user,OTHER_PHYSICIAN,OTHER_PHYSICIAN,CODED,false,NONE
K203042:setting,K203042,setting,DIAGNOSTIC_INTERPRETATION;OTHER,DIAGNOSTIC_INTERPRETATION;OTHER,CODED,false,NONE
K203042:action,K203042,action,INTERPRETATION_OR_DIAGNOSIS,INTERPRETATION_OR_DIAGNOSIS,CODED,false,NONE
K203042:component_status,K203042,component_status,SINGLE,SINGLE,CODED,false,NONE
K203103:input,K203103,input,MEDICAL_IMAGE,MEDICAL_IMAGE,CODED,false,NONE
K203103:output,K203103,output,SEGMENTATION_OR_LOCALIZATION,SEGMENTATION_OR_LOCALIZATION,CODED,false,NONE
K203103:user,K203103,user,OTHER_CLINICIAN,OTHER_CLINICIAN,CODED,false,NONE
K203103:setting,K203103,setting,DIAGNOSTIC_INTERPRETATION;OTHER,DIAGNOSTIC_INTERPRETATION;OTHER,CODED,false,NONE
K203103:action,K203103,action,INTERPRETATION_OR_DIAGNOSIS;TREATMENT_OR_PROCEDURE_PLANNING,INTERPRETATION_OR_DIAGNOSIS;TREATMENT_OR_PROCEDURE_PLANNING,CODED,false,NONE
K203103:component_status,K203103,component_status,UNCERTAIN,UNCERTAIN,UNCERTAIN,true,FUNCTION_GROUP_UNRESOLVED
K203169:input,K203169,input,NOT_STATED,NOT_STATED,NOT_STATED,true,FIELD_NOT_STATED
K203169:output,K203169,output,OTHER,OTHER,CODED,false,NONE
K203169:user,K203169,user,NOT_STATED,NOT_STATED,NOT_STATED,true,FIELD_NOT_STATED
K203169:setting,K203169,setting,OTHER,OTHER,CODED,false,NONE
K203169:action,K203169,action,WORKFLOW_OR_DOCUMENTATION,WORKFLOW_OR_DOCUMENTATION,CODED,false,NONE
K203169:component_status,K203169,component_status,MULTIPLE,MULTIPLE,CODED,false,NONE
K203182:input,K203182,input,MEDICAL_IMAGE,MEDICAL_IMAGE,CODED,false,NONE
K203182:output,K203182,output,RECONSTRUCTION_OR_ENHANCEMENT,RECONSTRUCTION_OR_ENHANCEMENT,CODED,false,NONE
K203182:user,K203182,user,RADIOLOGIST,RADIOLOGIST,CODED,false,NONE
K203182:setting,K203182,setting,OTHER,OTHER,CODED,false,NONE
K203182:action,K203182,action,INTERPRETATION_OR_DIAGNOSIS;WORKFLOW_OR_DOCUMENTATION,INTERPRETATION_OR_DIAGNOSIS;WORKFLOW_OR_DOCUMENTATION,CODED,false,NONE
K203182:component_status,K203182,component_status,SINGLE,SINGLE,CODED,false,NONE
K203225:input,K203225,input,MEDICAL_IMAGE,MEDICAL_IMAGE,CODED,false,NONE
K203225:output,K203225,output,RECONSTRUCTION_OR_ENHANCEMENT,RECONSTRUCTION_OR_ENHANCEMENT,CODED,false,NONE
K203225:user,K203225,user,OTHER_PHYSICIAN,OTHER_PHYSICIAN,CODED,false,NONE
K203225:setting,K203225,setting,DIAGNOSTIC_INTERPRETATION;OTHER,DIAGNOSTIC_INTERPRETATION;OTHER,CODED,false,NONE
K203225:action,K203225,action,INTERPRETATION_OR_DIAGNOSIS,INTERPRETATION_OR_DIAGNOSIS,CODED,false,NONE
K203225:component_status,K203225,component_status,SINGLE,SINGLE,CODED,false,NONE
K203235:input,K203235,input,MEDICAL_IMAGE,MEDICAL_IMAGE,CODED,false,NONE
K203235:output,K203235,output,SEGMENTATION_OR_LOCALIZATION,SEGMENTATION_OR_LOCALIZATION,CODED,false,NONE
K203235:user,K203235,user,RADIOLOGIST;OTHER_PHYSICIAN;OTHER_CLINICIAN;TECHNOLOGIST_OR_OPERATOR,RADIOLOGIST;OTHER_PHYSICIAN;OTHER_CLINICIAN;TECHNOLOGIST_OR_OPERATOR,CODED,false,NONE
K203235:setting,K203235,setting,OTHER,OTHER,CODED,false,NONE
K203235:action,K203235,action,TREATMENT_OR_PROCEDURE_PLANNING,TREATMENT_OR_PROCEDURE_PLANNING,CODED,false,NONE
K203235:component_status,K203235,component_status,SINGLE,SINGLE,CODED,false,NONE
K203256:input,K203256,input,MEDICAL_IMAGE,MEDICAL_IMAGE,CODED,false,NONE
K203256:output,K203256,output,SEGMENTATION_OR_LOCALIZATION;MEASUREMENT_OR_QUANTIFICATION;DOCUMENTATION_OR_SUMMARY,SEGMENTATION_OR_LOCALIZATION;MEASUREMENT_OR_QUANTIFICATION;DOCUMENTATION_OR_SUMMARY,CODED,false,NONE
K203256:user,K203256,user,OTHER_PHYSICIAN,OTHER_PHYSICIAN,CODED,false,NONE
K203256:setting,K203256,setting,DIAGNOSTIC_INTERPRETATION,DIAGNOSTIC_INTERPRETATION,CODED,false,NONE
K203256:action,K203256,action,INTERPRETATION_OR_DIAGNOSIS,INTERPRETATION_OR_DIAGNOSIS,CODED,false,NONE
K203256:component_status,K203256,component_status,SINGLE,SINGLE,CODED,false,NONE
K203258:input,K203258,input,MEDICAL_IMAGE,MEDICAL_IMAGE,CODED,false,NONE
K203258:output,K203258,output,DETECTION_OR_ALERT;SEGMENTATION_OR_LOCALIZATION,DETECTION_OR_ALERT;SEGMENTATION_OR_LOCALIZATION,CODED,false,NONE
K203258:user,K203258,user,RADIOLOGIST,RADIOLOGIST,CODED,false,NONE
K203258:setting,K203258,setting,SCREENING;DIAGNOSTIC_INTERPRETATION,SCREENING;DIAGNOSTIC_INTERPRETATION,CODED,false,NONE
K203258:action,K203258,action,INTERPRETATION_OR_DIAGNOSIS,INTERPRETATION_OR_DIAGNOSIS,CODED,false,NONE
K203258:component_status,K203258,component_status,SINGLE,SINGLE,CODED,false,NONE
K203260:input,K203260,input,MEDICAL_IMAGE,MEDICAL_IMAGE,CODED,false,NONE
K203260:output,K203260,output,DETECTION_OR_ALERT,DETECTION_OR_ALERT,CODED,false,NONE
K203260:user,K203260,user,RADIOLOGIST;OTHER_CLINICIAN,RADIOLOGIST;OTHER_CLINICIAN,CODED,false,NONE
K203260:setting,K203260,setting,ACUTE_TRIAGE_OR_EMERGENCY,ACUTE_TRIAGE_OR_EMERGENCY,CODED,false,NONE
K203260:action,K203260,action,TRIAGE_OR_PRIORITIZATION,TRIAGE_OR_PRIORITIZATION,CODED,false,NONE
K203260:component_status,K203260,component_status,SINGLE,SINGLE,CODED,false,NONE
K203280:input,K203280,input,MEDICAL_IMAGE,MEDICAL_IMAGE,CODED,false,NONE
K203280:output,K203280,output,SEGMENTATION_OR_LOCALIZATION;MEASUREMENT_OR_QUANTIFICATION;DOCUMENTATION_OR_SUMMARY,SEGMENTATION_OR_LOCALIZATION;MEASUREMENT_OR_QUANTIFICATION;DOCUMENTATION_OR_SUMMARY,CODED,false,NONE
K203280:user,K203280,user,TECHNOLOGIST_OR_OPERATOR;OTHER_CLINICIAN,TECHNOLOGIST_OR_OPERATOR;OTHER_CLINICIAN,CODED,false,NONE
K203280:setting,K203280,setting,DIAGNOSTIC_INTERPRETATION;OTHER,DIAGNOSTIC_INTERPRETATION;OTHER,CODED,false,NONE
K203280:action,K203280,action,INTERPRETATION_OR_DIAGNOSIS;TREATMENT_OR_PROCEDURE_PLANNING,INTERPRETATION_OR_DIAGNOSIS;TREATMENT_OR_PROCEDURE_PLANNING,CODED,false,NONE
K203280:component_status,K203280,component_status,SINGLE,SINGLE,CODED,false,NONE
K203314:input,K203314,input,MEDICAL_IMAGE,MEDICAL_IMAGE,CODED,false,NONE
K203314:output,K203314,output,RECONSTRUCTION_OR_ENHANCEMENT,RECONSTRUCTION_OR_ENHANCEMENT,CODED,false,NONE
K203314:user,K203314,user,OTHER_CLINICIAN,OTHER_CLINICIAN,CODED,false,NONE
K203314:setting,K203314,setting,DIAGNOSTIC_INTERPRETATION;MONITORING;OTHER,DIAGNOSTIC_INTERPRETATION;MONITORING;OTHER,CODED,false,NONE
K203314:action,K203314,action,INTERPRETATION_OR_DIAGNOSIS;MONITORING_OR_FOLLOW_UP;TREATMENT_OR_PROCEDURE_PLANNING,INTERPRETATION_OR_DIAGNOSIS;MONITORING_OR_FOLLOW_UP;TREATMENT_OR_PROCEDURE_PLANNING,CODED,false,NONE
K203314:component_status,K203314,component_status,SINGLE,SINGLE,CODED,false,NONE
K203323:input,K203323,input,MEDICAL_IMAGE,MEDICAL_IMAGE,CODED,false,NONE
K203323:output,K203323,output,RECONSTRUCTION_OR_ENHANCEMENT,RECONSTRUCTION_OR_ENHANCEMENT,CODED,false,NONE
K203323:user,K203323,user,OTHER_PHYSICIAN,OTHER_PHYSICIAN,CODED,false,NONE
K203323:setting,K203323,setting,DIAGNOSTIC_INTERPRETATION;OTHER,DIAGNOSTIC_INTERPRETATION;OTHER,CODED,false,NONE
K203323:action,K203323,action,INTERPRETATION_OR_DIAGNOSIS,INTERPRETATION_OR_DIAGNOSIS,CODED,false,NONE
K203323:component_status,K203323,component_status,SINGLE,SINGLE,CODED,false,NONE
K203329:input,K203329,input,MEDICAL_IMAGE,MEDICAL_IMAGE,CODED,false,NONE
K203329:output,K203329,output,SEGMENTATION_OR_LOCALIZATION;MEASUREMENT_OR_QUANTIFICATION;DOCUMENTATION_OR_SUMMARY,SEGMENTATION_OR_LOCALIZATION;MEASUREMENT_OR_QUANTIFICATION;DOCUMENTATION_OR_SUMMARY,CODED,false,NONE
K203329:user,K203329,user,OTHER_CLINICIAN,OTHER_CLINICIAN,CODED,false,NONE
K203329:setting,K203329,setting,DIAGNOSTIC_INTERPRETATION,DIAGNOSTIC_INTERPRETATION,CODED,false,NONE
K203329:action,K203329,action,INTERPRETATION_OR_DIAGNOSIS;TREATMENT_OR_PROCEDURE_PLANNING,INTERPRETATION_OR_DIAGNOSIS;TREATMENT_OR_PROCEDURE_PLANNING,CODED,false,NONE
K203329:component_status,K203329,component_status,SINGLE,SINGLE,CODED,false,NONE
K203443:input,K203443,input,MEDICAL_IMAGE,MEDICAL_IMAGE,CODED,false,NONE
K203443:output,K203443,output,RECONSTRUCTION_OR_ENHANCEMENT,RECONSTRUCTION_OR_ENHANCEMENT,CODED,false,NONE
K203443:user,K203443,user,OTHER_CLINICIAN;OTHER_PHYSICIAN,OTHER_CLINICIAN;OTHER_PHYSICIAN,CODED,false,NONE
K203443:setting,K203443,setting,DIAGNOSTIC_INTERPRETATION;OTHER,DIAGNOSTIC_INTERPRETATION;OTHER,CODED,false,NONE
K203443:action,K203443,action,INTERPRETATION_OR_DIAGNOSIS;WORKFLOW_OR_DOCUMENTATION,INTERPRETATION_OR_DIAGNOSIS;WORKFLOW_OR_DOCUMENTATION,CODED,false,NONE
K203443:component_status,K203443,component_status,SINGLE,SINGLE,CODED,false,NONE
K203448:input,K203448,input,MEDICAL_IMAGE,MEDICAL_IMAGE,CODED,false,NONE
K203448:output,K203448,output,RECONSTRUCTION_OR_ENHANCEMENT;RECOMMENDATION_OR_PLANNING;CONTROL_OR_AUTOMATION,RECONSTRUCTION_OR_ENHANCEMENT;RECOMMENDATION_OR_PLANNING;CONTROL_OR_AUTOMATION,CODED,false,NONE
K203448:user,K203448,user,NOT_STATED,NOT_STATED,NOT_STATED,true,FIELD_NOT_STATED
K203448:setting,K203448,setting,SCREENING;OTHER,SCREENING;OTHER,CODED,false,NONE
K203448:action,K203448,action,WORKFLOW_OR_DOCUMENTATION;THERAPY_DOSE_OR_DEVICE_CONTROL,WORKFLOW_OR_DOCUMENTATION;THERAPY_DOSE_OR_DEVICE_CONTROL,CODED,false,NONE
K203448:component_status,K203448,component_status,MULTIPLE,MULTIPLE,CODED,false,NONE
K203469:input,K203469,input,MEDICAL_IMAGE,MEDICAL_IMAGE,CODED,false,NONE
K203469:output,K203469,output,SEGMENTATION_OR_LOCALIZATION,SEGMENTATION_OR_LOCALIZATION,CODED,false,NONE
K203469:user,K203469,user,OTHER_CLINICIAN;OTHER_PHYSICIAN,OTHER_CLINICIAN;OTHER_PHYSICIAN,CODED,false,NONE
K203469:setting,K203469,setting,OTHER,OTHER,CODED,false,NONE
K203469:action,K203469,action,TREATMENT_OR_PROCEDURE_PLANNING,TREATMENT_OR_PROCEDURE_PLANNING,CODED,false,NONE
K203469:component_status,K203469,component_status,SINGLE,SINGLE,CODED,false,NONE
K203502:input,K203502,input,MEDICAL_IMAGE,MEDICAL_IMAGE,CODED,false,NONE
K203502:output,K203502,output,SEGMENTATION_OR_LOCALIZATION;MEASUREMENT_OR_QUANTIFICATION;DOCUMENTATION_OR_SUMMARY,SEGMENTATION_OR_LOCALIZATION;MEASUREMENT_OR_QUANTIFICATION;DOCUMENTATION_OR_SUMMARY,CODED,false,NONE
K203502:user,K203502,user,RADIOLOGIST,RADIOLOGIST,CODED,false,NONE
K203502:setting,K203502,setting,DIAGNOSTIC_INTERPRETATION,DIAGNOSTIC_INTERPRETATION,CODED,false,NONE
K203502:action,K203502,action,INTERPRETATION_OR_DIAGNOSIS;WORKFLOW_OR_DOCUMENTATION,INTERPRETATION_OR_DIAGNOSIS;WORKFLOW_OR_DOCUMENTATION,CODED,false,NONE
K203502:component_status,K203502,component_status,SINGLE,SINGLE,CODED,false,NONE
K203508:input,K203508,input,MEDICAL_IMAGE,MEDICAL_IMAGE,CODED,false,NONE
K203508:output,K203508,output,DETECTION_OR_ALERT;OTHER,DETECTION_OR_ALERT;OTHER,CODED,false,NONE
K203508:user,K203508,user,OTHER_PHYSICIAN,OTHER_PHYSICIAN,CODED,false,NONE
K203508:setting,K203508,setting,ACUTE_TRIAGE_OR_EMERGENCY;OTHER,ACUTE_TRIAGE_OR_EMERGENCY;OTHER,CODED,false,NONE
K203508:action,K203508,action,TRIAGE_OR_PRIORITIZATION,TRIAGE_OR_PRIORITIZATION,CODED,false,NONE
K203508:component_status,K203508,component_status,MULTIPLE,MULTIPLE,CODED,false,NONE
K203514:input,K203514,input,AUDIO_OR_VIDEO,AUDIO_OR_VIDEO,CODED,false,NONE
K203514:output,K203514,output,SEGMENTATION_OR_LOCALIZATION;RECOMMENDATION_OR_PLANNING;CONTROL_OR_AUTOMATION,SEGMENTATION_OR_LOCALIZATION;RECOMMENDATION_OR_PLANNING;CONTROL_OR_AUTOMATION,CODED,false,NONE
K203514:user,K203514,user,NOT_STATED,NOT_STATED,NOT_STATED,true,FIELD_NOT_STATED
K203514:setting,K203514,setting,OUTPATIENT;OTHER,OUTPATIENT;OTHER,CODED,false,NONE
K203514:action,K203514,action,WORKFLOW_OR_DOCUMENTATION;THERAPY_DOSE_OR_DEVICE_CONTROL,WORKFLOW_OR_DOCUMENTATION;THERAPY_DOSE_OR_DEVICE_CONTROL,CODED,false,NONE
K203514:component_status,K203514,component_status,SINGLE,SINGLE,CODED,false,NONE
K203517:input,K203517,input,MEDICAL_IMAGE,MEDICAL_IMAGE,CODED,false,NONE
K203517:output,K203517,output,DETECTION_OR_ALERT;OTHER,DETECTION_OR_ALERT;OTHER,CODED,false,NONE
K203517:user,K203517,user,RADIOLOGIST,RADIOLOGIST,CODED,false,NONE
K203517:setting,K203517,setting,SCREENING,SCREENING,CODED,false,NONE
K203517:action,K203517,action,TRIAGE_OR_PRIORITIZATION,TRIAGE_OR_PRIORITIZATION,CODED,false,NONE
K203517:component_status,K203517,component_status,SINGLE,SINGLE,CODED,false,NONE
K203555:input,K203555,input,MEDICAL_IMAGE,MEDICAL_IMAGE,CODED,false,NONE
K203555:output,K203555,output,SEGMENTATION_OR_LOCALIZATION;MEASUREMENT_OR_QUANTIFICATION;DETECTION_OR_ALERT;DOCUMENTATION_OR_SUMMARY,SEGMENTATION_OR_LOCALIZATION;MEASUREMENT_OR_QUANTIFICATION;DETECTION_OR_ALERT;DOCUMENTATION_OR_SUMMARY,CODED,false,NONE
K203555:user,K203555,user,OTHER_PHYSICIAN;OTHER_CLINICIAN,OTHER_PHYSICIAN;OTHER_CLINICIAN,CODED,false,NONE
K203555:setting,K203555,setting,DIAGNOSTIC_INTERPRETATION,DIAGNOSTIC_INTERPRETATION,CODED,false,NONE
K203555:action,K203555,action,INTERPRETATION_OR_DIAGNOSIS;WORKFLOW_OR_DOCUMENTATION,INTERPRETATION_OR_DIAGNOSIS;WORKFLOW_OR_DOCUMENTATION,CODED,false,NONE
K203555:component_status,K203555,component_status,SINGLE,SINGLE,CODED,false,NONE
K203578:input,K203578,input,NOT_ASSESSABLE,NOT_ASSESSABLE,NOT_ASSESSABLE,true,AI_ATTRIBUTION_BARRIER
K203578:output,K203578,output,NOT_ASSESSABLE,NOT_ASSESSABLE,NOT_ASSESSABLE,true,AI_ATTRIBUTION_BARRIER
K203578:user,K203578,user,NOT_ASSESSABLE,NOT_ASSESSABLE,NOT_ASSESSABLE,true,AI_ATTRIBUTION_BARRIER
K203578:setting,K203578,setting,NOT_ASSESSABLE,NOT_ASSESSABLE,NOT_ASSESSABLE,true,AI_ATTRIBUTION_BARRIER
K203578:action,K203578,action,NOT_ASSESSABLE,NOT_ASSESSABLE,NOT_ASSESSABLE,true,AI_ATTRIBUTION_BARRIER
K203578:component_status,K203578,component_status,UNCERTAIN,UNCERTAIN,UNCERTAIN,true,AI_ATTRIBUTION_BARRIER
K203582:input,K203582,input,MEDICAL_IMAGE,MEDICAL_IMAGE,CODED,false,NONE
K203582:output,K203582,output,MEASUREMENT_OR_QUANTIFICATION;SEGMENTATION_OR_LOCALIZATION;DOCUMENTATION_OR_SUMMARY,MEASUREMENT_OR_QUANTIFICATION;SEGMENTATION_OR_LOCALIZATION;DOCUMENTATION_OR_SUMMARY,CODED,false,NONE
K203582:user,K203582,user,RADIOLOGIST;OTHER_PHYSICIAN,RADIOLOGIST;OTHER_PHYSICIAN,CODED,false,NONE
K203582:setting,K203582,setting,DIAGNOSTIC_INTERPRETATION;OTHER,DIAGNOSTIC_INTERPRETATION;OTHER,CODED,false,NONE
K203582:action,K203582,action,INTERPRETATION_OR_DIAGNOSIS;WORKFLOW_OR_DOCUMENTATION,INTERPRETATION_OR_DIAGNOSIS;WORKFLOW_OR_DOCUMENTATION,CODED,false,NONE
K203582:component_status,K203582,component_status,MULTIPLE,MULTIPLE,CODED,false,NONE
K203610:input,K203610,input,MEDICAL_IMAGE,MEDICAL_IMAGE,CODED,false,NONE
K203610:output,K203610,output,SEGMENTATION_OR_LOCALIZATION,SEGMENTATION_OR_LOCALIZATION,CODED,false,NONE
K203610:user,K203610,user,TECHNOLOGIST_OR_OPERATOR;OTHER_PHYSICIAN,TECHNOLOGIST_OR_OPERATOR;OTHER_PHYSICIAN,CODED,false,NONE
K203610:setting,K203610,setting,OTHER,OTHER,CODED,false,NONE
K203610:action,K203610,action,TREATMENT_OR_PROCEDURE_PLANNING,TREATMENT_OR_PROCEDURE_PLANNING,CODED,false,NONE
K203610:component_status,K203610,component_status,SINGLE,SINGLE,CODED,false,NONE
K203617:input,K203617,input,MEDICAL_IMAGE,MEDICAL_IMAGE,CODED,false,NONE
K203617:output,K203617,output,RECONSTRUCTION_OR_ENHANCEMENT,RECONSTRUCTION_OR_ENHANCEMENT,CODED,false,NONE
K203617:user,K203617,user,OTHER_PHYSICIAN;OTHER_CLINICIAN,OTHER_PHYSICIAN;OTHER_CLINICIAN,CODED,false,NONE
K203617:setting,K203617,setting,OTHER,OTHER,CODED,false,NONE
K203617:action,K203617,action,TREATMENT_OR_PROCEDURE_PLANNING;INTERPRETATION_OR_DIAGNOSIS,TREATMENT_OR_PROCEDURE_PLANNING;INTERPRETATION_OR_DIAGNOSIS,CODED,false,NONE
K203617:component_status,K203617,component_status,SINGLE,SINGLE,CODED,false,NONE
K203629:input,K203629,input,MEDICAL_IMAGE,MEDICAL_IMAGE,CODED,false,NONE
K203629:output,K203629,output,CLASSIFICATION_OR_DIAGNOSIS;RECOMMENDATION_OR_PLANNING;OTHER,CLASSIFICATION_OR_DIAGNOSIS;RECOMMENDATION_OR_PLANNING;OTHER,CODED,false,NONE
K203629:user,K203629,user,OTHER_CLINICIAN,OTHER_CLINICIAN,CODED,false,NONE
K203629:setting,K203629,setting,SCREENING,SCREENING,CODED,false,NONE
K203629:action,K203629,action,REFERRAL_OR_ESCALATION;MONITORING_OR_FOLLOW_UP;INTERPRETATION_OR_DIAGNOSIS,REFERRAL_OR_ESCALATION;MONITORING_OR_FOLLOW_UP;INTERPRETATION_OR_DIAGNOSIS,CODED,false,NONE
K203629:component_status,K203629,component_status,SINGLE,SINGLE,CODED,false,NONE
K203696:input,K203696,input,MEDICAL_IMAGE,MEDICAL_IMAGE,CODED,false,NONE
K203696:output,K203696,output,SEGMENTATION_OR_LOCALIZATION;MEASUREMENT_OR_QUANTIFICATION;CLASSIFICATION_OR_DIAGNOSIS;DOCUMENTATION_OR_SUMMARY,SEGMENTATION_OR_LOCALIZATION;MEASUREMENT_OR_QUANTIFICATION;CLASSIFICATION_OR_DIAGNOSIS;DOCUMENTATION_OR_SUMMARY,CODED,false,NONE
K203696:user,K203696,user,RADIOLOGIST;OTHER_PHYSICIAN;TECHNOLOGIST_OR_OPERATOR,RADIOLOGIST;OTHER_PHYSICIAN;TECHNOLOGIST_OR_OPERATOR,CODED,false,NONE
K203696:setting,K203696,setting,DIAGNOSTIC_INTERPRETATION,DIAGNOSTIC_INTERPRETATION,CODED,false,NONE
K203696:action,K203696,action,INTERPRETATION_OR_DIAGNOSIS;WORKFLOW_OR_DOCUMENTATION,INTERPRETATION_OR_DIAGNOSIS;WORKFLOW_OR_DOCUMENTATION,CODED,false,NONE
K203696:component_status,K203696,component_status,SINGLE,SINGLE,CODED,false,NONE
K203744:input,K203744,input,MEDICAL_IMAGE,MEDICAL_IMAGE,CODED,false,NONE
K203744:output,K203744,output,SEGMENTATION_OR_LOCALIZATION;MEASUREMENT_OR_QUANTIFICATION;DOCUMENTATION_OR_SUMMARY,SEGMENTATION_OR_LOCALIZATION;MEASUREMENT_OR_QUANTIFICATION;DOCUMENTATION_OR_SUMMARY,CODED,false,NONE
K203744:user,K203744,user,OTHER_CLINICIAN,OTHER_CLINICIAN,CODED,false,NONE
K203744:setting,K203744,setting,DIAGNOSTIC_INTERPRETATION;MONITORING,DIAGNOSTIC_INTERPRETATION;MONITORING,CODED,false,NONE
K203744:action,K203744,action,INTERPRETATION_OR_DIAGNOSIS;MONITORING_OR_FOLLOW_UP;WORKFLOW_OR_DOCUMENTATION,INTERPRETATION_OR_DIAGNOSIS;MONITORING_OR_FOLLOW_UP;WORKFLOW_OR_DOCUMENTATION,CODED,false,NONE
K203744:component_status,K203744,component_status,MULTIPLE,MULTIPLE,CODED,false,NONE
K203783:input,K203783,input,MEDICAL_IMAGE,MEDICAL_IMAGE,CODED,false,NONE
K203783:output,K203783,output,SEGMENTATION_OR_LOCALIZATION;MEASUREMENT_OR_QUANTIFICATION;RECONSTRUCTION_OR_ENHANCEMENT;DOCUMENTATION_OR_SUMMARY,SEGMENTATION_OR_LOCALIZATION;MEASUREMENT_OR_QUANTIFICATION;RECONSTRUCTION_OR_ENHANCEMENT;DOCUMENTATION_OR_SUMMARY,CODED,false,NONE
K203783:user,K203783,user,OTHER_PHYSICIAN,OTHER_PHYSICIAN,CODED,false,NONE
K203783:setting,K203783,setting,DIAGNOSTIC_INTERPRETATION,DIAGNOSTIC_INTERPRETATION,CODED,false,NONE
K203783:action,K203783,action,INTERPRETATION_OR_DIAGNOSIS;WORKFLOW_OR_DOCUMENTATION,INTERPRETATION_OR_DIAGNOSIS;WORKFLOW_OR_DOCUMENTATION,CODED,false,NONE
K203783:component_status,K203783,component_status,MULTIPLE,MULTIPLE,CODED,false,NONE
K203785:input,K203785,input,MEDICAL_IMAGE,MEDICAL_IMAGE,CODED,false,NONE
K203785:output,K203785,output,MEASUREMENT_OR_QUANTIFICATION;CLASSIFICATION_OR_DIAGNOSIS;DOCUMENTATION_OR_SUMMARY,MEASUREMENT_OR_QUANTIFICATION;CLASSIFICATION_OR_DIAGNOSIS;DOCUMENTATION_OR_SUMMARY,CODED,false,NONE
K203785:user,K203785,user,RADIOLOGIST;OTHER_PHYSICIAN,RADIOLOGIST;OTHER_PHYSICIAN,CODED,false,NONE
K203785:setting,K203785,setting,DIAGNOSTIC_INTERPRETATION,DIAGNOSTIC_INTERPRETATION,CODED,false,NONE
K203785:action,K203785,action,INTERPRETATION_OR_DIAGNOSIS;WORKFLOW_OR_DOCUMENTATION,INTERPRETATION_OR_DIAGNOSIS;WORKFLOW_OR_DOCUMENTATION,CODED,false,NONE
K203785:component_status,K203785,component_status,SINGLE,SINGLE,CODED,false,NONE
K203822:input,K203822,input,MEDICAL_IMAGE,MEDICAL_IMAGE,CODED,false,NONE
K203822:output,K203822,output,DETECTION_OR_ALERT;SEGMENTATION_OR_LOCALIZATION;RISK_SCORE_OR_PREDICTION,DETECTION_OR_ALERT;SEGMENTATION_OR_LOCALIZATION;RISK_SCORE_OR_PREDICTION,CODED,false,NONE
K203822:user,K203822,user,RADIOLOGIST;OTHER_PHYSICIAN,RADIOLOGIST;OTHER_PHYSICIAN,CODED,false,NONE
K203822:setting,K203822,setting,DIAGNOSTIC_INTERPRETATION,DIAGNOSTIC_INTERPRETATION,CODED,false,NONE
K203822:action,K203822,action,INTERPRETATION_OR_DIAGNOSIS,INTERPRETATION_OR_DIAGNOSIS,CODED,false,NONE
K203822:component_status,K203822,component_status,SINGLE,SINGLE,CODED,false,NONE
K210001:input,K210001,input,MEDICAL_IMAGE,MEDICAL_IMAGE,CODED,false,NONE
K210001:output,K210001,output,RECONSTRUCTION_OR_ENHANCEMENT,RECONSTRUCTION_OR_ENHANCEMENT,CODED,false,NONE
K210001:user,K210001,user,RADIOLOGIST;OTHER_PHYSICIAN,RADIOLOGIST;OTHER_PHYSICIAN,CODED,false,NONE
K210001:setting,K210001,setting,OTHER,OTHER,CODED,false,NONE
K210001:action,K210001,action,WORKFLOW_OR_DOCUMENTATION,WORKFLOW_OR_DOCUMENTATION,CODED,false,NONE
K210001:component_status,K210001,component_status,SINGLE,SINGLE,CODED,false,NONE
K210034:input,K210034,input,PHYSIOLOGICAL_SIGNAL;AUDIO_OR_VIDEO,PHYSIOLOGICAL_SIGNAL;AUDIO_OR_VIDEO,CODED,false,NONE
K210034:output,K210034,output,DETECTION_OR_ALERT;CLASSIFICATION_OR_DIAGNOSIS;MEASUREMENT_OR_QUANTIFICATION;DOCUMENTATION_OR_SUMMARY,DETECTION_OR_ALERT;CLASSIFICATION_OR_DIAGNOSIS;MEASUREMENT_OR_QUANTIFICATION;DOCUMENTATION_OR_SUMMARY,CODED,false,NONE
K210034:user,K210034,user,OTHER_PHYSICIAN;TECHNOLOGIST_OR_OPERATOR,OTHER_PHYSICIAN;TECHNOLOGIST_OR_OPERATOR,CODED,false,NONE
K210034:setting,K210034,setting,HOME_OR_CONSUMER;DIAGNOSTIC_INTERPRETATION;OTHER,HOME_OR_CONSUMER;DIAGNOSTIC_INTERPRETATION;OTHER,CODED,false,NONE
K210034:action,K210034,action,INTERPRETATION_OR_DIAGNOSIS;WORKFLOW_OR_DOCUMENTATION,INTERPRETATION_OR_DIAGNOSIS;WORKFLOW_OR_DOCUMENTATION,CODED,false,NONE
K210034:component_status,K210034,component_status,SINGLE,SINGLE,CODED,false,NONE
K210053:input,K210053,input,MEDICAL_IMAGE,MEDICAL_IMAGE,CODED,false,NONE
K210053:output,K210053,output,MEASUREMENT_OR_QUANTIFICATION,MEASUREMENT_OR_QUANTIFICATION,CODED,false,NONE
K210053:user,K210053,user,NOT_STATED,NOT_STATED,NOT_STATED,true,FIELD_NOT_STATED
K210053:setting,K210053,setting,DIAGNOSTIC_INTERPRETATION,DIAGNOSTIC_INTERPRETATION,CODED,false,NONE
K210053:action,K210053,action,INTERPRETATION_OR_DIAGNOSIS,INTERPRETATION_OR_DIAGNOSIS,CODED,false,NONE
K210053:component_status,K210053,component_status,MULTIPLE,MULTIPLE,CODED,false,NONE
K210069:input,K210069,input,OTHER,OTHER,CODED,false,NONE
K210069:output,K210069,output,MEASUREMENT_OR_QUANTIFICATION,MEASUREMENT_OR_QUANTIFICATION,CODED,false,NONE
K210069:user,K210069,user,PATIENT_OR_CAREGIVER;OTHER_CLINICIAN,PATIENT_OR_CAREGIVER;OTHER_CLINICIAN,CODED,false,NONE
K210069:setting,K210069,setting,HOME_OR_CONSUMER,HOME_OR_CONSUMER,CODED,false,NONE
K210069:action,K210069,action,INTERPRETATION_OR_DIAGNOSIS;PATIENT_SELF_MANAGEMENT,INTERPRETATION_OR_DIAGNOSIS;PATIENT_SELF_MANAGEMENT,CODED,false,NONE
K210069:component_status,K210069,component_status,SINGLE,SINGLE,CODED,false,NONE
K210071:input,K210071,input,MEDICAL_IMAGE,MEDICAL_IMAGE,CODED,false,NONE
K210071:output,K210071,output,SEGMENTATION_OR_LOCALIZATION;RECONSTRUCTION_OR_ENHANCEMENT,SEGMENTATION_OR_LOCALIZATION;RECONSTRUCTION_OR_ENHANCEMENT,CODED,false,NONE
K210071:user,K210071,user,RADIOLOGIST;OTHER_PHYSICIAN;OTHER_CLINICIAN,RADIOLOGIST;OTHER_PHYSICIAN;OTHER_CLINICIAN,CODED,false,NONE
K210071:setting,K210071,setting,PROCEDURAL_OR_OPERATING_ROOM,PROCEDURAL_OR_OPERATING_ROOM,CODED,false,NONE
K210071:action,K210071,action,TREATMENT_OR_PROCEDURE_PLANNING,TREATMENT_OR_PROCEDURE_PLANNING,CODED,false,NONE
K210071:component_status,K210071,component_status,SINGLE,SINGLE,CODED,false,NONE
K210085:input,K210085,input,MEDICAL_IMAGE,MEDICAL_IMAGE,CODED,false,NONE
K210085:output,K210085,output,DETECTION_OR_ALERT;SEGMENTATION_OR_LOCALIZATION;MEASUREMENT_OR_QUANTIFICATION;CLASSIFICATION_OR_DIAGNOSIS;DOCUMENTATION_OR_SUMMARY,DETECTION_OR_ALERT;SEGMENTATION_OR_LOCALIZATION;MEASUREMENT_OR_QUANTIFICATION;CLASSIFICATION_OR_DIAGNOSIS;DOCUMENTATION_OR_SUMMARY,CODED,false,NONE
K210085:user,K210085,user,RADIOLOGIST,RADIOLOGIST,CODED,false,NONE
K210085:setting,K210085,setting,INPATIENT;OUTPATIENT;SCREENING;DIAGNOSTIC_INTERPRETATION,INPATIENT;OUTPATIENT;SCREENING;DIAGNOSTIC_INTERPRETATION,CODED,false,NONE
K210085:action,K210085,action,INTERPRETATION_OR_DIAGNOSIS;WORKFLOW_OR_DOCUMENTATION,INTERPRETATION_OR_DIAGNOSIS;WORKFLOW_OR_DOCUMENTATION,CODED,false,NONE
K210085:component_status,K210085,component_status,SINGLE,SINGLE,CODED,false,NONE
K210187:input,K210187,input,MEDICAL_IMAGE,MEDICAL_IMAGE,CODED,false,NONE
K210187:output,K210187,output,SEGMENTATION_OR_LOCALIZATION;MEASUREMENT_OR_QUANTIFICATION,SEGMENTATION_OR_LOCALIZATION;MEASUREMENT_OR_QUANTIFICATION,CODED,false,NONE
K210187:user,K210187,user,OTHER_PHYSICIAN;OTHER_CLINICIAN,OTHER_PHYSICIAN;OTHER_CLINICIAN,CODED,false,NONE
K210187:setting,K210187,setting,DIAGNOSTIC_INTERPRETATION,DIAGNOSTIC_INTERPRETATION,CODED,false,NONE
K210187:action,K210187,action,INTERPRETATION_OR_DIAGNOSIS,INTERPRETATION_OR_DIAGNOSIS,CODED,false,NONE
K210187:component_status,K210187,component_status,SINGLE,SINGLE,CODED,false,NONE
K210209:input,K210209,input,MEDICAL_IMAGE,MEDICAL_IMAGE,CODED,false,NONE
K210209:output,K210209,output,DETECTION_OR_ALERT;OTHER,DETECTION_OR_ALERT;OTHER,CODED,false,NONE
K210209:user,K210209,user,OTHER_PHYSICIAN,OTHER_PHYSICIAN,CODED,false,NONE
K210209:setting,K210209,setting,ACUTE_TRIAGE_OR_EMERGENCY;OTHER,ACUTE_TRIAGE_OR_EMERGENCY;OTHER,CODED,false,NONE
K210209:action,K210209,action,TRIAGE_OR_PRIORITIZATION,TRIAGE_OR_PRIORITIZATION,CODED,false,NONE
K210209:component_status,K210209,component_status,SINGLE,SINGLE,CODED,false,NONE
K210237:input,K210237,input,MEDICAL_IMAGE,MEDICAL_IMAGE,CODED,false,NONE
K210237:output,K210237,output,DETECTION_OR_ALERT;OTHER,DETECTION_OR_ALERT;OTHER,CODED,false,NONE
K210237:user,K210237,user,RADIOLOGIST,RADIOLOGIST,CODED,false,NONE
K210237:setting,K210237,setting,ACUTE_TRIAGE_OR_EMERGENCY;OTHER,ACUTE_TRIAGE_OR_EMERGENCY;OTHER,CODED,false,NONE
K210237:action,K210237,action,TRIAGE_OR_PRIORITIZATION,TRIAGE_OR_PRIORITIZATION,CODED,false,NONE
K210237:component_status,K210237,component_status,MULTIPLE,MULTIPLE,CODED,false,NONE
K210365:input,K210365,input,MEDICAL_IMAGE,MEDICAL_IMAGE,CODED,false,NONE
K210365:output,K210365,output,DETECTION_OR_ALERT;SEGMENTATION_OR_LOCALIZATION,DETECTION_OR_ALERT;SEGMENTATION_OR_LOCALIZATION,CODED,false,NONE
K210365:user,K210365,user,OTHER_CLINICIAN,OTHER_CLINICIAN,CODED,false,NONE
K210365:setting,K210365,setting,DIAGNOSTIC_INTERPRETATION;OTHER,DIAGNOSTIC_INTERPRETATION;OTHER,CODED,false,NONE
K210365:action,K210365,action,INTERPRETATION_OR_DIAGNOSIS,INTERPRETATION_OR_DIAGNOSIS,CODED,false,NONE
K210365:component_status,K210365,component_status,SINGLE,SINGLE,CODED,false,NONE
K210404:input,K210404,input,MEDICAL_IMAGE,MEDICAL_IMAGE,CODED,false,NONE
K210404:output,K210404,output,DETECTION_OR_ALERT;SEGMENTATION_OR_LOCALIZATION;RISK_SCORE_OR_PREDICTION,DETECTION_OR_ALERT;SEGMENTATION_OR_LOCALIZATION;RISK_SCORE_OR_PREDICTION,CODED,false,NONE
K210404:user,K210404,user,OTHER_PHYSICIAN,OTHER_PHYSICIAN,CODED,false,NONE
K210404:setting,K210404,setting,SCREENING;OTHER,SCREENING;OTHER,CODED,false,NONE
K210404:action,K210404,action,INTERPRETATION_OR_DIAGNOSIS,INTERPRETATION_OR_DIAGNOSIS,CODED,false,NONE
K210404:component_status,K210404,component_status,SINGLE,SINGLE,CODED,false,NONE
K210426:input,K210426,input,NOT_ASSESSABLE,NOT_ASSESSABLE,NOT_ASSESSABLE,true,AI_ATTRIBUTION_BARRIER
K210426:output,K210426,output,NOT_ASSESSABLE,NOT_ASSESSABLE,NOT_ASSESSABLE,true,AI_ATTRIBUTION_BARRIER
K210426:user,K210426,user,NOT_ASSESSABLE,NOT_ASSESSABLE,NOT_ASSESSABLE,true,AI_ATTRIBUTION_BARRIER
K210426:setting,K210426,setting,NOT_ASSESSABLE,NOT_ASSESSABLE,NOT_ASSESSABLE,true,AI_ATTRIBUTION_BARRIER
K210426:action,K210426,action,NOT_ASSESSABLE,NOT_ASSESSABLE,NOT_ASSESSABLE,true,AI_ATTRIBUTION_BARRIER
K210426:component_status,K210426,component_status,UNCERTAIN,UNCERTAIN,UNCERTAIN,true,AI_ATTRIBUTION_BARRIER
K210438:input,K210438,input,NOT_ASSESSABLE,NOT_ASSESSABLE,NOT_ASSESSABLE,true,AI_ATTRIBUTION_BARRIER
K210438:output,K210438,output,NOT_ASSESSABLE,NOT_ASSESSABLE,NOT_ASSESSABLE,true,AI_ATTRIBUTION_BARRIER
K210438:user,K210438,user,NOT_ASSESSABLE,NOT_ASSESSABLE,NOT_ASSESSABLE,true,AI_ATTRIBUTION_BARRIER
K210438:setting,K210438,setting,NOT_ASSESSABLE,NOT_ASSESSABLE,NOT_ASSESSABLE,true,AI_ATTRIBUTION_BARRIER
K210438:action,K210438,action,NOT_ASSESSABLE,NOT_ASSESSABLE,NOT_ASSESSABLE,true,AI_ATTRIBUTION_BARRIER
K210438:component_status,K210438,component_status,UNCERTAIN,UNCERTAIN,UNCERTAIN,true,AI_ATTRIBUTION_BARRIER
K210458:input,K210458,input,MEDICAL_IMAGE,MEDICAL_IMAGE,CODED,false,NONE
K210458:output,K210458,output,OTHER,OTHER,CODED,false,NONE
K210458:user,K210458,user,OTHER_PHYSICIAN,OTHER_PHYSICIAN,CODED,false,NONE
K210458:setting,K210458,setting,PROCEDURAL_OR_OPERATING_ROOM,PROCEDURAL_OR_OPERATING_ROOM,CODED,false,NONE
K210458:action,K210458,action,TREATMENT_OR_PROCEDURE_PLANNING,TREATMENT_OR_PROCEDURE_PLANNING,CODED,false,NONE
K210458:component_status,K210458,component_status,SINGLE,SINGLE,CODED,false,NONE
K210484:input,K210484,input,PHYSIOLOGICAL_SIGNAL,PHYSIOLOGICAL_SIGNAL,CODED,false,NONE
K210484:output,K210484,output,CLASSIFICATION_OR_DIAGNOSIS;DETECTION_OR_ALERT,CLASSIFICATION_OR_DIAGNOSIS;DETECTION_OR_ALERT,CODED,false,NONE
K210484:user,K210484,user,NOT_STATED,NOT_STATED,NOT_STATED,true,FIELD_NOT_STATED
K210484:setting,K210484,setting,MONITORING,MONITORING,CODED,false,NONE
K210484:action,K210484,action,MONITORING_OR_FOLLOW_UP;WORKFLOW_OR_DOCUMENTATION,MONITORING_OR_FOLLOW_UP;WORKFLOW_OR_DOCUMENTATION,CODED,false,NONE
K210484:component_status,K210484,component_status,SINGLE,SINGLE,CODED,false,NONE
K210543:input,K210543,input,PHYSIOLOGICAL_SIGNAL;DEVICE_TELEMETRY_OR_OPERATIONAL,PHYSIOLOGICAL_SIGNAL;DEVICE_TELEMETRY_OR_OPERATIONAL,CODED,false,NONE
K210543:output,K210543,output,CLASSIFICATION_OR_DIAGNOSIS;SEGMENTATION_OR_LOCALIZATION,CLASSIFICATION_OR_DIAGNOSIS;SEGMENTATION_OR_LOCALIZATION,CODED,false,NONE
K210543:user,K210543,user,OTHER_PHYSICIAN;OTHER_CLINICIAN,OTHER_PHYSICIAN;OTHER_CLINICIAN,CODED,false,NONE
K210543:setting,K210543,setting,MONITORING;DIAGNOSTIC_INTERPRETATION,MONITORING;DIAGNOSTIC_INTERPRETATION,CODED,false,NONE
K210543:action,K210543,action,INTERPRETATION_OR_DIAGNOSIS;MONITORING_OR_FOLLOW_UP,INTERPRETATION_OR_DIAGNOSIS;MONITORING_OR_FOLLOW_UP,CODED,false,NONE
K210543:component_status,K210543,component_status,SINGLE,SINGLE,CODED,false,NONE
K210556:input,K210556,input,MEDICAL_IMAGE,MEDICAL_IMAGE,CODED,false,NONE
K210556:output,K210556,output,RECONSTRUCTION_OR_ENHANCEMENT,RECONSTRUCTION_OR_ENHANCEMENT,CODED,false,NONE
K210556:user,K210556,user,OTHER_PHYSICIAN,OTHER_PHYSICIAN,CODED,false,NONE
K210556:setting,K210556,setting,OTHER,OTHER,CODED,false,NONE
K210556:action,K210556,action,TREATMENT_OR_PROCEDURE_PLANNING,TREATMENT_OR_PROCEDURE_PLANNING,CODED,false,NONE
K210556:component_status,K210556,component_status,SINGLE,SINGLE,CODED,false,NONE
K210611:input,K210611,input,MEDICAL_IMAGE,MEDICAL_IMAGE,CODED,false,NONE
K210611:output,K210611,output,RECONSTRUCTION_OR_ENHANCEMENT,RECONSTRUCTION_OR_ENHANCEMENT,CODED,false,NONE
K210611:user,K210611,user,OTHER_CLINICIAN;OTHER_PHYSICIAN,OTHER_CLINICIAN;OTHER_PHYSICIAN,CODED,false,NONE
K210611:setting,K210611,setting,DIAGNOSTIC_INTERPRETATION;OTHER,DIAGNOSTIC_INTERPRETATION;OTHER,CODED,false,NONE
K210611:action,K210611,action,INTERPRETATION_OR_DIAGNOSIS;WORKFLOW_OR_DOCUMENTATION,INTERPRETATION_OR_DIAGNOSIS;WORKFLOW_OR_DOCUMENTATION,CODED,false,NONE
K210611:component_status,K210611,component_status,SINGLE,SINGLE,CODED,false,NONE
K210632:input,K210632,input,MEDICAL_IMAGE,MEDICAL_IMAGE,CODED,false,NONE
K210632:output,K210632,output,SEGMENTATION_OR_LOCALIZATION,SEGMENTATION_OR_LOCALIZATION,CODED,false,NONE
K210632:user,K210632,user,OTHER_CLINICIAN,OTHER_CLINICIAN,CODED,false,NONE
K210632:setting,K210632,setting,OTHER;MONITORING,OTHER;MONITORING,CODED,false,NONE
K210632:action,K210632,action,TREATMENT_OR_PROCEDURE_PLANNING;MONITORING_OR_FOLLOW_UP,TREATMENT_OR_PROCEDURE_PLANNING;MONITORING_OR_FOLLOW_UP,CODED,false,NONE
K210632:component_status,K210632,component_status,SINGLE,SINGLE,CODED,false,NONE
K210645:input,K210645,input,MEDICAL_IMAGE,MEDICAL_IMAGE,CODED,false,NONE
K210645:output,K210645,output,SEGMENTATION_OR_LOCALIZATION;RECOMMENDATION_OR_PLANNING,SEGMENTATION_OR_LOCALIZATION;RECOMMENDATION_OR_PLANNING,CODED,false,NONE
K210645:user,K210645,user,OTHER_CLINICIAN,OTHER_CLINICIAN,CODED,false,NONE
K210645:setting,K210645,setting,OTHER,OTHER,CODED,false,NONE
K210645:action,K210645,action,TREATMENT_OR_PROCEDURE_PLANNING,TREATMENT_OR_PROCEDURE_PLANNING,CODED,false,NONE
K210645:component_status,K210645,component_status,MULTIPLE,MULTIPLE,CODED,false,NONE
K210666:input,K210666,input,MEDICAL_IMAGE,MEDICAL_IMAGE,CODED,false,NONE
K210666:output,K210666,output,DETECTION_OR_ALERT;SEGMENTATION_OR_LOCALIZATION;CLASSIFICATION_OR_DIAGNOSIS,DETECTION_OR_ALERT;SEGMENTATION_OR_LOCALIZATION;CLASSIFICATION_OR_DIAGNOSIS,CODED,false,NONE
K210666:user,K210666,user,OTHER_PHYSICIAN,OTHER_PHYSICIAN,CODED,false,NONE
K210666:setting,K210666,setting,DIAGNOSTIC_INTERPRETATION,DIAGNOSTIC_INTERPRETATION,CODED,false,NONE
K210666:action,K210666,action,INTERPRETATION_OR_DIAGNOSIS,INTERPRETATION_OR_DIAGNOSIS,CODED,false,NONE
K210666:component_status,K210666,component_status,SINGLE,SINGLE,CODED,false,NONE
K210670:input,K210670,input,MEDICAL_IMAGE,MEDICAL_IMAGE,CODED,false,NONE
K210670:output,K210670,output,DETECTION_OR_ALERT;SEGMENTATION_OR_LOCALIZATION;RISK_SCORE_OR_PREDICTION;CLASSIFICATION_OR_DIAGNOSIS;DOCUMENTATION_OR_SUMMARY,DETECTION_OR_ALERT;SEGMENTATION_OR_LOCALIZATION;RISK_SCORE_OR_PREDICTION;CLASSIFICATION_OR_DIAGNOSIS;DOCUMENTATION_OR_SUMMARY,CODED,false,NONE
K210670:user,K210670,user,OTHER_PHYSICIAN,OTHER_PHYSICIAN,CODED,false,NONE
K210670:setting,K210670,setting,DIAGNOSTIC_INTERPRETATION,DIAGNOSTIC_INTERPRETATION,CODED,false,NONE
K210670:action,K210670,action,INTERPRETATION_OR_DIAGNOSIS;WORKFLOW_OR_DOCUMENTATION,INTERPRETATION_OR_DIAGNOSIS;WORKFLOW_OR_DOCUMENTATION,CODED,false,NONE
K210670:component_status,K210670,component_status,SINGLE,SINGLE,CODED,false,NONE
K210719:input,K210719,input,MEDICAL_IMAGE,MEDICAL_IMAGE,CODED,false,NONE
K210719:output,K210719,output,CLASSIFICATION_OR_DIAGNOSIS;DOCUMENTATION_OR_SUMMARY,CLASSIFICATION_OR_DIAGNOSIS;DOCUMENTATION_OR_SUMMARY,CODED,false,NONE
K210719:user,K210719,user,OTHER_PHYSICIAN;OTHER_CLINICIAN;OTHER,OTHER_PHYSICIAN;OTHER_CLINICIAN;OTHER,CODED,false,NONE
K210719:setting,K210719,setting,DIAGNOSTIC_INTERPRETATION;OTHER,DIAGNOSTIC_INTERPRETATION;OTHER,CODED,false,NONE
K210719:action,K210719,action,WORKFLOW_OR_DOCUMENTATION,WORKFLOW_OR_DOCUMENTATION,CODED,false,NONE
K210719:component_status,K210719,component_status,SINGLE,SINGLE,CODED,false,NONE
K210747:input,K210747,input,MEDICAL_IMAGE,MEDICAL_IMAGE,CODED,false,NONE
K210747:output,K210747,output,MEASUREMENT_OR_QUANTIFICATION;OTHER,MEASUREMENT_OR_QUANTIFICATION;OTHER,CODED,false,NONE
K210747:user,K210747,user,OTHER_CLINICIAN,OTHER_CLINICIAN,CODED,false,NONE
K210747:setting,K210747,setting,DIAGNOSTIC_INTERPRETATION,DIAGNOSTIC_INTERPRETATION,CODED,false,NONE
K210747:action,K210747,action,INTERPRETATION_OR_DIAGNOSIS,INTERPRETATION_OR_DIAGNOSIS,CODED,false,NONE
K210747:component_status,K210747,component_status,SINGLE,SINGLE,CODED,false,NONE
K210760:input,K210760,input,MEDICAL_IMAGE,MEDICAL_IMAGE,CODED,false,NONE
K210760:output,K210760,output,RECONSTRUCTION_OR_ENHANCEMENT,RECONSTRUCTION_OR_ENHANCEMENT,CODED,false,NONE
K210760:user,K210760,user,RADIOLOGIST,RADIOLOGIST,CODED,false,NONE
K210760:setting,K210760,setting,DIAGNOSTIC_INTERPRETATION;OTHER,DIAGNOSTIC_INTERPRETATION;OTHER,CODED,false,NONE
K210760:action,K210760,action,INTERPRETATION_OR_DIAGNOSIS;WORKFLOW_OR_DOCUMENTATION,INTERPRETATION_OR_DIAGNOSIS;WORKFLOW_OR_DOCUMENTATION,CODED,false,NONE
K210760:component_status,K210760,component_status,SINGLE,SINGLE,CODED,false,NONE
K210791:input,K210791,input,MEDICAL_IMAGE,MEDICAL_IMAGE,CODED,false,NONE
K210791:output,K210791,output,SEGMENTATION_OR_LOCALIZATION;MEASUREMENT_OR_QUANTIFICATION;DOCUMENTATION_OR_SUMMARY,SEGMENTATION_OR_LOCALIZATION;MEASUREMENT_OR_QUANTIFICATION;DOCUMENTATION_OR_SUMMARY,CODED,false,NONE
K210791:user,K210791,user,TECHNOLOGIST_OR_OPERATOR;OTHER_PHYSICIAN;OTHER_CLINICIAN,TECHNOLOGIST_OR_OPERATOR;OTHER_PHYSICIAN;OTHER_CLINICIAN,CODED,false,NONE
K210791:setting,K210791,setting,DIAGNOSTIC_INTERPRETATION,DIAGNOSTIC_INTERPRETATION,CODED,false,NONE
K210791:action,K210791,action,INTERPRETATION_OR_DIAGNOSIS;WORKFLOW_OR_DOCUMENTATION,INTERPRETATION_OR_DIAGNOSIS;WORKFLOW_OR_DOCUMENTATION,CODED,false,NONE
K210791:component_status,K210791,component_status,SINGLE,SINGLE,CODED,false,NONE
K210807:input,K210807,input,MEDICAL_IMAGE,MEDICAL_IMAGE,CODED,false,NONE
K210807:output,K210807,output,SEGMENTATION_OR_LOCALIZATION;OTHER,SEGMENTATION_OR_LOCALIZATION;OTHER,CODED,false,NONE
K210807:user,K210807,user,OTHER_PHYSICIAN,OTHER_PHYSICIAN,CODED,false,NONE
K210807:setting,K210807,setting,PROCEDURAL_OR_OPERATING_ROOM,PROCEDURAL_OR_OPERATING_ROOM,CODED,false,NONE
K210807:action,K210807,action,TREATMENT_OR_PROCEDURE_PLANNING,TREATMENT_OR_PROCEDURE_PLANNING,CODED,false,NONE
K210807:component_status,K210807,component_status,SINGLE,SINGLE,CODED,false,NONE
K210822:input,K210822,input,PHYSIOLOGICAL_SIGNAL,PHYSIOLOGICAL_SIGNAL,CODED,false,NONE
K210822:output,K210822,output,DETECTION_OR_ALERT;CLASSIFICATION_OR_DIAGNOSIS;MEASUREMENT_OR_QUANTIFICATION,DETECTION_OR_ALERT;CLASSIFICATION_OR_DIAGNOSIS;MEASUREMENT_OR_QUANTIFICATION,CODED,false,NONE
K210822:user,K210822,user,TECHNOLOGIST_OR_OPERATOR;OTHER_PHYSICIAN;OTHER_CLINICIAN;OTHER,TECHNOLOGIST_OR_OPERATOR;OTHER_PHYSICIAN;OTHER_CLINICIAN;OTHER,CODED,false,NONE
K210822:setting,K210822,setting,MONITORING;DIAGNOSTIC_INTERPRETATION;OTHER,MONITORING;DIAGNOSTIC_INTERPRETATION;OTHER,CODED,false,NONE
K210822:action,K210822,action,INTERPRETATION_OR_DIAGNOSIS;MONITORING_OR_FOLLOW_UP,INTERPRETATION_OR_DIAGNOSIS;MONITORING_OR_FOLLOW_UP,CODED,false,NONE
K210822:component_status,K210822,component_status,SINGLE,SINGLE,CODED,false,NONE
K210831:input,K210831,input,MEDICAL_IMAGE,MEDICAL_IMAGE,CODED,false,NONE
K210831:output,K210831,output,SEGMENTATION_OR_LOCALIZATION;MEASUREMENT_OR_QUANTIFICATION;RECONSTRUCTION_OR_ENHANCEMENT;DOCUMENTATION_OR_SUMMARY,SEGMENTATION_OR_LOCALIZATION;MEASUREMENT_OR_QUANTIFICATION;RECONSTRUCTION_OR_ENHANCEMENT;DOCUMENTATION_OR_SUMMARY,CODED,false,NONE
K210831:user,K210831,user,RADIOLOGIST;OTHER_PHYSICIAN;OTHER_CLINICIAN,RADIOLOGIST;OTHER_PHYSICIAN;OTHER_CLINICIAN,CODED,false,NONE
K210831:setting,K210831,setting,DIAGNOSTIC_INTERPRETATION;MONITORING;OTHER,DIAGNOSTIC_INTERPRETATION;MONITORING;OTHER,CODED,false,NONE
K210831:action,K210831,action,INTERPRETATION_OR_DIAGNOSIS;MONITORING_OR_FOLLOW_UP,INTERPRETATION_OR_DIAGNOSIS;MONITORING_OR_FOLLOW_UP,CODED,false,NONE
K210831:component_status,K210831,component_status,MULTIPLE,MULTIPLE,CODED,false,NONE
K210999:input,K210999,input,MEDICAL_IMAGE,MEDICAL_IMAGE,CODED,false,NONE
K210999:output,K210999,output,RECONSTRUCTION_OR_ENHANCEMENT,RECONSTRUCTION_OR_ENHANCEMENT,CODED,false,NONE
K210999:user,K210999,user,TECHNOLOGIST_OR_OPERATOR,TECHNOLOGIST_OR_OPERATOR,CODED,false,NONE
K210999:setting,K210999,setting,OTHER,OTHER,CODED,false,NONE
K210999:action,K210999,action,WORKFLOW_OR_DOCUMENTATION,WORKFLOW_OR_DOCUMENTATION,CODED,false,NONE
K210999:component_status,K210999,component_status,SINGLE,SINGLE,CODED,false,NONE
K211118:input,K211118,input,MEDICAL_IMAGE,MEDICAL_IMAGE,CODED,false,NONE
K211118:output,K211118,output,RECONSTRUCTION_OR_ENHANCEMENT,RECONSTRUCTION_OR_ENHANCEMENT,CODED,false,NONE
K211118:user,K211118,user,TECHNOLOGIST_OR_OPERATOR;OTHER_PHYSICIAN,TECHNOLOGIST_OR_OPERATOR;OTHER_PHYSICIAN,CODED,false,NONE
K211118:setting,K211118,setting,DIAGNOSTIC_INTERPRETATION;OTHER,DIAGNOSTIC_INTERPRETATION;OTHER,CODED,false,NONE
K211118:action,K211118,action,INTERPRETATION_OR_DIAGNOSIS;WORKFLOW_OR_DOCUMENTATION,INTERPRETATION_OR_DIAGNOSIS;WORKFLOW_OR_DOCUMENTATION,CODED,false,NONE
K211118:component_status,K211118,component_status,SINGLE,SINGLE,CODED,false,NONE
K211161:input,K211161,input,MEDICAL_IMAGE,MEDICAL_IMAGE,CODED,false,NONE
K211161:output,K211161,output,DETECTION_OR_ALERT;SEGMENTATION_OR_LOCALIZATION;MEASUREMENT_OR_QUANTIFICATION,DETECTION_OR_ALERT;SEGMENTATION_OR_LOCALIZATION;MEASUREMENT_OR_QUANTIFICATION,CODED,false,NONE
K211161:user,K211161,user,RADIOLOGIST;OTHER_CLINICIAN,RADIOLOGIST;OTHER_CLINICIAN,CODED,false,NONE
K211161:setting,K211161,setting,PROCEDURAL_OR_OPERATING_ROOM;ACUTE_TRIAGE_OR_EMERGENCY,PROCEDURAL_OR_OPERATING_ROOM;ACUTE_TRIAGE_OR_EMERGENCY,CODED,false,NONE
K211161:action,K211161,action,TREATMENT_OR_PROCEDURE_PLANNING;INTERPRETATION_OR_DIAGNOSIS;TRIAGE_OR_PRIORITIZATION,TREATMENT_OR_PROCEDURE_PLANNING;INTERPRETATION_OR_DIAGNOSIS;TRIAGE_OR_PRIORITIZATION,CODED,false,NONE
K211161:component_status,K211161,component_status,MULTIPLE,MULTIPLE,CODED,false,NONE
K211179:input,K211179,input,MEDICAL_IMAGE,MEDICAL_IMAGE,CODED,false,NONE
K211179:output,K211179,output,DETECTION_OR_ALERT;OTHER,DETECTION_OR_ALERT;OTHER,CODED,false,NONE
K211179:user,K211179,user,RADIOLOGIST,RADIOLOGIST,CODED,false,NONE
K211179:setting,K211179,setting,ACUTE_TRIAGE_OR_EMERGENCY;OTHER,ACUTE_TRIAGE_OR_EMERGENCY;OTHER,CODED,false,NONE
K211179:action,K211179,action,TRIAGE_OR_PRIORITIZATION,TRIAGE_OR_PRIORITIZATION,CODED,false,NONE
K211179:component_status,K211179,component_status,SINGLE,SINGLE,CODED,false,NONE
K211222:input,K211222,input,MEDICAL_IMAGE,MEDICAL_IMAGE,CODED,false,NONE
K211222:output,K211222,output,SEGMENTATION_OR_LOCALIZATION;MEASUREMENT_OR_QUANTIFICATION;DOCUMENTATION_OR_SUMMARY,SEGMENTATION_OR_LOCALIZATION;MEASUREMENT_OR_QUANTIFICATION;DOCUMENTATION_OR_SUMMARY,CODED,false,NONE
K211222:user,K211222,user,NOT_STATED,NOT_STATED,NOT_STATED,true,FIELD_NOT_STATED
K211222:setting,K211222,setting,MONITORING;OTHER,MONITORING;OTHER,CODED,false,NONE
K211222:action,K211222,action,MONITORING_OR_FOLLOW_UP;WORKFLOW_OR_DOCUMENTATION,MONITORING_OR_FOLLOW_UP;WORKFLOW_OR_DOCUMENTATION,CODED,false,NONE
K211222:component_status,K211222,component_status,SINGLE,SINGLE,CODED,false,NONE
K211279:input,K211279,input,MEDICAL_IMAGE,MEDICAL_IMAGE,CODED,false,NONE
K211279:output,K211279,output,MEASUREMENT_OR_QUANTIFICATION;CLASSIFICATION_OR_DIAGNOSIS;SEGMENTATION_OR_LOCALIZATION;DOCUMENTATION_OR_SUMMARY,MEASUREMENT_OR_QUANTIFICATION;CLASSIFICATION_OR_DIAGNOSIS;SEGMENTATION_OR_LOCALIZATION;DOCUMENTATION_OR_SUMMARY,CODED,false,NONE
K211279:user,K211279,user,OTHER_CLINICIAN;OTHER_PHYSICIAN,OTHER_CLINICIAN;OTHER_PHYSICIAN,CODED,false,NONE
K211279:setting,K211279,setting,SCREENING,SCREENING,CODED,false,NONE
K211279:action,K211279,action,INTERPRETATION_OR_DIAGNOSIS;WORKFLOW_OR_DOCUMENTATION,INTERPRETATION_OR_DIAGNOSIS;WORKFLOW_OR_DOCUMENTATION,CODED,false,NONE
K211279:component_status,K211279,component_status,SINGLE,SINGLE,CODED,false,NONE
K211326:input,K211326,input,MEDICAL_IMAGE,MEDICAL_IMAGE,CODED,false,NONE
K211326:output,K211326,output,DETECTION_OR_ALERT;SEGMENTATION_OR_LOCALIZATION,DETECTION_OR_ALERT;SEGMENTATION_OR_LOCALIZATION,CODED,false,NONE
K211326:user,K211326,user,OTHER_PHYSICIAN,OTHER_PHYSICIAN,CODED,false,NONE
K211326:setting,K211326,setting,PROCEDURAL_OR_OPERATING_ROOM,PROCEDURAL_OR_OPERATING_ROOM,CODED,false,NONE
K211326:action,K211326,action,INTERPRETATION_OR_DIAGNOSIS,INTERPRETATION_OR_DIAGNOSIS,CODED,false,NONE
K211326:component_status,K211326,component_status,SINGLE,SINGLE,CODED,false,NONE
K211379:input,K211379,input,MEDICAL_IMAGE,MEDICAL_IMAGE,CODED,false,NONE
K211379:output,K211379,output,SEGMENTATION_OR_LOCALIZATION;RECONSTRUCTION_OR_ENHANCEMENT,SEGMENTATION_OR_LOCALIZATION;RECONSTRUCTION_OR_ENHANCEMENT,CODED,false,NONE
K211379:user,K211379,user,OTHER_CLINICIAN,OTHER_CLINICIAN,CODED,false,NONE
K211379:setting,K211379,setting,OTHER,OTHER,CODED,false,NONE
K211379:action,K211379,action,TREATMENT_OR_PROCEDURE_PLANNING,TREATMENT_OR_PROCEDURE_PLANNING,CODED,false,NONE
K211379:component_status,K211379,component_status,MULTIPLE,MULTIPLE,CODED,false,NONE
K211431:input,K211431,input,MEDICAL_IMAGE,MEDICAL_IMAGE,CODED,false,NONE
K211431:output,K211431,output,SEGMENTATION_OR_LOCALIZATION;MEASUREMENT_OR_QUANTIFICATION;RECONSTRUCTION_OR_ENHANCEMENT;RECOMMENDATION_OR_PLANNING;DOCUMENTATION_OR_SUMMARY,SEGMENTATION_OR_LOCALIZATION;MEASUREMENT_OR_QUANTIFICATION;RECONSTRUCTION_OR_ENHANCEMENT;RECOMMENDATION_OR_PLANNING;DOCUMENTATION_OR_SUMMARY,CODED,false,NONE
K211431:user,K211431,user,OTHER_PHYSICIAN;TECHNOLOGIST_OR_OPERATOR,OTHER_PHYSICIAN;TECHNOLOGIST_OR_OPERATOR,CODED,false,NONE
K211431:setting,K211431,setting,SCREENING;DIAGNOSTIC_INTERPRETATION;PROCEDURAL_OR_OPERATING_ROOM;MONITORING,SCREENING;DIAGNOSTIC_INTERPRETATION;PROCEDURAL_OR_OPERATING_ROOM;MONITORING,CODED,false,NONE
K211431:action,K211431,action,INTERPRETATION_OR_DIAGNOSIS;TREATMENT_OR_PROCEDURE_PLANNING;MONITORING_OR_FOLLOW_UP;WORKFLOW_OR_DOCUMENTATION,INTERPRETATION_OR_DIAGNOSIS;TREATMENT_OR_PROCEDURE_PLANNING;MONITORING_OR_FOLLOW_UP;WORKFLOW_OR_DOCUMENTATION,CODED,false,NONE
K211431:component_status,K211431,component_status,MULTIPLE,MULTIPLE,CODED,false,NONE
K211443:input,K211443,input,MEDICAL_IMAGE,MEDICAL_IMAGE,CODED,false,NONE
K211443:output,K211443,output,SEGMENTATION_OR_LOCALIZATION,SEGMENTATION_OR_LOCALIZATION,CODED,false,NONE
K211443:user,K211443,user,RADIOLOGIST,RADIOLOGIST,CODED,false,NONE
K211443:setting,K211443,setting,PROCEDURAL_OR_OPERATING_ROOM;OTHER,PROCEDURAL_OR_OPERATING_ROOM;OTHER,CODED,false,NONE
K211443:action,K211443,action,TREATMENT_OR_PROCEDURE_PLANNING,TREATMENT_OR_PROCEDURE_PLANNING,CODED,false,NONE
K211443:component_status,K211443,component_status,SINGLE,SINGLE,CODED,false,NONE
K211459:input,K211459,input,MEDICAL_IMAGE,MEDICAL_IMAGE,CODED,false,NONE
K211459:output,K211459,output,SEGMENTATION_OR_LOCALIZATION;MEASUREMENT_OR_QUANTIFICATION,SEGMENTATION_OR_LOCALIZATION;MEASUREMENT_OR_QUANTIFICATION,CODED,false,NONE
K211459:user,K211459,user,OTHER_CLINICIAN;OTHER_PHYSICIAN,OTHER_CLINICIAN;OTHER_PHYSICIAN,CODED,false,NONE
K211459:setting,K211459,setting,DIAGNOSTIC_INTERPRETATION,DIAGNOSTIC_INTERPRETATION,CODED,false,NONE
K211459:action,K211459,action,INTERPRETATION_OR_DIAGNOSIS,INTERPRETATION_OR_DIAGNOSIS,CODED,false,NONE
K211459:component_status,K211459,component_status,MULTIPLE,MULTIPLE,CODED,false,NONE
K211506:input,K211506,input,MEDICAL_IMAGE,MEDICAL_IMAGE,CODED,false,NONE
K211506:output,K211506,output,CLASSIFICATION_OR_DIAGNOSIS;MEASUREMENT_OR_QUANTIFICATION;DOCUMENTATION_OR_SUMMARY,CLASSIFICATION_OR_DIAGNOSIS;MEASUREMENT_OR_QUANTIFICATION;DOCUMENTATION_OR_SUMMARY,CODED,false,NONE
K211506:user,K211506,user,RADIOLOGIST,RADIOLOGIST,CODED,false,NONE
K211506:setting,K211506,setting,DIAGNOSTIC_INTERPRETATION,DIAGNOSTIC_INTERPRETATION,CODED,false,NONE
K211506:action,K211506,action,INTERPRETATION_OR_DIAGNOSIS,INTERPRETATION_OR_DIAGNOSIS,CODED,false,NONE
K211506:component_status,K211506,component_status,SINGLE,SINGLE,CODED,false,NONE
K211541:input,K211541,input,MEDICAL_IMAGE,MEDICAL_IMAGE,CODED,false,NONE
K211541:output,K211541,output,DETECTION_OR_ALERT;SEGMENTATION_OR_LOCALIZATION;RISK_SCORE_OR_PREDICTION;DOCUMENTATION_OR_SUMMARY,DETECTION_OR_ALERT;SEGMENTATION_OR_LOCALIZATION;RISK_SCORE_OR_PREDICTION;DOCUMENTATION_OR_SUMMARY,CODED,false,NONE
K211541:user,K211541,user,OTHER_PHYSICIAN,OTHER_PHYSICIAN,CODED,false,NONE
K211541:setting,K211541,setting,SCREENING,SCREENING,CODED,false,NONE
K211541:action,K211541,action,INTERPRETATION_OR_DIAGNOSIS,INTERPRETATION_OR_DIAGNOSIS,CODED,false,NONE
K211541:component_status,K211541,component_status,SINGLE,SINGLE,CODED,false,NONE
K211597:input,K211597,input,MEDICAL_IMAGE,MEDICAL_IMAGE,CODED,false,NONE
K211597:output,K211597,output,MEASUREMENT_OR_QUANTIFICATION,MEASUREMENT_OR_QUANTIFICATION,CODED,false,NONE
K211597:user,K211597,user,OTHER_CLINICIAN,OTHER_CLINICIAN,CODED,false,NONE
K211597:setting,K211597,setting,DIAGNOSTIC_INTERPRETATION,DIAGNOSTIC_INTERPRETATION,CODED,false,NONE
K211597:action,K211597,action,INTERPRETATION_OR_DIAGNOSIS;WORKFLOW_OR_DOCUMENTATION,INTERPRETATION_OR_DIAGNOSIS;WORKFLOW_OR_DOCUMENTATION,CODED,false,NONE
K211597:component_status,K211597,component_status,SINGLE,SINGLE,CODED,false,NONE
K211611:input,K211611,input,MEDICAL_IMAGE,MEDICAL_IMAGE,CODED,false,NONE
K211611:output,K211611,output,SEGMENTATION_OR_LOCALIZATION;MEASUREMENT_OR_QUANTIFICATION;DOCUMENTATION_OR_SUMMARY,SEGMENTATION_OR_LOCALIZATION;MEASUREMENT_OR_QUANTIFICATION;DOCUMENTATION_OR_SUMMARY,CODED,false,NONE
K211611:user,K211611,user,OTHER_CLINICIAN,OTHER_CLINICIAN,CODED,false,NONE
K211611:setting,K211611,setting,DIAGNOSTIC_INTERPRETATION,DIAGNOSTIC_INTERPRETATION,CODED,false,NONE
K211611:action,K211611,action,INTERPRETATION_OR_DIAGNOSIS,INTERPRETATION_OR_DIAGNOSIS,CODED,false,NONE
K211611:component_status,K211611,component_status,SINGLE,SINGLE,CODED,false,NONE
K211655:input,K211655,input,MEDICAL_IMAGE,MEDICAL_IMAGE,CODED,false,NONE
K211655:output,K211655,output,DETECTION_OR_ALERT;SEGMENTATION_OR_LOCALIZATION;MEASUREMENT_OR_QUANTIFICATION;DOCUMENTATION_OR_SUMMARY,DETECTION_OR_ALERT;SEGMENTATION_OR_LOCALIZATION;MEASUREMENT_OR_QUANTIFICATION;DOCUMENTATION_OR_SUMMARY,CODED,false,NONE
K211655:user,K211655,user,OTHER_CLINICIAN;OTHER,OTHER_CLINICIAN;OTHER,CODED,false,NONE
K211655:setting,K211655,setting,DIAGNOSTIC_INTERPRETATION;OTHER,DIAGNOSTIC_INTERPRETATION;OTHER,CODED,false,NONE
K211655:action,K211655,action,INTERPRETATION_OR_DIAGNOSIS;WORKFLOW_OR_DOCUMENTATION,INTERPRETATION_OR_DIAGNOSIS;WORKFLOW_OR_DOCUMENTATION,CODED,false,NONE
K211655:component_status,K211655,component_status,SINGLE,SINGLE,CODED,false,NONE
K211678:input,K211678,input,MEDICAL_IMAGE,MEDICAL_IMAGE,CODED,false,NONE
K211678:output,K211678,output,DETECTION_OR_ALERT;SEGMENTATION_OR_LOCALIZATION;RISK_SCORE_OR_PREDICTION,DETECTION_OR_ALERT;SEGMENTATION_OR_LOCALIZATION;RISK_SCORE_OR_PREDICTION,CODED,false,NONE
K211678:user,K211678,user,OTHER_PHYSICIAN,OTHER_PHYSICIAN,CODED,false,NONE
K211678:setting,K211678,setting,SCREENING,SCREENING,CODED,false,NONE
K211678:action,K211678,action,INTERPRETATION_OR_DIAGNOSIS,INTERPRETATION_OR_DIAGNOSIS,CODED,false,NONE
K211678:component_status,K211678,component_status,SINGLE,SINGLE,CODED,false,NONE
K211733:input,K211733,input,MEDICAL_IMAGE,MEDICAL_IMAGE,CODED,false,NONE
K211733:output,K211733,output,DETECTION_OR_ALERT,DETECTION_OR_ALERT,CODED,false,NONE
K211733:user,K211733,user,OTHER_PHYSICIAN,OTHER_PHYSICIAN,CODED,false,NONE
K211733:setting,K211733,setting,ACUTE_TRIAGE_OR_EMERGENCY,ACUTE_TRIAGE_OR_EMERGENCY,CODED,false,NONE
K211733:action,K211733,action,TRIAGE_OR_PRIORITIZATION,TRIAGE_OR_PRIORITIZATION,CODED,false,NONE
K211733:component_status,K211733,component_status,MULTIPLE,MULTIPLE,CODED,false,NONE
K211764:input,K211764,input,MEDICAL_IMAGE,MEDICAL_IMAGE,CODED,false,NONE
K211764:output,K211764,output,RECONSTRUCTION_OR_ENHANCEMENT,RECONSTRUCTION_OR_ENHANCEMENT,CODED,false,NONE
K211764:user,K211764,user,NOT_STATED,NOT_STATED,NOT_STATED,true,FIELD_NOT_STATED
K211764:setting,K211764,setting,DIAGNOSTIC_INTERPRETATION;MONITORING,DIAGNOSTIC_INTERPRETATION;MONITORING,CODED,false,NONE
K211764:action,K211764,action,INTERPRETATION_OR_DIAGNOSIS;MONITORING_OR_FOLLOW_UP,INTERPRETATION_OR_DIAGNOSIS;MONITORING_OR_FOLLOW_UP,CODED,false,NONE
K211764:component_status,K211764,component_status,SINGLE,SINGLE,CODED,false,NONE
K211788:input,K211788,input,MEDICAL_IMAGE,MEDICAL_IMAGE,CODED,false,NONE
K211788:output,K211788,output,DETECTION_OR_ALERT;OTHER,DETECTION_OR_ALERT;OTHER,CODED,false,NONE
K211788:user,K211788,user,RADIOLOGIST;OTHER_PHYSICIAN,RADIOLOGIST;OTHER_PHYSICIAN,CODED,false,NONE
K211788:setting,K211788,setting,ACUTE_TRIAGE_OR_EMERGENCY,ACUTE_TRIAGE_OR_EMERGENCY,CODED,false,NONE
K211788:action,K211788,action,TRIAGE_OR_PRIORITIZATION,TRIAGE_OR_PRIORITIZATION,CODED,false,NONE
K211788:component_status,K211788,component_status,SINGLE,SINGLE,CODED,false,NONE
K211803:input,K211803,input,MEDICAL_IMAGE,MEDICAL_IMAGE,CODED,false,NONE
K211803:output,K211803,output,DETECTION_OR_ALERT;OTHER,DETECTION_OR_ALERT;OTHER,CODED,false,NONE
K211803:user,K211803,user,RADIOLOGIST,RADIOLOGIST,CODED,false,NONE
K211803:setting,K211803,setting,ACUTE_TRIAGE_OR_EMERGENCY,ACUTE_TRIAGE_OR_EMERGENCY,CODED,false,NONE
K211803:action,K211803,action,TRIAGE_OR_PRIORITIZATION,TRIAGE_OR_PRIORITIZATION,CODED,false,NONE
K211803:component_status,K211803,component_status,SINGLE,SINGLE,CODED,false,NONE
K211824:input,K211824,input,MEDICAL_IMAGE,MEDICAL_IMAGE,CODED,false,NONE
K211824:output,K211824,output,CLASSIFICATION_OR_DIAGNOSIS;SEGMENTATION_OR_LOCALIZATION;MEASUREMENT_OR_QUANTIFICATION;DOCUMENTATION_OR_SUMMARY,CLASSIFICATION_OR_DIAGNOSIS;SEGMENTATION_OR_LOCALIZATION;MEASUREMENT_OR_QUANTIFICATION;DOCUMENTATION_OR_SUMMARY,CODED,false,NONE
K211824:user,K211824,user,OTHER_CLINICIAN,OTHER_CLINICIAN,CODED,false,NONE
K211824:setting,K211824,setting,DIAGNOSTIC_INTERPRETATION;OTHER,DIAGNOSTIC_INTERPRETATION;OTHER,CODED,false,NONE
K211824:action,K211824,action,INTERPRETATION_OR_DIAGNOSIS;WORKFLOW_OR_DOCUMENTATION,INTERPRETATION_OR_DIAGNOSIS;WORKFLOW_OR_DOCUMENTATION,CODED,false,NONE
K211824:component_status,K211824,component_status,MULTIPLE,MULTIPLE,CODED,false,NONE
K211828:input,K211828,input,MEDICAL_IMAGE,MEDICAL_IMAGE,CODED,false,NONE
K211828:output,K211828,output,RECONSTRUCTION_OR_ENHANCEMENT,RECONSTRUCTION_OR_ENHANCEMENT,CODED,false,NONE
K211828:user,K211828,user,OTHER_PHYSICIAN,OTHER_PHYSICIAN,CODED,false,NONE
K211828:setting,K211828,setting,DIAGNOSTIC_INTERPRETATION;OTHER,DIAGNOSTIC_INTERPRETATION;OTHER,CODED,false,NONE
K211828:action,K211828,action,INTERPRETATION_OR_DIAGNOSIS;WORKFLOW_OR_DOCUMENTATION,INTERPRETATION_OR_DIAGNOSIS;WORKFLOW_OR_DOCUMENTATION,CODED,false,NONE
K211828:component_status,K211828,component_status,SINGLE,SINGLE,CODED,false,NONE
K211841:input,K211841,input,MEDICAL_IMAGE,MEDICAL_IMAGE,CODED,false,NONE
K211841:output,K211841,output,RECONSTRUCTION_OR_ENHANCEMENT;SEGMENTATION_OR_LOCALIZATION,RECONSTRUCTION_OR_ENHANCEMENT;SEGMENTATION_OR_LOCALIZATION,CODED,false,NONE
K211841:user,K211841,user,OTHER_PHYSICIAN;OTHER_CLINICIAN,OTHER_PHYSICIAN;OTHER_CLINICIAN,CODED,false,NONE
K211841:setting,K211841,setting,OTHER,OTHER,CODED,false,NONE
K211841:action,K211841,action,TREATMENT_OR_PROCEDURE_PLANNING,TREATMENT_OR_PROCEDURE_PLANNING,CODED,false,NONE
K211841:component_status,K211841,component_status,MULTIPLE,MULTIPLE,CODED,false,NONE
K211846:input,K211846,input,MEDICAL_IMAGE,MEDICAL_IMAGE,CODED,false,NONE
K211846:output,K211846,output,RECONSTRUCTION_OR_ENHANCEMENT,RECONSTRUCTION_OR_ENHANCEMENT,CODED,false,NONE
K211846:user,K211846,user,NOT_STATED,NOT_STATED,NOT_STATED,true,FIELD_NOT_STATED
K211846:setting,K211846,setting,DIAGNOSTIC_INTERPRETATION,DIAGNOSTIC_INTERPRETATION,CODED,false,NONE
K211846:action,K211846,action,INTERPRETATION_OR_DIAGNOSIS;WORKFLOW_OR_DOCUMENTATION,INTERPRETATION_OR_DIAGNOSIS;WORKFLOW_OR_DOCUMENTATION,CODED,false,NONE
K211846:component_status,K211846,component_status,SINGLE,SINGLE,CODED,false,NONE
K211867:input,K211867,input,MEDICAL_IMAGE,MEDICAL_IMAGE,CODED,false,NONE
K211867:output,K211867,output,SEGMENTATION_OR_LOCALIZATION;RECOMMENDATION_OR_PLANNING,SEGMENTATION_OR_LOCALIZATION;RECOMMENDATION_OR_PLANNING,CODED,false,NONE
K211867:user,K211867,user,OTHER_CLINICIAN,OTHER_CLINICIAN,CODED,false,NONE
K211867:setting,K211867,setting,OTHER,OTHER,CODED,false,NONE
K211867:action,K211867,action,TREATMENT_OR_PROCEDURE_PLANNING,TREATMENT_OR_PROCEDURE_PLANNING,CODED,false,NONE
K211867:component_status,K211867,component_status,MULTIPLE,MULTIPLE,CODED,false,NONE
K211881:input,K211881,input,MEDICAL_IMAGE,MEDICAL_IMAGE,CODED,false,NONE
K211881:output,K211881,output,SEGMENTATION_OR_LOCALIZATION,SEGMENTATION_OR_LOCALIZATION,CODED,false,NONE
K211881:user,K211881,user,OTHER_CLINICIAN;OTHER_PHYSICIAN,OTHER_CLINICIAN;OTHER_PHYSICIAN,CODED,false,NONE
K211881:setting,K211881,setting,OTHER,OTHER,CODED,false,NONE
K211881:action,K211881,action,TREATMENT_OR_PROCEDURE_PLANNING,TREATMENT_OR_PROCEDURE_PLANNING,CODED,false,NONE
K211881:component_status,K211881,component_status,SINGLE,SINGLE,CODED,false,NONE
K211906:input,K211906,input,AUDIO_OR_VIDEO,AUDIO_OR_VIDEO,CODED,false,NONE
K211906:output,K211906,output,MEASUREMENT_OR_QUANTIFICATION,MEASUREMENT_OR_QUANTIFICATION,CODED,false,NONE
K211906:user,K211906,user,OTHER_CLINICIAN;OTHER,OTHER_CLINICIAN;OTHER,CODED,false,NONE
K211906:setting,K211906,setting,MONITORING;OTHER,MONITORING;OTHER,CODED,false,NONE
K211906:action,K211906,action,MONITORING_OR_FOLLOW_UP,MONITORING_OR_FOLLOW_UP,CODED,false,NONE
K211906:component_status,K211906,component_status,SINGLE,SINGLE,CODED,false,NONE
K211945:input,K211945,input,MEDICAL_IMAGE,MEDICAL_IMAGE,CODED,false,NONE
K211945:output,K211945,output,SEGMENTATION_OR_LOCALIZATION;MEASUREMENT_OR_QUANTIFICATION,SEGMENTATION_OR_LOCALIZATION;MEASUREMENT_OR_QUANTIFICATION,CODED,false,NONE
K211945:user,K211945,user,OTHER_CLINICIAN,OTHER_CLINICIAN,CODED,false,NONE
K211945:setting,K211945,setting,DIAGNOSTIC_INTERPRETATION;OTHER,DIAGNOSTIC_INTERPRETATION;OTHER,CODED,false,NONE
K211945:action,K211945,action,INTERPRETATION_OR_DIAGNOSIS,INTERPRETATION_OR_DIAGNOSIS,CODED,false,NONE
K211945:component_status,K211945,component_status,UNCERTAIN,UNCERTAIN,UNCERTAIN,true,FUNCTION_GROUP_UNRESOLVED
K211951:input,K211951,input,MEDICAL_IMAGE,MEDICAL_IMAGE,CODED,false,NONE
K211951:output,K211951,output,DETECTION_OR_ALERT;SEGMENTATION_OR_LOCALIZATION,DETECTION_OR_ALERT;SEGMENTATION_OR_LOCALIZATION,CODED,false,NONE
K211951:user,K211951,user,OTHER_PHYSICIAN,OTHER_PHYSICIAN,CODED,false,NONE
K211951:setting,K211951,setting,SCREENING;MONITORING;PROCEDURAL_OR_OPERATING_ROOM,SCREENING;MONITORING;PROCEDURAL_OR_OPERATING_ROOM,CODED,false,NONE
K211951:action,K211951,action,INTERPRETATION_OR_DIAGNOSIS;MONITORING_OR_FOLLOW_UP,INTERPRETATION_OR_DIAGNOSIS;MONITORING_OR_FOLLOW_UP,CODED,false,NONE
K211951:component_status,K211951,component_status,SINGLE,SINGLE,CODED,false,NONE
K211964:input,K211964,input,MEDICAL_IMAGE,MEDICAL_IMAGE,CODED,false,NONE
K211964:output,K211964,output,RECONSTRUCTION_OR_ENHANCEMENT,RECONSTRUCTION_OR_ENHANCEMENT,CODED,false,NONE
K211964:user,K211964,user,RADIOLOGIST;OTHER_PHYSICIAN,RADIOLOGIST;OTHER_PHYSICIAN,CODED,false,NONE
K211964:setting,K211964,setting,OTHER,OTHER,CODED,false,NONE
K211964:action,K211964,action,WORKFLOW_OR_DOCUMENTATION,WORKFLOW_OR_DOCUMENTATION,CODED,false,NONE
K211964:component_status,K211964,component_status,SINGLE,SINGLE,CODED,false,NONE
K211966:input,K211966,input,MEDICAL_IMAGE,MEDICAL_IMAGE,CODED,false,NONE
K211966:output,K211966,output,SEGMENTATION_OR_LOCALIZATION,SEGMENTATION_OR_LOCALIZATION,CODED,false,NONE
K211966:user,K211966,user,OTHER_CLINICIAN,OTHER_CLINICIAN,CODED,false,NONE
K211966:setting,K211966,setting,DIAGNOSTIC_INTERPRETATION;OTHER,DIAGNOSTIC_INTERPRETATION;OTHER,CODED,false,NONE
K211966:action,K211966,action,INTERPRETATION_OR_DIAGNOSIS;TREATMENT_OR_PROCEDURE_PLANNING,INTERPRETATION_OR_DIAGNOSIS;TREATMENT_OR_PROCEDURE_PLANNING,CODED,false,NONE
K211966:component_status,K211966,component_status,SINGLE,SINGLE,CODED,false,NONE
K211980:input,K211980,input,NOT_ASSESSABLE,NOT_ASSESSABLE,NOT_ASSESSABLE,true,AI_ATTRIBUTION_BARRIER
K211980:output,K211980,output,NOT_ASSESSABLE,NOT_ASSESSABLE,NOT_ASSESSABLE,true,AI_ATTRIBUTION_BARRIER
K211980:user,K211980,user,NOT_ASSESSABLE,NOT_ASSESSABLE,NOT_ASSESSABLE,true,AI_ATTRIBUTION_BARRIER
K211980:setting,K211980,setting,NOT_ASSESSABLE,NOT_ASSESSABLE,NOT_ASSESSABLE,true,AI_ATTRIBUTION_BARRIER
K211980:action,K211980,action,NOT_ASSESSABLE,NOT_ASSESSABLE,NOT_ASSESSABLE,true,AI_ATTRIBUTION_BARRIER
K211980:component_status,K211980,component_status,UNCERTAIN,UNCERTAIN,UNCERTAIN,true,AI_ATTRIBUTION_BARRIER
K212005:input,K212005,input,NOT_STATED,NOT_STATED,NOT_STATED,true,FIELD_NOT_STATED
K212005:output,K212005,output,RISK_SCORE_OR_PREDICTION,RISK_SCORE_OR_PREDICTION,CODED,false,NONE
K212005:user,K212005,user,OTHER_PHYSICIAN;OTHER_CLINICIAN;OTHER,OTHER_PHYSICIAN;OTHER_CLINICIAN;OTHER,CODED,false,NONE
K212005:setting,K212005,setting,OTHER,OTHER,CODED,false,NONE
K212005:action,K212005,action,TREATMENT_OR_PROCEDURE_PLANNING,TREATMENT_OR_PROCEDURE_PLANNING,CODED,false,NONE
K212005:component_status,K212005,component_status,SINGLE,SINGLE,CODED,false,NONE
K212012:input,K212012,input,MEDICAL_IMAGE,MEDICAL_IMAGE,CODED,false,NONE
K212012:output,K212012,output,MEASUREMENT_OR_QUANTIFICATION;DOCUMENTATION_OR_SUMMARY,MEASUREMENT_OR_QUANTIFICATION;DOCUMENTATION_OR_SUMMARY,CODED,false,NONE
K212012:user,K212012,user,OTHER_CLINICIAN,OTHER_CLINICIAN,CODED,false,NONE
K212012:setting,K212012,setting,OTHER;MONITORING,OTHER;MONITORING,CODED,false,NONE
K212012:action,K212012,action,INTERPRETATION_OR_DIAGNOSIS;MONITORING_OR_FOLLOW_UP,INTERPRETATION_OR_DIAGNOSIS;MONITORING_OR_FOLLOW_UP,CODED,false,NONE
K212012:component_status,K212012,component_status,SINGLE,SINGLE,CODED,false,NONE
K212067:input,K212067,input,MEDICAL_IMAGE,MEDICAL_IMAGE,CODED,false,NONE
K212067:output,K212067,output,RECONSTRUCTION_OR_ENHANCEMENT,RECONSTRUCTION_OR_ENHANCEMENT,CODED,false,NONE
K212067:user,K212067,user,NOT_STATED,NOT_STATED,NOT_STATED,true,FIELD_NOT_STATED
K212067:setting,K212067,setting,OTHER,OTHER,CODED,false,NONE
K212067:action,K212067,action,WORKFLOW_OR_DOCUMENTATION,WORKFLOW_OR_DOCUMENTATION,CODED,false,NONE
K212067:component_status,K212067,component_status,SINGLE,SINGLE,CODED,false,NONE
K212074:input,K212074,input,MEDICAL_IMAGE,MEDICAL_IMAGE,CODED,false,NONE
K212074:output,K212074,output,RECONSTRUCTION_OR_ENHANCEMENT,RECONSTRUCTION_OR_ENHANCEMENT,CODED,false,NONE
K212074:user,K212074,user,RADIOLOGIST;OTHER_PHYSICIAN,RADIOLOGIST;OTHER_PHYSICIAN,CODED,false,NONE
K212074:setting,K212074,setting,OTHER,OTHER,CODED,false,NONE
K212074:action,K212074,action,WORKFLOW_OR_DOCUMENTATION,WORKFLOW_OR_DOCUMENTATION,CODED,false,NONE
K212074:component_status,K212074,component_status,SINGLE,SINGLE,CODED,false,NONE
K212100:input,K212100,input,NOT_ASSESSABLE,NOT_ASSESSABLE,NOT_ASSESSABLE,true,AI_ATTRIBUTION_BARRIER
K212100:output,K212100,output,NOT_ASSESSABLE,NOT_ASSESSABLE,NOT_ASSESSABLE,true,AI_ATTRIBUTION_BARRIER
K212100:user,K212100,user,NOT_ASSESSABLE,NOT_ASSESSABLE,NOT_ASSESSABLE,true,AI_ATTRIBUTION_BARRIER
K212100:setting,K212100,setting,NOT_ASSESSABLE,NOT_ASSESSABLE,NOT_ASSESSABLE,true,AI_ATTRIBUTION_BARRIER
K212100:action,K212100,action,NOT_ASSESSABLE,NOT_ASSESSABLE,NOT_ASSESSABLE,true,AI_ATTRIBUTION_BARRIER
K212100:component_status,K212100,component_status,UNCERTAIN,UNCERTAIN,UNCERTAIN,true,AI_ATTRIBUTION_BARRIER
K212116:input,K212116,input,MEDICAL_IMAGE,MEDICAL_IMAGE,CODED,false,NONE
K212116:output,K212116,output,SEGMENTATION_OR_LOCALIZATION;OTHER,SEGMENTATION_OR_LOCALIZATION;OTHER,CODED,false,NONE
K212116:user,K212116,user,RADIOLOGIST;OTHER_PHYSICIAN;OTHER_CLINICIAN,RADIOLOGIST;OTHER_PHYSICIAN;OTHER_CLINICIAN,CODED,false,NONE
K212116:setting,K212116,setting,OTHER,OTHER,CODED,false,NONE
K212116:action,K212116,action,TREATMENT_OR_PROCEDURE_PLANNING,TREATMENT_OR_PROCEDURE_PLANNING,CODED,false,NONE
K212116:component_status,K212116,component_status,MULTIPLE,MULTIPLE,CODED,false,NONE
K212218:input,K212218,input,MEDICAL_IMAGE,MEDICAL_IMAGE,CODED,false,NONE
K212218:output,K212218,output,SEGMENTATION_OR_LOCALIZATION,SEGMENTATION_OR_LOCALIZATION,CODED,false,NONE
K212218:user,K212218,user,OTHER_CLINICIAN;OTHER,OTHER_CLINICIAN;OTHER,CODED,false,NONE
K212218:setting,K212218,setting,OTHER,OTHER,CODED,false,NONE
K212218:action,K212218,action,TREATMENT_OR_PROCEDURE_PLANNING,TREATMENT_OR_PROCEDURE_PLANNING,CODED,false,NONE
K212218:component_status,K212218,component_status,SINGLE,SINGLE,CODED,false,NONE
K212219:input,K212219,input,PHYSIOLOGICAL_SIGNAL;CLINICAL_TABULAR_OR_TEXT,PHYSIOLOGICAL_SIGNAL;CLINICAL_TABULAR_OR_TEXT,CODED,false,NONE
K212219:output,K212219,output,CLASSIFICATION_OR_DIAGNOSIS;RISK_SCORE_OR_PREDICTION,CLASSIFICATION_OR_DIAGNOSIS;RISK_SCORE_OR_PREDICTION,CODED,false,NONE
K212219:user,K212219,user,OTHER_CLINICIAN,OTHER_CLINICIAN,CODED,false,NONE
K212219:setting,K212219,setting,INPATIENT;MONITORING,INPATIENT;MONITORING,CODED,false,NONE
K212219:action,K212219,action,MONITORING_OR_FOLLOW_UP,MONITORING_OR_FOLLOW_UP,CODED,false,NONE
K212219:component_status,K212219,component_status,MULTIPLE,MULTIPLE,CODED,false,NONE
K212230:input,K212230,input,MEDICAL_IMAGE,MEDICAL_IMAGE,CODED,false,NONE
K212230:output,K212230,output,RECONSTRUCTION_OR_ENHANCEMENT,RECONSTRUCTION_OR_ENHANCEMENT,CODED,false,NONE
K212230:user,K212230,user,OTHER_PHYSICIAN,OTHER_PHYSICIAN,CODED,false,NONE
K212230:setting,K212230,setting,DIAGNOSTIC_INTERPRETATION,DIAGNOSTIC_INTERPRETATION,CODED,false,NONE
K212230:action,K212230,action,INTERPRETATION_OR_DIAGNOSIS;WORKFLOW_OR_DOCUMENTATION,INTERPRETATION_OR_DIAGNOSIS;WORKFLOW_OR_DOCUMENTATION,CODED,false,NONE
K212230:component_status,K212230,component_status,SINGLE,SINGLE,CODED,false,NONE
K212261:input,K212261,input,MEDICAL_IMAGE,MEDICAL_IMAGE,CODED,false,NONE
K212261:output,K212261,output,DETECTION_OR_ALERT;OTHER,DETECTION_OR_ALERT;OTHER,CODED,false,NONE
K212261:user,K212261,user,OTHER_PHYSICIAN;OTHER_CLINICIAN,OTHER_PHYSICIAN;OTHER_CLINICIAN,CODED,false,NONE
K212261:setting,K212261,setting,ACUTE_TRIAGE_OR_EMERGENCY,ACUTE_TRIAGE_OR_EMERGENCY,CODED,false,NONE
K212261:action,K212261,action,TRIAGE_OR_PRIORITIZATION,TRIAGE_OR_PRIORITIZATION,CODED,false,NONE
K212261:component_status,K212261,component_status,SINGLE,SINGLE,CODED,false,NONE
K212265:input,K212265,input,MEDICAL_IMAGE,MEDICAL_IMAGE,CODED,false,NONE
K212265:output,K212265,output,SEGMENTATION_OR_LOCALIZATION,SEGMENTATION_OR_LOCALIZATION,CODED,false,NONE
K212265:user,K212265,user,OTHER_CLINICIAN,OTHER_CLINICIAN,CODED,false,NONE
K212265:setting,K212265,setting,OTHER,OTHER,CODED,false,NONE
K212265:action,K212265,action,OTHER,OTHER,CODED,false,NONE
K212265:component_status,K212265,component_status,SINGLE,SINGLE,CODED,false,NONE
K212269:input,K212269,input,MEDICAL_IMAGE,MEDICAL_IMAGE,CODED,false,NONE
K212269:output,K212269,output,RECONSTRUCTION_OR_ENHANCEMENT,RECONSTRUCTION_OR_ENHANCEMENT,CODED,false,NONE
K212269:user,K212269,user,NOT_STATED,NOT_STATED,NOT_STATED,true,FIELD_NOT_STATED
K212269:setting,K212269,setting,DIAGNOSTIC_INTERPRETATION;ACUTE_TRIAGE_OR_EMERGENCY;INPATIENT,DIAGNOSTIC_INTERPRETATION;ACUTE_TRIAGE_OR_EMERGENCY;INPATIENT,CODED,false,NONE
K212269:action,K212269,action,WORKFLOW_OR_DOCUMENTATION;INTERPRETATION_OR_DIAGNOSIS,WORKFLOW_OR_DOCUMENTATION;INTERPRETATION_OR_DIAGNOSIS,CODED,false,NONE
K212269:component_status,K212269,component_status,SINGLE,SINGLE,CODED,false,NONE
K212274:input,K212274,input,MEDICAL_IMAGE,MEDICAL_IMAGE,CODED,false,NONE
K212274:output,K212274,output,SEGMENTATION_OR_LOCALIZATION,SEGMENTATION_OR_LOCALIZATION,CODED,false,NONE
K212274:user,K212274,user,OTHER_PHYSICIAN;OTHER_CLINICIAN,OTHER_PHYSICIAN;OTHER_CLINICIAN,CODED,false,NONE
K212274:setting,K212274,setting,OTHER,OTHER,CODED,false,NONE
K212274:action,K212274,action,TREATMENT_OR_PROCEDURE_PLANNING,TREATMENT_OR_PROCEDURE_PLANNING,CODED,false,NONE
K212274:component_status,K212274,component_status,SINGLE,SINGLE,CODED,false,NONE
K212333:input,K212333,input,MEDICAL_IMAGE,MEDICAL_IMAGE,CODED,false,NONE
K212333:output,K212333,output,SEGMENTATION_OR_LOCALIZATION,SEGMENTATION_OR_LOCALIZATION,CODED,false,NONE
K212333:user,K212333,user,OTHER_PHYSICIAN;OTHER_CLINICIAN,OTHER_PHYSICIAN;OTHER_CLINICIAN,CODED,false,NONE
K212333:setting,K212333,setting,DIAGNOSTIC_INTERPRETATION;OTHER,DIAGNOSTIC_INTERPRETATION;OTHER,CODED,false,NONE
K212333:action,K212333,action,INTERPRETATION_OR_DIAGNOSIS;WORKFLOW_OR_DOCUMENTATION,INTERPRETATION_OR_DIAGNOSIS;WORKFLOW_OR_DOCUMENTATION,CODED,false,NONE
K212333:component_status,K212333,component_status,SINGLE,SINGLE,CODED,false,NONE
K212336:input,K212336,input,NOT_ASSESSABLE,NOT_ASSESSABLE,NOT_ASSESSABLE,true,AI_ATTRIBUTION_BARRIER
K212336:output,K212336,output,NOT_ASSESSABLE,NOT_ASSESSABLE,NOT_ASSESSABLE,true,AI_ATTRIBUTION_BARRIER
K212336:user,K212336,user,NOT_ASSESSABLE,NOT_ASSESSABLE,NOT_ASSESSABLE,true,AI_ATTRIBUTION_BARRIER
K212336:setting,K212336,setting,NOT_ASSESSABLE,NOT_ASSESSABLE,NOT_ASSESSABLE,true,AI_ATTRIBUTION_BARRIER
K212336:action,K212336,action,NOT_ASSESSABLE,NOT_ASSESSABLE,NOT_ASSESSABLE,true,AI_ATTRIBUTION_BARRIER
K212336:component_status,K212336,component_status,UNCERTAIN,UNCERTAIN,UNCERTAIN,true,AI_ATTRIBUTION_BARRIER
K212365:input,K212365,input,MEDICAL_IMAGE,MEDICAL_IMAGE,CODED,false,NONE
K212365:output,K212365,output,DETECTION_OR_ALERT;SEGMENTATION_OR_LOCALIZATION;CLASSIFICATION_OR_DIAGNOSIS;DOCUMENTATION_OR_SUMMARY,DETECTION_OR_ALERT;SEGMENTATION_OR_LOCALIZATION;CLASSIFICATION_OR_DIAGNOSIS;DOCUMENTATION_OR_SUMMARY,CODED,false,NONE
K212365:user,K212365,user,RADIOLOGIST;OTHER_PHYSICIAN;OTHER_CLINICIAN,RADIOLOGIST;OTHER_PHYSICIAN;OTHER_CLINICIAN,CODED,false,NONE
K212365:setting,K212365,setting,DIAGNOSTIC_INTERPRETATION;ACUTE_TRIAGE_OR_EMERGENCY;OTHER,DIAGNOSTIC_INTERPRETATION;ACUTE_TRIAGE_OR_EMERGENCY;OTHER,CODED,false,NONE
K212365:action,K212365,action,INTERPRETATION_OR_DIAGNOSIS,INTERPRETATION_OR_DIAGNOSIS,CODED,false,NONE
K212365:component_status,K212365,component_status,SINGLE,SINGLE,CODED,false,NONE
K212383:input,K212383,input,MEDICAL_IMAGE,MEDICAL_IMAGE,CODED,false,NONE
K212383:output,K212383,output,OTHER,OTHER,CODED,false,NONE
K212383:user,K212383,user,NOT_STATED,NOT_STATED,NOT_STATED,true,FIELD_NOT_STATED
K212383:setting,K212383,setting,PROCEDURAL_OR_OPERATING_ROOM,PROCEDURAL_OR_OPERATING_ROOM,CODED,false,NONE
K212383:action,K212383,action,OTHER,OTHER,CODED,false,NONE
K212383:component_status,K212383,component_status,SINGLE,SINGLE,CODED,false,NONE
K212441:input,K212441,input,MEDICAL_IMAGE,MEDICAL_IMAGE,CODED,false,NONE
K212441:output,K212441,output,RECONSTRUCTION_OR_ENHANCEMENT,RECONSTRUCTION_OR_ENHANCEMENT,CODED,false,NONE
K212441:user,K212441,user,NOT_STATED,NOT_STATED,NOT_STATED,true,FIELD_NOT_STATED
K212441:setting,K212441,setting,DIAGNOSTIC_INTERPRETATION;SCREENING,DIAGNOSTIC_INTERPRETATION;SCREENING,CODED,false,NONE
K212441:action,K212441,action,WORKFLOW_OR_DOCUMENTATION;INTERPRETATION_OR_DIAGNOSIS,WORKFLOW_OR_DOCUMENTATION;INTERPRETATION_OR_DIAGNOSIS,CODED,false,NONE
K212441:component_status,K212441,component_status,SINGLE,SINGLE,CODED,false,NONE
K212442:input,K212442,input,MEDICAL_IMAGE,MEDICAL_IMAGE,CODED,false,NONE
K212442:output,K212442,output,OTHER,OTHER,CODED,false,NONE
K212442:user,K212442,user,RADIOLOGIST;OTHER_PHYSICIAN;OTHER_CLINICIAN;TECHNOLOGIST_OR_OPERATOR,RADIOLOGIST;OTHER_PHYSICIAN;OTHER_CLINICIAN;TECHNOLOGIST_OR_OPERATOR,CODED,false,NONE
K212442:setting,K212442,setting,PROCEDURAL_OR_OPERATING_ROOM;OTHER,PROCEDURAL_OR_OPERATING_ROOM;OTHER,CODED,false,NONE
K212442:action,K212442,action,OTHER;TREATMENT_OR_PROCEDURE_PLANNING,OTHER;TREATMENT_OR_PROCEDURE_PLANNING,CODED,false,NONE
K212442:component_status,K212442,component_status,SINGLE,SINGLE,CODED,false,NONE
K212456:input,K212456,input,MEDICAL_IMAGE,MEDICAL_IMAGE,CODED,false,NONE
K212456:output,K212456,output,RECONSTRUCTION_OR_ENHANCEMENT,RECONSTRUCTION_OR_ENHANCEMENT,CODED,false,NONE
K212456:user,K212456,user,OTHER_PHYSICIAN,OTHER_PHYSICIAN,CODED,false,NONE
K212456:setting,K212456,setting,DIAGNOSTIC_INTERPRETATION;ACUTE_TRIAGE_OR_EMERGENCY;INPATIENT;OTHER,DIAGNOSTIC_INTERPRETATION;ACUTE_TRIAGE_OR_EMERGENCY;INPATIENT;OTHER,CODED,false,NONE
K212456:action,K212456,action,INTERPRETATION_OR_DIAGNOSIS,INTERPRETATION_OR_DIAGNOSIS,CODED,false,NONE
K212456:component_status,K212456,component_status,SINGLE,SINGLE,CODED,false,NONE
K212466:input,K212466,input,MEDICAL_IMAGE,MEDICAL_IMAGE,CODED,false,NONE
K212466:output,K212466,output,MEASUREMENT_OR_QUANTIFICATION,MEASUREMENT_OR_QUANTIFICATION,CODED,false,NONE
K212466:user,K212466,user,OTHER_CLINICIAN,OTHER_CLINICIAN,CODED,false,NONE
K212466:setting,K212466,setting,OTHER,OTHER,CODED,false,NONE
K212466:action,K212466,action,INTERPRETATION_OR_DIAGNOSIS;WORKFLOW_OR_DOCUMENTATION,INTERPRETATION_OR_DIAGNOSIS;WORKFLOW_OR_DOCUMENTATION,CODED,false,NONE
K212466:component_status,K212466,component_status,SINGLE,SINGLE,CODED,false,NONE
K212516:input,K212516,input,PHYSIOLOGICAL_SIGNAL,PHYSIOLOGICAL_SIGNAL,CODED,false,NONE
K212516:output,K212516,output,DETECTION_OR_ALERT;DOCUMENTATION_OR_SUMMARY,DETECTION_OR_ALERT;DOCUMENTATION_OR_SUMMARY,CODED,false,NONE
K212516:user,K212516,user,PATIENT_OR_CAREGIVER,PATIENT_OR_CAREGIVER,CODED,false,NONE
K212516:setting,K212516,setting,HOME_OR_CONSUMER;SCREENING,HOME_OR_CONSUMER;SCREENING,CODED,false,NONE
K212516:action,K212516,action,REFERRAL_OR_ESCALATION;PATIENT_SELF_MANAGEMENT,REFERRAL_OR_ESCALATION;PATIENT_SELF_MANAGEMENT,CODED,false,NONE
K212516:component_status,K212516,component_status,SINGLE,SINGLE,CODED,false,NONE
K212519:input,K212519,input,MEDICAL_IMAGE,MEDICAL_IMAGE,CODED,false,NONE
K212519:output,K212519,output,DETECTION_OR_ALERT;SEGMENTATION_OR_LOCALIZATION,DETECTION_OR_ALERT;SEGMENTATION_OR_LOCALIZATION,CODED,false,NONE
K212519:user,K212519,user,OTHER_PHYSICIAN,OTHER_PHYSICIAN,CODED,false,NONE
K212519:setting,K212519,setting,DIAGNOSTIC_INTERPRETATION;OTHER,DIAGNOSTIC_INTERPRETATION;OTHER,CODED,false,NONE
K212519:action,K212519,action,INTERPRETATION_OR_DIAGNOSIS,INTERPRETATION_OR_DIAGNOSIS,CODED,false,NONE
K212519:component_status,K212519,component_status,SINGLE,SINGLE,CODED,false,NONE
K212616:input,K212616,input,MEDICAL_IMAGE,MEDICAL_IMAGE,CODED,false,NONE
K212616:output,K212616,output,CLASSIFICATION_OR_DIAGNOSIS;RISK_SCORE_OR_PREDICTION;DOCUMENTATION_OR_SUMMARY,CLASSIFICATION_OR_DIAGNOSIS;RISK_SCORE_OR_PREDICTION;DOCUMENTATION_OR_SUMMARY,CODED,false,NONE
K212616:user,K212616,user,OTHER_PHYSICIAN;OTHER_CLINICIAN;TECHNOLOGIST_OR_OPERATOR,OTHER_PHYSICIAN;OTHER_CLINICIAN;TECHNOLOGIST_OR_OPERATOR,CODED,false,NONE
K212616:setting,K212616,setting,DIAGNOSTIC_INTERPRETATION;MONITORING,DIAGNOSTIC_INTERPRETATION;MONITORING,CODED,false,NONE
K212616:action,K212616,action,INTERPRETATION_OR_DIAGNOSIS;MONITORING_OR_FOLLOW_UP,INTERPRETATION_OR_DIAGNOSIS;MONITORING_OR_FOLLOW_UP,CODED,false,NONE
K212616:component_status,K212616,component_status,MULTIPLE,MULTIPLE,CODED,false,NONE
K212624:input,K212624,input,MEDICAL_IMAGE,MEDICAL_IMAGE,CODED,false,NONE
K212624:output,K212624,output,SEGMENTATION_OR_LOCALIZATION;MEASUREMENT_OR_QUANTIFICATION;DOCUMENTATION_OR_SUMMARY,SEGMENTATION_OR_LOCALIZATION;MEASUREMENT_OR_QUANTIFICATION;DOCUMENTATION_OR_SUMMARY,CODED,false,NONE
K212624:user,K212624,user,OTHER_PHYSICIAN;OTHER_CLINICIAN,OTHER_PHYSICIAN;OTHER_CLINICIAN,CODED,false,NONE
K212624:setting,K212624,setting,DIAGNOSTIC_INTERPRETATION;MONITORING;OTHER,DIAGNOSTIC_INTERPRETATION;MONITORING;OTHER,CODED,false,NONE
K212624:action,K212624,action,INTERPRETATION_OR_DIAGNOSIS;MONITORING_OR_FOLLOW_UP,INTERPRETATION_OR_DIAGNOSIS;MONITORING_OR_FOLLOW_UP,CODED,false,NONE
K212624:component_status,K212624,component_status,SINGLE,SINGLE,CODED,false,NONE
K212654:input,K212654,input,NOT_STATED,NOT_STATED,NOT_STATED,true,FIELD_NOT_STATED
K212654:output,K212654,output,RECOMMENDATION_OR_PLANNING,RECOMMENDATION_OR_PLANNING,CODED,false,NONE
K212654:user,K212654,user,OTHER_CLINICIAN,OTHER_CLINICIAN,CODED,false,NONE
K212654:setting,K212654,setting,DIAGNOSTIC_INTERPRETATION;OTHER,DIAGNOSTIC_INTERPRETATION;OTHER,CODED,false,NONE
K212654:action,K212654,action,THERAPY_DOSE_OR_DEVICE_CONTROL,THERAPY_DOSE_OR_DEVICE_CONTROL,CODED,false,NONE
K212654:component_status,K212654,component_status,SINGLE,SINGLE,CODED,false,NONE
K212662:input,K212662,input,PHYSIOLOGICAL_SIGNAL,PHYSIOLOGICAL_SIGNAL,CODED,false,NONE
K212662:output,K212662,output,MEASUREMENT_OR_QUANTIFICATION,MEASUREMENT_OR_QUANTIFICATION,CODED,false,NONE
K212662:user,K212662,user,OTHER_CLINICIAN;TECHNOLOGIST_OR_OPERATOR,OTHER_CLINICIAN;TECHNOLOGIST_OR_OPERATOR,CODED,false,NONE
K212662:setting,K212662,setting,OTHER,OTHER,CODED,false,NONE
K212662:action,K212662,action,WORKFLOW_OR_DOCUMENTATION,WORKFLOW_OR_DOCUMENTATION,CODED,false,NONE
K212662:component_status,K212662,component_status,SINGLE,SINGLE,CODED,false,NONE
K212690:input,K212690,input,MEDICAL_IMAGE,MEDICAL_IMAGE,CODED,false,NONE
K212690:output,K212690,output,SEGMENTATION_OR_LOCALIZATION;DOCUMENTATION_OR_SUMMARY,SEGMENTATION_OR_LOCALIZATION;DOCUMENTATION_OR_SUMMARY,CODED,false,NONE
K212690:user,K212690,user,RADIOLOGIST;OTHER_PHYSICIAN,RADIOLOGIST;OTHER_PHYSICIAN,CODED,false,NONE
K212690:setting,K212690,setting,OTHER,OTHER,CODED,false,NONE
K212690:action,K212690,action,OTHER,OTHER,CODED,false,NONE
K212690:component_status,K212690,component_status,SINGLE,SINGLE,CODED,false,NONE
K212704:input,K212704,input,NOT_ASSESSABLE,NOT_ASSESSABLE,NOT_ASSESSABLE,true,AI_ATTRIBUTION_BARRIER
K212704:output,K212704,output,NOT_ASSESSABLE,NOT_ASSESSABLE,NOT_ASSESSABLE,true,AI_ATTRIBUTION_BARRIER
K212704:user,K212704,user,NOT_ASSESSABLE,NOT_ASSESSABLE,NOT_ASSESSABLE,true,AI_ATTRIBUTION_BARRIER
K212704:setting,K212704,setting,NOT_ASSESSABLE,NOT_ASSESSABLE,NOT_ASSESSABLE,true,AI_ATTRIBUTION_BARRIER
K212704:action,K212704,action,NOT_ASSESSABLE,NOT_ASSESSABLE,NOT_ASSESSABLE,true,AI_ATTRIBUTION_BARRIER
K212704:component_status,K212704,component_status,UNCERTAIN,UNCERTAIN,UNCERTAIN,true,AI_ATTRIBUTION_BARRIER
K212758:input,K212758,input,MEDICAL_IMAGE,MEDICAL_IMAGE,CODED,false,NONE
K212758:output,K212758,output,SEGMENTATION_OR_LOCALIZATION;MEASUREMENT_OR_QUANTIFICATION,SEGMENTATION_OR_LOCALIZATION;MEASUREMENT_OR_QUANTIFICATION,CODED,false,NONE
K212758:user,K212758,user,RADIOLOGIST;OTHER_PHYSICIAN;OTHER_CLINICIAN;TECHNOLOGIST_OR_OPERATOR,RADIOLOGIST;OTHER_PHYSICIAN;OTHER_CLINICIAN;TECHNOLOGIST_OR_OPERATOR,CODED,false,NONE
K212758:setting,K212758,setting,DIAGNOSTIC_INTERPRETATION,DIAGNOSTIC_INTERPRETATION,CODED,false,NONE
K212758:action,K212758,action,INTERPRETATION_OR_DIAGNOSIS;TREATMENT_OR_PROCEDURE_PLANNING,INTERPRETATION_OR_DIAGNOSIS;TREATMENT_OR_PROCEDURE_PLANNING,CODED,false,NONE
K212758:component_status,K212758,component_status,SINGLE,SINGLE,CODED,false,NONE
K212783:input,K212783,input,MEDICAL_IMAGE,MEDICAL_IMAGE,CODED,false,NONE
K212783:output,K212783,output,DETECTION_OR_ALERT;SEGMENTATION_OR_LOCALIZATION;MEASUREMENT_OR_QUANTIFICATION;RISK_SCORE_OR_PREDICTION;CLASSIFICATION_OR_DIAGNOSIS;DOCUMENTATION_OR_SUMMARY,DETECTION_OR_ALERT;SEGMENTATION_OR_LOCALIZATION;MEASUREMENT_OR_QUANTIFICATION;RISK_SCORE_OR_PREDICTION;CLASSIFICATION_OR_DIAGNOSIS;DOCUMENTATION_OR_SUMMARY,CODED,false,NONE
K212783:user,K212783,user,RADIOLOGIST;OTHER_PHYSICIAN,RADIOLOGIST;OTHER_PHYSICIAN,CODED,false,NONE
K212783:setting,K212783,setting,SCREENING;DIAGNOSTIC_INTERPRETATION,SCREENING;DIAGNOSTIC_INTERPRETATION,CODED,false,NONE
K212783:action,K212783,action,INTERPRETATION_OR_DIAGNOSIS,INTERPRETATION_OR_DIAGNOSIS,CODED,false,NONE
K212783:component_status,K212783,component_status,SINGLE,SINGLE,CODED,false,NONE
K212915:input,K212915,input,MEDICAL_IMAGE,MEDICAL_IMAGE,CODED,false,NONE
K212915:output,K212915,output,SEGMENTATION_OR_LOCALIZATION,SEGMENTATION_OR_LOCALIZATION,CODED,false,NONE
K212915:user,K212915,user,OTHER_CLINICIAN,OTHER_CLINICIAN,CODED,false,NONE
K212915:setting,K212915,setting,OTHER,OTHER,CODED,false,NONE
K212915:action,K212915,action,TREATMENT_OR_PROCEDURE_PLANNING,TREATMENT_OR_PROCEDURE_PLANNING,CODED,false,NONE
K212915:component_status,K212915,component_status,SINGLE,SINGLE,CODED,false,NONE
K212960:input,K212960,input,MEDICAL_IMAGE,MEDICAL_IMAGE,CODED,false,NONE
K212960:output,K212960,output,SEGMENTATION_OR_LOCALIZATION,SEGMENTATION_OR_LOCALIZATION,CODED,false,NONE
K212960:user,K212960,user,OTHER_PHYSICIAN;OTHER_CLINICIAN,OTHER_PHYSICIAN;OTHER_CLINICIAN,CODED,false,NONE
K212960:setting,K212960,setting,DIAGNOSTIC_INTERPRETATION;OTHER,DIAGNOSTIC_INTERPRETATION;OTHER,CODED,false,NONE
K212960:action,K212960,action,INTERPRETATION_OR_DIAGNOSIS;WORKFLOW_OR_DOCUMENTATION,INTERPRETATION_OR_DIAGNOSIS;WORKFLOW_OR_DOCUMENTATION,CODED,false,NONE
K212960:component_status,K212960,component_status,SINGLE,SINGLE,CODED,false,NONE
K213037:input,K213037,input,MEDICAL_IMAGE,MEDICAL_IMAGE,CODED,false,NONE
K213037:output,K213037,output,CLASSIFICATION_OR_DIAGNOSIS;RECOMMENDATION_OR_PLANNING;OTHER,CLASSIFICATION_OR_DIAGNOSIS;RECOMMENDATION_OR_PLANNING;OTHER,CODED,false,NONE
K213037:user,K213037,user,OTHER_CLINICIAN,OTHER_CLINICIAN,CODED,false,NONE
K213037:setting,K213037,setting,SCREENING,SCREENING,CODED,false,NONE
K213037:action,K213037,action,REFERRAL_OR_ESCALATION;MONITORING_OR_FOLLOW_UP,REFERRAL_OR_ESCALATION;MONITORING_OR_FOLLOW_UP,CODED,false,NONE
K213037:component_status,K213037,component_status,SINGLE,SINGLE,CODED,false,NONE
K213096:input,K213096,input,MEDICAL_IMAGE,MEDICAL_IMAGE,CODED,false,NONE
K213096:output,K213096,output,SEGMENTATION_OR_LOCALIZATION;MEASUREMENT_OR_QUANTIFICATION;DOCUMENTATION_OR_SUMMARY,SEGMENTATION_OR_LOCALIZATION;MEASUREMENT_OR_QUANTIFICATION;DOCUMENTATION_OR_SUMMARY,CODED,false,NONE
K213096:user,K213096,user,RADIOLOGIST;OTHER_PHYSICIAN,RADIOLOGIST;OTHER_PHYSICIAN,CODED,false,NONE
K213096:setting,K213096,setting,DIAGNOSTIC_INTERPRETATION;ACUTE_TRIAGE_OR_EMERGENCY;OTHER,DIAGNOSTIC_INTERPRETATION;ACUTE_TRIAGE_OR_EMERGENCY;OTHER,CODED,false,NONE
K213096:action,K213096,action,INTERPRETATION_OR_DIAGNOSIS,INTERPRETATION_OR_DIAGNOSIS,CODED,false,NONE
K213096:component_status,K213096,component_status,MULTIPLE,MULTIPLE,CODED,false,NONE
K213155:input,K213155,input,MEDICAL_IMAGE,MEDICAL_IMAGE,CODED,false,NONE
K213155:output,K213155,output,SEGMENTATION_OR_LOCALIZATION,SEGMENTATION_OR_LOCALIZATION,CODED,false,NONE
K213155:user,K213155,user,OTHER_CLINICIAN,OTHER_CLINICIAN,CODED,false,NONE
K213155:setting,K213155,setting,OTHER,OTHER,CODED,false,NONE
K213155:action,K213155,action,TREATMENT_OR_PROCEDURE_PLANNING;MONITORING_OR_FOLLOW_UP,TREATMENT_OR_PROCEDURE_PLANNING;MONITORING_OR_FOLLOW_UP,CODED,false,NONE
K213155:component_status,K213155,component_status,SINGLE,SINGLE,CODED,false,NONE
K213165:input,K213165,input,MEDICAL_IMAGE,MEDICAL_IMAGE,CODED,false,NONE
K213165:output,K213165,output,DETECTION_OR_ALERT;DOCUMENTATION_OR_SUMMARY,DETECTION_OR_ALERT;DOCUMENTATION_OR_SUMMARY,CODED,false,NONE
K213165:user,K213165,user,OTHER_PHYSICIAN;OTHER_CLINICIAN;TECHNOLOGIST_OR_OPERATOR,OTHER_PHYSICIAN;OTHER_CLINICIAN;TECHNOLOGIST_OR_OPERATOR,CODED,false,NONE
K213165:setting,K213165,setting,OTHER,OTHER,CODED,false,NONE
K213165:action,K213165,action,WORKFLOW_OR_DOCUMENTATION,WORKFLOW_OR_DOCUMENTATION,CODED,false,NONE
K213165:component_status,K213165,component_status,SINGLE,SINGLE,CODED,false,NONE
K213272:input,K213272,input,MEDICAL_IMAGE,MEDICAL_IMAGE,CODED,false,NONE
K213272:output,K213272,output,SEGMENTATION_OR_LOCALIZATION;MEASUREMENT_OR_QUANTIFICATION;RECOMMENDATION_OR_PLANNING;DOCUMENTATION_OR_SUMMARY,SEGMENTATION_OR_LOCALIZATION;MEASUREMENT_OR_QUANTIFICATION;RECOMMENDATION_OR_PLANNING;DOCUMENTATION_OR_SUMMARY,CODED,false,NONE
K213272:user,K213272,user,OTHER_PHYSICIAN;OTHER_CLINICIAN,OTHER_PHYSICIAN;OTHER_CLINICIAN,CODED,false,NONE
K213272:setting,K213272,setting,OTHER,OTHER,CODED,false,NONE
K213272:action,K213272,action,TREATMENT_OR_PROCEDURE_PLANNING,TREATMENT_OR_PROCEDURE_PLANNING,CODED,false,NONE
K213272:component_status,K213272,component_status,SINGLE,SINGLE,CODED,false,NONE
K213275:input,K213275,input,MEDICAL_IMAGE,MEDICAL_IMAGE,CODED,false,NONE
K213275:output,K213275,output,SEGMENTATION_OR_LOCALIZATION;MEASUREMENT_OR_QUANTIFICATION;DOCUMENTATION_OR_SUMMARY,SEGMENTATION_OR_LOCALIZATION;MEASUREMENT_OR_QUANTIFICATION;DOCUMENTATION_OR_SUMMARY,CODED,false,NONE
K213275:user,K213275,user,OTHER_PHYSICIAN;OTHER_CLINICIAN;TECHNOLOGIST_OR_OPERATOR,OTHER_PHYSICIAN;OTHER_CLINICIAN;TECHNOLOGIST_OR_OPERATOR,CODED,false,NONE
K213275:setting,K213275,setting,DIAGNOSTIC_INTERPRETATION;OTHER,DIAGNOSTIC_INTERPRETATION;OTHER,CODED,false,NONE
K213275:action,K213275,action,INTERPRETATION_OR_DIAGNOSIS;WORKFLOW_OR_DOCUMENTATION,INTERPRETATION_OR_DIAGNOSIS;WORKFLOW_OR_DOCUMENTATION,CODED,false,NONE
K213275:component_status,K213275,component_status,SINGLE,SINGLE,CODED,false,NONE
K213305:input,K213305,input,MEDICAL_IMAGE,MEDICAL_IMAGE,CODED,false,NONE
K213305:output,K213305,output,SEGMENTATION_OR_LOCALIZATION;RECOMMENDATION_OR_PLANNING,SEGMENTATION_OR_LOCALIZATION;RECOMMENDATION_OR_PLANNING,CODED,false,NONE
K213305:user,K213305,user,TECHNOLOGIST_OR_OPERATOR,TECHNOLOGIST_OR_OPERATOR,CODED,false,NONE
K213305:setting,K213305,setting,OTHER,OTHER,CODED,false,NONE
K213305:action,K213305,action,WORKFLOW_OR_DOCUMENTATION,WORKFLOW_OR_DOCUMENTATION,CODED,false,NONE
K213305:component_status,K213305,component_status,UNCERTAIN,UNCERTAIN,UNCERTAIN,true,FUNCTION_GROUP_UNRESOLVED
K213307:input,K213307,input,MEDICAL_IMAGE,MEDICAL_IMAGE,CODED,false,NONE
K213307:output,K213307,output,RECONSTRUCTION_OR_ENHANCEMENT,RECONSTRUCTION_OR_ENHANCEMENT,CODED,false,NONE
K213307:user,K213307,user,RADIOLOGIST;OTHER_PHYSICIAN,RADIOLOGIST;OTHER_PHYSICIAN,CODED,false,NONE
K213307:setting,K213307,setting,DIAGNOSTIC_INTERPRETATION,DIAGNOSTIC_INTERPRETATION,CODED,false,NONE
K213307:action,K213307,action,INTERPRETATION_OR_DIAGNOSIS;WORKFLOW_OR_DOCUMENTATION,INTERPRETATION_OR_DIAGNOSIS;WORKFLOW_OR_DOCUMENTATION,CODED,false,NONE
K213307:component_status,K213307,component_status,SINGLE,SINGLE,CODED,false,NONE
K213319:input,K213319,input,MEDICAL_IMAGE,MEDICAL_IMAGE,CODED,false,NONE
K213319:output,K213319,output,DETECTION_OR_ALERT;OTHER,DETECTION_OR_ALERT;OTHER,CODED,false,NONE
K213319:user,K213319,user,RADIOLOGIST,RADIOLOGIST,CODED,false,NONE
K213319:setting,K213319,setting,OTHER,OTHER,CODED,false,NONE
K213319:action,K213319,action,TRIAGE_OR_PRIORITIZATION,TRIAGE_OR_PRIORITIZATION,CODED,false,NONE
K213319:component_status,K213319,component_status,SINGLE,SINGLE,CODED,false,NONE
K213353:input,K213353,input,MEDICAL_IMAGE,MEDICAL_IMAGE,CODED,false,NONE
K213353:output,K213353,output,DETECTION_OR_ALERT;SEGMENTATION_OR_LOCALIZATION;CLASSIFICATION_OR_DIAGNOSIS,DETECTION_OR_ALERT;SEGMENTATION_OR_LOCALIZATION;CLASSIFICATION_OR_DIAGNOSIS,CODED,false,NONE
K213353:user,K213353,user,OTHER_PHYSICIAN,OTHER_PHYSICIAN,CODED,false,NONE
K213353:setting,K213353,setting,DIAGNOSTIC_INTERPRETATION,DIAGNOSTIC_INTERPRETATION,CODED,false,NONE
K213353:action,K213353,action,INTERPRETATION_OR_DIAGNOSIS,INTERPRETATION_OR_DIAGNOSIS,CODED,false,NONE
K213353:component_status,K213353,component_status,SINGLE,SINGLE,CODED,false,NONE
K213357:input,K213357,input,PHYSIOLOGICAL_SIGNAL,PHYSIOLOGICAL_SIGNAL,CODED,false,NONE
K213357:output,K213357,output,DETECTION_OR_ALERT;RECOMMENDATION_OR_PLANNING,DETECTION_OR_ALERT;RECOMMENDATION_OR_PLANNING,CODED,false,NONE
K213357:user,K213357,user,PATIENT_OR_CAREGIVER;OTHER_CLINICIAN,PATIENT_OR_CAREGIVER;OTHER_CLINICIAN,CODED,false,NONE
K213357:setting,K213357,setting,HOME_OR_CONSUMER;MONITORING;OTHER,HOME_OR_CONSUMER;MONITORING;OTHER,CODED,false,NONE
K213357:action,K213357,action,PATIENT_SELF_MANAGEMENT;MONITORING_OR_FOLLOW_UP,PATIENT_SELF_MANAGEMENT;MONITORING_OR_FOLLOW_UP,CODED,false,NONE
K213357:component_status,K213357,component_status,SINGLE,SINGLE,CODED,false,NONE
K213409:input,K213409,input,PHYSIOLOGICAL_SIGNAL,PHYSIOLOGICAL_SIGNAL,CODED,false,NONE
K213409:output,K213409,output,DETECTION_OR_ALERT;CLASSIFICATION_OR_DIAGNOSIS;MEASUREMENT_OR_QUANTIFICATION;DOCUMENTATION_OR_SUMMARY,DETECTION_OR_ALERT;CLASSIFICATION_OR_DIAGNOSIS;MEASUREMENT_OR_QUANTIFICATION;DOCUMENTATION_OR_SUMMARY,CODED,false,NONE
K213409:user,K213409,user,TECHNOLOGIST_OR_OPERATOR;OTHER_CLINICIAN,TECHNOLOGIST_OR_OPERATOR;OTHER_CLINICIAN,CODED,false,NONE
K213409:setting,K213409,setting,MONITORING;DIAGNOSTIC_INTERPRETATION;OTHER,MONITORING;DIAGNOSTIC_INTERPRETATION;OTHER,CODED,false,NONE
K213409:action,K213409,action,INTERPRETATION_OR_DIAGNOSIS;MONITORING_OR_FOLLOW_UP;WORKFLOW_OR_DOCUMENTATION,INTERPRETATION_OR_DIAGNOSIS;MONITORING_OR_FOLLOW_UP;WORKFLOW_OR_DOCUMENTATION,CODED,false,NONE
K213409:component_status,K213409,component_status,SINGLE,SINGLE,CODED,false,NONE
K213436:input,K213436,input,NOT_ASSESSABLE,NOT_ASSESSABLE,NOT_ASSESSABLE,true,AI_ATTRIBUTION_BARRIER
K213436:output,K213436,output,NOT_ASSESSABLE,NOT_ASSESSABLE,NOT_ASSESSABLE,true,AI_ATTRIBUTION_BARRIER
K213436:user,K213436,user,NOT_ASSESSABLE,NOT_ASSESSABLE,NOT_ASSESSABLE,true,AI_ATTRIBUTION_BARRIER
K213436:setting,K213436,setting,NOT_ASSESSABLE,NOT_ASSESSABLE,NOT_ASSESSABLE,true,AI_ATTRIBUTION_BARRIER
K213436:action,K213436,action,NOT_ASSESSABLE,NOT_ASSESSABLE,NOT_ASSESSABLE,true,AI_ATTRIBUTION_BARRIER
K213436:component_status,K213436,component_status,UNCERTAIN,UNCERTAIN,UNCERTAIN,true,AI_ATTRIBUTION_BARRIER
K213504:input,K213504,input,MEDICAL_IMAGE,MEDICAL_IMAGE,CODED,false,NONE
K213504:output,K213504,output,RECONSTRUCTION_OR_ENHANCEMENT,RECONSTRUCTION_OR_ENHANCEMENT,CODED,false,NONE
K213504:user,K213504,user,OTHER_PHYSICIAN,OTHER_PHYSICIAN,CODED,false,NONE
K213504:setting,K213504,setting,DIAGNOSTIC_INTERPRETATION,DIAGNOSTIC_INTERPRETATION,CODED,false,NONE
K213504:action,K213504,action,INTERPRETATION_OR_DIAGNOSIS;WORKFLOW_OR_DOCUMENTATION,INTERPRETATION_OR_DIAGNOSIS;WORKFLOW_OR_DOCUMENTATION,CODED,false,NONE
K213504:component_status,K213504,component_status,SINGLE,SINGLE,CODED,false,NONE
K213544:input,K213544,input,MEDICAL_IMAGE,MEDICAL_IMAGE,CODED,false,NONE
K213544:output,K213544,output,SEGMENTATION_OR_LOCALIZATION;MEASUREMENT_OR_QUANTIFICATION,SEGMENTATION_OR_LOCALIZATION;MEASUREMENT_OR_QUANTIFICATION,CODED,false,NONE
K213544:user,K213544,user,OTHER_PHYSICIAN,OTHER_PHYSICIAN,CODED,false,NONE
K213544:setting,K213544,setting,DIAGNOSTIC_INTERPRETATION;OTHER,DIAGNOSTIC_INTERPRETATION;OTHER,CODED,false,NONE
K213544:action,K213544,action,INTERPRETATION_OR_DIAGNOSIS;WORKFLOW_OR_DOCUMENTATION,INTERPRETATION_OR_DIAGNOSIS;WORKFLOW_OR_DOCUMENTATION,CODED,false,NONE
K213544:component_status,K213544,component_status,SINGLE,SINGLE,CODED,false,NONE
K213566:input,K213566,input,MEDICAL_IMAGE,MEDICAL_IMAGE,CODED,false,NONE
K213566:output,K213566,output,DETECTION_OR_ALERT,DETECTION_OR_ALERT,CODED,false,NONE
K213566:user,K213566,user,RADIOLOGIST,RADIOLOGIST,CODED,false,NONE
K213566:setting,K213566,setting,ACUTE_TRIAGE_OR_EMERGENCY,ACUTE_TRIAGE_OR_EMERGENCY,CODED,false,NONE
K213566:action,K213566,action,TRIAGE_OR_PRIORITIZATION,TRIAGE_OR_PRIORITIZATION,CODED,false,NONE
K213566:component_status,K213566,component_status,SINGLE,SINGLE,CODED,false,NONE
K213583:input,K213583,input,MEDICAL_IMAGE,MEDICAL_IMAGE,CODED,false,NONE
K213583:output,K213583,output,RECONSTRUCTION_OR_ENHANCEMENT,RECONSTRUCTION_OR_ENHANCEMENT,CODED,false,NONE
K213583:user,K213583,user,OTHER_PHYSICIAN;OTHER_CLINICIAN,OTHER_PHYSICIAN;OTHER_CLINICIAN,CODED,false,NONE
K213583:setting,K213583,setting,DIAGNOSTIC_INTERPRETATION,DIAGNOSTIC_INTERPRETATION,CODED,false,NONE
K213583:action,K213583,action,WORKFLOW_OR_DOCUMENTATION;INTERPRETATION_OR_DIAGNOSIS,WORKFLOW_OR_DOCUMENTATION;INTERPRETATION_OR_DIAGNOSIS,CODED,false,NONE
K213583:component_status,K213583,component_status,SINGLE,SINGLE,CODED,false,NONE
K213603:input,K213603,input,MEDICAL_IMAGE,MEDICAL_IMAGE,CODED,false,NONE
K213603:output,K213603,output,RECONSTRUCTION_OR_ENHANCEMENT,RECONSTRUCTION_OR_ENHANCEMENT,CODED,false,NONE
K213603:user,K213603,user,TECHNOLOGIST_OR_OPERATOR;OTHER_PHYSICIAN,TECHNOLOGIST_OR_OPERATOR;OTHER_PHYSICIAN,CODED,false,NONE
K213603:setting,K213603,setting,DIAGNOSTIC_INTERPRETATION,DIAGNOSTIC_INTERPRETATION,CODED,false,NONE
K213603:action,K213603,action,WORKFLOW_OR_DOCUMENTATION;INTERPRETATION_OR_DIAGNOSIS,WORKFLOW_OR_DOCUMENTATION;INTERPRETATION_OR_DIAGNOSIS,CODED,false,NONE
K213603:component_status,K213603,component_status,SINGLE,SINGLE,CODED,false,NONE
K213628:input,K213628,input,MEDICAL_IMAGE,MEDICAL_IMAGE,CODED,false,NONE
K213628:output,K213628,output,SEGMENTATION_OR_LOCALIZATION;RECONSTRUCTION_OR_ENHANCEMENT,SEGMENTATION_OR_LOCALIZATION;RECONSTRUCTION_OR_ENHANCEMENT,CODED,false,NONE
K213628:user,K213628,user,OTHER_CLINICIAN,OTHER_CLINICIAN,CODED,false,NONE
K213628:setting,K213628,setting,OTHER,OTHER,CODED,false,NONE
K213628:action,K213628,action,TREATMENT_OR_PROCEDURE_PLANNING,TREATMENT_OR_PROCEDURE_PLANNING,CODED,false,NONE
K213628:component_status,K213628,component_status,MULTIPLE,MULTIPLE,CODED,false,NONE
K213642:input,K213642,input,NOT_ASSESSABLE,NOT_ASSESSABLE,NOT_ASSESSABLE,true,AI_ATTRIBUTION_BARRIER
K213642:output,K213642,output,NOT_ASSESSABLE,NOT_ASSESSABLE,NOT_ASSESSABLE,true,AI_ATTRIBUTION_BARRIER
K213642:user,K213642,user,NOT_ASSESSABLE,NOT_ASSESSABLE,NOT_ASSESSABLE,true,AI_ATTRIBUTION_BARRIER
K213642:setting,K213642,setting,NOT_ASSESSABLE,NOT_ASSESSABLE,NOT_ASSESSABLE,true,AI_ATTRIBUTION_BARRIER
K213642:action,K213642,action,NOT_ASSESSABLE,NOT_ASSESSABLE,NOT_ASSESSABLE,true,AI_ATTRIBUTION_BARRIER
K213642:component_status,K213642,component_status,UNCERTAIN,UNCERTAIN,UNCERTAIN,true,AI_ATTRIBUTION_BARRIER
K213645:input,K213645,input,MEDICAL_IMAGE,MEDICAL_IMAGE,CODED,false,NONE
K213645:output,K213645,output,SEGMENTATION_OR_LOCALIZATION;MEASUREMENT_OR_QUANTIFICATION;DOCUMENTATION_OR_SUMMARY,SEGMENTATION_OR_LOCALIZATION;MEASUREMENT_OR_QUANTIFICATION;DOCUMENTATION_OR_SUMMARY,CODED,false,NONE
K213645:user,K213645,user,RADIOLOGIST;OTHER_PHYSICIAN,RADIOLOGIST;OTHER_PHYSICIAN,CODED,false,NONE
K213645:setting,K213645,setting,DIAGNOSTIC_INTERPRETATION,DIAGNOSTIC_INTERPRETATION,CODED,false,NONE
K213645:action,K213645,action,INTERPRETATION_OR_DIAGNOSIS;WORKFLOW_OR_DOCUMENTATION,INTERPRETATION_OR_DIAGNOSIS;WORKFLOW_OR_DOCUMENTATION,CODED,false,NONE
K213645:component_status,K213645,component_status,SINGLE,SINGLE,CODED,false,NONE
K213657:input,K213657,input,MEDICAL_IMAGE,MEDICAL_IMAGE,CODED,false,NONE
K213657:output,K213657,output,SEGMENTATION_OR_LOCALIZATION;MEASUREMENT_OR_QUANTIFICATION;DOCUMENTATION_OR_SUMMARY,SEGMENTATION_OR_LOCALIZATION;MEASUREMENT_OR_QUANTIFICATION;DOCUMENTATION_OR_SUMMARY,CODED,false,NONE
K213657:user,K213657,user,TECHNOLOGIST_OR_OPERATOR;OTHER_PHYSICIAN;OTHER_CLINICIAN,TECHNOLOGIST_OR_OPERATOR;OTHER_PHYSICIAN;OTHER_CLINICIAN,CODED,false,NONE
K213657:setting,K213657,setting,DIAGNOSTIC_INTERPRETATION,DIAGNOSTIC_INTERPRETATION,CODED,false,NONE
K213657:action,K213657,action,INTERPRETATION_OR_DIAGNOSIS,INTERPRETATION_OR_DIAGNOSIS,CODED,false,NONE
K213657:component_status,K213657,component_status,SINGLE,SINGLE,CODED,false,NONE
K213668:input,K213668,input,NOT_ASSESSABLE,NOT_ASSESSABLE,NOT_ASSESSABLE,true,AI_ATTRIBUTION_BARRIER
K213668:output,K213668,output,NOT_ASSESSABLE,NOT_ASSESSABLE,NOT_ASSESSABLE,true,AI_ATTRIBUTION_BARRIER
K213668:user,K213668,user,NOT_ASSESSABLE,NOT_ASSESSABLE,NOT_ASSESSABLE,true,AI_ATTRIBUTION_BARRIER
K213668:setting,K213668,setting,NOT_ASSESSABLE,NOT_ASSESSABLE,NOT_ASSESSABLE,true,AI_ATTRIBUTION_BARRIER
K213668:action,K213668,action,NOT_ASSESSABLE,NOT_ASSESSABLE,NOT_ASSESSABLE,true,AI_ATTRIBUTION_BARRIER
K213668:component_status,K213668,component_status,UNCERTAIN,UNCERTAIN,UNCERTAIN,true,AI_ATTRIBUTION_BARRIER
K213686:input,K213686,input,AUDIO_OR_VIDEO,AUDIO_OR_VIDEO,CODED,false,NONE
K213686:output,K213686,output,DETECTION_OR_ALERT;SEGMENTATION_OR_LOCALIZATION,DETECTION_OR_ALERT;SEGMENTATION_OR_LOCALIZATION,CODED,false,NONE
K213686:user,K213686,user,OTHER_PHYSICIAN,OTHER_PHYSICIAN,CODED,false,NONE
K213686:setting,K213686,setting,SCREENING;MONITORING;PROCEDURAL_OR_OPERATING_ROOM,SCREENING;MONITORING;PROCEDURAL_OR_OPERATING_ROOM,CODED,false,NONE
K213686:action,K213686,action,INTERPRETATION_OR_DIAGNOSIS,INTERPRETATION_OR_DIAGNOSIS,CODED,false,NONE
K213686:component_status,K213686,component_status,SINGLE,SINGLE,CODED,false,NONE
K213689:input,K213689,input,NOT_ASSESSABLE,NOT_ASSESSABLE,NOT_ASSESSABLE,true,AI_ATTRIBUTION_BARRIER
K213689:output,K213689,output,NOT_ASSESSABLE,NOT_ASSESSABLE,NOT_ASSESSABLE,true,AI_ATTRIBUTION_BARRIER
K213689:user,K213689,user,NOT_ASSESSABLE,NOT_ASSESSABLE,NOT_ASSESSABLE,true,AI_ATTRIBUTION_BARRIER
K213689:setting,K213689,setting,NOT_ASSESSABLE,NOT_ASSESSABLE,NOT_ASSESSABLE,true,AI_ATTRIBUTION_BARRIER
K213689:action,K213689,action,NOT_ASSESSABLE,NOT_ASSESSABLE,NOT_ASSESSABLE,true,AI_ATTRIBUTION_BARRIER
K213689:component_status,K213689,component_status,UNCERTAIN,UNCERTAIN,UNCERTAIN,true,AI_ATTRIBUTION_BARRIER
K213693:input,K213693,input,MEDICAL_IMAGE,MEDICAL_IMAGE,CODED,false,NONE
K213693:output,K213693,output,RECONSTRUCTION_OR_ENHANCEMENT,RECONSTRUCTION_OR_ENHANCEMENT,CODED,false,NONE
K213693:user,K213693,user,OTHER_PHYSICIAN,OTHER_PHYSICIAN,CODED,false,NONE
K213693:setting,K213693,setting,DIAGNOSTIC_INTERPRETATION,DIAGNOSTIC_INTERPRETATION,CODED,false,NONE
K213693:action,K213693,action,WORKFLOW_OR_DOCUMENTATION;INTERPRETATION_OR_DIAGNOSIS,WORKFLOW_OR_DOCUMENTATION;INTERPRETATION_OR_DIAGNOSIS,CODED,false,NONE
K213693:component_status,K213693,component_status,SINGLE,SINGLE,CODED,false,NONE
K213706:input,K213706,input,MEDICAL_IMAGE,MEDICAL_IMAGE,CODED,false,NONE
K213706:output,K213706,output,SEGMENTATION_OR_LOCALIZATION;MEASUREMENT_OR_QUANTIFICATION;DOCUMENTATION_OR_SUMMARY,SEGMENTATION_OR_LOCALIZATION;MEASUREMENT_OR_QUANTIFICATION;DOCUMENTATION_OR_SUMMARY,CODED,false,NONE
K213706:user,K213706,user,RADIOLOGIST;OTHER_CLINICIAN,RADIOLOGIST;OTHER_CLINICIAN,CODED,false,NONE
K213706:setting,K213706,setting,DIAGNOSTIC_INTERPRETATION,DIAGNOSTIC_INTERPRETATION,CODED,false,NONE
K213706:action,K213706,action,INTERPRETATION_OR_DIAGNOSIS;WORKFLOW_OR_DOCUMENTATION,INTERPRETATION_OR_DIAGNOSIS;WORKFLOW_OR_DOCUMENTATION,CODED,false,NONE
K213706:component_status,K213706,component_status,MULTIPLE,MULTIPLE,CODED,false,NONE
K213713:input,K213713,input,MEDICAL_IMAGE,MEDICAL_IMAGE,CODED,false,NONE
K213713:output,K213713,output,SEGMENTATION_OR_LOCALIZATION;MEASUREMENT_OR_QUANTIFICATION,SEGMENTATION_OR_LOCALIZATION;MEASUREMENT_OR_QUANTIFICATION,CODED,false,NONE
K213713:user,K213713,user,RADIOLOGIST;OTHER_PHYSICIAN,RADIOLOGIST;OTHER_PHYSICIAN,CODED,false,NONE
K213713:setting,K213713,setting,DIAGNOSTIC_INTERPRETATION;MONITORING;ACUTE_TRIAGE_OR_EMERGENCY,DIAGNOSTIC_INTERPRETATION;MONITORING;ACUTE_TRIAGE_OR_EMERGENCY,CODED,false,NONE
K213713:action,K213713,action,INTERPRETATION_OR_DIAGNOSIS;MONITORING_OR_FOLLOW_UP,INTERPRETATION_OR_DIAGNOSIS;MONITORING_OR_FOLLOW_UP,CODED,false,NONE
K213713:component_status,K213713,component_status,MULTIPLE,MULTIPLE,CODED,false,NONE
K213717:input,K213717,input,MEDICAL_IMAGE,MEDICAL_IMAGE,CODED,false,NONE
K213717:output,K213717,output,RECONSTRUCTION_OR_ENHANCEMENT,RECONSTRUCTION_OR_ENHANCEMENT,CODED,false,NONE
K213717:user,K213717,user,NOT_STATED,NOT_STATED,NOT_STATED,true,FIELD_NOT_STATED
K213717:setting,K213717,setting,OTHER,OTHER,CODED,false,NONE
K213717:action,K213717,action,WORKFLOW_OR_DOCUMENTATION,WORKFLOW_OR_DOCUMENTATION,CODED,false,NONE
K213717:component_status,K213717,component_status,SINGLE,SINGLE,CODED,false,NONE
K213721:input,K213721,input,MEDICAL_IMAGE,MEDICAL_IMAGE,CODED,false,NONE
K213721:output,K213721,output,DETECTION_OR_ALERT;OTHER,DETECTION_OR_ALERT;OTHER,CODED,false,NONE
K213721:user,K213721,user,OTHER_PHYSICIAN;OTHER_CLINICIAN,OTHER_PHYSICIAN;OTHER_CLINICIAN,CODED,false,NONE
K213721:setting,K213721,setting,OTHER,OTHER,CODED,false,NONE
K213721:action,K213721,action,TRIAGE_OR_PRIORITIZATION,TRIAGE_OR_PRIORITIZATION,CODED,false,NONE
K213721:component_status,K213721,component_status,SINGLE,SINGLE,CODED,false,NONE
K213725:input,K213725,input,MEDICAL_IMAGE,MEDICAL_IMAGE,CODED,false,NONE
K213725:output,K213725,output,SEGMENTATION_OR_LOCALIZATION;MEASUREMENT_OR_QUANTIFICATION;DOCUMENTATION_OR_SUMMARY,SEGMENTATION_OR_LOCALIZATION;MEASUREMENT_OR_QUANTIFICATION;DOCUMENTATION_OR_SUMMARY,CODED,false,NONE
K213725:user,K213725,user,OTHER_PHYSICIAN,OTHER_PHYSICIAN,CODED,false,NONE
K213725:setting,K213725,setting,DIAGNOSTIC_INTERPRETATION;MONITORING,DIAGNOSTIC_INTERPRETATION;MONITORING,CODED,false,NONE
K213725:action,K213725,action,INTERPRETATION_OR_DIAGNOSIS;MONITORING_OR_FOLLOW_UP;WORKFLOW_OR_DOCUMENTATION,INTERPRETATION_OR_DIAGNOSIS;MONITORING_OR_FOLLOW_UP;WORKFLOW_OR_DOCUMENTATION,CODED,false,NONE
K213725:component_status,K213725,component_status,SINGLE,SINGLE,CODED,false,NONE
K213737:input,K213737,input,MEDICAL_IMAGE,MEDICAL_IMAGE,CODED,false,NONE
K213737:output,K213737,output,SEGMENTATION_OR_LOCALIZATION;MEASUREMENT_OR_QUANTIFICATION;DOCUMENTATION_OR_SUMMARY,SEGMENTATION_OR_LOCALIZATION;MEASUREMENT_OR_QUANTIFICATION;DOCUMENTATION_OR_SUMMARY,CODED,false,NONE
K213737:user,K213737,user,RADIOLOGIST;OTHER_CLINICIAN,RADIOLOGIST;OTHER_CLINICIAN,CODED,false,NONE
K213737:setting,K213737,setting,DIAGNOSTIC_INTERPRETATION;MONITORING,DIAGNOSTIC_INTERPRETATION;MONITORING,CODED,false,NONE
K213737:action,K213737,action,INTERPRETATION_OR_DIAGNOSIS;MONITORING_OR_FOLLOW_UP;WORKFLOW_OR_DOCUMENTATION,INTERPRETATION_OR_DIAGNOSIS;MONITORING_OR_FOLLOW_UP;WORKFLOW_OR_DOCUMENTATION,CODED,false,NONE
K213737:component_status,K213737,component_status,MULTIPLE,MULTIPLE,CODED,false,NONE
K213760:input,K213760,input,MEDICAL_IMAGE,MEDICAL_IMAGE,CODED,false,NONE
K213760:output,K213760,output,SEGMENTATION_OR_LOCALIZATION;MEASUREMENT_OR_QUANTIFICATION,SEGMENTATION_OR_LOCALIZATION;MEASUREMENT_OR_QUANTIFICATION,CODED,false,NONE
K213760:user,K213760,user,RADIOLOGIST;OTHER_CLINICIAN,RADIOLOGIST;OTHER_CLINICIAN,CODED,false,NONE
K213760:setting,K213760,setting,DIAGNOSTIC_INTERPRETATION;OTHER,DIAGNOSTIC_INTERPRETATION;OTHER,CODED,false,NONE
K213760:action,K213760,action,INTERPRETATION_OR_DIAGNOSIS,INTERPRETATION_OR_DIAGNOSIS,CODED,false,NONE
K213760:component_status,K213760,component_status,SINGLE,SINGLE,CODED,false,NONE
K213776:input,K213776,input,MEDICAL_IMAGE,MEDICAL_IMAGE,CODED,false,NONE
K213776:output,K213776,output,MEASUREMENT_OR_QUANTIFICATION;CLASSIFICATION_OR_DIAGNOSIS;DOCUMENTATION_OR_SUMMARY,MEASUREMENT_OR_QUANTIFICATION;CLASSIFICATION_OR_DIAGNOSIS;DOCUMENTATION_OR_SUMMARY,CODED,false,NONE
K213776:user,K213776,user,RADIOLOGIST;OTHER_PHYSICIAN,RADIOLOGIST;OTHER_PHYSICIAN,CODED,false,NONE
K213776:setting,K213776,setting,DIAGNOSTIC_INTERPRETATION;MONITORING;SCREENING,DIAGNOSTIC_INTERPRETATION;MONITORING;SCREENING,CODED,false,NONE
K213776:action,K213776,action,INTERPRETATION_OR_DIAGNOSIS;MONITORING_OR_FOLLOW_UP,INTERPRETATION_OR_DIAGNOSIS;MONITORING_OR_FOLLOW_UP,CODED,false,NONE
K213776:component_status,K213776,component_status,MULTIPLE,MULTIPLE,CODED,false,NONE
K213779:input,K213779,input,NOT_ASSESSABLE,NOT_ASSESSABLE,NOT_ASSESSABLE,true,AI_ATTRIBUTION_BARRIER
K213779:output,K213779,output,NOT_ASSESSABLE,NOT_ASSESSABLE,NOT_ASSESSABLE,true,AI_ATTRIBUTION_BARRIER
K213779:user,K213779,user,NOT_ASSESSABLE,NOT_ASSESSABLE,NOT_ASSESSABLE,true,AI_ATTRIBUTION_BARRIER
K213779:setting,K213779,setting,NOT_ASSESSABLE,NOT_ASSESSABLE,NOT_ASSESSABLE,true,AI_ATTRIBUTION_BARRIER
K213779:action,K213779,action,NOT_ASSESSABLE,NOT_ASSESSABLE,NOT_ASSESSABLE,true,AI_ATTRIBUTION_BARRIER
K213779:component_status,K213779,component_status,UNCERTAIN,UNCERTAIN,UNCERTAIN,true,AI_ATTRIBUTION_BARRIER
K213794:input,K213794,input,AUDIO_OR_VIDEO;PHYSIOLOGICAL_SIGNAL,AUDIO_OR_VIDEO;PHYSIOLOGICAL_SIGNAL,CODED,false,NONE
K213794:output,K213794,output,DETECTION_OR_ALERT;CLASSIFICATION_OR_DIAGNOSIS;OTHER,DETECTION_OR_ALERT;CLASSIFICATION_OR_DIAGNOSIS;OTHER,CODED,false,NONE
K213794:user,K213794,user,OTHER_CLINICIAN,OTHER_CLINICIAN,CODED,false,NONE
K213794:setting,K213794,setting,DIAGNOSTIC_INTERPRETATION;OTHER,DIAGNOSTIC_INTERPRETATION;OTHER,CODED,false,NONE
K213794:action,K213794,action,INTERPRETATION_OR_DIAGNOSIS,INTERPRETATION_OR_DIAGNOSIS,CODED,false,NONE
K213794:component_status,K213794,component_status,SINGLE,SINGLE,CODED,false,NONE
K213795:input,K213795,input,MEDICAL_IMAGE,MEDICAL_IMAGE,CODED,false,NONE
K213795:output,K213795,output,DETECTION_OR_ALERT;SEGMENTATION_OR_LOCALIZATION;MEASUREMENT_OR_QUANTIFICATION,DETECTION_OR_ALERT;SEGMENTATION_OR_LOCALIZATION;MEASUREMENT_OR_QUANTIFICATION,CODED,false,NONE
K213795:user,K213795,user,OTHER_PHYSICIAN,OTHER_PHYSICIAN,CODED,false,NONE
K213795:setting,K213795,setting,DIAGNOSTIC_INTERPRETATION,DIAGNOSTIC_INTERPRETATION,CODED,false,NONE
K213795:action,K213795,action,INTERPRETATION_OR_DIAGNOSIS,INTERPRETATION_OR_DIAGNOSIS,CODED,false,NONE
K213795:component_status,K213795,component_status,SINGLE,SINGLE,CODED,false,NONE
K213857:input,K213857,input,MEDICAL_IMAGE,MEDICAL_IMAGE,CODED,false,NONE
K213857:output,K213857,output,SEGMENTATION_OR_LOCALIZATION;MEASUREMENT_OR_QUANTIFICATION;RECOMMENDATION_OR_PLANNING;OTHER,SEGMENTATION_OR_LOCALIZATION;MEASUREMENT_OR_QUANTIFICATION;RECOMMENDATION_OR_PLANNING;OTHER,CODED,false,NONE
K213857:user,K213857,user,OTHER_CLINICIAN,OTHER_CLINICIAN,CODED,false,NONE
K213857:setting,K213857,setting,DIAGNOSTIC_INTERPRETATION;OTHER,DIAGNOSTIC_INTERPRETATION;OTHER,CODED,false,NONE
K213857:action,K213857,action,INTERPRETATION_OR_DIAGNOSIS;TREATMENT_OR_PROCEDURE_PLANNING,INTERPRETATION_OR_DIAGNOSIS;TREATMENT_OR_PROCEDURE_PLANNING,CODED,false,NONE
K213857:component_status,K213857,component_status,MULTIPLE,MULTIPLE,CODED,false,NONE
K213882:input,K213882,input,PHYSIOLOGICAL_SIGNAL,PHYSIOLOGICAL_SIGNAL,CODED,false,NONE
K213882:output,K213882,output,CLASSIFICATION_OR_DIAGNOSIS;MEASUREMENT_OR_QUANTIFICATION,CLASSIFICATION_OR_DIAGNOSIS;MEASUREMENT_OR_QUANTIFICATION,CODED,false,NONE
K213882:user,K213882,user,OTHER_CLINICIAN,OTHER_CLINICIAN,CODED,false,NONE
K213882:setting,K213882,setting,DIAGNOSTIC_INTERPRETATION;OTHER,DIAGNOSTIC_INTERPRETATION;OTHER,CODED,false,NONE
K213882:action,K213882,action,INTERPRETATION_OR_DIAGNOSIS,INTERPRETATION_OR_DIAGNOSIS,CODED,false,NONE
K213882:component_status,K213882,component_status,SINGLE,SINGLE,CODED,false,NONE
K213886:input,K213886,input,MEDICAL_IMAGE,MEDICAL_IMAGE,CODED,false,NONE
K213886:output,K213886,output,DETECTION_OR_ALERT;OTHER,DETECTION_OR_ALERT;OTHER,CODED,false,NONE
K213886:user,K213886,user,OTHER_PHYSICIAN;OTHER_CLINICIAN,OTHER_PHYSICIAN;OTHER_CLINICIAN,CODED,false,NONE
K213886:setting,K213886,setting,ACUTE_TRIAGE_OR_EMERGENCY;OTHER,ACUTE_TRIAGE_OR_EMERGENCY;OTHER,CODED,false,NONE
K213886:action,K213886,action,TRIAGE_OR_PRIORITIZATION,TRIAGE_OR_PRIORITIZATION,CODED,false,NONE
K213886:component_status,K213886,component_status,SINGLE,SINGLE,CODED,false,NONE
K213938:input,K213938,input,MEDICAL_IMAGE,MEDICAL_IMAGE,CODED,false,NONE
K213938:output,K213938,output,RECONSTRUCTION_OR_ENHANCEMENT,RECONSTRUCTION_OR_ENHANCEMENT,CODED,false,NONE
K213938:user,K213938,user,NOT_STATED,NOT_STATED,NOT_STATED,true,FIELD_NOT_STATED
K213938:setting,K213938,setting,OTHER,OTHER,CODED,false,NONE
K213938:action,K213938,action,WORKFLOW_OR_DOCUMENTATION,WORKFLOW_OR_DOCUMENTATION,CODED,false,NONE
K213938:component_status,K213938,component_status,SINGLE,SINGLE,CODED,false,NONE
K213941:input,K213941,input,MEDICAL_IMAGE,MEDICAL_IMAGE,CODED,false,NONE
K213941:output,K213941,output,DETECTION_OR_ALERT,DETECTION_OR_ALERT,CODED,false,NONE
K213941:user,K213941,user,OTHER_CLINICIAN,OTHER_CLINICIAN,CODED,false,NONE
K213941:setting,K213941,setting,ACUTE_TRIAGE_OR_EMERGENCY;OTHER,ACUTE_TRIAGE_OR_EMERGENCY;OTHER,CODED,false,NONE
K213941:action,K213941,action,TRIAGE_OR_PRIORITIZATION,TRIAGE_OR_PRIORITIZATION,CODED,false,NONE
K213941:component_status,K213941,component_status,SINGLE,SINGLE,CODED,false,NONE
K213944:input,K213944,input,MEDICAL_IMAGE,MEDICAL_IMAGE,CODED,false,NONE
K213944:output,K213944,output,SEGMENTATION_OR_LOCALIZATION;MEASUREMENT_OR_QUANTIFICATION;DETECTION_OR_ALERT;CLASSIFICATION_OR_DIAGNOSIS,SEGMENTATION_OR_LOCALIZATION;MEASUREMENT_OR_QUANTIFICATION;DETECTION_OR_ALERT;CLASSIFICATION_OR_DIAGNOSIS,CODED,false,NONE
K213944:user,K213944,user,OTHER_CLINICIAN,OTHER_CLINICIAN,CODED,false,NONE
K213944:setting,K213944,setting,DIAGNOSTIC_INTERPRETATION;OTHER,DIAGNOSTIC_INTERPRETATION;OTHER,CODED,false,NONE
K213944:action,K213944,action,INTERPRETATION_OR_DIAGNOSIS,INTERPRETATION_OR_DIAGNOSIS,CODED,false,NONE
K213944:component_status,K213944,component_status,SINGLE,SINGLE,CODED,false,NONE
K213960:input,K213960,input,MEDICAL_IMAGE,MEDICAL_IMAGE,CODED,false,NONE
K213960:output,K213960,output,SEGMENTATION_OR_LOCALIZATION;DETECTION_OR_ALERT;RECOMMENDATION_OR_PLANNING;MEASUREMENT_OR_QUANTIFICATION;DOCUMENTATION_OR_SUMMARY,SEGMENTATION_OR_LOCALIZATION;DETECTION_OR_ALERT;RECOMMENDATION_OR_PLANNING;MEASUREMENT_OR_QUANTIFICATION;DOCUMENTATION_OR_SUMMARY,CODED,false,NONE
K213960:user,K213960,user,TECHNOLOGIST_OR_OPERATOR;OTHER_CLINICIAN;OTHER_PHYSICIAN,TECHNOLOGIST_OR_OPERATOR;OTHER_CLINICIAN;OTHER_PHYSICIAN,CODED,false,NONE
K213960:setting,K213960,setting,DIAGNOSTIC_INTERPRETATION;MONITORING;OTHER,DIAGNOSTIC_INTERPRETATION;MONITORING;OTHER,CODED,false,NONE
K213960:action,K213960,action,INTERPRETATION_OR_DIAGNOSIS;MONITORING_OR_FOLLOW_UP;WORKFLOW_OR_DOCUMENTATION,INTERPRETATION_OR_DIAGNOSIS;MONITORING_OR_FOLLOW_UP;WORKFLOW_OR_DOCUMENTATION,CODED,false,NONE
K213960:component_status,K213960,component_status,SINGLE,SINGLE,CODED,false,NONE
K213971:input,K213971,input,PHYSIOLOGICAL_SIGNAL,PHYSIOLOGICAL_SIGNAL,CODED,false,NONE
K213971:output,K213971,output,MEASUREMENT_OR_QUANTIFICATION;DOCUMENTATION_OR_SUMMARY,MEASUREMENT_OR_QUANTIFICATION;DOCUMENTATION_OR_SUMMARY,CODED,false,NONE
K213971:user,K213971,user,PATIENT_OR_CAREGIVER,PATIENT_OR_CAREGIVER,CODED,false,NONE
K213971:setting,K213971,setting,HOME_OR_CONSUMER;MONITORING,HOME_OR_CONSUMER;MONITORING,CODED,false,NONE
K213971:action,K213971,action,PATIENT_SELF_MANAGEMENT;MONITORING_OR_FOLLOW_UP,PATIENT_SELF_MANAGEMENT;MONITORING_OR_FOLLOW_UP,CODED,false,NONE
K213971:component_status,K213971,component_status,SINGLE,SINGLE,CODED,false,NONE
K213976:input,K213976,input,MEDICAL_IMAGE,MEDICAL_IMAGE,CODED,false,NONE
K213976:output,K213976,output,SEGMENTATION_OR_LOCALIZATION,SEGMENTATION_OR_LOCALIZATION,CODED,false,NONE
K213976:user,K213976,user,OTHER_CLINICIAN,OTHER_CLINICIAN,CODED,false,NONE
K213976:setting,K213976,setting,OTHER;MONITORING,OTHER;MONITORING,CODED,false,NONE
K213976:action,K213976,action,TREATMENT_OR_PROCEDURE_PLANNING;MONITORING_OR_FOLLOW_UP,TREATMENT_OR_PROCEDURE_PLANNING;MONITORING_OR_FOLLOW_UP,CODED,false,NONE
K213976:component_status,K213976,component_status,SINGLE,SINGLE,CODED,false,NONE
K213986:input,K213986,input,NOT_ASSESSABLE,NOT_ASSESSABLE,NOT_ASSESSABLE,true,AI_ATTRIBUTION_BARRIER
K213986:output,K213986,output,NOT_ASSESSABLE,NOT_ASSESSABLE,NOT_ASSESSABLE,true,AI_ATTRIBUTION_BARRIER
K213986:user,K213986,user,NOT_ASSESSABLE,NOT_ASSESSABLE,NOT_ASSESSABLE,true,AI_ATTRIBUTION_BARRIER
K213986:setting,K213986,setting,NOT_ASSESSABLE,NOT_ASSESSABLE,NOT_ASSESSABLE,true,AI_ATTRIBUTION_BARRIER
K213986:action,K213986,action,NOT_ASSESSABLE,NOT_ASSESSABLE,NOT_ASSESSABLE,true,AI_ATTRIBUTION_BARRIER
K213986:component_status,K213986,component_status,UNCERTAIN,UNCERTAIN,UNCERTAIN,true,AI_ATTRIBUTION_BARRIER
K213998:input,K213998,input,MEDICAL_IMAGE,MEDICAL_IMAGE,CODED,false,NONE
K213998:output,K213998,output,SEGMENTATION_OR_LOCALIZATION;MEASUREMENT_OR_QUANTIFICATION;DOCUMENTATION_OR_SUMMARY;OTHER,SEGMENTATION_OR_LOCALIZATION;MEASUREMENT_OR_QUANTIFICATION;DOCUMENTATION_OR_SUMMARY;OTHER,CODED,false,NONE
K213998:user,K213998,user,OTHER_PHYSICIAN;OTHER_CLINICIAN,OTHER_PHYSICIAN;OTHER_CLINICIAN,CODED,false,NONE
K213998:setting,K213998,setting,DIAGNOSTIC_INTERPRETATION;MONITORING;OTHER,DIAGNOSTIC_INTERPRETATION;MONITORING;OTHER,CODED,false,NONE
K213998:action,K213998,action,INTERPRETATION_OR_DIAGNOSIS;MONITORING_OR_FOLLOW_UP;WORKFLOW_OR_DOCUMENTATION,INTERPRETATION_OR_DIAGNOSIS;MONITORING_OR_FOLLOW_UP;WORKFLOW_OR_DOCUMENTATION,CODED,false,NONE
K213998:component_status,K213998,component_status,MULTIPLE,MULTIPLE,CODED,false,NONE
K213999:input,K213999,input,MEDICAL_IMAGE,MEDICAL_IMAGE,CODED,false,NONE
K213999:output,K213999,output,RECONSTRUCTION_OR_ENHANCEMENT,RECONSTRUCTION_OR_ENHANCEMENT,CODED,false,NONE
K213999:user,K213999,user,NOT_STATED,NOT_STATED,NOT_STATED,true,FIELD_NOT_STATED
K213999:setting,K213999,setting,OTHER,OTHER,CODED,false,NONE
K213999:action,K213999,action,WORKFLOW_OR_DOCUMENTATION,WORKFLOW_OR_DOCUMENTATION,CODED,false,NONE
K213999:component_status,K213999,component_status,SINGLE,SINGLE,CODED,false,NONE
K214019:input,K214019,input,MEDICAL_IMAGE,MEDICAL_IMAGE,CODED,false,NONE
K214019:output,K214019,output,SEGMENTATION_OR_LOCALIZATION,SEGMENTATION_OR_LOCALIZATION,CODED,false,NONE
K214019:user,K214019,user,TECHNOLOGIST_OR_OPERATOR;OTHER_PHYSICIAN,TECHNOLOGIST_OR_OPERATOR;OTHER_PHYSICIAN,CODED,false,NONE
K214019:setting,K214019,setting,DIAGNOSTIC_INTERPRETATION,DIAGNOSTIC_INTERPRETATION,CODED,false,NONE
K214019:action,K214019,action,INTERPRETATION_OR_DIAGNOSIS,INTERPRETATION_OR_DIAGNOSIS,CODED,false,NONE
K214019:component_status,K214019,component_status,SINGLE,SINGLE,CODED,false,NONE
K214036:input,K214036,input,MEDICAL_IMAGE;CLINICAL_TABULAR_OR_TEXT,MEDICAL_IMAGE;CLINICAL_TABULAR_OR_TEXT,CODED,false,NONE
K214036:output,K214036,output,SEGMENTATION_OR_LOCALIZATION;MEASUREMENT_OR_QUANTIFICATION;CLASSIFICATION_OR_DIAGNOSIS;RISK_SCORE_OR_PREDICTION;RECONSTRUCTION_OR_ENHANCEMENT;DOCUMENTATION_OR_SUMMARY,SEGMENTATION_OR_LOCALIZATION;MEASUREMENT_OR_QUANTIFICATION;CLASSIFICATION_OR_DIAGNOSIS;RISK_SCORE_OR_PREDICTION;RECONSTRUCTION_OR_ENHANCEMENT;DOCUMENTATION_OR_SUMMARY,CODED,false,NONE
K214036:user,K214036,user,OTHER_PHYSICIAN,OTHER_PHYSICIAN,CODED,false,NONE
K214036:setting,K214036,setting,DIAGNOSTIC_INTERPRETATION;SCREENING;MONITORING,DIAGNOSTIC_INTERPRETATION;SCREENING;MONITORING,CODED,false,NONE
K214036:action,K214036,action,INTERPRETATION_OR_DIAGNOSIS;MONITORING_OR_FOLLOW_UP;WORKFLOW_OR_DOCUMENTATION,INTERPRETATION_OR_DIAGNOSIS;MONITORING_OR_FOLLOW_UP;WORKFLOW_OR_DOCUMENTATION,CODED,false,NONE
K214036:component_status,K214036,component_status,MULTIPLE,MULTIPLE,CODED,false,NONE
K214043:input,K214043,input,MEDICAL_IMAGE,MEDICAL_IMAGE,CODED,false,NONE
K214043:output,K214043,output,DETECTION_OR_ALERT;OTHER,DETECTION_OR_ALERT;OTHER,CODED,false,NONE
K214043:user,K214043,user,OTHER_PHYSICIAN;OTHER_CLINICIAN,OTHER_PHYSICIAN;OTHER_CLINICIAN,CODED,false,NONE
K214043:setting,K214043,setting,ACUTE_TRIAGE_OR_EMERGENCY;OTHER,ACUTE_TRIAGE_OR_EMERGENCY;OTHER,CODED,false,NONE
K214043:action,K214043,action,TRIAGE_OR_PRIORITIZATION,TRIAGE_OR_PRIORITIZATION,CODED,false,NONE
K214043:component_status,K214043,component_status,SINGLE,SINGLE,CODED,false,NONE
K214081:input,K214081,input,MEDICAL_IMAGE,MEDICAL_IMAGE,CODED,false,NONE
K214081:output,K214081,output,RECONSTRUCTION_OR_ENHANCEMENT,RECONSTRUCTION_OR_ENHANCEMENT,CODED,false,NONE
K214081:user,K214081,user,TECHNOLOGIST_OR_OPERATOR,TECHNOLOGIST_OR_OPERATOR,CODED,false,NONE
K214081:setting,K214081,setting,OTHER,OTHER,CODED,false,NONE
K214081:action,K214081,action,TREATMENT_OR_PROCEDURE_PLANNING,TREATMENT_OR_PROCEDURE_PLANNING,CODED,false,NONE
K214081:component_status,K214081,component_status,SINGLE,SINGLE,CODED,false,NONE
K220013:input,K220013,input,MEDICAL_IMAGE,MEDICAL_IMAGE,CODED,false,NONE
K220013:output,K220013,output,DETECTION_OR_ALERT;CLASSIFICATION_OR_DIAGNOSIS;MEASUREMENT_OR_QUANTIFICATION,DETECTION_OR_ALERT;CLASSIFICATION_OR_DIAGNOSIS;MEASUREMENT_OR_QUANTIFICATION,CODED,false,NONE
K220013:user,K220013,user,LABORATORY_PROFESSIONAL;TECHNOLOGIST_OR_OPERATOR,LABORATORY_PROFESSIONAL;TECHNOLOGIST_OR_OPERATOR,CODED,false,NONE
K220013:setting,K220013,setting,LABORATORY,LABORATORY,CODED,false,NONE
K220013:action,K220013,action,INTERPRETATION_OR_DIAGNOSIS,INTERPRETATION_OR_DIAGNOSIS,CODED,false,NONE
K220013:component_status,K220013,component_status,MULTIPLE,MULTIPLE,CODED,false,NONE
K220034:input,K220034,input,MEDICAL_IMAGE,MEDICAL_IMAGE,CODED,false,NONE
K220034:output,K220034,output,SEGMENTATION_OR_LOCALIZATION;MEASUREMENT_OR_QUANTIFICATION;DOCUMENTATION_OR_SUMMARY,SEGMENTATION_OR_LOCALIZATION;MEASUREMENT_OR_QUANTIFICATION;DOCUMENTATION_OR_SUMMARY,CODED,false,NONE
K220034:user,K220034,user,RADIOLOGIST;OTHER_PHYSICIAN,RADIOLOGIST;OTHER_PHYSICIAN,CODED,false,NONE
K220034:setting,K220034,setting,DIAGNOSTIC_INTERPRETATION;OTHER,DIAGNOSTIC_INTERPRETATION;OTHER,CODED,false,NONE
K220034:action,K220034,action,INTERPRETATION_OR_DIAGNOSIS;TREATMENT_OR_PROCEDURE_PLANNING,INTERPRETATION_OR_DIAGNOSIS;TREATMENT_OR_PROCEDURE_PLANNING,CODED,false,NONE
K220034:component_status,K220034,component_status,SINGLE,SINGLE,CODED,false,NONE
K220043:input,K220043,input,MEDICAL_IMAGE,MEDICAL_IMAGE,CODED,false,NONE
K220043:output,K220043,output,CLASSIFICATION_OR_DIAGNOSIS;SEGMENTATION_OR_LOCALIZATION;MEASUREMENT_OR_QUANTIFICATION;DOCUMENTATION_OR_SUMMARY,CLASSIFICATION_OR_DIAGNOSIS;SEGMENTATION_OR_LOCALIZATION;MEASUREMENT_OR_QUANTIFICATION;DOCUMENTATION_OR_SUMMARY,CODED,false,NONE
K220043:user,K220043,user,OTHER_CLINICIAN,OTHER_CLINICIAN,CODED,false,NONE
K220043:setting,K220043,setting,DIAGNOSTIC_INTERPRETATION;OTHER,DIAGNOSTIC_INTERPRETATION;OTHER,CODED,false,NONE
K220043:action,K220043,action,INTERPRETATION_OR_DIAGNOSIS;WORKFLOW_OR_DOCUMENTATION,INTERPRETATION_OR_DIAGNOSIS;WORKFLOW_OR_DOCUMENTATION,CODED,false,NONE
K220043:component_status,K220043,component_status,MULTIPLE,MULTIPLE,CODED,false,NONE
K220068:input,K220068,input,MEDICAL_IMAGE,MEDICAL_IMAGE,CODED,false,NONE
K220068:output,K220068,output,DETECTION_OR_ALERT;SEGMENTATION_OR_LOCALIZATION;MEASUREMENT_OR_QUANTIFICATION,DETECTION_OR_ALERT;SEGMENTATION_OR_LOCALIZATION;MEASUREMENT_OR_QUANTIFICATION,CODED,false,NONE
K220068:user,K220068,user,OTHER_CLINICIAN,OTHER_CLINICIAN,CODED,false,NONE
K220068:setting,K220068,setting,DIAGNOSTIC_INTERPRETATION;OTHER,DIAGNOSTIC_INTERPRETATION;OTHER,CODED,false,NONE
K220068:action,K220068,action,INTERPRETATION_OR_DIAGNOSIS;WORKFLOW_OR_DOCUMENTATION,INTERPRETATION_OR_DIAGNOSIS;WORKFLOW_OR_DOCUMENTATION,CODED,false,NONE
K220068:component_status,K220068,component_status,SINGLE,SINGLE,CODED,false,NONE
K220080:input,K220080,input,MEDICAL_IMAGE,MEDICAL_IMAGE,CODED,false,NONE
K220080:output,K220080,output,DETECTION_OR_ALERT;DOCUMENTATION_OR_SUMMARY,DETECTION_OR_ALERT;DOCUMENTATION_OR_SUMMARY,CODED,false,NONE
K220080:user,K220080,user,RADIOLOGIST;OTHER_PHYSICIAN,RADIOLOGIST;OTHER_PHYSICIAN,CODED,false,NONE
K220080:setting,K220080,setting,SCREENING,SCREENING,CODED,false,NONE
K220080:action,K220080,action,TRIAGE_OR_PRIORITIZATION,TRIAGE_OR_PRIORITIZATION,CODED,false,NONE
K220080:component_status,K220080,component_status,SINGLE,SINGLE,CODED,false,NONE
K220105:input,K220105,input,MEDICAL_IMAGE,MEDICAL_IMAGE,CODED,false,NONE
K220105:output,K220105,output,DETECTION_OR_ALERT;SEGMENTATION_OR_LOCALIZATION;RISK_SCORE_OR_PREDICTION;DOCUMENTATION_OR_SUMMARY,DETECTION_OR_ALERT;SEGMENTATION_OR_LOCALIZATION;RISK_SCORE_OR_PREDICTION;DOCUMENTATION_OR_SUMMARY,CODED,false,NONE
K220105:user,K220105,user,RADIOLOGIST;OTHER_PHYSICIAN,RADIOLOGIST;OTHER_PHYSICIAN,CODED,false,NONE
K220105:setting,K220105,setting,SCREENING;DIAGNOSTIC_INTERPRETATION,SCREENING;DIAGNOSTIC_INTERPRETATION,CODED,false,NONE
K220105:action,K220105,action,INTERPRETATION_OR_DIAGNOSIS,INTERPRETATION_OR_DIAGNOSIS,CODED,false,NONE
K220105:component_status,K220105,component_status,SINGLE,SINGLE,CODED,false,NONE
K220141:input,K220141,input,MEDICAL_IMAGE,MEDICAL_IMAGE,CODED,false,NONE
K220141:output,K220141,output,SEGMENTATION_OR_LOCALIZATION;RECOMMENDATION_OR_PLANNING,SEGMENTATION_OR_LOCALIZATION;RECOMMENDATION_OR_PLANNING,CODED,false,NONE
K220141:user,K220141,user,OTHER_CLINICIAN,OTHER_CLINICIAN,CODED,false,NONE
K220141:setting,K220141,setting,OTHER,OTHER,CODED,false,NONE
K220141:action,K220141,action,TREATMENT_OR_PROCEDURE_PLANNING,TREATMENT_OR_PROCEDURE_PLANNING,CODED,false,NONE
K220141:component_status,K220141,component_status,MULTIPLE,MULTIPLE,CODED,false,NONE
K220151:input,K220151,input,NOT_ASSESSABLE,NOT_ASSESSABLE,NOT_ASSESSABLE,true,AI_ATTRIBUTION_BARRIER
K220151:output,K220151,output,NOT_ASSESSABLE,NOT_ASSESSABLE,NOT_ASSESSABLE,true,AI_ATTRIBUTION_BARRIER
K220151:user,K220151,user,NOT_ASSESSABLE,NOT_ASSESSABLE,NOT_ASSESSABLE,true,AI_ATTRIBUTION_BARRIER
K220151:setting,K220151,setting,NOT_ASSESSABLE,NOT_ASSESSABLE,NOT_ASSESSABLE,true,AI_ATTRIBUTION_BARRIER
K220151:action,K220151,action,NOT_ASSESSABLE,NOT_ASSESSABLE,NOT_ASSESSABLE,true,AI_ATTRIBUTION_BARRIER
K220151:component_status,K220151,component_status,UNCERTAIN,UNCERTAIN,UNCERTAIN,true,AI_ATTRIBUTION_BARRIER
K220164:input,K220164,input,MEDICAL_IMAGE,MEDICAL_IMAGE,CODED,false,NONE
K220164:output,K220164,output,DETECTION_OR_ALERT;CLASSIFICATION_OR_DIAGNOSIS;SEGMENTATION_OR_LOCALIZATION,DETECTION_OR_ALERT;CLASSIFICATION_OR_DIAGNOSIS;SEGMENTATION_OR_LOCALIZATION,CODED,false,NONE
K220164:user,K220164,user,RADIOLOGIST;OTHER_PHYSICIAN,RADIOLOGIST;OTHER_PHYSICIAN,CODED,false,NONE
K220164:setting,K220164,setting,DIAGNOSTIC_INTERPRETATION;ACUTE_TRIAGE_OR_EMERGENCY,DIAGNOSTIC_INTERPRETATION;ACUTE_TRIAGE_OR_EMERGENCY,CODED,false,NONE
K220164:action,K220164,action,INTERPRETATION_OR_DIAGNOSIS,INTERPRETATION_OR_DIAGNOSIS,CODED,false,NONE
K220164:component_status,K220164,component_status,SINGLE,SINGLE,CODED,false,NONE
K220192:input,K220192,input,MEDICAL_IMAGE,MEDICAL_IMAGE,CODED,false,NONE
K220192:output,K220192,output,SEGMENTATION_OR_LOCALIZATION;RECOMMENDATION_OR_PLANNING,SEGMENTATION_OR_LOCALIZATION;RECOMMENDATION_OR_PLANNING,CODED,false,NONE
K220192:user,K220192,user,NOT_STATED,NOT_STATED,NOT_STATED,true,FIELD_NOT_STATED
K220192:setting,K220192,setting,OTHER,OTHER,CODED,false,NONE
K220192:action,K220192,action,WORKFLOW_OR_DOCUMENTATION,WORKFLOW_OR_DOCUMENTATION,CODED,false,NONE
K220192:component_status,K220192,component_status,UNCERTAIN,UNCERTAIN,UNCERTAIN,true,FUNCTION_GROUP_UNRESOLVED
K220264:input,K220264,input,MEDICAL_IMAGE,MEDICAL_IMAGE,CODED,false,NONE
K220264:output,K220264,output,SEGMENTATION_OR_LOCALIZATION,SEGMENTATION_OR_LOCALIZATION,CODED,false,NONE
K220264:user,K220264,user,OTHER_PHYSICIAN;OTHER_CLINICIAN,OTHER_PHYSICIAN;OTHER_CLINICIAN,CODED,false,NONE
K220264:setting,K220264,setting,OTHER,OTHER,CODED,false,NONE
K220264:action,K220264,action,TREATMENT_OR_PROCEDURE_PLANNING,TREATMENT_OR_PROCEDURE_PLANNING,CODED,false,NONE
K220264:component_status,K220264,component_status,SINGLE,SINGLE,CODED,false,NONE
K220332:input,K220332,input,MEDICAL_IMAGE,MEDICAL_IMAGE,CODED,false,NONE
K220332:output,K220332,output,RECONSTRUCTION_OR_ENHANCEMENT,RECONSTRUCTION_OR_ENHANCEMENT,CODED,false,NONE
K220332:user,K220332,user,OTHER_PHYSICIAN,OTHER_PHYSICIAN,CODED,false,NONE
K220332:setting,K220332,setting,DIAGNOSTIC_INTERPRETATION,DIAGNOSTIC_INTERPRETATION,CODED,false,NONE
K220332:action,K220332,action,INTERPRETATION_OR_DIAGNOSIS,INTERPRETATION_OR_DIAGNOSIS,CODED,false,NONE
K220332:component_status,K220332,component_status,SINGLE,SINGLE,CODED,false,NONE
K220349:input,K220349,input,MEDICAL_IMAGE,MEDICAL_IMAGE,CODED,false,NONE
K220349:output,K220349,output,MEASUREMENT_OR_QUANTIFICATION;SEGMENTATION_OR_LOCALIZATION;RECONSTRUCTION_OR_ENHANCEMENT,MEASUREMENT_OR_QUANTIFICATION;SEGMENTATION_OR_LOCALIZATION;RECONSTRUCTION_OR_ENHANCEMENT,CODED,false,NONE
K220349:user,K220349,user,OTHER_PHYSICIAN;OTHER_CLINICIAN,OTHER_PHYSICIAN;OTHER_CLINICIAN,CODED,false,NONE
K220349:setting,K220349,setting,DIAGNOSTIC_INTERPRETATION,DIAGNOSTIC_INTERPRETATION,CODED,false,NONE
K220349:action,K220349,action,INTERPRETATION_OR_DIAGNOSIS;TREATMENT_OR_PROCEDURE_PLANNING;MONITORING_OR_FOLLOW_UP,INTERPRETATION_OR_DIAGNOSIS;TREATMENT_OR_PROCEDURE_PLANNING;MONITORING_OR_FOLLOW_UP,CODED,false,NONE
K220349:component_status,K220349,component_status,SINGLE,SINGLE,CODED,false,NONE
K220358:input,K220358,input,MEDICAL_IMAGE,MEDICAL_IMAGE,CODED,false,NONE
K220358:output,K220358,output,CLASSIFICATION_OR_DIAGNOSIS;SEGMENTATION_OR_LOCALIZATION;MEASUREMENT_OR_QUANTIFICATION;OTHER,CLASSIFICATION_OR_DIAGNOSIS;SEGMENTATION_OR_LOCALIZATION;MEASUREMENT_OR_QUANTIFICATION;OTHER,CODED,false,NONE
K220358:user,K220358,user,OTHER_CLINICIAN,OTHER_CLINICIAN,CODED,false,NONE
K220358:setting,K220358,setting,DIAGNOSTIC_INTERPRETATION;OTHER,DIAGNOSTIC_INTERPRETATION;OTHER,CODED,false,NONE
K220358:action,K220358,action,INTERPRETATION_OR_DIAGNOSIS;WORKFLOW_OR_DOCUMENTATION,INTERPRETATION_OR_DIAGNOSIS;WORKFLOW_OR_DOCUMENTATION,CODED,false,NONE
K220358:component_status,K220358,component_status,MULTIPLE,MULTIPLE,CODED,false,NONE
K220408:input,K220408,input,MEDICAL_IMAGE,MEDICAL_IMAGE,CODED,false,NONE
K220408:output,K220408,output,SEGMENTATION_OR_LOCALIZATION,SEGMENTATION_OR_LOCALIZATION,CODED,false,NONE
K220408:user,K220408,user,OTHER_CLINICIAN,OTHER_CLINICIAN,CODED,false,NONE
K220408:setting,K220408,setting,OTHER,OTHER,CODED,false,NONE
K220408:action,K220408,action,TREATMENT_OR_PROCEDURE_PLANNING,TREATMENT_OR_PROCEDURE_PLANNING,CODED,false,NONE
K220408:component_status,K220408,component_status,SINGLE,SINGLE,CODED,false,NONE
K220416:input,K220416,input,MEDICAL_IMAGE,MEDICAL_IMAGE,CODED,false,NONE
K220416:output,K220416,output,RECONSTRUCTION_OR_ENHANCEMENT,RECONSTRUCTION_OR_ENHANCEMENT,CODED,false,NONE
K220416:user,K220416,user,TECHNOLOGIST_OR_OPERATOR,TECHNOLOGIST_OR_OPERATOR,CODED,false,NONE
K220416:setting,K220416,setting,OTHER,OTHER,CODED,false,NONE
K220416:action,K220416,action,WORKFLOW_OR_DOCUMENTATION,WORKFLOW_OR_DOCUMENTATION,CODED,false,NONE
K220416:component_status,K220416,component_status,SINGLE,SINGLE,CODED,false,NONE
K220437:input,K220437,input,MEDICAL_IMAGE,MEDICAL_IMAGE,CODED,false,NONE
K220437:output,K220437,output,SEGMENTATION_OR_LOCALIZATION;MEASUREMENT_OR_QUANTIFICATION;DOCUMENTATION_OR_SUMMARY,SEGMENTATION_OR_LOCALIZATION;MEASUREMENT_OR_QUANTIFICATION;DOCUMENTATION_OR_SUMMARY,CODED,false,NONE
K220437:user,K220437,user,RADIOLOGIST;OTHER_PHYSICIAN;OTHER,RADIOLOGIST;OTHER_PHYSICIAN;OTHER,CODED,false,NONE
K220437:setting,K220437,setting,DIAGNOSTIC_INTERPRETATION;OTHER,DIAGNOSTIC_INTERPRETATION;OTHER,CODED,false,NONE
K220437:action,K220437,action,INTERPRETATION_OR_DIAGNOSIS;MONITORING_OR_FOLLOW_UP,INTERPRETATION_OR_DIAGNOSIS;MONITORING_OR_FOLLOW_UP,CODED,false,NONE
K220437:component_status,K220437,component_status,SINGLE,SINGLE,CODED,false,NONE
K220439:input,K220439,input,MEDICAL_IMAGE,MEDICAL_IMAGE,CODED,false,NONE
K220439:output,K220439,output,DETECTION_OR_ALERT,DETECTION_OR_ALERT,CODED,false,NONE
K220439:user,K220439,user,OTHER_PHYSICIAN,OTHER_PHYSICIAN,CODED,false,NONE
K220439:setting,K220439,setting,ACUTE_TRIAGE_OR_EMERGENCY;DIAGNOSTIC_INTERPRETATION,ACUTE_TRIAGE_OR_EMERGENCY;DIAGNOSTIC_INTERPRETATION,CODED,false,NONE
K220439:action,K220439,action,TRIAGE_OR_PRIORITIZATION;INTERPRETATION_OR_DIAGNOSIS,TRIAGE_OR_PRIORITIZATION;INTERPRETATION_OR_DIAGNOSIS,CODED,false,NONE
K220439:component_status,K220439,component_status,SINGLE,SINGLE,CODED,false,NONE
K220446:input,K220446,input,MEDICAL_IMAGE,MEDICAL_IMAGE,CODED,false,NONE
K220446:output,K220446,output,CLASSIFICATION_OR_DIAGNOSIS,CLASSIFICATION_OR_DIAGNOSIS,CODED,false,NONE
K220446:user,K220446,user,OTHER_CLINICIAN,OTHER_CLINICIAN,CODED,false,NONE
K220446:setting,K220446,setting,DIAGNOSTIC_INTERPRETATION;OUTPATIENT,DIAGNOSTIC_INTERPRETATION;OUTPATIENT,CODED,false,NONE
K220446:action,K220446,action,WORKFLOW_OR_DOCUMENTATION,WORKFLOW_OR_DOCUMENTATION,CODED,false,NONE
K220446:component_status,K220446,component_status,SINGLE,SINGLE,CODED,false,NONE
K220497:input,K220497,input,MEDICAL_IMAGE,MEDICAL_IMAGE,CODED,false,NONE
K220497:output,K220497,output,SEGMENTATION_OR_LOCALIZATION;MEASUREMENT_OR_QUANTIFICATION;CLASSIFICATION_OR_DIAGNOSIS;DOCUMENTATION_OR_SUMMARY,SEGMENTATION_OR_LOCALIZATION;MEASUREMENT_OR_QUANTIFICATION;CLASSIFICATION_OR_DIAGNOSIS;DOCUMENTATION_OR_SUMMARY,CODED,false,NONE
K220497:user,K220497,user,RADIOLOGIST;OTHER_PHYSICIAN,RADIOLOGIST;OTHER_PHYSICIAN,CODED,false,NONE
K220497:setting,K220497,setting,DIAGNOSTIC_INTERPRETATION,DIAGNOSTIC_INTERPRETATION,CODED,false,NONE
K220497:action,K220497,action,INTERPRETATION_OR_DIAGNOSIS;WORKFLOW_OR_DOCUMENTATION,INTERPRETATION_OR_DIAGNOSIS;WORKFLOW_OR_DOCUMENTATION,CODED,false,NONE
K220497:component_status,K220497,component_status,SINGLE,SINGLE,CODED,false,NONE
K220499:input,K220499,input,MEDICAL_IMAGE,MEDICAL_IMAGE,CODED,false,NONE
K220499:output,K220499,output,DETECTION_OR_ALERT,DETECTION_OR_ALERT,CODED,false,NONE
K220499:user,K220499,user,OTHER_CLINICIAN,OTHER_CLINICIAN,CODED,false,NONE
K220499:setting,K220499,setting,ACUTE_TRIAGE_OR_EMERGENCY;DIAGNOSTIC_INTERPRETATION,ACUTE_TRIAGE_OR_EMERGENCY;DIAGNOSTIC_INTERPRETATION,CODED,false,NONE
K220499:action,K220499,action,TRIAGE_OR_PRIORITIZATION;INTERPRETATION_OR_DIAGNOSIS,TRIAGE_OR_PRIORITIZATION;INTERPRETATION_OR_DIAGNOSIS,CODED,false,NONE
K220499:component_status,K220499,component_status,SINGLE,SINGLE,CODED,false,NONE
K220575:input,K220575,input,NOT_ASSESSABLE,NOT_ASSESSABLE,NOT_ASSESSABLE,true,AI_ATTRIBUTION_BARRIER
K220575:output,K220575,output,NOT_ASSESSABLE,NOT_ASSESSABLE,NOT_ASSESSABLE,true,AI_ATTRIBUTION_BARRIER
K220575:user,K220575,user,NOT_ASSESSABLE,NOT_ASSESSABLE,NOT_ASSESSABLE,true,AI_ATTRIBUTION_BARRIER
K220575:setting,K220575,setting,NOT_ASSESSABLE,NOT_ASSESSABLE,NOT_ASSESSABLE,true,AI_ATTRIBUTION_BARRIER
K220575:action,K220575,action,NOT_ASSESSABLE,NOT_ASSESSABLE,NOT_ASSESSABLE,true,AI_ATTRIBUTION_BARRIER
K220575:component_status,K220575,component_status,UNCERTAIN,UNCERTAIN,UNCERTAIN,true,AI_ATTRIBUTION_BARRIER
K220589:input,K220589,input,NOT_ASSESSABLE,NOT_ASSESSABLE,NOT_ASSESSABLE,true,AI_ATTRIBUTION_BARRIER
K220589:output,K220589,output,NOT_ASSESSABLE,NOT_ASSESSABLE,NOT_ASSESSABLE,true,AI_ATTRIBUTION_BARRIER
K220589:user,K220589,user,NOT_ASSESSABLE,NOT_ASSESSABLE,NOT_ASSESSABLE,true,AI_ATTRIBUTION_BARRIER
K220589:setting,K220589,setting,NOT_ASSESSABLE,NOT_ASSESSABLE,NOT_ASSESSABLE,true,AI_ATTRIBUTION_BARRIER
K220589:action,K220589,action,NOT_ASSESSABLE,NOT_ASSESSABLE,NOT_ASSESSABLE,true,AI_ATTRIBUTION_BARRIER
K220589:component_status,K220589,component_status,UNCERTAIN,UNCERTAIN,UNCERTAIN,true,AI_ATTRIBUTION_BARRIER
K220590:input,K220590,input,MEDICAL_IMAGE,MEDICAL_IMAGE,CODED,false,NONE
K220590:output,K220590,output,SEGMENTATION_OR_LOCALIZATION;MEASUREMENT_OR_QUANTIFICATION;DOCUMENTATION_OR_SUMMARY,SEGMENTATION_OR_LOCALIZATION;MEASUREMENT_OR_QUANTIFICATION;DOCUMENTATION_OR_SUMMARY,CODED,false,NONE
K220590:user,K220590,user,OTHER_CLINICIAN;OTHER,OTHER_CLINICIAN;OTHER,CODED,false,NONE
K220590:setting,K220590,setting,DIAGNOSTIC_INTERPRETATION;OUTPATIENT;OTHER,DIAGNOSTIC_INTERPRETATION;OUTPATIENT;OTHER,CODED,false,NONE
K220590:action,K220590,action,INTERPRETATION_OR_DIAGNOSIS;WORKFLOW_OR_DOCUMENTATION,INTERPRETATION_OR_DIAGNOSIS;WORKFLOW_OR_DOCUMENTATION,CODED,false,NONE
K220590:component_status,K220590,component_status,SINGLE,SINGLE,CODED,false,NONE
K220598:input,K220598,input,MEDICAL_IMAGE,MEDICAL_IMAGE,CODED,false,NONE
K220598:output,K220598,output,SEGMENTATION_OR_LOCALIZATION,SEGMENTATION_OR_LOCALIZATION,CODED,false,NONE
K220598:user,K220598,user,OTHER_CLINICIAN,OTHER_CLINICIAN,CODED,false,NONE
K220598:setting,K220598,setting,OTHER,OTHER,CODED,false,NONE
K220598:action,K220598,action,TREATMENT_OR_PROCEDURE_PLANNING,TREATMENT_OR_PROCEDURE_PLANNING,CODED,false,NONE
K220598:component_status,K220598,component_status,SINGLE,SINGLE,CODED,false,NONE
K220619:input,K220619,input,MEDICAL_IMAGE,MEDICAL_IMAGE,CODED,false,NONE
K220619:output,K220619,output,SEGMENTATION_OR_LOCALIZATION;MEASUREMENT_OR_QUANTIFICATION,SEGMENTATION_OR_LOCALIZATION;MEASUREMENT_OR_QUANTIFICATION,CODED,false,NONE
K220619:user,K220619,user,OTHER_PHYSICIAN;OTHER_CLINICIAN,OTHER_PHYSICIAN;OTHER_CLINICIAN,CODED,false,NONE
K220619:setting,K220619,setting,DIAGNOSTIC_INTERPRETATION;OUTPATIENT;PROCEDURAL_OR_OPERATING_ROOM,DIAGNOSTIC_INTERPRETATION;OUTPATIENT;PROCEDURAL_OR_OPERATING_ROOM,CODED,false,NONE
K220619:action,K220619,action,INTERPRETATION_OR_DIAGNOSIS,INTERPRETATION_OR_DIAGNOSIS,CODED,false,NONE
K220619:component_status,K220619,component_status,SINGLE,SINGLE,CODED,false,NONE
K220624:input,K220624,input,MEDICAL_IMAGE,MEDICAL_IMAGE,CODED,false,NONE
K220624:output,K220624,output,MEASUREMENT_OR_QUANTIFICATION;DOCUMENTATION_OR_SUMMARY,MEASUREMENT_OR_QUANTIFICATION;DOCUMENTATION_OR_SUMMARY,CODED,false,NONE
K220624:user,K220624,user,NOT_STATED,NOT_STATED,NOT_STATED,true,FIELD_NOT_STATED
K220624:setting,K220624,setting,OTHER,OTHER,CODED,false,NONE
K220624:action,K220624,action,OTHER,OTHER,CODED,false,NONE
K220624:component_status,K220624,component_status,SINGLE,SINGLE,CODED,false,NONE
K220709:input,K220709,input,MEDICAL_IMAGE,MEDICAL_IMAGE,CODED,false,NONE
K220709:output,K220709,output,DETECTION_OR_ALERT,DETECTION_OR_ALERT,CODED,false,NONE
K220709:user,K220709,user,OTHER_PHYSICIAN,OTHER_PHYSICIAN,CODED,false,NONE
K220709:setting,K220709,setting,ACUTE_TRIAGE_OR_EMERGENCY;DIAGNOSTIC_INTERPRETATION,ACUTE_TRIAGE_OR_EMERGENCY;DIAGNOSTIC_INTERPRETATION,CODED,false,NONE
K220709:action,K220709,action,TRIAGE_OR_PRIORITIZATION;INTERPRETATION_OR_DIAGNOSIS,TRIAGE_OR_PRIORITIZATION;INTERPRETATION_OR_DIAGNOSIS,CODED,false,NONE
K220709:component_status,K220709,component_status,SINGLE,SINGLE,CODED,false,NONE
K220766:input,K220766,input,AUDIO_OR_VIDEO;CLINICAL_TABULAR_OR_TEXT;MULTIMODAL,AUDIO_OR_VIDEO;CLINICAL_TABULAR_OR_TEXT;MULTIMODAL,CODED,false,NONE
K220766:output,K220766,output,DETECTION_OR_ALERT;CLASSIFICATION_OR_DIAGNOSIS,DETECTION_OR_ALERT;CLASSIFICATION_OR_DIAGNOSIS,CODED,false,NONE
K220766:user,K220766,user,OTHER_CLINICIAN,OTHER_CLINICIAN,CODED,false,NONE
K220766:setting,K220766,setting,DIAGNOSTIC_INTERPRETATION,DIAGNOSTIC_INTERPRETATION,CODED,false,NONE
K220766:action,K220766,action,INTERPRETATION_OR_DIAGNOSIS,INTERPRETATION_OR_DIAGNOSIS,CODED,false,NONE
K220766:component_status,K220766,component_status,SINGLE,SINGLE,CODED,false,NONE
K220783:input,K220783,input,MEDICAL_IMAGE,MEDICAL_IMAGE,CODED,false,NONE
K220783:output,K220783,output,SEGMENTATION_OR_LOCALIZATION;MEASUREMENT_OR_QUANTIFICATION,SEGMENTATION_OR_LOCALIZATION;MEASUREMENT_OR_QUANTIFICATION,CODED,false,NONE
K220783:user,K220783,user,OTHER_PHYSICIAN;OTHER_CLINICIAN,OTHER_PHYSICIAN;OTHER_CLINICIAN,CODED,false,NONE
K220783:setting,K220783,setting,DIAGNOSTIC_INTERPRETATION;OTHER,DIAGNOSTIC_INTERPRETATION;OTHER,CODED,false,NONE
K220783:action,K220783,action,INTERPRETATION_OR_DIAGNOSIS;TREATMENT_OR_PROCEDURE_PLANNING,INTERPRETATION_OR_DIAGNOSIS;TREATMENT_OR_PROCEDURE_PLANNING,CODED,false,NONE
K220783:component_status,K220783,component_status,SINGLE,SINGLE,CODED,false,NONE
K220786:input,K220786,input,PHYSIOLOGICAL_SIGNAL;OTHER;MULTIMODAL,PHYSIOLOGICAL_SIGNAL;OTHER;MULTIMODAL,CODED,false,NONE
K220786:output,K220786,output,SEGMENTATION_OR_LOCALIZATION;CLASSIFICATION_OR_DIAGNOSIS,SEGMENTATION_OR_LOCALIZATION;CLASSIFICATION_OR_DIAGNOSIS,CODED,false,NONE
K220786:user,K220786,user,OTHER_PHYSICIAN,OTHER_PHYSICIAN,CODED,false,NONE
K220786:setting,K220786,setting,PROCEDURAL_OR_OPERATING_ROOM,PROCEDURAL_OR_OPERATING_ROOM,CODED,false,NONE
K220786:action,K220786,action,WORKFLOW_OR_DOCUMENTATION;OTHER,WORKFLOW_OR_DOCUMENTATION;OTHER,CODED,false,NONE
K220786:component_status,K220786,component_status,SINGLE,SINGLE,CODED,false,NONE
K220800:input,K220800,input,MEDICAL_IMAGE,MEDICAL_IMAGE,CODED,false,NONE
K220800:output,K220800,output,DETECTION_OR_ALERT;SEGMENTATION_OR_LOCALIZATION,DETECTION_OR_ALERT;SEGMENTATION_OR_LOCALIZATION,CODED,false,NONE
K220800:user,K220800,user,OTHER_CLINICIAN,OTHER_CLINICIAN,CODED,false,NONE
K220800:setting,K220800,setting,PROCEDURAL_OR_OPERATING_ROOM;OUTPATIENT,PROCEDURAL_OR_OPERATING_ROOM;OUTPATIENT,CODED,false,NONE
K220800:action,K220800,action,TREATMENT_OR_PROCEDURE_PLANNING,TREATMENT_OR_PROCEDURE_PLANNING,CODED,false,NONE
K220800:component_status,K220800,component_status,SINGLE,SINGLE,CODED,false,NONE
K220813:input,K220813,input,MEDICAL_IMAGE,MEDICAL_IMAGE,CODED,false,NONE
K220813:output,K220813,output,SEGMENTATION_OR_LOCALIZATION;RECONSTRUCTION_OR_ENHANCEMENT,SEGMENTATION_OR_LOCALIZATION;RECONSTRUCTION_OR_ENHANCEMENT,CODED,false,NONE
K220813:user,K220813,user,RADIOLOGIST;OTHER_PHYSICIAN;OTHER_CLINICIAN,RADIOLOGIST;OTHER_PHYSICIAN;OTHER_CLINICIAN,CODED,false,NONE
K220813:setting,K220813,setting,OTHER,OTHER,CODED,false,NONE
K220813:action,K220813,action,TREATMENT_OR_PROCEDURE_PLANNING,TREATMENT_OR_PROCEDURE_PLANNING,CODED,false,NONE
K220813:component_status,K220813,component_status,MULTIPLE,MULTIPLE,CODED,false,NONE
K220815:input,K220815,input,MEDICAL_IMAGE,MEDICAL_IMAGE,CODED,false,NONE
K220815:output,K220815,output,SEGMENTATION_OR_LOCALIZATION;MEASUREMENT_OR_QUANTIFICATION;DOCUMENTATION_OR_SUMMARY,SEGMENTATION_OR_LOCALIZATION;MEASUREMENT_OR_QUANTIFICATION;DOCUMENTATION_OR_SUMMARY,CODED,false,NONE
K220815:user,K220815,user,OTHER_PHYSICIAN,OTHER_PHYSICIAN,CODED,false,NONE
K220815:setting,K220815,setting,DIAGNOSTIC_INTERPRETATION,DIAGNOSTIC_INTERPRETATION,CODED,false,NONE
K220815:action,K220815,action,INTERPRETATION_OR_DIAGNOSIS,INTERPRETATION_OR_DIAGNOSIS,CODED,false,NONE
K220815:component_status,K220815,component_status,SINGLE,SINGLE,CODED,false,NONE
K220848:input,K220848,input,MEDICAL_IMAGE,MEDICAL_IMAGE,CODED,false,NONE
K220848:output,K220848,output,DETECTION_OR_ALERT;SEGMENTATION_OR_LOCALIZATION,DETECTION_OR_ALERT;SEGMENTATION_OR_LOCALIZATION,CODED,false,NONE
K220848:user,K220848,user,OTHER_CLINICIAN,OTHER_CLINICIAN,CODED,false,NONE
K220848:setting,K220848,setting,PROCEDURAL_OR_OPERATING_ROOM;OUTPATIENT,PROCEDURAL_OR_OPERATING_ROOM;OUTPATIENT,CODED,false,NONE
K220848:action,K220848,action,TREATMENT_OR_PROCEDURE_PLANNING,TREATMENT_OR_PROCEDURE_PLANNING,CODED,false,NONE
K220848:component_status,K220848,component_status,SINGLE,SINGLE,CODED,false,NONE
K220851:input,K220851,input,MEDICAL_IMAGE,MEDICAL_IMAGE,CODED,false,NONE
K220851:output,K220851,output,DETECTION_OR_ALERT;SEGMENTATION_OR_LOCALIZATION,DETECTION_OR_ALERT;SEGMENTATION_OR_LOCALIZATION,CODED,false,NONE
K220851:user,K220851,user,OTHER_CLINICIAN,OTHER_CLINICIAN,CODED,false,NONE
K220851:setting,K220851,setting,PROCEDURAL_OR_OPERATING_ROOM;OUTPATIENT,PROCEDURAL_OR_OPERATING_ROOM;OUTPATIENT,CODED,false,NONE
K220851:action,K220851,action,TREATMENT_OR_PROCEDURE_PLANNING,TREATMENT_OR_PROCEDURE_PLANNING,CODED,false,NONE
K220851:component_status,K220851,component_status,SINGLE,SINGLE,CODED,false,NONE
K220882:input,K220882,input,MEDICAL_IMAGE,MEDICAL_IMAGE,CODED,false,NONE
K220882:output,K220882,output,SEGMENTATION_OR_LOCALIZATION;MEASUREMENT_OR_QUANTIFICATION,SEGMENTATION_OR_LOCALIZATION;MEASUREMENT_OR_QUANTIFICATION,CODED,false,NONE
K220882:user,K220882,user,OTHER_PHYSICIAN;OTHER_CLINICIAN,OTHER_PHYSICIAN;OTHER_CLINICIAN,CODED,false,NONE
K220882:setting,K220882,setting,DIAGNOSTIC_INTERPRETATION;OUTPATIENT;PROCEDURAL_OR_OPERATING_ROOM,DIAGNOSTIC_INTERPRETATION;OUTPATIENT;PROCEDURAL_OR_OPERATING_ROOM,CODED,false,NONE
K220882:action,K220882,action,INTERPRETATION_OR_DIAGNOSIS,INTERPRETATION_OR_DIAGNOSIS,CODED,false,NONE
K220882:component_status,K220882,component_status,SINGLE,SINGLE,CODED,false,NONE
K220899:input,K220899,input,AUDIO_OR_VIDEO,AUDIO_OR_VIDEO,CODED,false,NONE
K220899:output,K220899,output,MEASUREMENT_OR_QUANTIFICATION,MEASUREMENT_OR_QUANTIFICATION,CODED,false,NONE
K220899:user,K220899,user,OTHER,OTHER,CODED,false,NONE
K220899:setting,K220899,setting,MONITORING;OTHER,MONITORING;OTHER,CODED,false,NONE
K220899:action,K220899,action,MONITORING_OR_FOLLOW_UP,MONITORING_OR_FOLLOW_UP,CODED,false,NONE
K220899:component_status,K220899,component_status,SINGLE,SINGLE,CODED,false,NONE
K220928:input,K220928,input,MEDICAL_IMAGE,MEDICAL_IMAGE,CODED,false,NONE
K220928:output,K220928,output,DETECTION_OR_ALERT;SEGMENTATION_OR_LOCALIZATION,DETECTION_OR_ALERT;SEGMENTATION_OR_LOCALIZATION,CODED,false,NONE
K220928:user,K220928,user,OTHER_CLINICIAN,OTHER_CLINICIAN,CODED,false,NONE
K220928:setting,K220928,setting,DIAGNOSTIC_INTERPRETATION,DIAGNOSTIC_INTERPRETATION,CODED,false,NONE
K220928:action,K220928,action,INTERPRETATION_OR_DIAGNOSIS;TREATMENT_OR_PROCEDURE_PLANNING,INTERPRETATION_OR_DIAGNOSIS;TREATMENT_OR_PROCEDURE_PLANNING,CODED,false,NONE
K220928:component_status,K220928,component_status,SINGLE,SINGLE,CODED,false,NONE
K220939:input,K220939,input,MEDICAL_IMAGE,MEDICAL_IMAGE,CODED,false,NONE
K220939:output,K220939,output,RECONSTRUCTION_OR_ENHANCEMENT,RECONSTRUCTION_OR_ENHANCEMENT,CODED,false,NONE
K220939:user,K220939,user,OTHER_CLINICIAN;OTHER_PHYSICIAN,OTHER_CLINICIAN;OTHER_PHYSICIAN,CODED,false,NONE
K220939:setting,K220939,setting,DIAGNOSTIC_INTERPRETATION,DIAGNOSTIC_INTERPRETATION,CODED,false,NONE
K220939:action,K220939,action,INTERPRETATION_OR_DIAGNOSIS,INTERPRETATION_OR_DIAGNOSIS,CODED,false,NONE
K220939:component_status,K220939,component_status,SINGLE,SINGLE,CODED,false,NONE
K220940:input,K220940,input,MEDICAL_IMAGE,MEDICAL_IMAGE,CODED,false,NONE
K220940:output,K220940,output,SEGMENTATION_OR_LOCALIZATION;MEASUREMENT_OR_QUANTIFICATION,SEGMENTATION_OR_LOCALIZATION;MEASUREMENT_OR_QUANTIFICATION,CODED,false,NONE
K220940:user,K220940,user,OTHER_PHYSICIAN,OTHER_PHYSICIAN,CODED,false,NONE
K220940:setting,K220940,setting,DIAGNOSTIC_INTERPRETATION,DIAGNOSTIC_INTERPRETATION,CODED,false,NONE
K220940:action,K220940,action,INTERPRETATION_OR_DIAGNOSIS;WORKFLOW_OR_DOCUMENTATION,INTERPRETATION_OR_DIAGNOSIS;WORKFLOW_OR_DOCUMENTATION,CODED,false,NONE
K220940:component_status,K220940,component_status,SINGLE,SINGLE,CODED,false,NONE
K220956:input,K220956,input,MEDICAL_IMAGE,MEDICAL_IMAGE,CODED,false,NONE
K220956:output,K220956,output,CLASSIFICATION_OR_DIAGNOSIS;SEGMENTATION_OR_LOCALIZATION;MEASUREMENT_OR_QUANTIFICATION;DOCUMENTATION_OR_SUMMARY,CLASSIFICATION_OR_DIAGNOSIS;SEGMENTATION_OR_LOCALIZATION;MEASUREMENT_OR_QUANTIFICATION;DOCUMENTATION_OR_SUMMARY,CODED,false,NONE
K220956:user,K220956,user,OTHER_PHYSICIAN;TECHNOLOGIST_OR_OPERATOR;OTHER_CLINICIAN,OTHER_PHYSICIAN;TECHNOLOGIST_OR_OPERATOR;OTHER_CLINICIAN,CODED,false,NONE
K220956:setting,K220956,setting,DIAGNOSTIC_INTERPRETATION,DIAGNOSTIC_INTERPRETATION,CODED,false,NONE
K220956:action,K220956,action,INTERPRETATION_OR_DIAGNOSIS;WORKFLOW_OR_DOCUMENTATION,INTERPRETATION_OR_DIAGNOSIS;WORKFLOW_OR_DOCUMENTATION,CODED,false,NONE
K220956:component_status,K220956,component_status,SINGLE,SINGLE,CODED,false,NONE
K220961:input,K220961,input,MEDICAL_IMAGE,MEDICAL_IMAGE,CODED,false,NONE
K220961:output,K220961,output,RECONSTRUCTION_OR_ENHANCEMENT,RECONSTRUCTION_OR_ENHANCEMENT,CODED,false,NONE
K220961:user,K220961,user,NOT_STATED,NOT_STATED,NOT_STATED,true,FIELD_NOT_STATED
K220961:setting,K220961,setting,OTHER,OTHER,CODED,false,NONE
K220961:action,K220961,action,WORKFLOW_OR_DOCUMENTATION,WORKFLOW_OR_DOCUMENTATION,CODED,false,NONE
K220961:component_status,K220961,component_status,SINGLE,SINGLE,CODED,false,NONE
K220975:input,K220975,input,MEDICAL_IMAGE,MEDICAL_IMAGE,CODED,false,NONE
K220975:output,K220975,output,DETECTION_OR_ALERT;SEGMENTATION_OR_LOCALIZATION,DETECTION_OR_ALERT;SEGMENTATION_OR_LOCALIZATION,CODED,false,NONE
K220975:user,K220975,user,OTHER_CLINICIAN,OTHER_CLINICIAN,CODED,false,NONE
K220975:setting,K220975,setting,DIAGNOSTIC_INTERPRETATION;OUTPATIENT,DIAGNOSTIC_INTERPRETATION;OUTPATIENT,CODED,false,NONE
K220975:action,K220975,action,INTERPRETATION_OR_DIAGNOSIS,INTERPRETATION_OR_DIAGNOSIS,CODED,false,NONE
K220975:component_status,K220975,component_status,SINGLE,SINGLE,CODED,false,NONE
K220986:input,K220986,input,MEDICAL_IMAGE,MEDICAL_IMAGE,CODED,false,NONE
K220986:output,K220986,output,RECONSTRUCTION_OR_ENHANCEMENT,RECONSTRUCTION_OR_ENHANCEMENT,CODED,false,NONE
K220986:user,K220986,user,OTHER_PHYSICIAN,OTHER_PHYSICIAN,CODED,false,NONE
K220986:setting,K220986,setting,DIAGNOSTIC_INTERPRETATION,DIAGNOSTIC_INTERPRETATION,CODED,false,NONE
K220986:action,K220986,action,INTERPRETATION_OR_DIAGNOSIS,INTERPRETATION_OR_DIAGNOSIS,CODED,false,NONE
K220986:component_status,K220986,component_status,SINGLE,SINGLE,CODED,false,NONE
K221100:input,K221100,input,MEDICAL_IMAGE,MEDICAL_IMAGE,CODED,false,NONE
K221100:output,K221100,output,SEGMENTATION_OR_LOCALIZATION;MEASUREMENT_OR_QUANTIFICATION;DOCUMENTATION_OR_SUMMARY,SEGMENTATION_OR_LOCALIZATION;MEASUREMENT_OR_QUANTIFICATION;DOCUMENTATION_OR_SUMMARY,CODED,false,NONE
K221100:user,K221100,user,RADIOLOGIST;OTHER_PHYSICIAN,RADIOLOGIST;OTHER_PHYSICIAN,CODED,false,NONE
K221100:setting,K221100,setting,DIAGNOSTIC_INTERPRETATION,DIAGNOSTIC_INTERPRETATION,CODED,false,NONE
K221100:action,K221100,action,INTERPRETATION_OR_DIAGNOSIS,INTERPRETATION_OR_DIAGNOSIS,CODED,false,NONE
K221100:component_status,K221100,component_status,SINGLE,SINGLE,CODED,false,NONE
K221106:input,K221106,input,MEDICAL_IMAGE,MEDICAL_IMAGE,CODED,false,NONE
K221106:output,K221106,output,SEGMENTATION_OR_LOCALIZATION;MEASUREMENT_OR_QUANTIFICATION;DOCUMENTATION_OR_SUMMARY,SEGMENTATION_OR_LOCALIZATION;MEASUREMENT_OR_QUANTIFICATION;DOCUMENTATION_OR_SUMMARY,CODED,false,NONE
K221106:user,K221106,user,OTHER_CLINICIAN,OTHER_CLINICIAN,CODED,false,NONE
K221106:setting,K221106,setting,DIAGNOSTIC_INTERPRETATION,DIAGNOSTIC_INTERPRETATION,CODED,false,NONE
K221106:action,K221106,action,INTERPRETATION_OR_DIAGNOSIS;WORKFLOW_OR_DOCUMENTATION,INTERPRETATION_OR_DIAGNOSIS;WORKFLOW_OR_DOCUMENTATION,CODED,false,NONE
K221106:component_status,K221106,component_status,SINGLE,SINGLE,CODED,false,NONE
K221147:input,K221147,input,MEDICAL_IMAGE,MEDICAL_IMAGE,CODED,false,NONE
K221147:output,K221147,output,SEGMENTATION_OR_LOCALIZATION;MEASUREMENT_OR_QUANTIFICATION,SEGMENTATION_OR_LOCALIZATION;MEASUREMENT_OR_QUANTIFICATION,CODED,false,NONE
K221147:user,K221147,user,OTHER_CLINICIAN,OTHER_CLINICIAN,CODED,false,NONE
K221147:setting,K221147,setting,DIAGNOSTIC_INTERPRETATION;OUTPATIENT;PROCEDURAL_OR_OPERATING_ROOM,DIAGNOSTIC_INTERPRETATION;OUTPATIENT;PROCEDURAL_OR_OPERATING_ROOM,CODED,false,NONE
K221147:action,K221147,action,INTERPRETATION_OR_DIAGNOSIS,INTERPRETATION_OR_DIAGNOSIS,CODED,false,NONE
K221147:component_status,K221147,component_status,SINGLE,SINGLE,CODED,false,NONE
K221148:input,K221148,input,MEDICAL_IMAGE,MEDICAL_IMAGE,CODED,false,NONE
K221148:output,K221148,output,SEGMENTATION_OR_LOCALIZATION;MEASUREMENT_OR_QUANTIFICATION,SEGMENTATION_OR_LOCALIZATION;MEASUREMENT_OR_QUANTIFICATION,CODED,false,NONE
K221148:user,K221148,user,OTHER_CLINICIAN,OTHER_CLINICIAN,CODED,false,NONE
K221148:setting,K221148,setting,DIAGNOSTIC_INTERPRETATION;OUTPATIENT;PROCEDURAL_OR_OPERATING_ROOM;OTHER,DIAGNOSTIC_INTERPRETATION;OUTPATIENT;PROCEDURAL_OR_OPERATING_ROOM;OTHER,CODED,false,NONE
K221148:action,K221148,action,INTERPRETATION_OR_DIAGNOSIS,INTERPRETATION_OR_DIAGNOSIS,CODED,false,NONE
K221148:component_status,K221148,component_status,SINGLE,SINGLE,CODED,false,NONE
K221179:input,K221179,input,PHYSIOLOGICAL_SIGNAL,PHYSIOLOGICAL_SIGNAL,CODED,false,NONE
K221179:output,K221179,output,CLASSIFICATION_OR_DIAGNOSIS;DETECTION_OR_ALERT;MEASUREMENT_OR_QUANTIFICATION;DOCUMENTATION_OR_SUMMARY,CLASSIFICATION_OR_DIAGNOSIS;DETECTION_OR_ALERT;MEASUREMENT_OR_QUANTIFICATION;DOCUMENTATION_OR_SUMMARY,CODED,false,NONE
K221179:user,K221179,user,OTHER_PHYSICIAN;OTHER_CLINICIAN,OTHER_PHYSICIAN;OTHER_CLINICIAN,CODED,false,NONE
K221179:setting,K221179,setting,DIAGNOSTIC_INTERPRETATION;OUTPATIENT,DIAGNOSTIC_INTERPRETATION;OUTPATIENT,CODED,false,NONE
K221179:action,K221179,action,INTERPRETATION_OR_DIAGNOSIS;WORKFLOW_OR_DOCUMENTATION,INTERPRETATION_OR_DIAGNOSIS;WORKFLOW_OR_DOCUMENTATION,CODED,false,NONE
K221179:component_status,K221179,component_status,SINGLE,SINGLE,CODED,false,NONE
K221183:input,K221183,input,MEDICAL_IMAGE,MEDICAL_IMAGE,CODED,false,NONE
K221183:output,K221183,output,CLASSIFICATION_OR_DIAGNOSIS;DOCUMENTATION_OR_SUMMARY,CLASSIFICATION_OR_DIAGNOSIS;DOCUMENTATION_OR_SUMMARY,CODED,false,NONE
K221183:user,K221183,user,OTHER_CLINICIAN,OTHER_CLINICIAN,CODED,false,NONE
K221183:setting,K221183,setting,SCREENING;OUTPATIENT,SCREENING;OUTPATIENT,CODED,false,NONE
K221183:action,K221183,action,INTERPRETATION_OR_DIAGNOSIS,INTERPRETATION_OR_DIAGNOSIS,CODED,false,NONE
K221183:component_status,K221183,component_status,SINGLE,SINGLE,CODED,false,NONE
K221203:input,K221203,input,PHYSIOLOGICAL_SIGNAL;CLINICAL_TABULAR_OR_TEXT,PHYSIOLOGICAL_SIGNAL;CLINICAL_TABULAR_OR_TEXT,CODED,false,NONE
K221203:output,K221203,output,CLASSIFICATION_OR_DIAGNOSIS;RISK_SCORE_OR_PREDICTION,CLASSIFICATION_OR_DIAGNOSIS;RISK_SCORE_OR_PREDICTION,CODED,false,NONE
K221203:user,K221203,user,OTHER_CLINICIAN,OTHER_CLINICIAN,CODED,false,NONE
K221203:setting,K221203,setting,MONITORING,MONITORING,CODED,false,NONE
K221203:action,K221203,action,MONITORING_OR_FOLLOW_UP,MONITORING_OR_FOLLOW_UP,CODED,false,NONE
K221203:component_status,K221203,component_status,MULTIPLE,MULTIPLE,CODED,false,NONE
K221219:input,K221219,input,MEDICAL_IMAGE,MEDICAL_IMAGE,CODED,false,NONE
K221219:output,K221219,output,CLASSIFICATION_OR_DIAGNOSIS;SEGMENTATION_OR_LOCALIZATION;MEASUREMENT_OR_QUANTIFICATION;DOCUMENTATION_OR_SUMMARY,CLASSIFICATION_OR_DIAGNOSIS;SEGMENTATION_OR_LOCALIZATION;MEASUREMENT_OR_QUANTIFICATION;DOCUMENTATION_OR_SUMMARY,CODED,false,NONE
K221219:user,K221219,user,OTHER_PHYSICIAN,OTHER_PHYSICIAN,CODED,false,NONE
K221219:setting,K221219,setting,DIAGNOSTIC_INTERPRETATION,DIAGNOSTIC_INTERPRETATION,CODED,false,NONE
K221219:action,K221219,action,INTERPRETATION_OR_DIAGNOSIS;WORKFLOW_OR_DOCUMENTATION,INTERPRETATION_OR_DIAGNOSIS;WORKFLOW_OR_DOCUMENTATION,CODED,false,NONE
K221219:component_status,K221219,component_status,SINGLE,SINGLE,CODED,false,NONE
K221240:input,K221240,input,MEDICAL_IMAGE,MEDICAL_IMAGE,CODED,false,NONE
K221240:output,K221240,output,DETECTION_OR_ALERT,DETECTION_OR_ALERT,CODED,false,NONE
K221240:user,K221240,user,OTHER_PHYSICIAN,OTHER_PHYSICIAN,CODED,false,NONE
K221240:setting,K221240,setting,ACUTE_TRIAGE_OR_EMERGENCY;DIAGNOSTIC_INTERPRETATION,ACUTE_TRIAGE_OR_EMERGENCY;DIAGNOSTIC_INTERPRETATION,CODED,false,NONE
K221240:action,K221240,action,TRIAGE_OR_PRIORITIZATION;INTERPRETATION_OR_DIAGNOSIS,TRIAGE_OR_PRIORITIZATION;INTERPRETATION_OR_DIAGNOSIS,CODED,false,NONE
K221240:component_status,K221240,component_status,SINGLE,SINGLE,CODED,false,NONE
K221241:input,K221241,input,MEDICAL_IMAGE,MEDICAL_IMAGE,CODED,false,NONE
K221241:output,K221241,output,DETECTION_OR_ALERT,DETECTION_OR_ALERT,CODED,false,NONE
K221241:user,K221241,user,RADIOLOGIST,RADIOLOGIST,CODED,false,NONE
K221241:setting,K221241,setting,ACUTE_TRIAGE_OR_EMERGENCY;DIAGNOSTIC_INTERPRETATION,ACUTE_TRIAGE_OR_EMERGENCY;DIAGNOSTIC_INTERPRETATION,CODED,false,NONE
K221241:action,K221241,action,TRIAGE_OR_PRIORITIZATION;INTERPRETATION_OR_DIAGNOSIS,TRIAGE_OR_PRIORITIZATION;INTERPRETATION_OR_DIAGNOSIS,CODED,false,NONE
K221241:component_status,K221241,component_status,SINGLE,SINGLE,CODED,false,NONE
K221248:input,K221248,input,MEDICAL_IMAGE,MEDICAL_IMAGE,CODED,false,NONE
K221248:output,K221248,output,DETECTION_OR_ALERT,DETECTION_OR_ALERT,CODED,false,NONE
K221248:user,K221248,user,RADIOLOGIST,RADIOLOGIST,CODED,false,NONE
K221248:setting,K221248,setting,ACUTE_TRIAGE_OR_EMERGENCY;DIAGNOSTIC_INTERPRETATION,ACUTE_TRIAGE_OR_EMERGENCY;DIAGNOSTIC_INTERPRETATION,CODED,false,NONE
K221248:action,K221248,action,TRIAGE_OR_PRIORITIZATION;INTERPRETATION_OR_DIAGNOSIS,TRIAGE_OR_PRIORITIZATION;INTERPRETATION_OR_DIAGNOSIS,CODED,false,NONE
K221248:component_status,K221248,component_status,SINGLE,SINGLE,CODED,false,NONE
K221305:input,K221305,input,MEDICAL_IMAGE,MEDICAL_IMAGE,CODED,false,NONE
K221305:output,K221305,output,SEGMENTATION_OR_LOCALIZATION,SEGMENTATION_OR_LOCALIZATION,CODED,false,NONE
K221305:user,K221305,user,OTHER_CLINICIAN,OTHER_CLINICIAN,CODED,false,NONE
K221305:setting,K221305,setting,OTHER,OTHER,CODED,false,NONE
K221305:action,K221305,action,TREATMENT_OR_PROCEDURE_PLANNING,TREATMENT_OR_PROCEDURE_PLANNING,CODED,false,NONE
K221305:component_status,K221305,component_status,SINGLE,SINGLE,CODED,false,NONE
K221309:input,K221309,input,MEDICAL_IMAGE,MEDICAL_IMAGE,CODED,false,NONE
K221309:output,K221309,output,SEGMENTATION_OR_LOCALIZATION;CLASSIFICATION_OR_DIAGNOSIS;MEASUREMENT_OR_QUANTIFICATION;DOCUMENTATION_OR_SUMMARY,SEGMENTATION_OR_LOCALIZATION;CLASSIFICATION_OR_DIAGNOSIS;MEASUREMENT_OR_QUANTIFICATION;DOCUMENTATION_OR_SUMMARY,CODED,false,NONE
K221309:user,K221309,user,LABORATORY_PROFESSIONAL;TECHNOLOGIST_OR_OPERATOR,LABORATORY_PROFESSIONAL;TECHNOLOGIST_OR_OPERATOR,CODED,false,NONE
K221309:setting,K221309,setting,LABORATORY,LABORATORY,CODED,false,NONE
K221309:action,K221309,action,INTERPRETATION_OR_DIAGNOSIS;WORKFLOW_OR_DOCUMENTATION,INTERPRETATION_OR_DIAGNOSIS;WORKFLOW_OR_DOCUMENTATION,CODED,false,NONE
K221309:component_status,K221309,component_status,SINGLE,SINGLE,CODED,false,NONE
K221314:input,K221314,input,MEDICAL_IMAGE,MEDICAL_IMAGE,CODED,false,NONE
K221314:output,K221314,output,DETECTION_OR_ALERT,DETECTION_OR_ALERT,CODED,false,NONE
K221314:user,K221314,user,OTHER_PHYSICIAN,OTHER_PHYSICIAN,CODED,false,NONE
K221314:setting,K221314,setting,ACUTE_TRIAGE_OR_EMERGENCY;DIAGNOSTIC_INTERPRETATION,ACUTE_TRIAGE_OR_EMERGENCY;DIAGNOSTIC_INTERPRETATION,CODED,false,NONE
K221314:action,K221314,action,TRIAGE_OR_PRIORITIZATION;INTERPRETATION_OR_DIAGNOSIS,TRIAGE_OR_PRIORITIZATION;INTERPRETATION_OR_DIAGNOSIS,CODED,false,NONE
K221314:component_status,K221314,component_status,SINGLE,SINGLE,CODED,false,NONE
K221330:input,K221330,input,MEDICAL_IMAGE,MEDICAL_IMAGE,CODED,false,NONE
K221330:output,K221330,output,DETECTION_OR_ALERT,DETECTION_OR_ALERT,CODED,false,NONE
K221330:user,K221330,user,OTHER_PHYSICIAN,OTHER_PHYSICIAN,CODED,false,NONE
K221330:setting,K221330,setting,ACUTE_TRIAGE_OR_EMERGENCY;DIAGNOSTIC_INTERPRETATION,ACUTE_TRIAGE_OR_EMERGENCY;DIAGNOSTIC_INTERPRETATION,CODED,false,NONE
K221330:action,K221330,action,TRIAGE_OR_PRIORITIZATION;INTERPRETATION_OR_DIAGNOSIS,TRIAGE_OR_PRIORITIZATION;INTERPRETATION_OR_DIAGNOSIS,CODED,false,NONE
K221330:component_status,K221330,component_status,SINGLE,SINGLE,CODED,false,NONE
K221347:input,K221347,input,MEDICAL_IMAGE,MEDICAL_IMAGE,CODED,false,NONE
K221347:output,K221347,output,DETECTION_OR_ALERT;SEGMENTATION_OR_LOCALIZATION;CLASSIFICATION_OR_DIAGNOSIS,DETECTION_OR_ALERT;SEGMENTATION_OR_LOCALIZATION;CLASSIFICATION_OR_DIAGNOSIS,CODED,false,NONE
K221347:user,K221347,user,OTHER_PHYSICIAN,OTHER_PHYSICIAN,CODED,false,NONE
K221347:setting,K221347,setting,SCREENING;DIAGNOSTIC_INTERPRETATION,SCREENING;DIAGNOSTIC_INTERPRETATION,CODED,false,NONE
K221347:action,K221347,action,INTERPRETATION_OR_DIAGNOSIS,INTERPRETATION_OR_DIAGNOSIS,CODED,false,NONE
K221347:component_status,K221347,component_status,SINGLE,SINGLE,CODED,false,NONE
K221393:input,K221393,input,MEDICAL_IMAGE,MEDICAL_IMAGE,CODED,false,NONE
K221393:output,K221393,output,RECONSTRUCTION_OR_ENHANCEMENT,RECONSTRUCTION_OR_ENHANCEMENT,CODED,false,NONE
K221393:user,K221393,user,OTHER_PHYSICIAN;TECHNOLOGIST_OR_OPERATOR,OTHER_PHYSICIAN;TECHNOLOGIST_OR_OPERATOR,CODED,false,NONE
K221393:setting,K221393,setting,DIAGNOSTIC_INTERPRETATION;ACUTE_TRIAGE_OR_EMERGENCY;INPATIENT,DIAGNOSTIC_INTERPRETATION;ACUTE_TRIAGE_OR_EMERGENCY;INPATIENT,CODED,false,NONE
K221393:action,K221393,action,INTERPRETATION_OR_DIAGNOSIS,INTERPRETATION_OR_DIAGNOSIS,CODED,false,NONE
K221393:component_status,K221393,component_status,SINGLE,SINGLE,CODED,false,NONE
K221432:input,K221432,input,MEDICAL_IMAGE,MEDICAL_IMAGE,CODED,false,NONE
K221432:output,K221432,output,SEGMENTATION_OR_LOCALIZATION,SEGMENTATION_OR_LOCALIZATION,CODED,false,NONE
K221432:user,K221432,user,OTHER;OTHER_PHYSICIAN,OTHER;OTHER_PHYSICIAN,CODED,false,NONE
K221432:setting,K221432,setting,OTHER;PROCEDURAL_OR_OPERATING_ROOM,OTHER;PROCEDURAL_OR_OPERATING_ROOM,CODED,false,NONE
K221432:action,K221432,action,TREATMENT_OR_PROCEDURE_PLANNING,TREATMENT_OR_PROCEDURE_PLANNING,CODED,false,NONE
K221432:component_status,K221432,component_status,SINGLE,SINGLE,CODED,false,NONE
K221449:input,K221449,input,MEDICAL_IMAGE,MEDICAL_IMAGE,CODED,false,NONE
K221449:output,K221449,output,DETECTION_OR_ALERT;SEGMENTATION_OR_LOCALIZATION;CLASSIFICATION_OR_DIAGNOSIS;DOCUMENTATION_OR_SUMMARY,DETECTION_OR_ALERT;SEGMENTATION_OR_LOCALIZATION;CLASSIFICATION_OR_DIAGNOSIS;DOCUMENTATION_OR_SUMMARY,CODED,false,NONE
K221449:user,K221449,user,OTHER_PHYSICIAN;RADIOLOGIST,OTHER_PHYSICIAN;RADIOLOGIST,CODED,false,NONE
K221449:setting,K221449,setting,SCREENING;DIAGNOSTIC_INTERPRETATION,SCREENING;DIAGNOSTIC_INTERPRETATION,CODED,false,NONE
K221449:action,K221449,action,INTERPRETATION_OR_DIAGNOSIS;WORKFLOW_OR_DOCUMENTATION,INTERPRETATION_OR_DIAGNOSIS;WORKFLOW_OR_DOCUMENTATION,CODED,false,NONE
K221449:component_status,K221449,component_status,SINGLE,SINGLE,CODED,false,NONE
K221456:input,K221456,input,MEDICAL_IMAGE,MEDICAL_IMAGE,CODED,false,NONE
K221456:output,K221456,output,DETECTION_OR_ALERT,DETECTION_OR_ALERT,CODED,false,NONE
K221456:user,K221456,user,RADIOLOGIST,RADIOLOGIST,CODED,false,NONE
K221456:setting,K221456,setting,ACUTE_TRIAGE_OR_EMERGENCY;DIAGNOSTIC_INTERPRETATION,ACUTE_TRIAGE_OR_EMERGENCY;DIAGNOSTIC_INTERPRETATION,CODED,false,NONE
K221456:action,K221456,action,TRIAGE_OR_PRIORITIZATION;INTERPRETATION_OR_DIAGNOSIS,TRIAGE_OR_PRIORITIZATION;INTERPRETATION_OR_DIAGNOSIS,CODED,false,NONE
K221456:component_status,K221456,component_status,SINGLE,SINGLE,CODED,false,NONE
K221463:input,K221463,input,MEDICAL_IMAGE,MEDICAL_IMAGE,CODED,false,NONE
K221463:output,K221463,output,SEGMENTATION_OR_LOCALIZATION;MEASUREMENT_OR_QUANTIFICATION,SEGMENTATION_OR_LOCALIZATION;MEASUREMENT_OR_QUANTIFICATION,CODED,false,NONE
K221463:user,K221463,user,OTHER_PHYSICIAN,OTHER_PHYSICIAN,CODED,false,NONE
K221463:setting,K221463,setting,DIAGNOSTIC_INTERPRETATION,DIAGNOSTIC_INTERPRETATION,CODED,false,NONE
K221463:action,K221463,action,INTERPRETATION_OR_DIAGNOSIS,INTERPRETATION_OR_DIAGNOSIS,CODED,false,NONE
K221463:component_status,K221463,component_status,SINGLE,SINGLE,CODED,false,NONE
K221552:input,K221552,input,MEDICAL_IMAGE,MEDICAL_IMAGE,CODED,false,NONE
K221552:output,K221552,output,DETECTION_OR_ALERT,DETECTION_OR_ALERT,CODED,false,NONE
K221552:user,K221552,user,RADIOLOGIST;OTHER_CLINICIAN,RADIOLOGIST;OTHER_CLINICIAN,CODED,false,NONE
K221552:setting,K221552,setting,ACUTE_TRIAGE_OR_EMERGENCY;DIAGNOSTIC_INTERPRETATION,ACUTE_TRIAGE_OR_EMERGENCY;DIAGNOSTIC_INTERPRETATION,CODED,false,NONE
K221552:action,K221552,action,TRIAGE_OR_PRIORITIZATION;INTERPRETATION_OR_DIAGNOSIS,TRIAGE_OR_PRIORITIZATION;INTERPRETATION_OR_DIAGNOSIS,CODED,false,NONE
K221552:component_status,K221552,component_status,SINGLE,SINGLE,CODED,false,NONE
K221564:input,K221564,input,MEDICAL_IMAGE,MEDICAL_IMAGE,CODED,false,NONE
K221564:output,K221564,output,CLASSIFICATION_OR_DIAGNOSIS;SEGMENTATION_OR_LOCALIZATION;MEASUREMENT_OR_QUANTIFICATION;DOCUMENTATION_OR_SUMMARY,CLASSIFICATION_OR_DIAGNOSIS;SEGMENTATION_OR_LOCALIZATION;MEASUREMENT_OR_QUANTIFICATION;DOCUMENTATION_OR_SUMMARY,CODED,false,NONE
K221564:user,K221564,user,OTHER_PHYSICIAN,OTHER_PHYSICIAN,CODED,false,NONE
K221564:setting,K221564,setting,DIAGNOSTIC_INTERPRETATION,DIAGNOSTIC_INTERPRETATION,CODED,false,NONE
K221564:action,K221564,action,INTERPRETATION_OR_DIAGNOSIS,INTERPRETATION_OR_DIAGNOSIS,CODED,false,NONE
K221564:component_status,K221564,component_status,SINGLE,SINGLE,CODED,false,NONE
K221592:input,K221592,input,MEDICAL_IMAGE,MEDICAL_IMAGE,CODED,false,NONE
K221592:output,K221592,output,DETECTION_OR_ALERT;SEGMENTATION_OR_LOCALIZATION,DETECTION_OR_ALERT;SEGMENTATION_OR_LOCALIZATION,CODED,false,NONE
K221592:user,K221592,user,RADIOLOGIST,RADIOLOGIST,CODED,false,NONE
K221592:setting,K221592,setting,SCREENING;DIAGNOSTIC_INTERPRETATION,SCREENING;DIAGNOSTIC_INTERPRETATION,CODED,false,NONE
K221592:action,K221592,action,INTERPRETATION_OR_DIAGNOSIS,INTERPRETATION_OR_DIAGNOSIS,CODED,false,NONE
K221592:component_status,K221592,component_status,SINGLE,SINGLE,CODED,false,NONE
K221599:input,K221599,input,MEDICAL_IMAGE,MEDICAL_IMAGE,CODED,false,NONE
K221599:output,K221599,output,DETECTION_OR_ALERT;SEGMENTATION_OR_LOCALIZATION;MEASUREMENT_OR_QUANTIFICATION,DETECTION_OR_ALERT;SEGMENTATION_OR_LOCALIZATION;MEASUREMENT_OR_QUANTIFICATION,CODED,false,NONE
K221599:user,K221599,user,OTHER_CLINICIAN,OTHER_CLINICIAN,CODED,false,NONE
K221599:setting,K221599,setting,DIAGNOSTIC_INTERPRETATION;OUTPATIENT,DIAGNOSTIC_INTERPRETATION;OUTPATIENT,CODED,false,NONE
K221599:action,K221599,action,INTERPRETATION_OR_DIAGNOSIS,INTERPRETATION_OR_DIAGNOSIS,CODED,false,NONE
K221599:component_status,K221599,component_status,MULTIPLE,MULTIPLE,CODED,false,NONE
K221624:input,K221624,input,MEDICAL_IMAGE;CLINICAL_TABULAR_OR_TEXT;MULTIMODAL,MEDICAL_IMAGE;CLINICAL_TABULAR_OR_TEXT;MULTIMODAL,CODED,false,NONE
K221624:output,K221624,output,SEGMENTATION_OR_LOCALIZATION;CLASSIFICATION_OR_DIAGNOSIS;MEASUREMENT_OR_QUANTIFICATION,SEGMENTATION_OR_LOCALIZATION;CLASSIFICATION_OR_DIAGNOSIS;MEASUREMENT_OR_QUANTIFICATION,CODED,false,NONE
K221624:user,K221624,user,RADIOLOGIST;OTHER_PHYSICIAN,RADIOLOGIST;OTHER_PHYSICIAN,CODED,false,NONE
K221624:setting,K221624,setting,DIAGNOSTIC_INTERPRETATION;PROCEDURAL_OR_OPERATING_ROOM,DIAGNOSTIC_INTERPRETATION;PROCEDURAL_OR_OPERATING_ROOM,CODED,false,NONE
K221624:action,K221624,action,INTERPRETATION_OR_DIAGNOSIS;TREATMENT_OR_PROCEDURE_PLANNING,INTERPRETATION_OR_DIAGNOSIS;TREATMENT_OR_PROCEDURE_PLANNING,CODED,false,NONE
K221624:component_status,K221624,component_status,MULTIPLE,MULTIPLE,CODED,false,NONE
K221632:input,K221632,input,MEDICAL_IMAGE,MEDICAL_IMAGE,CODED,false,NONE
K221632:output,K221632,output,SEGMENTATION_OR_LOCALIZATION;MEASUREMENT_OR_QUANTIFICATION;DOCUMENTATION_OR_SUMMARY,SEGMENTATION_OR_LOCALIZATION;MEASUREMENT_OR_QUANTIFICATION;DOCUMENTATION_OR_SUMMARY,CODED,false,NONE
K221632:user,K221632,user,OTHER_CLINICIAN,OTHER_CLINICIAN,CODED,false,NONE
K221632:setting,K221632,setting,DIAGNOSTIC_INTERPRETATION,DIAGNOSTIC_INTERPRETATION,CODED,false,NONE
K221632:action,K221632,action,INTERPRETATION_OR_DIAGNOSIS;MONITORING_OR_FOLLOW_UP,INTERPRETATION_OR_DIAGNOSIS;MONITORING_OR_FOLLOW_UP,CODED,false,NONE
K221632:component_status,K221632,component_status,SINGLE,SINGLE,CODED,false,NONE
K221680:input,K221680,input,MEDICAL_IMAGE,MEDICAL_IMAGE,CODED,false,NONE
K221680:output,K221680,output,SEGMENTATION_OR_LOCALIZATION;MEASUREMENT_OR_QUANTIFICATION;RECONSTRUCTION_OR_ENHANCEMENT,SEGMENTATION_OR_LOCALIZATION;MEASUREMENT_OR_QUANTIFICATION;RECONSTRUCTION_OR_ENHANCEMENT,CODED,false,NONE
K221680:user,K221680,user,OTHER_CLINICIAN;OTHER_PHYSICIAN,OTHER_CLINICIAN;OTHER_PHYSICIAN,CODED,false,NONE
K221680:setting,K221680,setting,DIAGNOSTIC_INTERPRETATION;MONITORING,DIAGNOSTIC_INTERPRETATION;MONITORING,CODED,false,NONE
K221680:action,K221680,action,INTERPRETATION_OR_DIAGNOSIS;TREATMENT_OR_PROCEDURE_PLANNING;MONITORING_OR_FOLLOW_UP,INTERPRETATION_OR_DIAGNOSIS;TREATMENT_OR_PROCEDURE_PLANNING;MONITORING_OR_FOLLOW_UP,CODED,false,NONE
K221680:component_status,K221680,component_status,MULTIPLE,MULTIPLE,CODED,false,NONE
K221706:input,K221706,input,MEDICAL_IMAGE,MEDICAL_IMAGE,CODED,false,NONE
K221706:output,K221706,output,SEGMENTATION_OR_LOCALIZATION;RECONSTRUCTION_OR_ENHANCEMENT,SEGMENTATION_OR_LOCALIZATION;RECONSTRUCTION_OR_ENHANCEMENT,CODED,false,NONE
K221706:user,K221706,user,OTHER,OTHER,CODED,false,NONE
K221706:setting,K221706,setting,OTHER,OTHER,CODED,false,NONE
K221706:action,K221706,action,TREATMENT_OR_PROCEDURE_PLANNING;MONITORING_OR_FOLLOW_UP,TREATMENT_OR_PROCEDURE_PLANNING;MONITORING_OR_FOLLOW_UP,CODED,false,NONE
K221706:component_status,K221706,component_status,MULTIPLE,MULTIPLE,CODED,false,NONE
K221716:input,K221716,input,MEDICAL_IMAGE,MEDICAL_IMAGE,CODED,false,NONE
K221716:output,K221716,output,DETECTION_OR_ALERT,DETECTION_OR_ALERT,CODED,false,NONE
K221716:user,K221716,user,RADIOLOGIST,RADIOLOGIST,CODED,false,NONE
K221716:setting,K221716,setting,ACUTE_TRIAGE_OR_EMERGENCY;DIAGNOSTIC_INTERPRETATION,ACUTE_TRIAGE_OR_EMERGENCY;DIAGNOSTIC_INTERPRETATION,CODED,false,NONE
K221716:action,K221716,action,TRIAGE_OR_PRIORITIZATION;INTERPRETATION_OR_DIAGNOSIS,TRIAGE_OR_PRIORITIZATION;INTERPRETATION_OR_DIAGNOSIS,CODED,false,NONE
K221716:component_status,K221716,component_status,SINGLE,SINGLE,CODED,false,NONE
K221727:input,K221727,input,MEDICAL_IMAGE,MEDICAL_IMAGE,CODED,false,NONE
K221727:output,K221727,output,SEGMENTATION_OR_LOCALIZATION;RECONSTRUCTION_OR_ENHANCEMENT,SEGMENTATION_OR_LOCALIZATION;RECONSTRUCTION_OR_ENHANCEMENT,CODED,false,NONE
K221727:user,K221727,user,TECHNOLOGIST_OR_OPERATOR;OTHER_PHYSICIAN,TECHNOLOGIST_OR_OPERATOR;OTHER_PHYSICIAN,CODED,false,NONE
K221727:setting,K221727,setting,DIAGNOSTIC_INTERPRETATION,DIAGNOSTIC_INTERPRETATION,CODED,false,NONE
K221727:action,K221727,action,INTERPRETATION_OR_DIAGNOSIS,INTERPRETATION_OR_DIAGNOSIS,CODED,false,NONE
K221727:component_status,K221727,component_status,MULTIPLE,MULTIPLE,CODED,false,NONE
K221733:input,K221733,input,NOT_ASSESSABLE,NOT_ASSESSABLE,NOT_ASSESSABLE,true,AI_ATTRIBUTION_BARRIER
K221733:output,K221733,output,NOT_ASSESSABLE,NOT_ASSESSABLE,NOT_ASSESSABLE,true,AI_ATTRIBUTION_BARRIER
K221733:user,K221733,user,NOT_ASSESSABLE,NOT_ASSESSABLE,NOT_ASSESSABLE,true,AI_ATTRIBUTION_BARRIER
K221733:setting,K221733,setting,NOT_ASSESSABLE,NOT_ASSESSABLE,NOT_ASSESSABLE,true,AI_ATTRIBUTION_BARRIER
K221733:action,K221733,action,NOT_ASSESSABLE,NOT_ASSESSABLE,NOT_ASSESSABLE,true,AI_ATTRIBUTION_BARRIER
K221733:component_status,K221733,component_status,UNCERTAIN,UNCERTAIN,UNCERTAIN,true,AI_ATTRIBUTION_BARRIER
K221738:input,K221738,input,MEDICAL_IMAGE,MEDICAL_IMAGE,CODED,false,NONE
K221738:output,K221738,output,SEGMENTATION_OR_LOCALIZATION;MEASUREMENT_OR_QUANTIFICATION;DOCUMENTATION_OR_SUMMARY,SEGMENTATION_OR_LOCALIZATION;MEASUREMENT_OR_QUANTIFICATION;DOCUMENTATION_OR_SUMMARY,CODED,false,NONE
K221738:user,K221738,user,OTHER_CLINICIAN,OTHER_CLINICIAN,CODED,false,NONE
K221738:setting,K221738,setting,DIAGNOSTIC_INTERPRETATION,DIAGNOSTIC_INTERPRETATION,CODED,false,NONE
K221738:action,K221738,action,INTERPRETATION_OR_DIAGNOSIS;MONITORING_OR_FOLLOW_UP,INTERPRETATION_OR_DIAGNOSIS;MONITORING_OR_FOLLOW_UP,CODED,false,NONE
K221738:component_status,K221738,component_status,SINGLE,SINGLE,CODED,false,NONE
K221762:input,K221762,input,MEDICAL_IMAGE,MEDICAL_IMAGE,CODED,false,NONE
K221762:output,K221762,output,RECONSTRUCTION_OR_ENHANCEMENT,RECONSTRUCTION_OR_ENHANCEMENT,CODED,false,NONE
K221762:user,K221762,user,RADIOLOGIST;OTHER_PHYSICIAN,RADIOLOGIST;OTHER_PHYSICIAN,CODED,false,NONE
K221762:setting,K221762,setting,DIAGNOSTIC_INTERPRETATION;OUTPATIENT,DIAGNOSTIC_INTERPRETATION;OUTPATIENT,CODED,false,NONE
K221762:action,K221762,action,INTERPRETATION_OR_DIAGNOSIS,INTERPRETATION_OR_DIAGNOSIS,CODED,false,NONE
K221762:component_status,K221762,component_status,SINGLE,SINGLE,CODED,false,NONE
K221772:input,K221772,input,PHYSIOLOGICAL_SIGNAL,PHYSIOLOGICAL_SIGNAL,CODED,false,NONE
K221772:output,K221772,output,CLASSIFICATION_OR_DIAGNOSIS;DOCUMENTATION_OR_SUMMARY,CLASSIFICATION_OR_DIAGNOSIS;DOCUMENTATION_OR_SUMMARY,CODED,false,NONE
K221772:user,K221772,user,OTHER_CLINICIAN;PATIENT_OR_CAREGIVER,OTHER_CLINICIAN;PATIENT_OR_CAREGIVER,CODED,false,NONE
K221772:setting,K221772,setting,MONITORING;OUTPATIENT;HOME_OR_CONSUMER,MONITORING;OUTPATIENT;HOME_OR_CONSUMER,CODED,false,NONE
K221772:action,K221772,action,MONITORING_OR_FOLLOW_UP,MONITORING_OR_FOLLOW_UP,CODED,false,NONE
K221772:component_status,K221772,component_status,SINGLE,SINGLE,CODED,false,NONE
K221868:input,K221868,input,MEDICAL_IMAGE,MEDICAL_IMAGE,CODED,false,NONE
K221868:output,K221868,output,DETECTION_OR_ALERT,DETECTION_OR_ALERT,CODED,false,NONE
K221868:user,K221868,user,RADIOLOGIST,RADIOLOGIST,CODED,false,NONE
K221868:setting,K221868,setting,ACUTE_TRIAGE_OR_EMERGENCY;DIAGNOSTIC_INTERPRETATION,ACUTE_TRIAGE_OR_EMERGENCY;DIAGNOSTIC_INTERPRETATION,CODED,false,NONE
K221868:action,K221868,action,TRIAGE_OR_PRIORITIZATION;INTERPRETATION_OR_DIAGNOSIS,TRIAGE_OR_PRIORITIZATION;INTERPRETATION_OR_DIAGNOSIS,CODED,false,NONE
K221868:component_status,K221868,component_status,SINGLE,SINGLE,CODED,false,NONE
K221892:input,K221892,input,MEDICAL_IMAGE;AUDIO_OR_VIDEO,MEDICAL_IMAGE;AUDIO_OR_VIDEO,CODED,false,NONE
K221892:output,K221892,output,SEGMENTATION_OR_LOCALIZATION;MEASUREMENT_OR_QUANTIFICATION;DOCUMENTATION_OR_SUMMARY,SEGMENTATION_OR_LOCALIZATION;MEASUREMENT_OR_QUANTIFICATION;DOCUMENTATION_OR_SUMMARY,CODED,false,NONE
K221892:user,K221892,user,OTHER_CLINICIAN,OTHER_CLINICIAN,CODED,false,NONE
K221892:setting,K221892,setting,PROCEDURAL_OR_OPERATING_ROOM,PROCEDURAL_OR_OPERATING_ROOM,CODED,false,NONE
K221892:action,K221892,action,OTHER,OTHER,CODED,false,NONE
K221892:component_status,K221892,component_status,SINGLE,SINGLE,CODED,false,NONE
K221921:input,K221921,input,MEDICAL_IMAGE,MEDICAL_IMAGE,CODED,false,NONE
K221921:output,K221921,output,DETECTION_OR_ALERT;SEGMENTATION_OR_LOCALIZATION;MEASUREMENT_OR_QUANTIFICATION,DETECTION_OR_ALERT;SEGMENTATION_OR_LOCALIZATION;MEASUREMENT_OR_QUANTIFICATION,CODED,false,NONE
K221921:user,K221921,user,OTHER_CLINICIAN,OTHER_CLINICIAN,CODED,false,NONE
K221921:setting,K221921,setting,DIAGNOSTIC_INTERPRETATION,DIAGNOSTIC_INTERPRETATION,CODED,false,NONE
K221921:action,K221921,action,INTERPRETATION_OR_DIAGNOSIS,INTERPRETATION_OR_DIAGNOSIS,CODED,false,NONE
K221921:component_status,K221921,component_status,SINGLE,SINGLE,CODED,false,NONE
K221923:input,K221923,input,MEDICAL_IMAGE,MEDICAL_IMAGE,CODED,false,NONE
K221923:output,K221923,output,RECONSTRUCTION_OR_ENHANCEMENT,RECONSTRUCTION_OR_ENHANCEMENT,CODED,false,NONE
K221923:user,K221923,user,OTHER_PHYSICIAN;TECHNOLOGIST_OR_OPERATOR,OTHER_PHYSICIAN;TECHNOLOGIST_OR_OPERATOR,CODED,false,NONE
K221923:setting,K221923,setting,DIAGNOSTIC_INTERPRETATION;ACUTE_TRIAGE_OR_EMERGENCY;INPATIENT,DIAGNOSTIC_INTERPRETATION;ACUTE_TRIAGE_OR_EMERGENCY;INPATIENT,CODED,false,NONE
K221923:action,K221923,action,INTERPRETATION_OR_DIAGNOSIS,INTERPRETATION_OR_DIAGNOSIS,CODED,false,NONE
K221923:component_status,K221923,component_status,SINGLE,SINGLE,CODED,false,NONE
K221962:input,K221962,input,NOT_ASSESSABLE,NOT_ASSESSABLE,NOT_ASSESSABLE,true,AI_ATTRIBUTION_BARRIER
K221962:output,K221962,output,NOT_ASSESSABLE,NOT_ASSESSABLE,NOT_ASSESSABLE,true,AI_ATTRIBUTION_BARRIER
K221962:user,K221962,user,NOT_ASSESSABLE,NOT_ASSESSABLE,NOT_ASSESSABLE,true,AI_ATTRIBUTION_BARRIER
K221962:setting,K221962,setting,NOT_ASSESSABLE,NOT_ASSESSABLE,NOT_ASSESSABLE,true,AI_ATTRIBUTION_BARRIER
K221962:action,K221962,action,NOT_ASSESSABLE,NOT_ASSESSABLE,NOT_ASSESSABLE,true,AI_ATTRIBUTION_BARRIER
K221962:component_status,K221962,component_status,UNCERTAIN,UNCERTAIN,UNCERTAIN,true,AI_ATTRIBUTION_BARRIER
K222036:input,K222036,input,MEDICAL_IMAGE,MEDICAL_IMAGE,CODED,false,NONE
K222036:output,K222036,output,CLASSIFICATION_OR_DIAGNOSIS;SEGMENTATION_OR_LOCALIZATION;MEASUREMENT_OR_QUANTIFICATION;DOCUMENTATION_OR_SUMMARY,CLASSIFICATION_OR_DIAGNOSIS;SEGMENTATION_OR_LOCALIZATION;MEASUREMENT_OR_QUANTIFICATION;DOCUMENTATION_OR_SUMMARY,CODED,false,NONE
K222036:user,K222036,user,OTHER_PHYSICIAN;RADIOLOGIST,OTHER_PHYSICIAN;RADIOLOGIST,CODED,false,NONE
K222036:setting,K222036,setting,DIAGNOSTIC_INTERPRETATION,DIAGNOSTIC_INTERPRETATION,CODED,false,NONE
K222036:action,K222036,action,INTERPRETATION_OR_DIAGNOSIS;MONITORING_OR_FOLLOW_UP,INTERPRETATION_OR_DIAGNOSIS;MONITORING_OR_FOLLOW_UP,CODED,false,NONE
K222036:component_status,K222036,component_status,SINGLE,SINGLE,CODED,false,NONE
K222070:input,K222070,input,MEDICAL_IMAGE;AUDIO_OR_VIDEO,MEDICAL_IMAGE;AUDIO_OR_VIDEO,CODED,false,NONE
K222070:output,K222070,output,RECONSTRUCTION_OR_ENHANCEMENT;DETECTION_OR_ALERT,RECONSTRUCTION_OR_ENHANCEMENT;DETECTION_OR_ALERT,CODED,false,NONE
K222070:user,K222070,user,OTHER_PHYSICIAN,OTHER_PHYSICIAN,CODED,false,NONE
K222070:setting,K222070,setting,PROCEDURAL_OR_OPERATING_ROOM,PROCEDURAL_OR_OPERATING_ROOM,CODED,false,NONE
K222070:action,K222070,action,TREATMENT_OR_PROCEDURE_PLANNING,TREATMENT_OR_PROCEDURE_PLANNING,CODED,false,NONE
K222070:component_status,K222070,component_status,SINGLE,SINGLE,CODED,false,NONE
K222076:input,K222076,input,MEDICAL_IMAGE,MEDICAL_IMAGE,CODED,false,NONE
K222076:output,K222076,output,DETECTION_OR_ALERT,DETECTION_OR_ALERT,CODED,false,NONE
K222076:user,K222076,user,RADIOLOGIST,RADIOLOGIST,CODED,false,NONE
K222076:setting,K222076,setting,ACUTE_TRIAGE_OR_EMERGENCY;DIAGNOSTIC_INTERPRETATION,ACUTE_TRIAGE_OR_EMERGENCY;DIAGNOSTIC_INTERPRETATION,CODED,false,NONE
K222076:action,K222076,action,TRIAGE_OR_PRIORITIZATION;INTERPRETATION_OR_DIAGNOSIS,TRIAGE_OR_PRIORITIZATION;INTERPRETATION_OR_DIAGNOSIS,CODED,false,NONE
K222076:component_status,K222076,component_status,SINGLE,SINGLE,CODED,false,NONE
K222172:input,K222172,input,NOT_ASSESSABLE,NOT_ASSESSABLE,NOT_ASSESSABLE,true,AI_ATTRIBUTION_BARRIER
K222172:output,K222172,output,NOT_ASSESSABLE,NOT_ASSESSABLE,NOT_ASSESSABLE,true,AI_ATTRIBUTION_BARRIER
K222172:user,K222172,user,NOT_ASSESSABLE,NOT_ASSESSABLE,NOT_ASSESSABLE,true,AI_ATTRIBUTION_BARRIER
K222172:setting,K222172,setting,NOT_ASSESSABLE,NOT_ASSESSABLE,NOT_ASSESSABLE,true,AI_ATTRIBUTION_BARRIER
K222172:action,K222172,action,NOT_ASSESSABLE,NOT_ASSESSABLE,NOT_ASSESSABLE,true,AI_ATTRIBUTION_BARRIER
K222172:component_status,K222172,component_status,UNCERTAIN,UNCERTAIN,UNCERTAIN,true,AI_ATTRIBUTION_BARRIER
K222174:input,K222174,input,MEDICAL_IMAGE,MEDICAL_IMAGE,CODED,false,NONE
K222174:output,K222174,output,MEASUREMENT_OR_QUANTIFICATION;DOCUMENTATION_OR_SUMMARY,MEASUREMENT_OR_QUANTIFICATION;DOCUMENTATION_OR_SUMMARY,CODED,false,NONE
K222174:user,K222174,user,RADIOLOGIST,RADIOLOGIST,CODED,false,NONE
K222174:setting,K222174,setting,DIAGNOSTIC_INTERPRETATION,DIAGNOSTIC_INTERPRETATION,CODED,false,NONE
K222174:action,K222174,action,INTERPRETATION_OR_DIAGNOSIS;WORKFLOW_OR_DOCUMENTATION,INTERPRETATION_OR_DIAGNOSIS;WORKFLOW_OR_DOCUMENTATION,CODED,false,NONE
K222174:component_status,K222174,component_status,SINGLE,SINGLE,CODED,false,NONE
K222176:input,K222176,input,MEDICAL_IMAGE,MEDICAL_IMAGE,CODED,false,NONE
K222176:output,K222176,output,DETECTION_OR_ALERT;SEGMENTATION_OR_LOCALIZATION;CLASSIFICATION_OR_DIAGNOSIS;DOCUMENTATION_OR_SUMMARY,DETECTION_OR_ALERT;SEGMENTATION_OR_LOCALIZATION;CLASSIFICATION_OR_DIAGNOSIS;DOCUMENTATION_OR_SUMMARY,CODED,false,NONE
K222176:user,K222176,user,OTHER_CLINICIAN;RADIOLOGIST,OTHER_CLINICIAN;RADIOLOGIST,CODED,false,NONE
K222176:setting,K222176,setting,DIAGNOSTIC_INTERPRETATION;OUTPATIENT;ACUTE_TRIAGE_OR_EMERGENCY,DIAGNOSTIC_INTERPRETATION;OUTPATIENT;ACUTE_TRIAGE_OR_EMERGENCY,CODED,false,NONE
K222176:action,K222176,action,INTERPRETATION_OR_DIAGNOSIS,INTERPRETATION_OR_DIAGNOSIS,CODED,false,NONE
K222176:component_status,K222176,component_status,SINGLE,SINGLE,CODED,false,NONE
K222179:input,K222179,input,MEDICAL_IMAGE,MEDICAL_IMAGE,CODED,false,NONE
K222179:output,K222179,output,DETECTION_OR_ALERT,DETECTION_OR_ALERT,CODED,false,NONE
K222179:user,K222179,user,OTHER_CLINICIAN,OTHER_CLINICIAN,CODED,false,NONE
K222179:setting,K222179,setting,DIAGNOSTIC_INTERPRETATION;OTHER,DIAGNOSTIC_INTERPRETATION;OTHER,CODED,false,NONE
K222179:action,K222179,action,TRIAGE_OR_PRIORITIZATION,TRIAGE_OR_PRIORITIZATION,CODED,false,NONE
K222179:component_status,K222179,component_status,SINGLE,SINGLE,CODED,false,NONE
K222268:input,K222268,input,MEDICAL_IMAGE,MEDICAL_IMAGE,CODED,false,NONE
K222268:output,K222268,output,DETECTION_OR_ALERT,DETECTION_OR_ALERT,CODED,false,NONE
K222268:user,K222268,user,OTHER_CLINICIAN,OTHER_CLINICIAN,CODED,false,NONE
K222268:setting,K222268,setting,DIAGNOSTIC_INTERPRETATION;OTHER,DIAGNOSTIC_INTERPRETATION;OTHER,CODED,false,NONE
K222268:action,K222268,action,TRIAGE_OR_PRIORITIZATION,TRIAGE_OR_PRIORITIZATION,CODED,false,NONE
K222268:component_status,K222268,component_status,SINGLE,SINGLE,CODED,false,NONE
K222275:input,K222275,input,MEDICAL_IMAGE,MEDICAL_IMAGE,CODED,false,NONE
K222275:output,K222275,output,CLASSIFICATION_OR_DIAGNOSIS;DOCUMENTATION_OR_SUMMARY,CLASSIFICATION_OR_DIAGNOSIS;DOCUMENTATION_OR_SUMMARY,CODED,false,NONE
K222275:user,K222275,user,RADIOLOGIST;OTHER_PHYSICIAN,RADIOLOGIST;OTHER_PHYSICIAN,CODED,false,NONE
K222275:setting,K222275,setting,SCREENING;DIAGNOSTIC_INTERPRETATION,SCREENING;DIAGNOSTIC_INTERPRETATION,CODED,false,NONE
K222275:action,K222275,action,INTERPRETATION_OR_DIAGNOSIS,INTERPRETATION_OR_DIAGNOSIS,CODED,false,NONE
K222275:component_status,K222275,component_status,SINGLE,SINGLE,CODED,false,NONE
K222277:input,K222277,input,MEDICAL_IMAGE,MEDICAL_IMAGE,CODED,false,NONE
K222277:output,K222277,output,DETECTION_OR_ALERT,DETECTION_OR_ALERT,CODED,false,NONE
K222277:user,K222277,user,OTHER_PHYSICIAN,OTHER_PHYSICIAN,CODED,false,NONE
K222277:setting,K222277,setting,DIAGNOSTIC_INTERPRETATION;OTHER,DIAGNOSTIC_INTERPRETATION;OTHER,CODED,false,NONE
K222277:action,K222277,action,TRIAGE_OR_PRIORITIZATION,TRIAGE_OR_PRIORITIZATION,CODED,false,NONE
K222277:component_status,K222277,component_status,SINGLE,SINGLE,CODED,false,NONE
K222312:input,K222312,input,MEDICAL_IMAGE;OTHER,MEDICAL_IMAGE;OTHER,CODED,false,NONE
K222312:output,K222312,output,SEGMENTATION_OR_LOCALIZATION;RECOMMENDATION_OR_PLANNING;MEASUREMENT_OR_QUANTIFICATION,SEGMENTATION_OR_LOCALIZATION;RECOMMENDATION_OR_PLANNING;MEASUREMENT_OR_QUANTIFICATION,CODED,false,NONE
K222312:user,K222312,user,OTHER_CLINICIAN,OTHER_CLINICIAN,CODED,false,NONE
K222312:setting,K222312,setting,PROCEDURAL_OR_OPERATING_ROOM,PROCEDURAL_OR_OPERATING_ROOM,CODED,false,NONE
K222312:action,K222312,action,TREATMENT_OR_PROCEDURE_PLANNING,TREATMENT_OR_PROCEDURE_PLANNING,CODED,false,NONE
K222312:component_status,K222312,component_status,MULTIPLE,MULTIPLE,CODED,false,NONE
K222329:input,K222329,input,MEDICAL_IMAGE,MEDICAL_IMAGE,CODED,false,NONE
K222329:output,K222329,output,DETECTION_OR_ALERT,DETECTION_OR_ALERT,CODED,false,NONE
K222329:user,K222329,user,OTHER_PHYSICIAN,OTHER_PHYSICIAN,CODED,false,NONE
K222329:setting,K222329,setting,DIAGNOSTIC_INTERPRETATION;OTHER,DIAGNOSTIC_INTERPRETATION;OTHER,CODED,false,NONE
K222329:action,K222329,action,TRIAGE_OR_PRIORITIZATION,TRIAGE_OR_PRIORITIZATION,CODED,false,NONE
K222329:component_status,K222329,component_status,SINGLE,SINGLE,CODED,false,NONE
K222360:input,K222360,input,MEDICAL_IMAGE,MEDICAL_IMAGE,CODED,false,NONE
K222360:output,K222360,output,SEGMENTATION_OR_LOCALIZATION;MEASUREMENT_OR_QUANTIFICATION;DETECTION_OR_ALERT;CLASSIFICATION_OR_DIAGNOSIS;DOCUMENTATION_OR_SUMMARY,SEGMENTATION_OR_LOCALIZATION;MEASUREMENT_OR_QUANTIFICATION;DETECTION_OR_ALERT;CLASSIFICATION_OR_DIAGNOSIS;DOCUMENTATION_OR_SUMMARY,CODED,false,NONE
K222360:user,K222360,user,RADIOLOGIST;OTHER_PHYSICIAN,RADIOLOGIST;OTHER_PHYSICIAN,CODED,false,NONE
K222360:setting,K222360,setting,DIAGNOSTIC_INTERPRETATION,DIAGNOSTIC_INTERPRETATION,CODED,false,NONE
K222360:action,K222360,action,INTERPRETATION_OR_DIAGNOSIS;WORKFLOW_OR_DOCUMENTATION,INTERPRETATION_OR_DIAGNOSIS;WORKFLOW_OR_DOCUMENTATION,CODED,false,NONE
K222360:component_status,K222360,component_status,SINGLE,SINGLE,CODED,false,NONE
K222361:input,K222361,input,MEDICAL_IMAGE,MEDICAL_IMAGE,CODED,false,NONE
K222361:output,K222361,output,SEGMENTATION_OR_LOCALIZATION;MEASUREMENT_OR_QUANTIFICATION;DETECTION_OR_ALERT;DOCUMENTATION_OR_SUMMARY,SEGMENTATION_OR_LOCALIZATION;MEASUREMENT_OR_QUANTIFICATION;DETECTION_OR_ALERT;DOCUMENTATION_OR_SUMMARY,CODED,false,NONE
K222361:user,K222361,user,RADIOLOGIST;OTHER_PHYSICIAN,RADIOLOGIST;OTHER_PHYSICIAN,CODED,false,NONE
K222361:setting,K222361,setting,DIAGNOSTIC_INTERPRETATION,DIAGNOSTIC_INTERPRETATION,CODED,false,NONE
K222361:action,K222361,action,INTERPRETATION_OR_DIAGNOSIS;WORKFLOW_OR_DOCUMENTATION,INTERPRETATION_OR_DIAGNOSIS;WORKFLOW_OR_DOCUMENTATION,CODED,false,NONE
K222361:component_status,K222361,component_status,SINGLE,SINGLE,CODED,false,NONE
K222389:input,K222389,input,PHYSIOLOGICAL_SIGNAL,PHYSIOLOGICAL_SIGNAL,CODED,false,NONE
K222389:output,K222389,output,DETECTION_OR_ALERT;CLASSIFICATION_OR_DIAGNOSIS;MEASUREMENT_OR_QUANTIFICATION;DOCUMENTATION_OR_SUMMARY,DETECTION_OR_ALERT;CLASSIFICATION_OR_DIAGNOSIS;MEASUREMENT_OR_QUANTIFICATION;DOCUMENTATION_OR_SUMMARY,CODED,false,NONE
K222389:user,K222389,user,TECHNOLOGIST_OR_OPERATOR;OTHER_CLINICIAN,TECHNOLOGIST_OR_OPERATOR;OTHER_CLINICIAN,CODED,false,NONE
K222389:setting,K222389,setting,MONITORING;DIAGNOSTIC_INTERPRETATION,MONITORING;DIAGNOSTIC_INTERPRETATION,CODED,false,NONE
K222389:action,K222389,action,MONITORING_OR_FOLLOW_UP;INTERPRETATION_OR_DIAGNOSIS,MONITORING_OR_FOLLOW_UP;INTERPRETATION_OR_DIAGNOSIS,CODED,false,NONE
K222389:component_status,K222389,component_status,SINGLE,SINGLE,CODED,false,NONE
K222406:input,K222406,input,MEDICAL_IMAGE,MEDICAL_IMAGE,CODED,false,NONE
K222406:output,K222406,output,SEGMENTATION_OR_LOCALIZATION;MEASUREMENT_OR_QUANTIFICATION,SEGMENTATION_OR_LOCALIZATION;MEASUREMENT_OR_QUANTIFICATION,CODED,false,NONE
K222406:user,K222406,user,OTHER_CLINICIAN,OTHER_CLINICIAN,CODED,false,NONE
K222406:setting,K222406,setting,DIAGNOSTIC_INTERPRETATION;OTHER,DIAGNOSTIC_INTERPRETATION;OTHER,CODED,false,NONE
K222406:action,K222406,action,INTERPRETATION_OR_DIAGNOSIS,INTERPRETATION_OR_DIAGNOSIS,CODED,false,NONE
K222406:component_status,K222406,component_status,SINGLE,SINGLE,CODED,false,NONE
K222428:input,K222428,input,MEDICAL_IMAGE,MEDICAL_IMAGE,CODED,false,NONE
K222428:output,K222428,output,MEASUREMENT_OR_QUANTIFICATION,MEASUREMENT_OR_QUANTIFICATION,CODED,false,NONE
K222428:user,K222428,user,OTHER_CLINICIAN,OTHER_CLINICIAN,CODED,false,NONE
K222428:setting,K222428,setting,DIAGNOSTIC_INTERPRETATION;OTHER,DIAGNOSTIC_INTERPRETATION;OTHER,CODED,false,NONE
K222428:action,K222428,action,INTERPRETATION_OR_DIAGNOSIS,INTERPRETATION_OR_DIAGNOSIS,CODED,false,NONE
K222428:component_status,K222428,component_status,SINGLE,SINGLE,CODED,false,NONE
K222458:input,K222458,input,MEDICAL_IMAGE,MEDICAL_IMAGE,CODED,false,NONE
K222458:output,K222458,output,SEGMENTATION_OR_LOCALIZATION,SEGMENTATION_OR_LOCALIZATION,CODED,false,NONE
K222458:user,K222458,user,RADIOLOGIST;OTHER_PHYSICIAN,RADIOLOGIST;OTHER_PHYSICIAN,CODED,false,NONE
K222458:setting,K222458,setting,PROCEDURAL_OR_OPERATING_ROOM;OTHER,PROCEDURAL_OR_OPERATING_ROOM;OTHER,CODED,false,NONE
K222458:action,K222458,action,TREATMENT_OR_PROCEDURE_PLANNING;OTHER,TREATMENT_OR_PROCEDURE_PLANNING;OTHER,CODED,false,NONE
K222458:component_status,K222458,component_status,SINGLE,SINGLE,CODED,false,NONE
K222579:input,K222579,input,PHYSIOLOGICAL_SIGNAL,PHYSIOLOGICAL_SIGNAL,CODED,false,NONE
K222579:output,K222579,output,MEASUREMENT_OR_QUANTIFICATION;CLASSIFICATION_OR_DIAGNOSIS,MEASUREMENT_OR_QUANTIFICATION;CLASSIFICATION_OR_DIAGNOSIS,CODED,false,NONE
K222579:user,K222579,user,OTHER_CLINICIAN,OTHER_CLINICIAN,CODED,false,NONE
K222579:setting,K222579,setting,HOME_OR_CONSUMER;DIAGNOSTIC_INTERPRETATION;OTHER,HOME_OR_CONSUMER;DIAGNOSTIC_INTERPRETATION;OTHER,CODED,false,NONE
K222579:action,K222579,action,INTERPRETATION_OR_DIAGNOSIS,INTERPRETATION_OR_DIAGNOSIS,CODED,false,NONE
K222579:component_status,K222579,component_status,SINGLE,SINGLE,CODED,false,NONE
K222593:input,K222593,input,MEDICAL_IMAGE,MEDICAL_IMAGE,CODED,false,NONE
K222593:output,K222593,output,SEGMENTATION_OR_LOCALIZATION;RECONSTRUCTION_OR_ENHANCEMENT,SEGMENTATION_OR_LOCALIZATION;RECONSTRUCTION_OR_ENHANCEMENT,CODED,false,NONE
K222593:user,K222593,user,OTHER_PHYSICIAN,OTHER_PHYSICIAN,CODED,false,NONE
K222593:setting,K222593,setting,PROCEDURAL_OR_OPERATING_ROOM;MONITORING,PROCEDURAL_OR_OPERATING_ROOM;MONITORING,CODED,false,NONE
K222593:action,K222593,action,TREATMENT_OR_PROCEDURE_PLANNING;MONITORING_OR_FOLLOW_UP,TREATMENT_OR_PROCEDURE_PLANNING;MONITORING_OR_FOLLOW_UP,CODED,false,NONE
K222593:component_status,K222593,component_status,SINGLE,SINGLE,CODED,false,NONE
K222676:input,K222676,input,MEDICAL_IMAGE,MEDICAL_IMAGE,CODED,false,NONE
K222676:output,K222676,output,SEGMENTATION_OR_LOCALIZATION,SEGMENTATION_OR_LOCALIZATION,CODED,false,NONE
K222676:user,K222676,user,TECHNOLOGIST_OR_OPERATOR;OTHER_CLINICIAN,TECHNOLOGIST_OR_OPERATOR;OTHER_CLINICIAN,CODED,false,NONE
K222676:setting,K222676,setting,PROCEDURAL_OR_OPERATING_ROOM;OTHER,PROCEDURAL_OR_OPERATING_ROOM;OTHER,CODED,false,NONE
K222676:action,K222676,action,TREATMENT_OR_PROCEDURE_PLANNING;OTHER,TREATMENT_OR_PROCEDURE_PLANNING;OTHER,CODED,false,NONE
K222676:component_status,K222676,component_status,SINGLE,SINGLE,CODED,false,NONE
K222692:input,K222692,input,MEDICAL_IMAGE,MEDICAL_IMAGE,CODED,false,NONE
K222692:output,K222692,output,DETECTION_OR_ALERT,DETECTION_OR_ALERT,CODED,false,NONE
K222692:user,K222692,user,OTHER_PHYSICIAN,OTHER_PHYSICIAN,CODED,false,NONE
K222692:setting,K222692,setting,DIAGNOSTIC_INTERPRETATION;OTHER,DIAGNOSTIC_INTERPRETATION;OTHER,CODED,false,NONE
K222692:action,K222692,action,TRIAGE_OR_PRIORITIZATION,TRIAGE_OR_PRIORITIZATION,CODED,false,NONE
K222692:component_status,K222692,component_status,SINGLE,SINGLE,CODED,false,NONE
K222728:input,K222728,input,MEDICAL_IMAGE,MEDICAL_IMAGE,CODED,false,NONE
K222728:output,K222728,output,SEGMENTATION_OR_LOCALIZATION;RECOMMENDATION_OR_PLANNING,SEGMENTATION_OR_LOCALIZATION;RECOMMENDATION_OR_PLANNING,CODED,false,NONE
K222728:user,K222728,user,NOT_STATED,NOT_STATED,NOT_STATED,true,FIELD_NOT_STATED
K222728:setting,K222728,setting,PROCEDURAL_OR_OPERATING_ROOM,PROCEDURAL_OR_OPERATING_ROOM,CODED,false,NONE
K222728:action,K222728,action,TREATMENT_OR_PROCEDURE_PLANNING,TREATMENT_OR_PROCEDURE_PLANNING,CODED,false,NONE
K222728:component_status,K222728,component_status,MULTIPLE,MULTIPLE,CODED,false,NONE
K222745:input,K222745,input,MEDICAL_IMAGE,MEDICAL_IMAGE,CODED,false,NONE
K222745:output,K222745,output,SEGMENTATION_OR_LOCALIZATION,SEGMENTATION_OR_LOCALIZATION,CODED,false,NONE
K222745:user,K222745,user,TECHNOLOGIST_OR_OPERATOR,TECHNOLOGIST_OR_OPERATOR,CODED,false,NONE
K222745:setting,K222745,setting,PROCEDURAL_OR_OPERATING_ROOM;DIAGNOSTIC_INTERPRETATION;OTHER,PROCEDURAL_OR_OPERATING_ROOM;DIAGNOSTIC_INTERPRETATION;OTHER,CODED,false,NONE
K222745:action,K222745,action,TREATMENT_OR_PROCEDURE_PLANNING;INTERPRETATION_OR_DIAGNOSIS,TREATMENT_OR_PROCEDURE_PLANNING;INTERPRETATION_OR_DIAGNOSIS,CODED,false,NONE
K222745:component_status,K222745,component_status,SINGLE,SINGLE,CODED,false,NONE
K222746:input,K222746,input,MEDICAL_IMAGE,MEDICAL_IMAGE,CODED,false,NONE
K222746:output,K222746,output,DETECTION_OR_ALERT;SEGMENTATION_OR_LOCALIZATION,DETECTION_OR_ALERT;SEGMENTATION_OR_LOCALIZATION,CODED,false,NONE
K222746:user,K222746,user,OTHER_CLINICIAN,OTHER_CLINICIAN,CODED,false,NONE
K222746:setting,K222746,setting,DIAGNOSTIC_INTERPRETATION;OUTPATIENT,DIAGNOSTIC_INTERPRETATION;OUTPATIENT,CODED,false,NONE
K222746:action,K222746,action,INTERPRETATION_OR_DIAGNOSIS,INTERPRETATION_OR_DIAGNOSIS,CODED,false,NONE
K222746:component_status,K222746,component_status,SINGLE,SINGLE,CODED,false,NONE
K222755:input,K222755,input,MEDICAL_IMAGE,MEDICAL_IMAGE,CODED,false,NONE
K222755:output,K222755,output,RECONSTRUCTION_OR_ENHANCEMENT,RECONSTRUCTION_OR_ENHANCEMENT,CODED,false,NONE
K222755:user,K222755,user,OTHER_PHYSICIAN,OTHER_PHYSICIAN,CODED,false,NONE
K222755:setting,K222755,setting,DIAGNOSTIC_INTERPRETATION,DIAGNOSTIC_INTERPRETATION,CODED,false,NONE
K222755:action,K222755,action,INTERPRETATION_OR_DIAGNOSIS,INTERPRETATION_OR_DIAGNOSIS,CODED,false,NONE
K222755:component_status,K222755,component_status,SINGLE,SINGLE,CODED,false,NONE
K222803:input,K222803,input,OTHER,OTHER,CODED,false,NONE
K222803:output,K222803,output,RECOMMENDATION_OR_PLANNING,RECOMMENDATION_OR_PLANNING,CODED,false,NONE
K222803:user,K222803,user,OTHER_PHYSICIAN;OTHER_CLINICIAN,OTHER_PHYSICIAN;OTHER_CLINICIAN,CODED,false,NONE
K222803:setting,K222803,setting,PROCEDURAL_OR_OPERATING_ROOM;OTHER;OUTPATIENT,PROCEDURAL_OR_OPERATING_ROOM;OTHER;OUTPATIENT,CODED,false,NONE
K222803:action,K222803,action,TREATMENT_OR_PROCEDURE_PLANNING,TREATMENT_OR_PROCEDURE_PLANNING,CODED,false,NONE
K222803:component_status,K222803,component_status,SINGLE,SINGLE,CODED,false,NONE
K222819:input,K222819,input,MEDICAL_IMAGE,MEDICAL_IMAGE,CODED,false,NONE
K222819:output,K222819,output,RECONSTRUCTION_OR_ENHANCEMENT,RECONSTRUCTION_OR_ENHANCEMENT,CODED,false,NONE
K222819:user,K222819,user,OTHER_PHYSICIAN,OTHER_PHYSICIAN,CODED,false,NONE
K222819:setting,K222819,setting,OTHER,OTHER,CODED,false,NONE
K222819:action,K222819,action,OTHER,OTHER,CODED,false,NONE
K222819:component_status,K222819,component_status,SINGLE,SINGLE,CODED,false,NONE
K222884:input,K222884,input,MEDICAL_IMAGE,MEDICAL_IMAGE,CODED,false,NONE
K222884:output,K222884,output,DETECTION_OR_ALERT,DETECTION_OR_ALERT,CODED,false,NONE
K222884:user,K222884,user,OTHER_CLINICIAN,OTHER_CLINICIAN,CODED,false,NONE
K222884:setting,K222884,setting,DIAGNOSTIC_INTERPRETATION;OTHER,DIAGNOSTIC_INTERPRETATION;OTHER,CODED,false,NONE
K222884:action,K222884,action,TRIAGE_OR_PRIORITIZATION,TRIAGE_OR_PRIORITIZATION,CODED,false,NONE
K222884:component_status,K222884,component_status,SINGLE,SINGLE,CODED,false,NONE
K222921:input,K222921,input,MEDICAL_IMAGE,MEDICAL_IMAGE,CODED,false,NONE
K222921:output,K222921,output,MEASUREMENT_OR_QUANTIFICATION,MEASUREMENT_OR_QUANTIFICATION,CODED,false,NONE
K222921:user,K222921,user,PATIENT_OR_CAREGIVER;OTHER_CLINICIAN,PATIENT_OR_CAREGIVER;OTHER_CLINICIAN,CODED,false,NONE
K222921:setting,K222921,setting,HOME_OR_CONSUMER;DIAGNOSTIC_INTERPRETATION,HOME_OR_CONSUMER;DIAGNOSTIC_INTERPRETATION,CODED,false,NONE
K222921:action,K222921,action,INTERPRETATION_OR_DIAGNOSIS,INTERPRETATION_OR_DIAGNOSIS,CODED,false,NONE
K222921:component_status,K222921,component_status,SINGLE,SINGLE,CODED,false,NONE
K222970:input,K222970,input,MEDICAL_IMAGE,MEDICAL_IMAGE,CODED,false,NONE
K222970:output,K222970,output,MEASUREMENT_OR_QUANTIFICATION;CLASSIFICATION_OR_DIAGNOSIS,MEASUREMENT_OR_QUANTIFICATION;CLASSIFICATION_OR_DIAGNOSIS,CODED,false,NONE
K222970:user,K222970,user,NOT_STATED,NOT_STATED,NOT_STATED,true,FIELD_NOT_STATED
K222970:setting,K222970,setting,OTHER,OTHER,CODED,false,NONE
K222970:action,K222970,action,WORKFLOW_OR_DOCUMENTATION;INTERPRETATION_OR_DIAGNOSIS,WORKFLOW_OR_DOCUMENTATION;INTERPRETATION_OR_DIAGNOSIS,CODED,false,NONE
K222970:component_status,K222970,component_status,MULTIPLE,MULTIPLE,CODED,false,NONE
K223028:input,K223028,input,MEDICAL_IMAGE,MEDICAL_IMAGE,CODED,false,NONE
K223028:output,K223028,output,RECONSTRUCTION_OR_ENHANCEMENT,RECONSTRUCTION_OR_ENHANCEMENT,CODED,false,NONE
K223028:user,K223028,user,NOT_STATED,NOT_STATED,NOT_STATED,true,FIELD_NOT_STATED
K223028:setting,K223028,setting,SCREENING;OTHER,SCREENING;OTHER,CODED,false,NONE
K223028:action,K223028,action,INTERPRETATION_OR_DIAGNOSIS,INTERPRETATION_OR_DIAGNOSIS,CODED,false,NONE
K223028:component_status,K223028,component_status,SINGLE,SINGLE,CODED,false,NONE
K223032:input,K223032,input,MEDICAL_IMAGE;MULTIMODAL,MEDICAL_IMAGE;MULTIMODAL,CODED,false,NONE
K223032:output,K223032,output,SEGMENTATION_OR_LOCALIZATION;RECONSTRUCTION_OR_ENHANCEMENT,SEGMENTATION_OR_LOCALIZATION;RECONSTRUCTION_OR_ENHANCEMENT,CODED,false,NONE
K223032:user,K223032,user,RADIOLOGIST;OTHER_PHYSICIAN,RADIOLOGIST;OTHER_PHYSICIAN,CODED,false,NONE
K223032:setting,K223032,setting,PROCEDURAL_OR_OPERATING_ROOM,PROCEDURAL_OR_OPERATING_ROOM,CODED,false,NONE
K223032:action,K223032,action,TREATMENT_OR_PROCEDURE_PLANNING,TREATMENT_OR_PROCEDURE_PLANNING,CODED,false,NONE
K223032:component_status,K223032,component_status,MULTIPLE,MULTIPLE,CODED,false,NONE
K223042:input,K223042,input,MEDICAL_IMAGE,MEDICAL_IMAGE,CODED,false,NONE
K223042:output,K223042,output,DETECTION_OR_ALERT,DETECTION_OR_ALERT,CODED,false,NONE
K223042:user,K223042,user,OTHER_PHYSICIAN,OTHER_PHYSICIAN,CODED,false,NONE
K223042:setting,K223042,setting,ACUTE_TRIAGE_OR_EMERGENCY;DIAGNOSTIC_INTERPRETATION,ACUTE_TRIAGE_OR_EMERGENCY;DIAGNOSTIC_INTERPRETATION,CODED,false,NONE
K223042:action,K223042,action,TRIAGE_OR_PRIORITIZATION,TRIAGE_OR_PRIORITIZATION,CODED,false,NONE
K223042:component_status,K223042,component_status,SINGLE,SINGLE,CODED,false,NONE
K223073:input,K223073,input,PHYSIOLOGICAL_SIGNAL,PHYSIOLOGICAL_SIGNAL,CODED,false,NONE
K223073:output,K223073,output,MEASUREMENT_OR_QUANTIFICATION;CLASSIFICATION_OR_DIAGNOSIS;RISK_SCORE_OR_PREDICTION,MEASUREMENT_OR_QUANTIFICATION;CLASSIFICATION_OR_DIAGNOSIS;RISK_SCORE_OR_PREDICTION,CODED,false,NONE
K223073:user,K223073,user,OTHER_CLINICIAN,OTHER_CLINICIAN,CODED,false,NONE
K223073:setting,K223073,setting,MONITORING;OTHER,MONITORING;OTHER,CODED,false,NONE
K223073:action,K223073,action,MONITORING_OR_FOLLOW_UP,MONITORING_OR_FOLLOW_UP,CODED,false,NONE
K223073:component_status,K223073,component_status,SINGLE,SINGLE,CODED,false,NONE
K223106:input,K223106,input,MEDICAL_IMAGE,MEDICAL_IMAGE,CODED,false,NONE
K223106:output,K223106,output,SEGMENTATION_OR_LOCALIZATION,SEGMENTATION_OR_LOCALIZATION,CODED,false,NONE
K223106:user,K223106,user,NOT_STATED,NOT_STATED,NOT_STATED,true,FIELD_NOT_STATED
K223106:setting,K223106,setting,PROCEDURAL_OR_OPERATING_ROOM,PROCEDURAL_OR_OPERATING_ROOM,CODED,false,NONE
K223106:action,K223106,action,TREATMENT_OR_PROCEDURE_PLANNING,TREATMENT_OR_PROCEDURE_PLANNING,CODED,false,NONE
K223106:component_status,K223106,component_status,SINGLE,SINGLE,CODED,false,NONE
K223133:input,K223133,input,MEDICAL_IMAGE,MEDICAL_IMAGE,CODED,false,NONE
K223133:output,K223133,output,DETECTION_OR_ALERT;SEGMENTATION_OR_LOCALIZATION,DETECTION_OR_ALERT;SEGMENTATION_OR_LOCALIZATION,CODED,false,NONE
K223133:user,K223133,user,RADIOLOGIST;OTHER_PHYSICIAN,RADIOLOGIST;OTHER_PHYSICIAN,CODED,false,NONE
K223133:setting,K223133,setting,OUTPATIENT;ACUTE_TRIAGE_OR_EMERGENCY;DIAGNOSTIC_INTERPRETATION,OUTPATIENT;ACUTE_TRIAGE_OR_EMERGENCY;DIAGNOSTIC_INTERPRETATION,CODED,false,NONE
K223133:action,K223133,action,INTERPRETATION_OR_DIAGNOSIS,INTERPRETATION_OR_DIAGNOSIS,CODED,false,NONE
K223133:component_status,K223133,component_status,SINGLE,SINGLE,CODED,false,NONE
K223180:input,K223180,input,MEDICAL_IMAGE,MEDICAL_IMAGE,CODED,false,NONE
K223180:output,K223180,output,SEGMENTATION_OR_LOCALIZATION;MEASUREMENT_OR_QUANTIFICATION;CLASSIFICATION_OR_DIAGNOSIS;DOCUMENTATION_OR_SUMMARY,SEGMENTATION_OR_LOCALIZATION;MEASUREMENT_OR_QUANTIFICATION;CLASSIFICATION_OR_DIAGNOSIS;DOCUMENTATION_OR_SUMMARY,CODED,false,NONE
K223180:user,K223180,user,OTHER_PHYSICIAN,OTHER_PHYSICIAN,CODED,false,NONE
K223180:setting,K223180,setting,DIAGNOSTIC_INTERPRETATION;OTHER;OUTPATIENT,DIAGNOSTIC_INTERPRETATION;OTHER;OUTPATIENT,CODED,false,NONE
K223180:action,K223180,action,INTERPRETATION_OR_DIAGNOSIS,INTERPRETATION_OR_DIAGNOSIS,CODED,false,NONE
K223180:component_status,K223180,component_status,SINGLE,SINGLE,CODED,false,NONE
K223212:input,K223212,input,MEDICAL_IMAGE,MEDICAL_IMAGE,CODED,false,NONE
K223212:output,K223212,output,RECONSTRUCTION_OR_ENHANCEMENT,RECONSTRUCTION_OR_ENHANCEMENT,CODED,false,NONE
K223212:user,K223212,user,NOT_STATED,NOT_STATED,NOT_STATED,true,FIELD_NOT_STATED
K223212:setting,K223212,setting,DIAGNOSTIC_INTERPRETATION,DIAGNOSTIC_INTERPRETATION,CODED,false,NONE
K223212:action,K223212,action,WORKFLOW_OR_DOCUMENTATION,WORKFLOW_OR_DOCUMENTATION,CODED,false,NONE
K223212:component_status,K223212,component_status,SINGLE,SINGLE,CODED,false,NONE
K223240:input,K223240,input,MEDICAL_IMAGE,MEDICAL_IMAGE,CODED,false,NONE
K223240:output,K223240,output,DETECTION_OR_ALERT,DETECTION_OR_ALERT,CODED,false,NONE
K223240:user,K223240,user,OTHER_CLINICIAN,OTHER_CLINICIAN,CODED,false,NONE
K223240:setting,K223240,setting,DIAGNOSTIC_INTERPRETATION;OTHER,DIAGNOSTIC_INTERPRETATION;OTHER,CODED,false,NONE
K223240:action,K223240,action,TRIAGE_OR_PRIORITIZATION,TRIAGE_OR_PRIORITIZATION,CODED,false,NONE
K223240:component_status,K223240,component_status,SINGLE,SINGLE,CODED,false,NONE
K223247:input,K223247,input,MEDICAL_IMAGE,MEDICAL_IMAGE,CODED,false,NONE
K223247:output,K223247,output,RECONSTRUCTION_OR_ENHANCEMENT,RECONSTRUCTION_OR_ENHANCEMENT,CODED,false,NONE
K223247:user,K223247,user,OTHER_PHYSICIAN,OTHER_PHYSICIAN,CODED,false,NONE
K223247:setting,K223247,setting,DIAGNOSTIC_INTERPRETATION;ACUTE_TRIAGE_OR_EMERGENCY;INPATIENT;OTHER,DIAGNOSTIC_INTERPRETATION;ACUTE_TRIAGE_OR_EMERGENCY;INPATIENT;OTHER,CODED,false,NONE
K223247:action,K223247,action,INTERPRETATION_OR_DIAGNOSIS,INTERPRETATION_OR_DIAGNOSIS,CODED,false,NONE
K223247:component_status,K223247,component_status,SINGLE,SINGLE,CODED,false,NONE
K223268:input,K223268,input,MEDICAL_IMAGE,MEDICAL_IMAGE,CODED,false,NONE
K223268:output,K223268,output,SEGMENTATION_OR_LOCALIZATION;MEASUREMENT_OR_QUANTIFICATION;DOCUMENTATION_OR_SUMMARY,SEGMENTATION_OR_LOCALIZATION;MEASUREMENT_OR_QUANTIFICATION;DOCUMENTATION_OR_SUMMARY,CODED,false,NONE
K223268:user,K223268,user,OTHER_PHYSICIAN,OTHER_PHYSICIAN,CODED,false,NONE
K223268:setting,K223268,setting,DIAGNOSTIC_INTERPRETATION,DIAGNOSTIC_INTERPRETATION,CODED,false,NONE
K223268:action,K223268,action,INTERPRETATION_OR_DIAGNOSIS,INTERPRETATION_OR_DIAGNOSIS,CODED,false,NONE
K223268:component_status,K223268,component_status,SINGLE,SINGLE,CODED,false,NONE
K223287:input,K223287,input,MEDICAL_IMAGE,MEDICAL_IMAGE,CODED,false,NONE
K223287:output,K223287,output,SEGMENTATION_OR_LOCALIZATION;CLASSIFICATION_OR_DIAGNOSIS;MEASUREMENT_OR_QUANTIFICATION,SEGMENTATION_OR_LOCALIZATION;CLASSIFICATION_OR_DIAGNOSIS;MEASUREMENT_OR_QUANTIFICATION,CODED,false,NONE
K223287:user,K223287,user,OTHER_CLINICIAN,OTHER_CLINICIAN,CODED,false,NONE
K223287:setting,K223287,setting,DIAGNOSTIC_INTERPRETATION;OTHER,DIAGNOSTIC_INTERPRETATION;OTHER,CODED,false,NONE
K223287:action,K223287,action,WORKFLOW_OR_DOCUMENTATION;INTERPRETATION_OR_DIAGNOSIS,WORKFLOW_OR_DOCUMENTATION;INTERPRETATION_OR_DIAGNOSIS,CODED,false,NONE
K223287:component_status,K223287,component_status,SINGLE,SINGLE,CODED,false,NONE
K223288:input,K223288,input,MEDICAL_IMAGE,MEDICAL_IMAGE,CODED,false,NONE
K223288:output,K223288,output,SEGMENTATION_OR_LOCALIZATION;OTHER,SEGMENTATION_OR_LOCALIZATION;OTHER,CODED,false,NONE
K223288:user,K223288,user,OTHER_PHYSICIAN,OTHER_PHYSICIAN,CODED,false,NONE
K223288:setting,K223288,setting,PROCEDURAL_OR_OPERATING_ROOM,PROCEDURAL_OR_OPERATING_ROOM,CODED,false,NONE
K223288:action,K223288,action,WORKFLOW_OR_DOCUMENTATION;OTHER,WORKFLOW_OR_DOCUMENTATION;OTHER,CODED,false,NONE
K223288:component_status,K223288,component_status,SINGLE,SINGLE,CODED,false,NONE
K223296:input,K223296,input,MEDICAL_IMAGE,MEDICAL_IMAGE,CODED,false,NONE
K223296:output,K223296,output,SEGMENTATION_OR_LOCALIZATION;MEASUREMENT_OR_QUANTIFICATION,SEGMENTATION_OR_LOCALIZATION;MEASUREMENT_OR_QUANTIFICATION,CODED,false,NONE
K223296:user,K223296,user,OTHER_CLINICIAN,OTHER_CLINICIAN,CODED,false,NONE
K223296:setting,K223296,setting,DIAGNOSTIC_INTERPRETATION;OUTPATIENT,DIAGNOSTIC_INTERPRETATION;OUTPATIENT,CODED,false,NONE
K223296:action,K223296,action,INTERPRETATION_OR_DIAGNOSIS,INTERPRETATION_OR_DIAGNOSIS,CODED,false,NONE
K223296:component_status,K223296,component_status,SINGLE,SINGLE,CODED,false,NONE
K223311:input,K223311,input,MEDICAL_IMAGE,MEDICAL_IMAGE,CODED,false,NONE
K223311:output,K223311,output,RECONSTRUCTION_OR_ENHANCEMENT;CONTROL_OR_AUTOMATION,RECONSTRUCTION_OR_ENHANCEMENT;CONTROL_OR_AUTOMATION,CODED,false,NONE
K223311:user,K223311,user,NOT_STATED,NOT_STATED,NOT_STATED,true,FIELD_NOT_STATED
K223311:setting,K223311,setting,SCREENING;DIAGNOSTIC_INTERPRETATION;OTHER,SCREENING;DIAGNOSTIC_INTERPRETATION;OTHER,CODED,false,NONE
K223311:action,K223311,action,WORKFLOW_OR_DOCUMENTATION;THERAPY_DOSE_OR_DEVICE_CONTROL;INTERPRETATION_OR_DIAGNOSIS,WORKFLOW_OR_DOCUMENTATION;THERAPY_DOSE_OR_DEVICE_CONTROL;INTERPRETATION_OR_DIAGNOSIS,CODED,false,NONE
K223311:component_status,K223311,component_status,MULTIPLE,MULTIPLE,CODED,false,NONE
K223325:input,K223325,input,MEDICAL_IMAGE,MEDICAL_IMAGE,CODED,false,NONE
K223325:output,K223325,output,RECONSTRUCTION_OR_ENHANCEMENT,RECONSTRUCTION_OR_ENHANCEMENT,CODED,false,NONE
K223325:user,K223325,user,OTHER_CLINICIAN,OTHER_CLINICIAN,CODED,false,NONE
K223325:setting,K223325,setting,DIAGNOSTIC_INTERPRETATION;PROCEDURAL_OR_OPERATING_ROOM;MONITORING,DIAGNOSTIC_INTERPRETATION;PROCEDURAL_OR_OPERATING_ROOM;MONITORING,CODED,false,NONE
K223325:action,K223325,action,INTERPRETATION_OR_DIAGNOSIS;TREATMENT_OR_PROCEDURE_PLANNING;MONITORING_OR_FOLLOW_UP,INTERPRETATION_OR_DIAGNOSIS;TREATMENT_OR_PROCEDURE_PLANNING;MONITORING_OR_FOLLOW_UP,CODED,false,NONE
K223325:component_status,K223325,component_status,SINGLE,SINGLE,CODED,false,NONE
K223343:input,K223343,input,MEDICAL_IMAGE,MEDICAL_IMAGE,CODED,false,NONE
K223343:output,K223343,output,RECONSTRUCTION_OR_ENHANCEMENT,RECONSTRUCTION_OR_ENHANCEMENT,CODED,false,NONE
K223343:user,K223343,user,OTHER_PHYSICIAN,OTHER_PHYSICIAN,CODED,false,NONE
K223343:setting,K223343,setting,DIAGNOSTIC_INTERPRETATION;PROCEDURAL_OR_OPERATING_ROOM,DIAGNOSTIC_INTERPRETATION;PROCEDURAL_OR_OPERATING_ROOM,CODED,false,NONE
K223343:action,K223343,action,INTERPRETATION_OR_DIAGNOSIS;OTHER,INTERPRETATION_OR_DIAGNOSIS;OTHER,CODED,false,NONE
K223343:component_status,K223343,component_status,SINGLE,SINGLE,CODED,false,NONE
K223347:input,K223347,input,MEDICAL_IMAGE,MEDICAL_IMAGE,CODED,false,NONE
K223347:output,K223347,output,CLASSIFICATION_OR_DIAGNOSIS;MEASUREMENT_OR_QUANTIFICATION;RECOMMENDATION_OR_PLANNING,CLASSIFICATION_OR_DIAGNOSIS;MEASUREMENT_OR_QUANTIFICATION;RECOMMENDATION_OR_PLANNING,CODED,false,NONE
K223347:user,K223347,user,OTHER_CLINICIAN,OTHER_CLINICIAN,CODED,false,NONE
K223347:setting,K223347,setting,OTHER,OTHER,CODED,false,NONE
K223347:action,K223347,action,WORKFLOW_OR_DOCUMENTATION,WORKFLOW_OR_DOCUMENTATION,CODED,false,NONE
K223347:component_status,K223347,component_status,SINGLE,SINGLE,CODED,false,NONE
K223357:input,K223357,input,MEDICAL_IMAGE,MEDICAL_IMAGE,CODED,false,NONE
K223357:output,K223357,output,CLASSIFICATION_OR_DIAGNOSIS,CLASSIFICATION_OR_DIAGNOSIS,CODED,false,NONE
K223357:user,K223357,user,OTHER_CLINICIAN;TECHNOLOGIST_OR_OPERATOR,OTHER_CLINICIAN;TECHNOLOGIST_OR_OPERATOR,CODED,false,NONE
K223357:setting,K223357,setting,SCREENING,SCREENING,CODED,false,NONE
K223357:action,K223357,action,INTERPRETATION_OR_DIAGNOSIS,INTERPRETATION_OR_DIAGNOSIS,CODED,false,NONE
K223357:component_status,K223357,component_status,SINGLE,SINGLE,CODED,false,NONE
K223387:input,K223387,input,MEDICAL_IMAGE,MEDICAL_IMAGE,CODED,false,NONE
K223387:output,K223387,output,DETECTION_OR_ALERT;SEGMENTATION_OR_LOCALIZATION;MEASUREMENT_OR_QUANTIFICATION;CLASSIFICATION_OR_DIAGNOSIS,DETECTION_OR_ALERT;SEGMENTATION_OR_LOCALIZATION;MEASUREMENT_OR_QUANTIFICATION;CLASSIFICATION_OR_DIAGNOSIS,CODED,false,NONE
K223387:user,K223387,user,OTHER_CLINICIAN,OTHER_CLINICIAN,CODED,false,NONE
K223387:setting,K223387,setting,DIAGNOSTIC_INTERPRETATION;OTHER;OUTPATIENT,DIAGNOSTIC_INTERPRETATION;OTHER;OUTPATIENT,CODED,false,NONE
K223387:action,K223387,action,INTERPRETATION_OR_DIAGNOSIS;WORKFLOW_OR_DOCUMENTATION,INTERPRETATION_OR_DIAGNOSIS;WORKFLOW_OR_DOCUMENTATION,CODED,false,NONE
K223387:component_status,K223387,component_status,MULTIPLE,MULTIPLE,CODED,false,NONE
K223396:input,K223396,input,MEDICAL_IMAGE,MEDICAL_IMAGE,CODED,false,NONE
K223396:output,K223396,output,SEGMENTATION_OR_LOCALIZATION;MEASUREMENT_OR_QUANTIFICATION;DOCUMENTATION_OR_SUMMARY,SEGMENTATION_OR_LOCALIZATION;MEASUREMENT_OR_QUANTIFICATION;DOCUMENTATION_OR_SUMMARY,CODED,false,NONE
K223396:user,K223396,user,OTHER_CLINICIAN,OTHER_CLINICIAN,CODED,false,NONE
K223396:setting,K223396,setting,DIAGNOSTIC_INTERPRETATION,DIAGNOSTIC_INTERPRETATION,CODED,false,NONE
K223396:action,K223396,action,INTERPRETATION_OR_DIAGNOSIS,INTERPRETATION_OR_DIAGNOSIS,CODED,false,NONE
K223396:component_status,K223396,component_status,SINGLE,SINGLE,CODED,false,NONE
K223424:input,K223424,input,MEDICAL_IMAGE,MEDICAL_IMAGE,CODED,false,NONE
K223424:output,K223424,output,SEGMENTATION_OR_LOCALIZATION;RECONSTRUCTION_OR_ENHANCEMENT,SEGMENTATION_OR_LOCALIZATION;RECONSTRUCTION_OR_ENHANCEMENT,CODED,false,NONE
K223424:user,K223424,user,OTHER_PHYSICIAN,OTHER_PHYSICIAN,CODED,false,NONE
K223424:setting,K223424,setting,DIAGNOSTIC_INTERPRETATION,DIAGNOSTIC_INTERPRETATION,CODED,false,NONE
K223424:action,K223424,action,WORKFLOW_OR_DOCUMENTATION;INTERPRETATION_OR_DIAGNOSIS,WORKFLOW_OR_DOCUMENTATION;INTERPRETATION_OR_DIAGNOSIS,CODED,false,NONE
K223424:component_status,K223424,component_status,SINGLE,SINGLE,CODED,false,NONE
K223426:input,K223426,input,MEDICAL_IMAGE,MEDICAL_IMAGE,CODED,false,NONE
K223426:output,K223426,output,RECONSTRUCTION_OR_ENHANCEMENT;SEGMENTATION_OR_LOCALIZATION;OTHER,RECONSTRUCTION_OR_ENHANCEMENT;SEGMENTATION_OR_LOCALIZATION;OTHER,CODED,false,NONE
K223426:user,K223426,user,OTHER_PHYSICIAN,OTHER_PHYSICIAN,CODED,false,NONE
K223426:setting,K223426,setting,DIAGNOSTIC_INTERPRETATION,DIAGNOSTIC_INTERPRETATION,CODED,false,NONE
K223426:action,K223426,action,WORKFLOW_OR_DOCUMENTATION;INTERPRETATION_OR_DIAGNOSIS,WORKFLOW_OR_DOCUMENTATION;INTERPRETATION_OR_DIAGNOSIS,CODED,false,NONE
K223426:component_status,K223426,component_status,MULTIPLE,MULTIPLE,CODED,false,NONE
K223439:input,K223439,input,NOT_ASSESSABLE,NOT_ASSESSABLE,NOT_ASSESSABLE,true,AI_ATTRIBUTION_BARRIER
K223439:output,K223439,output,NOT_ASSESSABLE,NOT_ASSESSABLE,NOT_ASSESSABLE,true,AI_ATTRIBUTION_BARRIER
K223439:user,K223439,user,NOT_ASSESSABLE,NOT_ASSESSABLE,NOT_ASSESSABLE,true,AI_ATTRIBUTION_BARRIER
K223439:setting,K223439,setting,NOT_ASSESSABLE,NOT_ASSESSABLE,NOT_ASSESSABLE,true,AI_ATTRIBUTION_BARRIER
K223439:action,K223439,action,NOT_ASSESSABLE,NOT_ASSESSABLE,NOT_ASSESSABLE,true,AI_ATTRIBUTION_BARRIER
K223439:component_status,K223439,component_status,UNCERTAIN,UNCERTAIN,UNCERTAIN,true,AI_ATTRIBUTION_BARRIER
K223442:input,K223442,input,NOT_ASSESSABLE,NOT_ASSESSABLE,NOT_ASSESSABLE,true,AI_ATTRIBUTION_BARRIER
K223442:output,K223442,output,NOT_ASSESSABLE,NOT_ASSESSABLE,NOT_ASSESSABLE,true,AI_ATTRIBUTION_BARRIER
K223442:user,K223442,user,NOT_ASSESSABLE,NOT_ASSESSABLE,NOT_ASSESSABLE,true,AI_ATTRIBUTION_BARRIER
K223442:setting,K223442,setting,NOT_ASSESSABLE,NOT_ASSESSABLE,NOT_ASSESSABLE,true,AI_ATTRIBUTION_BARRIER
K223442:action,K223442,action,NOT_ASSESSABLE,NOT_ASSESSABLE,NOT_ASSESSABLE,true,AI_ATTRIBUTION_BARRIER
K223442:component_status,K223442,component_status,UNCERTAIN,UNCERTAIN,UNCERTAIN,true,AI_ATTRIBUTION_BARRIER
K223443:input,K223443,input,MEDICAL_IMAGE,MEDICAL_IMAGE,CODED,false,NONE
K223443:output,K223443,output,DETECTION_OR_ALERT,DETECTION_OR_ALERT,CODED,false,NONE
K223443:user,K223443,user,OTHER_PHYSICIAN,OTHER_PHYSICIAN,CODED,false,NONE
K223443:setting,K223443,setting,DIAGNOSTIC_INTERPRETATION;OTHER,DIAGNOSTIC_INTERPRETATION;OTHER,CODED,false,NONE
K223443:action,K223443,action,TRIAGE_OR_PRIORITIZATION,TRIAGE_OR_PRIORITIZATION,CODED,false,NONE
K223443:component_status,K223443,component_status,SINGLE,SINGLE,CODED,false,NONE
K223458:input,K223458,input,MEDICAL_IMAGE,MEDICAL_IMAGE,CODED,false,NONE
K223458:output,K223458,output,RECONSTRUCTION_OR_ENHANCEMENT,RECONSTRUCTION_OR_ENHANCEMENT,CODED,false,NONE
K223458:user,K223458,user,OTHER_PHYSICIAN;OTHER_CLINICIAN,OTHER_PHYSICIAN;OTHER_CLINICIAN,CODED,false,NONE
K223458:setting,K223458,setting,DIAGNOSTIC_INTERPRETATION;PROCEDURAL_OR_OPERATING_ROOM;OTHER,DIAGNOSTIC_INTERPRETATION;PROCEDURAL_OR_OPERATING_ROOM;OTHER,CODED,false,NONE
K223458:action,K223458,action,INTERPRETATION_OR_DIAGNOSIS;TREATMENT_OR_PROCEDURE_PLANNING,INTERPRETATION_OR_DIAGNOSIS;TREATMENT_OR_PROCEDURE_PLANNING,CODED,false,NONE
K223458:component_status,K223458,component_status,SINGLE,SINGLE,CODED,false,NONE
K223473:input,K223473,input,AUDIO_OR_VIDEO;MEDICAL_IMAGE,AUDIO_OR_VIDEO;MEDICAL_IMAGE,CODED,false,NONE
K223473:output,K223473,output,DETECTION_OR_ALERT;SEGMENTATION_OR_LOCALIZATION,DETECTION_OR_ALERT;SEGMENTATION_OR_LOCALIZATION,CODED,false,NONE
K223473:user,K223473,user,OTHER_PHYSICIAN,OTHER_PHYSICIAN,CODED,false,NONE
K223473:setting,K223473,setting,SCREENING;MONITORING;PROCEDURAL_OR_OPERATING_ROOM,SCREENING;MONITORING;PROCEDURAL_OR_OPERATING_ROOM,CODED,false,NONE
K223473:action,K223473,action,INTERPRETATION_OR_DIAGNOSIS,INTERPRETATION_OR_DIAGNOSIS,CODED,false,NONE
K223473:component_status,K223473,component_status,SINGLE,SINGLE,CODED,false,NONE
K223490:input,K223490,input,MEDICAL_IMAGE,MEDICAL_IMAGE,CODED,false,NONE
K223490:output,K223490,output,SEGMENTATION_OR_LOCALIZATION,SEGMENTATION_OR_LOCALIZATION,CODED,false,NONE
K223490:user,K223490,user,OTHER_PHYSICIAN,OTHER_PHYSICIAN,CODED,false,NONE
K223490:setting,K223490,setting,PROCEDURAL_OR_OPERATING_ROOM,PROCEDURAL_OR_OPERATING_ROOM,CODED,false,NONE
K223490:action,K223490,action,TREATMENT_OR_PROCEDURE_PLANNING,TREATMENT_OR_PROCEDURE_PLANNING,CODED,false,NONE
K223490:component_status,K223490,component_status,SINGLE,SINGLE,CODED,false,NONE
K223491:input,K223491,input,MEDICAL_IMAGE,MEDICAL_IMAGE,CODED,false,NONE
K223491:output,K223491,output,DETECTION_OR_ALERT;SEGMENTATION_OR_LOCALIZATION;OTHER,DETECTION_OR_ALERT;SEGMENTATION_OR_LOCALIZATION;OTHER,CODED,false,NONE
K223491:user,K223491,user,RADIOLOGIST;OTHER_CLINICIAN,RADIOLOGIST;OTHER_CLINICIAN,CODED,false,NONE
K223491:setting,K223491,setting,DIAGNOSTIC_INTERPRETATION;OTHER,DIAGNOSTIC_INTERPRETATION;OTHER,CODED,false,NONE
K223491:action,K223491,action,TRIAGE_OR_PRIORITIZATION;INTERPRETATION_OR_DIAGNOSIS,TRIAGE_OR_PRIORITIZATION;INTERPRETATION_OR_DIAGNOSIS,CODED,false,NONE
K223491:component_status,K223491,component_status,MULTIPLE,MULTIPLE,CODED,false,NONE
K223501:input,K223501,input,MEDICAL_IMAGE,MEDICAL_IMAGE,CODED,false,NONE
K223501:output,K223501,output,SEGMENTATION_OR_LOCALIZATION;OTHER,SEGMENTATION_OR_LOCALIZATION;OTHER,CODED,false,NONE
K223501:user,K223501,user,OTHER_PHYSICIAN,OTHER_PHYSICIAN,CODED,false,NONE
K223501:setting,K223501,setting,SCREENING;DIAGNOSTIC_INTERPRETATION,SCREENING;DIAGNOSTIC_INTERPRETATION,CODED,false,NONE
K223501:action,K223501,action,INTERPRETATION_OR_DIAGNOSIS;WORKFLOW_OR_DOCUMENTATION,INTERPRETATION_OR_DIAGNOSIS;WORKFLOW_OR_DOCUMENTATION,CODED,false,NONE
K223501:component_status,K223501,component_status,SINGLE,SINGLE,CODED,false,NONE
K223502:input,K223502,input,MEDICAL_IMAGE,MEDICAL_IMAGE,CODED,false,NONE
K223502:output,K223502,output,SEGMENTATION_OR_LOCALIZATION;MEASUREMENT_OR_QUANTIFICATION,SEGMENTATION_OR_LOCALIZATION;MEASUREMENT_OR_QUANTIFICATION,CODED,false,NONE
K223502:user,K223502,user,RADIOLOGIST;OTHER_PHYSICIAN,RADIOLOGIST;OTHER_PHYSICIAN,CODED,false,NONE
K223502:setting,K223502,setting,DIAGNOSTIC_INTERPRETATION;OTHER,DIAGNOSTIC_INTERPRETATION;OTHER,CODED,false,NONE
K223502:action,K223502,action,INTERPRETATION_OR_DIAGNOSIS,INTERPRETATION_OR_DIAGNOSIS,CODED,false,NONE
K223502:component_status,K223502,component_status,SINGLE,SINGLE,CODED,false,NONE
K223504:input,K223504,input,PHYSIOLOGICAL_SIGNAL,PHYSIOLOGICAL_SIGNAL,CODED,false,NONE
K223504:output,K223504,output,DETECTION_OR_ALERT;CLASSIFICATION_OR_DIAGNOSIS,DETECTION_OR_ALERT;CLASSIFICATION_OR_DIAGNOSIS,CODED,false,NONE
K223504:user,K223504,user,OTHER_CLINICIAN,OTHER_CLINICIAN,CODED,false,NONE
K223504:setting,K223504,setting,ACUTE_TRIAGE_OR_EMERGENCY;MONITORING,ACUTE_TRIAGE_OR_EMERGENCY;MONITORING,CODED,false,NONE
K223504:action,K223504,action,INTERPRETATION_OR_DIAGNOSIS;TREATMENT_OR_PROCEDURE_PLANNING,INTERPRETATION_OR_DIAGNOSIS;TREATMENT_OR_PROCEDURE_PLANNING,CODED,false,NONE
K223504:component_status,K223504,component_status,SINGLE,SINGLE,CODED,false,NONE
K223514:input,K223514,input,MEDICAL_IMAGE,MEDICAL_IMAGE,CODED,false,NONE
K223514:output,K223514,output,SEGMENTATION_OR_LOCALIZATION;RECONSTRUCTION_OR_ENHANCEMENT,SEGMENTATION_OR_LOCALIZATION;RECONSTRUCTION_OR_ENHANCEMENT,CODED,false,NONE
K223514:user,K223514,user,OTHER_CLINICIAN,OTHER_CLINICIAN,CODED,false,NONE
K223514:setting,K223514,setting,DIAGNOSTIC_INTERPRETATION,DIAGNOSTIC_INTERPRETATION,CODED,false,NONE
K223514:action,K223514,action,INTERPRETATION_OR_DIAGNOSIS;WORKFLOW_OR_DOCUMENTATION,INTERPRETATION_OR_DIAGNOSIS;WORKFLOW_OR_DOCUMENTATION,CODED,false,NONE
K223514:component_status,K223514,component_status,SINGLE,SINGLE,CODED,false,NONE
K223516:input,K223516,input,PHYSIOLOGICAL_SIGNAL;DEVICE_TELEMETRY_OR_OPERATIONAL,PHYSIOLOGICAL_SIGNAL;DEVICE_TELEMETRY_OR_OPERATIONAL,CODED,false,NONE
K223516:output,K223516,output,CLASSIFICATION_OR_DIAGNOSIS;MEASUREMENT_OR_QUANTIFICATION;SEGMENTATION_OR_LOCALIZATION,CLASSIFICATION_OR_DIAGNOSIS;MEASUREMENT_OR_QUANTIFICATION;SEGMENTATION_OR_LOCALIZATION,CODED,false,NONE
K223516:user,K223516,user,OTHER_PHYSICIAN,OTHER_PHYSICIAN,CODED,false,NONE
K223516:setting,K223516,setting,PROCEDURAL_OR_OPERATING_ROOM,PROCEDURAL_OR_OPERATING_ROOM,CODED,false,NONE
K223516:action,K223516,action,WORKFLOW_OR_DOCUMENTATION;OTHER,WORKFLOW_OR_DOCUMENTATION;OTHER,CODED,false,NONE
K223516:component_status,K223516,component_status,SINGLE,SINGLE,CODED,false,NONE
K223523:input,K223523,input,MEDICAL_IMAGE,MEDICAL_IMAGE,CODED,false,NONE
K223523:output,K223523,output,RECONSTRUCTION_OR_ENHANCEMENT,RECONSTRUCTION_OR_ENHANCEMENT,CODED,false,NONE
K223523:user,K223523,user,NOT_STATED,NOT_STATED,NOT_STATED,true,FIELD_NOT_STATED
K223523:setting,K223523,setting,DIAGNOSTIC_INTERPRETATION,DIAGNOSTIC_INTERPRETATION,CODED,false,NONE
K223523:action,K223523,action,WORKFLOW_OR_DOCUMENTATION,WORKFLOW_OR_DOCUMENTATION,CODED,false,NONE
K223523:component_status,K223523,component_status,SINGLE,SINGLE,CODED,false,NONE
K223539:input,K223539,input,PHYSIOLOGICAL_SIGNAL,PHYSIOLOGICAL_SIGNAL,CODED,false,NONE
K223539:output,K223539,output,CLASSIFICATION_OR_DIAGNOSIS;MEASUREMENT_OR_QUANTIFICATION;DOCUMENTATION_OR_SUMMARY,CLASSIFICATION_OR_DIAGNOSIS;MEASUREMENT_OR_QUANTIFICATION;DOCUMENTATION_OR_SUMMARY,CODED,false,NONE
K223539:user,K223539,user,OTHER_CLINICIAN,OTHER_CLINICIAN,CODED,false,NONE
K223539:setting,K223539,setting,HOME_OR_CONSUMER;MONITORING;OTHER,HOME_OR_CONSUMER;MONITORING;OTHER,CODED,false,NONE
K223539:action,K223539,action,INTERPRETATION_OR_DIAGNOSIS,INTERPRETATION_OR_DIAGNOSIS,CODED,false,NONE
K223539:component_status,K223539,component_status,SINGLE,SINGLE,CODED,false,NONE
K223552:input,K223552,input,MEDICAL_IMAGE,MEDICAL_IMAGE,CODED,false,NONE
K223552:output,K223552,output,SEGMENTATION_OR_LOCALIZATION,SEGMENTATION_OR_LOCALIZATION,CODED,false,NONE
K223552:user,K223552,user,OTHER_PHYSICIAN,OTHER_PHYSICIAN,CODED,false,NONE
K223552:setting,K223552,setting,PROCEDURAL_OR_OPERATING_ROOM,PROCEDURAL_OR_OPERATING_ROOM,CODED,false,NONE
K223552:action,K223552,action,OTHER,OTHER,CODED,false,NONE
K223552:component_status,K223552,component_status,SINGLE,SINGLE,CODED,false,NONE
K223553:input,K223553,input,MEDICAL_IMAGE,MEDICAL_IMAGE,CODED,false,NONE
K223553:output,K223553,output,SEGMENTATION_OR_LOCALIZATION;MEASUREMENT_OR_QUANTIFICATION;RECOMMENDATION_OR_PLANNING,SEGMENTATION_OR_LOCALIZATION;MEASUREMENT_OR_QUANTIFICATION;RECOMMENDATION_OR_PLANNING,CODED,false,NONE
K223553:user,K223553,user,NOT_STATED,NOT_STATED,NOT_STATED,true,FIELD_NOT_STATED
K223553:setting,K223553,setting,PROCEDURAL_OR_OPERATING_ROOM;OTHER,PROCEDURAL_OR_OPERATING_ROOM;OTHER,CODED,false,NONE
K223553:action,K223553,action,TREATMENT_OR_PROCEDURE_PLANNING,TREATMENT_OR_PROCEDURE_PLANNING,CODED,false,NONE
K223553:component_status,K223553,component_status,MULTIPLE,MULTIPLE,CODED,false,NONE
K223556:input,K223556,input,MEDICAL_IMAGE,MEDICAL_IMAGE,CODED,false,NONE
K223556:output,K223556,output,SEGMENTATION_OR_LOCALIZATION;MEASUREMENT_OR_QUANTIFICATION;RECONSTRUCTION_OR_ENHANCEMENT,SEGMENTATION_OR_LOCALIZATION;MEASUREMENT_OR_QUANTIFICATION;RECONSTRUCTION_OR_ENHANCEMENT,CODED,false,NONE
K223556:user,K223556,user,OTHER_PHYSICIAN,OTHER_PHYSICIAN,CODED,false,NONE
K223556:setting,K223556,setting,DIAGNOSTIC_INTERPRETATION,DIAGNOSTIC_INTERPRETATION,CODED,false,NONE
K223556:action,K223556,action,INTERPRETATION_OR_DIAGNOSIS,INTERPRETATION_OR_DIAGNOSIS,CODED,false,NONE
K223556:component_status,K223556,component_status,SINGLE,SINGLE,CODED,false,NONE
K223621:input,K223621,input,MEDICAL_IMAGE,MEDICAL_IMAGE,CODED,false,NONE
K223621:output,K223621,output,CLASSIFICATION_OR_DIAGNOSIS;MEASUREMENT_OR_QUANTIFICATION;SEGMENTATION_OR_LOCALIZATION;DOCUMENTATION_OR_SUMMARY,CLASSIFICATION_OR_DIAGNOSIS;MEASUREMENT_OR_QUANTIFICATION;SEGMENTATION_OR_LOCALIZATION;DOCUMENTATION_OR_SUMMARY,CODED,false,NONE
K223621:user,K223621,user,RADIOLOGIST;OTHER_PHYSICIAN;TECHNOLOGIST_OR_OPERATOR,RADIOLOGIST;OTHER_PHYSICIAN;TECHNOLOGIST_OR_OPERATOR,CODED,false,NONE
K223621:setting,K223621,setting,DIAGNOSTIC_INTERPRETATION,DIAGNOSTIC_INTERPRETATION,CODED,false,NONE
K223621:action,K223621,action,INTERPRETATION_OR_DIAGNOSIS,INTERPRETATION_OR_DIAGNOSIS,CODED,false,NONE
K223621:component_status,K223621,component_status,SINGLE,SINGLE,CODED,false,NONE
K223622:input,K223622,input,AUDIO_OR_VIDEO,AUDIO_OR_VIDEO,CODED,false,NONE
K223622:output,K223622,output,MEASUREMENT_OR_QUANTIFICATION,MEASUREMENT_OR_QUANTIFICATION,CODED,false,NONE
K223622:user,K223622,user,PATIENT_OR_CAREGIVER,PATIENT_OR_CAREGIVER,CODED,false,NONE
K223622:setting,K223622,setting,MONITORING;OTHER,MONITORING;OTHER,CODED,false,NONE
K223622:action,K223622,action,MONITORING_OR_FOLLOW_UP;REFERRAL_OR_ESCALATION,MONITORING_OR_FOLLOW_UP;REFERRAL_OR_ESCALATION,CODED,false,NONE
K223622:component_status,K223622,component_status,SINGLE,SINGLE,CODED,false,NONE
K223623:input,K223623,input,MEDICAL_IMAGE,MEDICAL_IMAGE,CODED,false,NONE
K223623:output,K223623,output,RECONSTRUCTION_OR_ENHANCEMENT,RECONSTRUCTION_OR_ENHANCEMENT,CODED,false,NONE
K223623:user,K223623,user,RADIOLOGIST,RADIOLOGIST,CODED,false,NONE
K223623:setting,K223623,setting,DIAGNOSTIC_INTERPRETATION;OUTPATIENT;OTHER,DIAGNOSTIC_INTERPRETATION;OUTPATIENT;OTHER,CODED,false,NONE
K223623:action,K223623,action,WORKFLOW_OR_DOCUMENTATION,WORKFLOW_OR_DOCUMENTATION,CODED,false,NONE
K223623:component_status,K223623,component_status,SINGLE,SINGLE,CODED,false,NONE
K223630:input,K223630,input,PHYSIOLOGICAL_SIGNAL,PHYSIOLOGICAL_SIGNAL,CODED,false,NONE
K223630:output,K223630,output,CLASSIFICATION_OR_DIAGNOSIS;DETECTION_OR_ALERT,CLASSIFICATION_OR_DIAGNOSIS;DETECTION_OR_ALERT,CODED,false,NONE
K223630:user,K223630,user,NOT_STATED,NOT_STATED,NOT_STATED,true,FIELD_NOT_STATED
K223630:setting,K223630,setting,MONITORING,MONITORING,CODED,false,NONE
K223630:action,K223630,action,MONITORING_OR_FOLLOW_UP;WORKFLOW_OR_DOCUMENTATION,MONITORING_OR_FOLLOW_UP;WORKFLOW_OR_DOCUMENTATION,CODED,false,NONE
K223630:component_status,K223630,component_status,SINGLE,SINGLE,CODED,false,NONE
K223639:input,K223639,input,MEDICAL_IMAGE,MEDICAL_IMAGE,CODED,false,NONE
K223639:output,K223639,output,SEGMENTATION_OR_LOCALIZATION;MEASUREMENT_OR_QUANTIFICATION,SEGMENTATION_OR_LOCALIZATION;MEASUREMENT_OR_QUANTIFICATION,CODED,false,NONE
K223639:user,K223639,user,OTHER_PHYSICIAN,OTHER_PHYSICIAN,CODED,false,NONE
K223639:setting,K223639,setting,PROCEDURAL_OR_OPERATING_ROOM;OTHER,PROCEDURAL_OR_OPERATING_ROOM;OTHER,CODED,false,NONE
K223639:action,K223639,action,TREATMENT_OR_PROCEDURE_PLANNING;OTHER,TREATMENT_OR_PROCEDURE_PLANNING;OTHER,CODED,false,NONE
K223639:component_status,K223639,component_status,MULTIPLE,MULTIPLE,CODED,false,NONE
K223646:input,K223646,input,MEDICAL_IMAGE,MEDICAL_IMAGE,CODED,false,NONE
K223646:output,K223646,output,SEGMENTATION_OR_LOCALIZATION;MEASUREMENT_OR_QUANTIFICATION;DOCUMENTATION_OR_SUMMARY,SEGMENTATION_OR_LOCALIZATION;MEASUREMENT_OR_QUANTIFICATION;DOCUMENTATION_OR_SUMMARY,CODED,false,NONE
K223646:user,K223646,user,OTHER_CLINICIAN,OTHER_CLINICIAN,CODED,false,NONE
K223646:setting,K223646,setting,DIAGNOSTIC_INTERPRETATION,DIAGNOSTIC_INTERPRETATION,CODED,false,NONE
K223646:action,K223646,action,INTERPRETATION_OR_DIAGNOSIS,INTERPRETATION_OR_DIAGNOSIS,CODED,false,NONE
K223646:component_status,K223646,component_status,SINGLE,SINGLE,CODED,false,NONE
K223659:input,K223659,input,MEDICAL_IMAGE,MEDICAL_IMAGE,CODED,false,NONE
K223659:output,K223659,output,SEGMENTATION_OR_LOCALIZATION;MEASUREMENT_OR_QUANTIFICATION;DOCUMENTATION_OR_SUMMARY,SEGMENTATION_OR_LOCALIZATION;MEASUREMENT_OR_QUANTIFICATION;DOCUMENTATION_OR_SUMMARY,CODED,false,NONE
K223659:user,K223659,user,OTHER_PHYSICIAN,OTHER_PHYSICIAN,CODED,false,NONE
K223659:setting,K223659,setting,DIAGNOSTIC_INTERPRETATION;LABORATORY;OTHER,DIAGNOSTIC_INTERPRETATION;LABORATORY;OTHER,CODED,false,NONE
K223659:action,K223659,action,INTERPRETATION_OR_DIAGNOSIS;WORKFLOW_OR_DOCUMENTATION,INTERPRETATION_OR_DIAGNOSIS;WORKFLOW_OR_DOCUMENTATION,CODED,false,NONE
K223659:component_status,K223659,component_status,SINGLE,SINGLE,CODED,false,NONE
K223724:input,K223724,input,MEDICAL_IMAGE;OTHER,MEDICAL_IMAGE;OTHER,CODED,false,NONE
K223724:output,K223724,output,SEGMENTATION_OR_LOCALIZATION;MEASUREMENT_OR_QUANTIFICATION;RECOMMENDATION_OR_PLANNING,SEGMENTATION_OR_LOCALIZATION;MEASUREMENT_OR_QUANTIFICATION;RECOMMENDATION_OR_PLANNING,CODED,false,NONE
K223724:user,K223724,user,OTHER_CLINICIAN,OTHER_CLINICIAN,CODED,false,NONE
K223724:setting,K223724,setting,PROCEDURAL_OR_OPERATING_ROOM,PROCEDURAL_OR_OPERATING_ROOM,CODED,false,NONE
K223724:action,K223724,action,TREATMENT_OR_PROCEDURE_PLANNING,TREATMENT_OR_PROCEDURE_PLANNING,CODED,false,NONE
K223724:component_status,K223724,component_status,MULTIPLE,MULTIPLE,CODED,false,NONE
K223726:input,K223726,input,MEDICAL_IMAGE,MEDICAL_IMAGE,CODED,false,NONE
K223726:output,K223726,output,RECONSTRUCTION_OR_ENHANCEMENT,RECONSTRUCTION_OR_ENHANCEMENT,CODED,false,NONE
K223726:user,K223726,user,OTHER_PHYSICIAN,OTHER_PHYSICIAN,CODED,false,NONE
K223726:setting,K223726,setting,DIAGNOSTIC_INTERPRETATION,DIAGNOSTIC_INTERPRETATION,CODED,false,NONE
K223726:action,K223726,action,OTHER,OTHER,CODED,false,NONE
K223726:component_status,K223726,component_status,SINGLE,SINGLE,CODED,false,NONE
K223734:input,K223734,input,MEDICAL_IMAGE,MEDICAL_IMAGE,CODED,false,NONE
K223734:output,K223734,output,SEGMENTATION_OR_LOCALIZATION,SEGMENTATION_OR_LOCALIZATION,CODED,false,NONE
K223734:user,K223734,user,OTHER_PHYSICIAN,OTHER_PHYSICIAN,CODED,false,NONE
K223734:setting,K223734,setting,PROCEDURAL_OR_OPERATING_ROOM,PROCEDURAL_OR_OPERATING_ROOM,CODED,false,NONE
K223734:action,K223734,action,WORKFLOW_OR_DOCUMENTATION;OTHER,WORKFLOW_OR_DOCUMENTATION;OTHER,CODED,false,NONE
K223734:component_status,K223734,component_status,SINGLE,SINGLE,CODED,false,NONE
K223738:input,K223738,input,PHYSIOLOGICAL_SIGNAL,PHYSIOLOGICAL_SIGNAL,CODED,false,NONE
K223738:output,K223738,output,OTHER;CONTROL_OR_AUTOMATION,OTHER;CONTROL_OR_AUTOMATION,CODED,false,NONE
K223738:user,K223738,user,PATIENT_OR_CAREGIVER;OTHER_CLINICIAN,PATIENT_OR_CAREGIVER;OTHER_CLINICIAN,CODED,false,NONE
K223738:setting,K223738,setting,HOME_OR_CONSUMER;OTHER,HOME_OR_CONSUMER;OTHER,CODED,false,NONE
K223738:action,K223738,action,THERAPY_DOSE_OR_DEVICE_CONTROL;PATIENT_SELF_MANAGEMENT,THERAPY_DOSE_OR_DEVICE_CONTROL;PATIENT_SELF_MANAGEMENT,CODED,false,NONE
K223738:component_status,K223738,component_status,SINGLE,SINGLE,CODED,false,NONE
K223754:input,K223754,input,MEDICAL_IMAGE,MEDICAL_IMAGE,CODED,false,NONE
K223754:output,K223754,output,DETECTION_OR_ALERT,DETECTION_OR_ALERT,CODED,false,NONE
K223754:user,K223754,user,RADIOLOGIST;OTHER_CLINICIAN,RADIOLOGIST;OTHER_CLINICIAN,CODED,false,NONE
K223754:setting,K223754,setting,DIAGNOSTIC_INTERPRETATION,DIAGNOSTIC_INTERPRETATION,CODED,false,NONE
K223754:action,K223754,action,TRIAGE_OR_PRIORITIZATION,TRIAGE_OR_PRIORITIZATION,CODED,false,NONE
K223754:component_status,K223754,component_status,SINGLE,SINGLE,CODED,false,NONE
K223757:input,K223757,input,MEDICAL_IMAGE,MEDICAL_IMAGE,CODED,false,NONE
K223757:output,K223757,output,SEGMENTATION_OR_LOCALIZATION;RECONSTRUCTION_OR_ENHANCEMENT,SEGMENTATION_OR_LOCALIZATION;RECONSTRUCTION_OR_ENHANCEMENT,CODED,false,NONE
K223757:user,K223757,user,OTHER_CLINICIAN,OTHER_CLINICIAN,CODED,false,NONE
K223757:setting,K223757,setting,DIAGNOSTIC_INTERPRETATION;PROCEDURAL_OR_OPERATING_ROOM;OUTPATIENT;OTHER,DIAGNOSTIC_INTERPRETATION;PROCEDURAL_OR_OPERATING_ROOM;OUTPATIENT;OTHER,CODED,false,NONE
K223757:action,K223757,action,INTERPRETATION_OR_DIAGNOSIS;TREATMENT_OR_PROCEDURE_PLANNING,INTERPRETATION_OR_DIAGNOSIS;TREATMENT_OR_PROCEDURE_PLANNING,CODED,false,NONE
K223757:component_status,K223757,component_status,SINGLE,SINGLE,CODED,false,NONE
K223771:input,K223771,input,MEDICAL_IMAGE;AUDIO_OR_VIDEO,MEDICAL_IMAGE;AUDIO_OR_VIDEO,CODED,false,NONE
K223771:output,K223771,output,DETECTION_OR_ALERT;CLASSIFICATION_OR_DIAGNOSIS;MEASUREMENT_OR_QUANTIFICATION;SEGMENTATION_OR_LOCALIZATION,DETECTION_OR_ALERT;CLASSIFICATION_OR_DIAGNOSIS;MEASUREMENT_OR_QUANTIFICATION;SEGMENTATION_OR_LOCALIZATION,CODED,false,NONE
K223771:user,K223771,user,OTHER_CLINICIAN,OTHER_CLINICIAN,CODED,false,NONE
K223771:setting,K223771,setting,DIAGNOSTIC_INTERPRETATION;MONITORING;INPATIENT;OTHER,DIAGNOSTIC_INTERPRETATION;MONITORING;INPATIENT;OTHER,CODED,false,NONE
K223771:action,K223771,action,INTERPRETATION_OR_DIAGNOSIS;MONITORING_OR_FOLLOW_UP,INTERPRETATION_OR_DIAGNOSIS;MONITORING_OR_FOLLOW_UP,CODED,false,NONE
K223771:component_status,K223771,component_status,SINGLE,SINGLE,CODED,false,NONE
K223774:input,K223774,input,MEDICAL_IMAGE,MEDICAL_IMAGE,CODED,false,NONE
K223774:output,K223774,output,SEGMENTATION_OR_LOCALIZATION,SEGMENTATION_OR_LOCALIZATION,CODED,false,NONE
K223774:user,K223774,user,OTHER_CLINICIAN,OTHER_CLINICIAN,CODED,false,NONE
K223774:setting,K223774,setting,PROCEDURAL_OR_OPERATING_ROOM;MONITORING,PROCEDURAL_OR_OPERATING_ROOM;MONITORING,CODED,false,NONE
K223774:action,K223774,action,TREATMENT_OR_PROCEDURE_PLANNING;MONITORING_OR_FOLLOW_UP,TREATMENT_OR_PROCEDURE_PLANNING;MONITORING_OR_FOLLOW_UP,CODED,false,NONE
K223774:component_status,K223774,component_status,SINGLE,SINGLE,CODED,false,NONE
K223811:input,K223811,input,MEDICAL_IMAGE,MEDICAL_IMAGE,CODED,false,NONE
K223811:output,K223811,output,DETECTION_OR_ALERT;SEGMENTATION_OR_LOCALIZATION,DETECTION_OR_ALERT;SEGMENTATION_OR_LOCALIZATION,CODED,false,NONE
K223811:user,K223811,user,OTHER_PHYSICIAN,OTHER_PHYSICIAN,CODED,false,NONE
K223811:setting,K223811,setting,DIAGNOSTIC_INTERPRETATION,DIAGNOSTIC_INTERPRETATION,CODED,false,NONE
K223811:action,K223811,action,INTERPRETATION_OR_DIAGNOSIS,INTERPRETATION_OR_DIAGNOSIS,CODED,false,NONE
K223811:component_status,K223811,component_status,SINGLE,SINGLE,CODED,false,NONE
K223830:input,K223830,input,MEDICAL_IMAGE,MEDICAL_IMAGE,CODED,false,NONE
K223830:output,K223830,output,SEGMENTATION_OR_LOCALIZATION;MEASUREMENT_OR_QUANTIFICATION,SEGMENTATION_OR_LOCALIZATION;MEASUREMENT_OR_QUANTIFICATION,CODED,false,NONE
K223830:user,K223830,user,OTHER_CLINICIAN,OTHER_CLINICIAN,CODED,false,NONE
K223830:setting,K223830,setting,DIAGNOSTIC_INTERPRETATION;OUTPATIENT;OTHER,DIAGNOSTIC_INTERPRETATION;OUTPATIENT;OTHER,CODED,false,NONE
K223830:action,K223830,action,WORKFLOW_OR_DOCUMENTATION;INTERPRETATION_OR_DIAGNOSIS,WORKFLOW_OR_DOCUMENTATION;INTERPRETATION_OR_DIAGNOSIS,CODED,false,NONE
K223830:component_status,K223830,component_status,SINGLE,SINGLE,CODED,false,NONE
K223855:input,K223855,input,MEDICAL_IMAGE,MEDICAL_IMAGE,CODED,false,NONE
K223855:output,K223855,output,SEGMENTATION_OR_LOCALIZATION;MEASUREMENT_OR_QUANTIFICATION;RECONSTRUCTION_OR_ENHANCEMENT;DOCUMENTATION_OR_SUMMARY,SEGMENTATION_OR_LOCALIZATION;MEASUREMENT_OR_QUANTIFICATION;RECONSTRUCTION_OR_ENHANCEMENT;DOCUMENTATION_OR_SUMMARY,CODED,false,NONE
K223855:user,K223855,user,OTHER_CLINICIAN;OTHER,OTHER_CLINICIAN;OTHER,CODED,false,NONE
K223855:setting,K223855,setting,PROCEDURAL_OR_OPERATING_ROOM,PROCEDURAL_OR_OPERATING_ROOM,CODED,false,NONE
K223855:action,K223855,action,TREATMENT_OR_PROCEDURE_PLANNING,TREATMENT_OR_PROCEDURE_PLANNING,CODED,false,NONE
K223855:component_status,K223855,component_status,SINGLE,SINGLE,CODED,false,NONE
K223864:input,K223864,input,MEDICAL_IMAGE,MEDICAL_IMAGE,CODED,false,NONE
K223864:output,K223864,output,SEGMENTATION_OR_LOCALIZATION,SEGMENTATION_OR_LOCALIZATION,CODED,false,NONE
K223864:user,K223864,user,OTHER_PHYSICIAN,OTHER_PHYSICIAN,CODED,false,NONE
K223864:setting,K223864,setting,PROCEDURAL_OR_OPERATING_ROOM,PROCEDURAL_OR_OPERATING_ROOM,CODED,false,NONE
K223864:action,K223864,action,WORKFLOW_OR_DOCUMENTATION;OTHER,WORKFLOW_OR_DOCUMENTATION;OTHER,CODED,false,NONE
K223864:component_status,K223864,component_status,SINGLE,SINGLE,CODED,false,NONE
K223905:input,K223905,input,PHYSIOLOGICAL_SIGNAL,PHYSIOLOGICAL_SIGNAL,CODED,false,NONE
K223905:output,K223905,output,CLASSIFICATION_OR_DIAGNOSIS,CLASSIFICATION_OR_DIAGNOSIS,CODED,false,NONE
K223905:user,K223905,user,OTHER_CLINICIAN,OTHER_CLINICIAN,CODED,false,NONE
K223905:setting,K223905,setting,DIAGNOSTIC_INTERPRETATION,DIAGNOSTIC_INTERPRETATION,CODED,false,NONE
K223905:action,K223905,action,INTERPRETATION_OR_DIAGNOSIS,INTERPRETATION_OR_DIAGNOSIS,CODED,false,NONE
K223905:component_status,K223905,component_status,SINGLE,SINGLE,CODED,false,NONE
K230020:input,K230020,input,MEDICAL_IMAGE,MEDICAL_IMAGE,CODED,false,NONE
K230020:output,K230020,output,DETECTION_OR_ALERT,DETECTION_OR_ALERT,CODED,false,NONE
K230020:user,K230020,user,OTHER_CLINICIAN,OTHER_CLINICIAN,CODED,false,NONE
K230020:setting,K230020,setting,DIAGNOSTIC_INTERPRETATION;OTHER,DIAGNOSTIC_INTERPRETATION;OTHER,CODED,false,NONE
K230020:action,K230020,action,TRIAGE_OR_PRIORITIZATION,TRIAGE_OR_PRIORITIZATION,CODED,false,NONE
K230020:component_status,K230020,component_status,SINGLE,SINGLE,CODED,false,NONE
K230023:input,K230023,input,MEDICAL_IMAGE,MEDICAL_IMAGE,CODED,false,NONE
K230023:output,K230023,output,SEGMENTATION_OR_LOCALIZATION;RECONSTRUCTION_OR_ENHANCEMENT,SEGMENTATION_OR_LOCALIZATION;RECONSTRUCTION_OR_ENHANCEMENT,CODED,false,NONE
K230023:user,K230023,user,RADIOLOGIST;OTHER_PHYSICIAN;OTHER_CLINICIAN,RADIOLOGIST;OTHER_PHYSICIAN;OTHER_CLINICIAN,CODED,false,NONE
K230023:setting,K230023,setting,PROCEDURAL_OR_OPERATING_ROOM;OTHER,PROCEDURAL_OR_OPERATING_ROOM;OTHER,CODED,false,NONE
K230023:action,K230023,action,TREATMENT_OR_PROCEDURE_PLANNING,TREATMENT_OR_PROCEDURE_PLANNING,CODED,false,NONE
K230023:component_status,K230023,component_status,MULTIPLE,MULTIPLE,CODED,false,NONE
K230039:input,K230039,input,MEDICAL_IMAGE,MEDICAL_IMAGE,CODED,false,NONE
K230039:output,K230039,output,SEGMENTATION_OR_LOCALIZATION,SEGMENTATION_OR_LOCALIZATION,CODED,false,NONE
K230039:user,K230039,user,OTHER_PHYSICIAN;TECHNOLOGIST_OR_OPERATOR,OTHER_PHYSICIAN;TECHNOLOGIST_OR_OPERATOR,CODED,false,NONE
K230039:setting,K230039,setting,DIAGNOSTIC_INTERPRETATION;OTHER,DIAGNOSTIC_INTERPRETATION;OTHER,CODED,false,NONE
K230039:action,K230039,action,INTERPRETATION_OR_DIAGNOSIS;WORKFLOW_OR_DOCUMENTATION,INTERPRETATION_OR_DIAGNOSIS;WORKFLOW_OR_DOCUMENTATION,CODED,false,NONE
K230039:component_status,K230039,component_status,SINGLE,SINGLE,CODED,false,NONE
K230045:input,K230045,input,MEDICAL_IMAGE,MEDICAL_IMAGE,CODED,false,NONE
K230045:output,K230045,output,SEGMENTATION_OR_LOCALIZATION;MEASUREMENT_OR_QUANTIFICATION,SEGMENTATION_OR_LOCALIZATION;MEASUREMENT_OR_QUANTIFICATION,CODED,false,NONE
K230045:user,K230045,user,OTHER_PHYSICIAN;OTHER_CLINICIAN,OTHER_PHYSICIAN;OTHER_CLINICIAN,CODED,false,NONE
K230045:setting,K230045,setting,PROCEDURAL_OR_OPERATING_ROOM,PROCEDURAL_OR_OPERATING_ROOM,CODED,false,NONE
K230045:action,K230045,action,OTHER,OTHER,CODED,false,NONE
K230045:component_status,K230045,component_status,SINGLE,SINGLE,CODED,false,NONE
K230074:input,K230074,input,MEDICAL_IMAGE,MEDICAL_IMAGE,CODED,false,NONE
K230074:output,K230074,output,DETECTION_OR_ALERT,DETECTION_OR_ALERT,CODED,false,NONE
K230074:user,K230074,user,RADIOLOGIST,RADIOLOGIST,CODED,false,NONE
K230074:setting,K230074,setting,DIAGNOSTIC_INTERPRETATION;OTHER,DIAGNOSTIC_INTERPRETATION;OTHER,CODED,false,NONE
K230074:action,K230074,action,TRIAGE_OR_PRIORITIZATION,TRIAGE_OR_PRIORITIZATION,CODED,false,NONE
K230074:component_status,K230074,component_status,SINGLE,SINGLE,CODED,false,NONE
K230082:input,K230082,input,MEDICAL_IMAGE,MEDICAL_IMAGE,CODED,false,NONE
K230082:output,K230082,output,SEGMENTATION_OR_LOCALIZATION,SEGMENTATION_OR_LOCALIZATION,CODED,false,NONE
K230082:user,K230082,user,OTHER_PHYSICIAN;OTHER_CLINICIAN,OTHER_PHYSICIAN;OTHER_CLINICIAN,CODED,false,NONE
K230082:setting,K230082,setting,PROCEDURAL_OR_OPERATING_ROOM,PROCEDURAL_OR_OPERATING_ROOM,CODED,false,NONE
K230082:action,K230082,action,TREATMENT_OR_PROCEDURE_PLANNING,TREATMENT_OR_PROCEDURE_PLANNING,CODED,false,NONE
K230082:component_status,K230082,component_status,SINGLE,SINGLE,CODED,false,NONE
K230084:input,K230084,input,MEDICAL_IMAGE,MEDICAL_IMAGE,CODED,false,NONE
K230084:output,K230084,output,CLASSIFICATION_OR_DIAGNOSIS;SEGMENTATION_OR_LOCALIZATION;MEASUREMENT_OR_QUANTIFICATION,CLASSIFICATION_OR_DIAGNOSIS;SEGMENTATION_OR_LOCALIZATION;MEASUREMENT_OR_QUANTIFICATION,CODED,false,NONE
K230084:user,K230084,user,OTHER_CLINICIAN,OTHER_CLINICIAN,CODED,false,NONE
K230084:setting,K230084,setting,DIAGNOSTIC_INTERPRETATION;OUTPATIENT;OTHER,DIAGNOSTIC_INTERPRETATION;OUTPATIENT;OTHER,CODED,false,NONE
K230084:action,K230084,action,INTERPRETATION_OR_DIAGNOSIS,INTERPRETATION_OR_DIAGNOSIS,CODED,false,NONE
K230084:component_status,K230084,component_status,SINGLE,SINGLE,CODED,false,NONE
K230085:input,K230085,input,MEDICAL_IMAGE,MEDICAL_IMAGE,CODED,false,NONE
K230085:output,K230085,output,DETECTION_OR_ALERT;SEGMENTATION_OR_LOCALIZATION,DETECTION_OR_ALERT;SEGMENTATION_OR_LOCALIZATION,CODED,false,NONE
K230085:user,K230085,user,OTHER_PHYSICIAN,OTHER_PHYSICIAN,CODED,false,NONE
K230085:setting,K230085,setting,DIAGNOSTIC_INTERPRETATION,DIAGNOSTIC_INTERPRETATION,CODED,false,NONE
K230085:action,K230085,action,INTERPRETATION_OR_DIAGNOSIS,INTERPRETATION_OR_DIAGNOSIS,CODED,false,NONE
K230085:component_status,K230085,component_status,SINGLE,SINGLE,CODED,false,NONE
K230096:input,K230096,input,MEDICAL_IMAGE,MEDICAL_IMAGE,CODED,false,NONE
K230096:output,K230096,output,DETECTION_OR_ALERT;SEGMENTATION_OR_LOCALIZATION;CLASSIFICATION_OR_DIAGNOSIS;OTHER,DETECTION_OR_ALERT;SEGMENTATION_OR_LOCALIZATION;CLASSIFICATION_OR_DIAGNOSIS;OTHER,CODED,false,NONE
K230096:user,K230096,user,RADIOLOGIST;OTHER_PHYSICIAN,RADIOLOGIST;OTHER_PHYSICIAN,CODED,false,NONE
K230096:setting,K230096,setting,SCREENING;DIAGNOSTIC_INTERPRETATION,SCREENING;DIAGNOSTIC_INTERPRETATION,CODED,false,NONE
K230096:action,K230096,action,INTERPRETATION_OR_DIAGNOSIS,INTERPRETATION_OR_DIAGNOSIS,CODED,false,NONE
K230096:component_status,K230096,component_status,SINGLE,SINGLE,CODED,false,NONE
K230112:input,K230112,input,MEDICAL_IMAGE,MEDICAL_IMAGE,CODED,false,NONE
K230112:output,K230112,output,SEGMENTATION_OR_LOCALIZATION;MEASUREMENT_OR_QUANTIFICATION;RISK_SCORE_OR_PREDICTION;DOCUMENTATION_OR_SUMMARY,SEGMENTATION_OR_LOCALIZATION;MEASUREMENT_OR_QUANTIFICATION;RISK_SCORE_OR_PREDICTION;DOCUMENTATION_OR_SUMMARY,CODED,false,NONE
K230112:user,K230112,user,OTHER_PHYSICIAN,OTHER_PHYSICIAN,CODED,false,NONE
K230112:setting,K230112,setting,DIAGNOSTIC_INTERPRETATION;INPATIENT;OUTPATIENT;SCREENING,DIAGNOSTIC_INTERPRETATION;INPATIENT;OUTPATIENT;SCREENING,CODED,false,NONE
K230112:action,K230112,action,INTERPRETATION_OR_DIAGNOSIS,INTERPRETATION_OR_DIAGNOSIS,CODED,false,NONE
K230112:component_status,K230112,component_status,SINGLE,SINGLE,CODED,false,NONE
K230144:input,K230144,input,MEDICAL_IMAGE,MEDICAL_IMAGE,CODED,false,NONE
K230144:output,K230144,output,DETECTION_OR_ALERT;SEGMENTATION_OR_LOCALIZATION;MEASUREMENT_OR_QUANTIFICATION,DETECTION_OR_ALERT;SEGMENTATION_OR_LOCALIZATION;MEASUREMENT_OR_QUANTIFICATION,CODED,false,NONE
K230144:user,K230144,user,OTHER_CLINICIAN,OTHER_CLINICIAN,CODED,false,NONE
K230144:setting,K230144,setting,DIAGNOSTIC_INTERPRETATION,DIAGNOSTIC_INTERPRETATION,CODED,false,NONE
K230144:action,K230144,action,INTERPRETATION_OR_DIAGNOSIS,INTERPRETATION_OR_DIAGNOSIS,CODED,false,NONE
K230144:component_status,K230144,component_status,MULTIPLE,MULTIPLE,CODED,false,NONE
K230150:input,K230150,input,MEDICAL_IMAGE,MEDICAL_IMAGE,CODED,false,NONE
K230150:output,K230150,output,SEGMENTATION_OR_LOCALIZATION;RECONSTRUCTION_OR_ENHANCEMENT,SEGMENTATION_OR_LOCALIZATION;RECONSTRUCTION_OR_ENHANCEMENT,CODED,false,NONE
K230150:user,K230150,user,OTHER_CLINICIAN,OTHER_CLINICIAN,CODED,false,NONE
K230150:setting,K230150,setting,PROCEDURAL_OR_OPERATING_ROOM,PROCEDURAL_OR_OPERATING_ROOM,CODED,false,NONE
K230150:action,K230150,action,TREATMENT_OR_PROCEDURE_PLANNING,TREATMENT_OR_PROCEDURE_PLANNING,CODED,false,NONE
K230150:component_status,K230150,component_status,SINGLE,SINGLE,CODED,false,NONE
K230179:input,K230179,input,MEDICAL_IMAGE,MEDICAL_IMAGE,CODED,false,NONE
K230179:output,K230179,output,SEGMENTATION_OR_LOCALIZATION;MEASUREMENT_OR_QUANTIFICATION;CLASSIFICATION_OR_DIAGNOSIS,SEGMENTATION_OR_LOCALIZATION;MEASUREMENT_OR_QUANTIFICATION;CLASSIFICATION_OR_DIAGNOSIS,CODED,false,NONE
K230179:user,K230179,user,OTHER_CLINICIAN,OTHER_CLINICIAN,CODED,false,NONE
K230179:setting,K230179,setting,DIAGNOSTIC_INTERPRETATION;PROCEDURAL_OR_OPERATING_ROOM;OTHER,DIAGNOSTIC_INTERPRETATION;PROCEDURAL_OR_OPERATING_ROOM;OTHER,CODED,false,NONE
K230179:action,K230179,action,INTERPRETATION_OR_DIAGNOSIS,INTERPRETATION_OR_DIAGNOSIS,CODED,false,NONE
K230179:component_status,K230179,component_status,MULTIPLE,MULTIPLE,CODED,false,NONE
K230197:input,K230197,input,MEDICAL_IMAGE,MEDICAL_IMAGE,CODED,false,NONE
K230197:output,K230197,output,RECONSTRUCTION_OR_ENHANCEMENT,RECONSTRUCTION_OR_ENHANCEMENT,CODED,false,NONE
K230197:user,K230197,user,RADIOLOGIST;OTHER_PHYSICIAN,RADIOLOGIST;OTHER_PHYSICIAN,CODED,false,NONE
K230197:setting,K230197,setting,DIAGNOSTIC_INTERPRETATION;OUTPATIENT;OTHER,DIAGNOSTIC_INTERPRETATION;OUTPATIENT;OTHER,CODED,false,NONE
K230197:action,K230197,action,INTERPRETATION_OR_DIAGNOSIS,INTERPRETATION_OR_DIAGNOSIS,CODED,false,NONE
K230197:component_status,K230197,component_status,SINGLE,SINGLE,CODED,false,NONE
K230208:input,K230208,input,MEDICAL_IMAGE,MEDICAL_IMAGE,CODED,false,NONE
K230208:output,K230208,output,RECONSTRUCTION_OR_ENHANCEMENT,RECONSTRUCTION_OR_ENHANCEMENT,CODED,false,NONE
K230208:user,K230208,user,OTHER_PHYSICIAN,OTHER_PHYSICIAN,CODED,false,NONE
K230208:setting,K230208,setting,DIAGNOSTIC_INTERPRETATION;ACUTE_TRIAGE_OR_EMERGENCY;INPATIENT;OTHER,DIAGNOSTIC_INTERPRETATION;ACUTE_TRIAGE_OR_EMERGENCY;INPATIENT;OTHER,CODED,false,NONE
K230208:action,K230208,action,INTERPRETATION_OR_DIAGNOSIS,INTERPRETATION_OR_DIAGNOSIS,CODED,false,NONE
K230208:component_status,K230208,component_status,SINGLE,SINGLE,CODED,false,NONE
K230209:input,K230209,input,MEDICAL_IMAGE;AUDIO_OR_VIDEO,MEDICAL_IMAGE;AUDIO_OR_VIDEO,CODED,false,NONE
K230209:output,K230209,output,CLASSIFICATION_OR_DIAGNOSIS;SEGMENTATION_OR_LOCALIZATION;MEASUREMENT_OR_QUANTIFICATION;DOCUMENTATION_OR_SUMMARY,CLASSIFICATION_OR_DIAGNOSIS;SEGMENTATION_OR_LOCALIZATION;MEASUREMENT_OR_QUANTIFICATION;DOCUMENTATION_OR_SUMMARY,CODED,false,NONE
K230209:user,K230209,user,OTHER_PHYSICIAN,OTHER_PHYSICIAN,CODED,false,NONE
K230209:setting,K230209,setting,DIAGNOSTIC_INTERPRETATION;OUTPATIENT;OTHER,DIAGNOSTIC_INTERPRETATION;OUTPATIENT;OTHER,CODED,false,NONE
K230209:action,K230209,action,INTERPRETATION_OR_DIAGNOSIS;WORKFLOW_OR_DOCUMENTATION,INTERPRETATION_OR_DIAGNOSIS;WORKFLOW_OR_DOCUMENTATION,CODED,false,NONE
K230209:component_status,K230209,component_status,SINGLE,SINGLE,CODED,false,NONE
K230220:input,K230220,input,MEDICAL_IMAGE,MEDICAL_IMAGE,CODED,false,NONE
K230220:output,K230220,output,RECONSTRUCTION_OR_ENHANCEMENT;RECOMMENDATION_OR_PLANNING,RECONSTRUCTION_OR_ENHANCEMENT;RECOMMENDATION_OR_PLANNING,CODED,false,NONE
K230220:user,K230220,user,NOT_STATED,NOT_STATED,NOT_STATED,true,FIELD_NOT_STATED
K230220:setting,K230220,setting,OTHER,OTHER,CODED,false,NONE
K230220:action,K230220,action,WORKFLOW_OR_DOCUMENTATION;OTHER,WORKFLOW_OR_DOCUMENTATION;OTHER,CODED,false,NONE
K230220:component_status,K230220,component_status,MULTIPLE,MULTIPLE,CODED,false,NONE
K230223:input,K230223,input,MEDICAL_IMAGE,MEDICAL_IMAGE,CODED,false,NONE
K230223:output,K230223,output,SEGMENTATION_OR_LOCALIZATION;MEASUREMENT_OR_QUANTIFICATION;CLASSIFICATION_OR_DIAGNOSIS;DOCUMENTATION_OR_SUMMARY,SEGMENTATION_OR_LOCALIZATION;MEASUREMENT_OR_QUANTIFICATION;CLASSIFICATION_OR_DIAGNOSIS;DOCUMENTATION_OR_SUMMARY,CODED,false,NONE
K230223:user,K230223,user,RADIOLOGIST;OTHER_PHYSICIAN,RADIOLOGIST;OTHER_PHYSICIAN,CODED,false,NONE
K230223:setting,K230223,setting,SCREENING;DIAGNOSTIC_INTERPRETATION,SCREENING;DIAGNOSTIC_INTERPRETATION,CODED,false,NONE
K230223:action,K230223,action,INTERPRETATION_OR_DIAGNOSIS,INTERPRETATION_OR_DIAGNOSIS,CODED,false,NONE
K230223:component_status,K230223,component_status,SINGLE,SINGLE,CODED,false,NONE
K230252:input,K230252,input,MEDICAL_IMAGE,MEDICAL_IMAGE,CODED,false,NONE
K230252:output,K230252,output,MEASUREMENT_OR_QUANTIFICATION;RECOMMENDATION_OR_PLANNING,MEASUREMENT_OR_QUANTIFICATION;RECOMMENDATION_OR_PLANNING,CODED,false,NONE
K230252:user,K230252,user,OTHER_CLINICIAN,OTHER_CLINICIAN,CODED,false,NONE
K230252:setting,K230252,setting,PROCEDURAL_OR_OPERATING_ROOM,PROCEDURAL_OR_OPERATING_ROOM,CODED,false,NONE
K230252:action,K230252,action,TREATMENT_OR_PROCEDURE_PLANNING,TREATMENT_OR_PROCEDURE_PLANNING,CODED,false,NONE
K230252:component_status,K230252,component_status,SINGLE,SINGLE,CODED,false,NONE
K230264:input,K230264,input,MEDICAL_IMAGE,MEDICAL_IMAGE,CODED,false,NONE
K230264:output,K230264,output,RECONSTRUCTION_OR_ENHANCEMENT,RECONSTRUCTION_OR_ENHANCEMENT,CODED,false,NONE
K230264:user,K230264,user,RADIOLOGIST,RADIOLOGIST,CODED,false,NONE
K230264:setting,K230264,setting,DIAGNOSTIC_INTERPRETATION;OUTPATIENT;OTHER,DIAGNOSTIC_INTERPRETATION;OUTPATIENT;OTHER,CODED,false,NONE
K230264:action,K230264,action,INTERPRETATION_OR_DIAGNOSIS,INTERPRETATION_OR_DIAGNOSIS,CODED,false,NONE
K230264:component_status,K230264,component_status,SINGLE,SINGLE,CODED,false,NONE
K230273:input,K230273,input,PHYSIOLOGICAL_SIGNAL,PHYSIOLOGICAL_SIGNAL,CODED,false,NONE
K230273:output,K230273,output,DETECTION_OR_ALERT,DETECTION_OR_ALERT,CODED,false,NONE
K230273:user,K230273,user,OTHER_PHYSICIAN,OTHER_PHYSICIAN,CODED,false,NONE
K230273:setting,K230273,setting,PROCEDURAL_OR_OPERATING_ROOM;MONITORING,PROCEDURAL_OR_OPERATING_ROOM;MONITORING,CODED,false,NONE
K230273:action,K230273,action,MONITORING_OR_FOLLOW_UP,MONITORING_OR_FOLLOW_UP,CODED,false,NONE
K230273:component_status,K230273,component_status,SINGLE,SINGLE,CODED,false,NONE
K230292:input,K230292,input,PHYSIOLOGICAL_SIGNAL,PHYSIOLOGICAL_SIGNAL,CODED,false,NONE
K230292:output,K230292,output,DETECTION_OR_ALERT;CLASSIFICATION_OR_DIAGNOSIS;MEASUREMENT_OR_QUANTIFICATION;DOCUMENTATION_OR_SUMMARY,DETECTION_OR_ALERT;CLASSIFICATION_OR_DIAGNOSIS;MEASUREMENT_OR_QUANTIFICATION;DOCUMENTATION_OR_SUMMARY,CODED,false,NONE
K230292:user,K230292,user,PATIENT_OR_CAREGIVER;OTHER_CLINICIAN,PATIENT_OR_CAREGIVER;OTHER_CLINICIAN,CODED,false,NONE
K230292:setting,K230292,setting,HOME_OR_CONSUMER;MONITORING,HOME_OR_CONSUMER;MONITORING,CODED,false,NONE
K230292:action,K230292,action,MONITORING_OR_FOLLOW_UP;PATIENT_SELF_MANAGEMENT;REFERRAL_OR_ESCALATION,MONITORING_OR_FOLLOW_UP;PATIENT_SELF_MANAGEMENT;REFERRAL_OR_ESCALATION,CODED,false,NONE
K230292:component_status,K230292,component_status,MULTIPLE,MULTIPLE,CODED,false,NONE
K230337:input,K230337,input,PHYSIOLOGICAL_SIGNAL,PHYSIOLOGICAL_SIGNAL,CODED,false,NONE
K230337:output,K230337,output,CLASSIFICATION_OR_DIAGNOSIS;MEASUREMENT_OR_QUANTIFICATION,CLASSIFICATION_OR_DIAGNOSIS;MEASUREMENT_OR_QUANTIFICATION,CODED,false,NONE
K230337:user,K230337,user,OTHER_CLINICIAN,OTHER_CLINICIAN,CODED,false,NONE
K230337:setting,K230337,setting,DIAGNOSTIC_INTERPRETATION;OTHER,DIAGNOSTIC_INTERPRETATION;OTHER,CODED,false,NONE
K230337:action,K230337,action,INTERPRETATION_OR_DIAGNOSIS,INTERPRETATION_OR_DIAGNOSIS,CODED,false,NONE
K230337:component_status,K230337,component_status,SINGLE,SINGLE,CODED,false,NONE
K230346:input,K230346,input,MEDICAL_IMAGE,MEDICAL_IMAGE,CODED,false,NONE
K230346:output,K230346,output,SEGMENTATION_OR_LOCALIZATION;MEASUREMENT_OR_QUANTIFICATION,SEGMENTATION_OR_LOCALIZATION;MEASUREMENT_OR_QUANTIFICATION,CODED,false,NONE
K230346:user,K230346,user,OTHER_CLINICIAN,OTHER_CLINICIAN,CODED,false,NONE
K230346:setting,K230346,setting,DIAGNOSTIC_INTERPRETATION;OUTPATIENT;OTHER,DIAGNOSTIC_INTERPRETATION;OUTPATIENT;OTHER,CODED,false,NONE
K230346:action,K230346,action,INTERPRETATION_OR_DIAGNOSIS;WORKFLOW_OR_DOCUMENTATION,INTERPRETATION_OR_DIAGNOSIS;WORKFLOW_OR_DOCUMENTATION,CODED,false,NONE
K230346:component_status,K230346,component_status,SINGLE,SINGLE,CODED,false,NONE
K230355:input,K230355,input,MEDICAL_IMAGE,MEDICAL_IMAGE,CODED,false,NONE
K230355:output,K230355,output,RECONSTRUCTION_OR_ENHANCEMENT;RECOMMENDATION_OR_PLANNING,RECONSTRUCTION_OR_ENHANCEMENT;RECOMMENDATION_OR_PLANNING,CODED,false,NONE
K230355:user,K230355,user,OTHER_PHYSICIAN;TECHNOLOGIST_OR_OPERATOR,OTHER_PHYSICIAN;TECHNOLOGIST_OR_OPERATOR,CODED,false,NONE
K230355:setting,K230355,setting,DIAGNOSTIC_INTERPRETATION,DIAGNOSTIC_INTERPRETATION,CODED,false,NONE
K230355:action,K230355,action,INTERPRETATION_OR_DIAGNOSIS;WORKFLOW_OR_DOCUMENTATION,INTERPRETATION_OR_DIAGNOSIS;WORKFLOW_OR_DOCUMENTATION,CODED,false,NONE
K230355:component_status,K230355,component_status,MULTIPLE,MULTIPLE,CODED,false,NONE
K230365:input,K230365,input,MEDICAL_IMAGE;AUDIO_OR_VIDEO,MEDICAL_IMAGE;AUDIO_OR_VIDEO,CODED,false,NONE
K230365:output,K230365,output,CLASSIFICATION_OR_DIAGNOSIS;DETECTION_OR_ALERT,CLASSIFICATION_OR_DIAGNOSIS;DETECTION_OR_ALERT,CODED,false,NONE
K230365:user,K230365,user,OTHER_PHYSICIAN;TECHNOLOGIST_OR_OPERATOR,OTHER_PHYSICIAN;TECHNOLOGIST_OR_OPERATOR,CODED,false,NONE
K230365:setting,K230365,setting,DIAGNOSTIC_INTERPRETATION,DIAGNOSTIC_INTERPRETATION,CODED,false,NONE
K230365:action,K230365,action,WORKFLOW_OR_DOCUMENTATION;INTERPRETATION_OR_DIAGNOSIS,WORKFLOW_OR_DOCUMENTATION;INTERPRETATION_OR_DIAGNOSIS,CODED,false,NONE
K230365:component_status,K230365,component_status,SINGLE,SINGLE,CODED,false,NONE
K230370:input,K230370,input,MEDICAL_IMAGE,MEDICAL_IMAGE,CODED,false,NONE
K230370:output,K230370,output,RECONSTRUCTION_OR_ENHANCEMENT,RECONSTRUCTION_OR_ENHANCEMENT,CODED,false,NONE
K230370:user,K230370,user,NOT_STATED,NOT_STATED,NOT_STATED,true,FIELD_NOT_STATED
K230370:setting,K230370,setting,DIAGNOSTIC_INTERPRETATION;PROCEDURAL_OR_OPERATING_ROOM,DIAGNOSTIC_INTERPRETATION;PROCEDURAL_OR_OPERATING_ROOM,CODED,false,NONE
K230370:action,K230370,action,INTERPRETATION_OR_DIAGNOSIS;TREATMENT_OR_PROCEDURE_PLANNING,INTERPRETATION_OR_DIAGNOSIS;TREATMENT_OR_PROCEDURE_PLANNING,CODED,false,NONE
K230370:component_status,K230370,component_status,SINGLE,SINGLE,CODED,false,NONE
K230497:input,K230497,input,MEDICAL_IMAGE,MEDICAL_IMAGE,CODED,false,NONE
K230497:output,K230497,output,SEGMENTATION_OR_LOCALIZATION;MEASUREMENT_OR_QUANTIFICATION;DOCUMENTATION_OR_SUMMARY,SEGMENTATION_OR_LOCALIZATION;MEASUREMENT_OR_QUANTIFICATION;DOCUMENTATION_OR_SUMMARY,CODED,false,NONE
K230497:user,K230497,user,OTHER_CLINICIAN,OTHER_CLINICIAN,CODED,false,NONE
K230497:setting,K230497,setting,DIAGNOSTIC_INTERPRETATION,DIAGNOSTIC_INTERPRETATION,CODED,false,NONE
K230497:action,K230497,action,INTERPRETATION_OR_DIAGNOSIS;WORKFLOW_OR_DOCUMENTATION,INTERPRETATION_OR_DIAGNOSIS;WORKFLOW_OR_DOCUMENTATION,CODED,false,NONE
K230497:component_status,K230497,component_status,SINGLE,SINGLE,CODED,false,NONE
K230534:input,K230534,input,MEDICAL_IMAGE,MEDICAL_IMAGE,CODED,false,NONE
K230534:output,K230534,output,MEASUREMENT_OR_QUANTIFICATION;SEGMENTATION_OR_LOCALIZATION,MEASUREMENT_OR_QUANTIFICATION;SEGMENTATION_OR_LOCALIZATION,CODED,false,NONE
K230534:user,K230534,user,RADIOLOGIST;OTHER_CLINICIAN,RADIOLOGIST;OTHER_CLINICIAN,CODED,false,NONE
K230534:setting,K230534,setting,DIAGNOSTIC_INTERPRETATION,DIAGNOSTIC_INTERPRETATION,CODED,false,NONE
K230534:action,K230534,action,INTERPRETATION_OR_DIAGNOSIS,INTERPRETATION_OR_DIAGNOSIS,CODED,false,NONE
K230534:component_status,K230534,component_status,SINGLE,SINGLE,CODED,false,NONE
K230552:input,K230552,input,MEDICAL_IMAGE,MEDICAL_IMAGE,CODED,false,NONE
K230552:output,K230552,output,MEASUREMENT_OR_QUANTIFICATION;RECONSTRUCTION_OR_ENHANCEMENT,MEASUREMENT_OR_QUANTIFICATION;RECONSTRUCTION_OR_ENHANCEMENT,CODED,false,NONE
K230552:user,K230552,user,OTHER_PHYSICIAN;TECHNOLOGIST_OR_OPERATOR,OTHER_PHYSICIAN;TECHNOLOGIST_OR_OPERATOR,CODED,false,NONE
K230552:setting,K230552,setting,DIAGNOSTIC_INTERPRETATION;OTHER,DIAGNOSTIC_INTERPRETATION;OTHER,CODED,false,NONE
K230552:action,K230552,action,INTERPRETATION_OR_DIAGNOSIS,INTERPRETATION_OR_DIAGNOSIS,CODED,false,NONE
K230552:component_status,K230552,component_status,SINGLE,SINGLE,CODED,false,NONE
K230553:input,K230553,input,PHYSIOLOGICAL_SIGNAL,PHYSIOLOGICAL_SIGNAL,CODED,false,NONE
K230553:output,K230553,output,DETECTION_OR_ALERT;CLASSIFICATION_OR_DIAGNOSIS;DOCUMENTATION_OR_SUMMARY,DETECTION_OR_ALERT;CLASSIFICATION_OR_DIAGNOSIS;DOCUMENTATION_OR_SUMMARY,CODED,false,NONE
K230553:user,K230553,user,NOT_STATED,NOT_STATED,NOT_STATED,true,FIELD_NOT_STATED
K230553:setting,K230553,setting,MONITORING,MONITORING,CODED,false,NONE
K230553:action,K230553,action,MONITORING_OR_FOLLOW_UP,MONITORING_OR_FOLLOW_UP,CODED,false,NONE
K230553:component_status,K230553,component_status,SINGLE,SINGLE,CODED,false,NONE
K230575:input,K230575,input,MEDICAL_IMAGE,MEDICAL_IMAGE,CODED,false,NONE
K230575:output,K230575,output,SEGMENTATION_OR_LOCALIZATION,SEGMENTATION_OR_LOCALIZATION,CODED,false,NONE
K230575:user,K230575,user,OTHER_PHYSICIAN;OTHER_CLINICIAN,OTHER_PHYSICIAN;OTHER_CLINICIAN,CODED,false,NONE
K230575:setting,K230575,setting,PROCEDURAL_OR_OPERATING_ROOM;MONITORING,PROCEDURAL_OR_OPERATING_ROOM;MONITORING,CODED,false,NONE
K230575:action,K230575,action,TREATMENT_OR_PROCEDURE_PLANNING;MONITORING_OR_FOLLOW_UP,TREATMENT_OR_PROCEDURE_PLANNING;MONITORING_OR_FOLLOW_UP,CODED,false,NONE
K230575:component_status,K230575,component_status,SINGLE,SINGLE,CODED,false,NONE
K230658:input,K230658,input,AUDIO_OR_VIDEO,AUDIO_OR_VIDEO,CODED,false,NONE
K230658:output,K230658,output,DETECTION_OR_ALERT;SEGMENTATION_OR_LOCALIZATION,DETECTION_OR_ALERT;SEGMENTATION_OR_LOCALIZATION,CODED,false,NONE
K230658:user,K230658,user,OTHER_PHYSICIAN,OTHER_PHYSICIAN,CODED,false,NONE
K230658:setting,K230658,setting,SCREENING;MONITORING;PROCEDURAL_OR_OPERATING_ROOM,SCREENING;MONITORING;PROCEDURAL_OR_OPERATING_ROOM,CODED,false,NONE
K230658:action,K230658,action,INTERPRETATION_OR_DIAGNOSIS,INTERPRETATION_OR_DIAGNOSIS,CODED,false,NONE
K230658:component_status,K230658,component_status,SINGLE,SINGLE,CODED,false,NONE
K230685:input,K230685,input,MEDICAL_IMAGE,MEDICAL_IMAGE,CODED,false,NONE
K230685:output,K230685,output,SEGMENTATION_OR_LOCALIZATION,SEGMENTATION_OR_LOCALIZATION,CODED,false,NONE
K230685:user,K230685,user,OTHER_CLINICIAN,OTHER_CLINICIAN,CODED,false,NONE
K230685:setting,K230685,setting,PROCEDURAL_OR_OPERATING_ROOM,PROCEDURAL_OR_OPERATING_ROOM,CODED,false,NONE
K230685:action,K230685,action,TREATMENT_OR_PROCEDURE_PLANNING,TREATMENT_OR_PROCEDURE_PLANNING,CODED,false,NONE
K230685:component_status,K230685,component_status,SINGLE,SINGLE,CODED,false,NONE
K230751:input,K230751,input,AUDIO_OR_VIDEO,AUDIO_OR_VIDEO,CODED,false,NONE
K230751:output,K230751,output,DETECTION_OR_ALERT,DETECTION_OR_ALERT,CODED,false,NONE
K230751:user,K230751,user,OTHER_PHYSICIAN,OTHER_PHYSICIAN,CODED,false,NONE
K230751:setting,K230751,setting,SCREENING;MONITORING;PROCEDURAL_OR_OPERATING_ROOM,SCREENING;MONITORING;PROCEDURAL_OR_OPERATING_ROOM,CODED,false,NONE
K230751:action,K230751,action,INTERPRETATION_OR_DIAGNOSIS,INTERPRETATION_OR_DIAGNOSIS,CODED,false,NONE
K230751:component_status,K230751,component_status,SINGLE,SINGLE,CODED,false,NONE
K230772:input,K230772,input,MEDICAL_IMAGE,MEDICAL_IMAGE,CODED,false,NONE
K230772:output,K230772,output,SEGMENTATION_OR_LOCALIZATION;MEASUREMENT_OR_QUANTIFICATION;DOCUMENTATION_OR_SUMMARY;RECONSTRUCTION_OR_ENHANCEMENT,SEGMENTATION_OR_LOCALIZATION;MEASUREMENT_OR_QUANTIFICATION;DOCUMENTATION_OR_SUMMARY;RECONSTRUCTION_OR_ENHANCEMENT,CODED,false,NONE
K230772:user,K230772,user,OTHER_CLINICIAN,OTHER_CLINICIAN,CODED,false,NONE
K230772:setting,K230772,setting,DIAGNOSTIC_INTERPRETATION,DIAGNOSTIC_INTERPRETATION,CODED,false,NONE
K230772:action,K230772,action,INTERPRETATION_OR_DIAGNOSIS,INTERPRETATION_OR_DIAGNOSIS,CODED,false,NONE
K230772:component_status,K230772,component_status,SINGLE,SINGLE,CODED,false,NONE
K230807:input,K230807,input,MEDICAL_IMAGE,MEDICAL_IMAGE,CODED,false,NONE
K230807:output,K230807,output,RECONSTRUCTION_OR_ENHANCEMENT,RECONSTRUCTION_OR_ENHANCEMENT,CODED,false,NONE
K230807:user,K230807,user,NOT_STATED,NOT_STATED,NOT_STATED,true,FIELD_NOT_STATED
K230807:setting,K230807,setting,OTHER,OTHER,CODED,false,NONE
K230807:action,K230807,action,WORKFLOW_OR_DOCUMENTATION;OTHER,WORKFLOW_OR_DOCUMENTATION;OTHER,CODED,false,NONE
K230807:component_status,K230807,component_status,SINGLE,SINGLE,CODED,false,NONE
K230812:input,K230812,input,PHYSIOLOGICAL_SIGNAL,PHYSIOLOGICAL_SIGNAL,CODED,false,NONE
K230812:output,K230812,output,CLASSIFICATION_OR_DIAGNOSIS;MEASUREMENT_OR_QUANTIFICATION;DOCUMENTATION_OR_SUMMARY,CLASSIFICATION_OR_DIAGNOSIS;MEASUREMENT_OR_QUANTIFICATION;DOCUMENTATION_OR_SUMMARY,CODED,false,NONE
K230812:user,K230812,user,OTHER_CLINICIAN;PATIENT_OR_CAREGIVER,OTHER_CLINICIAN;PATIENT_OR_CAREGIVER,CODED,false,NONE
K230812:setting,K230812,setting,MONITORING;OUTPATIENT;HOME_OR_CONSUMER;OTHER,MONITORING;OUTPATIENT;HOME_OR_CONSUMER;OTHER,CODED,false,NONE
K230812:action,K230812,action,MONITORING_OR_FOLLOW_UP;PATIENT_SELF_MANAGEMENT,MONITORING_OR_FOLLOW_UP;PATIENT_SELF_MANAGEMENT,CODED,false,NONE
K230812:component_status,K230812,component_status,SINGLE,SINGLE,CODED,false,NONE
K230823:input,K230823,input,AUDIO_OR_VIDEO,AUDIO_OR_VIDEO,CODED,false,NONE
K230823:output,K230823,output,CLASSIFICATION_OR_DIAGNOSIS;DETECTION_OR_ALERT,CLASSIFICATION_OR_DIAGNOSIS;DETECTION_OR_ALERT,CODED,false,NONE
K230823:user,K230823,user,OTHER_CLINICIAN;OTHER_PHYSICIAN,OTHER_CLINICIAN;OTHER_PHYSICIAN,CODED,false,NONE
K230823:setting,K230823,setting,DIAGNOSTIC_INTERPRETATION;OTHER,DIAGNOSTIC_INTERPRETATION;OTHER,CODED,false,NONE
K230823:action,K230823,action,INTERPRETATION_OR_DIAGNOSIS,INTERPRETATION_OR_DIAGNOSIS,CODED,false,NONE
K230823:component_status,K230823,component_status,SINGLE,SINGLE,CODED,false,NONE
K230842:input,K230842,input,PHYSIOLOGICAL_SIGNAL;CLINICAL_TABULAR_OR_TEXT;MULTIMODAL,PHYSIOLOGICAL_SIGNAL;CLINICAL_TABULAR_OR_TEXT;MULTIMODAL,CODED,false,NONE
K230842:output,K230842,output,RISK_SCORE_OR_PREDICTION;DETECTION_OR_ALERT,RISK_SCORE_OR_PREDICTION;DETECTION_OR_ALERT,CODED,false,NONE
K230842:user,K230842,user,OTHER_CLINICIAN,OTHER_CLINICIAN,CODED,false,NONE
K230842:setting,K230842,setting,MONITORING,MONITORING,CODED,false,NONE
K230842:action,K230842,action,MONITORING_OR_FOLLOW_UP;OTHER,MONITORING_OR_FOLLOW_UP;OTHER,CODED,false,NONE
K230842:component_status,K230842,component_status,SINGLE,SINGLE,CODED,false,NONE
K230850:input,K230850,input,MEDICAL_IMAGE,MEDICAL_IMAGE,CODED,false,NONE
K230850:output,K230850,output,SEGMENTATION_OR_LOCALIZATION;RECOMMENDATION_OR_PLANNING,SEGMENTATION_OR_LOCALIZATION;RECOMMENDATION_OR_PLANNING,CODED,false,NONE
K230850:user,K230850,user,OTHER_PHYSICIAN,OTHER_PHYSICIAN,CODED,false,NONE
K230850:setting,K230850,setting,PROCEDURAL_OR_OPERATING_ROOM,PROCEDURAL_OR_OPERATING_ROOM,CODED,false,NONE
K230850:action,K230850,action,TREATMENT_OR_PROCEDURE_PLANNING,TREATMENT_OR_PROCEDURE_PLANNING,CODED,false,NONE
K230850:component_status,K230850,component_status,UNCERTAIN,UNCERTAIN,UNCERTAIN,true,FUNCTION_GROUP_UNRESOLVED
K230854:input,K230854,input,MEDICAL_IMAGE,MEDICAL_IMAGE,CODED,false,NONE
K230854:output,K230854,output,RECONSTRUCTION_OR_ENHANCEMENT,RECONSTRUCTION_OR_ENHANCEMENT,CODED,false,NONE
K230854:user,K230854,user,TECHNOLOGIST_OR_OPERATOR,TECHNOLOGIST_OR_OPERATOR,CODED,false,NONE
K230854:setting,K230854,setting,OUTPATIENT;OTHER,OUTPATIENT;OTHER,CODED,false,NONE
K230854:action,K230854,action,WORKFLOW_OR_DOCUMENTATION;OTHER,WORKFLOW_OR_DOCUMENTATION;OTHER,CODED,false,NONE
K230854:component_status,K230854,component_status,SINGLE,SINGLE,CODED,false,NONE
K230899:input,K230899,input,MEDICAL_IMAGE,MEDICAL_IMAGE,CODED,false,NONE
K230899:output,K230899,output,DETECTION_OR_ALERT,DETECTION_OR_ALERT,CODED,false,NONE
K230899:user,K230899,user,RADIOLOGIST;OTHER_CLINICIAN,RADIOLOGIST;OTHER_CLINICIAN,CODED,false,NONE
K230899:setting,K230899,setting,DIAGNOSTIC_INTERPRETATION,DIAGNOSTIC_INTERPRETATION,CODED,false,NONE
K230899:action,K230899,action,TRIAGE_OR_PRIORITIZATION,TRIAGE_OR_PRIORITIZATION,CODED,false,NONE
K230899:component_status,K230899,component_status,SINGLE,SINGLE,CODED,false,NONE
K230913:input,K230913,input,MEDICAL_IMAGE,MEDICAL_IMAGE,CODED,false,NONE
K230913:output,K230913,output,MEASUREMENT_OR_QUANTIFICATION;RECONSTRUCTION_OR_ENHANCEMENT;DOCUMENTATION_OR_SUMMARY,MEASUREMENT_OR_QUANTIFICATION;RECONSTRUCTION_OR_ENHANCEMENT;DOCUMENTATION_OR_SUMMARY,CODED,false,NONE
K230913:user,K230913,user,OTHER_PHYSICIAN;RADIOLOGIST,OTHER_PHYSICIAN;RADIOLOGIST,CODED,false,NONE
K230913:setting,K230913,setting,OTHER;MONITORING,OTHER;MONITORING,CODED,false,NONE
K230913:action,K230913,action,OTHER;MONITORING_OR_FOLLOW_UP,OTHER;MONITORING_OR_FOLLOW_UP,CODED,false,NONE
K230913:component_status,K230913,component_status,SINGLE,SINGLE,CODED,false,NONE
K230977:input,K230977,input,MEDICAL_IMAGE,MEDICAL_IMAGE,CODED,false,NONE
K230977:output,K230977,output,SEGMENTATION_OR_LOCALIZATION;RECONSTRUCTION_OR_ENHANCEMENT,SEGMENTATION_OR_LOCALIZATION;RECONSTRUCTION_OR_ENHANCEMENT,CODED,false,NONE
K230977:user,K230977,user,OTHER_PHYSICIAN;RADIOLOGIST,OTHER_PHYSICIAN;RADIOLOGIST,CODED,false,NONE
K230977:setting,K230977,setting,PROCEDURAL_OR_OPERATING_ROOM,PROCEDURAL_OR_OPERATING_ROOM,CODED,false,NONE
K230977:action,K230977,action,TREATMENT_OR_PROCEDURE_PLANNING;THERAPY_DOSE_OR_DEVICE_CONTROL,TREATMENT_OR_PROCEDURE_PLANNING;THERAPY_DOSE_OR_DEVICE_CONTROL,CODED,false,NONE
K230977:component_status,K230977,component_status,MULTIPLE,MULTIPLE,CODED,false,NONE
K231001:input,K231001,input,MEDICAL_IMAGE,MEDICAL_IMAGE,CODED,false,NONE
K231001:output,K231001,output,DETECTION_OR_ALERT;CLASSIFICATION_OR_DIAGNOSIS;SEGMENTATION_OR_LOCALIZATION,DETECTION_OR_ALERT;CLASSIFICATION_OR_DIAGNOSIS;SEGMENTATION_OR_LOCALIZATION,CODED,false,NONE
K231001:user,K231001,user,RADIOLOGIST,RADIOLOGIST,CODED,false,NONE
K231001:setting,K231001,setting,DIAGNOSTIC_INTERPRETATION,DIAGNOSTIC_INTERPRETATION,CODED,false,NONE
K231001:action,K231001,action,INTERPRETATION_OR_DIAGNOSIS,INTERPRETATION_OR_DIAGNOSIS,CODED,false,NONE
K231001:component_status,K231001,component_status,SINGLE,SINGLE,CODED,false,NONE
K231010:input,K231010,input,PHYSIOLOGICAL_SIGNAL,PHYSIOLOGICAL_SIGNAL,CODED,false,NONE
K231010:output,K231010,output,CLASSIFICATION_OR_DIAGNOSIS;MEASUREMENT_OR_QUANTIFICATION,CLASSIFICATION_OR_DIAGNOSIS;MEASUREMENT_OR_QUANTIFICATION,CODED,false,NONE
K231010:user,K231010,user,OTHER_CLINICIAN;OTHER_PHYSICIAN;TECHNOLOGIST_OR_OPERATOR,OTHER_CLINICIAN;OTHER_PHYSICIAN;TECHNOLOGIST_OR_OPERATOR,CODED,false,NONE
K231010:setting,K231010,setting,DIAGNOSTIC_INTERPRETATION;OUTPATIENT;OTHER;ACUTE_TRIAGE_OR_EMERGENCY,DIAGNOSTIC_INTERPRETATION;OUTPATIENT;OTHER;ACUTE_TRIAGE_OR_EMERGENCY,CODED,false,NONE
K231010:action,K231010,action,INTERPRETATION_OR_DIAGNOSIS,INTERPRETATION_OR_DIAGNOSIS,CODED,false,NONE
K231010:component_status,K231010,component_status,SINGLE,SINGLE,CODED,false,NONE
K231025:input,K231025,input,MEDICAL_IMAGE,MEDICAL_IMAGE,CODED,false,NONE
K231025:output,K231025,output,DETECTION_OR_ALERT,DETECTION_OR_ALERT,CODED,false,NONE
K231025:user,K231025,user,RADIOLOGIST;OTHER_CLINICIAN,RADIOLOGIST;OTHER_CLINICIAN,CODED,false,NONE
K231025:setting,K231025,setting,DIAGNOSTIC_INTERPRETATION,DIAGNOSTIC_INTERPRETATION,CODED,false,NONE
K231025:action,K231025,action,TRIAGE_OR_PRIORITIZATION,TRIAGE_OR_PRIORITIZATION,CODED,false,NONE
K231025:component_status,K231025,component_status,SINGLE,SINGLE,CODED,false,NONE
K231038:input,K231038,input,PHYSIOLOGICAL_SIGNAL,PHYSIOLOGICAL_SIGNAL,CODED,false,NONE
K231038:output,K231038,output,RISK_SCORE_OR_PREDICTION;DETECTION_OR_ALERT,RISK_SCORE_OR_PREDICTION;DETECTION_OR_ALERT,CODED,false,NONE
K231038:user,K231038,user,OTHER_CLINICIAN;OTHER_PHYSICIAN,OTHER_CLINICIAN;OTHER_PHYSICIAN,CODED,false,NONE
K231038:setting,K231038,setting,MONITORING;PROCEDURAL_OR_OPERATING_ROOM;OTHER,MONITORING;PROCEDURAL_OR_OPERATING_ROOM;OTHER,CODED,false,NONE
K231038:action,K231038,action,MONITORING_OR_FOLLOW_UP,MONITORING_OR_FOLLOW_UP,CODED,false,NONE
K231038:component_status,K231038,component_status,SINGLE,SINGLE,CODED,false,NONE
K231068:input,K231068,input,PHYSIOLOGICAL_SIGNAL,PHYSIOLOGICAL_SIGNAL,CODED,false,NONE
K231068:output,K231068,output,DETECTION_OR_ALERT;CLASSIFICATION_OR_DIAGNOSIS;OTHER,DETECTION_OR_ALERT;CLASSIFICATION_OR_DIAGNOSIS;OTHER,CODED,false,NONE
K231068:user,K231068,user,OTHER_PHYSICIAN;OTHER_CLINICIAN,OTHER_PHYSICIAN;OTHER_CLINICIAN,CODED,false,NONE
K231068:setting,K231068,setting,DIAGNOSTIC_INTERPRETATION;LABORATORY;OTHER,DIAGNOSTIC_INTERPRETATION;LABORATORY;OTHER,CODED,false,NONE
K231068:action,K231068,action,INTERPRETATION_OR_DIAGNOSIS;WORKFLOW_OR_DOCUMENTATION,INTERPRETATION_OR_DIAGNOSIS;WORKFLOW_OR_DOCUMENTATION,CODED,false,NONE
K231068:component_status,K231068,component_status,SINGLE,SINGLE,CODED,false,NONE
K231094:input,K231094,input,MEDICAL_IMAGE,MEDICAL_IMAGE,CODED,false,NONE
K231094:output,K231094,output,DETECTION_OR_ALERT,DETECTION_OR_ALERT,CODED,false,NONE
K231094:user,K231094,user,OTHER_CLINICIAN,OTHER_CLINICIAN,CODED,false,NONE
K231094:setting,K231094,setting,DIAGNOSTIC_INTERPRETATION;OTHER,DIAGNOSTIC_INTERPRETATION;OTHER,CODED,false,NONE
K231094:action,K231094,action,TRIAGE_OR_PRIORITIZATION,TRIAGE_OR_PRIORITIZATION,CODED,false,NONE
K231094:component_status,K231094,component_status,SINGLE,SINGLE,CODED,false,NONE
K231130:input,K231130,input,MEDICAL_IMAGE,MEDICAL_IMAGE,CODED,false,NONE
K231130:output,K231130,output,SEGMENTATION_OR_LOCALIZATION;MEASUREMENT_OR_QUANTIFICATION;RECONSTRUCTION_OR_ENHANCEMENT,SEGMENTATION_OR_LOCALIZATION;MEASUREMENT_OR_QUANTIFICATION;RECONSTRUCTION_OR_ENHANCEMENT,CODED,false,NONE
K231130:user,K231130,user,OTHER_PHYSICIAN,OTHER_PHYSICIAN,CODED,false,NONE
K231130:setting,K231130,setting,DIAGNOSTIC_INTERPRETATION;PROCEDURAL_OR_OPERATING_ROOM,DIAGNOSTIC_INTERPRETATION;PROCEDURAL_OR_OPERATING_ROOM,CODED,false,NONE
K231130:action,K231130,action,INTERPRETATION_OR_DIAGNOSIS;TREATMENT_OR_PROCEDURE_PLANNING,INTERPRETATION_OR_DIAGNOSIS;TREATMENT_OR_PROCEDURE_PLANNING,CODED,false,NONE
K231130:component_status,K231130,component_status,SINGLE,SINGLE,CODED,false,NONE
K231143:input,K231143,input,AUDIO_OR_VIDEO,AUDIO_OR_VIDEO,CODED,false,NONE
K231143:output,K231143,output,DETECTION_OR_ALERT;SEGMENTATION_OR_LOCALIZATION,DETECTION_OR_ALERT;SEGMENTATION_OR_LOCALIZATION,CODED,false,NONE
K231143:user,K231143,user,OTHER_PHYSICIAN,OTHER_PHYSICIAN,CODED,false,NONE
K231143:setting,K231143,setting,SCREENING;MONITORING;PROCEDURAL_OR_OPERATING_ROOM,SCREENING;MONITORING;PROCEDURAL_OR_OPERATING_ROOM,CODED,false,NONE
K231143:action,K231143,action,INTERPRETATION_OR_DIAGNOSIS,INTERPRETATION_OR_DIAGNOSIS,CODED,false,NONE
K231143:component_status,K231143,component_status,SINGLE,SINGLE,CODED,false,NONE
K231149:input,K231149,input,MEDICAL_IMAGE,MEDICAL_IMAGE,CODED,false,NONE
K231149:output,K231149,output,MEASUREMENT_OR_QUANTIFICATION;SEGMENTATION_OR_LOCALIZATION;DOCUMENTATION_OR_SUMMARY,MEASUREMENT_OR_QUANTIFICATION;SEGMENTATION_OR_LOCALIZATION;DOCUMENTATION_OR_SUMMARY,CODED,false,NONE
K231149:user,K231149,user,OTHER_PHYSICIAN;OTHER_CLINICIAN,OTHER_PHYSICIAN;OTHER_CLINICIAN,CODED,false,NONE
K231149:setting,K231149,setting,DIAGNOSTIC_INTERPRETATION;OUTPATIENT;OTHER,DIAGNOSTIC_INTERPRETATION;OUTPATIENT;OTHER,CODED,false,NONE
K231149:action,K231149,action,INTERPRETATION_OR_DIAGNOSIS,INTERPRETATION_OR_DIAGNOSIS,CODED,false,NONE
K231149:component_status,K231149,component_status,SINGLE,SINGLE,CODED,false,NONE
K231157:input,K231157,input,MEDICAL_IMAGE,MEDICAL_IMAGE,CODED,false,NONE
K231157:output,K231157,output,DETECTION_OR_ALERT;SEGMENTATION_OR_LOCALIZATION,DETECTION_OR_ALERT;SEGMENTATION_OR_LOCALIZATION,CODED,false,NONE
K231157:user,K231157,user,RADIOLOGIST,RADIOLOGIST,CODED,false,NONE
K231157:setting,K231157,setting,DIAGNOSTIC_INTERPRETATION,DIAGNOSTIC_INTERPRETATION,CODED,false,NONE
K231157:action,K231157,action,INTERPRETATION_OR_DIAGNOSIS,INTERPRETATION_OR_DIAGNOSIS,CODED,false,NONE
K231157:component_status,K231157,component_status,SINGLE,SINGLE,CODED,false,NONE
K231173:input,K231173,input,PHYSIOLOGICAL_SIGNAL,PHYSIOLOGICAL_SIGNAL,CODED,false,NONE
K231173:output,K231173,output,DETECTION_OR_ALERT;DOCUMENTATION_OR_SUMMARY,DETECTION_OR_ALERT;DOCUMENTATION_OR_SUMMARY,CODED,false,NONE
K231173:user,K231173,user,PATIENT_OR_CAREGIVER,PATIENT_OR_CAREGIVER,CODED,false,NONE
K231173:setting,K231173,setting,HOME_OR_CONSUMER;SCREENING;MONITORING,HOME_OR_CONSUMER;SCREENING;MONITORING,CODED,false,NONE
K231173:action,K231173,action,REFERRAL_OR_ESCALATION;PATIENT_SELF_MANAGEMENT,REFERRAL_OR_ESCALATION;PATIENT_SELF_MANAGEMENT,CODED,false,NONE
K231173:component_status,K231173,component_status,SINGLE,SINGLE,CODED,false,NONE
K231190:input,K231190,input,NOT_ASSESSABLE,NOT_ASSESSABLE,NOT_ASSESSABLE,true,AI_ATTRIBUTION_BARRIER
K231190:output,K231190,output,NOT_ASSESSABLE,NOT_ASSESSABLE,NOT_ASSESSABLE,true,AI_ATTRIBUTION_BARRIER
K231190:user,K231190,user,NOT_ASSESSABLE,NOT_ASSESSABLE,NOT_ASSESSABLE,true,AI_ATTRIBUTION_BARRIER
K231190:setting,K231190,setting,NOT_ASSESSABLE,NOT_ASSESSABLE,NOT_ASSESSABLE,true,AI_ATTRIBUTION_BARRIER
K231190:action,K231190,action,NOT_ASSESSABLE,NOT_ASSESSABLE,NOT_ASSESSABLE,true,AI_ATTRIBUTION_BARRIER
K231190:component_status,K231190,component_status,UNCERTAIN,UNCERTAIN,UNCERTAIN,true,AI_ATTRIBUTION_BARRIER
K231195:input,K231195,input,MEDICAL_IMAGE,MEDICAL_IMAGE,CODED,false,NONE
K231195:output,K231195,output,DETECTION_OR_ALERT,DETECTION_OR_ALERT,CODED,false,NONE
K231195:user,K231195,user,OTHER_PHYSICIAN;OTHER_CLINICIAN,OTHER_PHYSICIAN;OTHER_CLINICIAN,CODED,false,NONE
K231195:setting,K231195,setting,ACUTE_TRIAGE_OR_EMERGENCY;DIAGNOSTIC_INTERPRETATION;OTHER,ACUTE_TRIAGE_OR_EMERGENCY;DIAGNOSTIC_INTERPRETATION;OTHER,CODED,false,NONE
K231195:action,K231195,action,TRIAGE_OR_PRIORITIZATION,TRIAGE_OR_PRIORITIZATION,CODED,false,NONE
K231195:component_status,K231195,component_status,SINGLE,SINGLE,CODED,false,NONE
K231207:input,K231207,input,PHYSIOLOGICAL_SIGNAL;MEDICAL_IMAGE;DEVICE_TELEMETRY_OR_OPERATIONAL,PHYSIOLOGICAL_SIGNAL;MEDICAL_IMAGE;DEVICE_TELEMETRY_OR_OPERATIONAL,CODED,false,NONE
K231207:output,K231207,output,CLASSIFICATION_OR_DIAGNOSIS;DETECTION_OR_ALERT;SEGMENTATION_OR_LOCALIZATION;RECONSTRUCTION_OR_ENHANCEMENT,CLASSIFICATION_OR_DIAGNOSIS;DETECTION_OR_ALERT;SEGMENTATION_OR_LOCALIZATION;RECONSTRUCTION_OR_ENHANCEMENT,CODED,false,NONE
K231207:user,K231207,user,NOT_STATED,NOT_STATED,NOT_STATED,true,FIELD_NOT_STATED
K231207:setting,K231207,setting,PROCEDURAL_OR_OPERATING_ROOM,PROCEDURAL_OR_OPERATING_ROOM,CODED,false,NONE
K231207:action,K231207,action,OTHER;WORKFLOW_OR_DOCUMENTATION,OTHER;WORKFLOW_OR_DOCUMENTATION,CODED,false,NONE
K231207:component_status,K231207,component_status,MULTIPLE,MULTIPLE,CODED,false,NONE
K231281:input,K231281,input,MEDICAL_IMAGE,MEDICAL_IMAGE,CODED,false,NONE
K231281:output,K231281,output,RECONSTRUCTION_OR_ENHANCEMENT,RECONSTRUCTION_OR_ENHANCEMENT,CODED,false,NONE
K231281:user,K231281,user,OTHER_PHYSICIAN,OTHER_PHYSICIAN,CODED,false,NONE
K231281:setting,K231281,setting,OTHER,OTHER,CODED,false,NONE
K231281:action,K231281,action,OTHER,OTHER,CODED,false,NONE
K231281:component_status,K231281,component_status,SINGLE,SINGLE,CODED,false,NONE
K231324:input,K231324,input,MEDICAL_IMAGE,MEDICAL_IMAGE,CODED,false,NONE
K231324:output,K231324,output,SEGMENTATION_OR_LOCALIZATION;MEASUREMENT_OR_QUANTIFICATION;DOCUMENTATION_OR_SUMMARY,SEGMENTATION_OR_LOCALIZATION;MEASUREMENT_OR_QUANTIFICATION;DOCUMENTATION_OR_SUMMARY,CODED,false,NONE
K231324:user,K231324,user,OTHER_PHYSICIAN;RADIOLOGIST;OTHER,OTHER_PHYSICIAN;RADIOLOGIST;OTHER,CODED,false,NONE
K231324:setting,K231324,setting,PROCEDURAL_OR_OPERATING_ROOM,PROCEDURAL_OR_OPERATING_ROOM,CODED,false,NONE
K231324:action,K231324,action,TREATMENT_OR_PROCEDURE_PLANNING,TREATMENT_OR_PROCEDURE_PLANNING,CODED,false,NONE
K231324:component_status,K231324,component_status,SINGLE,SINGLE,CODED,false,NONE
K231335:input,K231335,input,CLINICAL_TABULAR_OR_TEXT,CLINICAL_TABULAR_OR_TEXT,CODED,false,NONE
K231335:output,K231335,output,CLASSIFICATION_OR_DIAGNOSIS,CLASSIFICATION_OR_DIAGNOSIS,CODED,false,NONE
K231335:user,K231335,user,OTHER_CLINICIAN,OTHER_CLINICIAN,CODED,false,NONE
K231335:setting,K231335,setting,DIAGNOSTIC_INTERPRETATION,DIAGNOSTIC_INTERPRETATION,CODED,false,NONE
K231335:action,K231335,action,INTERPRETATION_OR_DIAGNOSIS,INTERPRETATION_OR_DIAGNOSIS,CODED,false,NONE
K231335:component_status,K231335,component_status,SINGLE,SINGLE,CODED,false,NONE
K231355:input,K231355,input,PHYSIOLOGICAL_SIGNAL,PHYSIOLOGICAL_SIGNAL,CODED,false,NONE
K231355:output,K231355,output,DETECTION_OR_ALERT;CLASSIFICATION_OR_DIAGNOSIS;MEASUREMENT_OR_QUANTIFICATION,DETECTION_OR_ALERT;CLASSIFICATION_OR_DIAGNOSIS;MEASUREMENT_OR_QUANTIFICATION,CODED,false,NONE
K231355:user,K231355,user,OTHER_CLINICIAN,OTHER_CLINICIAN,CODED,false,NONE
K231355:setting,K231355,setting,DIAGNOSTIC_INTERPRETATION,DIAGNOSTIC_INTERPRETATION,CODED,false,NONE
K231355:action,K231355,action,INTERPRETATION_OR_DIAGNOSIS,INTERPRETATION_OR_DIAGNOSIS,CODED,false,NONE
K231355:component_status,K231355,component_status,UNCERTAIN,UNCERTAIN,UNCERTAIN,true,FUNCTION_GROUP_UNRESOLVED
K231384:input,K231384,input,MEDICAL_IMAGE,MEDICAL_IMAGE,CODED,false,NONE
K231384:output,K231384,output,DETECTION_OR_ALERT,DETECTION_OR_ALERT,CODED,false,NONE
K231384:user,K231384,user,OTHER_CLINICIAN,OTHER_CLINICIAN,CODED,false,NONE
K231384:setting,K231384,setting,DIAGNOSTIC_INTERPRETATION;OTHER,DIAGNOSTIC_INTERPRETATION;OTHER,CODED,false,NONE
K231384:action,K231384,action,TRIAGE_OR_PRIORITIZATION,TRIAGE_OR_PRIORITIZATION,CODED,false,NONE
K231384:component_status,K231384,component_status,SINGLE,SINGLE,CODED,false,NONE
K231396:input,K231396,input,MEDICAL_IMAGE,MEDICAL_IMAGE,CODED,false,NONE
K231396:output,K231396,output,SEGMENTATION_OR_LOCALIZATION;MEASUREMENT_OR_QUANTIFICATION;DOCUMENTATION_OR_SUMMARY,SEGMENTATION_OR_LOCALIZATION;MEASUREMENT_OR_QUANTIFICATION;DOCUMENTATION_OR_SUMMARY,CODED,false,NONE
K231396:user,K231396,user,OTHER_CLINICIAN,OTHER_CLINICIAN,CODED,false,NONE
K231396:setting,K231396,setting,DIAGNOSTIC_INTERPRETATION;PROCEDURAL_OR_OPERATING_ROOM;MONITORING,DIAGNOSTIC_INTERPRETATION;PROCEDURAL_OR_OPERATING_ROOM;MONITORING,CODED,false,NONE
K231396:action,K231396,action,INTERPRETATION_OR_DIAGNOSIS;TREATMENT_OR_PROCEDURE_PLANNING,INTERPRETATION_OR_DIAGNOSIS;TREATMENT_OR_PROCEDURE_PLANNING,CODED,false,NONE
K231396:component_status,K231396,component_status,SINGLE,SINGLE,CODED,false,NONE
K231398:input,K231398,input,MEDICAL_IMAGE,MEDICAL_IMAGE,CODED,false,NONE
K231398:output,K231398,output,SEGMENTATION_OR_LOCALIZATION;MEASUREMENT_OR_QUANTIFICATION;DOCUMENTATION_OR_SUMMARY,SEGMENTATION_OR_LOCALIZATION;MEASUREMENT_OR_QUANTIFICATION;DOCUMENTATION_OR_SUMMARY,CODED,false,NONE
K231398:user,K231398,user,OTHER_CLINICIAN;OTHER_PHYSICIAN,OTHER_CLINICIAN;OTHER_PHYSICIAN,CODED,false,NONE
K231398:setting,K231398,setting,DIAGNOSTIC_INTERPRETATION;MONITORING;OTHER,DIAGNOSTIC_INTERPRETATION;MONITORING;OTHER,CODED,false,NONE
K231398:action,K231398,action,INTERPRETATION_OR_DIAGNOSIS;MONITORING_OR_FOLLOW_UP,INTERPRETATION_OR_DIAGNOSIS;MONITORING_OR_FOLLOW_UP,CODED,false,NONE
K231398:component_status,K231398,component_status,SINGLE,SINGLE,CODED,false,NONE
K231459:input,K231459,input,MEDICAL_IMAGE,MEDICAL_IMAGE,CODED,false,NONE
K231459:output,K231459,output,SEGMENTATION_OR_LOCALIZATION;MEASUREMENT_OR_QUANTIFICATION;CLASSIFICATION_OR_DIAGNOSIS;DOCUMENTATION_OR_SUMMARY,SEGMENTATION_OR_LOCALIZATION;MEASUREMENT_OR_QUANTIFICATION;CLASSIFICATION_OR_DIAGNOSIS;DOCUMENTATION_OR_SUMMARY,CODED,false,NONE
K231459:user,K231459,user,RADIOLOGIST;OTHER_PHYSICIAN,RADIOLOGIST;OTHER_PHYSICIAN,CODED,false,NONE
K231459:setting,K231459,setting,DIAGNOSTIC_INTERPRETATION;SCREENING,DIAGNOSTIC_INTERPRETATION;SCREENING,CODED,false,NONE
K231459:action,K231459,action,INTERPRETATION_OR_DIAGNOSIS;OTHER,INTERPRETATION_OR_DIAGNOSIS;OTHER,CODED,false,NONE
K231459:component_status,K231459,component_status,SINGLE,SINGLE,CODED,false,NONE
K231470:input,K231470,input,MEDICAL_IMAGE,MEDICAL_IMAGE,CODED,false,NONE
K231470:output,K231470,output,DETECTION_OR_ALERT;SEGMENTATION_OR_LOCALIZATION;CLASSIFICATION_OR_DIAGNOSIS;OTHER,DETECTION_OR_ALERT;SEGMENTATION_OR_LOCALIZATION;CLASSIFICATION_OR_DIAGNOSIS;OTHER,CODED,false,NONE
K231470:user,K231470,user,OTHER_PHYSICIAN,OTHER_PHYSICIAN,CODED,false,NONE
K231470:setting,K231470,setting,SCREENING;DIAGNOSTIC_INTERPRETATION,SCREENING;DIAGNOSTIC_INTERPRETATION,CODED,false,NONE
K231470:action,K231470,action,INTERPRETATION_OR_DIAGNOSIS,INTERPRETATION_OR_DIAGNOSIS,CODED,false,NONE
K231470:component_status,K231470,component_status,SINGLE,SINGLE,CODED,false,NONE
K231560:input,K231560,input,MEDICAL_IMAGE,MEDICAL_IMAGE,CODED,false,NONE
K231560:output,K231560,output,RECONSTRUCTION_OR_ENHANCEMENT,RECONSTRUCTION_OR_ENHANCEMENT,CODED,false,NONE
K231560:user,K231560,user,OTHER_PHYSICIAN,OTHER_PHYSICIAN,CODED,false,NONE
K231560:setting,K231560,setting,DIAGNOSTIC_INTERPRETATION,DIAGNOSTIC_INTERPRETATION,CODED,false,NONE
K231560:action,K231560,action,INTERPRETATION_OR_DIAGNOSIS,INTERPRETATION_OR_DIAGNOSIS,CODED,false,NONE
K231560:component_status,K231560,component_status,SINGLE,SINGLE,CODED,false,NONE
K231570:input,K231570,input,MEDICAL_IMAGE,MEDICAL_IMAGE,CODED,false,NONE
K231570:output,K231570,output,MEASUREMENT_OR_QUANTIFICATION;DOCUMENTATION_OR_SUMMARY,MEASUREMENT_OR_QUANTIFICATION;DOCUMENTATION_OR_SUMMARY,CODED,false,NONE
K231570:user,K231570,user,RADIOLOGIST;OTHER_PHYSICIAN;OTHER_CLINICIAN,RADIOLOGIST;OTHER_PHYSICIAN;OTHER_CLINICIAN,CODED,false,NONE
K231570:setting,K231570,setting,DIAGNOSTIC_INTERPRETATION,DIAGNOSTIC_INTERPRETATION,CODED,false,NONE
K231570:action,K231570,action,INTERPRETATION_OR_DIAGNOSIS,INTERPRETATION_OR_DIAGNOSIS,CODED,false,NONE
K231570:component_status,K231570,component_status,SINGLE,SINGLE,CODED,false,NONE
K231572:input,K231572,input,NOT_ASSESSABLE,NOT_ASSESSABLE,NOT_ASSESSABLE,true,AI_ATTRIBUTION_BARRIER
K231572:output,K231572,output,NOT_ASSESSABLE,NOT_ASSESSABLE,NOT_ASSESSABLE,true,AI_ATTRIBUTION_BARRIER
K231572:user,K231572,user,NOT_ASSESSABLE,NOT_ASSESSABLE,NOT_ASSESSABLE,true,AI_ATTRIBUTION_BARRIER
K231572:setting,K231572,setting,NOT_ASSESSABLE,NOT_ASSESSABLE,NOT_ASSESSABLE,true,AI_ATTRIBUTION_BARRIER
K231572:action,K231572,action,NOT_ASSESSABLE,NOT_ASSESSABLE,NOT_ASSESSABLE,true,AI_ATTRIBUTION_BARRIER
K231572:component_status,K231572,component_status,UNCERTAIN,UNCERTAIN,UNCERTAIN,true,AI_ATTRIBUTION_BARRIER
K231587:input,K231587,input,MEDICAL_IMAGE,MEDICAL_IMAGE,CODED,false,NONE
K231587:output,K231587,output,RECONSTRUCTION_OR_ENHANCEMENT,RECONSTRUCTION_OR_ENHANCEMENT,CODED,false,NONE
K231587:user,K231587,user,OTHER_PHYSICIAN,OTHER_PHYSICIAN,CODED,false,NONE
K231587:setting,K231587,setting,DIAGNOSTIC_INTERPRETATION,DIAGNOSTIC_INTERPRETATION,CODED,false,NONE
K231587:action,K231587,action,INTERPRETATION_OR_DIAGNOSIS,INTERPRETATION_OR_DIAGNOSIS,CODED,false,NONE
K231587:component_status,K231587,component_status,SINGLE,SINGLE,CODED,false,NONE
K231617:input,K231617,input,MEDICAL_IMAGE,MEDICAL_IMAGE,CODED,false,NONE
K231617:output,K231617,output,RECONSTRUCTION_OR_ENHANCEMENT,RECONSTRUCTION_OR_ENHANCEMENT,CODED,false,NONE
K231617:user,K231617,user,OTHER_CLINICIAN;OTHER_PHYSICIAN,OTHER_CLINICIAN;OTHER_PHYSICIAN,CODED,false,NONE
K231617:setting,K231617,setting,DIAGNOSTIC_INTERPRETATION,DIAGNOSTIC_INTERPRETATION,CODED,false,NONE
K231617:action,K231617,action,INTERPRETATION_OR_DIAGNOSIS,INTERPRETATION_OR_DIAGNOSIS,CODED,false,NONE
K231617:component_status,K231617,component_status,SINGLE,SINGLE,CODED,false,NONE
K231631:input,K231631,input,MEDICAL_IMAGE,MEDICAL_IMAGE,CODED,false,NONE
K231631:output,K231631,output,CLASSIFICATION_OR_DIAGNOSIS;DOCUMENTATION_OR_SUMMARY;SEGMENTATION_OR_LOCALIZATION,CLASSIFICATION_OR_DIAGNOSIS;DOCUMENTATION_OR_SUMMARY;SEGMENTATION_OR_LOCALIZATION,CODED,false,NONE
K231631:user,K231631,user,OTHER_PHYSICIAN,OTHER_PHYSICIAN,CODED,false,NONE
K231631:setting,K231631,setting,DIAGNOSTIC_INTERPRETATION,DIAGNOSTIC_INTERPRETATION,CODED,false,NONE
K231631:action,K231631,action,INTERPRETATION_OR_DIAGNOSIS,INTERPRETATION_OR_DIAGNOSIS,CODED,false,NONE
K231631:component_status,K231631,component_status,SINGLE,SINGLE,CODED,false,NONE
K231642:input,K231642,input,MEDICAL_IMAGE;MULTIMODAL,MEDICAL_IMAGE;MULTIMODAL,CODED,false,NONE
K231642:output,K231642,output,MEASUREMENT_OR_QUANTIFICATION;DOCUMENTATION_OR_SUMMARY,MEASUREMENT_OR_QUANTIFICATION;DOCUMENTATION_OR_SUMMARY,CODED,false,NONE
K231642:user,K231642,user,OTHER_CLINICIAN,OTHER_CLINICIAN,CODED,false,NONE
K231642:setting,K231642,setting,DIAGNOSTIC_INTERPRETATION,DIAGNOSTIC_INTERPRETATION,CODED,false,NONE
K231642:action,K231642,action,INTERPRETATION_OR_DIAGNOSIS,INTERPRETATION_OR_DIAGNOSIS,CODED,false,NONE
K231642:component_status,K231642,component_status,SINGLE,SINGLE,CODED,false,NONE
K231668:input,K231668,input,MEDICAL_IMAGE,MEDICAL_IMAGE,CODED,false,NONE
K231668:output,K231668,output,MEASUREMENT_OR_QUANTIFICATION;SEGMENTATION_OR_LOCALIZATION;DOCUMENTATION_OR_SUMMARY,MEASUREMENT_OR_QUANTIFICATION;SEGMENTATION_OR_LOCALIZATION;DOCUMENTATION_OR_SUMMARY,CODED,false,NONE
K231668:user,K231668,user,OTHER_CLINICIAN,OTHER_CLINICIAN,CODED,false,NONE
K231668:setting,K231668,setting,DIAGNOSTIC_INTERPRETATION,DIAGNOSTIC_INTERPRETATION,CODED,false,NONE
K231668:action,K231668,action,INTERPRETATION_OR_DIAGNOSIS,INTERPRETATION_OR_DIAGNOSIS,CODED,false,NONE
K231668:component_status,K231668,component_status,SINGLE,SINGLE,CODED,false,NONE
K231677:input,K231677,input,MEDICAL_IMAGE,MEDICAL_IMAGE,CODED,false,NONE
K231677:output,K231677,output,SEGMENTATION_OR_LOCALIZATION;MEASUREMENT_OR_QUANTIFICATION,SEGMENTATION_OR_LOCALIZATION;MEASUREMENT_OR_QUANTIFICATION,CODED,false,NONE
K231677:user,K231677,user,OTHER_CLINICIAN;OTHER_PHYSICIAN,OTHER_CLINICIAN;OTHER_PHYSICIAN,CODED,false,NONE
K231677:setting,K231677,setting,OTHER,OTHER,CODED,false,NONE
K231677:action,K231677,action,NOT_STATED,NOT_STATED,NOT_STATED,true,FIELD_NOT_STATED
K231677:component_status,K231677,component_status,SINGLE,SINGLE,CODED,false,NONE
K231678:input,K231678,input,MEDICAL_IMAGE,MEDICAL_IMAGE,CODED,false,NONE
K231678:output,K231678,output,DETECTION_OR_ALERT;SEGMENTATION_OR_LOCALIZATION,DETECTION_OR_ALERT;SEGMENTATION_OR_LOCALIZATION,CODED,false,NONE
K231678:user,K231678,user,OTHER_CLINICIAN,OTHER_CLINICIAN,CODED,false,NONE
K231678:setting,K231678,setting,DIAGNOSTIC_INTERPRETATION,DIAGNOSTIC_INTERPRETATION,CODED,false,NONE
K231678:action,K231678,action,INTERPRETATION_OR_DIAGNOSIS,INTERPRETATION_OR_DIAGNOSIS,CODED,false,NONE
K231678:component_status,K231678,component_status,SINGLE,SINGLE,CODED,false,NONE
K231683:input,K231683,input,MEDICAL_IMAGE,MEDICAL_IMAGE,CODED,false,NONE
K231683:output,K231683,output,SEGMENTATION_OR_LOCALIZATION,SEGMENTATION_OR_LOCALIZATION,CODED,false,NONE
K231683:user,K231683,user,RADIOLOGIST;OTHER_PHYSICIAN;TECHNOLOGIST_OR_OPERATOR,RADIOLOGIST;OTHER_PHYSICIAN;TECHNOLOGIST_OR_OPERATOR,CODED,false,NONE
K231683:setting,K231683,setting,PROCEDURAL_OR_OPERATING_ROOM,PROCEDURAL_OR_OPERATING_ROOM,CODED,false,NONE
K231683:action,K231683,action,TREATMENT_OR_PROCEDURE_PLANNING,TREATMENT_OR_PROCEDURE_PLANNING,CODED,false,NONE
K231683:component_status,K231683,component_status,SINGLE,SINGLE,CODED,false,NONE
K231690:input,K231690,input,MEDICAL_IMAGE,MEDICAL_IMAGE,CODED,false,NONE
K231690:output,K231690,output,SEGMENTATION_OR_LOCALIZATION;MEASUREMENT_OR_QUANTIFICATION;DOCUMENTATION_OR_SUMMARY,SEGMENTATION_OR_LOCALIZATION;MEASUREMENT_OR_QUANTIFICATION;DOCUMENTATION_OR_SUMMARY,CODED,false,NONE
K231690:user,K231690,user,RADIOLOGIST;OTHER_PHYSICIAN,RADIOLOGIST;OTHER_PHYSICIAN,CODED,false,NONE
K231690:setting,K231690,setting,DIAGNOSTIC_INTERPRETATION;MONITORING,DIAGNOSTIC_INTERPRETATION;MONITORING,CODED,false,NONE
K231690:action,K231690,action,INTERPRETATION_OR_DIAGNOSIS;MONITORING_OR_FOLLOW_UP,INTERPRETATION_OR_DIAGNOSIS;MONITORING_OR_FOLLOW_UP,CODED,false,NONE
K231690:component_status,K231690,component_status,SINGLE,SINGLE,CODED,false,NONE
K231748:input,K231748,input,MEDICAL_IMAGE,MEDICAL_IMAGE,CODED,false,NONE
K231748:output,K231748,output,RECONSTRUCTION_OR_ENHANCEMENT,RECONSTRUCTION_OR_ENHANCEMENT,CODED,false,NONE
K231748:user,K231748,user,OTHER_CLINICIAN,OTHER_CLINICIAN,CODED,false,NONE
K231748:setting,K231748,setting,DIAGNOSTIC_INTERPRETATION;MONITORING;PROCEDURAL_OR_OPERATING_ROOM,DIAGNOSTIC_INTERPRETATION;MONITORING;PROCEDURAL_OR_OPERATING_ROOM,CODED,false,NONE
K231748:action,K231748,action,INTERPRETATION_OR_DIAGNOSIS;MONITORING_OR_FOLLOW_UP;TREATMENT_OR_PROCEDURE_PLANNING,INTERPRETATION_OR_DIAGNOSIS;MONITORING_OR_FOLLOW_UP;TREATMENT_OR_PROCEDURE_PLANNING,CODED,false,NONE
K231748:component_status,K231748,component_status,SINGLE,SINGLE,CODED,false,NONE
K231757:input,K231757,input,NOT_ASSESSABLE,NOT_ASSESSABLE,NOT_ASSESSABLE,true,AI_ATTRIBUTION_BARRIER
K231757:output,K231757,output,NOT_ASSESSABLE,NOT_ASSESSABLE,NOT_ASSESSABLE,true,AI_ATTRIBUTION_BARRIER
K231757:user,K231757,user,NOT_ASSESSABLE,NOT_ASSESSABLE,NOT_ASSESSABLE,true,AI_ATTRIBUTION_BARRIER
K231757:setting,K231757,setting,NOT_ASSESSABLE,NOT_ASSESSABLE,NOT_ASSESSABLE,true,AI_ATTRIBUTION_BARRIER
K231757:action,K231757,action,NOT_ASSESSABLE,NOT_ASSESSABLE,NOT_ASSESSABLE,true,AI_ATTRIBUTION_BARRIER
K231757:component_status,K231757,component_status,UNCERTAIN,UNCERTAIN,UNCERTAIN,true,AI_ATTRIBUTION_BARRIER
K231764:input,K231764,input,MEDICAL_IMAGE,MEDICAL_IMAGE,CODED,false,NONE
K231764:output,K231764,output,SEGMENTATION_OR_LOCALIZATION;MEASUREMENT_OR_QUANTIFICATION,SEGMENTATION_OR_LOCALIZATION;MEASUREMENT_OR_QUANTIFICATION,CODED,false,NONE
K231764:user,K231764,user,OTHER_CLINICIAN,OTHER_CLINICIAN,CODED,false,NONE
K231764:setting,K231764,setting,OTHER,OTHER,CODED,false,NONE
K231764:action,K231764,action,WORKFLOW_OR_DOCUMENTATION,WORKFLOW_OR_DOCUMENTATION,CODED,false,NONE
K231764:component_status,K231764,component_status,SINGLE,SINGLE,CODED,false,NONE
K231765:input,K231765,input,MEDICAL_IMAGE,MEDICAL_IMAGE,CODED,false,NONE
K231765:output,K231765,output,SEGMENTATION_OR_LOCALIZATION,SEGMENTATION_OR_LOCALIZATION,CODED,false,NONE
K231765:user,K231765,user,OTHER_CLINICIAN,OTHER_CLINICIAN,CODED,false,NONE
K231765:setting,K231765,setting,PROCEDURAL_OR_OPERATING_ROOM;MONITORING,PROCEDURAL_OR_OPERATING_ROOM;MONITORING,CODED,false,NONE
K231765:action,K231765,action,TREATMENT_OR_PROCEDURE_PLANNING;MONITORING_OR_FOLLOW_UP,TREATMENT_OR_PROCEDURE_PLANNING;MONITORING_OR_FOLLOW_UP,CODED,false,NONE
K231765:component_status,K231765,component_status,SINGLE,SINGLE,CODED,false,NONE
K231767:input,K231767,input,MEDICAL_IMAGE,MEDICAL_IMAGE,CODED,false,NONE
K231767:output,K231767,output,DETECTION_OR_ALERT,DETECTION_OR_ALERT,CODED,false,NONE
K231767:user,K231767,user,OTHER_CLINICIAN,OTHER_CLINICIAN,CODED,false,NONE
K231767:setting,K231767,setting,ACUTE_TRIAGE_OR_EMERGENCY,ACUTE_TRIAGE_OR_EMERGENCY,CODED,false,NONE
K231767:action,K231767,action,TRIAGE_OR_PRIORITIZATION,TRIAGE_OR_PRIORITIZATION,CODED,false,NONE
K231767:component_status,K231767,component_status,SINGLE,SINGLE,CODED,false,NONE
K231772:input,K231772,input,MEDICAL_IMAGE,MEDICAL_IMAGE,CODED,false,NONE
K231772:output,K231772,output,SEGMENTATION_OR_LOCALIZATION,SEGMENTATION_OR_LOCALIZATION,CODED,false,NONE
K231772:user,K231772,user,OTHER_CLINICIAN,OTHER_CLINICIAN,CODED,false,NONE
K231772:setting,K231772,setting,PROCEDURAL_OR_OPERATING_ROOM,PROCEDURAL_OR_OPERATING_ROOM,CODED,false,NONE
K231772:action,K231772,action,TREATMENT_OR_PROCEDURE_PLANNING,TREATMENT_OR_PROCEDURE_PLANNING,CODED,false,NONE
K231772:component_status,K231772,component_status,SINGLE,SINGLE,CODED,false,NONE
K231779:input,K231779,input,PHYSIOLOGICAL_SIGNAL,PHYSIOLOGICAL_SIGNAL,CODED,false,NONE
K231779:output,K231779,output,DETECTION_OR_ALERT,DETECTION_OR_ALERT,CODED,false,NONE
K231779:user,K231779,user,OTHER_PHYSICIAN,OTHER_PHYSICIAN,CODED,false,NONE
K231779:setting,K231779,setting,DIAGNOSTIC_INTERPRETATION,DIAGNOSTIC_INTERPRETATION,CODED,false,NONE
K231779:action,K231779,action,INTERPRETATION_OR_DIAGNOSIS,INTERPRETATION_OR_DIAGNOSIS,CODED,false,NONE
K231779:component_status,K231779,component_status,SINGLE,SINGLE,CODED,false,NONE
K231805:input,K231805,input,MEDICAL_IMAGE,MEDICAL_IMAGE,CODED,false,NONE
K231805:output,K231805,output,DETECTION_OR_ALERT;SEGMENTATION_OR_LOCALIZATION,DETECTION_OR_ALERT;SEGMENTATION_OR_LOCALIZATION,CODED,false,NONE
K231805:user,K231805,user,RADIOLOGIST;OTHER_PHYSICIAN,RADIOLOGIST;OTHER_PHYSICIAN,CODED,false,NONE
K231805:setting,K231805,setting,DIAGNOSTIC_INTERPRETATION,DIAGNOSTIC_INTERPRETATION,CODED,false,NONE
K231805:action,K231805,action,INTERPRETATION_OR_DIAGNOSIS,INTERPRETATION_OR_DIAGNOSIS,CODED,false,NONE
K231805:component_status,K231805,component_status,SINGLE,SINGLE,CODED,false,NONE
K231833:input,K231833,input,NOT_ASSESSABLE,NOT_ASSESSABLE,NOT_ASSESSABLE,true,AI_ATTRIBUTION_BARRIER
K231833:output,K231833,output,NOT_ASSESSABLE,NOT_ASSESSABLE,NOT_ASSESSABLE,true,AI_ATTRIBUTION_BARRIER
K231833:user,K231833,user,NOT_ASSESSABLE,NOT_ASSESSABLE,NOT_ASSESSABLE,true,AI_ATTRIBUTION_BARRIER
K231833:setting,K231833,setting,NOT_ASSESSABLE,NOT_ASSESSABLE,NOT_ASSESSABLE,true,AI_ATTRIBUTION_BARRIER
K231833:action,K231833,action,NOT_ASSESSABLE,NOT_ASSESSABLE,NOT_ASSESSABLE,true,AI_ATTRIBUTION_BARRIER
K231833:component_status,K231833,component_status,UNCERTAIN,UNCERTAIN,UNCERTAIN,true,AI_ATTRIBUTION_BARRIER
K231837:input,K231837,input,MEDICAL_IMAGE,MEDICAL_IMAGE,CODED,false,NONE
K231837:output,K231837,output,DETECTION_OR_ALERT,DETECTION_OR_ALERT,CODED,false,NONE
K231837:user,K231837,user,OTHER_PHYSICIAN,OTHER_PHYSICIAN,CODED,false,NONE
K231837:setting,K231837,setting,ACUTE_TRIAGE_OR_EMERGENCY,ACUTE_TRIAGE_OR_EMERGENCY,CODED,false,NONE
K231837:action,K231837,action,TRIAGE_OR_PRIORITIZATION,TRIAGE_OR_PRIORITIZATION,CODED,false,NONE
K231837:component_status,K231837,component_status,SINGLE,SINGLE,CODED,false,NONE
K231855:input,K231855,input,MEDICAL_IMAGE,MEDICAL_IMAGE,CODED,false,NONE
K231855:output,K231855,output,SEGMENTATION_OR_LOCALIZATION,SEGMENTATION_OR_LOCALIZATION,CODED,false,NONE
K231855:user,K231855,user,OTHER,OTHER,CODED,false,NONE
K231855:setting,K231855,setting,PROCEDURAL_OR_OPERATING_ROOM,PROCEDURAL_OR_OPERATING_ROOM,CODED,false,NONE
K231855:action,K231855,action,TREATMENT_OR_PROCEDURE_PLANNING,TREATMENT_OR_PROCEDURE_PLANNING,CODED,false,NONE
K231855:component_status,K231855,component_status,SINGLE,SINGLE,CODED,false,NONE
K231871:input,K231871,input,MEDICAL_IMAGE,MEDICAL_IMAGE,CODED,false,NONE
K231871:output,K231871,output,DETECTION_OR_ALERT,DETECTION_OR_ALERT,CODED,false,NONE
K231871:user,K231871,user,OTHER_PHYSICIAN,OTHER_PHYSICIAN,CODED,false,NONE
K231871:setting,K231871,setting,ACUTE_TRIAGE_OR_EMERGENCY,ACUTE_TRIAGE_OR_EMERGENCY,CODED,false,NONE
K231871:action,K231871,action,TRIAGE_OR_PRIORITIZATION,TRIAGE_OR_PRIORITIZATION,CODED,false,NONE
K231871:component_status,K231871,component_status,SINGLE,SINGLE,CODED,false,NONE
K231898:input,K231898,input,MEDICAL_IMAGE,MEDICAL_IMAGE,CODED,false,NONE
K231898:output,K231898,output,DETECTION_OR_ALERT;SEGMENTATION_OR_LOCALIZATION;MEASUREMENT_OR_QUANTIFICATION;RECOMMENDATION_OR_PLANNING;OTHER,DETECTION_OR_ALERT;SEGMENTATION_OR_LOCALIZATION;MEASUREMENT_OR_QUANTIFICATION;RECOMMENDATION_OR_PLANNING;OTHER,CODED,false,NONE
K231898:user,K231898,user,OTHER_CLINICIAN,OTHER_CLINICIAN,CODED,false,NONE
K231898:setting,K231898,setting,DIAGNOSTIC_INTERPRETATION;PROCEDURAL_OR_OPERATING_ROOM,DIAGNOSTIC_INTERPRETATION;PROCEDURAL_OR_OPERATING_ROOM,CODED,false,NONE
K231898:action,K231898,action,INTERPRETATION_OR_DIAGNOSIS;TREATMENT_OR_PROCEDURE_PLANNING;WORKFLOW_OR_DOCUMENTATION,INTERPRETATION_OR_DIAGNOSIS;TREATMENT_OR_PROCEDURE_PLANNING;WORKFLOW_OR_DOCUMENTATION,CODED,false,NONE
K231898:component_status,K231898,component_status,MULTIPLE,MULTIPLE,CODED,false,NONE
K231917:input,K231917,input,MEDICAL_IMAGE,MEDICAL_IMAGE,CODED,false,NONE
K231917:output,K231917,output,SEGMENTATION_OR_LOCALIZATION;MEASUREMENT_OR_QUANTIFICATION,SEGMENTATION_OR_LOCALIZATION;MEASUREMENT_OR_QUANTIFICATION,CODED,false,NONE
K231917:user,K231917,user,OTHER_CLINICIAN,OTHER_CLINICIAN,CODED,false,NONE
K231917:setting,K231917,setting,DIAGNOSTIC_INTERPRETATION,DIAGNOSTIC_INTERPRETATION,CODED,false,NONE
K231917:action,K231917,action,INTERPRETATION_OR_DIAGNOSIS,INTERPRETATION_OR_DIAGNOSIS,CODED,false,NONE
K231917:component_status,K231917,component_status,SINGLE,SINGLE,CODED,false,NONE
K231928:input,K231928,input,MEDICAL_IMAGE,MEDICAL_IMAGE,CODED,false,NONE
K231928:output,K231928,output,SEGMENTATION_OR_LOCALIZATION,SEGMENTATION_OR_LOCALIZATION,CODED,false,NONE
K231928:user,K231928,user,OTHER_PHYSICIAN;OTHER_CLINICIAN,OTHER_PHYSICIAN;OTHER_CLINICIAN,CODED,false,NONE
K231928:setting,K231928,setting,PROCEDURAL_OR_OPERATING_ROOM,PROCEDURAL_OR_OPERATING_ROOM,CODED,false,NONE
K231928:action,K231928,action,TREATMENT_OR_PROCEDURE_PLANNING,TREATMENT_OR_PROCEDURE_PLANNING,CODED,false,NONE
K231928:component_status,K231928,component_status,SINGLE,SINGLE,CODED,false,NONE
K231929:input,K231929,input,MEDICAL_IMAGE,MEDICAL_IMAGE,CODED,false,NONE
K231929:output,K231929,output,SEGMENTATION_OR_LOCALIZATION;MEASUREMENT_OR_QUANTIFICATION;DOCUMENTATION_OR_SUMMARY,SEGMENTATION_OR_LOCALIZATION;MEASUREMENT_OR_QUANTIFICATION;DOCUMENTATION_OR_SUMMARY,CODED,false,NONE
K231929:user,K231929,user,RADIOLOGIST;OTHER_PHYSICIAN,RADIOLOGIST;OTHER_PHYSICIAN,CODED,false,NONE
K231929:setting,K231929,setting,DIAGNOSTIC_INTERPRETATION;MONITORING,DIAGNOSTIC_INTERPRETATION;MONITORING,CODED,false,NONE
K231929:action,K231929,action,INTERPRETATION_OR_DIAGNOSIS;MONITORING_OR_FOLLOW_UP,INTERPRETATION_OR_DIAGNOSIS;MONITORING_OR_FOLLOW_UP,CODED,false,NONE
K231929:component_status,K231929,component_status,SINGLE,SINGLE,CODED,false,NONE
K231955:input,K231955,input,MEDICAL_IMAGE,MEDICAL_IMAGE,CODED,false,NONE
K231955:output,K231955,output,SEGMENTATION_OR_LOCALIZATION,SEGMENTATION_OR_LOCALIZATION,CODED,false,NONE
K231955:user,K231955,user,OTHER,OTHER,CODED,false,NONE
K231955:setting,K231955,setting,OTHER,OTHER,CODED,false,NONE
K231955:action,K231955,action,WORKFLOW_OR_DOCUMENTATION,WORKFLOW_OR_DOCUMENTATION,CODED,false,NONE
K231955:component_status,K231955,component_status,SINGLE,SINGLE,CODED,false,NONE
K231965:input,K231965,input,MEDICAL_IMAGE,MEDICAL_IMAGE,CODED,false,NONE
K231965:output,K231965,output,SEGMENTATION_OR_LOCALIZATION;MEASUREMENT_OR_QUANTIFICATION;DOCUMENTATION_OR_SUMMARY;CLASSIFICATION_OR_DIAGNOSIS;CONTROL_OR_AUTOMATION,SEGMENTATION_OR_LOCALIZATION;MEASUREMENT_OR_QUANTIFICATION;DOCUMENTATION_OR_SUMMARY;CLASSIFICATION_OR_DIAGNOSIS;CONTROL_OR_AUTOMATION,CODED,false,NONE
K231965:user,K231965,user,OTHER_CLINICIAN,OTHER_CLINICIAN,CODED,false,NONE
K231965:setting,K231965,setting,DIAGNOSTIC_INTERPRETATION;OTHER,DIAGNOSTIC_INTERPRETATION;OTHER,CODED,false,NONE
K231965:action,K231965,action,INTERPRETATION_OR_DIAGNOSIS;WORKFLOW_OR_DOCUMENTATION,INTERPRETATION_OR_DIAGNOSIS;WORKFLOW_OR_DOCUMENTATION,CODED,false,NONE
K231965:component_status,K231965,component_status,MULTIPLE,MULTIPLE,CODED,false,NONE
K231966:input,K231966,input,MEDICAL_IMAGE,MEDICAL_IMAGE,CODED,false,NONE
K231966:output,K231966,output,MEASUREMENT_OR_QUANTIFICATION;CLASSIFICATION_OR_DIAGNOSIS;RECOMMENDATION_OR_PLANNING,MEASUREMENT_OR_QUANTIFICATION;CLASSIFICATION_OR_DIAGNOSIS;RECOMMENDATION_OR_PLANNING,CODED,false,NONE
K231966:user,K231966,user,OTHER_PHYSICIAN,OTHER_PHYSICIAN,CODED,false,NONE
K231966:setting,K231966,setting,DIAGNOSTIC_INTERPRETATION;OTHER,DIAGNOSTIC_INTERPRETATION;OTHER,CODED,false,NONE
K231966:action,K231966,action,INTERPRETATION_OR_DIAGNOSIS;WORKFLOW_OR_DOCUMENTATION,INTERPRETATION_OR_DIAGNOSIS;WORKFLOW_OR_DOCUMENTATION,CODED,false,NONE
K231966:component_status,K231966,component_status,MULTIPLE,MULTIPLE,CODED,false,NONE
K231989:input,K231989,input,MEDICAL_IMAGE,MEDICAL_IMAGE,CODED,false,NONE
K231989:output,K231989,output,MEASUREMENT_OR_QUANTIFICATION;CLASSIFICATION_OR_DIAGNOSIS;RECOMMENDATION_OR_PLANNING,MEASUREMENT_OR_QUANTIFICATION;CLASSIFICATION_OR_DIAGNOSIS;RECOMMENDATION_OR_PLANNING,CODED,false,NONE
K231989:user,K231989,user,OTHER_CLINICIAN,OTHER_CLINICIAN,CODED,false,NONE
K231989:setting,K231989,setting,DIAGNOSTIC_INTERPRETATION;OTHER,DIAGNOSTIC_INTERPRETATION;OTHER,CODED,false,NONE
K231989:action,K231989,action,INTERPRETATION_OR_DIAGNOSIS;WORKFLOW_OR_DOCUMENTATION,INTERPRETATION_OR_DIAGNOSIS;WORKFLOW_OR_DOCUMENTATION,CODED,false,NONE
K231989:component_status,K231989,component_status,MULTIPLE,MULTIPLE,CODED,false,NONE
K232000:input,K232000,input,MEDICAL_IMAGE,MEDICAL_IMAGE,CODED,false,NONE
K232000:output,K232000,output,SEGMENTATION_OR_LOCALIZATION;MEASUREMENT_OR_QUANTIFICATION,SEGMENTATION_OR_LOCALIZATION;MEASUREMENT_OR_QUANTIFICATION,CODED,false,NONE
K232000:user,K232000,user,RADIOLOGIST;OTHER_PHYSICIAN;TECHNOLOGIST_OR_OPERATOR,RADIOLOGIST;OTHER_PHYSICIAN;TECHNOLOGIST_OR_OPERATOR,CODED,false,NONE
K232000:setting,K232000,setting,DIAGNOSTIC_INTERPRETATION;PROCEDURAL_OR_OPERATING_ROOM,DIAGNOSTIC_INTERPRETATION;PROCEDURAL_OR_OPERATING_ROOM,CODED,false,NONE
K232000:action,K232000,action,INTERPRETATION_OR_DIAGNOSIS;TREATMENT_OR_PROCEDURE_PLANNING,INTERPRETATION_OR_DIAGNOSIS;TREATMENT_OR_PROCEDURE_PLANNING,CODED,false,NONE
K232000:component_status,K232000,component_status,MULTIPLE,MULTIPLE,CODED,false,NONE
K232023:input,K232023,input,AUDIO_OR_VIDEO,AUDIO_OR_VIDEO,CODED,false,NONE
K232023:output,K232023,output,MEASUREMENT_OR_QUANTIFICATION;SEGMENTATION_OR_LOCALIZATION,MEASUREMENT_OR_QUANTIFICATION;SEGMENTATION_OR_LOCALIZATION,CODED,false,NONE
K232023:user,K232023,user,PATIENT_OR_CAREGIVER;OTHER_CLINICIAN,PATIENT_OR_CAREGIVER;OTHER_CLINICIAN,CODED,false,NONE
K232023:setting,K232023,setting,SCREENING;MONITORING;HOME_OR_CONSUMER,SCREENING;MONITORING;HOME_OR_CONSUMER,CODED,false,NONE
K232023:action,K232023,action,MONITORING_OR_FOLLOW_UP;PATIENT_SELF_MANAGEMENT,MONITORING_OR_FOLLOW_UP;PATIENT_SELF_MANAGEMENT,CODED,false,NONE
K232023:component_status,K232023,component_status,SINGLE,SINGLE,CODED,false,NONE
K232035:input,K232035,input,PHYSIOLOGICAL_SIGNAL,PHYSIOLOGICAL_SIGNAL,CODED,false,NONE
K232035:output,K232035,output,RECONSTRUCTION_OR_ENHANCEMENT;CLASSIFICATION_OR_DIAGNOSIS;MEASUREMENT_OR_QUANTIFICATION,RECONSTRUCTION_OR_ENHANCEMENT;CLASSIFICATION_OR_DIAGNOSIS;MEASUREMENT_OR_QUANTIFICATION,CODED,false,NONE
K232035:user,K232035,user,OTHER_CLINICIAN;TECHNOLOGIST_OR_OPERATOR;OTHER_PHYSICIAN,OTHER_CLINICIAN;TECHNOLOGIST_OR_OPERATOR;OTHER_PHYSICIAN,CODED,false,NONE
K232035:setting,K232035,setting,DIAGNOSTIC_INTERPRETATION;ACUTE_TRIAGE_OR_EMERGENCY;OTHER,DIAGNOSTIC_INTERPRETATION;ACUTE_TRIAGE_OR_EMERGENCY;OTHER,CODED,false,NONE
K232035:action,K232035,action,INTERPRETATION_OR_DIAGNOSIS,INTERPRETATION_OR_DIAGNOSIS,CODED,false,NONE
K232035:component_status,K232035,component_status,MULTIPLE,MULTIPLE,CODED,false,NONE
K232045:input,K232045,input,MEDICAL_IMAGE,MEDICAL_IMAGE,CODED,false,NONE
K232045:output,K232045,output,SEGMENTATION_OR_LOCALIZATION,SEGMENTATION_OR_LOCALIZATION,CODED,false,NONE
K232045:user,K232045,user,RADIOLOGIST;OTHER_PHYSICIAN,RADIOLOGIST;OTHER_PHYSICIAN,CODED,false,NONE
K232045:setting,K232045,setting,PROCEDURAL_OR_OPERATING_ROOM,PROCEDURAL_OR_OPERATING_ROOM,CODED,false,NONE
K232045:action,K232045,action,TREATMENT_OR_PROCEDURE_PLANNING,TREATMENT_OR_PROCEDURE_PLANNING,CODED,false,NONE
K232045:component_status,K232045,component_status,SINGLE,SINGLE,CODED,false,NONE
K232083:input,K232083,input,MEDICAL_IMAGE,MEDICAL_IMAGE,CODED,false,NONE
K232083:output,K232083,output,MEASUREMENT_OR_QUANTIFICATION;SEGMENTATION_OR_LOCALIZATION;DOCUMENTATION_OR_SUMMARY,MEASUREMENT_OR_QUANTIFICATION;SEGMENTATION_OR_LOCALIZATION;DOCUMENTATION_OR_SUMMARY,CODED,false,NONE
K232083:user,K232083,user,OTHER_PHYSICIAN,OTHER_PHYSICIAN,CODED,false,NONE
K232083:setting,K232083,setting,DIAGNOSTIC_INTERPRETATION;MONITORING,DIAGNOSTIC_INTERPRETATION;MONITORING,CODED,false,NONE
K232083:action,K232083,action,INTERPRETATION_OR_DIAGNOSIS;MONITORING_OR_FOLLOW_UP,INTERPRETATION_OR_DIAGNOSIS;MONITORING_OR_FOLLOW_UP,CODED,false,NONE
K232083:component_status,K232083,component_status,SINGLE,SINGLE,CODED,false,NONE
K232096:input,K232096,input,MEDICAL_IMAGE,MEDICAL_IMAGE,CODED,false,NONE
K232096:output,K232096,output,MEASUREMENT_OR_QUANTIFICATION;CLASSIFICATION_OR_DIAGNOSIS,MEASUREMENT_OR_QUANTIFICATION;CLASSIFICATION_OR_DIAGNOSIS,CODED,false,NONE
K232096:user,K232096,user,RADIOLOGIST;OTHER_CLINICIAN,RADIOLOGIST;OTHER_CLINICIAN,CODED,false,NONE
K232096:setting,K232096,setting,OTHER,OTHER,CODED,false,NONE
K232096:action,K232096,action,OTHER,OTHER,CODED,false,NONE
K232096:component_status,K232096,component_status,SINGLE,SINGLE,CODED,false,NONE
K232140:input,K232140,input,MEDICAL_IMAGE,MEDICAL_IMAGE,CODED,false,NONE
K232140:output,K232140,output,SEGMENTATION_OR_LOCALIZATION,SEGMENTATION_OR_LOCALIZATION,CODED,false,NONE
K232140:user,K232140,user,OTHER_PHYSICIAN,OTHER_PHYSICIAN,CODED,false,NONE
K232140:setting,K232140,setting,PROCEDURAL_OR_OPERATING_ROOM,PROCEDURAL_OR_OPERATING_ROOM,CODED,false,NONE
K232140:action,K232140,action,TREATMENT_OR_PROCEDURE_PLANNING,TREATMENT_OR_PROCEDURE_PLANNING,CODED,false,NONE
K232140:component_status,K232140,component_status,SINGLE,SINGLE,CODED,false,NONE
K232145:input,K232145,input,MEDICAL_IMAGE,MEDICAL_IMAGE,CODED,false,NONE
K232145:output,K232145,output,SEGMENTATION_OR_LOCALIZATION;MEASUREMENT_OR_QUANTIFICATION;CONTROL_OR_AUTOMATION,SEGMENTATION_OR_LOCALIZATION;MEASUREMENT_OR_QUANTIFICATION;CONTROL_OR_AUTOMATION,CODED,false,NONE
K232145:user,K232145,user,OTHER_CLINICIAN,OTHER_CLINICIAN,CODED,false,NONE
K232145:setting,K232145,setting,DIAGNOSTIC_INTERPRETATION,DIAGNOSTIC_INTERPRETATION,CODED,false,NONE
K232145:action,K232145,action,INTERPRETATION_OR_DIAGNOSIS;WORKFLOW_OR_DOCUMENTATION,INTERPRETATION_OR_DIAGNOSIS;WORKFLOW_OR_DOCUMENTATION,CODED,false,NONE
K232145:component_status,K232145,component_status,MULTIPLE,MULTIPLE,CODED,false,NONE
K232148:input,K232148,input,MEDICAL_IMAGE,MEDICAL_IMAGE,CODED,false,NONE
K232148:output,K232148,output,SEGMENTATION_OR_LOCALIZATION,SEGMENTATION_OR_LOCALIZATION,CODED,false,NONE
K232148:user,K232148,user,OTHER_PHYSICIAN,OTHER_PHYSICIAN,CODED,false,NONE
K232148:setting,K232148,setting,PROCEDURAL_OR_OPERATING_ROOM,PROCEDURAL_OR_OPERATING_ROOM,CODED,false,NONE
K232148:action,K232148,action,TREATMENT_OR_PROCEDURE_PLANNING,TREATMENT_OR_PROCEDURE_PLANNING,CODED,false,NONE
K232148:component_status,K232148,component_status,SINGLE,SINGLE,CODED,false,NONE
K232156:input,K232156,input,MEDICAL_IMAGE,MEDICAL_IMAGE,CODED,false,NONE
K232156:output,K232156,output,SEGMENTATION_OR_LOCALIZATION;MEASUREMENT_OR_QUANTIFICATION,SEGMENTATION_OR_LOCALIZATION;MEASUREMENT_OR_QUANTIFICATION,CODED,false,NONE
K232156:user,K232156,user,RADIOLOGIST;OTHER_PHYSICIAN;OTHER_CLINICIAN,RADIOLOGIST;OTHER_PHYSICIAN;OTHER_CLINICIAN,CODED,false,NONE
K232156:setting,K232156,setting,DIAGNOSTIC_INTERPRETATION,DIAGNOSTIC_INTERPRETATION,CODED,false,NONE
K232156:action,K232156,action,INTERPRETATION_OR_DIAGNOSIS,INTERPRETATION_OR_DIAGNOSIS,CODED,false,NONE
K232156:component_status,K232156,component_status,SINGLE,SINGLE,CODED,false,NONE
K232231:input,K232231,input,MEDICAL_IMAGE,MEDICAL_IMAGE,CODED,false,NONE
K232231:output,K232231,output,SEGMENTATION_OR_LOCALIZATION;MEASUREMENT_OR_QUANTIFICATION;DOCUMENTATION_OR_SUMMARY,SEGMENTATION_OR_LOCALIZATION;MEASUREMENT_OR_QUANTIFICATION;DOCUMENTATION_OR_SUMMARY,CODED,false,NONE
K232231:user,K232231,user,OTHER_CLINICIAN,OTHER_CLINICIAN,CODED,false,NONE
K232231:setting,K232231,setting,DIAGNOSTIC_INTERPRETATION;MONITORING,DIAGNOSTIC_INTERPRETATION;MONITORING,CODED,false,NONE
K232231:action,K232231,action,INTERPRETATION_OR_DIAGNOSIS;MONITORING_OR_FOLLOW_UP,INTERPRETATION_OR_DIAGNOSIS;MONITORING_OR_FOLLOW_UP,CODED,false,NONE
K232231:component_status,K232231,component_status,SINGLE,SINGLE,CODED,false,NONE
K232237:input,K232237,input,AUDIO_OR_VIDEO,AUDIO_OR_VIDEO,CODED,false,NONE
K232237:output,K232237,output,DETECTION_OR_ALERT,DETECTION_OR_ALERT,CODED,false,NONE
K232237:user,K232237,user,PATIENT_OR_CAREGIVER;OTHER_CLINICIAN,PATIENT_OR_CAREGIVER;OTHER_CLINICIAN,CODED,false,NONE
K232237:setting,K232237,setting,HOME_OR_CONSUMER;DIAGNOSTIC_INTERPRETATION,HOME_OR_CONSUMER;DIAGNOSTIC_INTERPRETATION,CODED,false,NONE
K232237:action,K232237,action,INTERPRETATION_OR_DIAGNOSIS;REFERRAL_OR_ESCALATION,INTERPRETATION_OR_DIAGNOSIS;REFERRAL_OR_ESCALATION,CODED,false,NONE
K232237:component_status,K232237,component_status,SINGLE,SINGLE,CODED,false,NONE
K232250:input,K232250,input,MEDICAL_IMAGE,MEDICAL_IMAGE,CODED,false,NONE
K232250:output,K232250,output,MEASUREMENT_OR_QUANTIFICATION,MEASUREMENT_OR_QUANTIFICATION,CODED,false,NONE
K232250:user,K232250,user,NOT_STATED,NOT_STATED,NOT_STATED,true,FIELD_NOT_STATED
K232250:setting,K232250,setting,PROCEDURAL_OR_OPERATING_ROOM,PROCEDURAL_OR_OPERATING_ROOM,CODED,false,NONE
K232250:action,K232250,action,MONITORING_OR_FOLLOW_UP,MONITORING_OR_FOLLOW_UP,CODED,false,NONE
K232250:component_status,K232250,component_status,SINGLE,SINGLE,CODED,false,NONE
K232257:input,K232257,input,MEDICAL_IMAGE,MEDICAL_IMAGE,CODED,false,NONE
K232257:output,K232257,output,SEGMENTATION_OR_LOCALIZATION;MEASUREMENT_OR_QUANTIFICATION,SEGMENTATION_OR_LOCALIZATION;MEASUREMENT_OR_QUANTIFICATION,CODED,false,NONE
K232257:user,K232257,user,OTHER_CLINICIAN,OTHER_CLINICIAN,CODED,false,NONE
K232257:setting,K232257,setting,OTHER,OTHER,CODED,false,NONE
K232257:action,K232257,action,INTERPRETATION_OR_DIAGNOSIS,INTERPRETATION_OR_DIAGNOSIS,CODED,false,NONE
K232257:component_status,K232257,component_status,SINGLE,SINGLE,CODED,false,NONE
K232305:input,K232305,input,MEDICAL_IMAGE,MEDICAL_IMAGE,CODED,false,NONE
K232305:output,K232305,output,SEGMENTATION_OR_LOCALIZATION;MEASUREMENT_OR_QUANTIFICATION;DOCUMENTATION_OR_SUMMARY,SEGMENTATION_OR_LOCALIZATION;MEASUREMENT_OR_QUANTIFICATION;DOCUMENTATION_OR_SUMMARY,CODED,false,NONE
K232305:user,K232305,user,OTHER_CLINICIAN,OTHER_CLINICIAN,CODED,false,NONE
K232305:setting,K232305,setting,DIAGNOSTIC_INTERPRETATION;MONITORING,DIAGNOSTIC_INTERPRETATION;MONITORING,CODED,false,NONE
K232305:action,K232305,action,INTERPRETATION_OR_DIAGNOSIS;MONITORING_OR_FOLLOW_UP,INTERPRETATION_OR_DIAGNOSIS;MONITORING_OR_FOLLOW_UP,CODED,false,NONE
K232305:component_status,K232305,component_status,SINGLE,SINGLE,CODED,false,NONE
K232322:input,K232322,input,MEDICAL_IMAGE,MEDICAL_IMAGE,CODED,false,NONE
K232322:output,K232322,output,RECONSTRUCTION_OR_ENHANCEMENT,RECONSTRUCTION_OR_ENHANCEMENT,CODED,false,NONE
K232322:user,K232322,user,OTHER_PHYSICIAN,OTHER_PHYSICIAN,CODED,false,NONE
K232322:setting,K232322,setting,DIAGNOSTIC_INTERPRETATION,DIAGNOSTIC_INTERPRETATION,CODED,false,NONE
K232322:action,K232322,action,INTERPRETATION_OR_DIAGNOSIS,INTERPRETATION_OR_DIAGNOSIS,CODED,false,NONE
K232322:component_status,K232322,component_status,SINGLE,SINGLE,CODED,false,NONE
K232331:input,K232331,input,MEDICAL_IMAGE,MEDICAL_IMAGE,CODED,false,NONE
K232331:output,K232331,output,SEGMENTATION_OR_LOCALIZATION;MEASUREMENT_OR_QUANTIFICATION,SEGMENTATION_OR_LOCALIZATION;MEASUREMENT_OR_QUANTIFICATION,CODED,false,NONE
K232331:user,K232331,user,TECHNOLOGIST_OR_OPERATOR;OTHER_PHYSICIAN,TECHNOLOGIST_OR_OPERATOR;OTHER_PHYSICIAN,CODED,false,NONE
K232331:setting,K232331,setting,DIAGNOSTIC_INTERPRETATION,DIAGNOSTIC_INTERPRETATION,CODED,false,NONE
K232331:action,K232331,action,INTERPRETATION_OR_DIAGNOSIS,INTERPRETATION_OR_DIAGNOSIS,CODED,false,NONE
K232331:component_status,K232331,component_status,SINGLE,SINGLE,CODED,false,NONE
K232363:input,K232363,input,MEDICAL_IMAGE,MEDICAL_IMAGE,CODED,false,NONE
K232363:output,K232363,output,SEGMENTATION_OR_LOCALIZATION;MEASUREMENT_OR_QUANTIFICATION;DOCUMENTATION_OR_SUMMARY,SEGMENTATION_OR_LOCALIZATION;MEASUREMENT_OR_QUANTIFICATION;DOCUMENTATION_OR_SUMMARY,CODED,false,NONE
K232363:user,K232363,user,OTHER_PHYSICIAN,OTHER_PHYSICIAN,CODED,false,NONE
K232363:setting,K232363,setting,DIAGNOSTIC_INTERPRETATION,DIAGNOSTIC_INTERPRETATION,CODED,false,NONE
K232363:action,K232363,action,INTERPRETATION_OR_DIAGNOSIS,INTERPRETATION_OR_DIAGNOSIS,CODED,false,NONE
K232363:component_status,K232363,component_status,SINGLE,SINGLE,CODED,false,NONE
K232367:input,K232367,input,MEDICAL_IMAGE,MEDICAL_IMAGE,CODED,false,NONE
K232367:output,K232367,output,DETECTION_OR_ALERT;SEGMENTATION_OR_LOCALIZATION,DETECTION_OR_ALERT;SEGMENTATION_OR_LOCALIZATION,CODED,false,NONE
K232367:user,K232367,user,OTHER_PHYSICIAN,OTHER_PHYSICIAN,CODED,false,NONE
K232367:setting,K232367,setting,SCREENING,SCREENING,CODED,false,NONE
K232367:action,K232367,action,INTERPRETATION_OR_DIAGNOSIS,INTERPRETATION_OR_DIAGNOSIS,CODED,false,NONE
K232367:component_status,K232367,component_status,SINGLE,SINGLE,CODED,false,NONE
K232381:input,K232381,input,MEDICAL_IMAGE,MEDICAL_IMAGE,CODED,false,NONE
K232381:output,K232381,output,CLASSIFICATION_OR_DIAGNOSIS;RECOMMENDATION_OR_PLANNING,CLASSIFICATION_OR_DIAGNOSIS;RECOMMENDATION_OR_PLANNING,CODED,false,NONE
K232381:user,K232381,user,OTHER_CLINICIAN,OTHER_CLINICIAN,CODED,false,NONE
K232381:setting,K232381,setting,DIAGNOSTIC_INTERPRETATION;INPATIENT;ACUTE_TRIAGE_OR_EMERGENCY;OUTPATIENT;PROCEDURAL_OR_OPERATING_ROOM,DIAGNOSTIC_INTERPRETATION;INPATIENT;ACUTE_TRIAGE_OR_EMERGENCY;OUTPATIENT;PROCEDURAL_OR_OPERATING_ROOM,CODED,false,NONE
K232381:action,K232381,action,WORKFLOW_OR_DOCUMENTATION,WORKFLOW_OR_DOCUMENTATION,CODED,false,NONE
K232381:component_status,K232381,component_status,SINGLE,SINGLE,CODED,false,NONE
K232384:input,K232384,input,MEDICAL_IMAGE,MEDICAL_IMAGE,CODED,false,NONE
K232384:output,K232384,output,DETECTION_OR_ALERT;SEGMENTATION_OR_LOCALIZATION;MEASUREMENT_OR_QUANTIFICATION,DETECTION_OR_ALERT;SEGMENTATION_OR_LOCALIZATION;MEASUREMENT_OR_QUANTIFICATION,CODED,false,NONE
K232384:user,K232384,user,OTHER_CLINICIAN,OTHER_CLINICIAN,CODED,false,NONE
K232384:setting,K232384,setting,DIAGNOSTIC_INTERPRETATION;OTHER,DIAGNOSTIC_INTERPRETATION;OTHER,CODED,false,NONE
K232384:action,K232384,action,INTERPRETATION_OR_DIAGNOSIS;WORKFLOW_OR_DOCUMENTATION,INTERPRETATION_OR_DIAGNOSIS;WORKFLOW_OR_DOCUMENTATION,CODED,false,NONE
K232384:component_status,K232384,component_status,MULTIPLE,MULTIPLE,CODED,false,NONE
K232410:input,K232410,input,MEDICAL_IMAGE,MEDICAL_IMAGE,CODED,false,NONE
K232410:output,K232410,output,DETECTION_OR_ALERT,DETECTION_OR_ALERT,CODED,false,NONE
K232410:user,K232410,user,OTHER_PHYSICIAN,OTHER_PHYSICIAN,CODED,false,NONE
K232410:setting,K232410,setting,ACUTE_TRIAGE_OR_EMERGENCY,ACUTE_TRIAGE_OR_EMERGENCY,CODED,false,NONE
K232410:action,K232410,action,TRIAGE_OR_PRIORITIZATION,TRIAGE_OR_PRIORITIZATION,CODED,false,NONE
K232410:component_status,K232410,component_status,SINGLE,SINGLE,CODED,false,NONE
K232412:input,K232412,input,MEDICAL_IMAGE,MEDICAL_IMAGE,CODED,false,NONE
K232412:output,K232412,output,SEGMENTATION_OR_LOCALIZATION;MEASUREMENT_OR_QUANTIFICATION;DOCUMENTATION_OR_SUMMARY,SEGMENTATION_OR_LOCALIZATION;MEASUREMENT_OR_QUANTIFICATION;DOCUMENTATION_OR_SUMMARY,CODED,false,NONE
K232412:user,K232412,user,OTHER_PHYSICIAN,OTHER_PHYSICIAN,CODED,false,NONE
K232412:setting,K232412,setting,DIAGNOSTIC_INTERPRETATION;MONITORING,DIAGNOSTIC_INTERPRETATION;MONITORING,CODED,false,NONE
K232412:action,K232412,action,INTERPRETATION_OR_DIAGNOSIS;MONITORING_OR_FOLLOW_UP,INTERPRETATION_OR_DIAGNOSIS;MONITORING_OR_FOLLOW_UP,CODED,false,NONE
K232412:component_status,K232412,component_status,SINGLE,SINGLE,CODED,false,NONE
K232416:input,K232416,input,MEDICAL_IMAGE,MEDICAL_IMAGE,CODED,false,NONE
K232416:output,K232416,output,CLASSIFICATION_OR_DIAGNOSIS;MEASUREMENT_OR_QUANTIFICATION,CLASSIFICATION_OR_DIAGNOSIS;MEASUREMENT_OR_QUANTIFICATION,CODED,false,NONE
K232416:user,K232416,user,LABORATORY_PROFESSIONAL;TECHNOLOGIST_OR_OPERATOR,LABORATORY_PROFESSIONAL;TECHNOLOGIST_OR_OPERATOR,CODED,false,NONE
K232416:setting,K232416,setting,LABORATORY,LABORATORY,CODED,false,NONE
K232416:action,K232416,action,INTERPRETATION_OR_DIAGNOSIS,INTERPRETATION_OR_DIAGNOSIS,CODED,false,NONE
K232416:component_status,K232416,component_status,SINGLE,SINGLE,CODED,false,NONE
K232431:input,K232431,input,MEDICAL_IMAGE,MEDICAL_IMAGE,CODED,false,NONE
K232431:output,K232431,output,DETECTION_OR_ALERT,DETECTION_OR_ALERT,CODED,false,NONE
K232431:user,K232431,user,RADIOLOGIST;OTHER,RADIOLOGIST;OTHER,CODED,false,NONE
K232431:setting,K232431,setting,ACUTE_TRIAGE_OR_EMERGENCY,ACUTE_TRIAGE_OR_EMERGENCY,CODED,false,NONE
K232431:action,K232431,action,TRIAGE_OR_PRIORITIZATION,TRIAGE_OR_PRIORITIZATION,CODED,false,NONE
K232431:component_status,K232431,component_status,SINGLE,SINGLE,CODED,false,NONE
K232436:input,K232436,input,MEDICAL_IMAGE,MEDICAL_IMAGE,CODED,false,NONE
K232436:output,K232436,output,DETECTION_OR_ALERT,DETECTION_OR_ALERT,CODED,false,NONE
K232436:user,K232436,user,RADIOLOGIST,RADIOLOGIST,CODED,false,NONE
K232436:setting,K232436,setting,ACUTE_TRIAGE_OR_EMERGENCY,ACUTE_TRIAGE_OR_EMERGENCY,CODED,false,NONE
K232436:action,K232436,action,TRIAGE_OR_PRIORITIZATION,TRIAGE_OR_PRIORITIZATION,CODED,false,NONE
K232436:component_status,K232436,component_status,SINGLE,SINGLE,CODED,false,NONE
K232440:input,K232440,input,MEDICAL_IMAGE,MEDICAL_IMAGE,CODED,false,NONE
K232440:output,K232440,output,MEASUREMENT_OR_QUANTIFICATION;SEGMENTATION_OR_LOCALIZATION,MEASUREMENT_OR_QUANTIFICATION;SEGMENTATION_OR_LOCALIZATION,CODED,false,NONE
K232440:user,K232440,user,OTHER_CLINICIAN,OTHER_CLINICIAN,CODED,false,NONE
K232440:setting,K232440,setting,DIAGNOSTIC_INTERPRETATION,DIAGNOSTIC_INTERPRETATION,CODED,false,NONE
K232440:action,K232440,action,INTERPRETATION_OR_DIAGNOSIS,INTERPRETATION_OR_DIAGNOSIS,CODED,false,NONE
K232440:component_status,K232440,component_status,SINGLE,SINGLE,CODED,false,NONE
K232479:input,K232479,input,MEDICAL_IMAGE;MULTIMODAL,MEDICAL_IMAGE;MULTIMODAL,CODED,false,NONE
K232479:output,K232479,output,SEGMENTATION_OR_LOCALIZATION;RECONSTRUCTION_OR_ENHANCEMENT;MEASUREMENT_OR_QUANTIFICATION;RECOMMENDATION_OR_PLANNING,SEGMENTATION_OR_LOCALIZATION;RECONSTRUCTION_OR_ENHANCEMENT;MEASUREMENT_OR_QUANTIFICATION;RECOMMENDATION_OR_PLANNING,CODED,false,NONE
K232479:user,K232479,user,OTHER_PHYSICIAN;OTHER_CLINICIAN,OTHER_PHYSICIAN;OTHER_CLINICIAN,CODED,false,NONE
K232479:setting,K232479,setting,PROCEDURAL_OR_OPERATING_ROOM,PROCEDURAL_OR_OPERATING_ROOM,CODED,false,NONE
K232479:action,K232479,action,TREATMENT_OR_PROCEDURE_PLANNING,TREATMENT_OR_PROCEDURE_PLANNING,CODED,false,NONE
K232479:component_status,K232479,component_status,MULTIPLE,MULTIPLE,CODED,false,NONE
K232482:input,K232482,input,NOT_ASSESSABLE,NOT_ASSESSABLE,NOT_ASSESSABLE,true,AI_ATTRIBUTION_BARRIER
K232482:output,K232482,output,NOT_ASSESSABLE,NOT_ASSESSABLE,NOT_ASSESSABLE,true,AI_ATTRIBUTION_BARRIER
K232482:user,K232482,user,NOT_ASSESSABLE,NOT_ASSESSABLE,NOT_ASSESSABLE,true,AI_ATTRIBUTION_BARRIER
K232482:setting,K232482,setting,NOT_ASSESSABLE,NOT_ASSESSABLE,NOT_ASSESSABLE,true,AI_ATTRIBUTION_BARRIER
K232482:action,K232482,action,NOT_ASSESSABLE,NOT_ASSESSABLE,NOT_ASSESSABLE,true,AI_ATTRIBUTION_BARRIER
K232482:component_status,K232482,component_status,UNCERTAIN,UNCERTAIN,UNCERTAIN,true,AI_ATTRIBUTION_BARRIER
K232491:input,K232491,input,MEDICAL_IMAGE,MEDICAL_IMAGE,CODED,false,NONE
K232491:output,K232491,output,RECONSTRUCTION_OR_ENHANCEMENT;CONTROL_OR_AUTOMATION,RECONSTRUCTION_OR_ENHANCEMENT;CONTROL_OR_AUTOMATION,CODED,false,NONE
K232491:user,K232491,user,NOT_STATED,NOT_STATED,NOT_STATED,true,FIELD_NOT_STATED
K232491:setting,K232491,setting,DIAGNOSTIC_INTERPRETATION;OTHER,DIAGNOSTIC_INTERPRETATION;OTHER,CODED,false,NONE
K232491:action,K232491,action,INTERPRETATION_OR_DIAGNOSIS;THERAPY_DOSE_OR_DEVICE_CONTROL,INTERPRETATION_OR_DIAGNOSIS;THERAPY_DOSE_OR_DEVICE_CONTROL,CODED,false,NONE
K232491:component_status,K232491,component_status,MULTIPLE,MULTIPLE,CODED,false,NONE
K232494:input,K232494,input,NOT_ASSESSABLE,NOT_ASSESSABLE,NOT_ASSESSABLE,true,AI_ATTRIBUTION_BARRIER
K232494:output,K232494,output,NOT_ASSESSABLE,NOT_ASSESSABLE,NOT_ASSESSABLE,true,AI_ATTRIBUTION_BARRIER
K232494:user,K232494,user,NOT_ASSESSABLE,NOT_ASSESSABLE,NOT_ASSESSABLE,true,AI_ATTRIBUTION_BARRIER
K232494:setting,K232494,setting,NOT_ASSESSABLE,NOT_ASSESSABLE,NOT_ASSESSABLE,true,AI_ATTRIBUTION_BARRIER
K232494:action,K232494,action,NOT_ASSESSABLE,NOT_ASSESSABLE,NOT_ASSESSABLE,true,AI_ATTRIBUTION_BARRIER
K232494:component_status,K232494,component_status,UNCERTAIN,UNCERTAIN,UNCERTAIN,true,AI_ATTRIBUTION_BARRIER
K232496:input,K232496,input,MEDICAL_IMAGE,MEDICAL_IMAGE,CODED,false,NONE
K232496:output,K232496,output,DETECTION_OR_ALERT,DETECTION_OR_ALERT,CODED,false,NONE
K232496:user,K232496,user,OTHER_CLINICIAN,OTHER_CLINICIAN,CODED,false,NONE
K232496:setting,K232496,setting,ACUTE_TRIAGE_OR_EMERGENCY,ACUTE_TRIAGE_OR_EMERGENCY,CODED,false,NONE
K232496:action,K232496,action,TRIAGE_OR_PRIORITIZATION,TRIAGE_OR_PRIORITIZATION,CODED,false,NONE
K232496:component_status,K232496,component_status,SINGLE,SINGLE,CODED,false,NONE
K232500:input,K232500,input,MEDICAL_IMAGE,MEDICAL_IMAGE,CODED,false,NONE
K232500:output,K232500,output,SEGMENTATION_OR_LOCALIZATION;MEASUREMENT_OR_QUANTIFICATION,SEGMENTATION_OR_LOCALIZATION;MEASUREMENT_OR_QUANTIFICATION,CODED,false,NONE
K232500:user,K232500,user,OTHER_CLINICIAN,OTHER_CLINICIAN,CODED,false,NONE
K232500:setting,K232500,setting,DIAGNOSTIC_INTERPRETATION;OTHER,DIAGNOSTIC_INTERPRETATION;OTHER,CODED,false,NONE
K232500:action,K232500,action,INTERPRETATION_OR_DIAGNOSIS,INTERPRETATION_OR_DIAGNOSIS,CODED,false,NONE
K232500:component_status,K232500,component_status,SINGLE,SINGLE,CODED,false,NONE
K232501:input,K232501,input,MEDICAL_IMAGE,MEDICAL_IMAGE,CODED,false,NONE
K232501:output,K232501,output,MEASUREMENT_OR_QUANTIFICATION;DETECTION_OR_ALERT;SEGMENTATION_OR_LOCALIZATION;DOCUMENTATION_OR_SUMMARY,MEASUREMENT_OR_QUANTIFICATION;DETECTION_OR_ALERT;SEGMENTATION_OR_LOCALIZATION;DOCUMENTATION_OR_SUMMARY,CODED,false,NONE
K232501:user,K232501,user,OTHER_CLINICIAN,OTHER_CLINICIAN,CODED,false,NONE
K232501:setting,K232501,setting,DIAGNOSTIC_INTERPRETATION,DIAGNOSTIC_INTERPRETATION,CODED,false,NONE
K232501:action,K232501,action,INTERPRETATION_OR_DIAGNOSIS,INTERPRETATION_OR_DIAGNOSIS,CODED,false,NONE
K232501:component_status,K232501,component_status,MULTIPLE,MULTIPLE,CODED,false,NONE
K232526:input,K232526,input,MEDICAL_IMAGE,MEDICAL_IMAGE,CODED,false,NONE
K232526:output,K232526,output,RECONSTRUCTION_OR_ENHANCEMENT,RECONSTRUCTION_OR_ENHANCEMENT,CODED,false,NONE
K232526:user,K232526,user,NOT_STATED,NOT_STATED,NOT_STATED,true,FIELD_NOT_STATED
K232526:setting,K232526,setting,PROCEDURAL_OR_OPERATING_ROOM,PROCEDURAL_OR_OPERATING_ROOM,CODED,false,NONE
K232526:action,K232526,action,OTHER,OTHER,CODED,false,NONE
K232526:component_status,K232526,component_status,SINGLE,SINGLE,CODED,false,NONE
K232535:input,K232535,input,MEDICAL_IMAGE,MEDICAL_IMAGE,CODED,false,NONE
K232535:output,K232535,output,RECONSTRUCTION_OR_ENHANCEMENT,RECONSTRUCTION_OR_ENHANCEMENT,CODED,false,NONE
K232535:user,K232535,user,OTHER_PHYSICIAN,OTHER_PHYSICIAN,CODED,false,NONE
K232535:setting,K232535,setting,DIAGNOSTIC_INTERPRETATION,DIAGNOSTIC_INTERPRETATION,CODED,false,NONE
K232535:action,K232535,action,INTERPRETATION_OR_DIAGNOSIS,INTERPRETATION_OR_DIAGNOSIS,CODED,false,NONE
K232535:component_status,K232535,component_status,SINGLE,SINGLE,CODED,false,NONE
K232613:input,K232613,input,MEDICAL_IMAGE,MEDICAL_IMAGE,CODED,false,NONE
K232613:output,K232613,output,MEASUREMENT_OR_QUANTIFICATION;DOCUMENTATION_OR_SUMMARY;SEGMENTATION_OR_LOCALIZATION,MEASUREMENT_OR_QUANTIFICATION;DOCUMENTATION_OR_SUMMARY;SEGMENTATION_OR_LOCALIZATION,CODED,false,NONE
K232613:user,K232613,user,OTHER_PHYSICIAN;OTHER_CLINICIAN,OTHER_PHYSICIAN;OTHER_CLINICIAN,CODED,false,NONE
K232613:setting,K232613,setting,DIAGNOSTIC_INTERPRETATION;OTHER,DIAGNOSTIC_INTERPRETATION;OTHER,CODED,false,NONE
K232613:action,K232613,action,INTERPRETATION_OR_DIAGNOSIS,INTERPRETATION_OR_DIAGNOSIS,CODED,false,NONE
K232613:component_status,K232613,component_status,SINGLE,SINGLE,CODED,false,NONE
K232616:input,K232616,input,PHYSIOLOGICAL_SIGNAL;DEVICE_TELEMETRY_OR_OPERATIONAL;MULTIMODAL,PHYSIOLOGICAL_SIGNAL;DEVICE_TELEMETRY_OR_OPERATIONAL;MULTIMODAL,CODED,false,NONE
K232616:output,K232616,output,DETECTION_OR_ALERT;SEGMENTATION_OR_LOCALIZATION;MEASUREMENT_OR_QUANTIFICATION,DETECTION_OR_ALERT;SEGMENTATION_OR_LOCALIZATION;MEASUREMENT_OR_QUANTIFICATION,CODED,false,NONE
K232616:user,K232616,user,TECHNOLOGIST_OR_OPERATOR,TECHNOLOGIST_OR_OPERATOR,CODED,false,NONE
K232616:setting,K232616,setting,PROCEDURAL_OR_OPERATING_ROOM,PROCEDURAL_OR_OPERATING_ROOM,CODED,false,NONE
K232616:action,K232616,action,INTERPRETATION_OR_DIAGNOSIS;WORKFLOW_OR_DOCUMENTATION,INTERPRETATION_OR_DIAGNOSIS;WORKFLOW_OR_DOCUMENTATION,CODED,false,NONE
K232616:component_status,K232616,component_status,SINGLE,SINGLE,CODED,false,NONE
K232661:input,K232661,input,MEDICAL_IMAGE,MEDICAL_IMAGE,CODED,false,NONE
K232661:output,K232661,output,MEASUREMENT_OR_QUANTIFICATION;DOCUMENTATION_OR_SUMMARY,MEASUREMENT_OR_QUANTIFICATION;DOCUMENTATION_OR_SUMMARY,CODED,false,NONE
K232661:user,K232661,user,OTHER_PHYSICIAN;OTHER_CLINICIAN,OTHER_PHYSICIAN;OTHER_CLINICIAN,CODED,false,NONE
K232661:setting,K232661,setting,DIAGNOSTIC_INTERPRETATION,DIAGNOSTIC_INTERPRETATION,CODED,false,NONE
K232661:action,K232661,action,INTERPRETATION_OR_DIAGNOSIS,INTERPRETATION_OR_DIAGNOSIS,CODED,false,NONE
K232661:component_status,K232661,component_status,SINGLE,SINGLE,CODED,false,NONE
K232686:input,K232686,input,PHYSIOLOGICAL_SIGNAL;CLINICAL_TABULAR_OR_TEXT;MULTIMODAL,PHYSIOLOGICAL_SIGNAL;CLINICAL_TABULAR_OR_TEXT;MULTIMODAL,CODED,false,NONE
K232686:output,K232686,output,CLASSIFICATION_OR_DIAGNOSIS;DOCUMENTATION_OR_SUMMARY,CLASSIFICATION_OR_DIAGNOSIS;DOCUMENTATION_OR_SUMMARY,CODED,false,NONE
K232686:user,K232686,user,OTHER_PHYSICIAN;OTHER_CLINICIAN,OTHER_PHYSICIAN;OTHER_CLINICIAN,CODED,false,NONE
K232686:setting,K232686,setting,DIAGNOSTIC_INTERPRETATION;OUTPATIENT;OTHER,DIAGNOSTIC_INTERPRETATION;OUTPATIENT;OTHER,CODED,false,NONE
K232686:action,K232686,action,INTERPRETATION_OR_DIAGNOSIS,INTERPRETATION_OR_DIAGNOSIS,CODED,false,NONE
K232686:component_status,K232686,component_status,SINGLE,SINGLE,CODED,false,NONE
K232698:input,K232698,input,MEDICAL_IMAGE;MULTIMODAL,MEDICAL_IMAGE;MULTIMODAL,CODED,false,NONE
K232698:output,K232698,output,OTHER;MEASUREMENT_OR_QUANTIFICATION,OTHER;MEASUREMENT_OR_QUANTIFICATION,CODED,false,NONE
K232698:user,K232698,user,OTHER_CLINICIAN,OTHER_CLINICIAN,CODED,false,NONE
K232698:setting,K232698,setting,PROCEDURAL_OR_OPERATING_ROOM,PROCEDURAL_OR_OPERATING_ROOM,CODED,false,NONE
K232698:action,K232698,action,TREATMENT_OR_PROCEDURE_PLANNING,TREATMENT_OR_PROCEDURE_PLANNING,CODED,false,NONE
K232698:component_status,K232698,component_status,SINGLE,SINGLE,CODED,false,NONE
K232699:input,K232699,input,PHYSIOLOGICAL_SIGNAL,PHYSIOLOGICAL_SIGNAL,CODED,false,NONE
K232699:output,K232699,output,DETECTION_OR_ALERT,DETECTION_OR_ALERT,CODED,false,NONE
K232699:user,K232699,user,OTHER_PHYSICIAN;OTHER_CLINICIAN,OTHER_PHYSICIAN;OTHER_CLINICIAN,CODED,false,NONE
K232699:setting,K232699,setting,SCREENING;ACUTE_TRIAGE_OR_EMERGENCY;OTHER,SCREENING;ACUTE_TRIAGE_OR_EMERGENCY;OTHER,CODED,false,NONE
K232699:action,K232699,action,INTERPRETATION_OR_DIAGNOSIS,INTERPRETATION_OR_DIAGNOSIS,CODED,false,NONE
K232699:component_status,K232699,component_status,SINGLE,SINGLE,CODED,false,NONE
K232704:input,K232704,input,NOT_ASSESSABLE,NOT_ASSESSABLE,NOT_ASSESSABLE,true,AI_ATTRIBUTION_BARRIER
K232704:output,K232704,output,NOT_ASSESSABLE,NOT_ASSESSABLE,NOT_ASSESSABLE,true,AI_ATTRIBUTION_BARRIER
K232704:user,K232704,user,NOT_ASSESSABLE,NOT_ASSESSABLE,NOT_ASSESSABLE,true,AI_ATTRIBUTION_BARRIER
K232704:setting,K232704,setting,NOT_ASSESSABLE,NOT_ASSESSABLE,NOT_ASSESSABLE,true,AI_ATTRIBUTION_BARRIER
K232704:action,K232704,action,NOT_ASSESSABLE,NOT_ASSESSABLE,NOT_ASSESSABLE,true,AI_ATTRIBUTION_BARRIER
K232704:component_status,K232704,component_status,UNCERTAIN,UNCERTAIN,UNCERTAIN,true,AI_ATTRIBUTION_BARRIER
K232712:input,K232712,input,MEDICAL_IMAGE;MULTIMODAL,MEDICAL_IMAGE;MULTIMODAL,CODED,false,NONE
K232712:output,K232712,output,RECONSTRUCTION_OR_ENHANCEMENT;MEASUREMENT_OR_QUANTIFICATION,RECONSTRUCTION_OR_ENHANCEMENT;MEASUREMENT_OR_QUANTIFICATION,CODED,false,NONE
K232712:user,K232712,user,OTHER_CLINICIAN,OTHER_CLINICIAN,CODED,false,NONE
K232712:setting,K232712,setting,DIAGNOSTIC_INTERPRETATION,DIAGNOSTIC_INTERPRETATION,CODED,false,NONE
K232712:action,K232712,action,INTERPRETATION_OR_DIAGNOSIS,INTERPRETATION_OR_DIAGNOSIS,CODED,false,NONE
K232712:component_status,K232712,component_status,MULTIPLE,MULTIPLE,CODED,false,NONE
K232751:input,K232751,input,MEDICAL_IMAGE,MEDICAL_IMAGE,CODED,false,NONE
K232751:output,K232751,output,DETECTION_OR_ALERT,DETECTION_OR_ALERT,CODED,false,NONE
K232751:user,K232751,user,OTHER_PHYSICIAN,OTHER_PHYSICIAN,CODED,false,NONE
K232751:setting,K232751,setting,ACUTE_TRIAGE_OR_EMERGENCY,ACUTE_TRIAGE_OR_EMERGENCY,CODED,false,NONE
K232751:action,K232751,action,TRIAGE_OR_PRIORITIZATION,TRIAGE_OR_PRIORITIZATION,CODED,false,NONE
K232751:component_status,K232751,component_status,SINGLE,SINGLE,CODED,false,NONE
K232760:input,K232760,input,MEDICAL_IMAGE,MEDICAL_IMAGE,CODED,false,NONE
K232760:output,K232760,output,RECONSTRUCTION_OR_ENHANCEMENT,RECONSTRUCTION_OR_ENHANCEMENT,CODED,false,NONE
K232760:user,K232760,user,OTHER_PHYSICIAN;TECHNOLOGIST_OR_OPERATOR,OTHER_PHYSICIAN;TECHNOLOGIST_OR_OPERATOR,CODED,false,NONE
K232760:setting,K232760,setting,DIAGNOSTIC_INTERPRETATION;ACUTE_TRIAGE_OR_EMERGENCY;INPATIENT;OTHER,DIAGNOSTIC_INTERPRETATION;ACUTE_TRIAGE_OR_EMERGENCY;INPATIENT;OTHER,CODED,false,NONE
K232760:action,K232760,action,INTERPRETATION_OR_DIAGNOSIS,INTERPRETATION_OR_DIAGNOSIS,CODED,false,NONE
K232760:component_status,K232760,component_status,SINGLE,SINGLE,CODED,false,NONE
K232765:input,K232765,input,MEDICAL_IMAGE,MEDICAL_IMAGE,CODED,false,NONE
K232765:output,K232765,output,RECONSTRUCTION_OR_ENHANCEMENT,RECONSTRUCTION_OR_ENHANCEMENT,CODED,false,NONE
K232765:user,K232765,user,OTHER_PHYSICIAN,OTHER_PHYSICIAN,CODED,false,NONE
K232765:setting,K232765,setting,DIAGNOSTIC_INTERPRETATION,DIAGNOSTIC_INTERPRETATION,CODED,false,NONE
K232765:action,K232765,action,INTERPRETATION_OR_DIAGNOSIS,INTERPRETATION_OR_DIAGNOSIS,CODED,false,NONE
K232765:component_status,K232765,component_status,SINGLE,SINGLE,CODED,false,NONE
K232787:input,K232787,input,MEDICAL_IMAGE,MEDICAL_IMAGE,CODED,false,NONE
K232787:output,K232787,output,SEGMENTATION_OR_LOCALIZATION,SEGMENTATION_OR_LOCALIZATION,CODED,false,NONE
K232787:user,K232787,user,OTHER_CLINICIAN,OTHER_CLINICIAN,CODED,false,NONE
K232787:setting,K232787,setting,PROCEDURAL_OR_OPERATING_ROOM,PROCEDURAL_OR_OPERATING_ROOM,CODED,false,NONE
K232787:action,K232787,action,TREATMENT_OR_PROCEDURE_PLANNING,TREATMENT_OR_PROCEDURE_PLANNING,CODED,false,NONE
K232787:component_status,K232787,component_status,SINGLE,SINGLE,CODED,false,NONE
K232799:input,K232799,input,MEDICAL_IMAGE,MEDICAL_IMAGE,CODED,false,NONE
K232799:output,K232799,output,SEGMENTATION_OR_LOCALIZATION;RECONSTRUCTION_OR_ENHANCEMENT,SEGMENTATION_OR_LOCALIZATION;RECONSTRUCTION_OR_ENHANCEMENT,CODED,false,NONE
K232799:user,K232799,user,OTHER_CLINICIAN,OTHER_CLINICIAN,CODED,false,NONE
K232799:setting,K232799,setting,PROCEDURAL_OR_OPERATING_ROOM,PROCEDURAL_OR_OPERATING_ROOM,CODED,false,NONE
K232799:action,K232799,action,TREATMENT_OR_PROCEDURE_PLANNING,TREATMENT_OR_PROCEDURE_PLANNING,CODED,false,NONE
K232799:component_status,K232799,component_status,MULTIPLE,MULTIPLE,CODED,false,NONE
K232808:input,K232808,input,MEDICAL_IMAGE,MEDICAL_IMAGE,CODED,false,NONE
K232808:output,K232808,output,MEASUREMENT_OR_QUANTIFICATION,MEASUREMENT_OR_QUANTIFICATION,CODED,false,NONE
K232808:user,K232808,user,OTHER_CLINICIAN;OTHER,OTHER_CLINICIAN;OTHER,CODED,false,NONE
K232808:setting,K232808,setting,DIAGNOSTIC_INTERPRETATION;HOME_OR_CONSUMER;ACUTE_TRIAGE_OR_EMERGENCY;OTHER,DIAGNOSTIC_INTERPRETATION;HOME_OR_CONSUMER;ACUTE_TRIAGE_OR_EMERGENCY;OTHER,CODED,false,NONE
K232808:action,K232808,action,INTERPRETATION_OR_DIAGNOSIS,INTERPRETATION_OR_DIAGNOSIS,CODED,false,NONE
K232808:component_status,K232808,component_status,MULTIPLE,MULTIPLE,CODED,false,NONE
K232835:input,K232835,input,MEDICAL_IMAGE,MEDICAL_IMAGE,CODED,false,NONE
K232835:output,K232835,output,RECONSTRUCTION_OR_ENHANCEMENT,RECONSTRUCTION_OR_ENHANCEMENT,CODED,false,NONE
K232835:user,K232835,user,OTHER_PHYSICIAN,OTHER_PHYSICIAN,CODED,false,NONE
K232835:setting,K232835,setting,DIAGNOSTIC_INTERPRETATION,DIAGNOSTIC_INTERPRETATION,CODED,false,NONE
K232835:action,K232835,action,INTERPRETATION_OR_DIAGNOSIS,INTERPRETATION_OR_DIAGNOSIS,CODED,false,NONE
K232835:component_status,K232835,component_status,SINGLE,SINGLE,CODED,false,NONE
K232841:input,K232841,input,MEDICAL_IMAGE,MEDICAL_IMAGE,CODED,false,NONE
K232841:output,K232841,output,SEGMENTATION_OR_LOCALIZATION,SEGMENTATION_OR_LOCALIZATION,CODED,false,NONE
K232841:user,K232841,user,OTHER,OTHER,CODED,false,NONE
K232841:setting,K232841,setting,PROCEDURAL_OR_OPERATING_ROOM;DIAGNOSTIC_INTERPRETATION;OTHER,PROCEDURAL_OR_OPERATING_ROOM;DIAGNOSTIC_INTERPRETATION;OTHER,CODED,false,NONE
K232841:action,K232841,action,INTERPRETATION_OR_DIAGNOSIS;TREATMENT_OR_PROCEDURE_PLANNING,INTERPRETATION_OR_DIAGNOSIS;TREATMENT_OR_PROCEDURE_PLANNING,CODED,false,NONE
K232841:component_status,K232841,component_status,SINGLE,SINGLE,CODED,false,NONE
K232856:input,K232856,input,MEDICAL_IMAGE,MEDICAL_IMAGE,CODED,false,NONE
K232856:output,K232856,output,SEGMENTATION_OR_LOCALIZATION;MEASUREMENT_OR_QUANTIFICATION;OTHER,SEGMENTATION_OR_LOCALIZATION;MEASUREMENT_OR_QUANTIFICATION;OTHER,CODED,false,NONE
K232856:user,K232856,user,TECHNOLOGIST_OR_OPERATOR;OTHER_PHYSICIAN;RADIOLOGIST,TECHNOLOGIST_OR_OPERATOR;OTHER_PHYSICIAN;RADIOLOGIST,CODED,false,NONE
K232856:setting,K232856,setting,DIAGNOSTIC_INTERPRETATION;MONITORING,DIAGNOSTIC_INTERPRETATION;MONITORING,CODED,false,NONE
K232856:action,K232856,action,INTERPRETATION_OR_DIAGNOSIS;MONITORING_OR_FOLLOW_UP,INTERPRETATION_OR_DIAGNOSIS;MONITORING_OR_FOLLOW_UP,CODED,false,NONE
K232856:component_status,K232856,component_status,MULTIPLE,MULTIPLE,CODED,false,NONE
K232899:input,K232899,input,MEDICAL_IMAGE,MEDICAL_IMAGE,CODED,false,NONE
K232899:output,K232899,output,SEGMENTATION_OR_LOCALIZATION,SEGMENTATION_OR_LOCALIZATION,CODED,false,NONE
K232899:user,K232899,user,OTHER_CLINICIAN,OTHER_CLINICIAN,CODED,false,NONE
K232899:setting,K232899,setting,PROCEDURAL_OR_OPERATING_ROOM,PROCEDURAL_OR_OPERATING_ROOM,CODED,false,NONE
K232899:action,K232899,action,TREATMENT_OR_PROCEDURE_PLANNING,TREATMENT_OR_PROCEDURE_PLANNING,CODED,false,NONE
K232899:component_status,K232899,component_status,SINGLE,SINGLE,CODED,false,NONE
K232915:input,K232915,input,PHYSIOLOGICAL_SIGNAL;MULTIMODAL,PHYSIOLOGICAL_SIGNAL;MULTIMODAL,CODED,false,NONE
K232915:output,K232915,output,DETECTION_OR_ALERT;MEASUREMENT_OR_QUANTIFICATION,DETECTION_OR_ALERT;MEASUREMENT_OR_QUANTIFICATION,CODED,false,NONE
K232915:user,K232915,user,PATIENT_OR_CAREGIVER;OTHER_CLINICIAN,PATIENT_OR_CAREGIVER;OTHER_CLINICIAN,CODED,false,NONE
K232915:setting,K232915,setting,MONITORING;HOME_OR_CONSUMER;OTHER,MONITORING;HOME_OR_CONSUMER;OTHER,CODED,false,NONE
K232915:action,K232915,action,REFERRAL_OR_ESCALATION;MONITORING_OR_FOLLOW_UP,REFERRAL_OR_ESCALATION;MONITORING_OR_FOLLOW_UP,CODED,false,NONE
K232915:component_status,K232915,component_status,MULTIPLE,MULTIPLE,CODED,false,NONE
K232923:input,K232923,input,MEDICAL_IMAGE,MEDICAL_IMAGE,CODED,false,NONE
K232923:output,K232923,output,SEGMENTATION_OR_LOCALIZATION,SEGMENTATION_OR_LOCALIZATION,CODED,false,NONE
K232923:user,K232923,user,OTHER_PHYSICIAN;OTHER_CLINICIAN,OTHER_PHYSICIAN;OTHER_CLINICIAN,CODED,false,NONE
K232923:setting,K232923,setting,PROCEDURAL_OR_OPERATING_ROOM,PROCEDURAL_OR_OPERATING_ROOM,CODED,false,NONE
K232923:action,K232923,action,TREATMENT_OR_PROCEDURE_PLANNING,TREATMENT_OR_PROCEDURE_PLANNING,CODED,false,NONE
K232923:component_status,K232923,component_status,SINGLE,SINGLE,CODED,false,NONE
K232928:input,K232928,input,MEDICAL_IMAGE,MEDICAL_IMAGE,CODED,false,NONE
K232928:output,K232928,output,SEGMENTATION_OR_LOCALIZATION;MEASUREMENT_OR_QUANTIFICATION,SEGMENTATION_OR_LOCALIZATION;MEASUREMENT_OR_QUANTIFICATION,CODED,false,NONE
K232928:user,K232928,user,OTHER_CLINICIAN,OTHER_CLINICIAN,CODED,false,NONE
K232928:setting,K232928,setting,PROCEDURAL_OR_OPERATING_ROOM,PROCEDURAL_OR_OPERATING_ROOM,CODED,false,NONE
K232928:action,K232928,action,TREATMENT_OR_PROCEDURE_PLANNING,TREATMENT_OR_PROCEDURE_PLANNING,CODED,false,NONE
K232928:component_status,K232928,component_status,SINGLE,SINGLE,CODED,false,NONE
K233030:input,K233030,input,MEDICAL_IMAGE,MEDICAL_IMAGE,CODED,false,NONE
K233030:output,K233030,output,RECONSTRUCTION_OR_ENHANCEMENT,RECONSTRUCTION_OR_ENHANCEMENT,CODED,false,NONE
K233030:user,K233030,user,RADIOLOGIST;OTHER_PHYSICIAN,RADIOLOGIST;OTHER_PHYSICIAN,CODED,false,NONE
K233030:setting,K233030,setting,DIAGNOSTIC_INTERPRETATION;OUTPATIENT,DIAGNOSTIC_INTERPRETATION;OUTPATIENT,CODED,false,NONE
K233030:action,K233030,action,INTERPRETATION_OR_DIAGNOSIS,INTERPRETATION_OR_DIAGNOSIS,CODED,false,NONE
K233030:component_status,K233030,component_status,SINGLE,SINGLE,CODED,false,NONE
K233080:input,K233080,input,MEDICAL_IMAGE,MEDICAL_IMAGE,CODED,false,NONE
K233080:output,K233080,output,MEASUREMENT_OR_QUANTIFICATION;SEGMENTATION_OR_LOCALIZATION;DETECTION_OR_ALERT,MEASUREMENT_OR_QUANTIFICATION;SEGMENTATION_OR_LOCALIZATION;DETECTION_OR_ALERT,CODED,false,NONE
K233080:user,K233080,user,OTHER_CLINICIAN,OTHER_CLINICIAN,CODED,false,NONE
K233080:setting,K233080,setting,DIAGNOSTIC_INTERPRETATION,DIAGNOSTIC_INTERPRETATION,CODED,false,NONE
K233080:action,K233080,action,INTERPRETATION_OR_DIAGNOSIS,INTERPRETATION_OR_DIAGNOSIS,CODED,false,NONE
K233080:component_status,K233080,component_status,SINGLE,SINGLE,CODED,false,NONE
K233108:input,K233108,input,MEDICAL_IMAGE,MEDICAL_IMAGE,CODED,false,NONE
K233108:output,K233108,output,DETECTION_OR_ALERT,DETECTION_OR_ALERT,CODED,false,NONE
K233108:user,K233108,user,RADIOLOGIST;OTHER_PHYSICIAN,RADIOLOGIST;OTHER_PHYSICIAN,CODED,false,NONE
K233108:setting,K233108,setting,SCREENING,SCREENING,CODED,false,NONE
K233108:action,K233108,action,TRIAGE_OR_PRIORITIZATION,TRIAGE_OR_PRIORITIZATION,CODED,false,NONE
K233108:component_status,K233108,component_status,SINGLE,SINGLE,CODED,false,NONE
K233112:input,K233112,input,MEDICAL_IMAGE,MEDICAL_IMAGE,CODED,false,NONE
K233112:output,K233112,output,SEGMENTATION_OR_LOCALIZATION;MEASUREMENT_OR_QUANTIFICATION,SEGMENTATION_OR_LOCALIZATION;MEASUREMENT_OR_QUANTIFICATION,CODED,false,NONE
K233112:user,K233112,user,OTHER_CLINICIAN,OTHER_CLINICIAN,CODED,false,NONE
K233112:setting,K233112,setting,DIAGNOSTIC_INTERPRETATION;ACUTE_TRIAGE_OR_EMERGENCY;OUTPATIENT;OTHER,DIAGNOSTIC_INTERPRETATION;ACUTE_TRIAGE_OR_EMERGENCY;OUTPATIENT;OTHER,CODED,false,NONE
K233112:action,K233112,action,INTERPRETATION_OR_DIAGNOSIS,INTERPRETATION_OR_DIAGNOSIS,CODED,false,NONE
K233112:component_status,K233112,component_status,MULTIPLE,MULTIPLE,CODED,false,NONE
K233176:input,K233176,input,MEDICAL_IMAGE,MEDICAL_IMAGE,CODED,false,NONE
K233176:output,K233176,output,SEGMENTATION_OR_LOCALIZATION,SEGMENTATION_OR_LOCALIZATION,CODED,false,NONE
K233176:user,K233176,user,OTHER_PHYSICIAN,OTHER_PHYSICIAN,CODED,false,NONE
K233176:setting,K233176,setting,DIAGNOSTIC_INTERPRETATION;OTHER,DIAGNOSTIC_INTERPRETATION;OTHER,CODED,false,NONE
K233176:action,K233176,action,WORKFLOW_OR_DOCUMENTATION,WORKFLOW_OR_DOCUMENTATION,CODED,false,NONE
K233176:component_status,K233176,component_status,SINGLE,SINGLE,CODED,false,NONE
K233186:input,K233186,input,MEDICAL_IMAGE,MEDICAL_IMAGE,CODED,false,NONE
K233186:output,K233186,output,SEGMENTATION_OR_LOCALIZATION;MEASUREMENT_OR_QUANTIFICATION;DOCUMENTATION_OR_SUMMARY,SEGMENTATION_OR_LOCALIZATION;MEASUREMENT_OR_QUANTIFICATION;DOCUMENTATION_OR_SUMMARY,CODED,false,NONE
K233186:user,K233186,user,NOT_STATED,NOT_STATED,NOT_STATED,true,FIELD_NOT_STATED
K233186:setting,K233186,setting,DIAGNOSTIC_INTERPRETATION;OTHER,DIAGNOSTIC_INTERPRETATION;OTHER,CODED,false,NONE
K233186:action,K233186,action,INTERPRETATION_OR_DIAGNOSIS,INTERPRETATION_OR_DIAGNOSIS,CODED,false,NONE
K233186:component_status,K233186,component_status,SINGLE,SINGLE,CODED,false,NONE
K233195:input,K233195,input,MEDICAL_IMAGE,MEDICAL_IMAGE,CODED,false,NONE
K233195:output,K233195,output,MEASUREMENT_OR_QUANTIFICATION;OTHER,MEASUREMENT_OR_QUANTIFICATION;OTHER,CODED,false,NONE
K233195:user,K233195,user,OTHER_PHYSICIAN;OTHER_CLINICIAN,OTHER_PHYSICIAN;OTHER_CLINICIAN,CODED,false,NONE
K233195:setting,K233195,setting,DIAGNOSTIC_INTERPRETATION;PROCEDURAL_OR_OPERATING_ROOM;OTHER,DIAGNOSTIC_INTERPRETATION;PROCEDURAL_OR_OPERATING_ROOM;OTHER,CODED,false,NONE
K233195:action,K233195,action,INTERPRETATION_OR_DIAGNOSIS;TREATMENT_OR_PROCEDURE_PLANNING,INTERPRETATION_OR_DIAGNOSIS;TREATMENT_OR_PROCEDURE_PLANNING,CODED,false,NONE
K233195:component_status,K233195,component_status,MULTIPLE,MULTIPLE,CODED,false,NONE
K233196:input,K233196,input,MEDICAL_IMAGE,MEDICAL_IMAGE,CODED,false,NONE
K233196:output,K233196,output,SEGMENTATION_OR_LOCALIZATION;MEASUREMENT_OR_QUANTIFICATION;DOCUMENTATION_OR_SUMMARY,SEGMENTATION_OR_LOCALIZATION;MEASUREMENT_OR_QUANTIFICATION;DOCUMENTATION_OR_SUMMARY,CODED,false,NONE
K233196:user,K233196,user,RADIOLOGIST;OTHER_PHYSICIAN,RADIOLOGIST;OTHER_PHYSICIAN,CODED,false,NONE
K233196:setting,K233196,setting,DIAGNOSTIC_INTERPRETATION,DIAGNOSTIC_INTERPRETATION,CODED,false,NONE
K233196:action,K233196,action,INTERPRETATION_OR_DIAGNOSIS,INTERPRETATION_OR_DIAGNOSIS,CODED,false,NONE
K233196:component_status,K233196,component_status,SINGLE,SINGLE,CODED,false,NONE
K233209:input,K233209,input,MEDICAL_IMAGE,MEDICAL_IMAGE,CODED,false,NONE
K233209:output,K233209,output,SEGMENTATION_OR_LOCALIZATION;MEASUREMENT_OR_QUANTIFICATION,SEGMENTATION_OR_LOCALIZATION;MEASUREMENT_OR_QUANTIFICATION,CODED,false,NONE
K233209:user,K233209,user,NOT_STATED,NOT_STATED,NOT_STATED,true,FIELD_NOT_STATED
K233209:setting,K233209,setting,DIAGNOSTIC_INTERPRETATION;PROCEDURAL_OR_OPERATING_ROOM;OTHER,DIAGNOSTIC_INTERPRETATION;PROCEDURAL_OR_OPERATING_ROOM;OTHER,CODED,false,NONE
K233209:action,K233209,action,INTERPRETATION_OR_DIAGNOSIS;TREATMENT_OR_PROCEDURE_PLANNING,INTERPRETATION_OR_DIAGNOSIS;TREATMENT_OR_PROCEDURE_PLANNING,CODED,false,NONE
K233209:component_status,K233209,component_status,MULTIPLE,MULTIPLE,CODED,false,NONE
K233211:input,K233211,input,MEDICAL_IMAGE;CLINICAL_TABULAR_OR_TEXT;MULTIMODAL,MEDICAL_IMAGE;CLINICAL_TABULAR_OR_TEXT;MULTIMODAL,CODED,false,NONE
K233211:output,K233211,output,SEGMENTATION_OR_LOCALIZATION;MEASUREMENT_OR_QUANTIFICATION;RISK_SCORE_OR_PREDICTION,SEGMENTATION_OR_LOCALIZATION;MEASUREMENT_OR_QUANTIFICATION;RISK_SCORE_OR_PREDICTION,CODED,false,NONE
K233211:user,K233211,user,RADIOLOGIST;OTHER_PHYSICIAN;OTHER_CLINICIAN,RADIOLOGIST;OTHER_PHYSICIAN;OTHER_CLINICIAN,CODED,false,NONE
K233211:setting,K233211,setting,DIAGNOSTIC_INTERPRETATION,DIAGNOSTIC_INTERPRETATION,CODED,false,NONE
K233211:action,K233211,action,INTERPRETATION_OR_DIAGNOSIS,INTERPRETATION_OR_DIAGNOSIS,CODED,false,NONE
K233211:component_status,K233211,component_status,SINGLE,SINGLE,CODED,false,NONE
K233216:input,K233216,input,CLINICAL_TABULAR_OR_TEXT;PHYSIOLOGICAL_SIGNAL;MULTIMODAL,CLINICAL_TABULAR_OR_TEXT;PHYSIOLOGICAL_SIGNAL;MULTIMODAL,CODED,false,NONE
K233216:output,K233216,output,RISK_SCORE_OR_PREDICTION;DETECTION_OR_ALERT,RISK_SCORE_OR_PREDICTION;DETECTION_OR_ALERT,CODED,false,NONE
K233216:user,K233216,user,OTHER_CLINICIAN,OTHER_CLINICIAN,CODED,false,NONE
K233216:setting,K233216,setting,MONITORING;INPATIENT;ACUTE_TRIAGE_OR_EMERGENCY;PROCEDURAL_OR_OPERATING_ROOM,MONITORING;INPATIENT;ACUTE_TRIAGE_OR_EMERGENCY;PROCEDURAL_OR_OPERATING_ROOM,CODED,false,NONE
K233216:action,K233216,action,MONITORING_OR_FOLLOW_UP,MONITORING_OR_FOLLOW_UP,CODED,false,NONE
K233216:component_status,K233216,component_status,SINGLE,SINGLE,CODED,false,NONE
K233243:input,K233243,input,MEDICAL_IMAGE,MEDICAL_IMAGE,CODED,false,NONE
K233243:output,K233243,output,SEGMENTATION_OR_LOCALIZATION;MEASUREMENT_OR_QUANTIFICATION;DOCUMENTATION_OR_SUMMARY;RECOMMENDATION_OR_PLANNING,SEGMENTATION_OR_LOCALIZATION;MEASUREMENT_OR_QUANTIFICATION;DOCUMENTATION_OR_SUMMARY;RECOMMENDATION_OR_PLANNING,CODED,false,NONE
K233243:user,K233243,user,OTHER_PHYSICIAN,OTHER_PHYSICIAN,CODED,false,NONE
K233243:setting,K233243,setting,PROCEDURAL_OR_OPERATING_ROOM,PROCEDURAL_OR_OPERATING_ROOM,CODED,false,NONE
K233243:action,K233243,action,TREATMENT_OR_PROCEDURE_PLANNING,TREATMENT_OR_PROCEDURE_PLANNING,CODED,false,NONE
K233243:component_status,K233243,component_status,MULTIPLE,MULTIPLE,CODED,false,NONE
K233247:input,K233247,input,MEDICAL_IMAGE,MEDICAL_IMAGE,CODED,false,NONE
K233247:output,K233247,output,DETECTION_OR_ALERT,DETECTION_OR_ALERT,CODED,false,NONE
K233247:user,K233247,user,OTHER_CLINICIAN,OTHER_CLINICIAN,CODED,false,NONE
K233247:setting,K233247,setting,ACUTE_TRIAGE_OR_EMERGENCY;OTHER,ACUTE_TRIAGE_OR_EMERGENCY;OTHER,CODED,false,NONE
K233247:action,K233247,action,TRIAGE_OR_PRIORITIZATION,TRIAGE_OR_PRIORITIZATION,CODED,false,NONE
K233247:component_status,K233247,component_status,SINGLE,SINGLE,CODED,false,NONE
K233249:input,K233249,input,PHYSIOLOGICAL_SIGNAL,PHYSIOLOGICAL_SIGNAL,CODED,false,NONE
K233249:output,K233249,output,RISK_SCORE_OR_PREDICTION,RISK_SCORE_OR_PREDICTION,CODED,false,NONE
K233249:user,K233249,user,OTHER_CLINICIAN,OTHER_CLINICIAN,CODED,false,NONE
K233249:setting,K233249,setting,ACUTE_TRIAGE_OR_EMERGENCY;MONITORING;OTHER,ACUTE_TRIAGE_OR_EMERGENCY;MONITORING;OTHER,CODED,false,NONE
K233249:action,K233249,action,TRIAGE_OR_PRIORITIZATION;REFERRAL_OR_ESCALATION,TRIAGE_OR_PRIORITIZATION;REFERRAL_OR_ESCALATION,CODED,false,NONE
K233249:component_status,K233249,component_status,SINGLE,SINGLE,CODED,false,NONE
K233253:input,K233253,input,CLINICAL_TABULAR_OR_TEXT,CLINICAL_TABULAR_OR_TEXT,CODED,false,NONE
K233253:output,K233253,output,RISK_SCORE_OR_PREDICTION;DETECTION_OR_ALERT,RISK_SCORE_OR_PREDICTION;DETECTION_OR_ALERT,CODED,false,NONE
K233253:user,K233253,user,OTHER_PHYSICIAN;OTHER_CLINICIAN,OTHER_PHYSICIAN;OTHER_CLINICIAN,CODED,false,NONE
K233253:setting,K233253,setting,INPATIENT;MONITORING,INPATIENT;MONITORING,CODED,false,NONE
K233253:action,K233253,action,MONITORING_OR_FOLLOW_UP;WORKFLOW_OR_DOCUMENTATION,MONITORING_OR_FOLLOW_UP;WORKFLOW_OR_DOCUMENTATION,CODED,false,NONE
K233253:component_status,K233253,component_status,SINGLE,SINGLE,CODED,false,NONE
K233334:input,K233334,input,MEDICAL_IMAGE,MEDICAL_IMAGE,CODED,false,NONE
K233334:output,K233334,output,RECONSTRUCTION_OR_ENHANCEMENT,RECONSTRUCTION_OR_ENHANCEMENT,CODED,false,NONE
K233334:user,K233334,user,OTHER_PHYSICIAN,OTHER_PHYSICIAN,CODED,false,NONE
K233334:setting,K233334,setting,DIAGNOSTIC_INTERPRETATION,DIAGNOSTIC_INTERPRETATION,CODED,false,NONE
K233334:action,K233334,action,INTERPRETATION_OR_DIAGNOSIS,INTERPRETATION_OR_DIAGNOSIS,CODED,false,NONE
K233334:component_status,K233334,component_status,SINGLE,SINGLE,CODED,false,NONE
K233342:input,K233342,input,MEDICAL_IMAGE,MEDICAL_IMAGE,CODED,false,NONE
K233342:output,K233342,output,MEASUREMENT_OR_QUANTIFICATION;SEGMENTATION_OR_LOCALIZATION,MEASUREMENT_OR_QUANTIFICATION;SEGMENTATION_OR_LOCALIZATION,CODED,false,NONE
K233342:user,K233342,user,RADIOLOGIST;OTHER_CLINICIAN,RADIOLOGIST;OTHER_CLINICIAN,CODED,false,NONE
K233342:setting,K233342,setting,DIAGNOSTIC_INTERPRETATION;ACUTE_TRIAGE_OR_EMERGENCY;OTHER,DIAGNOSTIC_INTERPRETATION;ACUTE_TRIAGE_OR_EMERGENCY;OTHER,CODED,false,NONE
K233342:action,K233342,action,INTERPRETATION_OR_DIAGNOSIS,INTERPRETATION_OR_DIAGNOSIS,CODED,false,NONE
K233342:component_status,K233342,component_status,SINGLE,SINGLE,CODED,false,NONE
K233409:input,K233409,input,PHYSIOLOGICAL_SIGNAL;AUDIO_OR_VIDEO;MULTIMODAL,PHYSIOLOGICAL_SIGNAL;AUDIO_OR_VIDEO;MULTIMODAL,CODED,false,NONE
K233409:output,K233409,output,CLASSIFICATION_OR_DIAGNOSIS,CLASSIFICATION_OR_DIAGNOSIS,CODED,false,NONE
K233409:user,K233409,user,OTHER_CLINICIAN;TECHNOLOGIST_OR_OPERATOR,OTHER_CLINICIAN;TECHNOLOGIST_OR_OPERATOR,CODED,false,NONE
K233409:setting,K233409,setting,SCREENING,SCREENING,CODED,false,NONE
K233409:action,K233409,action,REFERRAL_OR_ESCALATION,REFERRAL_OR_ESCALATION,CODED,false,NONE
K233409:component_status,K233409,component_status,SINGLE,SINGLE,CODED,false,NONE
K233438:input,K233438,input,PHYSIOLOGICAL_SIGNAL,PHYSIOLOGICAL_SIGNAL,CODED,false,NONE
K233438:output,K233438,output,CLASSIFICATION_OR_DIAGNOSIS,CLASSIFICATION_OR_DIAGNOSIS,CODED,false,NONE
K233438:user,K233438,user,OTHER_PHYSICIAN;TECHNOLOGIST_OR_OPERATOR,OTHER_PHYSICIAN;TECHNOLOGIST_OR_OPERATOR,CODED,false,NONE
K233438:setting,K233438,setting,DIAGNOSTIC_INTERPRETATION;OTHER,DIAGNOSTIC_INTERPRETATION;OTHER,CODED,false,NONE
K233438:action,K233438,action,INTERPRETATION_OR_DIAGNOSIS,INTERPRETATION_OR_DIAGNOSIS,CODED,false,NONE
K233438:component_status,K233438,component_status,SINGLE,SINGLE,CODED,false,NONE
K233457:input,K233457,input,MEDICAL_IMAGE,MEDICAL_IMAGE,CODED,false,NONE
K233457:output,K233457,output,SEGMENTATION_OR_LOCALIZATION;OTHER,SEGMENTATION_OR_LOCALIZATION;OTHER,CODED,false,NONE
K233457:user,K233457,user,RADIOLOGIST;TECHNOLOGIST_OR_OPERATOR;OTHER_PHYSICIAN,RADIOLOGIST;TECHNOLOGIST_OR_OPERATOR;OTHER_PHYSICIAN,CODED,false,NONE
K233457:setting,K233457,setting,PROCEDURAL_OR_OPERATING_ROOM;OTHER,PROCEDURAL_OR_OPERATING_ROOM;OTHER,CODED,false,NONE
K233457:action,K233457,action,TREATMENT_OR_PROCEDURE_PLANNING,TREATMENT_OR_PROCEDURE_PLANNING,CODED,false,NONE
K233457:component_status,K233457,component_status,UNCERTAIN,UNCERTAIN,UNCERTAIN,true,FUNCTION_GROUP_UNRESOLVED
K233512:input,K233512,input,MEDICAL_IMAGE,MEDICAL_IMAGE,CODED,false,NONE
K233512:output,K233512,output,MEASUREMENT_OR_QUANTIFICATION;OTHER,MEASUREMENT_OR_QUANTIFICATION;OTHER,CODED,false,NONE
K233512:user,K233512,user,OTHER_PHYSICIAN;TECHNOLOGIST_OR_OPERATOR,OTHER_PHYSICIAN;TECHNOLOGIST_OR_OPERATOR,CODED,false,NONE
K233512:setting,K233512,setting,DIAGNOSTIC_INTERPRETATION;ACUTE_TRIAGE_OR_EMERGENCY;PROCEDURAL_OR_OPERATING_ROOM;OTHER,DIAGNOSTIC_INTERPRETATION;ACUTE_TRIAGE_OR_EMERGENCY;PROCEDURAL_OR_OPERATING_ROOM;OTHER,CODED,false,NONE
K233512:action,K233512,action,INTERPRETATION_OR_DIAGNOSIS;TREATMENT_OR_PROCEDURE_PLANNING,INTERPRETATION_OR_DIAGNOSIS;TREATMENT_OR_PROCEDURE_PLANNING,CODED,false,NONE
K233512:component_status,K233512,component_status,UNCERTAIN,UNCERTAIN,UNCERTAIN,true,FUNCTION_GROUP_UNRESOLVED
K233543:input,K233543,input,MEDICAL_IMAGE,MEDICAL_IMAGE,CODED,false,NONE
K233543:output,K233543,output,CONTROL_OR_AUTOMATION;RECONSTRUCTION_OR_ENHANCEMENT,CONTROL_OR_AUTOMATION;RECONSTRUCTION_OR_ENHANCEMENT,CODED,false,NONE
K233543:user,K233543,user,OTHER_CLINICIAN;TECHNOLOGIST_OR_OPERATOR,OTHER_CLINICIAN;TECHNOLOGIST_OR_OPERATOR,CODED,false,NONE
K233543:setting,K233543,setting,DIAGNOSTIC_INTERPRETATION,DIAGNOSTIC_INTERPRETATION,CODED,false,NONE
K233543:action,K233543,action,THERAPY_DOSE_OR_DEVICE_CONTROL;WORKFLOW_OR_DOCUMENTATION,THERAPY_DOSE_OR_DEVICE_CONTROL;WORKFLOW_OR_DOCUMENTATION,CODED,false,NONE
K233543:component_status,K233543,component_status,MULTIPLE,MULTIPLE,CODED,false,NONE
K233545:input,K233545,input,NOT_ASSESSABLE,NOT_ASSESSABLE,NOT_ASSESSABLE,true,AI_ATTRIBUTION_BARRIER
K233545:output,K233545,output,NOT_ASSESSABLE,NOT_ASSESSABLE,NOT_ASSESSABLE,true,AI_ATTRIBUTION_BARRIER
K233545:user,K233545,user,NOT_ASSESSABLE,NOT_ASSESSABLE,NOT_ASSESSABLE,true,AI_ATTRIBUTION_BARRIER
K233545:setting,K233545,setting,NOT_ASSESSABLE,NOT_ASSESSABLE,NOT_ASSESSABLE,true,AI_ATTRIBUTION_BARRIER
K233545:action,K233545,action,NOT_ASSESSABLE,NOT_ASSESSABLE,NOT_ASSESSABLE,true,AI_ATTRIBUTION_BARRIER
K233545:component_status,K233545,component_status,UNCERTAIN,UNCERTAIN,UNCERTAIN,true,AI_ATTRIBUTION_BARRIER
K233549:input,K233549,input,PHYSIOLOGICAL_SIGNAL;CLINICAL_TABULAR_OR_TEXT;MULTIMODAL,PHYSIOLOGICAL_SIGNAL;CLINICAL_TABULAR_OR_TEXT;MULTIMODAL,CODED,false,NONE
K233549:output,K233549,output,RISK_SCORE_OR_PREDICTION,RISK_SCORE_OR_PREDICTION,CODED,false,NONE
K233549:user,K233549,user,OTHER_CLINICIAN,OTHER_CLINICIAN,CODED,false,NONE
K233549:setting,K233549,setting,SCREENING;OTHER,SCREENING;OTHER,CODED,false,NONE
K233549:action,K233549,action,REFERRAL_OR_ESCALATION;MONITORING_OR_FOLLOW_UP,REFERRAL_OR_ESCALATION;MONITORING_OR_FOLLOW_UP,CODED,false,NONE
K233549:component_status,K233549,component_status,SINGLE,SINGLE,CODED,false,NONE
K233562:input,K233562,input,NOT_ASSESSABLE,NOT_ASSESSABLE,NOT_ASSESSABLE,true,AI_ATTRIBUTION_BARRIER
K233562:output,K233562,output,NOT_ASSESSABLE,NOT_ASSESSABLE,NOT_ASSESSABLE,true,AI_ATTRIBUTION_BARRIER
K233562:user,K233562,user,NOT_ASSESSABLE,NOT_ASSESSABLE,NOT_ASSESSABLE,true,AI_ATTRIBUTION_BARRIER
K233562:setting,K233562,setting,NOT_ASSESSABLE,NOT_ASSESSABLE,NOT_ASSESSABLE,true,AI_ATTRIBUTION_BARRIER
K233562:action,K233562,action,NOT_ASSESSABLE,NOT_ASSESSABLE,NOT_ASSESSABLE,true,AI_ATTRIBUTION_BARRIER
K233562:component_status,K233562,component_status,UNCERTAIN,UNCERTAIN,UNCERTAIN,true,AI_ATTRIBUTION_BARRIER
K233568:input,K233568,input,MEDICAL_IMAGE,MEDICAL_IMAGE,CODED,false,NONE
K233568:output,K233568,output,SEGMENTATION_OR_LOCALIZATION;OTHER;MEASUREMENT_OR_QUANTIFICATION,SEGMENTATION_OR_LOCALIZATION;OTHER;MEASUREMENT_OR_QUANTIFICATION,CODED,false,NONE
K233568:user,K233568,user,OTHER;OTHER_CLINICIAN,OTHER;OTHER_CLINICIAN,CODED,false,NONE
K233568:setting,K233568,setting,PROCEDURAL_OR_OPERATING_ROOM;OTHER,PROCEDURAL_OR_OPERATING_ROOM;OTHER,CODED,false,NONE
K233568:action,K233568,action,TREATMENT_OR_PROCEDURE_PLANNING;OTHER,TREATMENT_OR_PROCEDURE_PLANNING;OTHER,CODED,false,NONE
K233568:component_status,K233568,component_status,SINGLE,SINGLE,CODED,false,NONE
K233582:input,K233582,input,MEDICAL_IMAGE,MEDICAL_IMAGE,CODED,false,NONE
K233582:output,K233582,output,MEASUREMENT_OR_QUANTIFICATION;OTHER,MEASUREMENT_OR_QUANTIFICATION;OTHER,CODED,false,NONE
K233582:user,K233582,user,OTHER_PHYSICIAN;TECHNOLOGIST_OR_OPERATOR,OTHER_PHYSICIAN;TECHNOLOGIST_OR_OPERATOR,CODED,false,NONE
K233582:setting,K233582,setting,DIAGNOSTIC_INTERPRETATION;ACUTE_TRIAGE_OR_EMERGENCY;PROCEDURAL_OR_OPERATING_ROOM,DIAGNOSTIC_INTERPRETATION;ACUTE_TRIAGE_OR_EMERGENCY;PROCEDURAL_OR_OPERATING_ROOM,CODED,false,NONE
K233582:action,K233582,action,INTERPRETATION_OR_DIAGNOSIS;TREATMENT_OR_PROCEDURE_PLANNING,INTERPRETATION_OR_DIAGNOSIS;TREATMENT_OR_PROCEDURE_PLANNING,CODED,false,NONE
K233582:component_status,K233582,component_status,UNCERTAIN,UNCERTAIN,UNCERTAIN,true,FUNCTION_GROUP_UNRESOLVED
K233590:input,K233590,input,MEDICAL_IMAGE,MEDICAL_IMAGE,CODED,false,NONE
K233590:output,K233590,output,SEGMENTATION_OR_LOCALIZATION;DOCUMENTATION_OR_SUMMARY,SEGMENTATION_OR_LOCALIZATION;DOCUMENTATION_OR_SUMMARY,CODED,false,NONE
K233590:user,K233590,user,OTHER_CLINICIAN,OTHER_CLINICIAN,CODED,false,NONE
K233590:setting,K233590,setting,OTHER,OTHER,CODED,false,NONE
K233590:action,K233590,action,WORKFLOW_OR_DOCUMENTATION,WORKFLOW_OR_DOCUMENTATION,CODED,false,NONE
K233590:component_status,K233590,component_status,SINGLE,SINGLE,CODED,false,NONE
K233618:input,K233618,input,AUDIO_OR_VIDEO,AUDIO_OR_VIDEO,CODED,false,NONE
K233618:output,K233618,output,CLASSIFICATION_OR_DIAGNOSIS;DOCUMENTATION_OR_SUMMARY,CLASSIFICATION_OR_DIAGNOSIS;DOCUMENTATION_OR_SUMMARY,CODED,false,NONE
K233618:user,K233618,user,OTHER_CLINICIAN,OTHER_CLINICIAN,CODED,false,NONE
K233618:setting,K233618,setting,INPATIENT;MONITORING;OTHER,INPATIENT;MONITORING;OTHER,CODED,false,NONE
K233618:action,K233618,action,MONITORING_OR_FOLLOW_UP,MONITORING_OR_FOLLOW_UP,CODED,false,NONE
K233618:component_status,K233618,component_status,SINGLE,SINGLE,CODED,false,NONE
K233625:input,K233625,input,NOT_ASSESSABLE,NOT_ASSESSABLE,NOT_ASSESSABLE,true,AI_ATTRIBUTION_BARRIER
K233625:output,K233625,output,NOT_ASSESSABLE,NOT_ASSESSABLE,NOT_ASSESSABLE,true,AI_ATTRIBUTION_BARRIER
K233625:user,K233625,user,NOT_ASSESSABLE,NOT_ASSESSABLE,NOT_ASSESSABLE,true,AI_ATTRIBUTION_BARRIER
K233625:setting,K233625,setting,NOT_ASSESSABLE,NOT_ASSESSABLE,NOT_ASSESSABLE,true,AI_ATTRIBUTION_BARRIER
K233625:action,K233625,action,NOT_ASSESSABLE,NOT_ASSESSABLE,NOT_ASSESSABLE,true,AI_ATTRIBUTION_BARRIER
K233625:component_status,K233625,component_status,UNCERTAIN,UNCERTAIN,UNCERTAIN,true,AI_ATTRIBUTION_BARRIER
K233650:input,K233650,input,MEDICAL_IMAGE,MEDICAL_IMAGE,CODED,false,NONE
K233650:output,K233650,output,SEGMENTATION_OR_LOCALIZATION;CONTROL_OR_AUTOMATION;RECONSTRUCTION_OR_ENHANCEMENT,SEGMENTATION_OR_LOCALIZATION;CONTROL_OR_AUTOMATION;RECONSTRUCTION_OR_ENHANCEMENT,CODED,false,NONE
K233650:user,K233650,user,OTHER_PHYSICIAN;RADIOLOGIST;TECHNOLOGIST_OR_OPERATOR,OTHER_PHYSICIAN;RADIOLOGIST;TECHNOLOGIST_OR_OPERATOR,CODED,false,NONE
K233650:setting,K233650,setting,DIAGNOSTIC_INTERPRETATION;PROCEDURAL_OR_OPERATING_ROOM;OTHER,DIAGNOSTIC_INTERPRETATION;PROCEDURAL_OR_OPERATING_ROOM;OTHER,CODED,false,NONE
K233650:action,K233650,action,WORKFLOW_OR_DOCUMENTATION;INTERPRETATION_OR_DIAGNOSIS,WORKFLOW_OR_DOCUMENTATION;INTERPRETATION_OR_DIAGNOSIS,CODED,false,NONE
K233650:component_status,K233650,component_status,MULTIPLE,MULTIPLE,CODED,false,NONE
K233657:input,K233657,input,MEDICAL_IMAGE,MEDICAL_IMAGE,CODED,false,NONE
K233657:output,K233657,output,SEGMENTATION_OR_LOCALIZATION;CONTROL_OR_AUTOMATION;RECONSTRUCTION_OR_ENHANCEMENT,SEGMENTATION_OR_LOCALIZATION;CONTROL_OR_AUTOMATION;RECONSTRUCTION_OR_ENHANCEMENT,CODED,false,NONE
K233657:user,K233657,user,OTHER_PHYSICIAN;RADIOLOGIST;TECHNOLOGIST_OR_OPERATOR,OTHER_PHYSICIAN;RADIOLOGIST;TECHNOLOGIST_OR_OPERATOR,CODED,false,NONE
K233657:setting,K233657,setting,DIAGNOSTIC_INTERPRETATION;PROCEDURAL_OR_OPERATING_ROOM,DIAGNOSTIC_INTERPRETATION;PROCEDURAL_OR_OPERATING_ROOM,CODED,false,NONE
K233657:action,K233657,action,WORKFLOW_OR_DOCUMENTATION;INTERPRETATION_OR_DIAGNOSIS,WORKFLOW_OR_DOCUMENTATION;INTERPRETATION_OR_DIAGNOSIS,CODED,false,NONE
K233657:component_status,K233657,component_status,MULTIPLE,MULTIPLE,CODED,false,NONE
K233662:input,K233662,input,NOT_ASSESSABLE,NOT_ASSESSABLE,NOT_ASSESSABLE,true,SOURCE_INSUFFICIENT
K233662:output,K233662,output,NOT_ASSESSABLE,NOT_ASSESSABLE,NOT_ASSESSABLE,true,SOURCE_INSUFFICIENT
K233662:user,K233662,user,NOT_ASSESSABLE,NOT_ASSESSABLE,NOT_ASSESSABLE,true,SOURCE_INSUFFICIENT
K233662:setting,K233662,setting,NOT_ASSESSABLE,NOT_ASSESSABLE,NOT_ASSESSABLE,true,SOURCE_INSUFFICIENT
K233662:action,K233662,action,NOT_ASSESSABLE,NOT_ASSESSABLE,NOT_ASSESSABLE,true,SOURCE_INSUFFICIENT
K233662:component_status,K233662,component_status,UNCERTAIN,UNCERTAIN,UNCERTAIN,true,SOURCE_INSUFFICIENT
K233666:input,K233666,input,PHYSIOLOGICAL_SIGNAL;CLINICAL_TABULAR_OR_TEXT;MULTIMODAL,PHYSIOLOGICAL_SIGNAL;CLINICAL_TABULAR_OR_TEXT;MULTIMODAL,CODED,false,NONE
K233666:output,K233666,output,CLASSIFICATION_OR_DIAGNOSIS;DOCUMENTATION_OR_SUMMARY,CLASSIFICATION_OR_DIAGNOSIS;DOCUMENTATION_OR_SUMMARY,CODED,false,NONE
K233666:user,K233666,user,OTHER_PHYSICIAN;OTHER_CLINICIAN,OTHER_PHYSICIAN;OTHER_CLINICIAN,CODED,false,NONE
K233666:setting,K233666,setting,DIAGNOSTIC_INTERPRETATION;OUTPATIENT;OTHER,DIAGNOSTIC_INTERPRETATION;OUTPATIENT;OTHER,CODED,false,NONE
K233666:action,K233666,action,INTERPRETATION_OR_DIAGNOSIS,INTERPRETATION_OR_DIAGNOSIS,CODED,false,NONE
K233666:component_status,K233666,component_status,SINGLE,SINGLE,CODED,false,NONE
K233673:input,K233673,input,MEDICAL_IMAGE,MEDICAL_IMAGE,CODED,false,NONE
K233673:output,K233673,output,RECONSTRUCTION_OR_ENHANCEMENT;MEASUREMENT_OR_QUANTIFICATION;DETECTION_OR_ALERT,RECONSTRUCTION_OR_ENHANCEMENT;MEASUREMENT_OR_QUANTIFICATION;DETECTION_OR_ALERT,CODED,false,NONE
K233673:user,K233673,user,OTHER_PHYSICIAN,OTHER_PHYSICIAN,CODED,false,NONE
K233673:setting,K233673,setting,DIAGNOSTIC_INTERPRETATION,DIAGNOSTIC_INTERPRETATION,CODED,false,NONE
K233673:action,K233673,action,INTERPRETATION_OR_DIAGNOSIS;WORKFLOW_OR_DOCUMENTATION,INTERPRETATION_OR_DIAGNOSIS;WORKFLOW_OR_DOCUMENTATION,CODED,false,NONE
K233673:component_status,K233673,component_status,MULTIPLE,MULTIPLE,CODED,false,NONE
K233676:input,K233676,input,MEDICAL_IMAGE;CLINICAL_TABULAR_OR_TEXT;MULTIMODAL,MEDICAL_IMAGE;CLINICAL_TABULAR_OR_TEXT;MULTIMODAL,CODED,false,NONE
K233676:output,K233676,output,SEGMENTATION_OR_LOCALIZATION;MEASUREMENT_OR_QUANTIFICATION;DOCUMENTATION_OR_SUMMARY,SEGMENTATION_OR_LOCALIZATION;MEASUREMENT_OR_QUANTIFICATION;DOCUMENTATION_OR_SUMMARY,CODED,false,NONE
K233676:user,K233676,user,OTHER_PHYSICIAN;TECHNOLOGIST_OR_OPERATOR;OTHER_CLINICIAN,OTHER_PHYSICIAN;TECHNOLOGIST_OR_OPERATOR;OTHER_CLINICIAN,CODED,false,NONE
K233676:setting,K233676,setting,DIAGNOSTIC_INTERPRETATION,DIAGNOSTIC_INTERPRETATION,CODED,false,NONE
K233676:action,K233676,action,INTERPRETATION_OR_DIAGNOSIS;WORKFLOW_OR_DOCUMENTATION,INTERPRETATION_OR_DIAGNOSIS;WORKFLOW_OR_DOCUMENTATION,CODED,false,NONE
K233676:component_status,K233676,component_status,SINGLE,SINGLE,CODED,false,NONE
K233677:input,K233677,input,NOT_ASSESSABLE,NOT_ASSESSABLE,NOT_ASSESSABLE,true,AI_ATTRIBUTION_BARRIER
K233677:output,K233677,output,NOT_ASSESSABLE,NOT_ASSESSABLE,NOT_ASSESSABLE,true,AI_ATTRIBUTION_BARRIER
K233677:user,K233677,user,NOT_ASSESSABLE,NOT_ASSESSABLE,NOT_ASSESSABLE,true,AI_ATTRIBUTION_BARRIER
K233677:setting,K233677,setting,NOT_ASSESSABLE,NOT_ASSESSABLE,NOT_ASSESSABLE,true,AI_ATTRIBUTION_BARRIER
K233677:action,K233677,action,NOT_ASSESSABLE,NOT_ASSESSABLE,NOT_ASSESSABLE,true,AI_ATTRIBUTION_BARRIER
K233677:component_status,K233677,component_status,UNCERTAIN,UNCERTAIN,UNCERTAIN,true,AI_ATTRIBUTION_BARRIER
K233687:input,K233687,input,MEDICAL_IMAGE,MEDICAL_IMAGE,CODED,false,NONE
K233687:output,K233687,output,RECONSTRUCTION_OR_ENHANCEMENT;CONTROL_OR_AUTOMATION,RECONSTRUCTION_OR_ENHANCEMENT;CONTROL_OR_AUTOMATION,CODED,false,NONE
K233687:user,K233687,user,OTHER_PHYSICIAN,OTHER_PHYSICIAN,CODED,false,NONE
K233687:setting,K233687,setting,DIAGNOSTIC_INTERPRETATION,DIAGNOSTIC_INTERPRETATION,CODED,false,NONE
K233687:action,K233687,action,INTERPRETATION_OR_DIAGNOSIS;WORKFLOW_OR_DOCUMENTATION,INTERPRETATION_OR_DIAGNOSIS;WORKFLOW_OR_DOCUMENTATION,CODED,false,NONE
K233687:component_status,K233687,component_status,MULTIPLE,MULTIPLE,CODED,false,NONE
K233692:input,K233692,input,NOT_ASSESSABLE,NOT_ASSESSABLE,NOT_ASSESSABLE,true,AI_ATTRIBUTION_BARRIER
K233692:output,K233692,output,NOT_ASSESSABLE,NOT_ASSESSABLE,NOT_ASSESSABLE,true,AI_ATTRIBUTION_BARRIER
K233692:user,K233692,user,NOT_ASSESSABLE,NOT_ASSESSABLE,NOT_ASSESSABLE,true,AI_ATTRIBUTION_BARRIER
K233692:setting,K233692,setting,NOT_ASSESSABLE,NOT_ASSESSABLE,NOT_ASSESSABLE,true,AI_ATTRIBUTION_BARRIER
K233692:action,K233692,action,NOT_ASSESSABLE,NOT_ASSESSABLE,NOT_ASSESSABLE,true,AI_ATTRIBUTION_BARRIER
K233692:component_status,K233692,component_status,UNCERTAIN,UNCERTAIN,UNCERTAIN,true,AI_ATTRIBUTION_BARRIER
K233698:input,K233698,input,MEDICAL_IMAGE,MEDICAL_IMAGE,CODED,false,NONE
K233698:output,K233698,output,RECONSTRUCTION_OR_ENHANCEMENT,RECONSTRUCTION_OR_ENHANCEMENT,CODED,false,NONE
K233698:user,K233698,user,NOT_STATED,NOT_STATED,NOT_STATED,true,FIELD_NOT_STATED
K233698:setting,K233698,setting,DIAGNOSTIC_INTERPRETATION,DIAGNOSTIC_INTERPRETATION,CODED,false,NONE
K233698:action,K233698,action,INTERPRETATION_OR_DIAGNOSIS,INTERPRETATION_OR_DIAGNOSIS,CODED,false,NONE
K233698:component_status,K233698,component_status,SINGLE,SINGLE,CODED,false,NONE
K233728:input,K233728,input,NOT_ASSESSABLE,NOT_ASSESSABLE,NOT_ASSESSABLE,true,AI_ATTRIBUTION_BARRIER
K233728:output,K233728,output,NOT_ASSESSABLE,NOT_ASSESSABLE,NOT_ASSESSABLE,true,AI_ATTRIBUTION_BARRIER
K233728:user,K233728,user,NOT_ASSESSABLE,NOT_ASSESSABLE,NOT_ASSESSABLE,true,AI_ATTRIBUTION_BARRIER
K233728:setting,K233728,setting,NOT_ASSESSABLE,NOT_ASSESSABLE,NOT_ASSESSABLE,true,AI_ATTRIBUTION_BARRIER
K233728:action,K233728,action,NOT_ASSESSABLE,NOT_ASSESSABLE,NOT_ASSESSABLE,true,AI_ATTRIBUTION_BARRIER
K233728:component_status,K233728,component_status,UNCERTAIN,UNCERTAIN,UNCERTAIN,true,AI_ATTRIBUTION_BARRIER
K233731:input,K233731,input,MEDICAL_IMAGE,MEDICAL_IMAGE,CODED,false,NONE
K233731:output,K233731,output,SEGMENTATION_OR_LOCALIZATION;MEASUREMENT_OR_QUANTIFICATION;OTHER;DOCUMENTATION_OR_SUMMARY,SEGMENTATION_OR_LOCALIZATION;MEASUREMENT_OR_QUANTIFICATION;OTHER;DOCUMENTATION_OR_SUMMARY,CODED,false,NONE
K233731:user,K233731,user,OTHER_CLINICIAN,OTHER_CLINICIAN,CODED,false,NONE
K233731:setting,K233731,setting,DIAGNOSTIC_INTERPRETATION;MONITORING;PROCEDURAL_OR_OPERATING_ROOM,DIAGNOSTIC_INTERPRETATION;MONITORING;PROCEDURAL_OR_OPERATING_ROOM,CODED,false,NONE
K233731:action,K233731,action,INTERPRETATION_OR_DIAGNOSIS;MONITORING_OR_FOLLOW_UP;TREATMENT_OR_PROCEDURE_PLANNING,INTERPRETATION_OR_DIAGNOSIS;MONITORING_OR_FOLLOW_UP;TREATMENT_OR_PROCEDURE_PLANNING,CODED,false,NONE
K233731:component_status,K233731,component_status,MULTIPLE,MULTIPLE,CODED,false,NONE
K233738:input,K233738,input,MEDICAL_IMAGE,MEDICAL_IMAGE,CODED,false,NONE
K233738:output,K233738,output,DETECTION_OR_ALERT;SEGMENTATION_OR_LOCALIZATION,DETECTION_OR_ALERT;SEGMENTATION_OR_LOCALIZATION,CODED,false,NONE
K233738:user,K233738,user,OTHER_CLINICIAN,OTHER_CLINICIAN,CODED,false,NONE
K233738:setting,K233738,setting,DIAGNOSTIC_INTERPRETATION;OUTPATIENT,DIAGNOSTIC_INTERPRETATION;OUTPATIENT,CODED,false,NONE
K233738:action,K233738,action,INTERPRETATION_OR_DIAGNOSIS,INTERPRETATION_OR_DIAGNOSIS,CODED,false,NONE
K233738:component_status,K233738,component_status,SINGLE,SINGLE,CODED,false,NONE
K233749:input,K233749,input,NOT_ASSESSABLE,NOT_ASSESSABLE,NOT_ASSESSABLE,true,AI_ATTRIBUTION_BARRIER
K233749:output,K233749,output,NOT_ASSESSABLE,NOT_ASSESSABLE,NOT_ASSESSABLE,true,AI_ATTRIBUTION_BARRIER
K233749:user,K233749,user,NOT_ASSESSABLE,NOT_ASSESSABLE,NOT_ASSESSABLE,true,AI_ATTRIBUTION_BARRIER
K233749:setting,K233749,setting,NOT_ASSESSABLE,NOT_ASSESSABLE,NOT_ASSESSABLE,true,AI_ATTRIBUTION_BARRIER
K233749:action,K233749,action,NOT_ASSESSABLE,NOT_ASSESSABLE,NOT_ASSESSABLE,true,AI_ATTRIBUTION_BARRIER
K233749:component_status,K233749,component_status,UNCERTAIN,UNCERTAIN,UNCERTAIN,true,AI_ATTRIBUTION_BARRIER
K233753:input,K233753,input,MEDICAL_IMAGE,MEDICAL_IMAGE,CODED,false,NONE
K233753:output,K233753,output,SEGMENTATION_OR_LOCALIZATION;MEASUREMENT_OR_QUANTIFICATION,SEGMENTATION_OR_LOCALIZATION;MEASUREMENT_OR_QUANTIFICATION,CODED,false,NONE
K233753:user,K233753,user,RADIOLOGIST;OTHER_PHYSICIAN,RADIOLOGIST;OTHER_PHYSICIAN,CODED,false,NONE
K233753:setting,K233753,setting,DIAGNOSTIC_INTERPRETATION;MONITORING,DIAGNOSTIC_INTERPRETATION;MONITORING,CODED,false,NONE
K233753:action,K233753,action,INTERPRETATION_OR_DIAGNOSIS;MONITORING_OR_FOLLOW_UP,INTERPRETATION_OR_DIAGNOSIS;MONITORING_OR_FOLLOW_UP,CODED,false,NONE
K233753:component_status,K233753,component_status,MULTIPLE,MULTIPLE,CODED,false,NONE
K233755:input,K233755,input,PHYSIOLOGICAL_SIGNAL,PHYSIOLOGICAL_SIGNAL,CODED,false,NONE
K233755:output,K233755,output,CLASSIFICATION_OR_DIAGNOSIS;MEASUREMENT_OR_QUANTIFICATION;OTHER,CLASSIFICATION_OR_DIAGNOSIS;MEASUREMENT_OR_QUANTIFICATION;OTHER,CODED,false,NONE
K233755:user,K233755,user,OTHER_PHYSICIAN;OTHER_CLINICIAN,OTHER_PHYSICIAN;OTHER_CLINICIAN,CODED,false,NONE
K233755:setting,K233755,setting,MONITORING;DIAGNOSTIC_INTERPRETATION;HOME_OR_CONSUMER;OTHER,MONITORING;DIAGNOSTIC_INTERPRETATION;HOME_OR_CONSUMER;OTHER,CODED,false,NONE
K233755:action,K233755,action,INTERPRETATION_OR_DIAGNOSIS;MONITORING_OR_FOLLOW_UP,INTERPRETATION_OR_DIAGNOSIS;MONITORING_OR_FOLLOW_UP,CODED,false,NONE
K233755:component_status,K233755,component_status,SINGLE,SINGLE,CODED,false,NONE
K233788:input,K233788,input,MEDICAL_IMAGE,MEDICAL_IMAGE,CODED,false,NONE
K233788:output,K233788,output,CONTROL_OR_AUTOMATION,CONTROL_OR_AUTOMATION,CODED,false,NONE
K233788:user,K233788,user,OTHER_PHYSICIAN;TECHNOLOGIST_OR_OPERATOR;OTHER_CLINICIAN,OTHER_PHYSICIAN;TECHNOLOGIST_OR_OPERATOR;OTHER_CLINICIAN,CODED,false,NONE
K233788:setting,K233788,setting,DIAGNOSTIC_INTERPRETATION;OTHER,DIAGNOSTIC_INTERPRETATION;OTHER,CODED,false,NONE
K233788:action,K233788,action,WORKFLOW_OR_DOCUMENTATION,WORKFLOW_OR_DOCUMENTATION,CODED,false,NONE
K233788:component_status,K233788,component_status,SINGLE,SINGLE,CODED,false,NONE
K233822:input,K233822,input,MEDICAL_IMAGE,MEDICAL_IMAGE,CODED,false,NONE
K233822:output,K233822,output,SEGMENTATION_OR_LOCALIZATION;MEASUREMENT_OR_QUANTIFICATION;DOCUMENTATION_OR_SUMMARY,SEGMENTATION_OR_LOCALIZATION;MEASUREMENT_OR_QUANTIFICATION;DOCUMENTATION_OR_SUMMARY,CODED,false,NONE
K233822:user,K233822,user,OTHER_CLINICIAN,OTHER_CLINICIAN,CODED,false,NONE
K233822:setting,K233822,setting,DIAGNOSTIC_INTERPRETATION;MONITORING,DIAGNOSTIC_INTERPRETATION;MONITORING,CODED,false,NONE
K233822:action,K233822,action,INTERPRETATION_OR_DIAGNOSIS;MONITORING_OR_FOLLOW_UP,INTERPRETATION_OR_DIAGNOSIS;MONITORING_OR_FOLLOW_UP,CODED,false,NONE
K233822:component_status,K233822,component_status,SINGLE,SINGLE,CODED,false,NONE
K233826:input,K233826,input,MEDICAL_IMAGE,MEDICAL_IMAGE,CODED,false,NONE
K233826:output,K233826,output,MEASUREMENT_OR_QUANTIFICATION;SEGMENTATION_OR_LOCALIZATION;CLASSIFICATION_OR_DIAGNOSIS,MEASUREMENT_OR_QUANTIFICATION;SEGMENTATION_OR_LOCALIZATION;CLASSIFICATION_OR_DIAGNOSIS,CODED,false,NONE
K233826:user,K233826,user,OTHER_CLINICIAN,OTHER_CLINICIAN,CODED,false,NONE
K233826:setting,K233826,setting,DIAGNOSTIC_INTERPRETATION;OTHER,DIAGNOSTIC_INTERPRETATION;OTHER,CODED,false,NONE
K233826:action,K233826,action,INTERPRETATION_OR_DIAGNOSIS;WORKFLOW_OR_DOCUMENTATION,INTERPRETATION_OR_DIAGNOSIS;WORKFLOW_OR_DOCUMENTATION,CODED,false,NONE
K233826:component_status,K233826,component_status,MULTIPLE,MULTIPLE,CODED,false,NONE
K233864:input,K233864,input,PHYSIOLOGICAL_SIGNAL,PHYSIOLOGICAL_SIGNAL,CODED,false,NONE
K233864:output,K233864,output,DETECTION_OR_ALERT;MEASUREMENT_OR_QUANTIFICATION;DOCUMENTATION_OR_SUMMARY,DETECTION_OR_ALERT;MEASUREMENT_OR_QUANTIFICATION;DOCUMENTATION_OR_SUMMARY,CODED,false,NONE
K233864:user,K233864,user,PATIENT_OR_CAREGIVER;OTHER_CLINICIAN,PATIENT_OR_CAREGIVER;OTHER_CLINICIAN,CODED,false,NONE
K233864:setting,K233864,setting,MONITORING;HOME_OR_CONSUMER;OTHER,MONITORING;HOME_OR_CONSUMER;OTHER,CODED,false,NONE
K233864:action,K233864,action,MONITORING_OR_FOLLOW_UP;INTERPRETATION_OR_DIAGNOSIS,MONITORING_OR_FOLLOW_UP;INTERPRETATION_OR_DIAGNOSIS,CODED,false,NONE
K233864:component_status,K233864,component_status,SINGLE,SINGLE,CODED,false,NONE
K233925:input,K233925,input,MEDICAL_IMAGE;MULTIMODAL,MEDICAL_IMAGE;MULTIMODAL,CODED,false,NONE
K233925:output,K233925,output,SEGMENTATION_OR_LOCALIZATION;OTHER,SEGMENTATION_OR_LOCALIZATION;OTHER,CODED,false,NONE
K233925:user,K233925,user,OTHER_CLINICIAN,OTHER_CLINICIAN,CODED,false,NONE
K233925:setting,K233925,setting,PROCEDURAL_OR_OPERATING_ROOM,PROCEDURAL_OR_OPERATING_ROOM,CODED,false,NONE
K233925:action,K233925,action,TREATMENT_OR_PROCEDURE_PLANNING,TREATMENT_OR_PROCEDURE_PLANNING,CODED,false,NONE
K233925:component_status,K233925,component_status,SINGLE,SINGLE,CODED,false,NONE
K233955:input,K233955,input,MEDICAL_IMAGE,MEDICAL_IMAGE,CODED,false,NONE
K233955:output,K233955,output,SEGMENTATION_OR_LOCALIZATION;MEASUREMENT_OR_QUANTIFICATION,SEGMENTATION_OR_LOCALIZATION;MEASUREMENT_OR_QUANTIFICATION,CODED,false,NONE
K233955:user,K233955,user,OTHER_CLINICIAN,OTHER_CLINICIAN,CODED,false,NONE
K233955:setting,K233955,setting,DIAGNOSTIC_INTERPRETATION;OTHER,DIAGNOSTIC_INTERPRETATION;OTHER,CODED,false,NONE
K233955:action,K233955,action,INTERPRETATION_OR_DIAGNOSIS,INTERPRETATION_OR_DIAGNOSIS,CODED,false,NONE
K233955:component_status,K233955,component_status,SINGLE,SINGLE,CODED,false,NONE
K233964:input,K233964,input,MEDICAL_IMAGE,MEDICAL_IMAGE,CODED,false,NONE
K233964:output,K233964,output,DETECTION_OR_ALERT;SEGMENTATION_OR_LOCALIZATION,DETECTION_OR_ALERT;SEGMENTATION_OR_LOCALIZATION,CODED,false,NONE
K233964:user,K233964,user,OTHER_PHYSICIAN,OTHER_PHYSICIAN,CODED,false,NONE
K233964:setting,K233964,setting,SCREENING;MONITORING;PROCEDURAL_OR_OPERATING_ROOM,SCREENING;MONITORING;PROCEDURAL_OR_OPERATING_ROOM,CODED,false,NONE
K233964:action,K233964,action,INTERPRETATION_OR_DIAGNOSIS,INTERPRETATION_OR_DIAGNOSIS,CODED,false,NONE
K233964:component_status,K233964,component_status,SINGLE,SINGLE,CODED,false,NONE
K233968:input,K233968,input,MEDICAL_IMAGE,MEDICAL_IMAGE,CODED,false,NONE
K233968:output,K233968,output,DETECTION_OR_ALERT,DETECTION_OR_ALERT,CODED,false,NONE
K233968:user,K233968,user,RADIOLOGIST,RADIOLOGIST,CODED,false,NONE
K233968:setting,K233968,setting,ACUTE_TRIAGE_OR_EMERGENCY;OTHER,ACUTE_TRIAGE_OR_EMERGENCY;OTHER,CODED,false,NONE
K233968:action,K233968,action,TRIAGE_OR_PRIORITIZATION,TRIAGE_OR_PRIORITIZATION,CODED,false,NONE
K233968:component_status,K233968,component_status,SINGLE,SINGLE,CODED,false,NONE
K233977:input,K233977,input,MEDICAL_IMAGE,MEDICAL_IMAGE,CODED,false,NONE
K233977:output,K233977,output,SEGMENTATION_OR_LOCALIZATION;MEASUREMENT_OR_QUANTIFICATION,SEGMENTATION_OR_LOCALIZATION;MEASUREMENT_OR_QUANTIFICATION,CODED,false,NONE
K233977:user,K233977,user,OTHER_CLINICIAN,OTHER_CLINICIAN,CODED,false,NONE
K233977:setting,K233977,setting,DIAGNOSTIC_INTERPRETATION;OTHER,DIAGNOSTIC_INTERPRETATION;OTHER,CODED,false,NONE
K233977:action,K233977,action,WORKFLOW_OR_DOCUMENTATION;INTERPRETATION_OR_DIAGNOSIS,WORKFLOW_OR_DOCUMENTATION;INTERPRETATION_OR_DIAGNOSIS,CODED,false,NONE
K233977:component_status,K233977,component_status,MULTIPLE,MULTIPLE,CODED,false,NONE
K233984:input,K233984,input,PHYSIOLOGICAL_SIGNAL,PHYSIOLOGICAL_SIGNAL,CODED,false,NONE
K233984:output,K233984,output,RISK_SCORE_OR_PREDICTION;RECOMMENDATION_OR_PLANNING,RISK_SCORE_OR_PREDICTION;RECOMMENDATION_OR_PLANNING,CODED,false,NONE
K233984:user,K233984,user,OTHER_CLINICIAN,OTHER_CLINICIAN,CODED,false,NONE
K233984:setting,K233984,setting,PROCEDURAL_OR_OPERATING_ROOM;MONITORING,PROCEDURAL_OR_OPERATING_ROOM;MONITORING,CODED,false,NONE
K233984:action,K233984,action,TREATMENT_OR_PROCEDURE_PLANNING,TREATMENT_OR_PROCEDURE_PLANNING,CODED,false,NONE
K233984:component_status,K233984,component_status,SINGLE,SINGLE,CODED,false,NONE
K233992:input,K233992,input,MEDICAL_IMAGE,MEDICAL_IMAGE,CODED,false,NONE
K233992:output,K233992,output,SEGMENTATION_OR_LOCALIZATION;OTHER,SEGMENTATION_OR_LOCALIZATION;OTHER,CODED,false,NONE
K233992:user,K233992,user,OTHER_PHYSICIAN,OTHER_PHYSICIAN,CODED,false,NONE
K233992:setting,K233992,setting,PROCEDURAL_OR_OPERATING_ROOM,PROCEDURAL_OR_OPERATING_ROOM,CODED,false,NONE
K233992:action,K233992,action,TREATMENT_OR_PROCEDURE_PLANNING,TREATMENT_OR_PROCEDURE_PLANNING,CODED,false,NONE
K233992:component_status,K233992,component_status,SINGLE,SINGLE,CODED,false,NONE
K233998:input,K233998,input,MEDICAL_IMAGE;MULTIMODAL,MEDICAL_IMAGE;MULTIMODAL,CODED,false,NONE
K233998:output,K233998,output,SEGMENTATION_OR_LOCALIZATION;MEASUREMENT_OR_QUANTIFICATION;CLASSIFICATION_OR_DIAGNOSIS;DOCUMENTATION_OR_SUMMARY,SEGMENTATION_OR_LOCALIZATION;MEASUREMENT_OR_QUANTIFICATION;CLASSIFICATION_OR_DIAGNOSIS;DOCUMENTATION_OR_SUMMARY,CODED,false,NONE
K233998:user,K233998,user,RADIOLOGIST;OTHER_PHYSICIAN;OTHER_CLINICIAN;TECHNOLOGIST_OR_OPERATOR,RADIOLOGIST;OTHER_PHYSICIAN;OTHER_CLINICIAN;TECHNOLOGIST_OR_OPERATOR,CODED,false,NONE
K233998:setting,K233998,setting,DIAGNOSTIC_INTERPRETATION;MONITORING,DIAGNOSTIC_INTERPRETATION;MONITORING,CODED,false,NONE
K233998:action,K233998,action,INTERPRETATION_OR_DIAGNOSIS;MONITORING_OR_FOLLOW_UP;REFERRAL_OR_ESCALATION,INTERPRETATION_OR_DIAGNOSIS;MONITORING_OR_FOLLOW_UP;REFERRAL_OR_ESCALATION,CODED,false,NONE
K233998:component_status,K233998,component_status,SINGLE,SINGLE,CODED,false,NONE
K234009:input,K234009,input,MEDICAL_IMAGE,MEDICAL_IMAGE,CODED,false,NONE
K234009:output,K234009,output,SEGMENTATION_OR_LOCALIZATION;OTHER,SEGMENTATION_OR_LOCALIZATION;OTHER,CODED,false,NONE
K234009:user,K234009,user,NOT_STATED,NOT_STATED,NOT_STATED,true,FIELD_NOT_STATED
K234009:setting,K234009,setting,DIAGNOSTIC_INTERPRETATION;PROCEDURAL_OR_OPERATING_ROOM,DIAGNOSTIC_INTERPRETATION;PROCEDURAL_OR_OPERATING_ROOM,CODED,false,NONE
K234009:action,K234009,action,INTERPRETATION_OR_DIAGNOSIS;TREATMENT_OR_PROCEDURE_PLANNING,INTERPRETATION_OR_DIAGNOSIS;TREATMENT_OR_PROCEDURE_PLANNING,CODED,false,NONE
K234009:component_status,K234009,component_status,SINGLE,SINGLE,CODED,false,NONE
K234042:input,K234042,input,MEDICAL_IMAGE,MEDICAL_IMAGE,CODED,false,NONE
K234042:output,K234042,output,MEASUREMENT_OR_QUANTIFICATION,MEASUREMENT_OR_QUANTIFICATION,CODED,false,NONE
K234042:user,K234042,user,RADIOLOGIST,RADIOLOGIST,CODED,false,NONE
K234042:setting,K234042,setting,DIAGNOSTIC_INTERPRETATION;OTHER,DIAGNOSTIC_INTERPRETATION;OTHER,CODED,false,NONE
K234042:action,K234042,action,INTERPRETATION_OR_DIAGNOSIS,INTERPRETATION_OR_DIAGNOSIS,CODED,false,NONE
K234042:component_status,K234042,component_status,SINGLE,SINGLE,CODED,false,NONE
K234047:input,K234047,input,MEDICAL_IMAGE;MULTIMODAL,MEDICAL_IMAGE;MULTIMODAL,CODED,false,NONE
K234047:output,K234047,output,OTHER,OTHER,CODED,false,NONE
K234047:user,K234047,user,NOT_STATED,NOT_STATED,NOT_STATED,true,FIELD_NOT_STATED
K234047:setting,K234047,setting,PROCEDURAL_OR_OPERATING_ROOM,PROCEDURAL_OR_OPERATING_ROOM,CODED,false,NONE
K234047:action,K234047,action,WORKFLOW_OR_DOCUMENTATION;OTHER,WORKFLOW_OR_DOCUMENTATION;OTHER,CODED,false,NONE
K234047:component_status,K234047,component_status,SINGLE,SINGLE,CODED,false,NONE
K234068:input,K234068,input,MEDICAL_IMAGE;MULTIMODAL,MEDICAL_IMAGE;MULTIMODAL,CODED,false,NONE
K234068:output,K234068,output,SEGMENTATION_OR_LOCALIZATION;RECONSTRUCTION_OR_ENHANCEMENT;MEASUREMENT_OR_QUANTIFICATION,SEGMENTATION_OR_LOCALIZATION;RECONSTRUCTION_OR_ENHANCEMENT;MEASUREMENT_OR_QUANTIFICATION,CODED,false,NONE
K234068:user,K234068,user,OTHER_PHYSICIAN;OTHER_CLINICIAN,OTHER_PHYSICIAN;OTHER_CLINICIAN,CODED,false,NONE
K234068:setting,K234068,setting,PROCEDURAL_OR_OPERATING_ROOM;MONITORING;OTHER,PROCEDURAL_OR_OPERATING_ROOM;MONITORING;OTHER,CODED,false,NONE
K234068:action,K234068,action,TREATMENT_OR_PROCEDURE_PLANNING;MONITORING_OR_FOLLOW_UP,TREATMENT_OR_PROCEDURE_PLANNING;MONITORING_OR_FOLLOW_UP,CODED,false,NONE
K234068:component_status,K234068,component_status,MULTIPLE,MULTIPLE,CODED,false,NONE
K234141:input,K234141,input,MEDICAL_IMAGE,MEDICAL_IMAGE,CODED,false,NONE
K234141:output,K234141,output,CLASSIFICATION_OR_DIAGNOSIS;MEASUREMENT_OR_QUANTIFICATION;DOCUMENTATION_OR_SUMMARY,CLASSIFICATION_OR_DIAGNOSIS;MEASUREMENT_OR_QUANTIFICATION;DOCUMENTATION_OR_SUMMARY,CODED,false,NONE
K234141:user,K234141,user,OTHER_PHYSICIAN,OTHER_PHYSICIAN,CODED,false,NONE
K234141:setting,K234141,setting,DIAGNOSTIC_INTERPRETATION;OTHER,DIAGNOSTIC_INTERPRETATION;OTHER,CODED,false,NONE
K234141:action,K234141,action,INTERPRETATION_OR_DIAGNOSIS;REFERRAL_OR_ESCALATION,INTERPRETATION_OR_DIAGNOSIS;REFERRAL_OR_ESCALATION,CODED,false,NONE
K234141:component_status,K234141,component_status,MULTIPLE,MULTIPLE,CODED,false,NONE
K234154:input,K234154,input,MEDICAL_IMAGE,MEDICAL_IMAGE,CODED,false,NONE
K234154:output,K234154,output,RECONSTRUCTION_OR_ENHANCEMENT;DETECTION_OR_ALERT,RECONSTRUCTION_OR_ENHANCEMENT;DETECTION_OR_ALERT,CODED,false,NONE
K234154:user,K234154,user,TECHNOLOGIST_OR_OPERATOR,TECHNOLOGIST_OR_OPERATOR,CODED,false,NONE
K234154:setting,K234154,setting,DIAGNOSTIC_INTERPRETATION;OTHER,DIAGNOSTIC_INTERPRETATION;OTHER,CODED,false,NONE
K234154:action,K234154,action,INTERPRETATION_OR_DIAGNOSIS;WORKFLOW_OR_DOCUMENTATION,INTERPRETATION_OR_DIAGNOSIS;WORKFLOW_OR_DOCUMENTATION,CODED,false,NONE
K234154:component_status,K234154,component_status,MULTIPLE,MULTIPLE,CODED,false,NONE
K240003:input,K240003,input,MEDICAL_IMAGE,MEDICAL_IMAGE,CODED,false,NONE
K240003:output,K240003,output,DETECTION_OR_ALERT;SEGMENTATION_OR_LOCALIZATION,DETECTION_OR_ALERT;SEGMENTATION_OR_LOCALIZATION,CODED,false,NONE
K240003:user,K240003,user,OTHER_CLINICIAN,OTHER_CLINICIAN,CODED,false,NONE
K240003:setting,K240003,setting,DIAGNOSTIC_INTERPRETATION,DIAGNOSTIC_INTERPRETATION,CODED,false,NONE
K240003:action,K240003,action,INTERPRETATION_OR_DIAGNOSIS,INTERPRETATION_OR_DIAGNOSIS,CODED,false,NONE
K240003:component_status,K240003,component_status,SINGLE,SINGLE,CODED,false,NONE
K240013:input,K240013,input,MEDICAL_IMAGE,MEDICAL_IMAGE,CODED,false,NONE
K240013:output,K240013,output,CLASSIFICATION_OR_DIAGNOSIS;DOCUMENTATION_OR_SUMMARY,CLASSIFICATION_OR_DIAGNOSIS;DOCUMENTATION_OR_SUMMARY,CODED,false,NONE
K240013:user,K240013,user,OTHER_CLINICIAN,OTHER_CLINICIAN,CODED,false,NONE
K240013:setting,K240013,setting,DIAGNOSTIC_INTERPRETATION,DIAGNOSTIC_INTERPRETATION,CODED,false,NONE
K240013:action,K240013,action,INTERPRETATION_OR_DIAGNOSIS,INTERPRETATION_OR_DIAGNOSIS,CODED,false,NONE
K240013:component_status,K240013,component_status,SINGLE,SINGLE,CODED,false,NONE
K240036:input,K240036,input,MEDICAL_IMAGE;DEVICE_TELEMETRY_OR_OPERATIONAL;CLINICAL_TABULAR_OR_TEXT;MULTIMODAL,MEDICAL_IMAGE;DEVICE_TELEMETRY_OR_OPERATIONAL;CLINICAL_TABULAR_OR_TEXT;MULTIMODAL,CODED,false,NONE
K240036:output,K240036,output,SEGMENTATION_OR_LOCALIZATION;MEASUREMENT_OR_QUANTIFICATION;RISK_SCORE_OR_PREDICTION;DOCUMENTATION_OR_SUMMARY,SEGMENTATION_OR_LOCALIZATION;MEASUREMENT_OR_QUANTIFICATION;RISK_SCORE_OR_PREDICTION;DOCUMENTATION_OR_SUMMARY,CODED,false,NONE
K240036:user,K240036,user,OTHER_PHYSICIAN;OTHER_CLINICIAN,OTHER_PHYSICIAN;OTHER_CLINICIAN,CODED,false,NONE
K240036:setting,K240036,setting,DIAGNOSTIC_INTERPRETATION;MONITORING;OTHER,DIAGNOSTIC_INTERPRETATION;MONITORING;OTHER,CODED,false,NONE
K240036:action,K240036,action,INTERPRETATION_OR_DIAGNOSIS;MONITORING_OR_FOLLOW_UP;WORKFLOW_OR_DOCUMENTATION,INTERPRETATION_OR_DIAGNOSIS;MONITORING_OR_FOLLOW_UP;WORKFLOW_OR_DOCUMENTATION,CODED,false,NONE
K240036:component_status,K240036,component_status,MULTIPLE,MULTIPLE,CODED,false,NONE
K240044:input,K240044,input,AUDIO_OR_VIDEO,AUDIO_OR_VIDEO,CODED,false,NONE
K240044:output,K240044,output,DETECTION_OR_ALERT;SEGMENTATION_OR_LOCALIZATION,DETECTION_OR_ALERT;SEGMENTATION_OR_LOCALIZATION,CODED,false,NONE
K240044:user,K240044,user,OTHER_PHYSICIAN,OTHER_PHYSICIAN,CODED,false,NONE
K240044:setting,K240044,setting,SCREENING;PROCEDURAL_OR_OPERATING_ROOM,SCREENING;PROCEDURAL_OR_OPERATING_ROOM,CODED,false,NONE
K240044:action,K240044,action,INTERPRETATION_OR_DIAGNOSIS,INTERPRETATION_OR_DIAGNOSIS,CODED,false,NONE
K240044:component_status,K240044,component_status,SINGLE,SINGLE,CODED,false,NONE
K240058:input,K240058,input,MEDICAL_IMAGE,MEDICAL_IMAGE,CODED,false,NONE
K240058:output,K240058,output,CLASSIFICATION_OR_DIAGNOSIS,CLASSIFICATION_OR_DIAGNOSIS,CODED,false,NONE
K240058:user,K240058,user,OTHER_CLINICIAN,OTHER_CLINICIAN,CODED,false,NONE
K240058:setting,K240058,setting,SCREENING;OTHER,SCREENING;OTHER,CODED,false,NONE
K240058:action,K240058,action,INTERPRETATION_OR_DIAGNOSIS,INTERPRETATION_OR_DIAGNOSIS,CODED,false,NONE
K240058:component_status,K240058,component_status,SINGLE,SINGLE,CODED,false,NONE
K240062:input,K240062,input,MEDICAL_IMAGE,MEDICAL_IMAGE,CODED,false,NONE
K240062:output,K240062,output,SEGMENTATION_OR_LOCALIZATION;OTHER,SEGMENTATION_OR_LOCALIZATION;OTHER,CODED,false,NONE
K240062:user,K240062,user,OTHER_PHYSICIAN,OTHER_PHYSICIAN,CODED,false,NONE
K240062:setting,K240062,setting,PROCEDURAL_OR_OPERATING_ROOM,PROCEDURAL_OR_OPERATING_ROOM,CODED,false,NONE
K240062:action,K240062,action,TREATMENT_OR_PROCEDURE_PLANNING;OTHER,TREATMENT_OR_PROCEDURE_PLANNING;OTHER,CODED,false,NONE
K240062:component_status,K240062,component_status,SINGLE,SINGLE,CODED,false,NONE
K240094:input,K240094,input,MEDICAL_IMAGE,MEDICAL_IMAGE,CODED,false,NONE
K240094:output,K240094,output,SEGMENTATION_OR_LOCALIZATION;OTHER,SEGMENTATION_OR_LOCALIZATION;OTHER,CODED,false,NONE
K240094:user,K240094,user,OTHER_PHYSICIAN;OTHER_CLINICIAN,OTHER_PHYSICIAN;OTHER_CLINICIAN,CODED,false,NONE
K240094:setting,K240094,setting,PROCEDURAL_OR_OPERATING_ROOM;OTHER,PROCEDURAL_OR_OPERATING_ROOM;OTHER,CODED,false,NONE
K240094:action,K240094,action,TREATMENT_OR_PROCEDURE_PLANNING,TREATMENT_OR_PROCEDURE_PLANNING,CODED,false,NONE
K240094:component_status,K240094,component_status,SINGLE,SINGLE,CODED,false,NONE
K240172:input,K240172,input,MEDICAL_IMAGE,MEDICAL_IMAGE,CODED,false,NONE
K240172:output,K240172,output,OTHER;MEASUREMENT_OR_QUANTIFICATION,OTHER;MEASUREMENT_OR_QUANTIFICATION,CODED,false,NONE
K240172:user,K240172,user,OTHER_PHYSICIAN,OTHER_PHYSICIAN,CODED,false,NONE
K240172:setting,K240172,setting,PROCEDURAL_OR_OPERATING_ROOM,PROCEDURAL_OR_OPERATING_ROOM,CODED,false,NONE
K240172:action,K240172,action,TREATMENT_OR_PROCEDURE_PLANNING,TREATMENT_OR_PROCEDURE_PLANNING,CODED,false,NONE
K240172:component_status,K240172,component_status,SINGLE,SINGLE,CODED,false,NONE
K240200:input,K240200,input,MEDICAL_IMAGE,MEDICAL_IMAGE,CODED,false,NONE
K240200:output,K240200,output,SEGMENTATION_OR_LOCALIZATION,SEGMENTATION_OR_LOCALIZATION,CODED,false,NONE
K240200:user,K240200,user,OTHER_PHYSICIAN;OTHER_CLINICIAN,OTHER_PHYSICIAN;OTHER_CLINICIAN,CODED,false,NONE
K240200:setting,K240200,setting,PROCEDURAL_OR_OPERATING_ROOM,PROCEDURAL_OR_OPERATING_ROOM,CODED,false,NONE
K240200:action,K240200,action,TREATMENT_OR_PROCEDURE_PLANNING,TREATMENT_OR_PROCEDURE_PLANNING,CODED,false,NONE
K240200:component_status,K240200,component_status,SINGLE,SINGLE,CODED,false,NONE
K240238:input,K240238,input,MEDICAL_IMAGE,MEDICAL_IMAGE,CODED,false,NONE
K240238:output,K240238,output,RECONSTRUCTION_OR_ENHANCEMENT;CONTROL_OR_AUTOMATION,RECONSTRUCTION_OR_ENHANCEMENT;CONTROL_OR_AUTOMATION,CODED,false,NONE
K240238:user,K240238,user,OTHER_PHYSICIAN;TECHNOLOGIST_OR_OPERATOR,OTHER_PHYSICIAN;TECHNOLOGIST_OR_OPERATOR,CODED,false,NONE
K240238:setting,K240238,setting,DIAGNOSTIC_INTERPRETATION;OTHER,DIAGNOSTIC_INTERPRETATION;OTHER,CODED,false,NONE
K240238:action,K240238,action,INTERPRETATION_OR_DIAGNOSIS;WORKFLOW_OR_DOCUMENTATION;THERAPY_DOSE_OR_DEVICE_CONTROL,INTERPRETATION_OR_DIAGNOSIS;WORKFLOW_OR_DOCUMENTATION;THERAPY_DOSE_OR_DEVICE_CONTROL,CODED,false,NONE
K240238:component_status,K240238,component_status,MULTIPLE,MULTIPLE,CODED,false,NONE
K240285:input,K240285,input,PHYSIOLOGICAL_SIGNAL,PHYSIOLOGICAL_SIGNAL,CODED,false,NONE
K240285:output,K240285,output,CLASSIFICATION_OR_DIAGNOSIS;MEASUREMENT_OR_QUANTIFICATION;DOCUMENTATION_OR_SUMMARY,CLASSIFICATION_OR_DIAGNOSIS;MEASUREMENT_OR_QUANTIFICATION;DOCUMENTATION_OR_SUMMARY,CODED,false,NONE
K240285:user,K240285,user,OTHER_CLINICIAN;PATIENT_OR_CAREGIVER,OTHER_CLINICIAN;PATIENT_OR_CAREGIVER,CODED,false,NONE
K240285:setting,K240285,setting,MONITORING;HOME_OR_CONSUMER;OUTPATIENT;DIAGNOSTIC_INTERPRETATION,MONITORING;HOME_OR_CONSUMER;OUTPATIENT;DIAGNOSTIC_INTERPRETATION,CODED,false,NONE
K240285:action,K240285,action,INTERPRETATION_OR_DIAGNOSIS,INTERPRETATION_OR_DIAGNOSIS,CODED,false,NONE
K240285:component_status,K240285,component_status,SINGLE,SINGLE,CODED,false,NONE
K240290:input,K240290,input,MEDICAL_IMAGE,MEDICAL_IMAGE,CODED,false,NONE
K240290:output,K240290,output,RECONSTRUCTION_OR_ENHANCEMENT,RECONSTRUCTION_OR_ENHANCEMENT,CODED,false,NONE
K240290:user,K240290,user,RADIOLOGIST,RADIOLOGIST,CODED,false,NONE
K240290:setting,K240290,setting,DIAGNOSTIC_INTERPRETATION;OTHER,DIAGNOSTIC_INTERPRETATION;OTHER,CODED,false,NONE
K240290:action,K240290,action,INTERPRETATION_OR_DIAGNOSIS,INTERPRETATION_OR_DIAGNOSIS,CODED,false,NONE
K240290:component_status,K240290,component_status,SINGLE,SINGLE,CODED,false,NONE
K240291:input,K240291,input,MEDICAL_IMAGE,MEDICAL_IMAGE,CODED,false,NONE
K240291:output,K240291,output,DETECTION_OR_ALERT,DETECTION_OR_ALERT,CODED,false,NONE
K240291:user,K240291,user,RADIOLOGIST;OTHER_PHYSICIAN,RADIOLOGIST;OTHER_PHYSICIAN,CODED,false,NONE
K240291:setting,K240291,setting,ACUTE_TRIAGE_OR_EMERGENCY;OTHER,ACUTE_TRIAGE_OR_EMERGENCY;OTHER,CODED,false,NONE
K240291:action,K240291,action,TRIAGE_OR_PRIORITIZATION,TRIAGE_OR_PRIORITIZATION,CODED,false,NONE
K240291:component_status,K240291,component_status,SINGLE,SINGLE,CODED,false,NONE
K240294:input,K240294,input,NOT_ASSESSABLE,NOT_ASSESSABLE,NOT_ASSESSABLE,true,AI_ATTRIBUTION_BARRIER
K240294:output,K240294,output,NOT_ASSESSABLE,NOT_ASSESSABLE,NOT_ASSESSABLE,true,AI_ATTRIBUTION_BARRIER
K240294:user,K240294,user,NOT_ASSESSABLE,NOT_ASSESSABLE,NOT_ASSESSABLE,true,AI_ATTRIBUTION_BARRIER
K240294:setting,K240294,setting,NOT_ASSESSABLE,NOT_ASSESSABLE,NOT_ASSESSABLE,true,AI_ATTRIBUTION_BARRIER
K240294:action,K240294,action,NOT_ASSESSABLE,NOT_ASSESSABLE,NOT_ASSESSABLE,true,AI_ATTRIBUTION_BARRIER
K240294:component_status,K240294,component_status,UNCERTAIN,UNCERTAIN,UNCERTAIN,true,AI_ATTRIBUTION_BARRIER
K240301:input,K240301,input,MEDICAL_IMAGE;MULTIMODAL,MEDICAL_IMAGE;MULTIMODAL,CODED,false,NONE
K240301:output,K240301,output,DETECTION_OR_ALERT;SEGMENTATION_OR_LOCALIZATION;CLASSIFICATION_OR_DIAGNOSIS;MEASUREMENT_OR_QUANTIFICATION;DOCUMENTATION_OR_SUMMARY,DETECTION_OR_ALERT;SEGMENTATION_OR_LOCALIZATION;CLASSIFICATION_OR_DIAGNOSIS;MEASUREMENT_OR_QUANTIFICATION;DOCUMENTATION_OR_SUMMARY,CODED,false,NONE
K240301:user,K240301,user,RADIOLOGIST,RADIOLOGIST,CODED,false,NONE
K240301:setting,K240301,setting,SCREENING;DIAGNOSTIC_INTERPRETATION,SCREENING;DIAGNOSTIC_INTERPRETATION,CODED,false,NONE
K240301:action,K240301,action,INTERPRETATION_OR_DIAGNOSIS;WORKFLOW_OR_DOCUMENTATION,INTERPRETATION_OR_DIAGNOSIS;WORKFLOW_OR_DOCUMENTATION,CODED,false,NONE
K240301:component_status,K240301,component_status,SINGLE,SINGLE,CODED,false,NONE
K240353:input,K240353,input,MEDICAL_IMAGE,MEDICAL_IMAGE,CODED,false,NONE
K240353:output,K240353,output,DETECTION_OR_ALERT,DETECTION_OR_ALERT,CODED,false,NONE
K240353:user,K240353,user,RADIOLOGIST;OTHER_PHYSICIAN;OTHER_CLINICIAN,RADIOLOGIST;OTHER_PHYSICIAN;OTHER_CLINICIAN,CODED,false,NONE
K240353:setting,K240353,setting,ACUTE_TRIAGE_OR_EMERGENCY,ACUTE_TRIAGE_OR_EMERGENCY,CODED,false,NONE
K240353:action,K240353,action,TRIAGE_OR_PRIORITIZATION,TRIAGE_OR_PRIORITIZATION,CODED,false,NONE
K240353:component_status,K240353,component_status,SINGLE,SINGLE,CODED,false,NONE
K240369:input,K240369,input,MEDICAL_IMAGE,MEDICAL_IMAGE,CODED,false,NONE
K240369:output,K240369,output,SEGMENTATION_OR_LOCALIZATION;MEASUREMENT_OR_QUANTIFICATION;CLASSIFICATION_OR_DIAGNOSIS,SEGMENTATION_OR_LOCALIZATION;MEASUREMENT_OR_QUANTIFICATION;CLASSIFICATION_OR_DIAGNOSIS,CODED,false,NONE
K240369:user,K240369,user,OTHER_PHYSICIAN,OTHER_PHYSICIAN,CODED,false,NONE
K240369:setting,K240369,setting,DIAGNOSTIC_INTERPRETATION;OTHER,DIAGNOSTIC_INTERPRETATION;OTHER,CODED,false,NONE
K240369:action,K240369,action,INTERPRETATION_OR_DIAGNOSIS,INTERPRETATION_OR_DIAGNOSIS,CODED,false,NONE
K240369:component_status,K240369,component_status,SINGLE,SINGLE,CODED,false,NONE
K240398:input,K240398,input,MEDICAL_IMAGE;CLINICAL_TABULAR_OR_TEXT;DEVICE_TELEMETRY_OR_OPERATIONAL;MULTIMODAL,MEDICAL_IMAGE;CLINICAL_TABULAR_OR_TEXT;DEVICE_TELEMETRY_OR_OPERATIONAL;MULTIMODAL,CODED,false,NONE
K240398:output,K240398,output,SEGMENTATION_OR_LOCALIZATION;MEASUREMENT_OR_QUANTIFICATION;RECOMMENDATION_OR_PLANNING;RECONSTRUCTION_OR_ENHANCEMENT,SEGMENTATION_OR_LOCALIZATION;MEASUREMENT_OR_QUANTIFICATION;RECOMMENDATION_OR_PLANNING;RECONSTRUCTION_OR_ENHANCEMENT,CODED,false,NONE
K240398:user,K240398,user,OTHER_CLINICIAN,OTHER_CLINICIAN,CODED,false,NONE
K240398:setting,K240398,setting,PROCEDURAL_OR_OPERATING_ROOM;MONITORING,PROCEDURAL_OR_OPERATING_ROOM;MONITORING,CODED,false,NONE
K240398:action,K240398,action,TREATMENT_OR_PROCEDURE_PLANNING;MONITORING_OR_FOLLOW_UP,TREATMENT_OR_PROCEDURE_PLANNING;MONITORING_OR_FOLLOW_UP,CODED,false,NONE
K240398:component_status,K240398,component_status,MULTIPLE,MULTIPLE,CODED,false,NONE
K240406:input,K240406,input,MEDICAL_IMAGE,MEDICAL_IMAGE,CODED,false,NONE
K240406:output,K240406,output,CLASSIFICATION_OR_DIAGNOSIS;DETECTION_OR_ALERT,CLASSIFICATION_OR_DIAGNOSIS;DETECTION_OR_ALERT,CODED,false,NONE
K240406:user,K240406,user,OTHER_PHYSICIAN;TECHNOLOGIST_OR_OPERATOR,OTHER_PHYSICIAN;TECHNOLOGIST_OR_OPERATOR,CODED,false,NONE
K240406:setting,K240406,setting,DIAGNOSTIC_INTERPRETATION;OTHER,DIAGNOSTIC_INTERPRETATION;OTHER,CODED,false,NONE
K240406:action,K240406,action,WORKFLOW_OR_DOCUMENTATION;INTERPRETATION_OR_DIAGNOSIS,WORKFLOW_OR_DOCUMENTATION;INTERPRETATION_OR_DIAGNOSIS,CODED,false,NONE
K240406:component_status,K240406,component_status,MULTIPLE,MULTIPLE,CODED,false,NONE
K240408:input,K240408,input,PHYSIOLOGICAL_SIGNAL,PHYSIOLOGICAL_SIGNAL,CODED,false,NONE
K240408:output,K240408,output,DETECTION_OR_ALERT;MEASUREMENT_OR_QUANTIFICATION;OTHER,DETECTION_OR_ALERT;MEASUREMENT_OR_QUANTIFICATION;OTHER,CODED,false,NONE
K240408:user,K240408,user,OTHER_CLINICIAN;OTHER_PHYSICIAN,OTHER_CLINICIAN;OTHER_PHYSICIAN,CODED,false,NONE
K240408:setting,K240408,setting,MONITORING;OTHER,MONITORING;OTHER,CODED,false,NONE
K240408:action,K240408,action,MONITORING_OR_FOLLOW_UP;INTERPRETATION_OR_DIAGNOSIS,MONITORING_OR_FOLLOW_UP;INTERPRETATION_OR_DIAGNOSIS,CODED,false,NONE
K240408:component_status,K240408,component_status,SINGLE,SINGLE,CODED,false,NONE
K240411:input,K240411,input,MEDICAL_IMAGE,MEDICAL_IMAGE,CODED,false,NONE
K240411:output,K240411,output,SEGMENTATION_OR_LOCALIZATION;OTHER,SEGMENTATION_OR_LOCALIZATION;OTHER,CODED,false,NONE
K240411:user,K240411,user,OTHER_PHYSICIAN,OTHER_PHYSICIAN,CODED,false,NONE
K240411:setting,K240411,setting,DIAGNOSTIC_INTERPRETATION;OTHER,DIAGNOSTIC_INTERPRETATION;OTHER,CODED,false,NONE
K240411:action,K240411,action,INTERPRETATION_OR_DIAGNOSIS,INTERPRETATION_OR_DIAGNOSIS,CODED,false,NONE
K240411:component_status,K240411,component_status,SINGLE,SINGLE,CODED,false,NONE
K240417:input,K240417,input,MEDICAL_IMAGE,MEDICAL_IMAGE,CODED,false,NONE
K240417:output,K240417,output,DETECTION_OR_ALERT;SEGMENTATION_OR_LOCALIZATION;CLASSIFICATION_OR_DIAGNOSIS,DETECTION_OR_ALERT;SEGMENTATION_OR_LOCALIZATION;CLASSIFICATION_OR_DIAGNOSIS,CODED,false,NONE
K240417:user,K240417,user,RADIOLOGIST,RADIOLOGIST,CODED,false,NONE
K240417:setting,K240417,setting,DIAGNOSTIC_INTERPRETATION;SCREENING,DIAGNOSTIC_INTERPRETATION;SCREENING,CODED,false,NONE
K240417:action,K240417,action,INTERPRETATION_OR_DIAGNOSIS,INTERPRETATION_OR_DIAGNOSIS,CODED,false,NONE
K240417:component_status,K240417,component_status,SINGLE,SINGLE,CODED,false,NONE
K240465:input,K240465,input,MEDICAL_IMAGE,MEDICAL_IMAGE,CODED,false,NONE
K240465:output,K240465,output,RECONSTRUCTION_OR_ENHANCEMENT,RECONSTRUCTION_OR_ENHANCEMENT,CODED,false,NONE
K240465:user,K240465,user,OTHER_PHYSICIAN,OTHER_PHYSICIAN,CODED,false,NONE
K240465:setting,K240465,setting,PROCEDURAL_OR_OPERATING_ROOM;DIAGNOSTIC_INTERPRETATION,PROCEDURAL_OR_OPERATING_ROOM;DIAGNOSTIC_INTERPRETATION,CODED,false,NONE
K240465:action,K240465,action,INTERPRETATION_OR_DIAGNOSIS;OTHER,INTERPRETATION_OR_DIAGNOSIS;OTHER,CODED,false,NONE
K240465:component_status,K240465,component_status,SINGLE,SINGLE,CODED,false,NONE
K240516:input,K240516,input,MEDICAL_IMAGE,MEDICAL_IMAGE,CODED,false,NONE
K240516:output,K240516,output,SEGMENTATION_OR_LOCALIZATION;MEASUREMENT_OR_QUANTIFICATION,SEGMENTATION_OR_LOCALIZATION;MEASUREMENT_OR_QUANTIFICATION,CODED,false,NONE
K240516:user,K240516,user,OTHER_CLINICIAN,OTHER_CLINICIAN,CODED,false,NONE
K240516:setting,K240516,setting,DIAGNOSTIC_INTERPRETATION;OUTPATIENT;OTHER,DIAGNOSTIC_INTERPRETATION;OUTPATIENT;OTHER,CODED,false,NONE
K240516:action,K240516,action,INTERPRETATION_OR_DIAGNOSIS,INTERPRETATION_OR_DIAGNOSIS,CODED,false,NONE
K240516:component_status,K240516,component_status,SINGLE,SINGLE,CODED,false,NONE
K240540:input,K240540,input,NOT_ASSESSABLE,NOT_ASSESSABLE,NOT_ASSESSABLE,true,AI_ATTRIBUTION_BARRIER
K240540:output,K240540,output,NOT_ASSESSABLE,NOT_ASSESSABLE,NOT_ASSESSABLE,true,AI_ATTRIBUTION_BARRIER
K240540:user,K240540,user,NOT_ASSESSABLE,NOT_ASSESSABLE,NOT_ASSESSABLE,true,AI_ATTRIBUTION_BARRIER
K240540:setting,K240540,setting,NOT_ASSESSABLE,NOT_ASSESSABLE,NOT_ASSESSABLE,true,AI_ATTRIBUTION_BARRIER
K240540:action,K240540,action,NOT_ASSESSABLE,NOT_ASSESSABLE,NOT_ASSESSABLE,true,AI_ATTRIBUTION_BARRIER
K240540:component_status,K240540,component_status,UNCERTAIN,UNCERTAIN,UNCERTAIN,true,AI_ATTRIBUTION_BARRIER
K240553:input,K240553,input,MEDICAL_IMAGE,MEDICAL_IMAGE,CODED,false,NONE
K240553:output,K240553,output,MEASUREMENT_OR_QUANTIFICATION;OTHER,MEASUREMENT_OR_QUANTIFICATION;OTHER,CODED,false,NONE
K240553:user,K240553,user,NOT_STATED,NOT_STATED,NOT_STATED,true,FIELD_NOT_STATED
K240553:setting,K240553,setting,DIAGNOSTIC_INTERPRETATION;OTHER,DIAGNOSTIC_INTERPRETATION;OTHER,CODED,false,NONE
K240553:action,K240553,action,INTERPRETATION_OR_DIAGNOSIS,INTERPRETATION_OR_DIAGNOSIS,CODED,false,NONE
K240553:component_status,K240553,component_status,MULTIPLE,MULTIPLE,CODED,false,NONE
K240554:input,K240554,input,MEDICAL_IMAGE,MEDICAL_IMAGE,CODED,false,NONE
K240554:output,K240554,output,DETECTION_OR_ALERT;SEGMENTATION_OR_LOCALIZATION;MEASUREMENT_OR_QUANTIFICATION;CLASSIFICATION_OR_DIAGNOSIS;DOCUMENTATION_OR_SUMMARY,DETECTION_OR_ALERT;SEGMENTATION_OR_LOCALIZATION;MEASUREMENT_OR_QUANTIFICATION;CLASSIFICATION_OR_DIAGNOSIS;DOCUMENTATION_OR_SUMMARY,CODED,false,NONE
K240554:user,K240554,user,RADIOLOGIST,RADIOLOGIST,CODED,false,NONE
K240554:setting,K240554,setting,SCREENING;DIAGNOSTIC_INTERPRETATION;MONITORING;OTHER,SCREENING;DIAGNOSTIC_INTERPRETATION;MONITORING;OTHER,CODED,false,NONE
K240554:action,K240554,action,INTERPRETATION_OR_DIAGNOSIS;MONITORING_OR_FOLLOW_UP,INTERPRETATION_OR_DIAGNOSIS;MONITORING_OR_FOLLOW_UP,CODED,false,NONE
K240554:component_status,K240554,component_status,SINGLE,SINGLE,CODED,false,NONE
K240555:input,K240555,input,AUDIO_OR_VIDEO,AUDIO_OR_VIDEO,CODED,false,NONE
K240555:output,K240555,output,DETECTION_OR_ALERT,DETECTION_OR_ALERT,CODED,false,NONE
K240555:user,K240555,user,OTHER_CLINICIAN;PATIENT_OR_CAREGIVER,OTHER_CLINICIAN;PATIENT_OR_CAREGIVER,CODED,false,NONE
K240555:setting,K240555,setting,HOME_OR_CONSUMER;DIAGNOSTIC_INTERPRETATION;OTHER,HOME_OR_CONSUMER;DIAGNOSTIC_INTERPRETATION;OTHER,CODED,false,NONE
K240555:action,K240555,action,INTERPRETATION_OR_DIAGNOSIS;REFERRAL_OR_ESCALATION,INTERPRETATION_OR_DIAGNOSIS;REFERRAL_OR_ESCALATION,CODED,false,NONE
K240555:component_status,K240555,component_status,SINGLE,SINGLE,CODED,false,NONE
K240582:input,K240582,input,MEDICAL_IMAGE,MEDICAL_IMAGE,CODED,false,NONE
K240582:output,K240582,output,SEGMENTATION_OR_LOCALIZATION;MEASUREMENT_OR_QUANTIFICATION,SEGMENTATION_OR_LOCALIZATION;MEASUREMENT_OR_QUANTIFICATION,CODED,false,NONE
K240582:user,K240582,user,OTHER_CLINICIAN,OTHER_CLINICIAN,CODED,false,NONE
K240582:setting,K240582,setting,DIAGNOSTIC_INTERPRETATION;PROCEDURAL_OR_OPERATING_ROOM,DIAGNOSTIC_INTERPRETATION;PROCEDURAL_OR_OPERATING_ROOM,CODED,false,NONE
K240582:action,K240582,action,INTERPRETATION_OR_DIAGNOSIS;TREATMENT_OR_PROCEDURE_PLANNING,INTERPRETATION_OR_DIAGNOSIS;TREATMENT_OR_PROCEDURE_PLANNING,CODED,false,NONE
K240582:component_status,K240582,component_status,SINGLE,SINGLE,CODED,false,NONE
K240612:input,K240612,input,MEDICAL_IMAGE,MEDICAL_IMAGE,CODED,false,NONE
K240612:output,K240612,output,DETECTION_OR_ALERT,DETECTION_OR_ALERT,CODED,false,NONE
K240612:user,K240612,user,OTHER_CLINICIAN,OTHER_CLINICIAN,CODED,false,NONE
K240612:setting,K240612,setting,DIAGNOSTIC_INTERPRETATION,DIAGNOSTIC_INTERPRETATION,CODED,false,NONE
K240612:action,K240612,action,TRIAGE_OR_PRIORITIZATION;INTERPRETATION_OR_DIAGNOSIS,TRIAGE_OR_PRIORITIZATION;INTERPRETATION_OR_DIAGNOSIS,CODED,false,NONE
K240612:component_status,K240612,component_status,SINGLE,SINGLE,CODED,false,NONE
K240631:input,K240631,input,MEDICAL_IMAGE,MEDICAL_IMAGE,CODED,false,NONE
K240631:output,K240631,output,SEGMENTATION_OR_LOCALIZATION,SEGMENTATION_OR_LOCALIZATION,CODED,false,NONE
K240631:user,K240631,user,OTHER_CLINICIAN,OTHER_CLINICIAN,CODED,false,NONE
K240631:setting,K240631,setting,DIAGNOSTIC_INTERPRETATION;OUTPATIENT,DIAGNOSTIC_INTERPRETATION;OUTPATIENT,CODED,false,NONE
K240631:action,K240631,action,INTERPRETATION_OR_DIAGNOSIS,INTERPRETATION_OR_DIAGNOSIS,CODED,false,NONE
K240631:component_status,K240631,component_status,SINGLE,SINGLE,CODED,false,NONE
K240642:input,K240642,input,MEDICAL_IMAGE,MEDICAL_IMAGE,CODED,false,NONE
K240642:output,K240642,output,SEGMENTATION_OR_LOCALIZATION;MEASUREMENT_OR_QUANTIFICATION,SEGMENTATION_OR_LOCALIZATION;MEASUREMENT_OR_QUANTIFICATION,CODED,false,NONE
K240642:user,K240642,user,OTHER_CLINICIAN,OTHER_CLINICIAN,CODED,false,NONE
K240642:setting,K240642,setting,DIAGNOSTIC_INTERPRETATION;PROCEDURAL_OR_OPERATING_ROOM;OUTPATIENT,DIAGNOSTIC_INTERPRETATION;PROCEDURAL_OR_OPERATING_ROOM;OUTPATIENT,CODED,false,NONE
K240642:action,K240642,action,INTERPRETATION_OR_DIAGNOSIS;TREATMENT_OR_PROCEDURE_PLANNING,INTERPRETATION_OR_DIAGNOSIS;TREATMENT_OR_PROCEDURE_PLANNING,CODED,false,NONE
K240642:component_status,K240642,component_status,SINGLE,SINGLE,CODED,false,NONE
K240645:input,K240645,input,MEDICAL_IMAGE,MEDICAL_IMAGE,CODED,false,NONE
K240645:output,K240645,output,MEASUREMENT_OR_QUANTIFICATION,MEASUREMENT_OR_QUANTIFICATION,CODED,false,NONE
K240645:user,K240645,user,OTHER_PHYSICIAN,OTHER_PHYSICIAN,CODED,false,NONE
K240645:setting,K240645,setting,DIAGNOSTIC_INTERPRETATION;OUTPATIENT,DIAGNOSTIC_INTERPRETATION;OUTPATIENT,CODED,false,NONE
K240645:action,K240645,action,INTERPRETATION_OR_DIAGNOSIS,INTERPRETATION_OR_DIAGNOSIS,CODED,false,NONE
K240645:component_status,K240645,component_status,SINGLE,SINGLE,CODED,false,NONE
K240680:input,K240680,input,MEDICAL_IMAGE,MEDICAL_IMAGE,CODED,false,NONE
K240680:output,K240680,output,SEGMENTATION_OR_LOCALIZATION;MEASUREMENT_OR_QUANTIFICATION,SEGMENTATION_OR_LOCALIZATION;MEASUREMENT_OR_QUANTIFICATION,CODED,false,NONE
K240680:user,K240680,user,RADIOLOGIST;OTHER_PHYSICIAN;OTHER_CLINICIAN,RADIOLOGIST;OTHER_PHYSICIAN;OTHER_CLINICIAN,CODED,false,NONE
K240680:setting,K240680,setting,DIAGNOSTIC_INTERPRETATION;MONITORING,DIAGNOSTIC_INTERPRETATION;MONITORING,CODED,false,NONE
K240680:action,K240680,action,INTERPRETATION_OR_DIAGNOSIS;MONITORING_OR_FOLLOW_UP,INTERPRETATION_OR_DIAGNOSIS;MONITORING_OR_FOLLOW_UP,CODED,false,NONE
K240680:component_status,K240680,component_status,SINGLE,SINGLE,CODED,false,NONE
K240697:input,K240697,input,MEDICAL_IMAGE,MEDICAL_IMAGE,CODED,false,NONE
K240697:output,K240697,output,SEGMENTATION_OR_LOCALIZATION;CLASSIFICATION_OR_DIAGNOSIS;DOCUMENTATION_OR_SUMMARY,SEGMENTATION_OR_LOCALIZATION;CLASSIFICATION_OR_DIAGNOSIS;DOCUMENTATION_OR_SUMMARY,CODED,false,NONE
K240697:user,K240697,user,OTHER_PHYSICIAN;TECHNOLOGIST_OR_OPERATOR,OTHER_PHYSICIAN;TECHNOLOGIST_OR_OPERATOR,CODED,false,NONE
K240697:setting,K240697,setting,DIAGNOSTIC_INTERPRETATION,DIAGNOSTIC_INTERPRETATION,CODED,false,NONE
K240697:action,K240697,action,INTERPRETATION_OR_DIAGNOSIS;WORKFLOW_OR_DOCUMENTATION,INTERPRETATION_OR_DIAGNOSIS;WORKFLOW_OR_DOCUMENTATION,CODED,false,NONE
K240697:component_status,K240697,component_status,SINGLE,SINGLE,CODED,false,NONE
K240704:input,K240704,input,MEDICAL_IMAGE,MEDICAL_IMAGE,CODED,false,NONE
K240704:output,K240704,output,MEASUREMENT_OR_QUANTIFICATION,MEASUREMENT_OR_QUANTIFICATION,CODED,false,NONE
K240704:user,K240704,user,OTHER_PHYSICIAN;OTHER_CLINICIAN,OTHER_PHYSICIAN;OTHER_CLINICIAN,CODED,false,NONE
K240704:setting,K240704,setting,DIAGNOSTIC_INTERPRETATION,DIAGNOSTIC_INTERPRETATION,CODED,false,NONE
K240704:action,K240704,action,INTERPRETATION_OR_DIAGNOSIS,INTERPRETATION_OR_DIAGNOSIS,CODED,false,NONE
K240704:component_status,K240704,component_status,SINGLE,SINGLE,CODED,false,NONE
K240712:input,K240712,input,MEDICAL_IMAGE,MEDICAL_IMAGE,CODED,false,NONE
K240712:output,K240712,output,DETECTION_OR_ALERT;SEGMENTATION_OR_LOCALIZATION;MEASUREMENT_OR_QUANTIFICATION;CLASSIFICATION_OR_DIAGNOSIS,DETECTION_OR_ALERT;SEGMENTATION_OR_LOCALIZATION;MEASUREMENT_OR_QUANTIFICATION;CLASSIFICATION_OR_DIAGNOSIS,CODED,false,NONE
K240712:user,K240712,user,RADIOLOGIST,RADIOLOGIST,CODED,false,NONE
K240712:setting,K240712,setting,DIAGNOSTIC_INTERPRETATION;MONITORING,DIAGNOSTIC_INTERPRETATION;MONITORING,CODED,false,NONE
K240712:action,K240712,action,INTERPRETATION_OR_DIAGNOSIS;MONITORING_OR_FOLLOW_UP,INTERPRETATION_OR_DIAGNOSIS;MONITORING_OR_FOLLOW_UP,CODED,false,NONE
K240712:component_status,K240712,component_status,SINGLE,SINGLE,CODED,false,NONE
K240736:input,K240736,input,MEDICAL_IMAGE,MEDICAL_IMAGE,CODED,false,NONE
K240736:output,K240736,output,SEGMENTATION_OR_LOCALIZATION;MEASUREMENT_OR_QUANTIFICATION,SEGMENTATION_OR_LOCALIZATION;MEASUREMENT_OR_QUANTIFICATION,CODED,false,NONE
K240736:user,K240736,user,OTHER_CLINICIAN,OTHER_CLINICIAN,CODED,false,NONE
K240736:setting,K240736,setting,DIAGNOSTIC_INTERPRETATION;PROCEDURAL_OR_OPERATING_ROOM;OUTPATIENT,DIAGNOSTIC_INTERPRETATION;PROCEDURAL_OR_OPERATING_ROOM;OUTPATIENT,CODED,false,NONE
K240736:action,K240736,action,INTERPRETATION_OR_DIAGNOSIS;TREATMENT_OR_PROCEDURE_PLANNING,INTERPRETATION_OR_DIAGNOSIS;TREATMENT_OR_PROCEDURE_PLANNING,CODED,false,NONE
K240736:component_status,K240736,component_status,SINGLE,SINGLE,CODED,false,NONE
K240740:input,K240740,input,MEDICAL_IMAGE,MEDICAL_IMAGE,CODED,false,NONE
K240740:output,K240740,output,SEGMENTATION_OR_LOCALIZATION;MEASUREMENT_OR_QUANTIFICATION,SEGMENTATION_OR_LOCALIZATION;MEASUREMENT_OR_QUANTIFICATION,CODED,false,NONE
K240740:user,K240740,user,RADIOLOGIST;OTHER_PHYSICIAN,RADIOLOGIST;OTHER_PHYSICIAN,CODED,false,NONE
K240740:setting,K240740,setting,DIAGNOSTIC_INTERPRETATION;MONITORING,DIAGNOSTIC_INTERPRETATION;MONITORING,CODED,false,NONE
K240740:action,K240740,action,INTERPRETATION_OR_DIAGNOSIS;MONITORING_OR_FOLLOW_UP,INTERPRETATION_OR_DIAGNOSIS;MONITORING_OR_FOLLOW_UP,CODED,false,NONE
K240740:component_status,K240740,component_status,SINGLE,SINGLE,CODED,false,NONE
K240744:input,K240744,input,NOT_ASSESSABLE,NOT_ASSESSABLE,NOT_ASSESSABLE,true,AI_ATTRIBUTION_BARRIER
K240744:output,K240744,output,NOT_ASSESSABLE,NOT_ASSESSABLE,NOT_ASSESSABLE,true,AI_ATTRIBUTION_BARRIER
K240744:user,K240744,user,NOT_ASSESSABLE,NOT_ASSESSABLE,NOT_ASSESSABLE,true,AI_ATTRIBUTION_BARRIER
K240744:setting,K240744,setting,NOT_ASSESSABLE,NOT_ASSESSABLE,NOT_ASSESSABLE,true,AI_ATTRIBUTION_BARRIER
K240744:action,K240744,action,NOT_ASSESSABLE,NOT_ASSESSABLE,NOT_ASSESSABLE,true,AI_ATTRIBUTION_BARRIER
K240744:component_status,K240744,component_status,UNCERTAIN,UNCERTAIN,UNCERTAIN,true,AI_ATTRIBUTION_BARRIER
K240769:input,K240769,input,MEDICAL_IMAGE,MEDICAL_IMAGE,CODED,false,NONE
K240769:output,K240769,output,MEASUREMENT_OR_QUANTIFICATION;CLASSIFICATION_OR_DIAGNOSIS,MEASUREMENT_OR_QUANTIFICATION;CLASSIFICATION_OR_DIAGNOSIS,CODED,false,NONE
K240769:user,K240769,user,NOT_STATED,NOT_STATED,NOT_STATED,true,FIELD_NOT_STATED
K240769:setting,K240769,setting,OTHER,OTHER,CODED,false,NONE
K240769:action,K240769,action,OTHER,OTHER,CODED,false,NONE
K240769:component_status,K240769,component_status,SINGLE,SINGLE,CODED,false,NONE
K240773:input,K240773,input,MEDICAL_IMAGE,MEDICAL_IMAGE,CODED,false,NONE
K240773:output,K240773,output,SEGMENTATION_OR_LOCALIZATION,SEGMENTATION_OR_LOCALIZATION,CODED,false,NONE
K240773:user,K240773,user,OTHER_PHYSICIAN,OTHER_PHYSICIAN,CODED,false,NONE
K240773:setting,K240773,setting,PROCEDURAL_OR_OPERATING_ROOM,PROCEDURAL_OR_OPERATING_ROOM,CODED,false,NONE
K240773:action,K240773,action,TREATMENT_OR_PROCEDURE_PLANNING,TREATMENT_OR_PROCEDURE_PLANNING,CODED,false,NONE
K240773:component_status,K240773,component_status,SINGLE,SINGLE,CODED,false,NONE
K240781:input,K240781,input,AUDIO_OR_VIDEO,AUDIO_OR_VIDEO,CODED,false,NONE
K240781:output,K240781,output,DETECTION_OR_ALERT;SEGMENTATION_OR_LOCALIZATION,DETECTION_OR_ALERT;SEGMENTATION_OR_LOCALIZATION,CODED,false,NONE
K240781:user,K240781,user,OTHER_PHYSICIAN,OTHER_PHYSICIAN,CODED,false,NONE
K240781:setting,K240781,setting,SCREENING;MONITORING;PROCEDURAL_OR_OPERATING_ROOM,SCREENING;MONITORING;PROCEDURAL_OR_OPERATING_ROOM,CODED,false,NONE
K240781:action,K240781,action,INTERPRETATION_OR_DIAGNOSIS,INTERPRETATION_OR_DIAGNOSIS,CODED,false,NONE
K240781:component_status,K240781,component_status,SINGLE,SINGLE,CODED,false,NONE
K240791:input,K240791,input,MEDICAL_IMAGE,MEDICAL_IMAGE,CODED,false,NONE
K240791:output,K240791,output,SEGMENTATION_OR_LOCALIZATION;MEASUREMENT_OR_QUANTIFICATION,SEGMENTATION_OR_LOCALIZATION;MEASUREMENT_OR_QUANTIFICATION,CODED,false,NONE
K240791:user,K240791,user,RADIOLOGIST;OTHER_PHYSICIAN;TECHNOLOGIST_OR_OPERATOR,RADIOLOGIST;OTHER_PHYSICIAN;TECHNOLOGIST_OR_OPERATOR,CODED,false,NONE
K240791:setting,K240791,setting,DIAGNOSTIC_INTERPRETATION;PROCEDURAL_OR_OPERATING_ROOM,DIAGNOSTIC_INTERPRETATION;PROCEDURAL_OR_OPERATING_ROOM,CODED,false,NONE
K240791:action,K240791,action,INTERPRETATION_OR_DIAGNOSIS;TREATMENT_OR_PROCEDURE_PLANNING,INTERPRETATION_OR_DIAGNOSIS;TREATMENT_OR_PROCEDURE_PLANNING,CODED,false,NONE
K240791:component_status,K240791,component_status,SINGLE,SINGLE,CODED,false,NONE
K240793:input,K240793,input,MEDICAL_IMAGE,MEDICAL_IMAGE,CODED,false,NONE
K240793:output,K240793,output,SEGMENTATION_OR_LOCALIZATION;MEASUREMENT_OR_QUANTIFICATION;DOCUMENTATION_OR_SUMMARY,SEGMENTATION_OR_LOCALIZATION;MEASUREMENT_OR_QUANTIFICATION;DOCUMENTATION_OR_SUMMARY,CODED,false,NONE
K240793:user,K240793,user,RADIOLOGIST;OTHER_PHYSICIAN,RADIOLOGIST;OTHER_PHYSICIAN,CODED,false,NONE
K240793:setting,K240793,setting,DIAGNOSTIC_INTERPRETATION,DIAGNOSTIC_INTERPRETATION,CODED,false,NONE
K240793:action,K240793,action,INTERPRETATION_OR_DIAGNOSIS;WORKFLOW_OR_DOCUMENTATION,INTERPRETATION_OR_DIAGNOSIS;WORKFLOW_OR_DOCUMENTATION,CODED,false,NONE
K240793:component_status,K240793,component_status,SINGLE,SINGLE,CODED,false,NONE
K240795:input,K240795,input,PHYSIOLOGICAL_SIGNAL,PHYSIOLOGICAL_SIGNAL,CODED,false,NONE
K240795:output,K240795,output,CLASSIFICATION_OR_DIAGNOSIS,CLASSIFICATION_OR_DIAGNOSIS,CODED,false,NONE
K240795:user,K240795,user,PATIENT_OR_CAREGIVER;OTHER_CLINICIAN,PATIENT_OR_CAREGIVER;OTHER_CLINICIAN,CODED,false,NONE
K240795:setting,K240795,setting,HOME_OR_CONSUMER,HOME_OR_CONSUMER,CODED,false,NONE
K240795:action,K240795,action,REFERRAL_OR_ESCALATION;INTERPRETATION_OR_DIAGNOSIS,REFERRAL_OR_ESCALATION;INTERPRETATION_OR_DIAGNOSIS,CODED,false,NONE
K240795:component_status,K240795,component_status,SINGLE,SINGLE,CODED,false,NONE
K240845:input,K240845,input,MEDICAL_IMAGE,MEDICAL_IMAGE,CODED,false,NONE
K240845:output,K240845,output,DETECTION_OR_ALERT;SEGMENTATION_OR_LOCALIZATION,DETECTION_OR_ALERT;SEGMENTATION_OR_LOCALIZATION,CODED,false,NONE
K240845:user,K240845,user,RADIOLOGIST;OTHER_PHYSICIAN,RADIOLOGIST;OTHER_PHYSICIAN,CODED,false,NONE
K240845:setting,K240845,setting,DIAGNOSTIC_INTERPRETATION,DIAGNOSTIC_INTERPRETATION,CODED,false,NONE
K240845:action,K240845,action,INTERPRETATION_OR_DIAGNOSIS,INTERPRETATION_OR_DIAGNOSIS,CODED,false,NONE
K240845:component_status,K240845,component_status,SINGLE,SINGLE,CODED,false,NONE
K240850:input,K240850,input,MEDICAL_IMAGE,MEDICAL_IMAGE,CODED,false,NONE
K240850:output,K240850,output,CLASSIFICATION_OR_DIAGNOSIS;MEASUREMENT_OR_QUANTIFICATION,CLASSIFICATION_OR_DIAGNOSIS;MEASUREMENT_OR_QUANTIFICATION,CODED,false,NONE
K240850:user,K240850,user,OTHER_PHYSICIAN;TECHNOLOGIST_OR_OPERATOR,OTHER_PHYSICIAN;TECHNOLOGIST_OR_OPERATOR,CODED,false,NONE
K240850:setting,K240850,setting,DIAGNOSTIC_INTERPRETATION;OUTPATIENT,DIAGNOSTIC_INTERPRETATION;OUTPATIENT,CODED,false,NONE
K240850:action,K240850,action,WORKFLOW_OR_DOCUMENTATION;INTERPRETATION_OR_DIAGNOSIS,WORKFLOW_OR_DOCUMENTATION;INTERPRETATION_OR_DIAGNOSIS,CODED,false,NONE
K240850:component_status,K240850,component_status,MULTIPLE,MULTIPLE,CODED,false,NONE
K240860:input,K240860,input,MEDICAL_IMAGE,MEDICAL_IMAGE,CODED,false,NONE
K240860:output,K240860,output,CLASSIFICATION_OR_DIAGNOSIS,CLASSIFICATION_OR_DIAGNOSIS,CODED,false,NONE
K240860:user,K240860,user,OTHER_PHYSICIAN,OTHER_PHYSICIAN,CODED,false,NONE
K240860:setting,K240860,setting,SCREENING,SCREENING,CODED,false,NONE
K240860:action,K240860,action,REFERRAL_OR_ESCALATION;INTERPRETATION_OR_DIAGNOSIS,REFERRAL_OR_ESCALATION;INTERPRETATION_OR_DIAGNOSIS,CODED,false,NONE
K240860:component_status,K240860,component_status,SINGLE,SINGLE,CODED,false,NONE
K240926:input,K240926,input,MEDICAL_IMAGE,MEDICAL_IMAGE,CODED,false,NONE
K240926:output,K240926,output,SEGMENTATION_OR_LOCALIZATION,SEGMENTATION_OR_LOCALIZATION,CODED,false,NONE
K240926:user,K240926,user,OTHER_PHYSICIAN;OTHER_CLINICIAN,OTHER_PHYSICIAN;OTHER_CLINICIAN,CODED,false,NONE
K240926:setting,K240926,setting,PROCEDURAL_OR_OPERATING_ROOM,PROCEDURAL_OR_OPERATING_ROOM,CODED,false,NONE
K240926:action,K240926,action,TREATMENT_OR_PROCEDURE_PLANNING,TREATMENT_OR_PROCEDURE_PLANNING,CODED,false,NONE
K240926:component_status,K240926,component_status,SINGLE,SINGLE,CODED,false,NONE
K240929:input,K240929,input,PHYSIOLOGICAL_SIGNAL,PHYSIOLOGICAL_SIGNAL,CODED,false,NONE
K240929:output,K240929,output,DETECTION_OR_ALERT;MEASUREMENT_OR_QUANTIFICATION,DETECTION_OR_ALERT;MEASUREMENT_OR_QUANTIFICATION,CODED,false,NONE
K240929:user,K240929,user,PATIENT_OR_CAREGIVER,PATIENT_OR_CAREGIVER,CODED,false,NONE
K240929:setting,K240929,setting,SCREENING;HOME_OR_CONSUMER,SCREENING;HOME_OR_CONSUMER,CODED,false,NONE
K240929:action,K240929,action,NOT_STATED,NOT_STATED,NOT_STATED,true,FIELD_NOT_STATED
K240929:component_status,K240929,component_status,SINGLE,SINGLE,CODED,false,NONE
K240942:input,K240942,input,MEDICAL_IMAGE,MEDICAL_IMAGE,CODED,false,NONE
K240942:output,K240942,output,DETECTION_OR_ALERT,DETECTION_OR_ALERT,CODED,false,NONE
K240942:user,K240942,user,OTHER_PHYSICIAN,OTHER_PHYSICIAN,CODED,false,NONE
K240942:setting,K240942,setting,DIAGNOSTIC_INTERPRETATION;ACUTE_TRIAGE_OR_EMERGENCY,DIAGNOSTIC_INTERPRETATION;ACUTE_TRIAGE_OR_EMERGENCY,CODED,false,NONE
K240942:action,K240942,action,TRIAGE_OR_PRIORITIZATION;INTERPRETATION_OR_DIAGNOSIS,TRIAGE_OR_PRIORITIZATION;INTERPRETATION_OR_DIAGNOSIS,CODED,false,NONE
K240942:component_status,K240942,component_status,SINGLE,SINGLE,CODED,false,NONE
K240943:input,K240943,input,MEDICAL_IMAGE,MEDICAL_IMAGE,CODED,false,NONE
K240943:output,K240943,output,RECONSTRUCTION_OR_ENHANCEMENT,RECONSTRUCTION_OR_ENHANCEMENT,CODED,false,NONE
K240943:user,K240943,user,NOT_STATED,NOT_STATED,NOT_STATED,true,FIELD_NOT_STATED
K240943:setting,K240943,setting,PROCEDURAL_OR_OPERATING_ROOM,PROCEDURAL_OR_OPERATING_ROOM,CODED,false,NONE
K240943:action,K240943,action,TREATMENT_OR_PROCEDURE_PLANNING,TREATMENT_OR_PROCEDURE_PLANNING,CODED,false,NONE
K240943:component_status,K240943,component_status,SINGLE,SINGLE,CODED,false,NONE
K240944:input,K240944,input,MEDICAL_IMAGE,MEDICAL_IMAGE,CODED,false,NONE
K240944:output,K240944,output,RECONSTRUCTION_OR_ENHANCEMENT,RECONSTRUCTION_OR_ENHANCEMENT,CODED,false,NONE
K240944:user,K240944,user,OTHER_PHYSICIAN,OTHER_PHYSICIAN,CODED,false,NONE
K240944:setting,K240944,setting,DIAGNOSTIC_INTERPRETATION;ACUTE_TRIAGE_OR_EMERGENCY;INPATIENT;OUTPATIENT,DIAGNOSTIC_INTERPRETATION;ACUTE_TRIAGE_OR_EMERGENCY;INPATIENT;OUTPATIENT,CODED,false,NONE
K240944:action,K240944,action,INTERPRETATION_OR_DIAGNOSIS,INTERPRETATION_OR_DIAGNOSIS,CODED,false,NONE
K240944:component_status,K240944,component_status,SINGLE,SINGLE,CODED,false,NONE
K240953:input,K240953,input,MEDICAL_IMAGE,MEDICAL_IMAGE,CODED,false,NONE
K240953:output,K240953,output,DETECTION_OR_ALERT;MEASUREMENT_OR_QUANTIFICATION,DETECTION_OR_ALERT;MEASUREMENT_OR_QUANTIFICATION,CODED,false,NONE
K240953:user,K240953,user,OTHER_CLINICIAN,OTHER_CLINICIAN,CODED,false,NONE
K240953:setting,K240953,setting,DIAGNOSTIC_INTERPRETATION;OTHER,DIAGNOSTIC_INTERPRETATION;OTHER,CODED,false,NONE
K240953:action,K240953,action,INTERPRETATION_OR_DIAGNOSIS;OTHER,INTERPRETATION_OR_DIAGNOSIS;OTHER,CODED,false,NONE
K240953:component_status,K240953,component_status,MULTIPLE,MULTIPLE,CODED,false,NONE
K240980:input,K240980,input,MEDICAL_IMAGE,MEDICAL_IMAGE,CODED,false,NONE
K240980:output,K240980,output,SEGMENTATION_OR_LOCALIZATION;MEASUREMENT_OR_QUANTIFICATION,SEGMENTATION_OR_LOCALIZATION;MEASUREMENT_OR_QUANTIFICATION,CODED,false,NONE
K240980:user,K240980,user,OTHER_PHYSICIAN;TECHNOLOGIST_OR_OPERATOR,OTHER_PHYSICIAN;TECHNOLOGIST_OR_OPERATOR,CODED,false,NONE
K240980:setting,K240980,setting,DIAGNOSTIC_INTERPRETATION;OUTPATIENT,DIAGNOSTIC_INTERPRETATION;OUTPATIENT,CODED,false,NONE
K240980:action,K240980,action,INTERPRETATION_OR_DIAGNOSIS,INTERPRETATION_OR_DIAGNOSIS,CODED,false,NONE
K240980:component_status,K240980,component_status,SINGLE,SINGLE,CODED,false,NONE
K240993:input,K240993,input,PHYSIOLOGICAL_SIGNAL,PHYSIOLOGICAL_SIGNAL,CODED,false,NONE
K240993:output,K240993,output,DETECTION_OR_ALERT;MEASUREMENT_OR_QUANTIFICATION,DETECTION_OR_ALERT;MEASUREMENT_OR_QUANTIFICATION,CODED,false,NONE
K240993:user,K240993,user,OTHER_PHYSICIAN;OTHER_CLINICIAN,OTHER_PHYSICIAN;OTHER_CLINICIAN,CODED,false,NONE
K240993:setting,K240993,setting,MONITORING;ACUTE_TRIAGE_OR_EMERGENCY,MONITORING;ACUTE_TRIAGE_OR_EMERGENCY,CODED,false,NONE
K240993:action,K240993,action,INTERPRETATION_OR_DIAGNOSIS;MONITORING_OR_FOLLOW_UP;TREATMENT_OR_PROCEDURE_PLANNING,INTERPRETATION_OR_DIAGNOSIS;MONITORING_OR_FOLLOW_UP;TREATMENT_OR_PROCEDURE_PLANNING,CODED,false,NONE
K240993:component_status,K240993,component_status,SINGLE,SINGLE,CODED,false,NONE
K241009:input,K241009,input,PHYSIOLOGICAL_SIGNAL,PHYSIOLOGICAL_SIGNAL,CODED,false,NONE
K241009:output,K241009,output,DETECTION_OR_ALERT;MEASUREMENT_OR_QUANTIFICATION;DOCUMENTATION_OR_SUMMARY,DETECTION_OR_ALERT;MEASUREMENT_OR_QUANTIFICATION;DOCUMENTATION_OR_SUMMARY,CODED,false,NONE
K241009:user,K241009,user,OTHER_CLINICIAN,OTHER_CLINICIAN,CODED,false,NONE
K241009:setting,K241009,setting,MONITORING,MONITORING,CODED,false,NONE
K241009:action,K241009,action,MONITORING_OR_FOLLOW_UP;INTERPRETATION_OR_DIAGNOSIS,MONITORING_OR_FOLLOW_UP;INTERPRETATION_OR_DIAGNOSIS,CODED,false,NONE
K241009:component_status,K241009,component_status,SINGLE,SINGLE,CODED,false,NONE
K241029:input,K241029,input,MEDICAL_IMAGE,MEDICAL_IMAGE,CODED,false,NONE
K241029:output,K241029,output,SEGMENTATION_OR_LOCALIZATION;MEASUREMENT_OR_QUANTIFICATION,SEGMENTATION_OR_LOCALIZATION;MEASUREMENT_OR_QUANTIFICATION,CODED,false,NONE
K241029:user,K241029,user,RADIOLOGIST;OTHER_CLINICIAN,RADIOLOGIST;OTHER_CLINICIAN,CODED,false,NONE
K241029:setting,K241029,setting,DIAGNOSTIC_INTERPRETATION;OUTPATIENT,DIAGNOSTIC_INTERPRETATION;OUTPATIENT,CODED,false,NONE
K241029:action,K241029,action,INTERPRETATION_OR_DIAGNOSIS,INTERPRETATION_OR_DIAGNOSIS,CODED,false,NONE
K241029:component_status,K241029,component_status,SINGLE,SINGLE,CODED,false,NONE
K241038:input,K241038,input,MEDICAL_IMAGE,MEDICAL_IMAGE,CODED,false,NONE
K241038:output,K241038,output,SEGMENTATION_OR_LOCALIZATION;MEASUREMENT_OR_QUANTIFICATION,SEGMENTATION_OR_LOCALIZATION;MEASUREMENT_OR_QUANTIFICATION,CODED,false,NONE
K241038:user,K241038,user,OTHER_PHYSICIAN;OTHER_CLINICIAN,OTHER_PHYSICIAN;OTHER_CLINICIAN,CODED,false,NONE
K241038:setting,K241038,setting,DIAGNOSTIC_INTERPRETATION,DIAGNOSTIC_INTERPRETATION,CODED,false,NONE
K241038:action,K241038,action,INTERPRETATION_OR_DIAGNOSIS,INTERPRETATION_OR_DIAGNOSIS,CODED,false,NONE
K241038:component_status,K241038,component_status,SINGLE,SINGLE,CODED,false,NONE
K241079:input,K241079,input,MEDICAL_IMAGE,MEDICAL_IMAGE,CODED,false,NONE
K241079:output,K241079,output,RECONSTRUCTION_OR_ENHANCEMENT,RECONSTRUCTION_OR_ENHANCEMENT,CODED,false,NONE
K241079:user,K241079,user,RADIOLOGIST;OTHER_CLINICIAN;TECHNOLOGIST_OR_OPERATOR,RADIOLOGIST;OTHER_CLINICIAN;TECHNOLOGIST_OR_OPERATOR,CODED,false,NONE
K241079:setting,K241079,setting,SCREENING;DIAGNOSTIC_INTERPRETATION,SCREENING;DIAGNOSTIC_INTERPRETATION,CODED,false,NONE
K241079:action,K241079,action,OTHER;INTERPRETATION_OR_DIAGNOSIS,OTHER;INTERPRETATION_OR_DIAGNOSIS,CODED,false,NONE
K241079:component_status,K241079,component_status,SINGLE,SINGLE,CODED,false,NONE
K241083:input,K241083,input,MEDICAL_IMAGE,MEDICAL_IMAGE,CODED,false,NONE
K241083:output,K241083,output,SEGMENTATION_OR_LOCALIZATION,SEGMENTATION_OR_LOCALIZATION,CODED,false,NONE
K241083:user,K241083,user,RADIOLOGIST;OTHER_PHYSICIAN,RADIOLOGIST;OTHER_PHYSICIAN,CODED,false,NONE
K241083:setting,K241083,setting,PROCEDURAL_OR_OPERATING_ROOM,PROCEDURAL_OR_OPERATING_ROOM,CODED,false,NONE
K241083:action,K241083,action,TREATMENT_OR_PROCEDURE_PLANNING,TREATMENT_OR_PROCEDURE_PLANNING,CODED,false,NONE
K241083:component_status,K241083,component_status,SINGLE,SINGLE,CODED,false,NONE
K241098:input,K241098,input,MEDICAL_IMAGE,MEDICAL_IMAGE,CODED,false,NONE
K241098:output,K241098,output,SEGMENTATION_OR_LOCALIZATION;MEASUREMENT_OR_QUANTIFICATION;DOCUMENTATION_OR_SUMMARY,SEGMENTATION_OR_LOCALIZATION;MEASUREMENT_OR_QUANTIFICATION;DOCUMENTATION_OR_SUMMARY,CODED,false,NONE
K241098:user,K241098,user,RADIOLOGIST;OTHER_PHYSICIAN,RADIOLOGIST;OTHER_PHYSICIAN,CODED,false,NONE
K241098:setting,K241098,setting,DIAGNOSTIC_INTERPRETATION;OTHER,DIAGNOSTIC_INTERPRETATION;OTHER,CODED,false,NONE
K241098:action,K241098,action,INTERPRETATION_OR_DIAGNOSIS;MONITORING_OR_FOLLOW_UP,INTERPRETATION_OR_DIAGNOSIS;MONITORING_OR_FOLLOW_UP,CODED,false,NONE
K241098:component_status,K241098,component_status,SINGLE,SINGLE,CODED,false,NONE
K241108:input,K241108,input,MEDICAL_IMAGE,MEDICAL_IMAGE,CODED,false,NONE
K241108:output,K241108,output,SEGMENTATION_OR_LOCALIZATION;MEASUREMENT_OR_QUANTIFICATION;DOCUMENTATION_OR_SUMMARY,SEGMENTATION_OR_LOCALIZATION;MEASUREMENT_OR_QUANTIFICATION;DOCUMENTATION_OR_SUMMARY,CODED,false,NONE
K241108:user,K241108,user,RADIOLOGIST;OTHER_PHYSICIAN,RADIOLOGIST;OTHER_PHYSICIAN,CODED,false,NONE
K241108:setting,K241108,setting,DIAGNOSTIC_INTERPRETATION,DIAGNOSTIC_INTERPRETATION,CODED,false,NONE
K241108:action,K241108,action,INTERPRETATION_OR_DIAGNOSIS;WORKFLOW_OR_DOCUMENTATION;TREATMENT_OR_PROCEDURE_PLANNING,INTERPRETATION_OR_DIAGNOSIS;WORKFLOW_OR_DOCUMENTATION;TREATMENT_OR_PROCEDURE_PLANNING,CODED,false,NONE
K241108:component_status,K241108,component_status,SINGLE,SINGLE,CODED,false,NONE
K241112:input,K241112,input,MEDICAL_IMAGE,MEDICAL_IMAGE,CODED,false,NONE
K241112:output,K241112,output,MEASUREMENT_OR_QUANTIFICATION,MEASUREMENT_OR_QUANTIFICATION,CODED,false,NONE
K241112:user,K241112,user,RADIOLOGIST;OTHER_CLINICIAN,RADIOLOGIST;OTHER_CLINICIAN,CODED,false,NONE
K241112:setting,K241112,setting,DIAGNOSTIC_INTERPRETATION,DIAGNOSTIC_INTERPRETATION,CODED,false,NONE
K241112:action,K241112,action,INTERPRETATION_OR_DIAGNOSIS,INTERPRETATION_OR_DIAGNOSIS,CODED,false,NONE
K241112:component_status,K241112,component_status,SINGLE,SINGLE,CODED,false,NONE
K241121:input,K241121,input,MEDICAL_IMAGE,MEDICAL_IMAGE,CODED,false,NONE
K241121:output,K241121,output,RECONSTRUCTION_OR_ENHANCEMENT;MEASUREMENT_OR_QUANTIFICATION,RECONSTRUCTION_OR_ENHANCEMENT;MEASUREMENT_OR_QUANTIFICATION,CODED,false,NONE
K241121:user,K241121,user,RADIOLOGIST,RADIOLOGIST,CODED,false,NONE
K241121:setting,K241121,setting,DIAGNOSTIC_INTERPRETATION;OUTPATIENT,DIAGNOSTIC_INTERPRETATION;OUTPATIENT,CODED,false,NONE
K241121:action,K241121,action,INTERPRETATION_OR_DIAGNOSIS,INTERPRETATION_OR_DIAGNOSIS,CODED,false,NONE
K241121:component_status,K241121,component_status,SINGLE,SINGLE,CODED,false,NONE
K241166:input,K241166,input,MEDICAL_IMAGE,MEDICAL_IMAGE,CODED,false,NONE
K241166:output,K241166,output,RECONSTRUCTION_OR_ENHANCEMENT;RECOMMENDATION_OR_PLANNING,RECONSTRUCTION_OR_ENHANCEMENT;RECOMMENDATION_OR_PLANNING,CODED,false,NONE
K241166:user,K241166,user,OTHER_CLINICIAN,OTHER_CLINICIAN,CODED,false,NONE
K241166:setting,K241166,setting,DIAGNOSTIC_INTERPRETATION;OTHER,DIAGNOSTIC_INTERPRETATION;OTHER,CODED,false,NONE
K241166:action,K241166,action,INTERPRETATION_OR_DIAGNOSIS;OTHER,INTERPRETATION_OR_DIAGNOSIS;OTHER,CODED,false,NONE
K241166:component_status,K241166,component_status,MULTIPLE,MULTIPLE,CODED,false,NONE
K241197:input,K241197,input,PHYSIOLOGICAL_SIGNAL,PHYSIOLOGICAL_SIGNAL,CODED,false,NONE
K241197:output,K241197,output,DETECTION_OR_ALERT;CLASSIFICATION_OR_DIAGNOSIS;MEASUREMENT_OR_QUANTIFICATION,DETECTION_OR_ALERT;CLASSIFICATION_OR_DIAGNOSIS;MEASUREMENT_OR_QUANTIFICATION,CODED,false,NONE
K241197:user,K241197,user,TECHNOLOGIST_OR_OPERATOR;OTHER_PHYSICIAN;OTHER_CLINICIAN,TECHNOLOGIST_OR_OPERATOR;OTHER_PHYSICIAN;OTHER_CLINICIAN,CODED,false,NONE
K241197:setting,K241197,setting,DIAGNOSTIC_INTERPRETATION;OUTPATIENT;MONITORING,DIAGNOSTIC_INTERPRETATION;OUTPATIENT;MONITORING,CODED,false,NONE
K241197:action,K241197,action,INTERPRETATION_OR_DIAGNOSIS,INTERPRETATION_OR_DIAGNOSIS,CODED,false,NONE
K241197:component_status,K241197,component_status,SINGLE,SINGLE,CODED,false,NONE
K241200:input,K241200,input,MEDICAL_IMAGE,MEDICAL_IMAGE,CODED,false,NONE
K241200:output,K241200,output,RECONSTRUCTION_OR_ENHANCEMENT,RECONSTRUCTION_OR_ENHANCEMENT,CODED,false,NONE
K241200:user,K241200,user,NOT_STATED,NOT_STATED,NOT_STATED,true,FIELD_NOT_STATED
K241200:setting,K241200,setting,DIAGNOSTIC_INTERPRETATION,DIAGNOSTIC_INTERPRETATION,CODED,false,NONE
K241200:action,K241200,action,INTERPRETATION_OR_DIAGNOSIS;TREATMENT_OR_PROCEDURE_PLANNING,INTERPRETATION_OR_DIAGNOSIS;TREATMENT_OR_PROCEDURE_PLANNING,CODED,false,NONE
K241200:component_status,K241200,component_status,SINGLE,SINGLE,CODED,false,NONE
K241211:input,K241211,input,MEDICAL_IMAGE,MEDICAL_IMAGE,CODED,false,NONE
K241211:output,K241211,output,SEGMENTATION_OR_LOCALIZATION;MEASUREMENT_OR_QUANTIFICATION;DETECTION_OR_ALERT;DOCUMENTATION_OR_SUMMARY,SEGMENTATION_OR_LOCALIZATION;MEASUREMENT_OR_QUANTIFICATION;DETECTION_OR_ALERT;DOCUMENTATION_OR_SUMMARY,CODED,false,NONE
K241211:user,K241211,user,RADIOLOGIST;OTHER_PHYSICIAN,RADIOLOGIST;OTHER_PHYSICIAN,CODED,false,NONE
K241211:setting,K241211,setting,DIAGNOSTIC_INTERPRETATION,DIAGNOSTIC_INTERPRETATION,CODED,false,NONE
K241211:action,K241211,action,INTERPRETATION_OR_DIAGNOSIS;WORKFLOW_OR_DOCUMENTATION,INTERPRETATION_OR_DIAGNOSIS;WORKFLOW_OR_DOCUMENTATION,CODED,false,NONE
K241211:component_status,K241211,component_status,SINGLE,SINGLE,CODED,false,NONE
K241222:input,K241222,input,MEDICAL_IMAGE;DEVICE_TELEMETRY_OR_OPERATIONAL;MULTIMODAL,MEDICAL_IMAGE;DEVICE_TELEMETRY_OR_OPERATIONAL;MULTIMODAL,CODED,false,NONE
K241222:output,K241222,output,SEGMENTATION_OR_LOCALIZATION;MEASUREMENT_OR_QUANTIFICATION;DOCUMENTATION_OR_SUMMARY,SEGMENTATION_OR_LOCALIZATION;MEASUREMENT_OR_QUANTIFICATION;DOCUMENTATION_OR_SUMMARY,CODED,false,NONE
K241222:user,K241222,user,OTHER_CLINICIAN,OTHER_CLINICIAN,CODED,false,NONE
K241222:setting,K241222,setting,DIAGNOSTIC_INTERPRETATION,DIAGNOSTIC_INTERPRETATION,CODED,false,NONE
K241222:action,K241222,action,INTERPRETATION_OR_DIAGNOSIS,INTERPRETATION_OR_DIAGNOSIS,CODED,false,NONE
K241222:component_status,K241222,component_status,SINGLE,SINGLE,CODED,false,NONE
K241232:input,K241232,input,MEDICAL_IMAGE,MEDICAL_IMAGE,CODED,false,NONE
K241232:output,K241232,output,DETECTION_OR_ALERT;CLASSIFICATION_OR_DIAGNOSIS;SEGMENTATION_OR_LOCALIZATION;MEASUREMENT_OR_QUANTIFICATION,DETECTION_OR_ALERT;CLASSIFICATION_OR_DIAGNOSIS;SEGMENTATION_OR_LOCALIZATION;MEASUREMENT_OR_QUANTIFICATION,CODED,false,NONE
K241232:user,K241232,user,OTHER_PHYSICIAN;LABORATORY_PROFESSIONAL,OTHER_PHYSICIAN;LABORATORY_PROFESSIONAL,CODED,false,NONE
K241232:setting,K241232,setting,LABORATORY;DIAGNOSTIC_INTERPRETATION,LABORATORY;DIAGNOSTIC_INTERPRETATION,CODED,false,NONE
K241232:action,K241232,action,INTERPRETATION_OR_DIAGNOSIS,INTERPRETATION_OR_DIAGNOSIS,CODED,false,NONE
K241232:component_status,K241232,component_status,SINGLE,SINGLE,CODED,false,NONE
K241242:input,K241242,input,NOT_ASSESSABLE,NOT_ASSESSABLE,NOT_ASSESSABLE,true,AI_ATTRIBUTION_BARRIER
K241242:output,K241242,output,NOT_ASSESSABLE,NOT_ASSESSABLE,NOT_ASSESSABLE,true,AI_ATTRIBUTION_BARRIER
K241242:user,K241242,user,NOT_ASSESSABLE,NOT_ASSESSABLE,NOT_ASSESSABLE,true,AI_ATTRIBUTION_BARRIER
K241242:setting,K241242,setting,NOT_ASSESSABLE,NOT_ASSESSABLE,NOT_ASSESSABLE,true,AI_ATTRIBUTION_BARRIER
K241242:action,K241242,action,NOT_ASSESSABLE,NOT_ASSESSABLE,NOT_ASSESSABLE,true,AI_ATTRIBUTION_BARRIER
K241242:component_status,K241242,component_status,UNCERTAIN,UNCERTAIN,UNCERTAIN,true,AI_ATTRIBUTION_BARRIER
K241245:input,K241245,input,CLINICAL_TABULAR_OR_TEXT,CLINICAL_TABULAR_OR_TEXT,CODED,false,NONE
K241245:output,K241245,output,CLASSIFICATION_OR_DIAGNOSIS;DOCUMENTATION_OR_SUMMARY,CLASSIFICATION_OR_DIAGNOSIS;DOCUMENTATION_OR_SUMMARY,CODED,false,NONE
K241245:user,K241245,user,OTHER_PHYSICIAN,OTHER_PHYSICIAN,CODED,false,NONE
K241245:setting,K241245,setting,DIAGNOSTIC_INTERPRETATION,DIAGNOSTIC_INTERPRETATION,CODED,false,NONE
K241245:action,K241245,action,INTERPRETATION_OR_DIAGNOSIS;WORKFLOW_OR_DOCUMENTATION,INTERPRETATION_OR_DIAGNOSIS;WORKFLOW_OR_DOCUMENTATION,CODED,false,NONE
K241245:component_status,K241245,component_status,SINGLE,SINGLE,CODED,false,NONE
K241280:input,K241280,input,MEDICAL_IMAGE,MEDICAL_IMAGE,CODED,false,NONE
K241280:output,K241280,output,SEGMENTATION_OR_LOCALIZATION;MEASUREMENT_OR_QUANTIFICATION;DOCUMENTATION_OR_SUMMARY,SEGMENTATION_OR_LOCALIZATION;MEASUREMENT_OR_QUANTIFICATION;DOCUMENTATION_OR_SUMMARY,CODED,false,NONE
K241280:user,K241280,user,OTHER_PHYSICIAN;OTHER_CLINICIAN,OTHER_PHYSICIAN;OTHER_CLINICIAN,CODED,false,NONE
K241280:setting,K241280,setting,DIAGNOSTIC_INTERPRETATION,DIAGNOSTIC_INTERPRETATION,CODED,false,NONE
K241280:action,K241280,action,INTERPRETATION_OR_DIAGNOSIS,INTERPRETATION_OR_DIAGNOSIS,CODED,false,NONE
K241280:component_status,K241280,component_status,SINGLE,SINGLE,CODED,false,NONE
K241292:input,K241292,input,MEDICAL_IMAGE,MEDICAL_IMAGE,CODED,false,NONE
K241292:output,K241292,output,SEGMENTATION_OR_LOCALIZATION,SEGMENTATION_OR_LOCALIZATION,CODED,false,NONE
K241292:user,K241292,user,OTHER_PHYSICIAN,OTHER_PHYSICIAN,CODED,false,NONE
K241292:setting,K241292,setting,PROCEDURAL_OR_OPERATING_ROOM,PROCEDURAL_OR_OPERATING_ROOM,CODED,false,NONE
K241292:action,K241292,action,TREATMENT_OR_PROCEDURE_PLANNING,TREATMENT_OR_PROCEDURE_PLANNING,CODED,false,NONE
K241292:component_status,K241292,component_status,SINGLE,SINGLE,CODED,false,NONE
K241312:input,K241312,input,MEDICAL_IMAGE,MEDICAL_IMAGE,CODED,false,NONE
K241312:output,K241312,output,SEGMENTATION_OR_LOCALIZATION,SEGMENTATION_OR_LOCALIZATION,CODED,false,NONE
K241312:user,K241312,user,OTHER_PHYSICIAN;OTHER_CLINICIAN,OTHER_PHYSICIAN;OTHER_CLINICIAN,CODED,false,NONE
K241312:setting,K241312,setting,DIAGNOSTIC_INTERPRETATION,DIAGNOSTIC_INTERPRETATION,CODED,false,NONE
K241312:action,K241312,action,INTERPRETATION_OR_DIAGNOSIS;TREATMENT_OR_PROCEDURE_PLANNING,INTERPRETATION_OR_DIAGNOSIS;TREATMENT_OR_PROCEDURE_PLANNING,CODED,false,NONE
K241312:component_status,K241312,component_status,SINGLE,SINGLE,CODED,false,NONE
K241329:input,K241329,input,MEDICAL_IMAGE,MEDICAL_IMAGE,CODED,false,NONE
K241329:output,K241329,output,RECONSTRUCTION_OR_ENHANCEMENT,RECONSTRUCTION_OR_ENHANCEMENT,CODED,false,NONE
K241329:user,K241329,user,RADIOLOGIST;TECHNOLOGIST_OR_OPERATOR,RADIOLOGIST;TECHNOLOGIST_OR_OPERATOR,CODED,false,NONE
K241329:setting,K241329,setting,DIAGNOSTIC_INTERPRETATION;OUTPATIENT,DIAGNOSTIC_INTERPRETATION;OUTPATIENT,CODED,false,NONE
K241329:action,K241329,action,INTERPRETATION_OR_DIAGNOSIS,INTERPRETATION_OR_DIAGNOSIS,CODED,false,NONE
K241329:component_status,K241329,component_status,SINGLE,SINGLE,CODED,false,NONE
K241331:input,K241331,input,MEDICAL_IMAGE,MEDICAL_IMAGE,CODED,false,NONE
K241331:output,K241331,output,SEGMENTATION_OR_LOCALIZATION;MEASUREMENT_OR_QUANTIFICATION,SEGMENTATION_OR_LOCALIZATION;MEASUREMENT_OR_QUANTIFICATION,CODED,false,NONE
K241331:user,K241331,user,OTHER_PHYSICIAN,OTHER_PHYSICIAN,CODED,false,NONE
K241331:setting,K241331,setting,OTHER,OTHER,CODED,false,NONE
K241331:action,K241331,action,OTHER,OTHER,CODED,false,NONE
K241331:component_status,K241331,component_status,SINGLE,SINGLE,CODED,false,NONE
K241350:input,K241350,input,MEDICAL_IMAGE,MEDICAL_IMAGE,CODED,false,NONE
K241350:output,K241350,output,RECONSTRUCTION_OR_ENHANCEMENT,RECONSTRUCTION_OR_ENHANCEMENT,CODED,false,NONE
K241350:user,K241350,user,NOT_STATED,NOT_STATED,NOT_STATED,true,FIELD_NOT_STATED
K241350:setting,K241350,setting,OTHER,OTHER,CODED,false,NONE
K241350:action,K241350,action,NOT_STATED,NOT_STATED,NOT_STATED,true,FIELD_NOT_STATED
K241350:component_status,K241350,component_status,SINGLE,SINGLE,CODED,false,NONE
K241380:input,K241380,input,MEDICAL_IMAGE,MEDICAL_IMAGE,CODED,false,NONE
K241380:output,K241380,output,CLASSIFICATION_OR_DIAGNOSIS;SEGMENTATION_OR_LOCALIZATION;DOCUMENTATION_OR_SUMMARY;OTHER,CLASSIFICATION_OR_DIAGNOSIS;SEGMENTATION_OR_LOCALIZATION;DOCUMENTATION_OR_SUMMARY;OTHER,CODED,false,NONE
K241380:user,K241380,user,RADIOLOGIST;OTHER_PHYSICIAN;TECHNOLOGIST_OR_OPERATOR,RADIOLOGIST;OTHER_PHYSICIAN;TECHNOLOGIST_OR_OPERATOR,CODED,false,NONE
K241380:setting,K241380,setting,SCREENING;OTHER,SCREENING;OTHER,CODED,false,NONE
K241380:action,K241380,action,OTHER,OTHER,CODED,false,NONE
K241380:component_status,K241380,component_status,SINGLE,SINGLE,CODED,false,NONE
K241390:input,K241390,input,PHYSIOLOGICAL_SIGNAL,PHYSIOLOGICAL_SIGNAL,CODED,false,NONE
K241390:output,K241390,output,DETECTION_OR_ALERT,DETECTION_OR_ALERT,CODED,false,NONE
K241390:user,K241390,user,OTHER_PHYSICIAN;OTHER_CLINICIAN,OTHER_PHYSICIAN;OTHER_CLINICIAN,CODED,false,NONE
K241390:setting,K241390,setting,DIAGNOSTIC_INTERPRETATION,DIAGNOSTIC_INTERPRETATION,CODED,false,NONE
K241390:action,K241390,action,INTERPRETATION_OR_DIAGNOSIS,INTERPRETATION_OR_DIAGNOSIS,CODED,false,NONE
K241390:component_status,K241390,component_status,SINGLE,SINGLE,CODED,false,NONE
K241429:input,K241429,input,NOT_ASSESSABLE,NOT_ASSESSABLE,NOT_ASSESSABLE,true,AI_ATTRIBUTION_BARRIER
K241429:output,K241429,output,NOT_ASSESSABLE,NOT_ASSESSABLE,NOT_ASSESSABLE,true,AI_ATTRIBUTION_BARRIER
K241429:user,K241429,user,NOT_ASSESSABLE,NOT_ASSESSABLE,NOT_ASSESSABLE,true,AI_ATTRIBUTION_BARRIER
K241429:setting,K241429,setting,NOT_ASSESSABLE,NOT_ASSESSABLE,NOT_ASSESSABLE,true,AI_ATTRIBUTION_BARRIER
K241429:action,K241429,action,NOT_ASSESSABLE,NOT_ASSESSABLE,NOT_ASSESSABLE,true,AI_ATTRIBUTION_BARRIER
K241429:component_status,K241429,component_status,UNCERTAIN,UNCERTAIN,UNCERTAIN,true,AI_ATTRIBUTION_BARRIER
K241430:input,K241430,input,MEDICAL_IMAGE,MEDICAL_IMAGE,CODED,false,NONE
K241430:output,K241430,output,MEASUREMENT_OR_QUANTIFICATION;DOCUMENTATION_OR_SUMMARY,MEASUREMENT_OR_QUANTIFICATION;DOCUMENTATION_OR_SUMMARY,CODED,false,NONE
K241430:user,K241430,user,OTHER_PHYSICIAN;TECHNOLOGIST_OR_OPERATOR;OTHER_CLINICIAN,OTHER_PHYSICIAN;TECHNOLOGIST_OR_OPERATOR;OTHER_CLINICIAN,CODED,false,NONE
K241430:setting,K241430,setting,DIAGNOSTIC_INTERPRETATION,DIAGNOSTIC_INTERPRETATION,CODED,false,NONE
K241430:action,K241430,action,INTERPRETATION_OR_DIAGNOSIS;WORKFLOW_OR_DOCUMENTATION,INTERPRETATION_OR_DIAGNOSIS;WORKFLOW_OR_DOCUMENTATION,CODED,false,NONE
K241430:component_status,K241430,component_status,SINGLE,SINGLE,CODED,false,NONE
K241439:input,K241439,input,MEDICAL_IMAGE,MEDICAL_IMAGE,CODED,false,NONE
K241439:output,K241439,output,DETECTION_OR_ALERT,DETECTION_OR_ALERT,CODED,false,NONE
K241439:user,K241439,user,RADIOLOGIST;OTHER_CLINICIAN,RADIOLOGIST;OTHER_CLINICIAN,CODED,false,NONE
K241439:setting,K241439,setting,DIAGNOSTIC_INTERPRETATION;ACUTE_TRIAGE_OR_EMERGENCY,DIAGNOSTIC_INTERPRETATION;ACUTE_TRIAGE_OR_EMERGENCY,CODED,false,NONE
K241439:action,K241439,action,TRIAGE_OR_PRIORITIZATION;INTERPRETATION_OR_DIAGNOSIS,TRIAGE_OR_PRIORITIZATION;INTERPRETATION_OR_DIAGNOSIS,CODED,false,NONE
K241439:component_status,K241439,component_status,SINGLE,SINGLE,CODED,false,NONE
K241440:input,K241440,input,MEDICAL_IMAGE,MEDICAL_IMAGE,CODED,false,NONE
K241440:output,K241440,output,MEASUREMENT_OR_QUANTIFICATION;CLASSIFICATION_OR_DIAGNOSIS;SEGMENTATION_OR_LOCALIZATION,MEASUREMENT_OR_QUANTIFICATION;CLASSIFICATION_OR_DIAGNOSIS;SEGMENTATION_OR_LOCALIZATION,CODED,false,NONE
K241440:user,K241440,user,RADIOLOGIST;OTHER_PHYSICIAN;OTHER_CLINICIAN,RADIOLOGIST;OTHER_PHYSICIAN;OTHER_CLINICIAN,CODED,false,NONE
K241440:setting,K241440,setting,SCREENING;DIAGNOSTIC_INTERPRETATION;INPATIENT;OUTPATIENT,SCREENING;DIAGNOSTIC_INTERPRETATION;INPATIENT;OUTPATIENT,CODED,false,NONE
K241440:action,K241440,action,INTERPRETATION_OR_DIAGNOSIS,INTERPRETATION_OR_DIAGNOSIS,CODED,false,NONE
K241440:component_status,K241440,component_status,SINGLE,SINGLE,CODED,false,NONE
K241480:input,K241480,input,MEDICAL_IMAGE,MEDICAL_IMAGE,CODED,false,NONE
K241480:output,K241480,output,DETECTION_OR_ALERT,DETECTION_OR_ALERT,CODED,false,NONE
K241480:user,K241480,user,OTHER_PHYSICIAN;OTHER_CLINICIAN,OTHER_PHYSICIAN;OTHER_CLINICIAN,CODED,false,NONE
K241480:setting,K241480,setting,ACUTE_TRIAGE_OR_EMERGENCY;DIAGNOSTIC_INTERPRETATION,ACUTE_TRIAGE_OR_EMERGENCY;DIAGNOSTIC_INTERPRETATION,CODED,false,NONE
K241480:action,K241480,action,TRIAGE_OR_PRIORITIZATION;INTERPRETATION_OR_DIAGNOSIS,TRIAGE_OR_PRIORITIZATION;INTERPRETATION_OR_DIAGNOSIS,CODED,false,NONE
K241480:component_status,K241480,component_status,SINGLE,SINGLE,CODED,false,NONE
K241481:input,K241481,input,MEDICAL_IMAGE,MEDICAL_IMAGE,CODED,false,NONE
K241481:output,K241481,output,SEGMENTATION_OR_LOCALIZATION,SEGMENTATION_OR_LOCALIZATION,CODED,false,NONE
K241481:user,K241481,user,OTHER_PHYSICIAN,OTHER_PHYSICIAN,CODED,false,NONE
K241481:setting,K241481,setting,PROCEDURAL_OR_OPERATING_ROOM,PROCEDURAL_OR_OPERATING_ROOM,CODED,false,NONE
K241481:action,K241481,action,TREATMENT_OR_PROCEDURE_PLANNING,TREATMENT_OR_PROCEDURE_PLANNING,CODED,false,NONE
K241481:component_status,K241481,component_status,SINGLE,SINGLE,CODED,false,NONE
K241490:input,K241490,input,MEDICAL_IMAGE,MEDICAL_IMAGE,CODED,false,NONE
K241490:output,K241490,output,SEGMENTATION_OR_LOCALIZATION,SEGMENTATION_OR_LOCALIZATION,CODED,false,NONE
K241490:user,K241490,user,OTHER_CLINICIAN,OTHER_CLINICIAN,CODED,false,NONE
K241490:setting,K241490,setting,OTHER,OTHER,CODED,false,NONE
K241490:action,K241490,action,TREATMENT_OR_PROCEDURE_PLANNING,TREATMENT_OR_PROCEDURE_PLANNING,CODED,false,NONE
K241490:component_status,K241490,component_status,SINGLE,SINGLE,CODED,false,NONE
K241496:input,K241496,input,NOT_ASSESSABLE,NOT_ASSESSABLE,NOT_ASSESSABLE,true,AI_ATTRIBUTION_BARRIER
K241496:output,K241496,output,NOT_ASSESSABLE,NOT_ASSESSABLE,NOT_ASSESSABLE,true,AI_ATTRIBUTION_BARRIER
K241496:user,K241496,user,NOT_ASSESSABLE,NOT_ASSESSABLE,NOT_ASSESSABLE,true,AI_ATTRIBUTION_BARRIER
K241496:setting,K241496,setting,NOT_ASSESSABLE,NOT_ASSESSABLE,NOT_ASSESSABLE,true,AI_ATTRIBUTION_BARRIER
K241496:action,K241496,action,NOT_ASSESSABLE,NOT_ASSESSABLE,NOT_ASSESSABLE,true,AI_ATTRIBUTION_BARRIER
K241496:component_status,K241496,component_status,UNCERTAIN,UNCERTAIN,UNCERTAIN,true,AI_ATTRIBUTION_BARRIER
K241508:input,K241508,input,AUDIO_OR_VIDEO,AUDIO_OR_VIDEO,CODED,false,NONE
K241508:output,K241508,output,DETECTION_OR_ALERT;SEGMENTATION_OR_LOCALIZATION,DETECTION_OR_ALERT;SEGMENTATION_OR_LOCALIZATION,CODED,false,NONE
K241508:user,K241508,user,OTHER_PHYSICIAN,OTHER_PHYSICIAN,CODED,false,NONE
K241508:setting,K241508,setting,SCREENING;MONITORING;PROCEDURAL_OR_OPERATING_ROOM,SCREENING;MONITORING;PROCEDURAL_OR_OPERATING_ROOM,CODED,false,NONE
K241508:action,K241508,action,INTERPRETATION_OR_DIAGNOSIS,INTERPRETATION_OR_DIAGNOSIS,CODED,false,NONE
K241508:component_status,K241508,component_status,SINGLE,SINGLE,CODED,false,NONE
K241543:input,K241543,input,MEDICAL_IMAGE,MEDICAL_IMAGE,CODED,false,NONE
K241543:output,K241543,output,SEGMENTATION_OR_LOCALIZATION;MEASUREMENT_OR_QUANTIFICATION,SEGMENTATION_OR_LOCALIZATION;MEASUREMENT_OR_QUANTIFICATION,CODED,false,NONE
K241543:user,K241543,user,OTHER_PHYSICIAN;TECHNOLOGIST_OR_OPERATOR,OTHER_PHYSICIAN;TECHNOLOGIST_OR_OPERATOR,CODED,false,NONE
K241543:setting,K241543,setting,DIAGNOSTIC_INTERPRETATION;OUTPATIENT,DIAGNOSTIC_INTERPRETATION;OUTPATIENT,CODED,false,NONE
K241543:action,K241543,action,INTERPRETATION_OR_DIAGNOSIS;TREATMENT_OR_PROCEDURE_PLANNING,INTERPRETATION_OR_DIAGNOSIS;TREATMENT_OR_PROCEDURE_PLANNING,CODED,false,NONE
K241543:component_status,K241543,component_status,SINGLE,SINGLE,CODED,false,NONE
K241546:input,K241546,input,NOT_ASSESSABLE,NOT_ASSESSABLE,NOT_ASSESSABLE,true,AI_ATTRIBUTION_BARRIER
K241546:output,K241546,output,NOT_ASSESSABLE,NOT_ASSESSABLE,NOT_ASSESSABLE,true,AI_ATTRIBUTION_BARRIER
K241546:user,K241546,user,NOT_ASSESSABLE,NOT_ASSESSABLE,NOT_ASSESSABLE,true,AI_ATTRIBUTION_BARRIER
K241546:setting,K241546,setting,NOT_ASSESSABLE,NOT_ASSESSABLE,NOT_ASSESSABLE,true,AI_ATTRIBUTION_BARRIER
K241546:action,K241546,action,NOT_ASSESSABLE,NOT_ASSESSABLE,NOT_ASSESSABLE,true,AI_ATTRIBUTION_BARRIER
K241546:component_status,K241546,component_status,UNCERTAIN,UNCERTAIN,UNCERTAIN,true,AI_ATTRIBUTION_BARRIER
K241561:input,K241561,input,MEDICAL_IMAGE,MEDICAL_IMAGE,CODED,false,NONE
K241561:output,K241561,output,CLASSIFICATION_OR_DIAGNOSIS,CLASSIFICATION_OR_DIAGNOSIS,CODED,false,NONE
K241561:user,K241561,user,RADIOLOGIST,RADIOLOGIST,CODED,false,NONE
K241561:setting,K241561,setting,SCREENING;DIAGNOSTIC_INTERPRETATION,SCREENING;DIAGNOSTIC_INTERPRETATION,CODED,false,NONE
K241561:action,K241561,action,INTERPRETATION_OR_DIAGNOSIS,INTERPRETATION_OR_DIAGNOSIS,CODED,false,NONE
K241561:component_status,K241561,component_status,SINGLE,SINGLE,CODED,false,NONE
K241582:input,K241582,input,MEDICAL_IMAGE;PHYSIOLOGICAL_SIGNAL,MEDICAL_IMAGE;PHYSIOLOGICAL_SIGNAL,CODED,false,NONE
K241582:output,K241582,output,CLASSIFICATION_OR_DIAGNOSIS;SEGMENTATION_OR_LOCALIZATION;MEASUREMENT_OR_QUANTIFICATION;OTHER,CLASSIFICATION_OR_DIAGNOSIS;SEGMENTATION_OR_LOCALIZATION;MEASUREMENT_OR_QUANTIFICATION;OTHER,CODED,false,NONE
K241582:user,K241582,user,OTHER_PHYSICIAN;OTHER_CLINICIAN;TECHNOLOGIST_OR_OPERATOR,OTHER_PHYSICIAN;OTHER_CLINICIAN;TECHNOLOGIST_OR_OPERATOR,CODED,false,NONE
K241582:setting,K241582,setting,DIAGNOSTIC_INTERPRETATION;OTHER,DIAGNOSTIC_INTERPRETATION;OTHER,CODED,false,NONE
K241582:action,K241582,action,INTERPRETATION_OR_DIAGNOSIS;OTHER,INTERPRETATION_OR_DIAGNOSIS;OTHER,CODED,false,NONE
K241582:component_status,K241582,component_status,MULTIPLE,MULTIPLE,CODED,false,NONE
K241585:input,K241585,input,MEDICAL_IMAGE;MULTIMODAL,MEDICAL_IMAGE;MULTIMODAL,CODED,false,NONE
K241585:output,K241585,output,RECONSTRUCTION_OR_ENHANCEMENT,RECONSTRUCTION_OR_ENHANCEMENT,CODED,false,NONE
K241585:user,K241585,user,OTHER_CLINICIAN,OTHER_CLINICIAN,CODED,false,NONE
K241585:setting,K241585,setting,DIAGNOSTIC_INTERPRETATION;MONITORING,DIAGNOSTIC_INTERPRETATION;MONITORING,CODED,false,NONE
K241585:action,K241585,action,INTERPRETATION_OR_DIAGNOSIS;TREATMENT_OR_PROCEDURE_PLANNING;MONITORING_OR_FOLLOW_UP,INTERPRETATION_OR_DIAGNOSIS;TREATMENT_OR_PROCEDURE_PLANNING;MONITORING_OR_FOLLOW_UP,CODED,false,NONE
K241585:component_status,K241585,component_status,SINGLE,SINGLE,CODED,false,NONE
K241593:input,K241593,input,MEDICAL_IMAGE,MEDICAL_IMAGE,CODED,false,NONE
K241593:output,K241593,output,MEASUREMENT_OR_QUANTIFICATION;DOCUMENTATION_OR_SUMMARY,MEASUREMENT_OR_QUANTIFICATION;DOCUMENTATION_OR_SUMMARY,CODED,false,NONE
K241593:user,K241593,user,OTHER_CLINICIAN,OTHER_CLINICIAN,CODED,false,NONE
K241593:setting,K241593,setting,DIAGNOSTIC_INTERPRETATION,DIAGNOSTIC_INTERPRETATION,CODED,false,NONE
K241593:action,K241593,action,INTERPRETATION_OR_DIAGNOSIS,INTERPRETATION_OR_DIAGNOSIS,CODED,false,NONE
K241593:component_status,K241593,component_status,SINGLE,SINGLE,CODED,false,NONE
K241596:input,K241596,input,MEDICAL_IMAGE,MEDICAL_IMAGE,CODED,false,NONE
K241596:output,K241596,output,RECONSTRUCTION_OR_ENHANCEMENT,RECONSTRUCTION_OR_ENHANCEMENT,CODED,false,NONE
K241596:user,K241596,user,OTHER_PHYSICIAN;OTHER_CLINICIAN,OTHER_PHYSICIAN;OTHER_CLINICIAN,CODED,false,NONE
K241596:setting,K241596,setting,DIAGNOSTIC_INTERPRETATION;MONITORING,DIAGNOSTIC_INTERPRETATION;MONITORING,CODED,false,NONE
K241596:action,K241596,action,INTERPRETATION_OR_DIAGNOSIS;TREATMENT_OR_PROCEDURE_PLANNING;MONITORING_OR_FOLLOW_UP,INTERPRETATION_OR_DIAGNOSIS;TREATMENT_OR_PROCEDURE_PLANNING;MONITORING_OR_FOLLOW_UP,CODED,false,NONE
K241596:component_status,K241596,component_status,SINGLE,SINGLE,CODED,false,NONE
K241620:input,K241620,input,MEDICAL_IMAGE,MEDICAL_IMAGE,CODED,false,NONE
K241620:output,K241620,output,DETECTION_OR_ALERT;SEGMENTATION_OR_LOCALIZATION;CLASSIFICATION_OR_DIAGNOSIS,DETECTION_OR_ALERT;SEGMENTATION_OR_LOCALIZATION;CLASSIFICATION_OR_DIAGNOSIS,CODED,false,NONE
K241620:user,K241620,user,RADIOLOGIST;OTHER_PHYSICIAN,RADIOLOGIST;OTHER_PHYSICIAN,CODED,false,NONE
K241620:setting,K241620,setting,DIAGNOSTIC_INTERPRETATION,DIAGNOSTIC_INTERPRETATION,CODED,false,NONE
K241620:action,K241620,action,INTERPRETATION_OR_DIAGNOSIS,INTERPRETATION_OR_DIAGNOSIS,CODED,false,NONE
K241620:component_status,K241620,component_status,SINGLE,SINGLE,CODED,false,NONE
K241633:input,K241633,input,AUDIO_OR_VIDEO,AUDIO_OR_VIDEO,CODED,false,NONE
K241633:output,K241633,output,MEASUREMENT_OR_QUANTIFICATION,MEASUREMENT_OR_QUANTIFICATION,CODED,false,NONE
K241633:user,K241633,user,NOT_STATED,NOT_STATED,NOT_STATED,true,FIELD_NOT_STATED
K241633:setting,K241633,setting,HOME_OR_CONSUMER;OUTPATIENT;MONITORING,HOME_OR_CONSUMER;OUTPATIENT;MONITORING,CODED,false,NONE
K241633:action,K241633,action,NOT_STATED,NOT_STATED,NOT_STATED,true,FIELD_NOT_STATED
K241633:component_status,K241633,component_status,SINGLE,SINGLE,CODED,false,NONE
K241659:input,K241659,input,MEDICAL_IMAGE,MEDICAL_IMAGE,CODED,false,NONE
K241659:output,K241659,output,SEGMENTATION_OR_LOCALIZATION;MEASUREMENT_OR_QUANTIFICATION;CLASSIFICATION_OR_DIAGNOSIS,SEGMENTATION_OR_LOCALIZATION;MEASUREMENT_OR_QUANTIFICATION;CLASSIFICATION_OR_DIAGNOSIS,CODED,false,NONE
K241659:user,K241659,user,OTHER_PHYSICIAN;OTHER_CLINICIAN;TECHNOLOGIST_OR_OPERATOR,OTHER_PHYSICIAN;OTHER_CLINICIAN;TECHNOLOGIST_OR_OPERATOR,CODED,false,NONE
K241659:setting,K241659,setting,DIAGNOSTIC_INTERPRETATION;OUTPATIENT,DIAGNOSTIC_INTERPRETATION;OUTPATIENT,CODED,false,NONE
K241659:action,K241659,action,INTERPRETATION_OR_DIAGNOSIS,INTERPRETATION_OR_DIAGNOSIS,CODED,false,NONE
K241659:component_status,K241659,component_status,MULTIPLE,MULTIPLE,CODED,false,NONE
K241665:input,K241665,input,MEDICAL_IMAGE,MEDICAL_IMAGE,CODED,false,NONE
K241665:output,K241665,output,RECONSTRUCTION_OR_ENHANCEMENT,RECONSTRUCTION_OR_ENHANCEMENT,CODED,false,NONE
K241665:user,K241665,user,OTHER_PHYSICIAN;OTHER_CLINICIAN,OTHER_PHYSICIAN;OTHER_CLINICIAN,CODED,false,NONE
K241665:setting,K241665,setting,DIAGNOSTIC_INTERPRETATION;MONITORING,DIAGNOSTIC_INTERPRETATION;MONITORING,CODED,false,NONE
K241665:action,K241665,action,INTERPRETATION_OR_DIAGNOSIS;TREATMENT_OR_PROCEDURE_PLANNING;MONITORING_OR_FOLLOW_UP,INTERPRETATION_OR_DIAGNOSIS;TREATMENT_OR_PROCEDURE_PLANNING;MONITORING_OR_FOLLOW_UP,CODED,false,NONE
K241665:component_status,K241665,component_status,SINGLE,SINGLE,CODED,false,NONE
K241671:input,K241671,input,NOT_ASSESSABLE,NOT_ASSESSABLE,NOT_ASSESSABLE,true,AI_ATTRIBUTION_BARRIER
K241671:output,K241671,output,NOT_ASSESSABLE,NOT_ASSESSABLE,NOT_ASSESSABLE,true,AI_ATTRIBUTION_BARRIER
K241671:user,K241671,user,NOT_ASSESSABLE,NOT_ASSESSABLE,NOT_ASSESSABLE,true,AI_ATTRIBUTION_BARRIER
K241671:setting,K241671,setting,NOT_ASSESSABLE,NOT_ASSESSABLE,NOT_ASSESSABLE,true,AI_ATTRIBUTION_BARRIER
K241671:action,K241671,action,NOT_ASSESSABLE,NOT_ASSESSABLE,NOT_ASSESSABLE,true,AI_ATTRIBUTION_BARRIER
K241671:component_status,K241671,component_status,UNCERTAIN,UNCERTAIN,UNCERTAIN,true,AI_ATTRIBUTION_BARRIER
K241676:input,K241676,input,LAB_SPECIMEN_OR_OMICS,LAB_SPECIMEN_OR_OMICS,CODED,false,NONE
K241676:output,K241676,output,CLASSIFICATION_OR_DIAGNOSIS;RISK_SCORE_OR_PREDICTION,CLASSIFICATION_OR_DIAGNOSIS;RISK_SCORE_OR_PREDICTION,CODED,false,NONE
K241676:user,K241676,user,NOT_STATED,NOT_STATED,NOT_STATED,true,FIELD_NOT_STATED
K241676:setting,K241676,setting,LABORATORY;ACUTE_TRIAGE_OR_EMERGENCY,LABORATORY;ACUTE_TRIAGE_OR_EMERGENCY,CODED,false,NONE
K241676:action,K241676,action,INTERPRETATION_OR_DIAGNOSIS;OTHER,INTERPRETATION_OR_DIAGNOSIS;OTHER,CODED,false,NONE
K241676:component_status,K241676,component_status,MULTIPLE,MULTIPLE,CODED,false,NONE
K241681:input,K241681,input,MEDICAL_IMAGE,MEDICAL_IMAGE,CODED,false,NONE
K241681:output,K241681,output,RECONSTRUCTION_OR_ENHANCEMENT,RECONSTRUCTION_OR_ENHANCEMENT,CODED,false,NONE
K241681:user,K241681,user,OTHER_CLINICIAN,OTHER_CLINICIAN,CODED,false,NONE
K241681:setting,K241681,setting,DIAGNOSTIC_INTERPRETATION;OUTPATIENT,DIAGNOSTIC_INTERPRETATION;OUTPATIENT,CODED,false,NONE
K241681:action,K241681,action,INTERPRETATION_OR_DIAGNOSIS;OTHER,INTERPRETATION_OR_DIAGNOSIS;OTHER,CODED,false,NONE
K241681:component_status,K241681,component_status,SINGLE,SINGLE,CODED,false,NONE
K241684:input,K241684,input,MEDICAL_IMAGE,MEDICAL_IMAGE,CODED,false,NONE
K241684:output,K241684,output,DETECTION_OR_ALERT;CLASSIFICATION_OR_DIAGNOSIS;DOCUMENTATION_OR_SUMMARY,DETECTION_OR_ALERT;CLASSIFICATION_OR_DIAGNOSIS;DOCUMENTATION_OR_SUMMARY,CODED,false,NONE
K241684:user,K241684,user,OTHER_CLINICIAN,OTHER_CLINICIAN,CODED,false,NONE
K241684:setting,K241684,setting,OTHER,OTHER,CODED,false,NONE
K241684:action,K241684,action,WORKFLOW_OR_DOCUMENTATION,WORKFLOW_OR_DOCUMENTATION,CODED,false,NONE
K241684:component_status,K241684,component_status,SINGLE,SINGLE,CODED,false,NONE
K241696:input,K241696,input,MEDICAL_IMAGE,MEDICAL_IMAGE,CODED,false,NONE
K241696:output,K241696,output,SEGMENTATION_OR_LOCALIZATION;MEASUREMENT_OR_QUANTIFICATION,SEGMENTATION_OR_LOCALIZATION;MEASUREMENT_OR_QUANTIFICATION,CODED,false,NONE
K241696:user,K241696,user,OTHER_PHYSICIAN,OTHER_PHYSICIAN,CODED,false,NONE
K241696:setting,K241696,setting,PROCEDURAL_OR_OPERATING_ROOM,PROCEDURAL_OR_OPERATING_ROOM,CODED,false,NONE
K241696:action,K241696,action,TREATMENT_OR_PROCEDURE_PLANNING,TREATMENT_OR_PROCEDURE_PLANNING,CODED,false,NONE
K241696:component_status,K241696,component_status,SINGLE,SINGLE,CODED,false,NONE
K241719:input,K241719,input,MEDICAL_IMAGE,MEDICAL_IMAGE,CODED,false,NONE
K241719:output,K241719,output,DETECTION_OR_ALERT,DETECTION_OR_ALERT,CODED,false,NONE
K241719:user,K241719,user,OTHER_PHYSICIAN,OTHER_PHYSICIAN,CODED,false,NONE
K241719:setting,K241719,setting,ACUTE_TRIAGE_OR_EMERGENCY;DIAGNOSTIC_INTERPRETATION,ACUTE_TRIAGE_OR_EMERGENCY;DIAGNOSTIC_INTERPRETATION,CODED,false,NONE
K241719:action,K241719,action,TRIAGE_OR_PRIORITIZATION;INTERPRETATION_OR_DIAGNOSIS,TRIAGE_OR_PRIORITIZATION;INTERPRETATION_OR_DIAGNOSIS,CODED,false,NONE
K241719:component_status,K241719,component_status,SINGLE,SINGLE,CODED,false,NONE
K241725:input,K241725,input,MEDICAL_IMAGE,MEDICAL_IMAGE,CODED,false,NONE
K241725:output,K241725,output,DETECTION_OR_ALERT;SEGMENTATION_OR_LOCALIZATION,DETECTION_OR_ALERT;SEGMENTATION_OR_LOCALIZATION,CODED,false,NONE
K241725:user,K241725,user,OTHER_CLINICIAN,OTHER_CLINICIAN,CODED,false,NONE
K241725:setting,K241725,setting,DIAGNOSTIC_INTERPRETATION,DIAGNOSTIC_INTERPRETATION,CODED,false,NONE
K241725:action,K241725,action,INTERPRETATION_OR_DIAGNOSIS,INTERPRETATION_OR_DIAGNOSIS,CODED,false,NONE
K241725:component_status,K241725,component_status,SINGLE,SINGLE,CODED,false,NONE
K241727:input,K241727,input,MEDICAL_IMAGE,MEDICAL_IMAGE,CODED,false,NONE
K241727:output,K241727,output,DETECTION_OR_ALERT,DETECTION_OR_ALERT,CODED,false,NONE
K241727:user,K241727,user,OTHER_PHYSICIAN,OTHER_PHYSICIAN,CODED,false,NONE
K241727:setting,K241727,setting,ACUTE_TRIAGE_OR_EMERGENCY;DIAGNOSTIC_INTERPRETATION,ACUTE_TRIAGE_OR_EMERGENCY;DIAGNOSTIC_INTERPRETATION,CODED,false,NONE
K241727:action,K241727,action,TRIAGE_OR_PRIORITIZATION;INTERPRETATION_OR_DIAGNOSIS,TRIAGE_OR_PRIORITIZATION;INTERPRETATION_OR_DIAGNOSIS,CODED,false,NONE
K241727:component_status,K241727,component_status,SINGLE,SINGLE,CODED,false,NONE
K241747:input,K241747,input,MEDICAL_IMAGE,MEDICAL_IMAGE,CODED,false,NONE
K241747:output,K241747,output,DETECTION_OR_ALERT;SEGMENTATION_OR_LOCALIZATION;RISK_SCORE_OR_PREDICTION;DOCUMENTATION_OR_SUMMARY,DETECTION_OR_ALERT;SEGMENTATION_OR_LOCALIZATION;RISK_SCORE_OR_PREDICTION;DOCUMENTATION_OR_SUMMARY,CODED,false,NONE
K241747:user,K241747,user,RADIOLOGIST,RADIOLOGIST,CODED,false,NONE
K241747:setting,K241747,setting,SCREENING;DIAGNOSTIC_INTERPRETATION,SCREENING;DIAGNOSTIC_INTERPRETATION,CODED,false,NONE
K241747:action,K241747,action,INTERPRETATION_OR_DIAGNOSIS,INTERPRETATION_OR_DIAGNOSIS,CODED,false,NONE
K241747:component_status,K241747,component_status,SINGLE,SINGLE,CODED,false,NONE
K241770:input,K241770,input,MEDICAL_IMAGE,MEDICAL_IMAGE,CODED,false,NONE
K241770:output,K241770,output,DETECTION_OR_ALERT;SEGMENTATION_OR_LOCALIZATION;RISK_SCORE_OR_PREDICTION;MEASUREMENT_OR_QUANTIFICATION,DETECTION_OR_ALERT;SEGMENTATION_OR_LOCALIZATION;RISK_SCORE_OR_PREDICTION;MEASUREMENT_OR_QUANTIFICATION,CODED,false,NONE
K241770:user,K241770,user,RADIOLOGIST,RADIOLOGIST,CODED,false,NONE
K241770:setting,K241770,setting,DIAGNOSTIC_INTERPRETATION,DIAGNOSTIC_INTERPRETATION,CODED,false,NONE
K241770:action,K241770,action,INTERPRETATION_OR_DIAGNOSIS,INTERPRETATION_OR_DIAGNOSIS,CODED,false,NONE
K241770:component_status,K241770,component_status,SINGLE,SINGLE,CODED,false,NONE
K241831:input,K241831,input,MEDICAL_IMAGE,MEDICAL_IMAGE,CODED,false,NONE
K241831:output,K241831,output,DETECTION_OR_ALERT;SEGMENTATION_OR_LOCALIZATION;RISK_SCORE_OR_PREDICTION,DETECTION_OR_ALERT;SEGMENTATION_OR_LOCALIZATION;RISK_SCORE_OR_PREDICTION,CODED,false,NONE
K241831:user,K241831,user,OTHER_PHYSICIAN,OTHER_PHYSICIAN,CODED,false,NONE
K241831:setting,K241831,setting,SCREENING;DIAGNOSTIC_INTERPRETATION,SCREENING;DIAGNOSTIC_INTERPRETATION,CODED,false,NONE
K241831:action,K241831,action,INTERPRETATION_OR_DIAGNOSIS,INTERPRETATION_OR_DIAGNOSIS,CODED,false,NONE
K241831:component_status,K241831,component_status,SINGLE,SINGLE,CODED,false,NONE
K241837:input,K241837,input,MEDICAL_IMAGE,MEDICAL_IMAGE,CODED,false,NONE
K241837:output,K241837,output,SEGMENTATION_OR_LOCALIZATION,SEGMENTATION_OR_LOCALIZATION,CODED,false,NONE
K241837:user,K241837,user,OTHER_PHYSICIAN;OTHER_CLINICIAN,OTHER_PHYSICIAN;OTHER_CLINICIAN,CODED,false,NONE
K241837:setting,K241837,setting,OTHER,OTHER,CODED,false,NONE
K241837:action,K241837,action,TREATMENT_OR_PROCEDURE_PLANNING;MONITORING_OR_FOLLOW_UP,TREATMENT_OR_PROCEDURE_PLANNING;MONITORING_OR_FOLLOW_UP,CODED,false,NONE
K241837:component_status,K241837,component_status,SINGLE,SINGLE,CODED,false,NONE
K241847:input,K241847,input,MEDICAL_IMAGE,MEDICAL_IMAGE,CODED,false,NONE
K241847:output,K241847,output,MEASUREMENT_OR_QUANTIFICATION;SEGMENTATION_OR_LOCALIZATION;DOCUMENTATION_OR_SUMMARY,MEASUREMENT_OR_QUANTIFICATION;SEGMENTATION_OR_LOCALIZATION;DOCUMENTATION_OR_SUMMARY,CODED,false,NONE
K241847:user,K241847,user,OTHER_PHYSICIAN,OTHER_PHYSICIAN,CODED,false,NONE
K241847:setting,K241847,setting,DIAGNOSTIC_INTERPRETATION,DIAGNOSTIC_INTERPRETATION,CODED,false,NONE
K241847:action,K241847,action,INTERPRETATION_OR_DIAGNOSIS,INTERPRETATION_OR_DIAGNOSIS,CODED,false,NONE
K241847:component_status,K241847,component_status,SINGLE,SINGLE,CODED,false,NONE
K241887:input,K241887,input,MEDICAL_IMAGE;AUDIO_OR_VIDEO,MEDICAL_IMAGE;AUDIO_OR_VIDEO,CODED,false,NONE
K241887:output,K241887,output,DETECTION_OR_ALERT;SEGMENTATION_OR_LOCALIZATION,DETECTION_OR_ALERT;SEGMENTATION_OR_LOCALIZATION,CODED,false,NONE
K241887:user,K241887,user,OTHER_PHYSICIAN,OTHER_PHYSICIAN,CODED,false,NONE
K241887:setting,K241887,setting,SCREENING;MONITORING;PROCEDURAL_OR_OPERATING_ROOM,SCREENING;MONITORING;PROCEDURAL_OR_OPERATING_ROOM,CODED,false,NONE
K241887:action,K241887,action,INTERPRETATION_OR_DIAGNOSIS,INTERPRETATION_OR_DIAGNOSIS,CODED,false,NONE
K241887:component_status,K241887,component_status,SINGLE,SINGLE,CODED,false,NONE
K241891:input,K241891,input,MEDICAL_IMAGE,MEDICAL_IMAGE,CODED,false,NONE
K241891:output,K241891,output,DETECTION_OR_ALERT;CLASSIFICATION_OR_DIAGNOSIS,DETECTION_OR_ALERT;CLASSIFICATION_OR_DIAGNOSIS,CODED,false,NONE
K241891:user,K241891,user,OTHER_CLINICIAN,OTHER_CLINICIAN,CODED,false,NONE
K241891:setting,K241891,setting,DIAGNOSTIC_INTERPRETATION;OUTPATIENT,DIAGNOSTIC_INTERPRETATION;OUTPATIENT,CODED,false,NONE
K241891:action,K241891,action,REFERRAL_OR_ESCALATION;INTERPRETATION_OR_DIAGNOSIS,REFERRAL_OR_ESCALATION;INTERPRETATION_OR_DIAGNOSIS,CODED,false,NONE
K241891:component_status,K241891,component_status,SINGLE,SINGLE,CODED,false,NONE
K241922:input,K241922,input,MEDICAL_IMAGE,MEDICAL_IMAGE,CODED,false,NONE
K241922:output,K241922,output,SEGMENTATION_OR_LOCALIZATION;MEASUREMENT_OR_QUANTIFICATION,SEGMENTATION_OR_LOCALIZATION;MEASUREMENT_OR_QUANTIFICATION,CODED,false,NONE
K241922:user,K241922,user,OTHER_PHYSICIAN;OTHER_CLINICIAN,OTHER_PHYSICIAN;OTHER_CLINICIAN,CODED,false,NONE
K241922:setting,K241922,setting,DIAGNOSTIC_INTERPRETATION;OUTPATIENT,DIAGNOSTIC_INTERPRETATION;OUTPATIENT,CODED,false,NONE
K241922:action,K241922,action,INTERPRETATION_OR_DIAGNOSIS,INTERPRETATION_OR_DIAGNOSIS,CODED,false,NONE
K241922:component_status,K241922,component_status,SINGLE,SINGLE,CODED,false,NONE
K241923:input,K241923,input,MEDICAL_IMAGE,MEDICAL_IMAGE,CODED,false,NONE
K241923:output,K241923,output,DETECTION_OR_ALERT,DETECTION_OR_ALERT,CODED,false,NONE
K241923:user,K241923,user,RADIOLOGIST,RADIOLOGIST,CODED,false,NONE
K241923:setting,K241923,setting,ACUTE_TRIAGE_OR_EMERGENCY;DIAGNOSTIC_INTERPRETATION,ACUTE_TRIAGE_OR_EMERGENCY;DIAGNOSTIC_INTERPRETATION,CODED,false,NONE
K241923:action,K241923,action,TRIAGE_OR_PRIORITIZATION,TRIAGE_OR_PRIORITIZATION,CODED,false,NONE
K241923:component_status,K241923,component_status,SINGLE,SINGLE,CODED,false,NONE
K241949:input,K241949,input,MEDICAL_IMAGE,MEDICAL_IMAGE,CODED,false,NONE
K241949:output,K241949,output,CLASSIFICATION_OR_DIAGNOSIS;MEASUREMENT_OR_QUANTIFICATION;SEGMENTATION_OR_LOCALIZATION,CLASSIFICATION_OR_DIAGNOSIS;MEASUREMENT_OR_QUANTIFICATION;SEGMENTATION_OR_LOCALIZATION,CODED,false,NONE
K241949:user,K241949,user,OTHER_CLINICIAN,OTHER_CLINICIAN,CODED,false,NONE
K241949:setting,K241949,setting,DIAGNOSTIC_INTERPRETATION,DIAGNOSTIC_INTERPRETATION,CODED,false,NONE
K241949:action,K241949,action,INTERPRETATION_OR_DIAGNOSIS,INTERPRETATION_OR_DIAGNOSIS,CODED,false,NONE
K241949:component_status,K241949,component_status,SINGLE,SINGLE,CODED,false,NONE
K241960:input,K241960,input,PHYSIOLOGICAL_SIGNAL,PHYSIOLOGICAL_SIGNAL,CODED,false,NONE
K241960:output,K241960,output,DETECTION_OR_ALERT;CLASSIFICATION_OR_DIAGNOSIS;MEASUREMENT_OR_QUANTIFICATION,DETECTION_OR_ALERT;CLASSIFICATION_OR_DIAGNOSIS;MEASUREMENT_OR_QUANTIFICATION,CODED,false,NONE
K241960:user,K241960,user,OTHER_CLINICIAN,OTHER_CLINICIAN,CODED,false,NONE
K241960:setting,K241960,setting,DIAGNOSTIC_INTERPRETATION;MONITORING;OUTPATIENT;HOME_OR_CONSUMER,DIAGNOSTIC_INTERPRETATION;MONITORING;OUTPATIENT;HOME_OR_CONSUMER,CODED,false,NONE
K241960:action,K241960,action,INTERPRETATION_OR_DIAGNOSIS;MONITORING_OR_FOLLOW_UP,INTERPRETATION_OR_DIAGNOSIS;MONITORING_OR_FOLLOW_UP,CODED,false,NONE
K241960:component_status,K241960,component_status,SINGLE,SINGLE,CODED,false,NONE
K241961:input,K241961,input,MEDICAL_IMAGE,MEDICAL_IMAGE,CODED,false,NONE
K241961:output,K241961,output,SEGMENTATION_OR_LOCALIZATION;RECOMMENDATION_OR_PLANNING,SEGMENTATION_OR_LOCALIZATION;RECOMMENDATION_OR_PLANNING,CODED,false,NONE
K241961:user,K241961,user,NOT_STATED,NOT_STATED,NOT_STATED,true,FIELD_NOT_STATED
K241961:setting,K241961,setting,PROCEDURAL_OR_OPERATING_ROOM,PROCEDURAL_OR_OPERATING_ROOM,CODED,false,NONE
K241961:action,K241961,action,TREATMENT_OR_PROCEDURE_PLANNING;INTERPRETATION_OR_DIAGNOSIS,TREATMENT_OR_PROCEDURE_PLANNING;INTERPRETATION_OR_DIAGNOSIS,CODED,false,NONE
K241961:component_status,K241961,component_status,SINGLE,SINGLE,CODED,false,NONE
K241971:input,K241971,input,MEDICAL_IMAGE,MEDICAL_IMAGE,CODED,false,NONE
K241971:output,K241971,output,CLASSIFICATION_OR_DIAGNOSIS;SEGMENTATION_OR_LOCALIZATION;MEASUREMENT_OR_QUANTIFICATION;RECONSTRUCTION_OR_ENHANCEMENT,CLASSIFICATION_OR_DIAGNOSIS;SEGMENTATION_OR_LOCALIZATION;MEASUREMENT_OR_QUANTIFICATION;RECONSTRUCTION_OR_ENHANCEMENT,CODED,false,NONE
K241971:user,K241971,user,OTHER_CLINICIAN,OTHER_CLINICIAN,CODED,false,NONE
K241971:setting,K241971,setting,DIAGNOSTIC_INTERPRETATION;OUTPATIENT,DIAGNOSTIC_INTERPRETATION;OUTPATIENT,CODED,false,NONE
K241971:action,K241971,action,WORKFLOW_OR_DOCUMENTATION;INTERPRETATION_OR_DIAGNOSIS,WORKFLOW_OR_DOCUMENTATION;INTERPRETATION_OR_DIAGNOSIS,CODED,false,NONE
K241971:component_status,K241971,component_status,MULTIPLE,MULTIPLE,CODED,false,NONE
K241982:input,K241982,input,MEDICAL_IMAGE,MEDICAL_IMAGE,CODED,false,NONE
K241982:output,K241982,output,RECONSTRUCTION_OR_ENHANCEMENT,RECONSTRUCTION_OR_ENHANCEMENT,CODED,false,NONE
K241982:user,K241982,user,TECHNOLOGIST_OR_OPERATOR,TECHNOLOGIST_OR_OPERATOR,CODED,false,NONE
K241982:setting,K241982,setting,OTHER,OTHER,CODED,false,NONE
K241982:action,K241982,action,WORKFLOW_OR_DOCUMENTATION,WORKFLOW_OR_DOCUMENTATION,CODED,false,NONE
K241982:component_status,K241982,component_status,SINGLE,SINGLE,CODED,false,NONE
K241984:input,K241984,input,MEDICAL_IMAGE,MEDICAL_IMAGE,CODED,false,NONE
K241984:output,K241984,output,SEGMENTATION_OR_LOCALIZATION;MEASUREMENT_OR_QUANTIFICATION;RECONSTRUCTION_OR_ENHANCEMENT;RECOMMENDATION_OR_PLANNING;DOCUMENTATION_OR_SUMMARY,SEGMENTATION_OR_LOCALIZATION;MEASUREMENT_OR_QUANTIFICATION;RECONSTRUCTION_OR_ENHANCEMENT;RECOMMENDATION_OR_PLANNING;DOCUMENTATION_OR_SUMMARY,CODED,false,NONE
K241984:user,K241984,user,RADIOLOGIST;OTHER_PHYSICIAN;OTHER_CLINICIAN,RADIOLOGIST;OTHER_PHYSICIAN;OTHER_CLINICIAN,CODED,false,NONE
K241984:setting,K241984,setting,PROCEDURAL_OR_OPERATING_ROOM,PROCEDURAL_OR_OPERATING_ROOM,CODED,false,NONE
K241984:action,K241984,action,TREATMENT_OR_PROCEDURE_PLANNING,TREATMENT_OR_PROCEDURE_PLANNING,CODED,false,NONE
K241984:component_status,K241984,component_status,SINGLE,SINGLE,CODED,false,NONE
K242005:input,K242005,input,NOT_ASSESSABLE,NOT_ASSESSABLE,NOT_ASSESSABLE,true,AI_ATTRIBUTION_BARRIER
K242005:output,K242005,output,NOT_ASSESSABLE,NOT_ASSESSABLE,NOT_ASSESSABLE,true,AI_ATTRIBUTION_BARRIER
K242005:user,K242005,user,NOT_ASSESSABLE,NOT_ASSESSABLE,NOT_ASSESSABLE,true,AI_ATTRIBUTION_BARRIER
K242005:setting,K242005,setting,NOT_ASSESSABLE,NOT_ASSESSABLE,NOT_ASSESSABLE,true,AI_ATTRIBUTION_BARRIER
K242005:action,K242005,action,NOT_ASSESSABLE,NOT_ASSESSABLE,NOT_ASSESSABLE,true,AI_ATTRIBUTION_BARRIER
K242005:component_status,K242005,component_status,UNCERTAIN,UNCERTAIN,UNCERTAIN,true,AI_ATTRIBUTION_BARRIER
K242020:input,K242020,input,MEDICAL_IMAGE,MEDICAL_IMAGE,CODED,false,NONE
K242020:output,K242020,output,SEGMENTATION_OR_LOCALIZATION;RECOMMENDATION_OR_PLANNING;MEASUREMENT_OR_QUANTIFICATION,SEGMENTATION_OR_LOCALIZATION;RECOMMENDATION_OR_PLANNING;MEASUREMENT_OR_QUANTIFICATION,CODED,false,NONE
K242020:user,K242020,user,OTHER_CLINICIAN,OTHER_CLINICIAN,CODED,false,NONE
K242020:setting,K242020,setting,DIAGNOSTIC_INTERPRETATION;OUTPATIENT,DIAGNOSTIC_INTERPRETATION;OUTPATIENT,CODED,false,NONE
K242020:action,K242020,action,WORKFLOW_OR_DOCUMENTATION;INTERPRETATION_OR_DIAGNOSIS,WORKFLOW_OR_DOCUMENTATION;INTERPRETATION_OR_DIAGNOSIS,CODED,false,NONE
K242020:component_status,K242020,component_status,SINGLE,SINGLE,CODED,false,NONE
K242054:input,K242054,input,MEDICAL_IMAGE,MEDICAL_IMAGE,CODED,false,NONE
K242054:output,K242054,output,SEGMENTATION_OR_LOCALIZATION,SEGMENTATION_OR_LOCALIZATION,CODED,false,NONE
K242054:user,K242054,user,OTHER_CLINICIAN,OTHER_CLINICIAN,CODED,false,NONE
K242054:setting,K242054,setting,PROCEDURAL_OR_OPERATING_ROOM,PROCEDURAL_OR_OPERATING_ROOM,CODED,false,NONE
K242054:action,K242054,action,TREATMENT_OR_PROCEDURE_PLANNING,TREATMENT_OR_PROCEDURE_PLANNING,CODED,false,NONE
K242054:component_status,K242054,component_status,SINGLE,SINGLE,CODED,false,NONE
K242062:input,K242062,input,MEDICAL_IMAGE,MEDICAL_IMAGE,CODED,false,NONE
K242062:output,K242062,output,SEGMENTATION_OR_LOCALIZATION;MEASUREMENT_OR_QUANTIFICATION,SEGMENTATION_OR_LOCALIZATION;MEASUREMENT_OR_QUANTIFICATION,CODED,false,NONE
K242062:user,K242062,user,NOT_STATED,NOT_STATED,NOT_STATED,true,FIELD_NOT_STATED
K242062:setting,K242062,setting,OTHER,OTHER,CODED,false,NONE
K242062:action,K242062,action,OTHER,OTHER,CODED,false,NONE
K242062:component_status,K242062,component_status,SINGLE,SINGLE,CODED,false,NONE
K242094:input,K242094,input,PHYSIOLOGICAL_SIGNAL,PHYSIOLOGICAL_SIGNAL,CODED,false,NONE
K242094:output,K242094,output,CLASSIFICATION_OR_DIAGNOSIS;MEASUREMENT_OR_QUANTIFICATION;DOCUMENTATION_OR_SUMMARY,CLASSIFICATION_OR_DIAGNOSIS;MEASUREMENT_OR_QUANTIFICATION;DOCUMENTATION_OR_SUMMARY,CODED,false,NONE
K242094:user,K242094,user,OTHER_CLINICIAN,OTHER_CLINICIAN,CODED,false,NONE
K242094:setting,K242094,setting,HOME_OR_CONSUMER;MONITORING;DIAGNOSTIC_INTERPRETATION,HOME_OR_CONSUMER;MONITORING;DIAGNOSTIC_INTERPRETATION,CODED,false,NONE
K242094:action,K242094,action,INTERPRETATION_OR_DIAGNOSIS,INTERPRETATION_OR_DIAGNOSIS,CODED,false,NONE
K242094:component_status,K242094,component_status,SINGLE,SINGLE,CODED,false,NONE
K242123:input,K242123,input,MEDICAL_IMAGE,MEDICAL_IMAGE,CODED,false,NONE
K242123:output,K242123,output,SEGMENTATION_OR_LOCALIZATION;MEASUREMENT_OR_QUANTIFICATION;RECONSTRUCTION_OR_ENHANCEMENT,SEGMENTATION_OR_LOCALIZATION;MEASUREMENT_OR_QUANTIFICATION;RECONSTRUCTION_OR_ENHANCEMENT,CODED,false,NONE
K242123:user,K242123,user,RADIOLOGIST;OTHER_PHYSICIAN;OTHER_CLINICIAN;TECHNOLOGIST_OR_OPERATOR,RADIOLOGIST;OTHER_PHYSICIAN;OTHER_CLINICIAN;TECHNOLOGIST_OR_OPERATOR,CODED,false,NONE
K242123:setting,K242123,setting,DIAGNOSTIC_INTERPRETATION,DIAGNOSTIC_INTERPRETATION,CODED,false,NONE
K242123:action,K242123,action,INTERPRETATION_OR_DIAGNOSIS,INTERPRETATION_OR_DIAGNOSIS,CODED,false,NONE
K242123:component_status,K242123,component_status,SINGLE,SINGLE,CODED,false,NONE
K242129:input,K242129,input,PHYSIOLOGICAL_SIGNAL,PHYSIOLOGICAL_SIGNAL,CODED,false,NONE
K242129:output,K242129,output,DETECTION_OR_ALERT;CLASSIFICATION_OR_DIAGNOSIS,DETECTION_OR_ALERT;CLASSIFICATION_OR_DIAGNOSIS,CODED,false,NONE
K242129:user,K242129,user,OTHER_CLINICIAN;TECHNOLOGIST_OR_OPERATOR,OTHER_CLINICIAN;TECHNOLOGIST_OR_OPERATOR,CODED,false,NONE
K242129:setting,K242129,setting,OUTPATIENT;MONITORING,OUTPATIENT;MONITORING,CODED,false,NONE
K242129:action,K242129,action,MONITORING_OR_FOLLOW_UP,MONITORING_OR_FOLLOW_UP,CODED,false,NONE
K242129:component_status,K242129,component_status,SINGLE,SINGLE,CODED,false,NONE
K242130:input,K242130,input,MEDICAL_IMAGE,MEDICAL_IMAGE,CODED,false,NONE
K242130:output,K242130,output,CLASSIFICATION_OR_DIAGNOSIS;RISK_SCORE_OR_PREDICTION;DOCUMENTATION_OR_SUMMARY,CLASSIFICATION_OR_DIAGNOSIS;RISK_SCORE_OR_PREDICTION;DOCUMENTATION_OR_SUMMARY,CODED,false,NONE
K242130:user,K242130,user,OTHER_PHYSICIAN;TECHNOLOGIST_OR_OPERATOR,OTHER_PHYSICIAN;TECHNOLOGIST_OR_OPERATOR,CODED,false,NONE
K242130:setting,K242130,setting,DIAGNOSTIC_INTERPRETATION,DIAGNOSTIC_INTERPRETATION,CODED,false,NONE
K242130:action,K242130,action,INTERPRETATION_OR_DIAGNOSIS;WORKFLOW_OR_DOCUMENTATION,INTERPRETATION_OR_DIAGNOSIS;WORKFLOW_OR_DOCUMENTATION,CODED,false,NONE
K242130:component_status,K242130,component_status,MULTIPLE,MULTIPLE,CODED,false,NONE
K242166:input,K242166,input,MEDICAL_IMAGE,MEDICAL_IMAGE,CODED,false,NONE
K242166:output,K242166,output,SEGMENTATION_OR_LOCALIZATION,SEGMENTATION_OR_LOCALIZATION,CODED,false,NONE
K242166:user,K242166,user,RADIOLOGIST;OTHER_PHYSICIAN;OTHER_CLINICIAN;TECHNOLOGIST_OR_OPERATOR,RADIOLOGIST;OTHER_PHYSICIAN;OTHER_CLINICIAN;TECHNOLOGIST_OR_OPERATOR,CODED,false,NONE
K242166:setting,K242166,setting,PROCEDURAL_OR_OPERATING_ROOM;HOME_OR_CONSUMER,PROCEDURAL_OR_OPERATING_ROOM;HOME_OR_CONSUMER,CODED,false,NONE
K242166:action,K242166,action,TREATMENT_OR_PROCEDURE_PLANNING;MONITORING_OR_FOLLOW_UP,TREATMENT_OR_PROCEDURE_PLANNING;MONITORING_OR_FOLLOW_UP,CODED,false,NONE
K242166:component_status,K242166,component_status,SINGLE,SINGLE,CODED,false,NONE
K242168:input,K242168,input,MEDICAL_IMAGE;AUDIO_OR_VIDEO,MEDICAL_IMAGE;AUDIO_OR_VIDEO,CODED,false,NONE
K242168:output,K242168,output,OTHER,OTHER,CODED,false,NONE
K242168:user,K242168,user,OTHER_CLINICIAN,OTHER_CLINICIAN,CODED,false,NONE
K242168:setting,K242168,setting,OTHER,OTHER,CODED,false,NONE
K242168:action,K242168,action,WORKFLOW_OR_DOCUMENTATION,WORKFLOW_OR_DOCUMENTATION,CODED,false,NONE
K242168:component_status,K242168,component_status,MULTIPLE,MULTIPLE,CODED,false,NONE
K242171:input,K242171,input,MEDICAL_IMAGE,MEDICAL_IMAGE,CODED,false,NONE
K242171:output,K242171,output,DETECTION_OR_ALERT;SEGMENTATION_OR_LOCALIZATION,DETECTION_OR_ALERT;SEGMENTATION_OR_LOCALIZATION,CODED,false,NONE
K242171:user,K242171,user,OTHER_CLINICIAN;RADIOLOGIST,OTHER_CLINICIAN;RADIOLOGIST,CODED,false,NONE
K242171:setting,K242171,setting,ACUTE_TRIAGE_OR_EMERGENCY;OUTPATIENT;DIAGNOSTIC_INTERPRETATION,ACUTE_TRIAGE_OR_EMERGENCY;OUTPATIENT;DIAGNOSTIC_INTERPRETATION,CODED,false,NONE
K242171:action,K242171,action,INTERPRETATION_OR_DIAGNOSIS,INTERPRETATION_OR_DIAGNOSIS,CODED,false,NONE
K242171:component_status,K242171,component_status,SINGLE,SINGLE,CODED,false,NONE
K242188:input,K242188,input,MEDICAL_IMAGE,MEDICAL_IMAGE,CODED,false,NONE
K242188:output,K242188,output,MEASUREMENT_OR_QUANTIFICATION;CLASSIFICATION_OR_DIAGNOSIS;SEGMENTATION_OR_LOCALIZATION,MEASUREMENT_OR_QUANTIFICATION;CLASSIFICATION_OR_DIAGNOSIS;SEGMENTATION_OR_LOCALIZATION,CODED,false,NONE
K242188:user,K242188,user,OTHER_PHYSICIAN,OTHER_PHYSICIAN,CODED,false,NONE
K242188:setting,K242188,setting,DIAGNOSTIC_INTERPRETATION,DIAGNOSTIC_INTERPRETATION,CODED,false,NONE
K242188:action,K242188,action,INTERPRETATION_OR_DIAGNOSIS,INTERPRETATION_OR_DIAGNOSIS,CODED,false,NONE
K242188:component_status,K242188,component_status,SINGLE,SINGLE,CODED,false,NONE
K242203:input,K242203,input,MEDICAL_IMAGE,MEDICAL_IMAGE,CODED,false,NONE
K242203:output,K242203,output,MEASUREMENT_OR_QUANTIFICATION,MEASUREMENT_OR_QUANTIFICATION,CODED,false,NONE
K242203:user,K242203,user,RADIOLOGIST,RADIOLOGIST,CODED,false,NONE
K242203:setting,K242203,setting,DIAGNOSTIC_INTERPRETATION,DIAGNOSTIC_INTERPRETATION,CODED,false,NONE
K242203:action,K242203,action,INTERPRETATION_OR_DIAGNOSIS,INTERPRETATION_OR_DIAGNOSIS,CODED,false,NONE
K242203:component_status,K242203,component_status,SINGLE,SINGLE,CODED,false,NONE
K242215:input,K242215,input,MEDICAL_IMAGE,MEDICAL_IMAGE,CODED,false,NONE
K242215:output,K242215,output,SEGMENTATION_OR_LOCALIZATION;MEASUREMENT_OR_QUANTIFICATION;DOCUMENTATION_OR_SUMMARY,SEGMENTATION_OR_LOCALIZATION;MEASUREMENT_OR_QUANTIFICATION;DOCUMENTATION_OR_SUMMARY,CODED,false,NONE
K242215:user,K242215,user,OTHER_CLINICIAN,OTHER_CLINICIAN,CODED,false,NONE
K242215:setting,K242215,setting,DIAGNOSTIC_INTERPRETATION,DIAGNOSTIC_INTERPRETATION,CODED,false,NONE
K242215:action,K242215,action,INTERPRETATION_OR_DIAGNOSIS,INTERPRETATION_OR_DIAGNOSIS,CODED,false,NONE
K242215:component_status,K242215,component_status,SINGLE,SINGLE,CODED,false,NONE
K242240:input,K242240,input,MEDICAL_IMAGE,MEDICAL_IMAGE,CODED,false,NONE
K242240:output,K242240,output,MEASUREMENT_OR_QUANTIFICATION;DOCUMENTATION_OR_SUMMARY,MEASUREMENT_OR_QUANTIFICATION;DOCUMENTATION_OR_SUMMARY,CODED,false,NONE
K242240:user,K242240,user,RADIOLOGIST;OTHER_PHYSICIAN;TECHNOLOGIST_OR_OPERATOR,RADIOLOGIST;OTHER_PHYSICIAN;TECHNOLOGIST_OR_OPERATOR,CODED,false,NONE
K242240:setting,K242240,setting,DIAGNOSTIC_INTERPRETATION,DIAGNOSTIC_INTERPRETATION,CODED,false,NONE
K242240:action,K242240,action,INTERPRETATION_OR_DIAGNOSIS;TREATMENT_OR_PROCEDURE_PLANNING,INTERPRETATION_OR_DIAGNOSIS;TREATMENT_OR_PROCEDURE_PLANNING,CODED,false,NONE
K242240:component_status,K242240,component_status,SINGLE,SINGLE,CODED,false,NONE
K242270:input,K242270,input,MEDICAL_IMAGE,MEDICAL_IMAGE,CODED,false,NONE
K242270:output,K242270,output,DETECTION_OR_ALERT,DETECTION_OR_ALERT,CODED,false,NONE
K242270:user,K242270,user,OTHER_CLINICIAN,OTHER_CLINICIAN,CODED,false,NONE
K242270:setting,K242270,setting,PROCEDURAL_OR_OPERATING_ROOM,PROCEDURAL_OR_OPERATING_ROOM,CODED,false,NONE
K242270:action,K242270,action,NOT_STATED,NOT_STATED,NOT_STATED,true,FIELD_NOT_STATED
K242270:component_status,K242270,component_status,SINGLE,SINGLE,CODED,false,NONE
K242275:input,K242275,input,MEDICAL_IMAGE,MEDICAL_IMAGE,CODED,false,NONE
K242275:output,K242275,output,MEASUREMENT_OR_QUANTIFICATION,MEASUREMENT_OR_QUANTIFICATION,CODED,false,NONE
K242275:user,K242275,user,RADIOLOGIST;OTHER_PHYSICIAN;TECHNOLOGIST_OR_OPERATOR,RADIOLOGIST;OTHER_PHYSICIAN;TECHNOLOGIST_OR_OPERATOR,CODED,false,NONE
K242275:setting,K242275,setting,DIAGNOSTIC_INTERPRETATION,DIAGNOSTIC_INTERPRETATION,CODED,false,NONE
K242275:action,K242275,action,INTERPRETATION_OR_DIAGNOSIS,INTERPRETATION_OR_DIAGNOSIS,CODED,false,NONE
K242275:component_status,K242275,component_status,SINGLE,SINGLE,CODED,false,NONE
K242292:input,K242292,input,MEDICAL_IMAGE,MEDICAL_IMAGE,CODED,false,NONE
K242292:output,K242292,output,DETECTION_OR_ALERT,DETECTION_OR_ALERT,CODED,false,NONE
K242292:user,K242292,user,RADIOLOGIST,RADIOLOGIST,CODED,false,NONE
K242292:setting,K242292,setting,ACUTE_TRIAGE_OR_EMERGENCY,ACUTE_TRIAGE_OR_EMERGENCY,CODED,false,NONE
K242292:action,K242292,action,TRIAGE_OR_PRIORITIZATION,TRIAGE_OR_PRIORITIZATION,CODED,false,NONE
K242292:component_status,K242292,component_status,SINGLE,SINGLE,CODED,false,NONE
K242295:input,K242295,input,MEDICAL_IMAGE,MEDICAL_IMAGE,CODED,false,NONE
K242295:output,K242295,output,DETECTION_OR_ALERT;CLASSIFICATION_OR_DIAGNOSIS,DETECTION_OR_ALERT;CLASSIFICATION_OR_DIAGNOSIS,CODED,false,NONE
K242295:user,K242295,user,OTHER_CLINICIAN,OTHER_CLINICIAN,CODED,false,NONE
K242295:setting,K242295,setting,DIAGNOSTIC_INTERPRETATION,DIAGNOSTIC_INTERPRETATION,CODED,false,NONE
K242295:action,K242295,action,INTERPRETATION_OR_DIAGNOSIS,INTERPRETATION_OR_DIAGNOSIS,CODED,false,NONE
K242295:component_status,K242295,component_status,SINGLE,SINGLE,CODED,false,NONE
K242300:input,K242300,input,NOT_ASSESSABLE,NOT_ASSESSABLE,NOT_ASSESSABLE,true,AI_ATTRIBUTION_BARRIER
K242300:output,K242300,output,NOT_ASSESSABLE,NOT_ASSESSABLE,NOT_ASSESSABLE,true,AI_ATTRIBUTION_BARRIER
K242300:user,K242300,user,NOT_ASSESSABLE,NOT_ASSESSABLE,NOT_ASSESSABLE,true,AI_ATTRIBUTION_BARRIER
K242300:setting,K242300,setting,NOT_ASSESSABLE,NOT_ASSESSABLE,NOT_ASSESSABLE,true,AI_ATTRIBUTION_BARRIER
K242300:action,K242300,action,NOT_ASSESSABLE,NOT_ASSESSABLE,NOT_ASSESSABLE,true,AI_ATTRIBUTION_BARRIER
K242300:component_status,K242300,component_status,UNCERTAIN,UNCERTAIN,UNCERTAIN,true,AI_ATTRIBUTION_BARRIER
K242323:input,K242323,input,AUDIO_OR_VIDEO,AUDIO_OR_VIDEO,CODED,false,NONE
K242323:output,K242323,output,CONTROL_OR_AUTOMATION,CONTROL_OR_AUTOMATION,CODED,false,NONE
K242323:user,K242323,user,OTHER_PHYSICIAN,OTHER_PHYSICIAN,CODED,false,NONE
K242323:setting,K242323,setting,PROCEDURAL_OR_OPERATING_ROOM,PROCEDURAL_OR_OPERATING_ROOM,CODED,false,NONE
K242323:action,K242323,action,THERAPY_DOSE_OR_DEVICE_CONTROL,THERAPY_DOSE_OR_DEVICE_CONTROL,CODED,false,NONE
K242323:component_status,K242323,component_status,SINGLE,SINGLE,CODED,false,NONE
K242334:input,K242334,input,MEDICAL_IMAGE,MEDICAL_IMAGE,CODED,false,NONE
K242334:output,K242334,output,RECONSTRUCTION_OR_ENHANCEMENT,RECONSTRUCTION_OR_ENHANCEMENT,CODED,false,NONE
K242334:user,K242334,user,RADIOLOGIST,RADIOLOGIST,CODED,false,NONE
K242334:setting,K242334,setting,OTHER,OTHER,CODED,false,NONE
K242334:action,K242334,action,NOT_STATED,NOT_STATED,NOT_STATED,true,FIELD_NOT_STATED
K242334:component_status,K242334,component_status,SINGLE,SINGLE,CODED,false,NONE
K242338:input,K242338,input,MEDICAL_IMAGE,MEDICAL_IMAGE,CODED,false,NONE
K242338:output,K242338,output,SEGMENTATION_OR_LOCALIZATION;MEASUREMENT_OR_QUANTIFICATION;DOCUMENTATION_OR_SUMMARY,SEGMENTATION_OR_LOCALIZATION;MEASUREMENT_OR_QUANTIFICATION;DOCUMENTATION_OR_SUMMARY,CODED,false,NONE
K242338:user,K242338,user,OTHER_CLINICIAN,OTHER_CLINICIAN,CODED,false,NONE
K242338:setting,K242338,setting,DIAGNOSTIC_INTERPRETATION,DIAGNOSTIC_INTERPRETATION,CODED,false,NONE
K242338:action,K242338,action,INTERPRETATION_OR_DIAGNOSIS;TREATMENT_OR_PROCEDURE_PLANNING,INTERPRETATION_OR_DIAGNOSIS;TREATMENT_OR_PROCEDURE_PLANNING,CODED,false,NONE
K242338:component_status,K242338,component_status,SINGLE,SINGLE,CODED,false,NONE
K242342:input,K242342,input,AUDIO_OR_VIDEO,AUDIO_OR_VIDEO,CODED,false,NONE
K242342:output,K242342,output,DETECTION_OR_ALERT;CLASSIFICATION_OR_DIAGNOSIS;DOCUMENTATION_OR_SUMMARY,DETECTION_OR_ALERT;CLASSIFICATION_OR_DIAGNOSIS;DOCUMENTATION_OR_SUMMARY,CODED,false,NONE
K242342:user,K242342,user,OTHER_PHYSICIAN,OTHER_PHYSICIAN,CODED,false,NONE
K242342:setting,K242342,setting,DIAGNOSTIC_INTERPRETATION,DIAGNOSTIC_INTERPRETATION,CODED,false,NONE
K242342:action,K242342,action,INTERPRETATION_OR_DIAGNOSIS,INTERPRETATION_OR_DIAGNOSIS,CODED,false,NONE
K242342:component_status,K242342,component_status,SINGLE,SINGLE,CODED,false,NONE
K242359:input,K242359,input,AUDIO_OR_VIDEO,AUDIO_OR_VIDEO,CODED,false,NONE
K242359:output,K242359,output,MEASUREMENT_OR_QUANTIFICATION,MEASUREMENT_OR_QUANTIFICATION,CODED,false,NONE
K242359:user,K242359,user,NOT_STATED,NOT_STATED,NOT_STATED,true,FIELD_NOT_STATED
K242359:setting,K242359,setting,DIAGNOSTIC_INTERPRETATION,DIAGNOSTIC_INTERPRETATION,CODED,false,NONE
K242359:action,K242359,action,INTERPRETATION_OR_DIAGNOSIS,INTERPRETATION_OR_DIAGNOSIS,CODED,false,NONE
K242359:component_status,K242359,component_status,SINGLE,SINGLE,CODED,false,NONE
K242362:input,K242362,input,NOT_ASSESSABLE,NOT_ASSESSABLE,NOT_ASSESSABLE,true,AI_ATTRIBUTION_BARRIER
K242362:output,K242362,output,NOT_ASSESSABLE,NOT_ASSESSABLE,NOT_ASSESSABLE,true,AI_ATTRIBUTION_BARRIER
K242362:user,K242362,user,NOT_ASSESSABLE,NOT_ASSESSABLE,NOT_ASSESSABLE,true,AI_ATTRIBUTION_BARRIER
K242362:setting,K242362,setting,NOT_ASSESSABLE,NOT_ASSESSABLE,NOT_ASSESSABLE,true,AI_ATTRIBUTION_BARRIER
K242362:action,K242362,action,NOT_ASSESSABLE,NOT_ASSESSABLE,NOT_ASSESSABLE,true,AI_ATTRIBUTION_BARRIER
K242362:component_status,K242362,component_status,UNCERTAIN,UNCERTAIN,UNCERTAIN,true,AI_ATTRIBUTION_BARRIER
K242388:input,K242388,input,MEDICAL_IMAGE;AUDIO_OR_VIDEO,MEDICAL_IMAGE;AUDIO_OR_VIDEO,CODED,false,NONE
K242388:output,K242388,output,MEASUREMENT_OR_QUANTIFICATION,MEASUREMENT_OR_QUANTIFICATION,CODED,false,NONE
K242388:user,K242388,user,TECHNOLOGIST_OR_OPERATOR,TECHNOLOGIST_OR_OPERATOR,CODED,false,NONE
K242388:setting,K242388,setting,LABORATORY,LABORATORY,CODED,false,NONE
K242388:action,K242388,action,INTERPRETATION_OR_DIAGNOSIS,INTERPRETATION_OR_DIAGNOSIS,CODED,false,NONE
K242388:component_status,K242388,component_status,MULTIPLE,MULTIPLE,CODED,false,NONE
K242403:input,K242403,input,MEDICAL_IMAGE,MEDICAL_IMAGE,CODED,false,NONE
K242403:output,K242403,output,RECONSTRUCTION_OR_ENHANCEMENT,RECONSTRUCTION_OR_ENHANCEMENT,CODED,false,NONE
K242403:user,K242403,user,OTHER_PHYSICIAN,OTHER_PHYSICIAN,CODED,false,NONE
K242403:setting,K242403,setting,OTHER,OTHER,CODED,false,NONE
K242403:action,K242403,action,NOT_STATED,NOT_STATED,NOT_STATED,true,FIELD_NOT_STATED
K242403:component_status,K242403,component_status,SINGLE,SINGLE,CODED,false,NONE
K242437:input,K242437,input,MEDICAL_IMAGE,MEDICAL_IMAGE,CODED,false,NONE
K242437:output,K242437,output,DETECTION_OR_ALERT;SEGMENTATION_OR_LOCALIZATION;MEASUREMENT_OR_QUANTIFICATION,DETECTION_OR_ALERT;SEGMENTATION_OR_LOCALIZATION;MEASUREMENT_OR_QUANTIFICATION,CODED,false,NONE
K242437:user,K242437,user,OTHER_CLINICIAN,OTHER_CLINICIAN,CODED,false,NONE
K242437:setting,K242437,setting,DIAGNOSTIC_INTERPRETATION,DIAGNOSTIC_INTERPRETATION,CODED,false,NONE
K242437:action,K242437,action,INTERPRETATION_OR_DIAGNOSIS,INTERPRETATION_OR_DIAGNOSIS,CODED,false,NONE
K242437:component_status,K242437,component_status,MULTIPLE,MULTIPLE,CODED,false,NONE
K242444:input,K242444,input,MEDICAL_IMAGE,MEDICAL_IMAGE,CODED,false,NONE
K242444:output,K242444,output,MEASUREMENT_OR_QUANTIFICATION;OTHER,MEASUREMENT_OR_QUANTIFICATION;OTHER,CODED,false,NONE
K242444:user,K242444,user,OTHER_CLINICIAN,OTHER_CLINICIAN,CODED,false,NONE
K242444:setting,K242444,setting,DIAGNOSTIC_INTERPRETATION,DIAGNOSTIC_INTERPRETATION,CODED,false,NONE
K242444:action,K242444,action,INTERPRETATION_OR_DIAGNOSIS,INTERPRETATION_OR_DIAGNOSIS,CODED,false,NONE
K242444:component_status,K242444,component_status,MULTIPLE,MULTIPLE,CODED,false,NONE
K242447:input,K242447,input,PHYSIOLOGICAL_SIGNAL,PHYSIOLOGICAL_SIGNAL,CODED,false,NONE
K242447:output,K242447,output,CLASSIFICATION_OR_DIAGNOSIS;MEASUREMENT_OR_QUANTIFICATION,CLASSIFICATION_OR_DIAGNOSIS;MEASUREMENT_OR_QUANTIFICATION,CODED,false,NONE
K242447:user,K242447,user,OTHER_PHYSICIAN,OTHER_PHYSICIAN,CODED,false,NONE
K242447:setting,K242447,setting,HOME_OR_CONSUMER;DIAGNOSTIC_INTERPRETATION,HOME_OR_CONSUMER;DIAGNOSTIC_INTERPRETATION,CODED,false,NONE
K242447:action,K242447,action,INTERPRETATION_OR_DIAGNOSIS;MONITORING_OR_FOLLOW_UP,INTERPRETATION_OR_DIAGNOSIS;MONITORING_OR_FOLLOW_UP,CODED,false,NONE
K242447:component_status,K242447,component_status,SINGLE,SINGLE,CODED,false,NONE
K242461:input,K242461,input,MEDICAL_IMAGE,MEDICAL_IMAGE,CODED,false,NONE
K242461:output,K242461,output,SEGMENTATION_OR_LOCALIZATION,SEGMENTATION_OR_LOCALIZATION,CODED,false,NONE
K242461:user,K242461,user,OTHER_CLINICIAN,OTHER_CLINICIAN,CODED,false,NONE
K242461:setting,K242461,setting,PROCEDURAL_OR_OPERATING_ROOM,PROCEDURAL_OR_OPERATING_ROOM,CODED,false,NONE
K242461:action,K242461,action,TREATMENT_OR_PROCEDURE_PLANNING,TREATMENT_OR_PROCEDURE_PLANNING,CODED,false,NONE
K242461:component_status,K242461,component_status,SINGLE,SINGLE,CODED,false,NONE
K242467:input,K242467,input,MEDICAL_IMAGE,MEDICAL_IMAGE,CODED,false,NONE
K242467:output,K242467,output,DETECTION_OR_ALERT;DOCUMENTATION_OR_SUMMARY,DETECTION_OR_ALERT;DOCUMENTATION_OR_SUMMARY,CODED,false,NONE
K242467:user,K242467,user,OTHER_CLINICIAN,OTHER_CLINICIAN,CODED,false,NONE
K242467:setting,K242467,setting,DIAGNOSTIC_INTERPRETATION,DIAGNOSTIC_INTERPRETATION,CODED,false,NONE
K242467:action,K242467,action,REFERRAL_OR_ESCALATION;INTERPRETATION_OR_DIAGNOSIS,REFERRAL_OR_ESCALATION;INTERPRETATION_OR_DIAGNOSIS,CODED,false,NONE
K242467:component_status,K242467,component_status,SINGLE,SINGLE,CODED,false,NONE
K242480:input,K242480,input,NOT_ASSESSABLE,NOT_ASSESSABLE,NOT_ASSESSABLE,true,AI_ATTRIBUTION_BARRIER
K242480:output,K242480,output,NOT_ASSESSABLE,NOT_ASSESSABLE,NOT_ASSESSABLE,true,AI_ATTRIBUTION_BARRIER
K242480:user,K242480,user,NOT_ASSESSABLE,NOT_ASSESSABLE,NOT_ASSESSABLE,true,AI_ATTRIBUTION_BARRIER
K242480:setting,K242480,setting,NOT_ASSESSABLE,NOT_ASSESSABLE,NOT_ASSESSABLE,true,AI_ATTRIBUTION_BARRIER
K242480:action,K242480,action,NOT_ASSESSABLE,NOT_ASSESSABLE,NOT_ASSESSABLE,true,AI_ATTRIBUTION_BARRIER
K242480:component_status,K242480,component_status,UNCERTAIN,UNCERTAIN,UNCERTAIN,true,AI_ATTRIBUTION_BARRIER
K242488:input,K242488,input,NOT_ASSESSABLE,NOT_ASSESSABLE,NOT_ASSESSABLE,true,AI_ATTRIBUTION_BARRIER
K242488:output,K242488,output,NOT_ASSESSABLE,NOT_ASSESSABLE,NOT_ASSESSABLE,true,AI_ATTRIBUTION_BARRIER
K242488:user,K242488,user,NOT_ASSESSABLE,NOT_ASSESSABLE,NOT_ASSESSABLE,true,AI_ATTRIBUTION_BARRIER
K242488:setting,K242488,setting,NOT_ASSESSABLE,NOT_ASSESSABLE,NOT_ASSESSABLE,true,AI_ATTRIBUTION_BARRIER
K242488:action,K242488,action,NOT_ASSESSABLE,NOT_ASSESSABLE,NOT_ASSESSABLE,true,AI_ATTRIBUTION_BARRIER
K242488:component_status,K242488,component_status,UNCERTAIN,UNCERTAIN,UNCERTAIN,true,AI_ATTRIBUTION_BARRIER
K242500:input,K242500,input,MEDICAL_IMAGE,MEDICAL_IMAGE,CODED,false,NONE
K242500:output,K242500,output,SEGMENTATION_OR_LOCALIZATION;MEASUREMENT_OR_QUANTIFICATION,SEGMENTATION_OR_LOCALIZATION;MEASUREMENT_OR_QUANTIFICATION,CODED,false,NONE
K242500:user,K242500,user,RADIOLOGIST;OTHER_PHYSICIAN;OTHER_CLINICIAN,RADIOLOGIST;OTHER_PHYSICIAN;OTHER_CLINICIAN,CODED,false,NONE
K242500:setting,K242500,setting,PROCEDURAL_OR_OPERATING_ROOM,PROCEDURAL_OR_OPERATING_ROOM,CODED,false,NONE
K242500:action,K242500,action,TREATMENT_OR_PROCEDURE_PLANNING;MONITORING_OR_FOLLOW_UP,TREATMENT_OR_PROCEDURE_PLANNING;MONITORING_OR_FOLLOW_UP,CODED,false,NONE
K242500:component_status,K242500,component_status,SINGLE,SINGLE,CODED,false,NONE
K242511:input,K242511,input,MEDICAL_IMAGE;AUDIO_OR_VIDEO,MEDICAL_IMAGE;AUDIO_OR_VIDEO,CODED,false,NONE
K242511:output,K242511,output,MEASUREMENT_OR_QUANTIFICATION;DETECTION_OR_ALERT;SEGMENTATION_OR_LOCALIZATION;OTHER,MEASUREMENT_OR_QUANTIFICATION;DETECTION_OR_ALERT;SEGMENTATION_OR_LOCALIZATION;OTHER,CODED,false,NONE
K242511:user,K242511,user,OTHER_CLINICIAN,OTHER_CLINICIAN,CODED,false,NONE
K242511:setting,K242511,setting,DIAGNOSTIC_INTERPRETATION,DIAGNOSTIC_INTERPRETATION,CODED,false,NONE
K242511:action,K242511,action,INTERPRETATION_OR_DIAGNOSIS,INTERPRETATION_OR_DIAGNOSIS,CODED,false,NONE
K242511:component_status,K242511,component_status,MULTIPLE,MULTIPLE,CODED,false,NONE
K242522:input,K242522,input,MEDICAL_IMAGE,MEDICAL_IMAGE,CODED,false,NONE
K242522:output,K242522,output,DETECTION_OR_ALERT;SEGMENTATION_OR_LOCALIZATION,DETECTION_OR_ALERT;SEGMENTATION_OR_LOCALIZATION,CODED,false,NONE
K242522:user,K242522,user,OTHER_CLINICIAN,OTHER_CLINICIAN,CODED,false,NONE
K242522:setting,K242522,setting,DIAGNOSTIC_INTERPRETATION,DIAGNOSTIC_INTERPRETATION,CODED,false,NONE
K242522:action,K242522,action,INTERPRETATION_OR_DIAGNOSIS,INTERPRETATION_OR_DIAGNOSIS,CODED,false,NONE
K242522:component_status,K242522,component_status,SINGLE,SINGLE,CODED,false,NONE
K242523:input,K242523,input,MEDICAL_IMAGE,MEDICAL_IMAGE,CODED,false,NONE
K242523:output,K242523,output,MEASUREMENT_OR_QUANTIFICATION;OTHER,MEASUREMENT_OR_QUANTIFICATION;OTHER,CODED,false,NONE
K242523:user,K242523,user,OTHER_CLINICIAN,OTHER_CLINICIAN,CODED,false,NONE
K242523:setting,K242523,setting,DIAGNOSTIC_INTERPRETATION,DIAGNOSTIC_INTERPRETATION,CODED,false,NONE
K242523:action,K242523,action,INTERPRETATION_OR_DIAGNOSIS,INTERPRETATION_OR_DIAGNOSIS,CODED,false,NONE
K242523:component_status,K242523,component_status,MULTIPLE,MULTIPLE,CODED,false,NONE
K242551:input,K242551,input,MEDICAL_IMAGE,MEDICAL_IMAGE,CODED,false,NONE
K242551:output,K242551,output,MEASUREMENT_OR_QUANTIFICATION,MEASUREMENT_OR_QUANTIFICATION,CODED,false,NONE
K242551:user,K242551,user,OTHER_CLINICIAN,OTHER_CLINICIAN,CODED,false,NONE
K242551:setting,K242551,setting,DIAGNOSTIC_INTERPRETATION,DIAGNOSTIC_INTERPRETATION,CODED,false,NONE
K242551:action,K242551,action,INTERPRETATION_OR_DIAGNOSIS,INTERPRETATION_OR_DIAGNOSIS,CODED,false,NONE
K242551:component_status,K242551,component_status,SINGLE,SINGLE,CODED,false,NONE
K242583:input,K242583,input,PHYSIOLOGICAL_SIGNAL,PHYSIOLOGICAL_SIGNAL,CODED,false,NONE
K242583:output,K242583,output,DETECTION_OR_ALERT;CLASSIFICATION_OR_DIAGNOSIS;DOCUMENTATION_OR_SUMMARY,DETECTION_OR_ALERT;CLASSIFICATION_OR_DIAGNOSIS;DOCUMENTATION_OR_SUMMARY,CODED,false,NONE
K242583:user,K242583,user,TECHNOLOGIST_OR_OPERATOR;OTHER_CLINICIAN;OTHER_PHYSICIAN,TECHNOLOGIST_OR_OPERATOR;OTHER_CLINICIAN;OTHER_PHYSICIAN,CODED,false,NONE
K242583:setting,K242583,setting,DIAGNOSTIC_INTERPRETATION,DIAGNOSTIC_INTERPRETATION,CODED,false,NONE
K242583:action,K242583,action,INTERPRETATION_OR_DIAGNOSIS,INTERPRETATION_OR_DIAGNOSIS,CODED,false,NONE
K242583:component_status,K242583,component_status,SINGLE,SINGLE,CODED,false,NONE
K242594:input,K242594,input,MEDICAL_IMAGE;AUDIO_OR_VIDEO,MEDICAL_IMAGE;AUDIO_OR_VIDEO,CODED,false,NONE
K242594:output,K242594,output,MEASUREMENT_OR_QUANTIFICATION;SEGMENTATION_OR_LOCALIZATION;OTHER,MEASUREMENT_OR_QUANTIFICATION;SEGMENTATION_OR_LOCALIZATION;OTHER,CODED,false,NONE
K242594:user,K242594,user,RADIOLOGIST;OTHER_PHYSICIAN;TECHNOLOGIST_OR_OPERATOR,RADIOLOGIST;OTHER_PHYSICIAN;TECHNOLOGIST_OR_OPERATOR,CODED,false,NONE
K242594:setting,K242594,setting,DIAGNOSTIC_INTERPRETATION,DIAGNOSTIC_INTERPRETATION,CODED,false,NONE
K242594:action,K242594,action,INTERPRETATION_OR_DIAGNOSIS;WORKFLOW_OR_DOCUMENTATION,INTERPRETATION_OR_DIAGNOSIS;WORKFLOW_OR_DOCUMENTATION,CODED,false,NONE
K242594:component_status,K242594,component_status,SINGLE,SINGLE,CODED,false,NONE
K242600:input,K242600,input,MEDICAL_IMAGE,MEDICAL_IMAGE,CODED,false,NONE
K242600:output,K242600,output,DETECTION_OR_ALERT;SEGMENTATION_OR_LOCALIZATION,DETECTION_OR_ALERT;SEGMENTATION_OR_LOCALIZATION,CODED,false,NONE
K242600:user,K242600,user,OTHER_CLINICIAN,OTHER_CLINICIAN,CODED,false,NONE
K242600:setting,K242600,setting,DIAGNOSTIC_INTERPRETATION,DIAGNOSTIC_INTERPRETATION,CODED,false,NONE
K242600:action,K242600,action,INTERPRETATION_OR_DIAGNOSIS,INTERPRETATION_OR_DIAGNOSIS,CODED,false,NONE
K242600:component_status,K242600,component_status,SINGLE,SINGLE,CODED,false,NONE
K242607:input,K242607,input,MEDICAL_IMAGE,MEDICAL_IMAGE,CODED,false,NONE
K242607:output,K242607,output,SEGMENTATION_OR_LOCALIZATION;MEASUREMENT_OR_QUANTIFICATION;DOCUMENTATION_OR_SUMMARY,SEGMENTATION_OR_LOCALIZATION;MEASUREMENT_OR_QUANTIFICATION;DOCUMENTATION_OR_SUMMARY,CODED,false,NONE
K242607:user,K242607,user,RADIOLOGIST,RADIOLOGIST,CODED,false,NONE
K242607:setting,K242607,setting,DIAGNOSTIC_INTERPRETATION,DIAGNOSTIC_INTERPRETATION,CODED,false,NONE
K242607:action,K242607,action,INTERPRETATION_OR_DIAGNOSIS;WORKFLOW_OR_DOCUMENTATION,INTERPRETATION_OR_DIAGNOSIS;WORKFLOW_OR_DOCUMENTATION,CODED,false,NONE
K242607:component_status,K242607,component_status,SINGLE,SINGLE,CODED,false,NONE
K242624:input,K242624,input,MEDICAL_IMAGE,MEDICAL_IMAGE,CODED,false,NONE
K242624:output,K242624,output,SEGMENTATION_OR_LOCALIZATION;MEASUREMENT_OR_QUANTIFICATION,SEGMENTATION_OR_LOCALIZATION;MEASUREMENT_OR_QUANTIFICATION,CODED,false,NONE
K242624:user,K242624,user,NOT_STATED,NOT_STATED,NOT_STATED,true,FIELD_NOT_STATED
K242624:setting,K242624,setting,DIAGNOSTIC_INTERPRETATION;PROCEDURAL_OR_OPERATING_ROOM,DIAGNOSTIC_INTERPRETATION;PROCEDURAL_OR_OPERATING_ROOM,CODED,false,NONE
K242624:action,K242624,action,INTERPRETATION_OR_DIAGNOSIS;TREATMENT_OR_PROCEDURE_PLANNING,INTERPRETATION_OR_DIAGNOSIS;TREATMENT_OR_PROCEDURE_PLANNING,CODED,false,NONE
K242624:component_status,K242624,component_status,MULTIPLE,MULTIPLE,CODED,false,NONE
K242652:input,K242652,input,MEDICAL_IMAGE,MEDICAL_IMAGE,CODED,false,NONE
K242652:output,K242652,output,DETECTION_OR_ALERT;SEGMENTATION_OR_LOCALIZATION;CLASSIFICATION_OR_DIAGNOSIS;RISK_SCORE_OR_PREDICTION,DETECTION_OR_ALERT;SEGMENTATION_OR_LOCALIZATION;CLASSIFICATION_OR_DIAGNOSIS;RISK_SCORE_OR_PREDICTION,CODED,false,NONE
K242652:user,K242652,user,OTHER_PHYSICIAN,OTHER_PHYSICIAN,CODED,false,NONE
K242652:setting,K242652,setting,SCREENING,SCREENING,CODED,false,NONE
K242652:action,K242652,action,INTERPRETATION_OR_DIAGNOSIS,INTERPRETATION_OR_DIAGNOSIS,CODED,false,NONE
K242652:component_status,K242652,component_status,SINGLE,SINGLE,CODED,false,NONE
K242683:input,K242683,input,MEDICAL_IMAGE,MEDICAL_IMAGE,CODED,false,NONE
K242683:output,K242683,output,DETECTION_OR_ALERT;SEGMENTATION_OR_LOCALIZATION;CLASSIFICATION_OR_DIAGNOSIS,DETECTION_OR_ALERT;SEGMENTATION_OR_LOCALIZATION;CLASSIFICATION_OR_DIAGNOSIS,CODED,false,NONE
K242683:user,K242683,user,RADIOLOGIST;OTHER_PHYSICIAN,RADIOLOGIST;OTHER_PHYSICIAN,CODED,false,NONE
K242683:setting,K242683,setting,DIAGNOSTIC_INTERPRETATION,DIAGNOSTIC_INTERPRETATION,CODED,false,NONE
K242683:action,K242683,action,INTERPRETATION_OR_DIAGNOSIS,INTERPRETATION_OR_DIAGNOSIS,CODED,false,NONE
K242683:component_status,K242683,component_status,SINGLE,SINGLE,CODED,false,NONE
K242729:input,K242729,input,MEDICAL_IMAGE,MEDICAL_IMAGE,CODED,false,NONE
K242729:output,K242729,output,SEGMENTATION_OR_LOCALIZATION,SEGMENTATION_OR_LOCALIZATION,CODED,false,NONE
K242729:user,K242729,user,OTHER_CLINICIAN,OTHER_CLINICIAN,CODED,false,NONE
K242729:setting,K242729,setting,PROCEDURAL_OR_OPERATING_ROOM,PROCEDURAL_OR_OPERATING_ROOM,CODED,false,NONE
K242729:action,K242729,action,TREATMENT_OR_PROCEDURE_PLANNING,TREATMENT_OR_PROCEDURE_PLANNING,CODED,false,NONE
K242729:component_status,K242729,component_status,SINGLE,SINGLE,CODED,false,NONE
K242737:input,K242737,input,PHYSIOLOGICAL_SIGNAL,PHYSIOLOGICAL_SIGNAL,CODED,false,NONE
K242737:output,K242737,output,MEASUREMENT_OR_QUANTIFICATION,MEASUREMENT_OR_QUANTIFICATION,CODED,false,NONE
K242737:user,K242737,user,OTHER_CLINICIAN;OTHER,OTHER_CLINICIAN;OTHER,CODED,false,NONE
K242737:setting,K242737,setting,HOME_OR_CONSUMER;MONITORING,HOME_OR_CONSUMER;MONITORING,CODED,false,NONE
K242737:action,K242737,action,MONITORING_OR_FOLLOW_UP,MONITORING_OR_FOLLOW_UP,CODED,false,NONE
K242737:component_status,K242737,component_status,SINGLE,SINGLE,CODED,false,NONE
K242745:input,K242745,input,MEDICAL_IMAGE,MEDICAL_IMAGE,CODED,false,NONE
K242745:output,K242745,output,SEGMENTATION_OR_LOCALIZATION,SEGMENTATION_OR_LOCALIZATION,CODED,false,NONE
K242745:user,K242745,user,OTHER_CLINICIAN,OTHER_CLINICIAN,CODED,false,NONE
K242745:setting,K242745,setting,PROCEDURAL_OR_OPERATING_ROOM,PROCEDURAL_OR_OPERATING_ROOM,CODED,false,NONE
K242745:action,K242745,action,TREATMENT_OR_PROCEDURE_PLANNING,TREATMENT_OR_PROCEDURE_PLANNING,CODED,false,NONE
K242745:component_status,K242745,component_status,SINGLE,SINGLE,CODED,false,NONE
K242748:input,K242748,input,CLINICAL_TABULAR_OR_TEXT,CLINICAL_TABULAR_OR_TEXT,CODED,false,NONE
K242748:output,K242748,output,RECOMMENDATION_OR_PLANNING;OTHER,RECOMMENDATION_OR_PLANNING;OTHER,CODED,false,NONE
K242748:user,K242748,user,OTHER_PHYSICIAN;OTHER_CLINICIAN,OTHER_PHYSICIAN;OTHER_CLINICIAN,CODED,false,NONE
K242748:setting,K242748,setting,PROCEDURAL_OR_OPERATING_ROOM,PROCEDURAL_OR_OPERATING_ROOM,CODED,false,NONE
K242748:action,K242748,action,TREATMENT_OR_PROCEDURE_PLANNING;WORKFLOW_OR_DOCUMENTATION,TREATMENT_OR_PROCEDURE_PLANNING;WORKFLOW_OR_DOCUMENTATION,CODED,false,NONE
K242748:component_status,K242748,component_status,MULTIPLE,MULTIPLE,CODED,false,NONE
K242781:input,K242781,input,MEDICAL_IMAGE,MEDICAL_IMAGE,CODED,false,NONE
K242781:output,K242781,output,SEGMENTATION_OR_LOCALIZATION;MEASUREMENT_OR_QUANTIFICATION,SEGMENTATION_OR_LOCALIZATION;MEASUREMENT_OR_QUANTIFICATION,CODED,false,NONE
K242781:user,K242781,user,OTHER_CLINICIAN;OTHER_PHYSICIAN,OTHER_CLINICIAN;OTHER_PHYSICIAN,CODED,false,NONE
K242781:setting,K242781,setting,DIAGNOSTIC_INTERPRETATION,DIAGNOSTIC_INTERPRETATION,CODED,false,NONE
K242781:action,K242781,action,INTERPRETATION_OR_DIAGNOSIS,INTERPRETATION_OR_DIAGNOSIS,CODED,false,NONE
K242781:component_status,K242781,component_status,SINGLE,SINGLE,CODED,false,NONE
K242798:input,K242798,input,AUDIO_OR_VIDEO,AUDIO_OR_VIDEO,CODED,false,NONE
K242798:output,K242798,output,MEASUREMENT_OR_QUANTIFICATION;DETECTION_OR_ALERT,MEASUREMENT_OR_QUANTIFICATION;DETECTION_OR_ALERT,CODED,false,NONE
K242798:user,K242798,user,OTHER_CLINICIAN,OTHER_CLINICIAN,CODED,false,NONE
K242798:setting,K242798,setting,PROCEDURAL_OR_OPERATING_ROOM;MONITORING,PROCEDURAL_OR_OPERATING_ROOM;MONITORING,CODED,false,NONE
K242798:action,K242798,action,MONITORING_OR_FOLLOW_UP,MONITORING_OR_FOLLOW_UP,CODED,false,NONE
K242798:component_status,K242798,component_status,SINGLE,SINGLE,CODED,false,NONE
K242800:input,K242800,input,MEDICAL_IMAGE,MEDICAL_IMAGE,CODED,false,NONE
K242800:output,K242800,output,MEASUREMENT_OR_QUANTIFICATION,MEASUREMENT_OR_QUANTIFICATION,CODED,false,NONE
K242800:user,K242800,user,OTHER_CLINICIAN,OTHER_CLINICIAN,CODED,false,NONE
K242800:setting,K242800,setting,DIAGNOSTIC_INTERPRETATION,DIAGNOSTIC_INTERPRETATION,CODED,false,NONE
K242800:action,K242800,action,INTERPRETATION_OR_DIAGNOSIS,INTERPRETATION_OR_DIAGNOSIS,CODED,false,NONE
K242800:component_status,K242800,component_status,SINGLE,SINGLE,CODED,false,NONE
K242807:input,K242807,input,AUDIO_OR_VIDEO,AUDIO_OR_VIDEO,CODED,false,NONE
K242807:output,K242807,output,RECOMMENDATION_OR_PLANNING;CONTROL_OR_AUTOMATION;OTHER,RECOMMENDATION_OR_PLANNING;CONTROL_OR_AUTOMATION;OTHER,CODED,false,NONE
K242807:user,K242807,user,OTHER_CLINICIAN,OTHER_CLINICIAN,CODED,false,NONE
K242807:setting,K242807,setting,OTHER,OTHER,CODED,false,NONE
K242807:action,K242807,action,WORKFLOW_OR_DOCUMENTATION,WORKFLOW_OR_DOCUMENTATION,CODED,false,NONE
K242807:component_status,K242807,component_status,SINGLE,SINGLE,CODED,false,NONE
K242821:input,K242821,input,MEDICAL_IMAGE,MEDICAL_IMAGE,CODED,false,NONE
K242821:output,K242821,output,DETECTION_OR_ALERT,DETECTION_OR_ALERT,CODED,false,NONE
K242821:user,K242821,user,OTHER_CLINICIAN,OTHER_CLINICIAN,CODED,false,NONE
K242821:setting,K242821,setting,ACUTE_TRIAGE_OR_EMERGENCY,ACUTE_TRIAGE_OR_EMERGENCY,CODED,false,NONE
K242821:action,K242821,action,TRIAGE_OR_PRIORITIZATION,TRIAGE_OR_PRIORITIZATION,CODED,false,NONE
K242821:component_status,K242821,component_status,SINGLE,SINGLE,CODED,false,NONE
K242822:input,K242822,input,MEDICAL_IMAGE,MEDICAL_IMAGE,CODED,false,NONE
K242822:output,K242822,output,SEGMENTATION_OR_LOCALIZATION;RECOMMENDATION_OR_PLANNING,SEGMENTATION_OR_LOCALIZATION;RECOMMENDATION_OR_PLANNING,CODED,false,NONE
K242822:user,K242822,user,OTHER_PHYSICIAN;OTHER_CLINICIAN,OTHER_PHYSICIAN;OTHER_CLINICIAN,CODED,false,NONE
K242822:setting,K242822,setting,PROCEDURAL_OR_OPERATING_ROOM,PROCEDURAL_OR_OPERATING_ROOM,CODED,false,NONE
K242822:action,K242822,action,TREATMENT_OR_PROCEDURE_PLANNING,TREATMENT_OR_PROCEDURE_PLANNING,CODED,false,NONE
K242822:component_status,K242822,component_status,MULTIPLE,MULTIPLE,CODED,false,NONE
K242825:input,K242825,input,NOT_ASSESSABLE,NOT_ASSESSABLE,NOT_ASSESSABLE,true,AI_ATTRIBUTION_BARRIER
K242825:output,K242825,output,NOT_ASSESSABLE,NOT_ASSESSABLE,NOT_ASSESSABLE,true,AI_ATTRIBUTION_BARRIER
K242825:user,K242825,user,NOT_ASSESSABLE,NOT_ASSESSABLE,NOT_ASSESSABLE,true,AI_ATTRIBUTION_BARRIER
K242825:setting,K242825,setting,NOT_ASSESSABLE,NOT_ASSESSABLE,NOT_ASSESSABLE,true,AI_ATTRIBUTION_BARRIER
K242825:action,K242825,action,NOT_ASSESSABLE,NOT_ASSESSABLE,NOT_ASSESSABLE,true,AI_ATTRIBUTION_BARRIER
K242825:component_status,K242825,component_status,UNCERTAIN,UNCERTAIN,UNCERTAIN,true,AI_ATTRIBUTION_BARRIER
K242830:input,K242830,input,MEDICAL_IMAGE;AUDIO_OR_VIDEO,MEDICAL_IMAGE;AUDIO_OR_VIDEO,CODED,false,NONE
K242830:output,K242830,output,MEASUREMENT_OR_QUANTIFICATION,MEASUREMENT_OR_QUANTIFICATION,CODED,false,NONE
K242830:user,K242830,user,PATIENT_OR_CAREGIVER;OTHER_CLINICIAN,PATIENT_OR_CAREGIVER;OTHER_CLINICIAN,CODED,false,NONE
K242830:setting,K242830,setting,HOME_OR_CONSUMER;LABORATORY;DIAGNOSTIC_INTERPRETATION,HOME_OR_CONSUMER;LABORATORY;DIAGNOSTIC_INTERPRETATION,CODED,false,NONE
K242830:action,K242830,action,INTERPRETATION_OR_DIAGNOSIS;PATIENT_SELF_MANAGEMENT,INTERPRETATION_OR_DIAGNOSIS;PATIENT_SELF_MANAGEMENT,CODED,false,NONE
K242830:component_status,K242830,component_status,SINGLE,SINGLE,CODED,false,NONE
K242837:input,K242837,input,MEDICAL_IMAGE,MEDICAL_IMAGE,CODED,false,NONE
K242837:output,K242837,output,DETECTION_OR_ALERT,DETECTION_OR_ALERT,CODED,false,NONE
K242837:user,K242837,user,OTHER_CLINICIAN,OTHER_CLINICIAN,CODED,false,NONE
K242837:setting,K242837,setting,ACUTE_TRIAGE_OR_EMERGENCY,ACUTE_TRIAGE_OR_EMERGENCY,CODED,false,NONE
K242837:action,K242837,action,TRIAGE_OR_PRIORITIZATION,TRIAGE_OR_PRIORITIZATION,CODED,false,NONE
K242837:component_status,K242837,component_status,SINGLE,SINGLE,CODED,false,NONE
K242838:input,K242838,input,MEDICAL_IMAGE,MEDICAL_IMAGE,CODED,false,NONE
K242838:output,K242838,output,MEASUREMENT_OR_QUANTIFICATION;DETECTION_OR_ALERT,MEASUREMENT_OR_QUANTIFICATION;DETECTION_OR_ALERT,CODED,false,NONE
K242838:user,K242838,user,RADIOLOGIST;OTHER_PHYSICIAN;TECHNOLOGIST_OR_OPERATOR,RADIOLOGIST;OTHER_PHYSICIAN;TECHNOLOGIST_OR_OPERATOR,CODED,false,NONE
K242838:setting,K242838,setting,DIAGNOSTIC_INTERPRETATION;ACUTE_TRIAGE_OR_EMERGENCY,DIAGNOSTIC_INTERPRETATION;ACUTE_TRIAGE_OR_EMERGENCY,CODED,false,NONE
K242838:action,K242838,action,INTERPRETATION_OR_DIAGNOSIS;TRIAGE_OR_PRIORITIZATION,INTERPRETATION_OR_DIAGNOSIS;TRIAGE_OR_PRIORITIZATION,CODED,false,NONE
K242838:component_status,K242838,component_status,MULTIPLE,MULTIPLE,CODED,false,NONE
K242919:input,K242919,input,MEDICAL_IMAGE,MEDICAL_IMAGE,CODED,false,NONE
K242919:output,K242919,output,DETECTION_OR_ALERT;SEGMENTATION_OR_LOCALIZATION,DETECTION_OR_ALERT;SEGMENTATION_OR_LOCALIZATION,CODED,false,NONE
K242919:user,K242919,user,RADIOLOGIST,RADIOLOGIST,CODED,false,NONE
K242919:setting,K242919,setting,DIAGNOSTIC_INTERPRETATION,DIAGNOSTIC_INTERPRETATION,CODED,false,NONE
K242919:action,K242919,action,INTERPRETATION_OR_DIAGNOSIS,INTERPRETATION_OR_DIAGNOSIS,CODED,false,NONE
K242919:component_status,K242919,component_status,SINGLE,SINGLE,CODED,false,NONE
K242925:input,K242925,input,MEDICAL_IMAGE,MEDICAL_IMAGE,CODED,false,NONE
K242925:output,K242925,output,SEGMENTATION_OR_LOCALIZATION,SEGMENTATION_OR_LOCALIZATION,CODED,false,NONE
K242925:user,K242925,user,OTHER_CLINICIAN,OTHER_CLINICIAN,CODED,false,NONE
K242925:setting,K242925,setting,PROCEDURAL_OR_OPERATING_ROOM,PROCEDURAL_OR_OPERATING_ROOM,CODED,false,NONE
K242925:action,K242925,action,TREATMENT_OR_PROCEDURE_PLANNING,TREATMENT_OR_PROCEDURE_PLANNING,CODED,false,NONE
K242925:component_status,K242925,component_status,SINGLE,SINGLE,CODED,false,NONE
K242967:input,K242967,input,PHYSIOLOGICAL_SIGNAL,PHYSIOLOGICAL_SIGNAL,CODED,false,NONE
K242967:output,K242967,output,DETECTION_OR_ALERT;CONTROL_OR_AUTOMATION,DETECTION_OR_ALERT;CONTROL_OR_AUTOMATION,CODED,false,NONE
K242967:user,K242967,user,PATIENT_OR_CAREGIVER,PATIENT_OR_CAREGIVER,CODED,false,NONE
K242967:setting,K242967,setting,HOME_OR_CONSUMER,HOME_OR_CONSUMER,CODED,false,NONE
K242967:action,K242967,action,REFERRAL_OR_ESCALATION,REFERRAL_OR_ESCALATION,CODED,false,NONE
K242967:component_status,K242967,component_status,SINGLE,SINGLE,CODED,false,NONE
K242994:input,K242994,input,MEDICAL_IMAGE,MEDICAL_IMAGE,CODED,false,NONE
K242994:output,K242994,output,SEGMENTATION_OR_LOCALIZATION,SEGMENTATION_OR_LOCALIZATION,CODED,false,NONE
K242994:user,K242994,user,OTHER_CLINICIAN,OTHER_CLINICIAN,CODED,false,NONE
K242994:setting,K242994,setting,PROCEDURAL_OR_OPERATING_ROOM,PROCEDURAL_OR_OPERATING_ROOM,CODED,false,NONE
K242994:action,K242994,action,TREATMENT_OR_PROCEDURE_PLANNING,TREATMENT_OR_PROCEDURE_PLANNING,CODED,false,NONE
K242994:component_status,K242994,component_status,SINGLE,SINGLE,CODED,false,NONE
K243005:input,K243005,input,NOT_ASSESSABLE,NOT_ASSESSABLE,NOT_ASSESSABLE,true,AI_ATTRIBUTION_BARRIER
K243005:output,K243005,output,NOT_ASSESSABLE,NOT_ASSESSABLE,NOT_ASSESSABLE,true,AI_ATTRIBUTION_BARRIER
K243005:user,K243005,user,NOT_ASSESSABLE,NOT_ASSESSABLE,NOT_ASSESSABLE,true,AI_ATTRIBUTION_BARRIER
K243005:setting,K243005,setting,NOT_ASSESSABLE,NOT_ASSESSABLE,NOT_ASSESSABLE,true,AI_ATTRIBUTION_BARRIER
K243005:action,K243005,action,NOT_ASSESSABLE,NOT_ASSESSABLE,NOT_ASSESSABLE,true,AI_ATTRIBUTION_BARRIER
K243005:component_status,K243005,component_status,UNCERTAIN,UNCERTAIN,UNCERTAIN,true,AI_ATTRIBUTION_BARRIER
K243038:input,K243038,input,MEDICAL_IMAGE,MEDICAL_IMAGE,CODED,false,NONE
K243038:output,K243038,output,SEGMENTATION_OR_LOCALIZATION;MEASUREMENT_OR_QUANTIFICATION;DOCUMENTATION_OR_SUMMARY,SEGMENTATION_OR_LOCALIZATION;MEASUREMENT_OR_QUANTIFICATION;DOCUMENTATION_OR_SUMMARY,CODED,false,NONE
K243038:user,K243038,user,RADIOLOGIST;OTHER_PHYSICIAN;OTHER_CLINICIAN,RADIOLOGIST;OTHER_PHYSICIAN;OTHER_CLINICIAN,CODED,false,NONE
K243038:setting,K243038,setting,DIAGNOSTIC_INTERPRETATION,DIAGNOSTIC_INTERPRETATION,CODED,false,NONE
K243038:action,K243038,action,INTERPRETATION_OR_DIAGNOSIS;WORKFLOW_OR_DOCUMENTATION,INTERPRETATION_OR_DIAGNOSIS;WORKFLOW_OR_DOCUMENTATION,CODED,false,NONE
K243038:component_status,K243038,component_status,MULTIPLE,MULTIPLE,CODED,false,NONE
K243042:input,K243042,input,NOT_ASSESSABLE,NOT_ASSESSABLE,NOT_ASSESSABLE,true,AI_ATTRIBUTION_BARRIER
K243042:output,K243042,output,NOT_ASSESSABLE,NOT_ASSESSABLE,NOT_ASSESSABLE,true,AI_ATTRIBUTION_BARRIER
K243042:user,K243042,user,NOT_ASSESSABLE,NOT_ASSESSABLE,NOT_ASSESSABLE,true,AI_ATTRIBUTION_BARRIER
K243042:setting,K243042,setting,NOT_ASSESSABLE,NOT_ASSESSABLE,NOT_ASSESSABLE,true,AI_ATTRIBUTION_BARRIER
K243042:action,K243042,action,NOT_ASSESSABLE,NOT_ASSESSABLE,NOT_ASSESSABLE,true,AI_ATTRIBUTION_BARRIER
K243042:component_status,K243042,component_status,UNCERTAIN,UNCERTAIN,UNCERTAIN,true,AI_ATTRIBUTION_BARRIER
K243065:input,K243065,input,AUDIO_OR_VIDEO,AUDIO_OR_VIDEO,CODED,false,NONE
K243065:output,K243065,output,RECOMMENDATION_OR_PLANNING;CONTROL_OR_AUTOMATION;OTHER,RECOMMENDATION_OR_PLANNING;CONTROL_OR_AUTOMATION;OTHER,CODED,false,NONE
K243065:user,K243065,user,OTHER_CLINICIAN,OTHER_CLINICIAN,CODED,false,NONE
K243065:setting,K243065,setting,OTHER,OTHER,CODED,false,NONE
K243065:action,K243065,action,WORKFLOW_OR_DOCUMENTATION,WORKFLOW_OR_DOCUMENTATION,CODED,false,NONE
K243065:component_status,K243065,component_status,SINGLE,SINGLE,CODED,false,NONE
K243122:input,K243122,input,MEDICAL_IMAGE,MEDICAL_IMAGE,CODED,false,NONE
K243122:output,K243122,output,RECONSTRUCTION_OR_ENHANCEMENT;MEASUREMENT_OR_QUANTIFICATION;OTHER,RECONSTRUCTION_OR_ENHANCEMENT;MEASUREMENT_OR_QUANTIFICATION;OTHER,CODED,false,NONE
K243122:user,K243122,user,OTHER_PHYSICIAN,OTHER_PHYSICIAN,CODED,false,NONE
K243122:setting,K243122,setting,DIAGNOSTIC_INTERPRETATION;OTHER,DIAGNOSTIC_INTERPRETATION;OTHER,CODED,false,NONE
K243122:action,K243122,action,INTERPRETATION_OR_DIAGNOSIS;WORKFLOW_OR_DOCUMENTATION,INTERPRETATION_OR_DIAGNOSIS;WORKFLOW_OR_DOCUMENTATION,CODED,false,NONE
K243122:component_status,K243122,component_status,MULTIPLE,MULTIPLE,CODED,false,NONE
K243144:input,K243144,input,MEDICAL_IMAGE,MEDICAL_IMAGE,CODED,false,NONE
K243144:output,K243144,output,CLASSIFICATION_OR_DIAGNOSIS;MEASUREMENT_OR_QUANTIFICATION,CLASSIFICATION_OR_DIAGNOSIS;MEASUREMENT_OR_QUANTIFICATION,CODED,false,NONE
K243144:user,K243144,user,TECHNOLOGIST_OR_OPERATOR;LABORATORY_PROFESSIONAL,TECHNOLOGIST_OR_OPERATOR;LABORATORY_PROFESSIONAL,CODED,false,NONE
K243144:setting,K243144,setting,LABORATORY,LABORATORY,CODED,false,NONE
K243144:action,K243144,action,INTERPRETATION_OR_DIAGNOSIS,INTERPRETATION_OR_DIAGNOSIS,CODED,false,NONE
K243144:component_status,K243144,component_status,MULTIPLE,MULTIPLE,CODED,false,NONE
K243145:input,K243145,input,MEDICAL_IMAGE,MEDICAL_IMAGE,CODED,false,NONE
K243145:output,K243145,output,DETECTION_OR_ALERT,DETECTION_OR_ALERT,CODED,false,NONE
K243145:user,K243145,user,RADIOLOGIST;OTHER_PHYSICIAN,RADIOLOGIST;OTHER_PHYSICIAN,CODED,false,NONE
K243145:setting,K243145,setting,ACUTE_TRIAGE_OR_EMERGENCY,ACUTE_TRIAGE_OR_EMERGENCY,CODED,false,NONE
K243145:action,K243145,action,TRIAGE_OR_PRIORITIZATION,TRIAGE_OR_PRIORITIZATION,CODED,false,NONE
K243145:component_status,K243145,component_status,SINGLE,SINGLE,CODED,false,NONE
K243158:input,K243158,input,MEDICAL_IMAGE,MEDICAL_IMAGE,CODED,false,NONE
K243158:output,K243158,output,SEGMENTATION_OR_LOCALIZATION,SEGMENTATION_OR_LOCALIZATION,CODED,false,NONE
K243158:user,K243158,user,OTHER_CLINICIAN,OTHER_CLINICIAN,CODED,false,NONE
K243158:setting,K243158,setting,PROCEDURAL_OR_OPERATING_ROOM,PROCEDURAL_OR_OPERATING_ROOM,CODED,false,NONE
K243158:action,K243158,action,TREATMENT_OR_PROCEDURE_PLANNING,TREATMENT_OR_PROCEDURE_PLANNING,CODED,false,NONE
K243158:component_status,K243158,component_status,SINGLE,SINGLE,CODED,false,NONE
K243189:input,K243189,input,MEDICAL_IMAGE,MEDICAL_IMAGE,CODED,false,NONE
K243189:output,K243189,output,SEGMENTATION_OR_LOCALIZATION;MEASUREMENT_OR_QUANTIFICATION,SEGMENTATION_OR_LOCALIZATION;MEASUREMENT_OR_QUANTIFICATION,CODED,false,NONE
K243189:user,K243189,user,OTHER_PHYSICIAN,OTHER_PHYSICIAN,CODED,false,NONE
K243189:setting,K243189,setting,DIAGNOSTIC_INTERPRETATION,DIAGNOSTIC_INTERPRETATION,CODED,false,NONE
K243189:action,K243189,action,INTERPRETATION_OR_DIAGNOSIS,INTERPRETATION_OR_DIAGNOSIS,CODED,false,NONE
K243189:component_status,K243189,component_status,SINGLE,SINGLE,CODED,false,NONE
K243209:input,K243209,input,MEDICAL_IMAGE;CLINICAL_TABULAR_OR_TEXT,MEDICAL_IMAGE;CLINICAL_TABULAR_OR_TEXT,CODED,false,NONE
K243209:output,K243209,output,MEASUREMENT_OR_QUANTIFICATION;SEGMENTATION_OR_LOCALIZATION,MEASUREMENT_OR_QUANTIFICATION;SEGMENTATION_OR_LOCALIZATION,CODED,false,NONE
K243209:user,K243209,user,TECHNOLOGIST_OR_OPERATOR;OTHER_PHYSICIAN,TECHNOLOGIST_OR_OPERATOR;OTHER_PHYSICIAN,CODED,false,NONE
K243209:setting,K243209,setting,DIAGNOSTIC_INTERPRETATION;PROCEDURAL_OR_OPERATING_ROOM,DIAGNOSTIC_INTERPRETATION;PROCEDURAL_OR_OPERATING_ROOM,CODED,false,NONE
K243209:action,K243209,action,INTERPRETATION_OR_DIAGNOSIS;TREATMENT_OR_PROCEDURE_PLANNING,INTERPRETATION_OR_DIAGNOSIS;TREATMENT_OR_PROCEDURE_PLANNING,CODED,false,NONE
K243209:component_status,K243209,component_status,MULTIPLE,MULTIPLE,CODED,false,NONE
K243229:input,K243229,input,MEDICAL_IMAGE,MEDICAL_IMAGE,CODED,false,NONE
K243229:output,K243229,output,DETECTION_OR_ALERT;MEASUREMENT_OR_QUANTIFICATION;SEGMENTATION_OR_LOCALIZATION,DETECTION_OR_ALERT;MEASUREMENT_OR_QUANTIFICATION;SEGMENTATION_OR_LOCALIZATION,CODED,false,NONE
K243229:user,K243229,user,OTHER_PHYSICIAN,OTHER_PHYSICIAN,CODED,false,NONE
K243229:setting,K243229,setting,DIAGNOSTIC_INTERPRETATION,DIAGNOSTIC_INTERPRETATION,CODED,false,NONE
K243229:action,K243229,action,INTERPRETATION_OR_DIAGNOSIS,INTERPRETATION_OR_DIAGNOSIS,CODED,false,NONE
K243229:component_status,K243229,component_status,SINGLE,SINGLE,CODED,false,NONE
K243230:input,K243230,input,MEDICAL_IMAGE,MEDICAL_IMAGE,CODED,false,NONE
K243230:output,K243230,output,MEASUREMENT_OR_QUANTIFICATION;SEGMENTATION_OR_LOCALIZATION,MEASUREMENT_OR_QUANTIFICATION;SEGMENTATION_OR_LOCALIZATION,CODED,false,NONE
K243230:user,K243230,user,OTHER_CLINICIAN,OTHER_CLINICIAN,CODED,false,NONE
K243230:setting,K243230,setting,DIAGNOSTIC_INTERPRETATION,DIAGNOSTIC_INTERPRETATION,CODED,false,NONE
K243230:action,K243230,action,INTERPRETATION_OR_DIAGNOSIS,INTERPRETATION_OR_DIAGNOSIS,CODED,false,NONE
K243230:component_status,K243230,component_status,SINGLE,SINGLE,CODED,false,NONE
K243234:input,K243234,input,MEDICAL_IMAGE,MEDICAL_IMAGE,CODED,false,NONE
K243234:output,K243234,output,DETECTION_OR_ALERT;SEGMENTATION_OR_LOCALIZATION;MEASUREMENT_OR_QUANTIFICATION,DETECTION_OR_ALERT;SEGMENTATION_OR_LOCALIZATION;MEASUREMENT_OR_QUANTIFICATION,CODED,false,NONE
K243234:user,K243234,user,OTHER_CLINICIAN,OTHER_CLINICIAN,CODED,false,NONE
K243234:setting,K243234,setting,DIAGNOSTIC_INTERPRETATION,DIAGNOSTIC_INTERPRETATION,CODED,false,NONE
K243234:action,K243234,action,INTERPRETATION_OR_DIAGNOSIS,INTERPRETATION_OR_DIAGNOSIS,CODED,false,NONE
K243234:component_status,K243234,component_status,SINGLE,SINGLE,CODED,false,NONE
K243235:input,K243235,input,AUDIO_OR_VIDEO,AUDIO_OR_VIDEO,CODED,false,NONE
K243235:output,K243235,output,MEASUREMENT_OR_QUANTIFICATION;OTHER,MEASUREMENT_OR_QUANTIFICATION;OTHER,CODED,false,NONE
K243235:user,K243235,user,NOT_STATED,NOT_STATED,NOT_STATED,true,FIELD_NOT_STATED
K243235:setting,K243235,setting,DIAGNOSTIC_INTERPRETATION,DIAGNOSTIC_INTERPRETATION,CODED,false,NONE
K243235:action,K243235,action,INTERPRETATION_OR_DIAGNOSIS,INTERPRETATION_OR_DIAGNOSIS,CODED,false,NONE
K243235:component_status,K243235,component_status,MULTIPLE,MULTIPLE,CODED,false,NONE
K243239:input,K243239,input,AUDIO_OR_VIDEO,AUDIO_OR_VIDEO,CODED,false,NONE
K243239:output,K243239,output,DETECTION_OR_ALERT;SEGMENTATION_OR_LOCALIZATION,DETECTION_OR_ALERT;SEGMENTATION_OR_LOCALIZATION,CODED,false,NONE
K243239:user,K243239,user,OTHER_CLINICIAN,OTHER_CLINICIAN,CODED,false,NONE
K243239:setting,K243239,setting,ACUTE_TRIAGE_OR_EMERGENCY,ACUTE_TRIAGE_OR_EMERGENCY,CODED,false,NONE
K243239:action,K243239,action,INTERPRETATION_OR_DIAGNOSIS,INTERPRETATION_OR_DIAGNOSIS,CODED,false,NONE
K243239:component_status,K243239,component_status,SINGLE,SINGLE,CODED,false,NONE
K243250:input,K243250,input,MEDICAL_IMAGE,MEDICAL_IMAGE,CODED,false,NONE
K243250:output,K243250,output,RECONSTRUCTION_OR_ENHANCEMENT,RECONSTRUCTION_OR_ENHANCEMENT,CODED,false,NONE
K243250:user,K243250,user,RADIOLOGIST;TECHNOLOGIST_OR_OPERATOR,RADIOLOGIST;TECHNOLOGIST_OR_OPERATOR,CODED,false,NONE
K243250:setting,K243250,setting,OTHER,OTHER,CODED,false,NONE
K243250:action,K243250,action,NOT_STATED,NOT_STATED,NOT_STATED,true,FIELD_NOT_STATED
K243250:component_status,K243250,component_status,SINGLE,SINGLE,CODED,false,NONE
K243253:input,K243253,input,MEDICAL_IMAGE,MEDICAL_IMAGE,CODED,false,NONE
K243253:output,K243253,output,MEASUREMENT_OR_QUANTIFICATION,MEASUREMENT_OR_QUANTIFICATION,CODED,false,NONE
K243253:user,K243253,user,OTHER_CLINICIAN,OTHER_CLINICIAN,CODED,false,NONE
K243253:setting,K243253,setting,OTHER,OTHER,CODED,false,NONE
K243253:action,K243253,action,WORKFLOW_OR_DOCUMENTATION,WORKFLOW_OR_DOCUMENTATION,CODED,false,NONE
K243253:component_status,K243253,component_status,MULTIPLE,MULTIPLE,CODED,false,NONE
K243268:input,K243268,input,PHYSIOLOGICAL_SIGNAL,PHYSIOLOGICAL_SIGNAL,CODED,false,NONE
K243268:output,K243268,output,MEASUREMENT_OR_QUANTIFICATION;CLASSIFICATION_OR_DIAGNOSIS,MEASUREMENT_OR_QUANTIFICATION;CLASSIFICATION_OR_DIAGNOSIS,CODED,false,NONE
K243268:user,K243268,user,OTHER_CLINICIAN;PATIENT_OR_CAREGIVER,OTHER_CLINICIAN;PATIENT_OR_CAREGIVER,CODED,false,NONE
K243268:setting,K243268,setting,HOME_OR_CONSUMER;DIAGNOSTIC_INTERPRETATION,HOME_OR_CONSUMER;DIAGNOSTIC_INTERPRETATION,CODED,false,NONE
K243268:action,K243268,action,INTERPRETATION_OR_DIAGNOSIS,INTERPRETATION_OR_DIAGNOSIS,CODED,false,NONE
K243268:component_status,K243268,component_status,SINGLE,SINGLE,CODED,false,NONE
K243292:input,K243292,input,MEDICAL_IMAGE,MEDICAL_IMAGE,CODED,false,NONE
K243292:output,K243292,output,SEGMENTATION_OR_LOCALIZATION;MEASUREMENT_OR_QUANTIFICATION;DOCUMENTATION_OR_SUMMARY,SEGMENTATION_OR_LOCALIZATION;MEASUREMENT_OR_QUANTIFICATION;DOCUMENTATION_OR_SUMMARY,CODED,false,NONE
K243292:user,K243292,user,OTHER_PHYSICIAN,OTHER_PHYSICIAN,CODED,false,NONE
K243292:setting,K243292,setting,PROCEDURAL_OR_OPERATING_ROOM,PROCEDURAL_OR_OPERATING_ROOM,CODED,false,NONE
K243292:action,K243292,action,TREATMENT_OR_PROCEDURE_PLANNING,TREATMENT_OR_PROCEDURE_PLANNING,CODED,false,NONE
K243292:component_status,K243292,component_status,SINGLE,SINGLE,CODED,false,NONE
K243294:input,K243294,input,MEDICAL_IMAGE,MEDICAL_IMAGE,CODED,false,NONE
K243294:output,K243294,output,MEASUREMENT_OR_QUANTIFICATION;SEGMENTATION_OR_LOCALIZATION,MEASUREMENT_OR_QUANTIFICATION;SEGMENTATION_OR_LOCALIZATION,CODED,false,NONE
K243294:user,K243294,user,OTHER_PHYSICIAN;TECHNOLOGIST_OR_OPERATOR,OTHER_PHYSICIAN;TECHNOLOGIST_OR_OPERATOR,CODED,false,NONE
K243294:setting,K243294,setting,DIAGNOSTIC_INTERPRETATION,DIAGNOSTIC_INTERPRETATION,CODED,false,NONE
K243294:action,K243294,action,INTERPRETATION_OR_DIAGNOSIS;TREATMENT_OR_PROCEDURE_PLANNING,INTERPRETATION_OR_DIAGNOSIS;TREATMENT_OR_PROCEDURE_PLANNING,CODED,false,NONE
K243294:component_status,K243294,component_status,SINGLE,SINGLE,CODED,false,NONE
K243331:input,K243331,input,AUDIO_OR_VIDEO,AUDIO_OR_VIDEO,CODED,false,NONE
K243331:output,K243331,output,MEASUREMENT_OR_QUANTIFICATION,MEASUREMENT_OR_QUANTIFICATION,CODED,false,NONE
K243331:user,K243331,user,OTHER_CLINICIAN,OTHER_CLINICIAN,CODED,false,NONE
K243331:setting,K243331,setting,DIAGNOSTIC_INTERPRETATION,DIAGNOSTIC_INTERPRETATION,CODED,false,NONE
K243331:action,K243331,action,INTERPRETATION_OR_DIAGNOSIS,INTERPRETATION_OR_DIAGNOSIS,CODED,false,NONE
K243331:component_status,K243331,component_status,SINGLE,SINGLE,CODED,false,NONE
K243335:input,K243335,input,MEDICAL_IMAGE,MEDICAL_IMAGE,CODED,false,NONE
K243335:output,K243335,output,RECONSTRUCTION_OR_ENHANCEMENT,RECONSTRUCTION_OR_ENHANCEMENT,CODED,false,NONE
K243335:user,K243335,user,OTHER_PHYSICIAN,OTHER_PHYSICIAN,CODED,false,NONE
K243335:setting,K243335,setting,DIAGNOSTIC_INTERPRETATION,DIAGNOSTIC_INTERPRETATION,CODED,false,NONE
K243335:action,K243335,action,INTERPRETATION_OR_DIAGNOSIS,INTERPRETATION_OR_DIAGNOSIS,CODED,false,NONE
K243335:component_status,K243335,component_status,SINGLE,SINGLE,CODED,false,NONE
K243341:input,K243341,input,MEDICAL_IMAGE,MEDICAL_IMAGE,CODED,false,NONE
K243341:output,K243341,output,DETECTION_OR_ALERT;SEGMENTATION_OR_LOCALIZATION;OTHER;DOCUMENTATION_OR_SUMMARY,DETECTION_OR_ALERT;SEGMENTATION_OR_LOCALIZATION;OTHER;DOCUMENTATION_OR_SUMMARY,CODED,false,NONE
K243341:user,K243341,user,OTHER_PHYSICIAN;RADIOLOGIST,OTHER_PHYSICIAN;RADIOLOGIST,CODED,false,NONE
K243341:setting,K243341,setting,DIAGNOSTIC_INTERPRETATION,DIAGNOSTIC_INTERPRETATION,CODED,false,NONE
K243341:action,K243341,action,INTERPRETATION_OR_DIAGNOSIS;WORKFLOW_OR_DOCUMENTATION,INTERPRETATION_OR_DIAGNOSIS;WORKFLOW_OR_DOCUMENTATION,CODED,false,NONE
K243341:component_status,K243341,component_status,SINGLE,SINGLE,CODED,false,NONE
K243348:input,K243348,input,MEDICAL_IMAGE,MEDICAL_IMAGE,CODED,false,NONE
K243348:output,K243348,output,MEASUREMENT_OR_QUANTIFICATION,MEASUREMENT_OR_QUANTIFICATION,CODED,false,NONE
K243348:user,K243348,user,PATIENT_OR_CAREGIVER;OTHER_CLINICIAN,PATIENT_OR_CAREGIVER;OTHER_CLINICIAN,CODED,false,NONE
K243348:setting,K243348,setting,HOME_OR_CONSUMER;MONITORING;OTHER,HOME_OR_CONSUMER;MONITORING;OTHER,CODED,false,NONE
K243348:action,K243348,action,MONITORING_OR_FOLLOW_UP,MONITORING_OR_FOLLOW_UP,CODED,false,NONE
K243348:component_status,K243348,component_status,SINGLE,SINGLE,CODED,false,NONE
K243349:input,K243349,input,PHYSIOLOGICAL_SIGNAL,PHYSIOLOGICAL_SIGNAL,CODED,false,NONE
K243349:output,K243349,output,CLASSIFICATION_OR_DIAGNOSIS;DETECTION_OR_ALERT;MEASUREMENT_OR_QUANTIFICATION;DOCUMENTATION_OR_SUMMARY,CLASSIFICATION_OR_DIAGNOSIS;DETECTION_OR_ALERT;MEASUREMENT_OR_QUANTIFICATION;DOCUMENTATION_OR_SUMMARY,CODED,false,NONE
K243349:user,K243349,user,OTHER_CLINICIAN;TECHNOLOGIST_OR_OPERATOR,OTHER_CLINICIAN;TECHNOLOGIST_OR_OPERATOR,CODED,false,NONE
K243349:setting,K243349,setting,OUTPATIENT;MONITORING,OUTPATIENT;MONITORING,CODED,false,NONE
K243349:action,K243349,action,INTERPRETATION_OR_DIAGNOSIS;MONITORING_OR_FOLLOW_UP,INTERPRETATION_OR_DIAGNOSIS;MONITORING_OR_FOLLOW_UP,CODED,false,NONE
K243349:component_status,K243349,component_status,SINGLE,SINGLE,CODED,false,NONE
K243350:input,K243350,input,MEDICAL_IMAGE,MEDICAL_IMAGE,CODED,false,NONE
K243350:output,K243350,output,SEGMENTATION_OR_LOCALIZATION;RECONSTRUCTION_OR_ENHANCEMENT,SEGMENTATION_OR_LOCALIZATION;RECONSTRUCTION_OR_ENHANCEMENT,CODED,false,NONE
K243350:user,K243350,user,OTHER_PHYSICIAN,OTHER_PHYSICIAN,CODED,false,NONE
K243350:setting,K243350,setting,DIAGNOSTIC_INTERPRETATION;PROCEDURAL_OR_OPERATING_ROOM;MONITORING,DIAGNOSTIC_INTERPRETATION;PROCEDURAL_OR_OPERATING_ROOM;MONITORING,CODED,false,NONE
K243350:action,K243350,action,INTERPRETATION_OR_DIAGNOSIS;WORKFLOW_OR_DOCUMENTATION;MONITORING_OR_FOLLOW_UP;TREATMENT_OR_PROCEDURE_PLANNING,INTERPRETATION_OR_DIAGNOSIS;WORKFLOW_OR_DOCUMENTATION;MONITORING_OR_FOLLOW_UP;TREATMENT_OR_PROCEDURE_PLANNING,CODED,false,NONE
K243350:component_status,K243350,component_status,SINGLE,SINGLE,CODED,false,NONE
K243363:input,K243363,input,MEDICAL_IMAGE,MEDICAL_IMAGE,CODED,false,NONE
K243363:output,K243363,output,DETECTION_OR_ALERT,DETECTION_OR_ALERT,CODED,false,NONE
K243363:user,K243363,user,OTHER_CLINICIAN,OTHER_CLINICIAN,CODED,false,NONE
K243363:setting,K243363,setting,ACUTE_TRIAGE_OR_EMERGENCY,ACUTE_TRIAGE_OR_EMERGENCY,CODED,false,NONE
K243363:action,K243363,action,TRIAGE_OR_PRIORITIZATION,TRIAGE_OR_PRIORITIZATION,CODED,false,NONE
K243363:component_status,K243363,component_status,SINGLE,SINGLE,CODED,false,NONE
K243376:input,K243376,input,MEDICAL_IMAGE;AUDIO_OR_VIDEO,MEDICAL_IMAGE;AUDIO_OR_VIDEO,CODED,false,NONE
K243376:output,K243376,output,CONTROL_OR_AUTOMATION;OTHER,CONTROL_OR_AUTOMATION;OTHER,CODED,false,NONE
K243376:user,K243376,user,NOT_STATED,NOT_STATED,NOT_STATED,true,FIELD_NOT_STATED
K243376:setting,K243376,setting,PROCEDURAL_OR_OPERATING_ROOM,PROCEDURAL_OR_OPERATING_ROOM,CODED,false,NONE
K243376:action,K243376,action,THERAPY_DOSE_OR_DEVICE_CONTROL;WORKFLOW_OR_DOCUMENTATION,THERAPY_DOSE_OR_DEVICE_CONTROL;WORKFLOW_OR_DOCUMENTATION,CODED,false,NONE
K243376:component_status,K243376,component_status,MULTIPLE,MULTIPLE,CODED,false,NONE
K243378:input,K243378,input,MEDICAL_IMAGE,MEDICAL_IMAGE,CODED,false,NONE
K243378:output,K243378,output,MEASUREMENT_OR_QUANTIFICATION;SEGMENTATION_OR_LOCALIZATION,MEASUREMENT_OR_QUANTIFICATION;SEGMENTATION_OR_LOCALIZATION,CODED,false,NONE
K243378:user,K243378,user,OTHER_CLINICIAN,OTHER_CLINICIAN,CODED,false,NONE
K243378:setting,K243378,setting,DIAGNOSTIC_INTERPRETATION,DIAGNOSTIC_INTERPRETATION,CODED,false,NONE
K243378:action,K243378,action,INTERPRETATION_OR_DIAGNOSIS,INTERPRETATION_OR_DIAGNOSIS,CODED,false,NONE
K243378:component_status,K243378,component_status,SINGLE,SINGLE,CODED,false,NONE
K243397:input,K243397,input,MEDICAL_IMAGE,MEDICAL_IMAGE,CODED,false,NONE
K243397:output,K243397,output,RECONSTRUCTION_OR_ENHANCEMENT;MEASUREMENT_OR_QUANTIFICATION;OTHER,RECONSTRUCTION_OR_ENHANCEMENT;MEASUREMENT_OR_QUANTIFICATION;OTHER,CODED,false,NONE
K243397:user,K243397,user,OTHER_PHYSICIAN,OTHER_PHYSICIAN,CODED,false,NONE
K243397:setting,K243397,setting,DIAGNOSTIC_INTERPRETATION;OTHER,DIAGNOSTIC_INTERPRETATION;OTHER,CODED,false,NONE
K243397:action,K243397,action,INTERPRETATION_OR_DIAGNOSIS;WORKFLOW_OR_DOCUMENTATION,INTERPRETATION_OR_DIAGNOSIS;WORKFLOW_OR_DOCUMENTATION,CODED,false,NONE
K243397:component_status,K243397,component_status,MULTIPLE,MULTIPLE,CODED,false,NONE
K243446:input,K243446,input,MEDICAL_IMAGE,MEDICAL_IMAGE,CODED,false,NONE
K243446:output,K243446,output,RECONSTRUCTION_OR_ENHANCEMENT,RECONSTRUCTION_OR_ENHANCEMENT,CODED,false,NONE
K243446:user,K243446,user,OTHER_PHYSICIAN,OTHER_PHYSICIAN,CODED,false,NONE
K243446:setting,K243446,setting,DIAGNOSTIC_INTERPRETATION;PROCEDURAL_OR_OPERATING_ROOM;MONITORING,DIAGNOSTIC_INTERPRETATION;PROCEDURAL_OR_OPERATING_ROOM;MONITORING,CODED,false,NONE
K243446:action,K243446,action,INTERPRETATION_OR_DIAGNOSIS;TREATMENT_OR_PROCEDURE_PLANNING;MONITORING_OR_FOLLOW_UP,INTERPRETATION_OR_DIAGNOSIS;TREATMENT_OR_PROCEDURE_PLANNING;MONITORING_OR_FOLLOW_UP,CODED,false,NONE
K243446:component_status,K243446,component_status,SINGLE,SINGLE,CODED,false,NONE
K243449:input,K243449,input,NOT_ASSESSABLE,NOT_ASSESSABLE,NOT_ASSESSABLE,true,AI_ATTRIBUTION_BARRIER
K243449:output,K243449,output,NOT_ASSESSABLE,NOT_ASSESSABLE,NOT_ASSESSABLE,true,AI_ATTRIBUTION_BARRIER
K243449:user,K243449,user,NOT_ASSESSABLE,NOT_ASSESSABLE,NOT_ASSESSABLE,true,AI_ATTRIBUTION_BARRIER
K243449:setting,K243449,setting,NOT_ASSESSABLE,NOT_ASSESSABLE,NOT_ASSESSABLE,true,AI_ATTRIBUTION_BARRIER
K243449:action,K243449,action,NOT_ASSESSABLE,NOT_ASSESSABLE,NOT_ASSESSABLE,true,AI_ATTRIBUTION_BARRIER
K243449:component_status,K243449,component_status,UNCERTAIN,UNCERTAIN,UNCERTAIN,true,AI_ATTRIBUTION_BARRIER
K243481:input,K243481,input,MEDICAL_IMAGE,MEDICAL_IMAGE,CODED,false,NONE
K243481:output,K243481,output,SEGMENTATION_OR_LOCALIZATION,SEGMENTATION_OR_LOCALIZATION,CODED,false,NONE
K243481:user,K243481,user,OTHER_PHYSICIAN;TECHNOLOGIST_OR_OPERATOR,OTHER_PHYSICIAN;TECHNOLOGIST_OR_OPERATOR,CODED,false,NONE
K243481:setting,K243481,setting,PROCEDURAL_OR_OPERATING_ROOM,PROCEDURAL_OR_OPERATING_ROOM,CODED,false,NONE
K243481:action,K243481,action,TREATMENT_OR_PROCEDURE_PLANNING;THERAPY_DOSE_OR_DEVICE_CONTROL,TREATMENT_OR_PROCEDURE_PLANNING;THERAPY_DOSE_OR_DEVICE_CONTROL,CODED,false,NONE
K243481:component_status,K243481,component_status,SINGLE,SINGLE,CODED,false,NONE
K243523:input,K243523,input,MEDICAL_IMAGE,MEDICAL_IMAGE,CODED,false,NONE
K243523:output,K243523,output,RECOMMENDATION_OR_PLANNING,RECOMMENDATION_OR_PLANNING,CODED,false,NONE
K243523:user,K243523,user,TECHNOLOGIST_OR_OPERATOR,TECHNOLOGIST_OR_OPERATOR,CODED,false,NONE
K243523:setting,K243523,setting,OTHER,OTHER,CODED,false,NONE
K243523:action,K243523,action,WORKFLOW_OR_DOCUMENTATION,WORKFLOW_OR_DOCUMENTATION,CODED,false,NONE
K243523:component_status,K243523,component_status,SINGLE,SINGLE,CODED,false,NONE
K243538:input,K243538,input,NOT_ASSESSABLE,NOT_ASSESSABLE,NOT_ASSESSABLE,true,AI_ATTRIBUTION_BARRIER
K243538:output,K243538,output,NOT_ASSESSABLE,NOT_ASSESSABLE,NOT_ASSESSABLE,true,AI_ATTRIBUTION_BARRIER
K243538:user,K243538,user,NOT_ASSESSABLE,NOT_ASSESSABLE,NOT_ASSESSABLE,true,AI_ATTRIBUTION_BARRIER
K243538:setting,K243538,setting,NOT_ASSESSABLE,NOT_ASSESSABLE,NOT_ASSESSABLE,true,AI_ATTRIBUTION_BARRIER
K243538:action,K243538,action,NOT_ASSESSABLE,NOT_ASSESSABLE,NOT_ASSESSABLE,true,AI_ATTRIBUTION_BARRIER
K243538:component_status,K243538,component_status,UNCERTAIN,UNCERTAIN,UNCERTAIN,true,AI_ATTRIBUTION_BARRIER
K243547:input,K243547,input,MEDICAL_IMAGE,MEDICAL_IMAGE,CODED,false,NONE
K243547:output,K243547,output,RECONSTRUCTION_OR_ENHANCEMENT;RECOMMENDATION_OR_PLANNING;CONTROL_OR_AUTOMATION;MEASUREMENT_OR_QUANTIFICATION;SEGMENTATION_OR_LOCALIZATION;OTHER,RECONSTRUCTION_OR_ENHANCEMENT;RECOMMENDATION_OR_PLANNING;CONTROL_OR_AUTOMATION;MEASUREMENT_OR_QUANTIFICATION;SEGMENTATION_OR_LOCALIZATION;OTHER,CODED,false,NONE
K243547:user,K243547,user,OTHER_PHYSICIAN;TECHNOLOGIST_OR_OPERATOR,OTHER_PHYSICIAN;TECHNOLOGIST_OR_OPERATOR,CODED,false,NONE
K243547:setting,K243547,setting,DIAGNOSTIC_INTERPRETATION;OTHER,DIAGNOSTIC_INTERPRETATION;OTHER,CODED,false,NONE
K243547:action,K243547,action,INTERPRETATION_OR_DIAGNOSIS;WORKFLOW_OR_DOCUMENTATION;THERAPY_DOSE_OR_DEVICE_CONTROL,INTERPRETATION_OR_DIAGNOSIS;WORKFLOW_OR_DOCUMENTATION;THERAPY_DOSE_OR_DEVICE_CONTROL,CODED,false,NONE
K243547:component_status,K243547,component_status,MULTIPLE,MULTIPLE,CODED,false,NONE
K243548:input,K243548,input,MEDICAL_IMAGE,MEDICAL_IMAGE,CODED,false,NONE
K243548:output,K243548,output,DETECTION_OR_ALERT,DETECTION_OR_ALERT,CODED,false,NONE
K243548:user,K243548,user,OTHER_CLINICIAN,OTHER_CLINICIAN,CODED,false,NONE
K243548:setting,K243548,setting,ACUTE_TRIAGE_OR_EMERGENCY,ACUTE_TRIAGE_OR_EMERGENCY,CODED,false,NONE
K243548:action,K243548,action,TRIAGE_OR_PRIORITIZATION,TRIAGE_OR_PRIORITIZATION,CODED,false,NONE
K243548:component_status,K243548,component_status,SINGLE,SINGLE,CODED,false,NONE
K243558:input,K243558,input,CLINICAL_TABULAR_OR_TEXT,CLINICAL_TABULAR_OR_TEXT,CODED,false,NONE
K243558:output,K243558,output,CLASSIFICATION_OR_DIAGNOSIS,CLASSIFICATION_OR_DIAGNOSIS,CODED,false,NONE
K243558:user,K243558,user,OTHER_CLINICIAN,OTHER_CLINICIAN,CODED,false,NONE
K243558:setting,K243558,setting,DIAGNOSTIC_INTERPRETATION,DIAGNOSTIC_INTERPRETATION,CODED,false,NONE
K243558:action,K243558,action,INTERPRETATION_OR_DIAGNOSIS,INTERPRETATION_OR_DIAGNOSIS,CODED,false,NONE
K243558:component_status,K243558,component_status,SINGLE,SINGLE,CODED,false,NONE
K243567:input,K243567,input,AUDIO_OR_VIDEO,AUDIO_OR_VIDEO,CODED,false,NONE
K243567:output,K243567,output,DETECTION_OR_ALERT,DETECTION_OR_ALERT,CODED,false,NONE
K243567:user,K243567,user,OTHER_CLINICIAN;PATIENT_OR_CAREGIVER,OTHER_CLINICIAN;PATIENT_OR_CAREGIVER,CODED,false,NONE
K243567:setting,K243567,setting,HOME_OR_CONSUMER;DIAGNOSTIC_INTERPRETATION,HOME_OR_CONSUMER;DIAGNOSTIC_INTERPRETATION,CODED,false,NONE
K243567:action,K243567,action,INTERPRETATION_OR_DIAGNOSIS,INTERPRETATION_OR_DIAGNOSIS,CODED,false,NONE
K243567:component_status,K243567,component_status,SINGLE,SINGLE,CODED,false,NONE
K243611:input,K243611,input,MEDICAL_IMAGE,MEDICAL_IMAGE,CODED,false,NONE
K243611:output,K243611,output,DETECTION_OR_ALERT,DETECTION_OR_ALERT,CODED,false,NONE
K243611:user,K243611,user,RADIOLOGIST;OTHER_PHYSICIAN;OTHER_CLINICIAN,RADIOLOGIST;OTHER_PHYSICIAN;OTHER_CLINICIAN,CODED,false,NONE
K243611:setting,K243611,setting,ACUTE_TRIAGE_OR_EMERGENCY,ACUTE_TRIAGE_OR_EMERGENCY,CODED,false,NONE
K243611:action,K243611,action,TRIAGE_OR_PRIORITIZATION;REFERRAL_OR_ESCALATION,TRIAGE_OR_PRIORITIZATION;REFERRAL_OR_ESCALATION,CODED,false,NONE
K243611:component_status,K243611,component_status,SINGLE,SINGLE,CODED,false,NONE
K243614:input,K243614,input,MEDICAL_IMAGE,MEDICAL_IMAGE,CODED,false,NONE
K243614:output,K243614,output,DETECTION_OR_ALERT,DETECTION_OR_ALERT,CODED,false,NONE
K243614:user,K243614,user,OTHER_PHYSICIAN,OTHER_PHYSICIAN,CODED,false,NONE
K243614:setting,K243614,setting,DIAGNOSTIC_INTERPRETATION,DIAGNOSTIC_INTERPRETATION,CODED,false,NONE
K243614:action,K243614,action,INTERPRETATION_OR_DIAGNOSIS,INTERPRETATION_OR_DIAGNOSIS,CODED,false,NONE
K243614:component_status,K243614,component_status,SINGLE,SINGLE,CODED,false,NONE
K243617:input,K243617,input,MEDICAL_IMAGE,MEDICAL_IMAGE,CODED,false,NONE
K243617:output,K243617,output,RECONSTRUCTION_OR_ENHANCEMENT;RECOMMENDATION_OR_PLANNING,RECONSTRUCTION_OR_ENHANCEMENT;RECOMMENDATION_OR_PLANNING,CODED,false,NONE
K243617:user,K243617,user,NOT_STATED,NOT_STATED,NOT_STATED,true,FIELD_NOT_STATED
K243617:setting,K243617,setting,DIAGNOSTIC_INTERPRETATION;SCREENING,DIAGNOSTIC_INTERPRETATION;SCREENING,CODED,false,NONE
K243617:action,K243617,action,INTERPRETATION_OR_DIAGNOSIS;WORKFLOW_OR_DOCUMENTATION,INTERPRETATION_OR_DIAGNOSIS;WORKFLOW_OR_DOCUMENTATION,CODED,false,NONE
K243617:component_status,K243617,component_status,MULTIPLE,MULTIPLE,CODED,false,NONE
K243620:input,K243620,input,MEDICAL_IMAGE,MEDICAL_IMAGE,CODED,false,NONE
K243620:output,K243620,output,RECONSTRUCTION_OR_ENHANCEMENT,RECONSTRUCTION_OR_ENHANCEMENT,CODED,false,NONE
K243620:user,K243620,user,OTHER_CLINICIAN,OTHER_CLINICIAN,CODED,false,NONE
K243620:setting,K243620,setting,DIAGNOSTIC_INTERPRETATION;PROCEDURAL_OR_OPERATING_ROOM;OTHER,DIAGNOSTIC_INTERPRETATION;PROCEDURAL_OR_OPERATING_ROOM;OTHER,CODED,false,NONE
K243620:action,K243620,action,INTERPRETATION_OR_DIAGNOSIS,INTERPRETATION_OR_DIAGNOSIS,CODED,false,NONE
K243620:component_status,K243620,component_status,SINGLE,SINGLE,CODED,false,NONE
K243628:input,K243628,input,MEDICAL_IMAGE,MEDICAL_IMAGE,CODED,false,NONE
K243628:output,K243628,output,RECONSTRUCTION_OR_ENHANCEMENT,RECONSTRUCTION_OR_ENHANCEMENT,CODED,false,NONE
K243628:user,K243628,user,OTHER_CLINICIAN,OTHER_CLINICIAN,CODED,false,NONE
K243628:setting,K243628,setting,DIAGNOSTIC_INTERPRETATION;PROCEDURAL_OR_OPERATING_ROOM;OTHER,DIAGNOSTIC_INTERPRETATION;PROCEDURAL_OR_OPERATING_ROOM;OTHER,CODED,false,NONE
K243628:action,K243628,action,INTERPRETATION_OR_DIAGNOSIS,INTERPRETATION_OR_DIAGNOSIS,CODED,false,NONE
K243628:component_status,K243628,component_status,SINGLE,SINGLE,CODED,false,NONE
K243633:input,K243633,input,MEDICAL_IMAGE,MEDICAL_IMAGE,CODED,false,NONE
K243633:output,K243633,output,SEGMENTATION_OR_LOCALIZATION;RECONSTRUCTION_OR_ENHANCEMENT;DETECTION_OR_ALERT;MEASUREMENT_OR_QUANTIFICATION;DOCUMENTATION_OR_SUMMARY,SEGMENTATION_OR_LOCALIZATION;RECONSTRUCTION_OR_ENHANCEMENT;DETECTION_OR_ALERT;MEASUREMENT_OR_QUANTIFICATION;DOCUMENTATION_OR_SUMMARY,CODED,false,NONE
K243633:user,K243633,user,OTHER_PHYSICIAN;OTHER_CLINICIAN,OTHER_PHYSICIAN;OTHER_CLINICIAN,CODED,false,NONE
K243633:setting,K243633,setting,PROCEDURAL_OR_OPERATING_ROOM,PROCEDURAL_OR_OPERATING_ROOM,CODED,false,NONE
K243633:action,K243633,action,TREATMENT_OR_PROCEDURE_PLANNING,TREATMENT_OR_PROCEDURE_PLANNING,CODED,false,NONE
K243633:component_status,K243633,component_status,MULTIPLE,MULTIPLE,CODED,false,NONE
K243647:input,K243647,input,MEDICAL_IMAGE,MEDICAL_IMAGE,CODED,false,NONE
K243647:output,K243647,output,RECONSTRUCTION_OR_ENHANCEMENT;SEGMENTATION_OR_LOCALIZATION,RECONSTRUCTION_OR_ENHANCEMENT;SEGMENTATION_OR_LOCALIZATION,CODED,false,NONE
K243647:user,K243647,user,RADIOLOGIST;OTHER_PHYSICIAN;OTHER_CLINICIAN;TECHNOLOGIST_OR_OPERATOR,RADIOLOGIST;OTHER_PHYSICIAN;OTHER_CLINICIAN;TECHNOLOGIST_OR_OPERATOR,CODED,false,NONE
K243647:setting,K243647,setting,DIAGNOSTIC_INTERPRETATION;PROCEDURAL_OR_OPERATING_ROOM,DIAGNOSTIC_INTERPRETATION;PROCEDURAL_OR_OPERATING_ROOM,CODED,false,NONE
K243647:action,K243647,action,INTERPRETATION_OR_DIAGNOSIS;WORKFLOW_OR_DOCUMENTATION;TREATMENT_OR_PROCEDURE_PLANNING,INTERPRETATION_OR_DIAGNOSIS;WORKFLOW_OR_DOCUMENTATION;TREATMENT_OR_PROCEDURE_PLANNING,CODED,false,NONE
K243647:component_status,K243647,component_status,MULTIPLE,MULTIPLE,CODED,false,NONE
K243651:input,K243651,input,MEDICAL_IMAGE,MEDICAL_IMAGE,CODED,false,NONE
K243651:output,K243651,output,RECONSTRUCTION_OR_ENHANCEMENT;SEGMENTATION_OR_LOCALIZATION,RECONSTRUCTION_OR_ENHANCEMENT;SEGMENTATION_OR_LOCALIZATION,CODED,false,NONE
K243651:user,K243651,user,RADIOLOGIST,RADIOLOGIST,CODED,false,NONE
K243651:setting,K243651,setting,DIAGNOSTIC_INTERPRETATION,DIAGNOSTIC_INTERPRETATION,CODED,false,NONE
K243651:action,K243651,action,INTERPRETATION_OR_DIAGNOSIS,INTERPRETATION_OR_DIAGNOSIS,CODED,false,NONE
K243651:component_status,K243651,component_status,SINGLE,SINGLE,CODED,false,NONE
K243657:input,K243657,input,MEDICAL_IMAGE,MEDICAL_IMAGE,CODED,false,NONE
K243657:output,K243657,output,SEGMENTATION_OR_LOCALIZATION;MEASUREMENT_OR_QUANTIFICATION;RECOMMENDATION_OR_PLANNING,SEGMENTATION_OR_LOCALIZATION;MEASUREMENT_OR_QUANTIFICATION;RECOMMENDATION_OR_PLANNING,CODED,false,NONE
K243657:user,K243657,user,OTHER_PHYSICIAN,OTHER_PHYSICIAN,CODED,false,NONE
K243657:setting,K243657,setting,PROCEDURAL_OR_OPERATING_ROOM,PROCEDURAL_OR_OPERATING_ROOM,CODED,false,NONE
K243657:action,K243657,action,TREATMENT_OR_PROCEDURE_PLANNING;THERAPY_DOSE_OR_DEVICE_CONTROL,TREATMENT_OR_PROCEDURE_PLANNING;THERAPY_DOSE_OR_DEVICE_CONTROL,CODED,false,NONE
K243657:component_status,K243657,component_status,MULTIPLE,MULTIPLE,CODED,false,NONE
K243667:input,K243667,input,MEDICAL_IMAGE,MEDICAL_IMAGE,CODED,false,NONE
K243667:output,K243667,output,RECONSTRUCTION_OR_ENHANCEMENT,RECONSTRUCTION_OR_ENHANCEMENT,CODED,false,NONE
K243667:user,K243667,user,OTHER_CLINICIAN,OTHER_CLINICIAN,CODED,false,NONE
K243667:setting,K243667,setting,DIAGNOSTIC_INTERPRETATION;OTHER,DIAGNOSTIC_INTERPRETATION;OTHER,CODED,false,NONE
K243667:action,K243667,action,INTERPRETATION_OR_DIAGNOSIS;WORKFLOW_OR_DOCUMENTATION,INTERPRETATION_OR_DIAGNOSIS;WORKFLOW_OR_DOCUMENTATION,CODED,false,NONE
K243667:component_status,K243667,component_status,SINGLE,SINGLE,CODED,false,NONE
K243672:input,K243672,input,MEDICAL_IMAGE,MEDICAL_IMAGE,CODED,false,NONE
K243672:output,K243672,output,SEGMENTATION_OR_LOCALIZATION;MEASUREMENT_OR_QUANTIFICATION;DOCUMENTATION_OR_SUMMARY,SEGMENTATION_OR_LOCALIZATION;MEASUREMENT_OR_QUANTIFICATION;DOCUMENTATION_OR_SUMMARY,CODED,false,NONE
K243672:user,K243672,user,OTHER_CLINICIAN;OTHER_PHYSICIAN,OTHER_CLINICIAN;OTHER_PHYSICIAN,CODED,false,NONE
K243672:setting,K243672,setting,DIAGNOSTIC_INTERPRETATION;MONITORING;PROCEDURAL_OR_OPERATING_ROOM,DIAGNOSTIC_INTERPRETATION;MONITORING;PROCEDURAL_OR_OPERATING_ROOM,CODED,false,NONE
K243672:action,K243672,action,INTERPRETATION_OR_DIAGNOSIS;TREATMENT_OR_PROCEDURE_PLANNING;MONITORING_OR_FOLLOW_UP;WORKFLOW_OR_DOCUMENTATION,INTERPRETATION_OR_DIAGNOSIS;TREATMENT_OR_PROCEDURE_PLANNING;MONITORING_OR_FOLLOW_UP;WORKFLOW_OR_DOCUMENTATION,CODED,false,NONE
K243672:component_status,K243672,component_status,MULTIPLE,MULTIPLE,CODED,false,NONE
K243679:input,K243679,input,MEDICAL_IMAGE,MEDICAL_IMAGE,CODED,false,NONE
K243679:output,K243679,output,DETECTION_OR_ALERT;CLASSIFICATION_OR_DIAGNOSIS;SEGMENTATION_OR_LOCALIZATION;RISK_SCORE_OR_PREDICTION;MEASUREMENT_OR_QUANTIFICATION;DOCUMENTATION_OR_SUMMARY,DETECTION_OR_ALERT;CLASSIFICATION_OR_DIAGNOSIS;SEGMENTATION_OR_LOCALIZATION;RISK_SCORE_OR_PREDICTION;MEASUREMENT_OR_QUANTIFICATION;DOCUMENTATION_OR_SUMMARY,CODED,false,NONE
K243679:user,K243679,user,RADIOLOGIST;OTHER_PHYSICIAN,RADIOLOGIST;OTHER_PHYSICIAN,CODED,false,NONE
K243679:setting,K243679,setting,SCREENING;DIAGNOSTIC_INTERPRETATION,SCREENING;DIAGNOSTIC_INTERPRETATION,CODED,false,NONE
K243679:action,K243679,action,INTERPRETATION_OR_DIAGNOSIS;WORKFLOW_OR_DOCUMENTATION,INTERPRETATION_OR_DIAGNOSIS;WORKFLOW_OR_DOCUMENTATION,CODED,false,NONE
K243679:component_status,K243679,component_status,SINGLE,SINGLE,CODED,false,NONE
K243681:input,K243681,input,MEDICAL_IMAGE,MEDICAL_IMAGE,CODED,false,NONE
K243681:output,K243681,output,MEASUREMENT_OR_QUANTIFICATION;RECONSTRUCTION_OR_ENHANCEMENT,MEASUREMENT_OR_QUANTIFICATION;RECONSTRUCTION_OR_ENHANCEMENT,CODED,false,NONE
K243681:user,K243681,user,OTHER_CLINICIAN,OTHER_CLINICIAN,CODED,false,NONE
K243681:setting,K243681,setting,DIAGNOSTIC_INTERPRETATION;OTHER,DIAGNOSTIC_INTERPRETATION;OTHER,CODED,false,NONE
K243681:action,K243681,action,INTERPRETATION_OR_DIAGNOSIS,INTERPRETATION_OR_DIAGNOSIS,CODED,false,NONE
K243681:component_status,K243681,component_status,MULTIPLE,MULTIPLE,CODED,false,NONE
K243684:input,K243684,input,MEDICAL_IMAGE;AUDIO_OR_VIDEO,MEDICAL_IMAGE;AUDIO_OR_VIDEO,CODED,false,NONE
K243684:output,K243684,output,CLASSIFICATION_OR_DIAGNOSIS;DOCUMENTATION_OR_SUMMARY;OTHER,CLASSIFICATION_OR_DIAGNOSIS;DOCUMENTATION_OR_SUMMARY;OTHER,CODED,false,NONE
K243684:user,K243684,user,OTHER_PHYSICIAN;TECHNOLOGIST_OR_OPERATOR;OTHER_CLINICIAN,OTHER_PHYSICIAN;TECHNOLOGIST_OR_OPERATOR;OTHER_CLINICIAN,CODED,false,NONE
K243684:setting,K243684,setting,DIAGNOSTIC_INTERPRETATION;OTHER,DIAGNOSTIC_INTERPRETATION;OTHER,CODED,false,NONE
K243684:action,K243684,action,WORKFLOW_OR_DOCUMENTATION;INTERPRETATION_OR_DIAGNOSIS,WORKFLOW_OR_DOCUMENTATION;INTERPRETATION_OR_DIAGNOSIS,CODED,false,NONE
K243684:component_status,K243684,component_status,SINGLE,SINGLE,CODED,false,NONE
K243685:input,K243685,input,MEDICAL_IMAGE,MEDICAL_IMAGE,CODED,false,NONE
K243685:output,K243685,output,CLASSIFICATION_OR_DIAGNOSIS;DOCUMENTATION_OR_SUMMARY,CLASSIFICATION_OR_DIAGNOSIS;DOCUMENTATION_OR_SUMMARY,CODED,false,NONE
K243685:user,K243685,user,RADIOLOGIST;OTHER_PHYSICIAN,RADIOLOGIST;OTHER_PHYSICIAN,CODED,false,NONE
K243685:setting,K243685,setting,SCREENING;DIAGNOSTIC_INTERPRETATION,SCREENING;DIAGNOSTIC_INTERPRETATION,CODED,false,NONE
K243685:action,K243685,action,INTERPRETATION_OR_DIAGNOSIS,INTERPRETATION_OR_DIAGNOSIS,CODED,false,NONE
K243685:component_status,K243685,component_status,SINGLE,SINGLE,CODED,false,NONE
K243687:input,K243687,input,AUDIO_OR_VIDEO,AUDIO_OR_VIDEO,CODED,false,NONE
K243687:output,K243687,output,MEASUREMENT_OR_QUANTIFICATION;DOCUMENTATION_OR_SUMMARY,MEASUREMENT_OR_QUANTIFICATION;DOCUMENTATION_OR_SUMMARY,CODED,false,NONE
K243687:user,K243687,user,OTHER_CLINICIAN,OTHER_CLINICIAN,CODED,false,NONE
K243687:setting,K243687,setting,MONITORING;OTHER,MONITORING;OTHER,CODED,false,NONE
K243687:action,K243687,action,MONITORING_OR_FOLLOW_UP;WORKFLOW_OR_DOCUMENTATION,MONITORING_OR_FOLLOW_UP;WORKFLOW_OR_DOCUMENTATION,CODED,false,NONE
K243687:component_status,K243687,component_status,SINGLE,SINGLE,CODED,false,NONE
K243688:input,K243688,input,MEDICAL_IMAGE,MEDICAL_IMAGE,CODED,false,NONE
K243688:output,K243688,output,DETECTION_OR_ALERT;SEGMENTATION_OR_LOCALIZATION;RISK_SCORE_OR_PREDICTION;DOCUMENTATION_OR_SUMMARY,DETECTION_OR_ALERT;SEGMENTATION_OR_LOCALIZATION;RISK_SCORE_OR_PREDICTION;DOCUMENTATION_OR_SUMMARY,CODED,false,NONE
K243688:user,K243688,user,RADIOLOGIST;OTHER_PHYSICIAN,RADIOLOGIST;OTHER_PHYSICIAN,CODED,false,NONE
K243688:setting,K243688,setting,SCREENING;DIAGNOSTIC_INTERPRETATION,SCREENING;DIAGNOSTIC_INTERPRETATION,CODED,false,NONE
K243688:action,K243688,action,INTERPRETATION_OR_DIAGNOSIS,INTERPRETATION_OR_DIAGNOSIS,CODED,false,NONE
K243688:component_status,K243688,component_status,SINGLE,SINGLE,CODED,false,NONE
K243689:input,K243689,input,MEDICAL_IMAGE;CLINICAL_TABULAR_OR_TEXT,MEDICAL_IMAGE;CLINICAL_TABULAR_OR_TEXT,CODED,false,NONE
K243689:output,K243689,output,SEGMENTATION_OR_LOCALIZATION;MEASUREMENT_OR_QUANTIFICATION;CLASSIFICATION_OR_DIAGNOSIS;RISK_SCORE_OR_PREDICTION;RECONSTRUCTION_OR_ENHANCEMENT;DOCUMENTATION_OR_SUMMARY;DETECTION_OR_ALERT,SEGMENTATION_OR_LOCALIZATION;MEASUREMENT_OR_QUANTIFICATION;CLASSIFICATION_OR_DIAGNOSIS;RISK_SCORE_OR_PREDICTION;RECONSTRUCTION_OR_ENHANCEMENT;DOCUMENTATION_OR_SUMMARY;DETECTION_OR_ALERT,CODED,false,NONE
K243689:user,K243689,user,OTHER_PHYSICIAN,OTHER_PHYSICIAN,CODED,false,NONE
K243689:setting,K243689,setting,SCREENING;DIAGNOSTIC_INTERPRETATION;MONITORING,SCREENING;DIAGNOSTIC_INTERPRETATION;MONITORING,CODED,false,NONE
K243689:action,K243689,action,INTERPRETATION_OR_DIAGNOSIS;MONITORING_OR_FOLLOW_UP;WORKFLOW_OR_DOCUMENTATION,INTERPRETATION_OR_DIAGNOSIS;MONITORING_OR_FOLLOW_UP;WORKFLOW_OR_DOCUMENTATION,CODED,false,NONE
K243689:component_status,K243689,component_status,MULTIPLE,MULTIPLE,CODED,false,NONE
K243696:input,K243696,input,MEDICAL_IMAGE;CLINICAL_TABULAR_OR_TEXT,MEDICAL_IMAGE;CLINICAL_TABULAR_OR_TEXT,CODED,false,NONE
K243696:output,K243696,output,MEASUREMENT_OR_QUANTIFICATION;SEGMENTATION_OR_LOCALIZATION;RISK_SCORE_OR_PREDICTION,MEASUREMENT_OR_QUANTIFICATION;SEGMENTATION_OR_LOCALIZATION;RISK_SCORE_OR_PREDICTION,CODED,false,NONE
K243696:user,K243696,user,RADIOLOGIST;OTHER_PHYSICIAN;OTHER_CLINICIAN,RADIOLOGIST;OTHER_PHYSICIAN;OTHER_CLINICIAN,CODED,false,NONE
K243696:setting,K243696,setting,DIAGNOSTIC_INTERPRETATION,DIAGNOSTIC_INTERPRETATION,CODED,false,NONE
K243696:action,K243696,action,INTERPRETATION_OR_DIAGNOSIS,INTERPRETATION_OR_DIAGNOSIS,CODED,false,NONE
K243696:component_status,K243696,component_status,SINGLE,SINGLE,CODED,false,NONE
K243702:input,K243702,input,MEDICAL_IMAGE,MEDICAL_IMAGE,CODED,false,NONE
K243702:output,K243702,output,MEASUREMENT_OR_QUANTIFICATION,MEASUREMENT_OR_QUANTIFICATION,CODED,false,NONE
K243702:user,K243702,user,OTHER_CLINICIAN,OTHER_CLINICIAN,CODED,false,NONE
K243702:setting,K243702,setting,DIAGNOSTIC_INTERPRETATION;OTHER,DIAGNOSTIC_INTERPRETATION;OTHER,CODED,false,NONE
K243702:action,K243702,action,INTERPRETATION_OR_DIAGNOSIS,INTERPRETATION_OR_DIAGNOSIS,CODED,false,NONE
K243702:component_status,K243702,component_status,SINGLE,SINGLE,CODED,false,NONE
K243705:input,K243705,input,MEDICAL_IMAGE,MEDICAL_IMAGE,CODED,false,NONE
K243705:output,K243705,output,CLASSIFICATION_OR_DIAGNOSIS;DOCUMENTATION_OR_SUMMARY,CLASSIFICATION_OR_DIAGNOSIS;DOCUMENTATION_OR_SUMMARY,CODED,false,NONE
K243705:user,K243705,user,RADIOLOGIST;OTHER_PHYSICIAN,RADIOLOGIST;OTHER_PHYSICIAN,CODED,false,NONE
K243705:setting,K243705,setting,SCREENING;DIAGNOSTIC_INTERPRETATION,SCREENING;DIAGNOSTIC_INTERPRETATION,CODED,false,NONE
K243705:action,K243705,action,INTERPRETATION_OR_DIAGNOSIS,INTERPRETATION_OR_DIAGNOSIS,CODED,false,NONE
K243705:component_status,K243705,component_status,SINGLE,SINGLE,CODED,false,NONE
K243743:input,K243743,input,PHYSIOLOGICAL_SIGNAL;CLINICAL_TABULAR_OR_TEXT,PHYSIOLOGICAL_SIGNAL;CLINICAL_TABULAR_OR_TEXT,CODED,false,NONE
K243743:output,K243743,output,DETECTION_OR_ALERT;CLASSIFICATION_OR_DIAGNOSIS;SEGMENTATION_OR_LOCALIZATION;OTHER;DOCUMENTATION_OR_SUMMARY,DETECTION_OR_ALERT;CLASSIFICATION_OR_DIAGNOSIS;SEGMENTATION_OR_LOCALIZATION;OTHER;DOCUMENTATION_OR_SUMMARY,CODED,false,NONE
K243743:user,K243743,user,OTHER_PHYSICIAN;OTHER_CLINICIAN,OTHER_PHYSICIAN;OTHER_CLINICIAN,CODED,false,NONE
K243743:setting,K243743,setting,DIAGNOSTIC_INTERPRETATION;MONITORING;INPATIENT;OUTPATIENT,DIAGNOSTIC_INTERPRETATION;MONITORING;INPATIENT;OUTPATIENT,CODED,false,NONE
K243743:action,K243743,action,INTERPRETATION_OR_DIAGNOSIS;WORKFLOW_OR_DOCUMENTATION,INTERPRETATION_OR_DIAGNOSIS;WORKFLOW_OR_DOCUMENTATION,CODED,false,NONE
K243743:component_status,K243743,component_status,SINGLE,SINGLE,CODED,false,NONE
K243762:input,K243762,input,MEDICAL_IMAGE,MEDICAL_IMAGE,CODED,false,NONE
K243762:output,K243762,output,SEGMENTATION_OR_LOCALIZATION,SEGMENTATION_OR_LOCALIZATION,CODED,false,NONE
K243762:user,K243762,user,OTHER_CLINICIAN,OTHER_CLINICIAN,CODED,false,NONE
K243762:setting,K243762,setting,DIAGNOSTIC_INTERPRETATION;PROCEDURAL_OR_OPERATING_ROOM,DIAGNOSTIC_INTERPRETATION;PROCEDURAL_OR_OPERATING_ROOM,CODED,false,NONE
K243762:action,K243762,action,INTERPRETATION_OR_DIAGNOSIS;WORKFLOW_OR_DOCUMENTATION;TREATMENT_OR_PROCEDURE_PLANNING,INTERPRETATION_OR_DIAGNOSIS;WORKFLOW_OR_DOCUMENTATION;TREATMENT_OR_PROCEDURE_PLANNING,CODED,false,NONE
K243762:component_status,K243762,component_status,SINGLE,SINGLE,CODED,false,NONE
K243769:input,K243769,input,MEDICAL_IMAGE;AUDIO_OR_VIDEO;PHYSIOLOGICAL_SIGNAL,MEDICAL_IMAGE;AUDIO_OR_VIDEO;PHYSIOLOGICAL_SIGNAL,CODED,false,NONE
K243769:output,K243769,output,SEGMENTATION_OR_LOCALIZATION;RECONSTRUCTION_OR_ENHANCEMENT;MEASUREMENT_OR_QUANTIFICATION;DOCUMENTATION_OR_SUMMARY,SEGMENTATION_OR_LOCALIZATION;RECONSTRUCTION_OR_ENHANCEMENT;MEASUREMENT_OR_QUANTIFICATION;DOCUMENTATION_OR_SUMMARY,CODED,false,NONE
K243769:user,K243769,user,OTHER_PHYSICIAN;OTHER_CLINICIAN;OTHER,OTHER_PHYSICIAN;OTHER_CLINICIAN;OTHER,CODED,false,NONE
K243769:setting,K243769,setting,PROCEDURAL_OR_OPERATING_ROOM;DIAGNOSTIC_INTERPRETATION,PROCEDURAL_OR_OPERATING_ROOM;DIAGNOSTIC_INTERPRETATION,CODED,false,NONE
K243769:action,K243769,action,INTERPRETATION_OR_DIAGNOSIS,INTERPRETATION_OR_DIAGNOSIS,CODED,false,NONE
K243769:component_status,K243769,component_status,SINGLE,SINGLE,CODED,false,NONE
K243779:input,K243779,input,MEDICAL_IMAGE,MEDICAL_IMAGE,CODED,false,NONE
K243779:output,K243779,output,MEASUREMENT_OR_QUANTIFICATION;SEGMENTATION_OR_LOCALIZATION,MEASUREMENT_OR_QUANTIFICATION;SEGMENTATION_OR_LOCALIZATION,CODED,false,NONE
K243779:user,K243779,user,OTHER_PHYSICIAN;OTHER_CLINICIAN,OTHER_PHYSICIAN;OTHER_CLINICIAN,CODED,false,NONE
K243779:setting,K243779,setting,DIAGNOSTIC_INTERPRETATION,DIAGNOSTIC_INTERPRETATION,CODED,false,NONE
K243779:action,K243779,action,INTERPRETATION_OR_DIAGNOSIS,INTERPRETATION_OR_DIAGNOSIS,CODED,false,NONE
K243779:component_status,K243779,component_status,SINGLE,SINGLE,CODED,false,NONE
K243793:input,K243793,input,AUDIO_OR_VIDEO,AUDIO_OR_VIDEO,CODED,false,NONE
K243793:output,K243793,output,MEASUREMENT_OR_QUANTIFICATION;OTHER,MEASUREMENT_OR_QUANTIFICATION;OTHER,CODED,false,NONE
K243793:user,K243793,user,OTHER_PHYSICIAN;TECHNOLOGIST_OR_OPERATOR;OTHER_CLINICIAN,OTHER_PHYSICIAN;TECHNOLOGIST_OR_OPERATOR;OTHER_CLINICIAN,CODED,false,NONE
K243793:setting,K243793,setting,DIAGNOSTIC_INTERPRETATION;OTHER,DIAGNOSTIC_INTERPRETATION;OTHER,CODED,false,NONE
K243793:action,K243793,action,INTERPRETATION_OR_DIAGNOSIS;WORKFLOW_OR_DOCUMENTATION,INTERPRETATION_OR_DIAGNOSIS;WORKFLOW_OR_DOCUMENTATION,CODED,false,NONE
K243793:component_status,K243793,component_status,SINGLE,SINGLE,CODED,false,NONE
K243794:input,K243794,input,AUDIO_OR_VIDEO;PHYSIOLOGICAL_SIGNAL,AUDIO_OR_VIDEO;PHYSIOLOGICAL_SIGNAL,CODED,false,NONE
K243794:output,K243794,output,MEASUREMENT_OR_QUANTIFICATION;SEGMENTATION_OR_LOCALIZATION,MEASUREMENT_OR_QUANTIFICATION;SEGMENTATION_OR_LOCALIZATION,CODED,false,NONE
K243794:user,K243794,user,OTHER_PHYSICIAN;TECHNOLOGIST_OR_OPERATOR;OTHER_CLINICIAN,OTHER_PHYSICIAN;TECHNOLOGIST_OR_OPERATOR;OTHER_CLINICIAN,CODED,false,NONE
K243794:setting,K243794,setting,DIAGNOSTIC_INTERPRETATION;OTHER,DIAGNOSTIC_INTERPRETATION;OTHER,CODED,false,NONE
K243794:action,K243794,action,INTERPRETATION_OR_DIAGNOSIS;WORKFLOW_OR_DOCUMENTATION,INTERPRETATION_OR_DIAGNOSIS;WORKFLOW_OR_DOCUMENTATION,CODED,false,NONE
K243794:component_status,K243794,component_status,SINGLE,SINGLE,CODED,false,NONE
K243808:input,K243808,input,MEDICAL_IMAGE,MEDICAL_IMAGE,CODED,false,NONE
K243808:output,K243808,output,DETECTION_OR_ALERT,DETECTION_OR_ALERT,CODED,false,NONE
K243808:user,K243808,user,OTHER_CLINICIAN,OTHER_CLINICIAN,CODED,false,NONE
K243808:setting,K243808,setting,ACUTE_TRIAGE_OR_EMERGENCY,ACUTE_TRIAGE_OR_EMERGENCY,CODED,false,NONE
K243808:action,K243808,action,TRIAGE_OR_PRIORITIZATION,TRIAGE_OR_PRIORITIZATION,CODED,false,NONE
K243808:component_status,K243808,component_status,SINGLE,SINGLE,CODED,false,NONE
K243810:input,K243810,input,MEDICAL_IMAGE,MEDICAL_IMAGE,CODED,false,NONE
K243810:output,K243810,output,SEGMENTATION_OR_LOCALIZATION,SEGMENTATION_OR_LOCALIZATION,CODED,false,NONE
K243810:user,K243810,user,OTHER_PHYSICIAN;OTHER_CLINICIAN,OTHER_PHYSICIAN;OTHER_CLINICIAN,CODED,false,NONE
K243810:setting,K243810,setting,MONITORING;PROCEDURAL_OR_OPERATING_ROOM,MONITORING;PROCEDURAL_OR_OPERATING_ROOM,CODED,false,NONE
K243810:action,K243810,action,MONITORING_OR_FOLLOW_UP,MONITORING_OR_FOLLOW_UP,CODED,false,NONE
K243810:component_status,K243810,component_status,SINGLE,SINGLE,CODED,false,NONE
K243812:input,K243812,input,PHYSIOLOGICAL_SIGNAL,PHYSIOLOGICAL_SIGNAL,CODED,false,NONE
K243812:output,K243812,output,DETECTION_OR_ALERT;SEGMENTATION_OR_LOCALIZATION;MEASUREMENT_OR_QUANTIFICATION,DETECTION_OR_ALERT;SEGMENTATION_OR_LOCALIZATION;MEASUREMENT_OR_QUANTIFICATION,CODED,false,NONE
K243812:user,K243812,user,OTHER_PHYSICIAN,OTHER_PHYSICIAN,CODED,false,NONE
K243812:setting,K243812,setting,PROCEDURAL_OR_OPERATING_ROOM,PROCEDURAL_OR_OPERATING_ROOM,CODED,false,NONE
K243812:action,K243812,action,WORKFLOW_OR_DOCUMENTATION,WORKFLOW_OR_DOCUMENTATION,CODED,false,NONE
K243812:component_status,K243812,component_status,SINGLE,SINGLE,CODED,false,NONE
K243831:input,K243831,input,MEDICAL_IMAGE,MEDICAL_IMAGE,CODED,false,NONE
K243831:output,K243831,output,DETECTION_OR_ALERT;SEGMENTATION_OR_LOCALIZATION,DETECTION_OR_ALERT;SEGMENTATION_OR_LOCALIZATION,CODED,false,NONE
K243831:user,K243831,user,RADIOLOGIST,RADIOLOGIST,CODED,false,NONE
K243831:setting,K243831,setting,DIAGNOSTIC_INTERPRETATION,DIAGNOSTIC_INTERPRETATION,CODED,false,NONE
K243831:action,K243831,action,INTERPRETATION_OR_DIAGNOSIS,INTERPRETATION_OR_DIAGNOSIS,CODED,false,NONE
K243831:component_status,K243831,component_status,SINGLE,SINGLE,CODED,false,NONE
K243851:input,K243851,input,AUDIO_OR_VIDEO,AUDIO_OR_VIDEO,CODED,false,NONE
K243851:output,K243851,output,RISK_SCORE_OR_PREDICTION,RISK_SCORE_OR_PREDICTION,CODED,false,NONE
K243851:user,K243851,user,LABORATORY_PROFESSIONAL;OTHER_CLINICIAN,LABORATORY_PROFESSIONAL;OTHER_CLINICIAN,CODED,false,NONE
K243851:setting,K243851,setting,LABORATORY;PROCEDURAL_OR_OPERATING_ROOM,LABORATORY;PROCEDURAL_OR_OPERATING_ROOM,CODED,false,NONE
K243851:action,K243851,action,TREATMENT_OR_PROCEDURE_PLANNING,TREATMENT_OR_PROCEDURE_PLANNING,CODED,false,NONE
K243851:component_status,K243851,component_status,SINGLE,SINGLE,CODED,false,NONE
K243853:input,K243853,input,MEDICAL_IMAGE,MEDICAL_IMAGE,CODED,false,NONE
K243853:output,K243853,output,SEGMENTATION_OR_LOCALIZATION;MEASUREMENT_OR_QUANTIFICATION,SEGMENTATION_OR_LOCALIZATION;MEASUREMENT_OR_QUANTIFICATION,CODED,false,NONE
K243853:user,K243853,user,OTHER_CLINICIAN,OTHER_CLINICIAN,CODED,false,NONE
K243853:setting,K243853,setting,DIAGNOSTIC_INTERPRETATION,DIAGNOSTIC_INTERPRETATION,CODED,false,NONE
K243853:action,K243853,action,INTERPRETATION_OR_DIAGNOSIS,INTERPRETATION_OR_DIAGNOSIS,CODED,false,NONE
K243853:component_status,K243853,component_status,SINGLE,SINGLE,CODED,false,NONE
K243859:input,K243859,input,MEDICAL_IMAGE,MEDICAL_IMAGE,CODED,false,NONE
K243859:output,K243859,output,SEGMENTATION_OR_LOCALIZATION;MEASUREMENT_OR_QUANTIFICATION;RECONSTRUCTION_OR_ENHANCEMENT;DOCUMENTATION_OR_SUMMARY,SEGMENTATION_OR_LOCALIZATION;MEASUREMENT_OR_QUANTIFICATION;RECONSTRUCTION_OR_ENHANCEMENT;DOCUMENTATION_OR_SUMMARY,CODED,false,NONE
K243859:user,K243859,user,OTHER_PHYSICIAN;OTHER_CLINICIAN,OTHER_PHYSICIAN;OTHER_CLINICIAN,CODED,false,NONE
K243859:setting,K243859,setting,DIAGNOSTIC_INTERPRETATION;MONITORING;OTHER,DIAGNOSTIC_INTERPRETATION;MONITORING;OTHER,CODED,false,NONE
K243859:action,K243859,action,INTERPRETATION_OR_DIAGNOSIS;MONITORING_OR_FOLLOW_UP,INTERPRETATION_OR_DIAGNOSIS;MONITORING_OR_FOLLOW_UP,CODED,false,NONE
K243859:component_status,K243859,component_status,SINGLE,SINGLE,CODED,false,NONE
K243862:input,K243862,input,AUDIO_OR_VIDEO,AUDIO_OR_VIDEO,CODED,false,NONE
K243862:output,K243862,output,MEASUREMENT_OR_QUANTIFICATION;OTHER,MEASUREMENT_OR_QUANTIFICATION;OTHER,CODED,false,NONE
K243862:user,K243862,user,NOT_STATED,NOT_STATED,NOT_STATED,true,FIELD_NOT_STATED
K243862:setting,K243862,setting,DIAGNOSTIC_INTERPRETATION;OTHER,DIAGNOSTIC_INTERPRETATION;OTHER,CODED,false,NONE
K243862:action,K243862,action,INTERPRETATION_OR_DIAGNOSIS;WORKFLOW_OR_DOCUMENTATION,INTERPRETATION_OR_DIAGNOSIS;WORKFLOW_OR_DOCUMENTATION,CODED,false,NONE
K243862:component_status,K243862,component_status,MULTIPLE,MULTIPLE,CODED,false,NONE
K243863:input,K243863,input,MEDICAL_IMAGE,MEDICAL_IMAGE,CODED,false,NONE
K243863:output,K243863,output,SEGMENTATION_OR_LOCALIZATION;MEASUREMENT_OR_QUANTIFICATION;DOCUMENTATION_OR_SUMMARY,SEGMENTATION_OR_LOCALIZATION;MEASUREMENT_OR_QUANTIFICATION;DOCUMENTATION_OR_SUMMARY,CODED,false,NONE
K243863:user,K243863,user,RADIOLOGIST;OTHER_PHYSICIAN,RADIOLOGIST;OTHER_PHYSICIAN,CODED,false,NONE
K243863:setting,K243863,setting,DIAGNOSTIC_INTERPRETATION,DIAGNOSTIC_INTERPRETATION,CODED,false,NONE
K243863:action,K243863,action,INTERPRETATION_OR_DIAGNOSIS;WORKFLOW_OR_DOCUMENTATION,INTERPRETATION_OR_DIAGNOSIS;WORKFLOW_OR_DOCUMENTATION,CODED,false,NONE
K243863:component_status,K243863,component_status,SINGLE,SINGLE,CODED,false,NONE
K243866:input,K243866,input,MEDICAL_IMAGE;AUDIO_OR_VIDEO,MEDICAL_IMAGE;AUDIO_OR_VIDEO,CODED,false,NONE
K243866:output,K243866,output,DETECTION_OR_ALERT;DOCUMENTATION_OR_SUMMARY,DETECTION_OR_ALERT;DOCUMENTATION_OR_SUMMARY,CODED,false,NONE
K243866:user,K243866,user,OTHER_PHYSICIAN;OTHER_CLINICIAN,OTHER_PHYSICIAN;OTHER_CLINICIAN,CODED,false,NONE
K243866:setting,K243866,setting,SCREENING;DIAGNOSTIC_INTERPRETATION,SCREENING;DIAGNOSTIC_INTERPRETATION,CODED,false,NONE
K243866:action,K243866,action,REFERRAL_OR_ESCALATION;INTERPRETATION_OR_DIAGNOSIS,REFERRAL_OR_ESCALATION;INTERPRETATION_OR_DIAGNOSIS,CODED,false,NONE
K243866:component_status,K243866,component_status,SINGLE,SINGLE,CODED,false,NONE
K243878:input,K243878,input,MEDICAL_IMAGE,MEDICAL_IMAGE,CODED,false,NONE
K243878:output,K243878,output,SEGMENTATION_OR_LOCALIZATION;RECONSTRUCTION_OR_ENHANCEMENT,SEGMENTATION_OR_LOCALIZATION;RECONSTRUCTION_OR_ENHANCEMENT,CODED,false,NONE
K243878:user,K243878,user,OTHER_CLINICIAN;TECHNOLOGIST_OR_OPERATOR,OTHER_CLINICIAN;TECHNOLOGIST_OR_OPERATOR,CODED,false,NONE
K243878:setting,K243878,setting,DIAGNOSTIC_INTERPRETATION,DIAGNOSTIC_INTERPRETATION,CODED,false,NONE
K243878:action,K243878,action,WORKFLOW_OR_DOCUMENTATION;INTERPRETATION_OR_DIAGNOSIS,WORKFLOW_OR_DOCUMENTATION;INTERPRETATION_OR_DIAGNOSIS,CODED,false,NONE
K243878:component_status,K243878,component_status,SINGLE,SINGLE,CODED,false,NONE
K243884:input,K243884,input,AUDIO_OR_VIDEO,AUDIO_OR_VIDEO,CODED,false,NONE
K243884:output,K243884,output,SEGMENTATION_OR_LOCALIZATION,SEGMENTATION_OR_LOCALIZATION,CODED,false,NONE
K243884:user,K243884,user,OTHER_PHYSICIAN,OTHER_PHYSICIAN,CODED,false,NONE
K243884:setting,K243884,setting,PROCEDURAL_OR_OPERATING_ROOM,PROCEDURAL_OR_OPERATING_ROOM,CODED,false,NONE
K243884:action,K243884,action,THERAPY_DOSE_OR_DEVICE_CONTROL,THERAPY_DOSE_OR_DEVICE_CONTROL,CODED,false,NONE
K243884:component_status,K243884,component_status,SINGLE,SINGLE,CODED,false,NONE
K243891:input,K243891,input,PHYSIOLOGICAL_SIGNAL,PHYSIOLOGICAL_SIGNAL,CODED,false,NONE
K243891:output,K243891,output,CLASSIFICATION_OR_DIAGNOSIS;MEASUREMENT_OR_QUANTIFICATION,CLASSIFICATION_OR_DIAGNOSIS;MEASUREMENT_OR_QUANTIFICATION,CODED,false,NONE
K243891:user,K243891,user,OTHER_CLINICIAN;TECHNOLOGIST_OR_OPERATOR,OTHER_CLINICIAN;TECHNOLOGIST_OR_OPERATOR,CODED,false,NONE
K243891:setting,K243891,setting,DIAGNOSTIC_INTERPRETATION,DIAGNOSTIC_INTERPRETATION,CODED,false,NONE
K243891:action,K243891,action,INTERPRETATION_OR_DIAGNOSIS,INTERPRETATION_OR_DIAGNOSIS,CODED,false,NONE
K243891:component_status,K243891,component_status,SINGLE,SINGLE,CODED,false,NONE
K243893:input,K243893,input,MEDICAL_IMAGE,MEDICAL_IMAGE,CODED,false,NONE
K243893:output,K243893,output,DETECTION_OR_ALERT;SEGMENTATION_OR_LOCALIZATION;MEASUREMENT_OR_QUANTIFICATION,DETECTION_OR_ALERT;SEGMENTATION_OR_LOCALIZATION;MEASUREMENT_OR_QUANTIFICATION,CODED,false,NONE
K243893:user,K243893,user,OTHER_CLINICIAN,OTHER_CLINICIAN,CODED,false,NONE
K243893:setting,K243893,setting,DIAGNOSTIC_INTERPRETATION,DIAGNOSTIC_INTERPRETATION,CODED,false,NONE
K243893:action,K243893,action,INTERPRETATION_OR_DIAGNOSIS,INTERPRETATION_OR_DIAGNOSIS,CODED,false,NONE
K243893:component_status,K243893,component_status,SINGLE,SINGLE,CODED,false,NONE
K243919:input,K243919,input,MEDICAL_IMAGE,MEDICAL_IMAGE,CODED,false,NONE
K243919:output,K243919,output,SEGMENTATION_OR_LOCALIZATION;MEASUREMENT_OR_QUANTIFICATION,SEGMENTATION_OR_LOCALIZATION;MEASUREMENT_OR_QUANTIFICATION,CODED,false,NONE
K243919:user,K243919,user,NOT_STATED,NOT_STATED,NOT_STATED,true,FIELD_NOT_STATED
K243919:setting,K243919,setting,PROCEDURAL_OR_OPERATING_ROOM;MONITORING,PROCEDURAL_OR_OPERATING_ROOM;MONITORING,CODED,false,NONE
K243919:action,K243919,action,MONITORING_OR_FOLLOW_UP,MONITORING_OR_FOLLOW_UP,CODED,false,NONE
K243919:component_status,K243919,component_status,SINGLE,SINGLE,CODED,false,NONE
K243933:input,K243933,input,MEDICAL_IMAGE,MEDICAL_IMAGE,CODED,false,NONE
K243933:output,K243933,output,SEGMENTATION_OR_LOCALIZATION;RECONSTRUCTION_OR_ENHANCEMENT;MEASUREMENT_OR_QUANTIFICATION,SEGMENTATION_OR_LOCALIZATION;RECONSTRUCTION_OR_ENHANCEMENT;MEASUREMENT_OR_QUANTIFICATION,CODED,false,NONE
K243933:user,K243933,user,OTHER_CLINICIAN;TECHNOLOGIST_OR_OPERATOR,OTHER_CLINICIAN;TECHNOLOGIST_OR_OPERATOR,CODED,false,NONE
K243933:setting,K243933,setting,PROCEDURAL_OR_OPERATING_ROOM,PROCEDURAL_OR_OPERATING_ROOM,CODED,false,NONE
K243933:action,K243933,action,TREATMENT_OR_PROCEDURE_PLANNING,TREATMENT_OR_PROCEDURE_PLANNING,CODED,false,NONE
K243933:component_status,K243933,component_status,SINGLE,SINGLE,CODED,false,NONE
K243937:input,K243937,input,MEDICAL_IMAGE,MEDICAL_IMAGE,CODED,false,NONE
K243937:output,K243937,output,SEGMENTATION_OR_LOCALIZATION;MEASUREMENT_OR_QUANTIFICATION,SEGMENTATION_OR_LOCALIZATION;MEASUREMENT_OR_QUANTIFICATION,CODED,false,NONE
K243937:user,K243937,user,OTHER_CLINICIAN,OTHER_CLINICIAN,CODED,false,NONE
K243937:setting,K243937,setting,PROCEDURAL_OR_OPERATING_ROOM;OTHER,PROCEDURAL_OR_OPERATING_ROOM;OTHER,CODED,false,NONE
K243937:action,K243937,action,TREATMENT_OR_PROCEDURE_PLANNING,TREATMENT_OR_PROCEDURE_PLANNING,CODED,false,NONE
K243937:component_status,K243937,component_status,SINGLE,SINGLE,CODED,false,NONE
K243950:input,K243950,input,MEDICAL_IMAGE,MEDICAL_IMAGE,CODED,false,NONE
K243950:output,K243950,output,SEGMENTATION_OR_LOCALIZATION;RECONSTRUCTION_OR_ENHANCEMENT;RECOMMENDATION_OR_PLANNING;MEASUREMENT_OR_QUANTIFICATION,SEGMENTATION_OR_LOCALIZATION;RECONSTRUCTION_OR_ENHANCEMENT;RECOMMENDATION_OR_PLANNING;MEASUREMENT_OR_QUANTIFICATION,CODED,false,NONE
K243950:user,K243950,user,OTHER_PHYSICIAN,OTHER_PHYSICIAN,CODED,false,NONE
K243950:setting,K243950,setting,PROCEDURAL_OR_OPERATING_ROOM,PROCEDURAL_OR_OPERATING_ROOM,CODED,false,NONE
K243950:action,K243950,action,TREATMENT_OR_PROCEDURE_PLANNING;THERAPY_DOSE_OR_DEVICE_CONTROL,TREATMENT_OR_PROCEDURE_PLANNING;THERAPY_DOSE_OR_DEVICE_CONTROL,CODED,false,NONE
K243950:component_status,K243950,component_status,SINGLE,SINGLE,CODED,false,NONE
K243955:input,K243955,input,MEDICAL_IMAGE,MEDICAL_IMAGE,CODED,false,NONE
K243955:output,K243955,output,SEGMENTATION_OR_LOCALIZATION;RECONSTRUCTION_OR_ENHANCEMENT;MEASUREMENT_OR_QUANTIFICATION;RECOMMENDATION_OR_PLANNING;DOCUMENTATION_OR_SUMMARY,SEGMENTATION_OR_LOCALIZATION;RECONSTRUCTION_OR_ENHANCEMENT;MEASUREMENT_OR_QUANTIFICATION;RECOMMENDATION_OR_PLANNING;DOCUMENTATION_OR_SUMMARY,CODED,false,NONE
K243955:user,K243955,user,OTHER_PHYSICIAN,OTHER_PHYSICIAN,CODED,false,NONE
K243955:setting,K243955,setting,PROCEDURAL_OR_OPERATING_ROOM,PROCEDURAL_OR_OPERATING_ROOM,CODED,false,NONE
K243955:action,K243955,action,TREATMENT_OR_PROCEDURE_PLANNING;THERAPY_DOSE_OR_DEVICE_CONTROL,TREATMENT_OR_PROCEDURE_PLANNING;THERAPY_DOSE_OR_DEVICE_CONTROL,CODED,false,NONE
K243955:component_status,K243955,component_status,SINGLE,SINGLE,CODED,false,NONE
K243989:input,K243989,input,MEDICAL_IMAGE,MEDICAL_IMAGE,CODED,false,NONE
K243989:output,K243989,output,SEGMENTATION_OR_LOCALIZATION;RECONSTRUCTION_OR_ENHANCEMENT,SEGMENTATION_OR_LOCALIZATION;RECONSTRUCTION_OR_ENHANCEMENT,CODED,false,NONE
K243989:user,K243989,user,OTHER_CLINICIAN,OTHER_CLINICIAN,CODED,false,NONE
K243989:setting,K243989,setting,DIAGNOSTIC_INTERPRETATION,DIAGNOSTIC_INTERPRETATION,CODED,false,NONE
K243989:action,K243989,action,INTERPRETATION_OR_DIAGNOSIS,INTERPRETATION_OR_DIAGNOSIS,CODED,false,NONE
K243989:component_status,K243989,component_status,SINGLE,SINGLE,CODED,false,NONE
K244002:input,K244002,input,AUDIO_OR_VIDEO,AUDIO_OR_VIDEO,CODED,false,NONE
K244002:output,K244002,output,RECONSTRUCTION_OR_ENHANCEMENT,RECONSTRUCTION_OR_ENHANCEMENT,CODED,false,NONE
K244002:user,K244002,user,OTHER_PHYSICIAN,OTHER_PHYSICIAN,CODED,false,NONE
K244002:setting,K244002,setting,PROCEDURAL_OR_OPERATING_ROOM;DIAGNOSTIC_INTERPRETATION,PROCEDURAL_OR_OPERATING_ROOM;DIAGNOSTIC_INTERPRETATION,CODED,false,NONE
K244002:action,K244002,action,INTERPRETATION_OR_DIAGNOSIS,INTERPRETATION_OR_DIAGNOSIS,CODED,false,NONE
K244002:component_status,K244002,component_status,SINGLE,SINGLE,CODED,false,NONE
K244023:input,K244023,input,AUDIO_OR_VIDEO,AUDIO_OR_VIDEO,CODED,false,NONE
K244023:output,K244023,output,DETECTION_OR_ALERT;SEGMENTATION_OR_LOCALIZATION,DETECTION_OR_ALERT;SEGMENTATION_OR_LOCALIZATION,CODED,false,NONE
K244023:user,K244023,user,OTHER_PHYSICIAN,OTHER_PHYSICIAN,CODED,false,NONE
K244023:setting,K244023,setting,SCREENING;MONITORING;PROCEDURAL_OR_OPERATING_ROOM,SCREENING;MONITORING;PROCEDURAL_OR_OPERATING_ROOM,CODED,false,NONE
K244023:action,K244023,action,INTERPRETATION_OR_DIAGNOSIS,INTERPRETATION_OR_DIAGNOSIS,CODED,false,NONE
K244023:component_status,K244023,component_status,SINGLE,SINGLE,CODED,false,NONE
K244027:input,K244027,input,PHYSIOLOGICAL_SIGNAL,PHYSIOLOGICAL_SIGNAL,CODED,false,NONE
K244027:output,K244027,output,MEASUREMENT_OR_QUANTIFICATION;CLASSIFICATION_OR_DIAGNOSIS;DOCUMENTATION_OR_SUMMARY;OTHER,MEASUREMENT_OR_QUANTIFICATION;CLASSIFICATION_OR_DIAGNOSIS;DOCUMENTATION_OR_SUMMARY;OTHER,CODED,false,NONE
K244027:user,K244027,user,OTHER_CLINICIAN,OTHER_CLINICIAN,CODED,false,NONE
K244027:setting,K244027,setting,HOME_OR_CONSUMER;DIAGNOSTIC_INTERPRETATION;OTHER,HOME_OR_CONSUMER;DIAGNOSTIC_INTERPRETATION;OTHER,CODED,false,NONE
K244027:action,K244027,action,INTERPRETATION_OR_DIAGNOSIS;WORKFLOW_OR_DOCUMENTATION,INTERPRETATION_OR_DIAGNOSIS;WORKFLOW_OR_DOCUMENTATION,CODED,false,NONE
K244027:component_status,K244027,component_status,SINGLE,SINGLE,CODED,false,NONE
K250003:input,K250003,input,LAB_SPECIMEN_OR_OMICS,LAB_SPECIMEN_OR_OMICS,CODED,false,NONE
K250003:output,K250003,output,CLASSIFICATION_OR_DIAGNOSIS,CLASSIFICATION_OR_DIAGNOSIS,CODED,false,NONE
K250003:user,K250003,user,OTHER_CLINICIAN,OTHER_CLINICIAN,CODED,false,NONE
K250003:setting,K250003,setting,DIAGNOSTIC_INTERPRETATION,DIAGNOSTIC_INTERPRETATION,CODED,false,NONE
K250003:action,K250003,action,INTERPRETATION_OR_DIAGNOSIS,INTERPRETATION_OR_DIAGNOSIS,CODED,false,NONE
K250003:component_status,K250003,component_status,SINGLE,SINGLE,CODED,false,NONE
K250005:input,K250005,input,NOT_ASSESSABLE,NOT_ASSESSABLE,NOT_ASSESSABLE,true,AI_ATTRIBUTION_BARRIER
K250005:output,K250005,output,NOT_ASSESSABLE,NOT_ASSESSABLE,NOT_ASSESSABLE,true,AI_ATTRIBUTION_BARRIER
K250005:user,K250005,user,NOT_ASSESSABLE,NOT_ASSESSABLE,NOT_ASSESSABLE,true,AI_ATTRIBUTION_BARRIER
K250005:setting,K250005,setting,NOT_ASSESSABLE,NOT_ASSESSABLE,NOT_ASSESSABLE,true,AI_ATTRIBUTION_BARRIER
K250005:action,K250005,action,NOT_ASSESSABLE,NOT_ASSESSABLE,NOT_ASSESSABLE,true,AI_ATTRIBUTION_BARRIER
K250005:component_status,K250005,component_status,UNCERTAIN,UNCERTAIN,UNCERTAIN,true,AI_ATTRIBUTION_BARRIER
K250023:input,K250023,input,MEDICAL_IMAGE,MEDICAL_IMAGE,CODED,false,NONE
K250023:output,K250023,output,SEGMENTATION_OR_LOCALIZATION;RECONSTRUCTION_OR_ENHANCEMENT;MEASUREMENT_OR_QUANTIFICATION;RECOMMENDATION_OR_PLANNING;DOCUMENTATION_OR_SUMMARY,SEGMENTATION_OR_LOCALIZATION;RECONSTRUCTION_OR_ENHANCEMENT;MEASUREMENT_OR_QUANTIFICATION;RECOMMENDATION_OR_PLANNING;DOCUMENTATION_OR_SUMMARY,CODED,false,NONE
K250023:user,K250023,user,OTHER_PHYSICIAN;OTHER_CLINICIAN,OTHER_PHYSICIAN;OTHER_CLINICIAN,CODED,false,NONE
K250023:setting,K250023,setting,DIAGNOSTIC_INTERPRETATION;PROCEDURAL_OR_OPERATING_ROOM;OTHER,DIAGNOSTIC_INTERPRETATION;PROCEDURAL_OR_OPERATING_ROOM;OTHER,CODED,false,NONE
K250023:action,K250023,action,INTERPRETATION_OR_DIAGNOSIS;TREATMENT_OR_PROCEDURE_PLANNING,INTERPRETATION_OR_DIAGNOSIS;TREATMENT_OR_PROCEDURE_PLANNING,CODED,false,NONE
K250023:component_status,K250023,component_status,SINGLE,SINGLE,CODED,false,NONE
K250035:input,K250035,input,MEDICAL_IMAGE,MEDICAL_IMAGE,CODED,false,NONE
K250035:output,K250035,output,SEGMENTATION_OR_LOCALIZATION,SEGMENTATION_OR_LOCALIZATION,CODED,false,NONE
K250035:user,K250035,user,OTHER_CLINICIAN,OTHER_CLINICIAN,CODED,false,NONE
K250035:setting,K250035,setting,PROCEDURAL_OR_OPERATING_ROOM;MONITORING,PROCEDURAL_OR_OPERATING_ROOM;MONITORING,CODED,false,NONE
K250035:action,K250035,action,TREATMENT_OR_PROCEDURE_PLANNING;MONITORING_OR_FOLLOW_UP;WORKFLOW_OR_DOCUMENTATION,TREATMENT_OR_PROCEDURE_PLANNING;MONITORING_OR_FOLLOW_UP;WORKFLOW_OR_DOCUMENTATION,CODED,false,NONE
K250035:component_status,K250035,component_status,SINGLE,SINGLE,CODED,false,NONE
K250042:input,K250042,input,MEDICAL_IMAGE,MEDICAL_IMAGE,CODED,false,NONE
K250042:output,K250042,output,SEGMENTATION_OR_LOCALIZATION;RECONSTRUCTION_OR_ENHANCEMENT;MEASUREMENT_OR_QUANTIFICATION;RECOMMENDATION_OR_PLANNING;DOCUMENTATION_OR_SUMMARY,SEGMENTATION_OR_LOCALIZATION;RECONSTRUCTION_OR_ENHANCEMENT;MEASUREMENT_OR_QUANTIFICATION;RECOMMENDATION_OR_PLANNING;DOCUMENTATION_OR_SUMMARY,CODED,false,NONE
K250042:user,K250042,user,OTHER_PHYSICIAN;OTHER_CLINICIAN,OTHER_PHYSICIAN;OTHER_CLINICIAN,CODED,false,NONE
K250042:setting,K250042,setting,PROCEDURAL_OR_OPERATING_ROOM;OTHER,PROCEDURAL_OR_OPERATING_ROOM;OTHER,CODED,false,NONE
K250042:action,K250042,action,TREATMENT_OR_PROCEDURE_PLANNING,TREATMENT_OR_PROCEDURE_PLANNING,CODED,false,NONE
K250042:component_status,K250042,component_status,SINGLE,SINGLE,CODED,false,NONE
K250064:input,K250064,input,MEDICAL_IMAGE;CLINICAL_TABULAR_OR_TEXT,MEDICAL_IMAGE;CLINICAL_TABULAR_OR_TEXT,CODED,false,NONE
K250064:output,K250064,output,RECOMMENDATION_OR_PLANNING;MEASUREMENT_OR_QUANTIFICATION,RECOMMENDATION_OR_PLANNING;MEASUREMENT_OR_QUANTIFICATION,CODED,false,NONE
K250064:user,K250064,user,OTHER_PHYSICIAN;OTHER_CLINICIAN,OTHER_PHYSICIAN;OTHER_CLINICIAN,CODED,false,NONE
K250064:setting,K250064,setting,PROCEDURAL_OR_OPERATING_ROOM,PROCEDURAL_OR_OPERATING_ROOM,CODED,false,NONE
K250064:action,K250064,action,TREATMENT_OR_PROCEDURE_PLANNING,TREATMENT_OR_PROCEDURE_PLANNING,CODED,false,NONE
K250064:component_status,K250064,component_status,SINGLE,SINGLE,CODED,false,NONE
K250086:input,K250086,input,MEDICAL_IMAGE,MEDICAL_IMAGE,CODED,false,NONE
K250086:output,K250086,output,SEGMENTATION_OR_LOCALIZATION;RECONSTRUCTION_OR_ENHANCEMENT;MEASUREMENT_OR_QUANTIFICATION;RECOMMENDATION_OR_PLANNING,SEGMENTATION_OR_LOCALIZATION;RECONSTRUCTION_OR_ENHANCEMENT;MEASUREMENT_OR_QUANTIFICATION;RECOMMENDATION_OR_PLANNING,CODED,false,NONE
K250086:user,K250086,user,OTHER_PHYSICIAN,OTHER_PHYSICIAN,CODED,false,NONE
K250086:setting,K250086,setting,PROCEDURAL_OR_OPERATING_ROOM,PROCEDURAL_OR_OPERATING_ROOM,CODED,false,NONE
K250086:action,K250086,action,TREATMENT_OR_PROCEDURE_PLANNING;THERAPY_DOSE_OR_DEVICE_CONTROL,TREATMENT_OR_PROCEDURE_PLANNING;THERAPY_DOSE_OR_DEVICE_CONTROL,CODED,false,NONE
K250086:component_status,K250086,component_status,MULTIPLE,MULTIPLE,CODED,false,NONE
K250087:input,K250087,input,MEDICAL_IMAGE,MEDICAL_IMAGE,CODED,false,NONE
K250087:output,K250087,output,SEGMENTATION_OR_LOCALIZATION;MEASUREMENT_OR_QUANTIFICATION;RECOMMENDATION_OR_PLANNING,SEGMENTATION_OR_LOCALIZATION;MEASUREMENT_OR_QUANTIFICATION;RECOMMENDATION_OR_PLANNING,CODED,false,NONE
K250087:user,K250087,user,OTHER_CLINICIAN;OTHER_PHYSICIAN;OTHER,OTHER_CLINICIAN;OTHER_PHYSICIAN;OTHER,CODED,false,NONE
K250087:setting,K250087,setting,DIAGNOSTIC_INTERPRETATION;OTHER,DIAGNOSTIC_INTERPRETATION;OTHER,CODED,false,NONE
K250087:action,K250087,action,INTERPRETATION_OR_DIAGNOSIS;WORKFLOW_OR_DOCUMENTATION,INTERPRETATION_OR_DIAGNOSIS;WORKFLOW_OR_DOCUMENTATION,CODED,false,NONE
K250087:component_status,K250087,component_status,MULTIPLE,MULTIPLE,CODED,false,NONE
K250096:input,K250096,input,PHYSIOLOGICAL_SIGNAL,PHYSIOLOGICAL_SIGNAL,CODED,false,NONE
K250096:output,K250096,output,CONTROL_OR_AUTOMATION,CONTROL_OR_AUTOMATION,CODED,false,NONE
K250096:user,K250096,user,PATIENT_OR_CAREGIVER,PATIENT_OR_CAREGIVER,CODED,false,NONE
K250096:setting,K250096,setting,MONITORING;HOME_OR_CONSUMER,MONITORING;HOME_OR_CONSUMER,CODED,false,NONE
K250096:action,K250096,action,THERAPY_DOSE_OR_DEVICE_CONTROL;PATIENT_SELF_MANAGEMENT,THERAPY_DOSE_OR_DEVICE_CONTROL;PATIENT_SELF_MANAGEMENT,CODED,false,NONE
K250096:component_status,K250096,component_status,SINGLE,SINGLE,CODED,false,NONE
K250119:input,K250119,input,PHYSIOLOGICAL_SIGNAL;CLINICAL_TABULAR_OR_TEXT,PHYSIOLOGICAL_SIGNAL;CLINICAL_TABULAR_OR_TEXT,CODED,false,NONE
K250119:output,K250119,output,DETECTION_OR_ALERT,DETECTION_OR_ALERT,CODED,false,NONE
K250119:user,K250119,user,OTHER_CLINICIAN,OTHER_CLINICIAN,CODED,false,NONE
K250119:setting,K250119,setting,DIAGNOSTIC_INTERPRETATION;OTHER,DIAGNOSTIC_INTERPRETATION;OTHER,CODED,false,NONE
K250119:action,K250119,action,REFERRAL_OR_ESCALATION;INTERPRETATION_OR_DIAGNOSIS,REFERRAL_OR_ESCALATION;INTERPRETATION_OR_DIAGNOSIS,CODED,false,NONE
K250119:component_status,K250119,component_status,SINGLE,SINGLE,CODED,false,NONE
K250151:input,K250151,input,AUDIO_OR_VIDEO,AUDIO_OR_VIDEO,CODED,false,NONE
K250151:output,K250151,output,DETECTION_OR_ALERT;DOCUMENTATION_OR_SUMMARY,DETECTION_OR_ALERT;DOCUMENTATION_OR_SUMMARY,CODED,false,NONE
K250151:user,K250151,user,OTHER_PHYSICIAN;TECHNOLOGIST_OR_OPERATOR;OTHER_CLINICIAN,OTHER_PHYSICIAN;TECHNOLOGIST_OR_OPERATOR;OTHER_CLINICIAN,CODED,false,NONE
K250151:setting,K250151,setting,DIAGNOSTIC_INTERPRETATION,DIAGNOSTIC_INTERPRETATION,CODED,false,NONE
K250151:action,K250151,action,REFERRAL_OR_ESCALATION;INTERPRETATION_OR_DIAGNOSIS;WORKFLOW_OR_DOCUMENTATION,REFERRAL_OR_ESCALATION;INTERPRETATION_OR_DIAGNOSIS;WORKFLOW_OR_DOCUMENTATION,CODED,false,NONE
K250151:component_status,K250151,component_status,SINGLE,SINGLE,CODED,false,NONE
K250177:input,K250177,input,NOT_ASSESSABLE,NOT_ASSESSABLE,NOT_ASSESSABLE,true,AI_ATTRIBUTION_BARRIER
K250177:output,K250177,output,NOT_ASSESSABLE,NOT_ASSESSABLE,NOT_ASSESSABLE,true,AI_ATTRIBUTION_BARRIER
K250177:user,K250177,user,NOT_ASSESSABLE,NOT_ASSESSABLE,NOT_ASSESSABLE,true,AI_ATTRIBUTION_BARRIER
K250177:setting,K250177,setting,NOT_ASSESSABLE,NOT_ASSESSABLE,NOT_ASSESSABLE,true,AI_ATTRIBUTION_BARRIER
K250177:action,K250177,action,NOT_ASSESSABLE,NOT_ASSESSABLE,NOT_ASSESSABLE,true,AI_ATTRIBUTION_BARRIER
K250177:component_status,K250177,component_status,UNCERTAIN,UNCERTAIN,UNCERTAIN,true,AI_ATTRIBUTION_BARRIER
K250186:input,K250186,input,NOT_ASSESSABLE,NOT_ASSESSABLE,NOT_ASSESSABLE,true,AI_ATTRIBUTION_BARRIER
K250186:output,K250186,output,NOT_ASSESSABLE,NOT_ASSESSABLE,NOT_ASSESSABLE,true,AI_ATTRIBUTION_BARRIER
K250186:user,K250186,user,NOT_ASSESSABLE,NOT_ASSESSABLE,NOT_ASSESSABLE,true,AI_ATTRIBUTION_BARRIER
K250186:setting,K250186,setting,NOT_ASSESSABLE,NOT_ASSESSABLE,NOT_ASSESSABLE,true,AI_ATTRIBUTION_BARRIER
K250186:action,K250186,action,NOT_ASSESSABLE,NOT_ASSESSABLE,NOT_ASSESSABLE,true,AI_ATTRIBUTION_BARRIER
K250186:component_status,K250186,component_status,UNCERTAIN,UNCERTAIN,UNCERTAIN,true,AI_ATTRIBUTION_BARRIER
K250221:input,K250221,input,MEDICAL_IMAGE,MEDICAL_IMAGE,CODED,false,NONE
K250221:output,K250221,output,MEASUREMENT_OR_QUANTIFICATION;SEGMENTATION_OR_LOCALIZATION;CLASSIFICATION_OR_DIAGNOSIS;DOCUMENTATION_OR_SUMMARY,MEASUREMENT_OR_QUANTIFICATION;SEGMENTATION_OR_LOCALIZATION;CLASSIFICATION_OR_DIAGNOSIS;DOCUMENTATION_OR_SUMMARY,CODED,false,NONE
K250221:user,K250221,user,OTHER_PHYSICIAN;OTHER_CLINICIAN,OTHER_PHYSICIAN;OTHER_CLINICIAN,CODED,false,NONE
K250221:setting,K250221,setting,ACUTE_TRIAGE_OR_EMERGENCY;DIAGNOSTIC_INTERPRETATION,ACUTE_TRIAGE_OR_EMERGENCY;DIAGNOSTIC_INTERPRETATION,CODED,false,NONE
K250221:action,K250221,action,INTERPRETATION_OR_DIAGNOSIS;WORKFLOW_OR_DOCUMENTATION,INTERPRETATION_OR_DIAGNOSIS;WORKFLOW_OR_DOCUMENTATION,CODED,false,NONE
K250221:component_status,K250221,component_status,SINGLE,SINGLE,CODED,false,NONE
K250226:input,K250226,input,MEDICAL_IMAGE,MEDICAL_IMAGE,CODED,false,NONE
K250226:output,K250226,output,SEGMENTATION_OR_LOCALIZATION;MEASUREMENT_OR_QUANTIFICATION,SEGMENTATION_OR_LOCALIZATION;MEASUREMENT_OR_QUANTIFICATION,CODED,false,NONE
K250226:user,K250226,user,OTHER_CLINICIAN,OTHER_CLINICIAN,CODED,false,NONE
K250226:setting,K250226,setting,DIAGNOSTIC_INTERPRETATION,DIAGNOSTIC_INTERPRETATION,CODED,false,NONE
K250226:action,K250226,action,INTERPRETATION_OR_DIAGNOSIS,INTERPRETATION_OR_DIAGNOSIS,CODED,false,NONE
K250226:component_status,K250226,component_status,SINGLE,SINGLE,CODED,false,NONE
K250233:input,K250233,input,PHYSIOLOGICAL_SIGNAL,PHYSIOLOGICAL_SIGNAL,CODED,false,NONE
K250233:output,K250233,output,MEASUREMENT_OR_QUANTIFICATION;OTHER,MEASUREMENT_OR_QUANTIFICATION;OTHER,CODED,false,NONE
K250233:user,K250233,user,PATIENT_OR_CAREGIVER,PATIENT_OR_CAREGIVER,CODED,false,NONE
K250233:setting,K250233,setting,MONITORING;OTHER,MONITORING;OTHER,CODED,false,NONE
K250233:action,K250233,action,MONITORING_OR_FOLLOW_UP;PATIENT_SELF_MANAGEMENT,MONITORING_OR_FOLLOW_UP;PATIENT_SELF_MANAGEMENT,CODED,false,NONE
K250233:component_status,K250233,component_status,SINGLE,SINGLE,CODED,false,NONE
K250236:input,K250236,input,MEDICAL_IMAGE,MEDICAL_IMAGE,CODED,false,NONE
K250236:output,K250236,output,RECONSTRUCTION_OR_ENHANCEMENT,RECONSTRUCTION_OR_ENHANCEMENT,CODED,false,NONE
K250236:user,K250236,user,OTHER_PHYSICIAN;TECHNOLOGIST_OR_OPERATOR,OTHER_PHYSICIAN;TECHNOLOGIST_OR_OPERATOR,CODED,false,NONE
K250236:setting,K250236,setting,DIAGNOSTIC_INTERPRETATION;ACUTE_TRIAGE_OR_EMERGENCY;INPATIENT;OUTPATIENT;OTHER,DIAGNOSTIC_INTERPRETATION;ACUTE_TRIAGE_OR_EMERGENCY;INPATIENT;OUTPATIENT;OTHER,CODED,false,NONE
K250236:action,K250236,action,INTERPRETATION_OR_DIAGNOSIS,INTERPRETATION_OR_DIAGNOSIS,CODED,false,NONE
K250236:component_status,K250236,component_status,SINGLE,SINGLE,CODED,false,NONE
K250237:input,K250237,input,MEDICAL_IMAGE,MEDICAL_IMAGE,CODED,false,NONE
K250237:output,K250237,output,SEGMENTATION_OR_LOCALIZATION;RECONSTRUCTION_OR_ENHANCEMENT;MEASUREMENT_OR_QUANTIFICATION;DOCUMENTATION_OR_SUMMARY,SEGMENTATION_OR_LOCALIZATION;RECONSTRUCTION_OR_ENHANCEMENT;MEASUREMENT_OR_QUANTIFICATION;DOCUMENTATION_OR_SUMMARY,CODED,false,NONE
K250237:user,K250237,user,OTHER_CLINICIAN,OTHER_CLINICIAN,CODED,false,NONE
K250237:setting,K250237,setting,DIAGNOSTIC_INTERPRETATION;PROCEDURAL_OR_OPERATING_ROOM,DIAGNOSTIC_INTERPRETATION;PROCEDURAL_OR_OPERATING_ROOM,CODED,false,NONE
K250237:action,K250237,action,INTERPRETATION_OR_DIAGNOSIS;TREATMENT_OR_PROCEDURE_PLANNING;WORKFLOW_OR_DOCUMENTATION,INTERPRETATION_OR_DIAGNOSIS;TREATMENT_OR_PROCEDURE_PLANNING;WORKFLOW_OR_DOCUMENTATION,CODED,false,NONE
K250237:component_status,K250237,component_status,SINGLE,SINGLE,CODED,false,NONE
K250246:input,K250246,input,MEDICAL_IMAGE,MEDICAL_IMAGE,CODED,false,NONE
K250246:output,K250246,output,RECONSTRUCTION_OR_ENHANCEMENT;SEGMENTATION_OR_LOCALIZATION;MEASUREMENT_OR_QUANTIFICATION;DOCUMENTATION_OR_SUMMARY;RECOMMENDATION_OR_PLANNING,RECONSTRUCTION_OR_ENHANCEMENT;SEGMENTATION_OR_LOCALIZATION;MEASUREMENT_OR_QUANTIFICATION;DOCUMENTATION_OR_SUMMARY;RECOMMENDATION_OR_PLANNING,CODED,false,NONE
K250246:user,K250246,user,OTHER_PHYSICIAN;TECHNOLOGIST_OR_OPERATOR,OTHER_PHYSICIAN;TECHNOLOGIST_OR_OPERATOR,CODED,false,NONE
K250246:setting,K250246,setting,DIAGNOSTIC_INTERPRETATION;OTHER,DIAGNOSTIC_INTERPRETATION;OTHER,CODED,false,NONE
K250246:action,K250246,action,INTERPRETATION_OR_DIAGNOSIS;WORKFLOW_OR_DOCUMENTATION,INTERPRETATION_OR_DIAGNOSIS;WORKFLOW_OR_DOCUMENTATION,CODED,false,NONE
K250246:component_status,K250246,component_status,MULTIPLE,MULTIPLE,CODED,false,NONE
K250248:input,K250248,input,MEDICAL_IMAGE,MEDICAL_IMAGE,CODED,false,NONE
K250248:output,K250248,output,DETECTION_OR_ALERT,DETECTION_OR_ALERT,CODED,false,NONE
K250248:user,K250248,user,OTHER_CLINICIAN;OTHER_PHYSICIAN,OTHER_CLINICIAN;OTHER_PHYSICIAN,CODED,false,NONE
K250248:setting,K250248,setting,ACUTE_TRIAGE_OR_EMERGENCY,ACUTE_TRIAGE_OR_EMERGENCY,CODED,false,NONE
K250248:action,K250248,action,TRIAGE_OR_PRIORITIZATION,TRIAGE_OR_PRIORITIZATION,CODED,false,NONE
K250248:component_status,K250248,component_status,SINGLE,SINGLE,CODED,false,NONE
K250255:input,K250255,input,MEDICAL_IMAGE,MEDICAL_IMAGE,CODED,false,NONE
K250255:output,K250255,output,SEGMENTATION_OR_LOCALIZATION;RECONSTRUCTION_OR_ENHANCEMENT,SEGMENTATION_OR_LOCALIZATION;RECONSTRUCTION_OR_ENHANCEMENT,CODED,false,NONE
K250255:user,K250255,user,OTHER_PHYSICIAN,OTHER_PHYSICIAN,CODED,false,NONE
K250255:setting,K250255,setting,PROCEDURAL_OR_OPERATING_ROOM,PROCEDURAL_OR_OPERATING_ROOM,CODED,false,NONE
K250255:action,K250255,action,TREATMENT_OR_PROCEDURE_PLANNING;THERAPY_DOSE_OR_DEVICE_CONTROL,TREATMENT_OR_PROCEDURE_PLANNING;THERAPY_DOSE_OR_DEVICE_CONTROL,CODED,false,NONE
K250255:component_status,K250255,component_status,SINGLE,SINGLE,CODED,false,NONE
K250264:input,K250264,input,MEDICAL_IMAGE,MEDICAL_IMAGE,CODED,false,NONE
K250264:output,K250264,output,DETECTION_OR_ALERT;SEGMENTATION_OR_LOCALIZATION,DETECTION_OR_ALERT;SEGMENTATION_OR_LOCALIZATION,CODED,false,NONE
K250264:user,K250264,user,OTHER_CLINICIAN,OTHER_CLINICIAN,CODED,false,NONE
K250264:setting,K250264,setting,DIAGNOSTIC_INTERPRETATION,DIAGNOSTIC_INTERPRETATION,CODED,false,NONE
K250264:action,K250264,action,INTERPRETATION_OR_DIAGNOSIS,INTERPRETATION_OR_DIAGNOSIS,CODED,false,NONE
K250264:component_status,K250264,component_status,SINGLE,SINGLE,CODED,false,NONE
K250268:input,K250268,input,MEDICAL_IMAGE,MEDICAL_IMAGE,CODED,false,NONE
K250268:output,K250268,output,RECONSTRUCTION_OR_ENHANCEMENT;MEASUREMENT_OR_QUANTIFICATION,RECONSTRUCTION_OR_ENHANCEMENT;MEASUREMENT_OR_QUANTIFICATION,CODED,false,NONE
K250268:user,K250268,user,OTHER_PHYSICIAN;OTHER_CLINICIAN,OTHER_PHYSICIAN;OTHER_CLINICIAN,CODED,false,NONE
K250268:setting,K250268,setting,PROCEDURAL_OR_OPERATING_ROOM;MONITORING,PROCEDURAL_OR_OPERATING_ROOM;MONITORING,CODED,false,NONE
K250268:action,K250268,action,MONITORING_OR_FOLLOW_UP;OTHER,MONITORING_OR_FOLLOW_UP;OTHER,CODED,false,NONE
K250268:component_status,K250268,component_status,SINGLE,SINGLE,CODED,false,NONE
K250288:input,K250288,input,MEDICAL_IMAGE,MEDICAL_IMAGE,CODED,false,NONE
K250288:output,K250288,output,SEGMENTATION_OR_LOCALIZATION,SEGMENTATION_OR_LOCALIZATION,CODED,false,NONE
K250288:user,K250288,user,OTHER_PHYSICIAN;OTHER_CLINICIAN,OTHER_PHYSICIAN;OTHER_CLINICIAN,CODED,false,NONE
K250288:setting,K250288,setting,OTHER,OTHER,CODED,false,NONE
K250288:action,K250288,action,WORKFLOW_OR_DOCUMENTATION,WORKFLOW_OR_DOCUMENTATION,CODED,false,NONE
K250288:component_status,K250288,component_status,SINGLE,SINGLE,CODED,false,NONE
K250290:input,K250290,input,MEDICAL_IMAGE,MEDICAL_IMAGE,CODED,false,NONE
K250290:output,K250290,output,SEGMENTATION_OR_LOCALIZATION;RECONSTRUCTION_OR_ENHANCEMENT;MEASUREMENT_OR_QUANTIFICATION;RECOMMENDATION_OR_PLANNING;DOCUMENTATION_OR_SUMMARY,SEGMENTATION_OR_LOCALIZATION;RECONSTRUCTION_OR_ENHANCEMENT;MEASUREMENT_OR_QUANTIFICATION;RECOMMENDATION_OR_PLANNING;DOCUMENTATION_OR_SUMMARY,CODED,false,NONE
K250290:user,K250290,user,OTHER_PHYSICIAN;OTHER_CLINICIAN,OTHER_PHYSICIAN;OTHER_CLINICIAN,CODED,false,NONE
K250290:setting,K250290,setting,PROCEDURAL_OR_OPERATING_ROOM;OTHER,PROCEDURAL_OR_OPERATING_ROOM;OTHER,CODED,false,NONE
K250290:action,K250290,action,TREATMENT_OR_PROCEDURE_PLANNING,TREATMENT_OR_PROCEDURE_PLANNING,CODED,false,NONE
K250290:component_status,K250290,component_status,SINGLE,SINGLE,CODED,false,NONE
K250328:input,K250328,input,MEDICAL_IMAGE,MEDICAL_IMAGE,CODED,false,NONE
K250328:output,K250328,output,MEASUREMENT_OR_QUANTIFICATION,MEASUREMENT_OR_QUANTIFICATION,CODED,false,NONE
K250328:user,K250328,user,OTHER_PHYSICIAN;OTHER_CLINICIAN,OTHER_PHYSICIAN;OTHER_CLINICIAN,CODED,false,NONE
K250328:setting,K250328,setting,DIAGNOSTIC_INTERPRETATION;OTHER,DIAGNOSTIC_INTERPRETATION;OTHER,CODED,false,NONE
K250328:action,K250328,action,INTERPRETATION_OR_DIAGNOSIS,INTERPRETATION_OR_DIAGNOSIS,CODED,false,NONE
K250328:component_status,K250328,component_status,SINGLE,SINGLE,CODED,false,NONE
K250330:input,K250330,input,MEDICAL_IMAGE,MEDICAL_IMAGE,CODED,false,NONE
K250330:output,K250330,output,SEGMENTATION_OR_LOCALIZATION;MEASUREMENT_OR_QUANTIFICATION,SEGMENTATION_OR_LOCALIZATION;MEASUREMENT_OR_QUANTIFICATION,CODED,false,NONE
K250330:user,K250330,user,OTHER_PHYSICIAN,OTHER_PHYSICIAN,CODED,false,NONE
K250330:setting,K250330,setting,PROCEDURAL_OR_OPERATING_ROOM;MONITORING,PROCEDURAL_OR_OPERATING_ROOM;MONITORING,CODED,false,NONE
K250330:action,K250330,action,TREATMENT_OR_PROCEDURE_PLANNING;MONITORING_OR_FOLLOW_UP,TREATMENT_OR_PROCEDURE_PLANNING;MONITORING_OR_FOLLOW_UP,CODED,false,NONE
K250330:component_status,K250330,component_status,SINGLE,SINGLE,CODED,false,NONE
K250337:input,K250337,input,MEDICAL_IMAGE,MEDICAL_IMAGE,CODED,false,NONE
K250337:output,K250337,output,SEGMENTATION_OR_LOCALIZATION;RECONSTRUCTION_OR_ENHANCEMENT;MEASUREMENT_OR_QUANTIFICATION;DOCUMENTATION_OR_SUMMARY,SEGMENTATION_OR_LOCALIZATION;RECONSTRUCTION_OR_ENHANCEMENT;MEASUREMENT_OR_QUANTIFICATION;DOCUMENTATION_OR_SUMMARY,CODED,false,NONE
K250337:user,K250337,user,TECHNOLOGIST_OR_OPERATOR;OTHER_CLINICIAN,TECHNOLOGIST_OR_OPERATOR;OTHER_CLINICIAN,CODED,false,NONE
K250337:setting,K250337,setting,DIAGNOSTIC_INTERPRETATION;PROCEDURAL_OR_OPERATING_ROOM;MONITORING,DIAGNOSTIC_INTERPRETATION;PROCEDURAL_OR_OPERATING_ROOM;MONITORING,CODED,false,NONE
K250337:action,K250337,action,INTERPRETATION_OR_DIAGNOSIS;TREATMENT_OR_PROCEDURE_PLANNING;MONITORING_OR_FOLLOW_UP,INTERPRETATION_OR_DIAGNOSIS;TREATMENT_OR_PROCEDURE_PLANNING;MONITORING_OR_FOLLOW_UP,CODED,false,NONE
K250337:component_status,K250337,component_status,SINGLE,SINGLE,CODED,false,NONE
K250354:input,K250354,input,MEDICAL_IMAGE,MEDICAL_IMAGE,CODED,false,NONE
K250354:output,K250354,output,SEGMENTATION_OR_LOCALIZATION;MEASUREMENT_OR_QUANTIFICATION;DOCUMENTATION_OR_SUMMARY,SEGMENTATION_OR_LOCALIZATION;MEASUREMENT_OR_QUANTIFICATION;DOCUMENTATION_OR_SUMMARY,CODED,false,NONE
K250354:user,K250354,user,RADIOLOGIST;OTHER_PHYSICIAN;OTHER_CLINICIAN,RADIOLOGIST;OTHER_PHYSICIAN;OTHER_CLINICIAN,CODED,false,NONE
K250354:setting,K250354,setting,DIAGNOSTIC_INTERPRETATION,DIAGNOSTIC_INTERPRETATION,CODED,false,NONE
K250354:action,K250354,action,INTERPRETATION_OR_DIAGNOSIS;WORKFLOW_OR_DOCUMENTATION,INTERPRETATION_OR_DIAGNOSIS;WORKFLOW_OR_DOCUMENTATION,CODED,false,NONE
K250354:component_status,K250354,component_status,SINGLE,SINGLE,CODED,false,NONE
K250367:input,K250367,input,MEDICAL_IMAGE,MEDICAL_IMAGE,CODED,false,NONE
K250367:output,K250367,output,SEGMENTATION_OR_LOCALIZATION;MEASUREMENT_OR_QUANTIFICATION;CLASSIFICATION_OR_DIAGNOSIS;DOCUMENTATION_OR_SUMMARY,SEGMENTATION_OR_LOCALIZATION;MEASUREMENT_OR_QUANTIFICATION;CLASSIFICATION_OR_DIAGNOSIS;DOCUMENTATION_OR_SUMMARY,CODED,false,NONE
K250367:user,K250367,user,RADIOLOGIST;OTHER_PHYSICIAN,RADIOLOGIST;OTHER_PHYSICIAN,CODED,false,NONE
K250367:setting,K250367,setting,DIAGNOSTIC_INTERPRETATION,DIAGNOSTIC_INTERPRETATION,CODED,false,NONE
K250367:action,K250367,action,INTERPRETATION_OR_DIAGNOSIS;WORKFLOW_OR_DOCUMENTATION,INTERPRETATION_OR_DIAGNOSIS;WORKFLOW_OR_DOCUMENTATION,CODED,false,NONE
K250367:component_status,K250367,component_status,SINGLE,SINGLE,CODED,false,NONE
K250369:input,K250369,input,MEDICAL_IMAGE,MEDICAL_IMAGE,CODED,false,NONE
K250369:output,K250369,output,SEGMENTATION_OR_LOCALIZATION;RECONSTRUCTION_OR_ENHANCEMENT,SEGMENTATION_OR_LOCALIZATION;RECONSTRUCTION_OR_ENHANCEMENT,CODED,false,NONE
K250369:user,K250369,user,TECHNOLOGIST_OR_OPERATOR;OTHER_PHYSICIAN,TECHNOLOGIST_OR_OPERATOR;OTHER_PHYSICIAN,CODED,false,NONE
K250369:setting,K250369,setting,DIAGNOSTIC_INTERPRETATION;PROCEDURAL_OR_OPERATING_ROOM;OTHER,DIAGNOSTIC_INTERPRETATION;PROCEDURAL_OR_OPERATING_ROOM;OTHER,CODED,false,NONE
K250369:action,K250369,action,INTERPRETATION_OR_DIAGNOSIS;TREATMENT_OR_PROCEDURE_PLANNING,INTERPRETATION_OR_DIAGNOSIS;TREATMENT_OR_PROCEDURE_PLANNING,CODED,false,NONE
K250369:component_status,K250369,component_status,SINGLE,SINGLE,CODED,false,NONE
K250370:input,K250370,input,MEDICAL_IMAGE,MEDICAL_IMAGE,CODED,false,NONE
K250370:output,K250370,output,RECOMMENDATION_OR_PLANNING;CONTROL_OR_AUTOMATION;RECONSTRUCTION_OR_ENHANCEMENT,RECOMMENDATION_OR_PLANNING;CONTROL_OR_AUTOMATION;RECONSTRUCTION_OR_ENHANCEMENT,CODED,false,NONE
K250370:user,K250370,user,TECHNOLOGIST_OR_OPERATOR,TECHNOLOGIST_OR_OPERATOR,CODED,false,NONE
K250370:setting,K250370,setting,DIAGNOSTIC_INTERPRETATION;OTHER,DIAGNOSTIC_INTERPRETATION;OTHER,CODED,false,NONE
K250370:action,K250370,action,WORKFLOW_OR_DOCUMENTATION;THERAPY_DOSE_OR_DEVICE_CONTROL,WORKFLOW_OR_DOCUMENTATION;THERAPY_DOSE_OR_DEVICE_CONTROL,CODED,false,NONE
K250370:component_status,K250370,component_status,MULTIPLE,MULTIPLE,CODED,false,NONE
K250379:input,K250379,input,NOT_ASSESSABLE,NOT_ASSESSABLE,NOT_ASSESSABLE,true,AI_ATTRIBUTION_BARRIER
K250379:output,K250379,output,NOT_ASSESSABLE,NOT_ASSESSABLE,NOT_ASSESSABLE,true,AI_ATTRIBUTION_BARRIER
K250379:user,K250379,user,NOT_ASSESSABLE,NOT_ASSESSABLE,NOT_ASSESSABLE,true,AI_ATTRIBUTION_BARRIER
K250379:setting,K250379,setting,NOT_ASSESSABLE,NOT_ASSESSABLE,NOT_ASSESSABLE,true,AI_ATTRIBUTION_BARRIER
K250379:action,K250379,action,NOT_ASSESSABLE,NOT_ASSESSABLE,NOT_ASSESSABLE,true,AI_ATTRIBUTION_BARRIER
K250379:component_status,K250379,component_status,UNCERTAIN,UNCERTAIN,UNCERTAIN,true,AI_ATTRIBUTION_BARRIER
K250416:input,K250416,input,MEDICAL_IMAGE,MEDICAL_IMAGE,CODED,false,NONE
K250416:output,K250416,output,SEGMENTATION_OR_LOCALIZATION;MEASUREMENT_OR_QUANTIFICATION;DOCUMENTATION_OR_SUMMARY,SEGMENTATION_OR_LOCALIZATION;MEASUREMENT_OR_QUANTIFICATION;DOCUMENTATION_OR_SUMMARY,CODED,false,NONE
K250416:user,K250416,user,RADIOLOGIST;TECHNOLOGIST_OR_OPERATOR;OTHER_CLINICIAN,RADIOLOGIST;TECHNOLOGIST_OR_OPERATOR;OTHER_CLINICIAN,CODED,false,NONE
K250416:setting,K250416,setting,DIAGNOSTIC_INTERPRETATION;OTHER,DIAGNOSTIC_INTERPRETATION;OTHER,CODED,false,NONE
K250416:action,K250416,action,INTERPRETATION_OR_DIAGNOSIS;WORKFLOW_OR_DOCUMENTATION,INTERPRETATION_OR_DIAGNOSIS;WORKFLOW_OR_DOCUMENTATION,CODED,false,NONE
K250416:component_status,K250416,component_status,SINGLE,SINGLE,CODED,false,NONE
K250427:input,K250427,input,MEDICAL_IMAGE,MEDICAL_IMAGE,CODED,false,NONE
K250427:output,K250427,output,SEGMENTATION_OR_LOCALIZATION,SEGMENTATION_OR_LOCALIZATION,CODED,false,NONE
K250427:user,K250427,user,OTHER_CLINICIAN;OTHER_PHYSICIAN,OTHER_CLINICIAN;OTHER_PHYSICIAN,CODED,false,NONE
K250427:setting,K250427,setting,PROCEDURAL_OR_OPERATING_ROOM,PROCEDURAL_OR_OPERATING_ROOM,CODED,false,NONE
K250427:action,K250427,action,TREATMENT_OR_PROCEDURE_PLANNING;WORKFLOW_OR_DOCUMENTATION,TREATMENT_OR_PROCEDURE_PLANNING;WORKFLOW_OR_DOCUMENTATION,CODED,false,NONE
K250427:component_status,K250427,component_status,SINGLE,SINGLE,CODED,false,NONE
K250436:input,K250436,input,MEDICAL_IMAGE,MEDICAL_IMAGE,CODED,false,NONE
K250436:output,K250436,output,RECONSTRUCTION_OR_ENHANCEMENT,RECONSTRUCTION_OR_ENHANCEMENT,CODED,false,NONE
K250436:user,K250436,user,OTHER_PHYSICIAN;OTHER_CLINICIAN,OTHER_PHYSICIAN;OTHER_CLINICIAN,CODED,false,NONE
K250436:setting,K250436,setting,DIAGNOSTIC_INTERPRETATION,DIAGNOSTIC_INTERPRETATION,CODED,false,NONE
K250436:action,K250436,action,INTERPRETATION_OR_DIAGNOSIS,INTERPRETATION_OR_DIAGNOSIS,CODED,false,NONE
K250436:component_status,K250436,component_status,UNCERTAIN,UNCERTAIN,UNCERTAIN,true,FUNCTION_GROUP_UNRESOLVED
K250440:input,K250440,input,MEDICAL_IMAGE;DEVICE_TELEMETRY_OR_OPERATIONAL,MEDICAL_IMAGE;DEVICE_TELEMETRY_OR_OPERATIONAL,CODED,false,NONE
K250440:output,K250440,output,SEGMENTATION_OR_LOCALIZATION;RECOMMENDATION_OR_PLANNING;MEASUREMENT_OR_QUANTIFICATION,SEGMENTATION_OR_LOCALIZATION;RECOMMENDATION_OR_PLANNING;MEASUREMENT_OR_QUANTIFICATION,CODED,false,NONE
K250440:user,K250440,user,OTHER_PHYSICIAN;OTHER_CLINICIAN,OTHER_PHYSICIAN;OTHER_CLINICIAN,CODED,false,NONE
K250440:setting,K250440,setting,PROCEDURAL_OR_OPERATING_ROOM,PROCEDURAL_OR_OPERATING_ROOM,CODED,false,NONE
K250440:action,K250440,action,TREATMENT_OR_PROCEDURE_PLANNING;THERAPY_DOSE_OR_DEVICE_CONTROL,TREATMENT_OR_PROCEDURE_PLANNING;THERAPY_DOSE_OR_DEVICE_CONTROL,CODED,false,NONE
K250440:component_status,K250440,component_status,MULTIPLE,MULTIPLE,CODED,false,NONE
K250443:input,K250443,input,MEDICAL_IMAGE,MEDICAL_IMAGE,CODED,false,NONE
K250443:output,K250443,output,RECONSTRUCTION_OR_ENHANCEMENT,RECONSTRUCTION_OR_ENHANCEMENT,CODED,false,NONE
K250443:user,K250443,user,OTHER_CLINICIAN;OTHER_PHYSICIAN,OTHER_CLINICIAN;OTHER_PHYSICIAN,CODED,false,NONE
K250443:setting,K250443,setting,DIAGNOSTIC_INTERPRETATION,DIAGNOSTIC_INTERPRETATION,CODED,false,NONE
K250443:action,K250443,action,INTERPRETATION_OR_DIAGNOSIS,INTERPRETATION_OR_DIAGNOSIS,CODED,false,NONE
K250443:component_status,K250443,component_status,UNCERTAIN,UNCERTAIN,UNCERTAIN,true,FUNCTION_GROUP_UNRESOLVED
K250484:input,K250484,input,AUDIO_OR_VIDEO;MEDICAL_IMAGE;DEVICE_TELEMETRY_OR_OPERATIONAL;MULTIMODAL,AUDIO_OR_VIDEO;MEDICAL_IMAGE;DEVICE_TELEMETRY_OR_OPERATIONAL;MULTIMODAL,CODED,false,NONE
K250484:output,K250484,output,RECONSTRUCTION_OR_ENHANCEMENT;SEGMENTATION_OR_LOCALIZATION;MEASUREMENT_OR_QUANTIFICATION;DOCUMENTATION_OR_SUMMARY,RECONSTRUCTION_OR_ENHANCEMENT;SEGMENTATION_OR_LOCALIZATION;MEASUREMENT_OR_QUANTIFICATION;DOCUMENTATION_OR_SUMMARY,CODED,false,NONE
K250484:user,K250484,user,OTHER_PHYSICIAN;OTHER_CLINICIAN,OTHER_PHYSICIAN;OTHER_CLINICIAN,CODED,false,NONE
K250484:setting,K250484,setting,DIAGNOSTIC_INTERPRETATION;MONITORING,DIAGNOSTIC_INTERPRETATION;MONITORING,CODED,false,NONE
K250484:action,K250484,action,INTERPRETATION_OR_DIAGNOSIS;MONITORING_OR_FOLLOW_UP;WORKFLOW_OR_DOCUMENTATION,INTERPRETATION_OR_DIAGNOSIS;MONITORING_OR_FOLLOW_UP;WORKFLOW_OR_DOCUMENTATION,CODED,false,NONE
K250484:component_status,K250484,component_status,SINGLE,SINGLE,CODED,false,NONE
K250507:input,K250507,input,PHYSIOLOGICAL_SIGNAL,PHYSIOLOGICAL_SIGNAL,CODED,false,NONE
K250507:output,K250507,output,DETECTION_OR_ALERT,DETECTION_OR_ALERT,CODED,false,NONE
K250507:user,K250507,user,PATIENT_OR_CAREGIVER,PATIENT_OR_CAREGIVER,CODED,false,NONE
K250507:setting,K250507,setting,HOME_OR_CONSUMER;SCREENING,HOME_OR_CONSUMER;SCREENING,CODED,false,NONE
K250507:action,K250507,action,REFERRAL_OR_ESCALATION,REFERRAL_OR_ESCALATION,CODED,false,NONE
K250507:component_status,K250507,component_status,SINGLE,SINGLE,CODED,false,NONE
K250515:input,K250515,input,PHYSIOLOGICAL_SIGNAL,PHYSIOLOGICAL_SIGNAL,CODED,false,NONE
K250515:output,K250515,output,DETECTION_OR_ALERT;MEASUREMENT_OR_QUANTIFICATION,DETECTION_OR_ALERT;MEASUREMENT_OR_QUANTIFICATION,CODED,false,NONE
K250515:user,K250515,user,PATIENT_OR_CAREGIVER;OTHER_CLINICIAN,PATIENT_OR_CAREGIVER;OTHER_CLINICIAN,CODED,false,NONE
K250515:setting,K250515,setting,HOME_OR_CONSUMER;MONITORING;OTHER,HOME_OR_CONSUMER;MONITORING;OTHER,CODED,false,NONE
K250515:action,K250515,action,REFERRAL_OR_ESCALATION;MONITORING_OR_FOLLOW_UP,REFERRAL_OR_ESCALATION;MONITORING_OR_FOLLOW_UP,CODED,false,NONE
K250515:component_status,K250515,component_status,MULTIPLE,MULTIPLE,CODED,false,NONE
K250525:input,K250525,input,MEDICAL_IMAGE,MEDICAL_IMAGE,CODED,false,NONE
K250525:output,K250525,output,DETECTION_OR_ALERT;SEGMENTATION_OR_LOCALIZATION,DETECTION_OR_ALERT;SEGMENTATION_OR_LOCALIZATION,CODED,false,NONE
K250525:user,K250525,user,OTHER_CLINICIAN,OTHER_CLINICIAN,CODED,false,NONE
K250525:setting,K250525,setting,DIAGNOSTIC_INTERPRETATION,DIAGNOSTIC_INTERPRETATION,CODED,false,NONE
K250525:action,K250525,action,INTERPRETATION_OR_DIAGNOSIS,INTERPRETATION_OR_DIAGNOSIS,CODED,false,NONE
K250525:component_status,K250525,component_status,SINGLE,SINGLE,CODED,false,NONE
K250543:input,K250543,input,MEDICAL_IMAGE;AUDIO_OR_VIDEO,MEDICAL_IMAGE;AUDIO_OR_VIDEO,CODED,false,NONE
K250543:output,K250543,output,OTHER,OTHER,CODED,false,NONE
K250543:user,K250543,user,OTHER_CLINICIAN,OTHER_CLINICIAN,CODED,false,NONE
K250543:setting,K250543,setting,OTHER,OTHER,CODED,false,NONE
K250543:action,K250543,action,WORKFLOW_OR_DOCUMENTATION,WORKFLOW_OR_DOCUMENTATION,CODED,false,NONE
K250543:component_status,K250543,component_status,MULTIPLE,MULTIPLE,CODED,false,NONE
K250569:input,K250569,input,PHYSIOLOGICAL_SIGNAL,PHYSIOLOGICAL_SIGNAL,CODED,false,NONE
K250569:output,K250569,output,DETECTION_OR_ALERT;MEASUREMENT_OR_QUANTIFICATION;DOCUMENTATION_OR_SUMMARY,DETECTION_OR_ALERT;MEASUREMENT_OR_QUANTIFICATION;DOCUMENTATION_OR_SUMMARY,CODED,false,NONE
K250569:user,K250569,user,OTHER_CLINICIAN;OTHER_PHYSICIAN,OTHER_CLINICIAN;OTHER_PHYSICIAN,CODED,false,NONE
K250569:setting,K250569,setting,DIAGNOSTIC_INTERPRETATION,DIAGNOSTIC_INTERPRETATION,CODED,false,NONE
K250569:action,K250569,action,INTERPRETATION_OR_DIAGNOSIS;WORKFLOW_OR_DOCUMENTATION,INTERPRETATION_OR_DIAGNOSIS;WORKFLOW_OR_DOCUMENTATION,CODED,false,NONE
K250569:component_status,K250569,component_status,SINGLE,SINGLE,CODED,false,NONE
K250649:input,K250649,input,PHYSIOLOGICAL_SIGNAL,PHYSIOLOGICAL_SIGNAL,CODED,false,NONE
K250649:output,K250649,output,DETECTION_OR_ALERT,DETECTION_OR_ALERT,CODED,false,NONE
K250649:user,K250649,user,OTHER_PHYSICIAN;OTHER_CLINICIAN,OTHER_PHYSICIAN;OTHER_CLINICIAN,CODED,false,NONE
K250649:setting,K250649,setting,SCREENING;ACUTE_TRIAGE_OR_EMERGENCY;OUTPATIENT,SCREENING;ACUTE_TRIAGE_OR_EMERGENCY;OUTPATIENT,CODED,false,NONE
K250649:action,K250649,action,REFERRAL_OR_ESCALATION;INTERPRETATION_OR_DIAGNOSIS,REFERRAL_OR_ESCALATION;INTERPRETATION_OR_DIAGNOSIS,CODED,false,NONE
K250649:component_status,K250649,component_status,SINGLE,SINGLE,CODED,false,NONE
K250650:input,K250650,input,MEDICAL_IMAGE,MEDICAL_IMAGE,CODED,false,NONE
K250650:output,K250650,output,RECONSTRUCTION_OR_ENHANCEMENT,RECONSTRUCTION_OR_ENHANCEMENT,CODED,false,NONE
K250650:user,K250650,user,NOT_STATED,NOT_STATED,NOT_STATED,true,FIELD_NOT_STATED
K250650:setting,K250650,setting,DIAGNOSTIC_INTERPRETATION;PROCEDURAL_OR_OPERATING_ROOM,DIAGNOSTIC_INTERPRETATION;PROCEDURAL_OR_OPERATING_ROOM,CODED,false,NONE
K250650:action,K250650,action,INTERPRETATION_OR_DIAGNOSIS;TREATMENT_OR_PROCEDURE_PLANNING,INTERPRETATION_OR_DIAGNOSIS;TREATMENT_OR_PROCEDURE_PLANNING,CODED,false,NONE
K250650:component_status,K250650,component_status,SINGLE,SINGLE,CODED,false,NONE
K250652:input,K250652,input,PHYSIOLOGICAL_SIGNAL,PHYSIOLOGICAL_SIGNAL,CODED,false,NONE
K250652:output,K250652,output,DETECTION_OR_ALERT,DETECTION_OR_ALERT,CODED,false,NONE
K250652:user,K250652,user,OTHER_PHYSICIAN;OTHER_CLINICIAN,OTHER_PHYSICIAN;OTHER_CLINICIAN,CODED,false,NONE
K250652:setting,K250652,setting,SCREENING;OUTPATIENT;ACUTE_TRIAGE_OR_EMERGENCY,SCREENING;OUTPATIENT;ACUTE_TRIAGE_OR_EMERGENCY,CODED,false,NONE
K250652:action,K250652,action,REFERRAL_OR_ESCALATION;INTERPRETATION_OR_DIAGNOSIS,REFERRAL_OR_ESCALATION;INTERPRETATION_OR_DIAGNOSIS,CODED,false,NONE
K250652:component_status,K250652,component_status,SINGLE,SINGLE,CODED,false,NONE
K250655:input,K250655,input,MEDICAL_IMAGE;AUDIO_OR_VIDEO,MEDICAL_IMAGE;AUDIO_OR_VIDEO,CODED,false,NONE
K250655:output,K250655,output,DETECTION_OR_ALERT;SEGMENTATION_OR_LOCALIZATION;DOCUMENTATION_OR_SUMMARY,DETECTION_OR_ALERT;SEGMENTATION_OR_LOCALIZATION;DOCUMENTATION_OR_SUMMARY,CODED,false,NONE
K250655:user,K250655,user,OTHER_CLINICIAN,OTHER_CLINICIAN,CODED,false,NONE
K250655:setting,K250655,setting,DIAGNOSTIC_INTERPRETATION;MONITORING,DIAGNOSTIC_INTERPRETATION;MONITORING,CODED,false,NONE
K250655:action,K250655,action,INTERPRETATION_OR_DIAGNOSIS;WORKFLOW_OR_DOCUMENTATION;REFERRAL_OR_ESCALATION,INTERPRETATION_OR_DIAGNOSIS;WORKFLOW_OR_DOCUMENTATION;REFERRAL_OR_ESCALATION,CODED,false,NONE
K250655:component_status,K250655,component_status,SINGLE,SINGLE,CODED,false,NONE
K250660:input,K250660,input,AUDIO_OR_VIDEO;MEDICAL_IMAGE,AUDIO_OR_VIDEO;MEDICAL_IMAGE,CODED,false,NONE
K250660:output,K250660,output,CONTROL_OR_AUTOMATION;RECONSTRUCTION_OR_ENHANCEMENT,CONTROL_OR_AUTOMATION;RECONSTRUCTION_OR_ENHANCEMENT,CODED,false,NONE
K250660:user,K250660,user,OTHER_CLINICIAN;TECHNOLOGIST_OR_OPERATOR,OTHER_CLINICIAN;TECHNOLOGIST_OR_OPERATOR,CODED,false,NONE
K250660:setting,K250660,setting,DIAGNOSTIC_INTERPRETATION;OTHER,DIAGNOSTIC_INTERPRETATION;OTHER,CODED,false,NONE
K250660:action,K250660,action,THERAPY_DOSE_OR_DEVICE_CONTROL;WORKFLOW_OR_DOCUMENTATION,THERAPY_DOSE_OR_DEVICE_CONTROL;WORKFLOW_OR_DOCUMENTATION,CODED,false,NONE
K250660:component_status,K250660,component_status,MULTIPLE,MULTIPLE,CODED,false,NONE
K250662:input,K250662,input,MEDICAL_IMAGE,MEDICAL_IMAGE,CODED,false,NONE
K250662:output,K250662,output,DETECTION_OR_ALERT;SEGMENTATION_OR_LOCALIZATION;MEASUREMENT_OR_QUANTIFICATION;DOCUMENTATION_OR_SUMMARY,DETECTION_OR_ALERT;SEGMENTATION_OR_LOCALIZATION;MEASUREMENT_OR_QUANTIFICATION;DOCUMENTATION_OR_SUMMARY,CODED,false,NONE
K250662:user,K250662,user,OTHER_PHYSICIAN;RADIOLOGIST;OTHER_CLINICIAN,OTHER_PHYSICIAN;RADIOLOGIST;OTHER_CLINICIAN,CODED,false,NONE
K250662:setting,K250662,setting,DIAGNOSTIC_INTERPRETATION;OTHER,DIAGNOSTIC_INTERPRETATION;OTHER,CODED,false,NONE
K250662:action,K250662,action,INTERPRETATION_OR_DIAGNOSIS;WORKFLOW_OR_DOCUMENTATION,INTERPRETATION_OR_DIAGNOSIS;WORKFLOW_OR_DOCUMENTATION,CODED,false,NONE
K250662:component_status,K250662,component_status,SINGLE,SINGLE,CODED,false,NONE
K250670:input,K250670,input,MEDICAL_IMAGE;AUDIO_OR_VIDEO,MEDICAL_IMAGE;AUDIO_OR_VIDEO,CODED,false,NONE
K250670:output,K250670,output,CLASSIFICATION_OR_DIAGNOSIS;SEGMENTATION_OR_LOCALIZATION;MEASUREMENT_OR_QUANTIFICATION;DOCUMENTATION_OR_SUMMARY,CLASSIFICATION_OR_DIAGNOSIS;SEGMENTATION_OR_LOCALIZATION;MEASUREMENT_OR_QUANTIFICATION;DOCUMENTATION_OR_SUMMARY,CODED,false,NONE
K250670:user,K250670,user,NOT_STATED,NOT_STATED,NOT_STATED,true,FIELD_NOT_STATED
K250670:setting,K250670,setting,DIAGNOSTIC_INTERPRETATION,DIAGNOSTIC_INTERPRETATION,CODED,false,NONE
K250670:action,K250670,action,INTERPRETATION_OR_DIAGNOSIS;WORKFLOW_OR_DOCUMENTATION,INTERPRETATION_OR_DIAGNOSIS;WORKFLOW_OR_DOCUMENTATION,CODED,false,NONE
K250670:component_status,K250670,component_status,SINGLE,SINGLE,CODED,false,NONE
K250685:input,K250685,input,MEDICAL_IMAGE,MEDICAL_IMAGE,CODED,false,NONE
K250685:output,K250685,output,DETECTION_OR_ALERT,DETECTION_OR_ALERT,CODED,false,NONE
K250685:user,K250685,user,OTHER_PHYSICIAN;OTHER_CLINICIAN,OTHER_PHYSICIAN;OTHER_CLINICIAN,CODED,false,NONE
K250685:setting,K250685,setting,ACUTE_TRIAGE_OR_EMERGENCY,ACUTE_TRIAGE_OR_EMERGENCY,CODED,false,NONE
K250685:action,K250685,action,TRIAGE_OR_PRIORITIZATION,TRIAGE_OR_PRIORITIZATION,CODED,false,NONE
K250685:component_status,K250685,component_status,SINGLE,SINGLE,CODED,false,NONE
K250686:input,K250686,input,MEDICAL_IMAGE,MEDICAL_IMAGE,CODED,false,NONE
K250686:output,K250686,output,SEGMENTATION_OR_LOCALIZATION;MEASUREMENT_OR_QUANTIFICATION;DOCUMENTATION_OR_SUMMARY,SEGMENTATION_OR_LOCALIZATION;MEASUREMENT_OR_QUANTIFICATION;DOCUMENTATION_OR_SUMMARY,CODED,false,NONE
K250686:user,K250686,user,OTHER_CLINICIAN;TECHNOLOGIST_OR_OPERATOR,OTHER_CLINICIAN;TECHNOLOGIST_OR_OPERATOR,CODED,false,NONE
K250686:setting,K250686,setting,DIAGNOSTIC_INTERPRETATION,DIAGNOSTIC_INTERPRETATION,CODED,false,NONE
K250686:action,K250686,action,INTERPRETATION_OR_DIAGNOSIS;WORKFLOW_OR_DOCUMENTATION,INTERPRETATION_OR_DIAGNOSIS;WORKFLOW_OR_DOCUMENTATION,CODED,false,NONE
K250686:component_status,K250686,component_status,SINGLE,SINGLE,CODED,false,NONE
K250694:input,K250694,input,MEDICAL_IMAGE,MEDICAL_IMAGE,CODED,false,NONE
K250694:output,K250694,output,DETECTION_OR_ALERT,DETECTION_OR_ALERT,CODED,false,NONE
K250694:user,K250694,user,RADIOLOGIST,RADIOLOGIST,CODED,false,NONE
K250694:setting,K250694,setting,ACUTE_TRIAGE_OR_EMERGENCY;OTHER,ACUTE_TRIAGE_OR_EMERGENCY;OTHER,CODED,false,NONE
K250694:action,K250694,action,TRIAGE_OR_PRIORITIZATION,TRIAGE_OR_PRIORITIZATION,CODED,false,NONE
K250694:component_status,K250694,component_status,SINGLE,SINGLE,CODED,false,NONE
K250738:input,K250738,input,AUDIO_OR_VIDEO;MEDICAL_IMAGE,AUDIO_OR_VIDEO;MEDICAL_IMAGE,CODED,false,NONE
K250738:output,K250738,output,CONTROL_OR_AUTOMATION;RECONSTRUCTION_OR_ENHANCEMENT,CONTROL_OR_AUTOMATION;RECONSTRUCTION_OR_ENHANCEMENT,CODED,false,NONE
K250738:user,K250738,user,OTHER_CLINICIAN;TECHNOLOGIST_OR_OPERATOR,OTHER_CLINICIAN;TECHNOLOGIST_OR_OPERATOR,CODED,false,NONE
K250738:setting,K250738,setting,DIAGNOSTIC_INTERPRETATION;OTHER,DIAGNOSTIC_INTERPRETATION;OTHER,CODED,false,NONE
K250738:action,K250738,action,THERAPY_DOSE_OR_DEVICE_CONTROL;WORKFLOW_OR_DOCUMENTATION,THERAPY_DOSE_OR_DEVICE_CONTROL;WORKFLOW_OR_DOCUMENTATION,CODED,false,NONE
K250738:component_status,K250738,component_status,MULTIPLE,MULTIPLE,CODED,false,NONE
K250749:input,K250749,input,PHYSIOLOGICAL_SIGNAL,PHYSIOLOGICAL_SIGNAL,CODED,false,NONE
K250749:output,K250749,output,SEGMENTATION_OR_LOCALIZATION;MEASUREMENT_OR_QUANTIFICATION;OTHER,SEGMENTATION_OR_LOCALIZATION;MEASUREMENT_OR_QUANTIFICATION;OTHER,CODED,false,NONE
K250749:user,K250749,user,OTHER_PHYSICIAN;OTHER_CLINICIAN;TECHNOLOGIST_OR_OPERATOR,OTHER_PHYSICIAN;OTHER_CLINICIAN;TECHNOLOGIST_OR_OPERATOR,CODED,false,NONE
K250749:setting,K250749,setting,PROCEDURAL_OR_OPERATING_ROOM,PROCEDURAL_OR_OPERATING_ROOM,CODED,false,NONE
K250749:action,K250749,action,INTERPRETATION_OR_DIAGNOSIS,INTERPRETATION_OR_DIAGNOSIS,CODED,false,NONE
K250749:component_status,K250749,component_status,SINGLE,SINGLE,CODED,false,NONE
K250753:input,K250753,input,MEDICAL_IMAGE,MEDICAL_IMAGE,CODED,false,NONE
K250753:output,K250753,output,DETECTION_OR_ALERT;SEGMENTATION_OR_LOCALIZATION,DETECTION_OR_ALERT;SEGMENTATION_OR_LOCALIZATION,CODED,false,NONE
K250753:user,K250753,user,OTHER_CLINICIAN,OTHER_CLINICIAN,CODED,false,NONE
K250753:setting,K250753,setting,DIAGNOSTIC_INTERPRETATION,DIAGNOSTIC_INTERPRETATION,CODED,false,NONE
K250753:action,K250753,action,INTERPRETATION_OR_DIAGNOSIS,INTERPRETATION_OR_DIAGNOSIS,CODED,false,NONE
K250753:component_status,K250753,component_status,SINGLE,SINGLE,CODED,false,NONE
K250754:input,K250754,input,MEDICAL_IMAGE,MEDICAL_IMAGE,CODED,false,NONE
K250754:output,K250754,output,DETECTION_OR_ALERT;SEGMENTATION_OR_LOCALIZATION,DETECTION_OR_ALERT;SEGMENTATION_OR_LOCALIZATION,CODED,false,NONE
K250754:user,K250754,user,OTHER_PHYSICIAN,OTHER_PHYSICIAN,CODED,false,NONE
K250754:setting,K250754,setting,SCREENING;DIAGNOSTIC_INTERPRETATION,SCREENING;DIAGNOSTIC_INTERPRETATION,CODED,false,NONE
K250754:action,K250754,action,INTERPRETATION_OR_DIAGNOSIS,INTERPRETATION_OR_DIAGNOSIS,CODED,false,NONE
K250754:component_status,K250754,component_status,SINGLE,SINGLE,CODED,false,NONE
K250755:input,K250755,input,MEDICAL_IMAGE,MEDICAL_IMAGE,CODED,false,NONE
K250755:output,K250755,output,SEGMENTATION_OR_LOCALIZATION;RECONSTRUCTION_OR_ENHANCEMENT,SEGMENTATION_OR_LOCALIZATION;RECONSTRUCTION_OR_ENHANCEMENT,CODED,false,NONE
K250755:user,K250755,user,OTHER_CLINICIAN,OTHER_CLINICIAN,CODED,false,NONE
K250755:setting,K250755,setting,DIAGNOSTIC_INTERPRETATION,DIAGNOSTIC_INTERPRETATION,CODED,false,NONE
K250755:action,K250755,action,WORKFLOW_OR_DOCUMENTATION;INTERPRETATION_OR_DIAGNOSIS,WORKFLOW_OR_DOCUMENTATION;INTERPRETATION_OR_DIAGNOSIS,CODED,false,NONE
K250755:component_status,K250755,component_status,SINGLE,SINGLE,CODED,false,NONE
K250766:input,K250766,input,NOT_ASSESSABLE,NOT_ASSESSABLE,NOT_ASSESSABLE,true,AI_ATTRIBUTION_BARRIER
K250766:output,K250766,output,NOT_ASSESSABLE,NOT_ASSESSABLE,NOT_ASSESSABLE,true,AI_ATTRIBUTION_BARRIER
K250766:user,K250766,user,NOT_ASSESSABLE,NOT_ASSESSABLE,NOT_ASSESSABLE,true,AI_ATTRIBUTION_BARRIER
K250766:setting,K250766,setting,NOT_ASSESSABLE,NOT_ASSESSABLE,NOT_ASSESSABLE,true,AI_ATTRIBUTION_BARRIER
K250766:action,K250766,action,NOT_ASSESSABLE,NOT_ASSESSABLE,NOT_ASSESSABLE,true,AI_ATTRIBUTION_BARRIER
K250766:component_status,K250766,component_status,UNCERTAIN,UNCERTAIN,UNCERTAIN,true,AI_ATTRIBUTION_BARRIER
K250780:input,K250780,input,MEDICAL_IMAGE,MEDICAL_IMAGE,CODED,false,NONE
K250780:output,K250780,output,RECONSTRUCTION_OR_ENHANCEMENT,RECONSTRUCTION_OR_ENHANCEMENT,CODED,false,NONE
K250780:user,K250780,user,NOT_STATED,NOT_STATED,NOT_STATED,true,FIELD_NOT_STATED
K250780:setting,K250780,setting,PROCEDURAL_OR_OPERATING_ROOM,PROCEDURAL_OR_OPERATING_ROOM,CODED,false,NONE
K250780:action,K250780,action,TREATMENT_OR_PROCEDURE_PLANNING;WORKFLOW_OR_DOCUMENTATION,TREATMENT_OR_PROCEDURE_PLANNING;WORKFLOW_OR_DOCUMENTATION,CODED,false,NONE
K250780:component_status,K250780,component_status,SINGLE,SINGLE,CODED,false,NONE
K250788:input,K250788,input,MEDICAL_IMAGE,MEDICAL_IMAGE,CODED,false,NONE
K250788:output,K250788,output,RECONSTRUCTION_OR_ENHANCEMENT,RECONSTRUCTION_OR_ENHANCEMENT,CODED,false,NONE
K250788:user,K250788,user,TECHNOLOGIST_OR_OPERATOR,TECHNOLOGIST_OR_OPERATOR,CODED,false,NONE
K250788:setting,K250788,setting,DIAGNOSTIC_INTERPRETATION;OTHER,DIAGNOSTIC_INTERPRETATION;OTHER,CODED,false,NONE
K250788:action,K250788,action,INTERPRETATION_OR_DIAGNOSIS;WORKFLOW_OR_DOCUMENTATION,INTERPRETATION_OR_DIAGNOSIS;WORKFLOW_OR_DOCUMENTATION,CODED,false,NONE
K250788:component_status,K250788,component_status,SINGLE,SINGLE,CODED,false,NONE
K250818:input,K250818,input,MEDICAL_IMAGE,MEDICAL_IMAGE,CODED,false,NONE
K250818:output,K250818,output,SEGMENTATION_OR_LOCALIZATION;OTHER,SEGMENTATION_OR_LOCALIZATION;OTHER,CODED,false,NONE
K250818:user,K250818,user,OTHER_CLINICIAN,OTHER_CLINICIAN,CODED,false,NONE
K250818:setting,K250818,setting,PROCEDURAL_OR_OPERATING_ROOM,PROCEDURAL_OR_OPERATING_ROOM,CODED,false,NONE
K250818:action,K250818,action,TREATMENT_OR_PROCEDURE_PLANNING;WORKFLOW_OR_DOCUMENTATION,TREATMENT_OR_PROCEDURE_PLANNING;WORKFLOW_OR_DOCUMENTATION,CODED,false,NONE
K250818:component_status,K250818,component_status,SINGLE,SINGLE,CODED,false,NONE
K250831:input,K250831,input,MEDICAL_IMAGE,MEDICAL_IMAGE,CODED,false,NONE
K250831:output,K250831,output,DETECTION_OR_ALERT,DETECTION_OR_ALERT,CODED,false,NONE
K250831:user,K250831,user,OTHER_CLINICIAN,OTHER_CLINICIAN,CODED,false,NONE
K250831:setting,K250831,setting,ACUTE_TRIAGE_OR_EMERGENCY;OTHER,ACUTE_TRIAGE_OR_EMERGENCY;OTHER,CODED,false,NONE
K250831:action,K250831,action,TRIAGE_OR_PRIORITIZATION,TRIAGE_OR_PRIORITIZATION,CODED,false,NONE
K250831:component_status,K250831,component_status,MULTIPLE,MULTIPLE,CODED,false,NONE
K250877:input,K250877,input,MEDICAL_IMAGE,MEDICAL_IMAGE,CODED,false,NONE
K250877:output,K250877,output,SEGMENTATION_OR_LOCALIZATION;RECONSTRUCTION_OR_ENHANCEMENT,SEGMENTATION_OR_LOCALIZATION;RECONSTRUCTION_OR_ENHANCEMENT,CODED,false,NONE
K250877:user,K250877,user,OTHER_PHYSICIAN;TECHNOLOGIST_OR_OPERATOR,OTHER_PHYSICIAN;TECHNOLOGIST_OR_OPERATOR,CODED,false,NONE
K250877:setting,K250877,setting,PROCEDURAL_OR_OPERATING_ROOM,PROCEDURAL_OR_OPERATING_ROOM,CODED,false,NONE
K250877:action,K250877,action,TREATMENT_OR_PROCEDURE_PLANNING;THERAPY_DOSE_OR_DEVICE_CONTROL,TREATMENT_OR_PROCEDURE_PLANNING;THERAPY_DOSE_OR_DEVICE_CONTROL,CODED,false,NONE
K250877:component_status,K250877,component_status,SINGLE,SINGLE,CODED,false,NONE
K250882:input,K250882,input,PHYSIOLOGICAL_SIGNAL,PHYSIOLOGICAL_SIGNAL,CODED,false,NONE
K250882:output,K250882,output,MEASUREMENT_OR_QUANTIFICATION;CLASSIFICATION_OR_DIAGNOSIS;DOCUMENTATION_OR_SUMMARY,MEASUREMENT_OR_QUANTIFICATION;CLASSIFICATION_OR_DIAGNOSIS;DOCUMENTATION_OR_SUMMARY,CODED,false,NONE
K250882:user,K250882,user,OTHER_CLINICIAN,OTHER_CLINICIAN,CODED,false,NONE
K250882:setting,K250882,setting,HOME_OR_CONSUMER;DIAGNOSTIC_INTERPRETATION;OTHER,HOME_OR_CONSUMER;DIAGNOSTIC_INTERPRETATION;OTHER,CODED,false,NONE
K250882:action,K250882,action,INTERPRETATION_OR_DIAGNOSIS;WORKFLOW_OR_DOCUMENTATION,INTERPRETATION_OR_DIAGNOSIS;WORKFLOW_OR_DOCUMENTATION,CODED,false,NONE
K250882:component_status,K250882,component_status,SINGLE,SINGLE,CODED,false,NONE
K250886:input,K250886,input,MEDICAL_IMAGE;AUDIO_OR_VIDEO,MEDICAL_IMAGE;AUDIO_OR_VIDEO,CODED,false,NONE
K250886:output,K250886,output,CLASSIFICATION_OR_DIAGNOSIS;OTHER,CLASSIFICATION_OR_DIAGNOSIS;OTHER,CODED,false,NONE
K250886:user,K250886,user,OTHER_CLINICIAN;OTHER_PHYSICIAN;TECHNOLOGIST_OR_OPERATOR,OTHER_CLINICIAN;OTHER_PHYSICIAN;TECHNOLOGIST_OR_OPERATOR,CODED,false,NONE
K250886:setting,K250886,setting,DIAGNOSTIC_INTERPRETATION;OUTPATIENT;OTHER,DIAGNOSTIC_INTERPRETATION;OUTPATIENT;OTHER,CODED,false,NONE
K250886:action,K250886,action,WORKFLOW_OR_DOCUMENTATION;INTERPRETATION_OR_DIAGNOSIS,WORKFLOW_OR_DOCUMENTATION;INTERPRETATION_OR_DIAGNOSIS,CODED,false,NONE
K250886:component_status,K250886,component_status,SINGLE,SINGLE,CODED,false,NONE
K250901:input,K250901,input,MEDICAL_IMAGE,MEDICAL_IMAGE,CODED,false,NONE
K250901:output,K250901,output,RECONSTRUCTION_OR_ENHANCEMENT,RECONSTRUCTION_OR_ENHANCEMENT,CODED,false,NONE
K250901:user,K250901,user,OTHER_PHYSICIAN,OTHER_PHYSICIAN,CODED,false,NONE
K250901:setting,K250901,setting,DIAGNOSTIC_INTERPRETATION,DIAGNOSTIC_INTERPRETATION,CODED,false,NONE
K250901:action,K250901,action,INTERPRETATION_OR_DIAGNOSIS,INTERPRETATION_OR_DIAGNOSIS,CODED,false,NONE
K250901:component_status,K250901,component_status,SINGLE,SINGLE,CODED,false,NONE
K250902:input,K250902,input,MEDICAL_IMAGE,MEDICAL_IMAGE,CODED,false,NONE
K250902:output,K250902,output,SEGMENTATION_OR_LOCALIZATION;MEASUREMENT_OR_QUANTIFICATION;DOCUMENTATION_OR_SUMMARY,SEGMENTATION_OR_LOCALIZATION;MEASUREMENT_OR_QUANTIFICATION;DOCUMENTATION_OR_SUMMARY,CODED,false,NONE
K250902:user,K250902,user,OTHER_CLINICIAN,OTHER_CLINICIAN,CODED,false,NONE
K250902:setting,K250902,setting,DIAGNOSTIC_INTERPRETATION;PROCEDURAL_OR_OPERATING_ROOM,DIAGNOSTIC_INTERPRETATION;PROCEDURAL_OR_OPERATING_ROOM,CODED,false,NONE
K250902:action,K250902,action,INTERPRETATION_OR_DIAGNOSIS;TREATMENT_OR_PROCEDURE_PLANNING,INTERPRETATION_OR_DIAGNOSIS;TREATMENT_OR_PROCEDURE_PLANNING,CODED,false,NONE
K250902:component_status,K250902,component_status,MULTIPLE,MULTIPLE,CODED,false,NONE
K250914:input,K250914,input,MEDICAL_IMAGE,MEDICAL_IMAGE,CODED,false,NONE
K250914:output,K250914,output,MEASUREMENT_OR_QUANTIFICATION;DOCUMENTATION_OR_SUMMARY,MEASUREMENT_OR_QUANTIFICATION;DOCUMENTATION_OR_SUMMARY,CODED,false,NONE
K250914:user,K250914,user,RADIOLOGIST,RADIOLOGIST,CODED,false,NONE
K250914:setting,K250914,setting,DIAGNOSTIC_INTERPRETATION;OTHER,DIAGNOSTIC_INTERPRETATION;OTHER,CODED,false,NONE
K250914:action,K250914,action,INTERPRETATION_OR_DIAGNOSIS,INTERPRETATION_OR_DIAGNOSIS,CODED,false,NONE
K250914:component_status,K250914,component_status,SINGLE,SINGLE,CODED,false,NONE
K250932:input,K250932,input,PHYSIOLOGICAL_SIGNAL,PHYSIOLOGICAL_SIGNAL,CODED,false,NONE
K250932:output,K250932,output,DETECTION_OR_ALERT;CLASSIFICATION_OR_DIAGNOSIS;MEASUREMENT_OR_QUANTIFICATION,DETECTION_OR_ALERT;CLASSIFICATION_OR_DIAGNOSIS;MEASUREMENT_OR_QUANTIFICATION,CODED,false,NONE
K250932:user,K250932,user,OTHER_CLINICIAN;OTHER_PHYSICIAN;TECHNOLOGIST_OR_OPERATOR;OTHER,OTHER_CLINICIAN;OTHER_PHYSICIAN;TECHNOLOGIST_OR_OPERATOR;OTHER,CODED,false,NONE
K250932:setting,K250932,setting,DIAGNOSTIC_INTERPRETATION;MONITORING,DIAGNOSTIC_INTERPRETATION;MONITORING,CODED,false,NONE
K250932:action,K250932,action,INTERPRETATION_OR_DIAGNOSIS,INTERPRETATION_OR_DIAGNOSIS,CODED,false,NONE
K250932:component_status,K250932,component_status,SINGLE,SINGLE,CODED,false,NONE
K250941:input,K250941,input,MEDICAL_IMAGE,MEDICAL_IMAGE,CODED,false,NONE
K250941:output,K250941,output,RECONSTRUCTION_OR_ENHANCEMENT;SEGMENTATION_OR_LOCALIZATION,RECONSTRUCTION_OR_ENHANCEMENT;SEGMENTATION_OR_LOCALIZATION,CODED,false,NONE
K250941:user,K250941,user,NOT_STATED,NOT_STATED,NOT_STATED,true,FIELD_NOT_STATED
K250941:setting,K250941,setting,DIAGNOSTIC_INTERPRETATION;SCREENING;PROCEDURAL_OR_OPERATING_ROOM;MONITORING,DIAGNOSTIC_INTERPRETATION;SCREENING;PROCEDURAL_OR_OPERATING_ROOM;MONITORING,CODED,false,NONE
K250941:action,K250941,action,INTERPRETATION_OR_DIAGNOSIS;TREATMENT_OR_PROCEDURE_PLANNING;MONITORING_OR_FOLLOW_UP;WORKFLOW_OR_DOCUMENTATION,INTERPRETATION_OR_DIAGNOSIS;TREATMENT_OR_PROCEDURE_PLANNING;MONITORING_OR_FOLLOW_UP;WORKFLOW_OR_DOCUMENTATION,CODED,false,NONE
K250941:component_status,K250941,component_status,MULTIPLE,MULTIPLE,CODED,false,NONE
K250959:input,K250959,input,MEDICAL_IMAGE,MEDICAL_IMAGE,CODED,false,NONE
K250959:output,K250959,output,CLASSIFICATION_OR_DIAGNOSIS;DETECTION_OR_ALERT;OTHER;DOCUMENTATION_OR_SUMMARY,CLASSIFICATION_OR_DIAGNOSIS;DETECTION_OR_ALERT;OTHER;DOCUMENTATION_OR_SUMMARY,CODED,false,NONE
K250959:user,K250959,user,OTHER_CLINICIAN;OTHER_PHYSICIAN;TECHNOLOGIST_OR_OPERATOR,OTHER_CLINICIAN;OTHER_PHYSICIAN;TECHNOLOGIST_OR_OPERATOR,CODED,false,NONE
K250959:setting,K250959,setting,SCREENING;DIAGNOSTIC_INTERPRETATION;OUTPATIENT,SCREENING;DIAGNOSTIC_INTERPRETATION;OUTPATIENT,CODED,false,NONE
K250959:action,K250959,action,WORKFLOW_OR_DOCUMENTATION;INTERPRETATION_OR_DIAGNOSIS,WORKFLOW_OR_DOCUMENTATION;INTERPRETATION_OR_DIAGNOSIS,CODED,false,NONE
K250959:component_status,K250959,component_status,SINGLE,SINGLE,CODED,false,NONE
K250984:input,K250984,input,AUDIO_OR_VIDEO,AUDIO_OR_VIDEO,CODED,false,NONE
K250984:output,K250984,output,DETECTION_OR_ALERT;SEGMENTATION_OR_LOCALIZATION;CONTROL_OR_AUTOMATION,DETECTION_OR_ALERT;SEGMENTATION_OR_LOCALIZATION;CONTROL_OR_AUTOMATION,CODED,false,NONE
K250984:user,K250984,user,OTHER_PHYSICIAN,OTHER_PHYSICIAN,CODED,false,NONE
K250984:setting,K250984,setting,PROCEDURAL_OR_OPERATING_ROOM,PROCEDURAL_OR_OPERATING_ROOM,CODED,false,NONE
K250984:action,K250984,action,THERAPY_DOSE_OR_DEVICE_CONTROL;WORKFLOW_OR_DOCUMENTATION,THERAPY_DOSE_OR_DEVICE_CONTROL;WORKFLOW_OR_DOCUMENTATION,CODED,false,NONE
K250984:component_status,K250984,component_status,SINGLE,SINGLE,CODED,false,NONE
K250999:input,K250999,input,MEDICAL_IMAGE,MEDICAL_IMAGE,CODED,false,NONE
K250999:output,K250999,output,CLASSIFICATION_OR_DIAGNOSIS;SEGMENTATION_OR_LOCALIZATION;MEASUREMENT_OR_QUANTIFICATION,CLASSIFICATION_OR_DIAGNOSIS;SEGMENTATION_OR_LOCALIZATION;MEASUREMENT_OR_QUANTIFICATION,CODED,false,NONE
K250999:user,K250999,user,OTHER_CLINICIAN;TECHNOLOGIST_OR_OPERATOR,OTHER_CLINICIAN;TECHNOLOGIST_OR_OPERATOR,CODED,false,NONE
K250999:setting,K250999,setting,DIAGNOSTIC_INTERPRETATION;OUTPATIENT;OTHER,DIAGNOSTIC_INTERPRETATION;OUTPATIENT;OTHER,CODED,false,NONE
K250999:action,K250999,action,INTERPRETATION_OR_DIAGNOSIS;WORKFLOW_OR_DOCUMENTATION,INTERPRETATION_OR_DIAGNOSIS;WORKFLOW_OR_DOCUMENTATION,CODED,false,NONE
K250999:component_status,K250999,component_status,MULTIPLE,MULTIPLE,CODED,false,NONE
K251002:input,K251002,input,MEDICAL_IMAGE,MEDICAL_IMAGE,CODED,false,NONE
K251002:output,K251002,output,DETECTION_OR_ALERT;SEGMENTATION_OR_LOCALIZATION;MEASUREMENT_OR_QUANTIFICATION,DETECTION_OR_ALERT;SEGMENTATION_OR_LOCALIZATION;MEASUREMENT_OR_QUANTIFICATION,CODED,false,NONE
K251002:user,K251002,user,OTHER_CLINICIAN,OTHER_CLINICIAN,CODED,false,NONE
K251002:setting,K251002,setting,DIAGNOSTIC_INTERPRETATION;OUTPATIENT;OTHER,DIAGNOSTIC_INTERPRETATION;OUTPATIENT;OTHER,CODED,false,NONE
K251002:action,K251002,action,INTERPRETATION_OR_DIAGNOSIS;WORKFLOW_OR_DOCUMENTATION,INTERPRETATION_OR_DIAGNOSIS;WORKFLOW_OR_DOCUMENTATION,CODED,false,NONE
K251002:component_status,K251002,component_status,MULTIPLE,MULTIPLE,CODED,false,NONE
K251009:input,K251009,input,MEDICAL_IMAGE,MEDICAL_IMAGE,CODED,false,NONE
K251009:output,K251009,output,SEGMENTATION_OR_LOCALIZATION;MEASUREMENT_OR_QUANTIFICATION;DOCUMENTATION_OR_SUMMARY,SEGMENTATION_OR_LOCALIZATION;MEASUREMENT_OR_QUANTIFICATION;DOCUMENTATION_OR_SUMMARY,CODED,false,NONE
K251009:user,K251009,user,OTHER_PHYSICIAN;RADIOLOGIST;OTHER_CLINICIAN,OTHER_PHYSICIAN;RADIOLOGIST;OTHER_CLINICIAN,CODED,false,NONE
K251009:setting,K251009,setting,DIAGNOSTIC_INTERPRETATION,DIAGNOSTIC_INTERPRETATION,CODED,false,NONE
K251009:action,K251009,action,INTERPRETATION_OR_DIAGNOSIS;WORKFLOW_OR_DOCUMENTATION,INTERPRETATION_OR_DIAGNOSIS;WORKFLOW_OR_DOCUMENTATION,CODED,false,NONE
K251009:component_status,K251009,component_status,SINGLE,SINGLE,CODED,false,NONE
K251027:input,K251027,input,MEDICAL_IMAGE,MEDICAL_IMAGE,CODED,false,NONE
K251027:output,K251027,output,SEGMENTATION_OR_LOCALIZATION;DETECTION_OR_ALERT;CLASSIFICATION_OR_DIAGNOSIS;MEASUREMENT_OR_QUANTIFICATION;DOCUMENTATION_OR_SUMMARY,SEGMENTATION_OR_LOCALIZATION;DETECTION_OR_ALERT;CLASSIFICATION_OR_DIAGNOSIS;MEASUREMENT_OR_QUANTIFICATION;DOCUMENTATION_OR_SUMMARY,CODED,false,NONE
K251027:user,K251027,user,OTHER_PHYSICIAN;OTHER_CLINICIAN,OTHER_PHYSICIAN;OTHER_CLINICIAN,CODED,false,NONE
K251027:setting,K251027,setting,DIAGNOSTIC_INTERPRETATION,DIAGNOSTIC_INTERPRETATION,CODED,false,NONE
K251027:action,K251027,action,INTERPRETATION_OR_DIAGNOSIS;WORKFLOW_OR_DOCUMENTATION,INTERPRETATION_OR_DIAGNOSIS;WORKFLOW_OR_DOCUMENTATION,CODED,false,NONE
K251027:component_status,K251027,component_status,SINGLE,SINGLE,CODED,false,NONE
K251029:input,K251029,input,MEDICAL_IMAGE;PHYSIOLOGICAL_SIGNAL,MEDICAL_IMAGE;PHYSIOLOGICAL_SIGNAL,CODED,false,NONE
K251029:output,K251029,output,RECOMMENDATION_OR_PLANNING;SEGMENTATION_OR_LOCALIZATION;MEASUREMENT_OR_QUANTIFICATION;DETECTION_OR_ALERT;RECONSTRUCTION_OR_ENHANCEMENT,RECOMMENDATION_OR_PLANNING;SEGMENTATION_OR_LOCALIZATION;MEASUREMENT_OR_QUANTIFICATION;DETECTION_OR_ALERT;RECONSTRUCTION_OR_ENHANCEMENT,CODED,false,NONE
K251029:user,K251029,user,TECHNOLOGIST_OR_OPERATOR;OTHER_PHYSICIAN,TECHNOLOGIST_OR_OPERATOR;OTHER_PHYSICIAN,CODED,false,NONE
K251029:setting,K251029,setting,DIAGNOSTIC_INTERPRETATION;OTHER,DIAGNOSTIC_INTERPRETATION;OTHER,CODED,false,NONE
K251029:action,K251029,action,WORKFLOW_OR_DOCUMENTATION;THERAPY_DOSE_OR_DEVICE_CONTROL;INTERPRETATION_OR_DIAGNOSIS,WORKFLOW_OR_DOCUMENTATION;THERAPY_DOSE_OR_DEVICE_CONTROL;INTERPRETATION_OR_DIAGNOSIS,CODED,false,NONE
K251029:component_status,K251029,component_status,MULTIPLE,MULTIPLE,CODED,false,NONE
K251059:input,K251059,input,MEDICAL_IMAGE,MEDICAL_IMAGE,CODED,false,NONE
K251059:output,K251059,output,MEASUREMENT_OR_QUANTIFICATION;RECONSTRUCTION_OR_ENHANCEMENT;OTHER,MEASUREMENT_OR_QUANTIFICATION;RECONSTRUCTION_OR_ENHANCEMENT;OTHER,CODED,false,NONE
K251059:user,K251059,user,TECHNOLOGIST_OR_OPERATOR;OTHER_PHYSICIAN;RADIOLOGIST,TECHNOLOGIST_OR_OPERATOR;OTHER_PHYSICIAN;RADIOLOGIST,CODED,false,NONE
K251059:setting,K251059,setting,DIAGNOSTIC_INTERPRETATION;MONITORING,DIAGNOSTIC_INTERPRETATION;MONITORING,CODED,false,NONE
K251059:action,K251059,action,INTERPRETATION_OR_DIAGNOSIS;MONITORING_OR_FOLLOW_UP;WORKFLOW_OR_DOCUMENTATION,INTERPRETATION_OR_DIAGNOSIS;MONITORING_OR_FOLLOW_UP;WORKFLOW_OR_DOCUMENTATION,CODED,false,NONE
K251059:component_status,K251059,component_status,MULTIPLE,MULTIPLE,CODED,false,NONE
K251071:input,K251071,input,AUDIO_OR_VIDEO,AUDIO_OR_VIDEO,CODED,false,NONE
K251071:output,K251071,output,DETECTION_OR_ALERT;CLASSIFICATION_OR_DIAGNOSIS;DOCUMENTATION_OR_SUMMARY,DETECTION_OR_ALERT;CLASSIFICATION_OR_DIAGNOSIS;DOCUMENTATION_OR_SUMMARY,CODED,false,NONE
K251071:user,K251071,user,OTHER_PHYSICIAN,OTHER_PHYSICIAN,CODED,false,NONE
K251071:setting,K251071,setting,SCREENING;DIAGNOSTIC_INTERPRETATION,SCREENING;DIAGNOSTIC_INTERPRETATION,CODED,false,NONE
K251071:action,K251071,action,INTERPRETATION_OR_DIAGNOSIS;REFERRAL_OR_ESCALATION,INTERPRETATION_OR_DIAGNOSIS;REFERRAL_OR_ESCALATION,CODED,false,NONE
K251071:component_status,K251071,component_status,SINGLE,SINGLE,CODED,false,NONE
K251072:input,K251072,input,MEDICAL_IMAGE,MEDICAL_IMAGE,CODED,false,NONE
K251072:output,K251072,output,SEGMENTATION_OR_LOCALIZATION;CLASSIFICATION_OR_DIAGNOSIS;RECONSTRUCTION_OR_ENHANCEMENT;DOCUMENTATION_OR_SUMMARY,SEGMENTATION_OR_LOCALIZATION;CLASSIFICATION_OR_DIAGNOSIS;RECONSTRUCTION_OR_ENHANCEMENT;DOCUMENTATION_OR_SUMMARY,CODED,false,NONE
K251072:user,K251072,user,OTHER_CLINICIAN;RADIOLOGIST,OTHER_CLINICIAN;RADIOLOGIST,CODED,false,NONE
K251072:setting,K251072,setting,DIAGNOSTIC_INTERPRETATION;OTHER,DIAGNOSTIC_INTERPRETATION;OTHER,CODED,false,NONE
K251072:action,K251072,action,INTERPRETATION_OR_DIAGNOSIS;WORKFLOW_OR_DOCUMENTATION;OTHER,INTERPRETATION_OR_DIAGNOSIS;WORKFLOW_OR_DOCUMENTATION;OTHER,CODED,false,NONE
K251072:component_status,K251072,component_status,SINGLE,SINGLE,CODED,false,NONE
K251078:input,K251078,input,MEDICAL_IMAGE,MEDICAL_IMAGE,CODED,false,NONE
K251078:output,K251078,output,SEGMENTATION_OR_LOCALIZATION;MEASUREMENT_OR_QUANTIFICATION;DOCUMENTATION_OR_SUMMARY,SEGMENTATION_OR_LOCALIZATION;MEASUREMENT_OR_QUANTIFICATION;DOCUMENTATION_OR_SUMMARY,CODED,false,NONE
K251078:user,K251078,user,NOT_STATED,NOT_STATED,NOT_STATED,true,FIELD_NOT_STATED
K251078:setting,K251078,setting,PROCEDURAL_OR_OPERATING_ROOM;DIAGNOSTIC_INTERPRETATION,PROCEDURAL_OR_OPERATING_ROOM;DIAGNOSTIC_INTERPRETATION,CODED,false,NONE
K251078:action,K251078,action,TREATMENT_OR_PROCEDURE_PLANNING;INTERPRETATION_OR_DIAGNOSIS;REFERRAL_OR_ESCALATION,TREATMENT_OR_PROCEDURE_PLANNING;INTERPRETATION_OR_DIAGNOSIS;REFERRAL_OR_ESCALATION,CODED,false,NONE
K251078:component_status,K251078,component_status,SINGLE,SINGLE,CODED,false,NONE
K251082:input,K251082,input,MEDICAL_IMAGE,MEDICAL_IMAGE,CODED,false,NONE
K251082:output,K251082,output,SEGMENTATION_OR_LOCALIZATION,SEGMENTATION_OR_LOCALIZATION,CODED,false,NONE
K251082:user,K251082,user,OTHER_PHYSICIAN;OTHER_CLINICIAN,OTHER_PHYSICIAN;OTHER_CLINICIAN,CODED,false,NONE
K251082:setting,K251082,setting,PROCEDURAL_OR_OPERATING_ROOM,PROCEDURAL_OR_OPERATING_ROOM,CODED,false,NONE
K251082:action,K251082,action,TREATMENT_OR_PROCEDURE_PLANNING,TREATMENT_OR_PROCEDURE_PLANNING,CODED,false,NONE
K251082:component_status,K251082,component_status,SINGLE,SINGLE,CODED,false,NONE
K251096:input,K251096,input,MEDICAL_IMAGE,MEDICAL_IMAGE,CODED,false,NONE
K251096:output,K251096,output,SEGMENTATION_OR_LOCALIZATION;RECONSTRUCTION_OR_ENHANCEMENT;MEASUREMENT_OR_QUANTIFICATION;RECOMMENDATION_OR_PLANNING;DOCUMENTATION_OR_SUMMARY,SEGMENTATION_OR_LOCALIZATION;RECONSTRUCTION_OR_ENHANCEMENT;MEASUREMENT_OR_QUANTIFICATION;RECOMMENDATION_OR_PLANNING;DOCUMENTATION_OR_SUMMARY,CODED,false,NONE
K251096:user,K251096,user,OTHER_PHYSICIAN;OTHER_CLINICIAN,OTHER_PHYSICIAN;OTHER_CLINICIAN,CODED,false,NONE
K251096:setting,K251096,setting,PROCEDURAL_OR_OPERATING_ROOM;OTHER,PROCEDURAL_OR_OPERATING_ROOM;OTHER,CODED,false,NONE
K251096:action,K251096,action,TREATMENT_OR_PROCEDURE_PLANNING,TREATMENT_OR_PROCEDURE_PLANNING,CODED,false,NONE
K251096:component_status,K251096,component_status,SINGLE,SINGLE,CODED,false,NONE
K251106:input,K251106,input,MEDICAL_IMAGE,MEDICAL_IMAGE,CODED,false,NONE
K251106:output,K251106,output,SEGMENTATION_OR_LOCALIZATION;CLASSIFICATION_OR_DIAGNOSIS;MEASUREMENT_OR_QUANTIFICATION,SEGMENTATION_OR_LOCALIZATION;CLASSIFICATION_OR_DIAGNOSIS;MEASUREMENT_OR_QUANTIFICATION,CODED,false,NONE
K251106:user,K251106,user,OTHER_PHYSICIAN;OTHER_CLINICIAN,OTHER_PHYSICIAN;OTHER_CLINICIAN,CODED,false,NONE
K251106:setting,K251106,setting,PROCEDURAL_OR_OPERATING_ROOM;OTHER,PROCEDURAL_OR_OPERATING_ROOM;OTHER,CODED,false,NONE
K251106:action,K251106,action,TREATMENT_OR_PROCEDURE_PLANNING;WORKFLOW_OR_DOCUMENTATION,TREATMENT_OR_PROCEDURE_PLANNING;WORKFLOW_OR_DOCUMENTATION,CODED,false,NONE
K251106:component_status,K251106,component_status,SINGLE,SINGLE,CODED,false,NONE
K251110:input,K251110,input,MEDICAL_IMAGE;AUDIO_OR_VIDEO,MEDICAL_IMAGE;AUDIO_OR_VIDEO,CODED,false,NONE
K251110:output,K251110,output,MEASUREMENT_OR_QUANTIFICATION;SEGMENTATION_OR_LOCALIZATION,MEASUREMENT_OR_QUANTIFICATION;SEGMENTATION_OR_LOCALIZATION,CODED,false,NONE
K251110:user,K251110,user,OTHER_CLINICIAN;OTHER_PHYSICIAN;TECHNOLOGIST_OR_OPERATOR,OTHER_CLINICIAN;OTHER_PHYSICIAN;TECHNOLOGIST_OR_OPERATOR,CODED,false,NONE
K251110:setting,K251110,setting,DIAGNOSTIC_INTERPRETATION;OUTPATIENT;OTHER,DIAGNOSTIC_INTERPRETATION;OUTPATIENT;OTHER,CODED,false,NONE
K251110:action,K251110,action,INTERPRETATION_OR_DIAGNOSIS;WORKFLOW_OR_DOCUMENTATION,INTERPRETATION_OR_DIAGNOSIS;WORKFLOW_OR_DOCUMENTATION,CODED,false,NONE
K251110:component_status,K251110,component_status,SINGLE,SINGLE,CODED,false,NONE
K251126:input,K251126,input,AUDIO_OR_VIDEO,AUDIO_OR_VIDEO,CODED,false,NONE
K251126:output,K251126,output,DETECTION_OR_ALERT;SEGMENTATION_OR_LOCALIZATION,DETECTION_OR_ALERT;SEGMENTATION_OR_LOCALIZATION,CODED,false,NONE
K251126:user,K251126,user,OTHER_PHYSICIAN,OTHER_PHYSICIAN,CODED,false,NONE
K251126:setting,K251126,setting,PROCEDURAL_OR_OPERATING_ROOM;SCREENING;MONITORING,PROCEDURAL_OR_OPERATING_ROOM;SCREENING;MONITORING,CODED,false,NONE
K251126:action,K251126,action,INTERPRETATION_OR_DIAGNOSIS,INTERPRETATION_OR_DIAGNOSIS,CODED,false,NONE
K251126:component_status,K251126,component_status,SINGLE,SINGLE,CODED,false,NONE
K251151:input,K251151,input,MEDICAL_IMAGE,MEDICAL_IMAGE,CODED,false,NONE
K251151:output,K251151,output,DETECTION_OR_ALERT;DOCUMENTATION_OR_SUMMARY,DETECTION_OR_ALERT;DOCUMENTATION_OR_SUMMARY,CODED,false,NONE
K251151:user,K251151,user,OTHER_CLINICIAN,OTHER_CLINICIAN,CODED,false,NONE
K251151:setting,K251151,setting,ACUTE_TRIAGE_OR_EMERGENCY;OTHER,ACUTE_TRIAGE_OR_EMERGENCY;OTHER,CODED,false,NONE
K251151:action,K251151,action,TRIAGE_OR_PRIORITIZATION,TRIAGE_OR_PRIORITIZATION,CODED,false,NONE
K251151:component_status,K251151,component_status,SINGLE,SINGLE,CODED,false,NONE
K251153:input,K251153,input,MEDICAL_IMAGE,MEDICAL_IMAGE,CODED,false,NONE
K251153:output,K251153,output,SEGMENTATION_OR_LOCALIZATION,SEGMENTATION_OR_LOCALIZATION,CODED,false,NONE
K251153:user,K251153,user,TECHNOLOGIST_OR_OPERATOR;OTHER_CLINICIAN,TECHNOLOGIST_OR_OPERATOR;OTHER_CLINICIAN,CODED,false,NONE
K251153:setting,K251153,setting,DIAGNOSTIC_INTERPRETATION;OTHER,DIAGNOSTIC_INTERPRETATION;OTHER,CODED,false,NONE
K251153:action,K251153,action,WORKFLOW_OR_DOCUMENTATION,WORKFLOW_OR_DOCUMENTATION,CODED,false,NONE
K251153:component_status,K251153,component_status,SINGLE,SINGLE,CODED,false,NONE
K251167:input,K251167,input,MEDICAL_IMAGE;AUDIO_OR_VIDEO,MEDICAL_IMAGE;AUDIO_OR_VIDEO,CODED,false,NONE
K251167:output,K251167,output,SEGMENTATION_OR_LOCALIZATION;RECOMMENDATION_OR_PLANNING;CONTROL_OR_AUTOMATION;CLASSIFICATION_OR_DIAGNOSIS;OTHER,SEGMENTATION_OR_LOCALIZATION;RECOMMENDATION_OR_PLANNING;CONTROL_OR_AUTOMATION;CLASSIFICATION_OR_DIAGNOSIS;OTHER,CODED,false,NONE
K251167:user,K251167,user,TECHNOLOGIST_OR_OPERATOR,TECHNOLOGIST_OR_OPERATOR,CODED,false,NONE
K251167:setting,K251167,setting,OTHER,OTHER,CODED,false,NONE
K251167:action,K251167,action,WORKFLOW_OR_DOCUMENTATION;THERAPY_DOSE_OR_DEVICE_CONTROL,WORKFLOW_OR_DOCUMENTATION;THERAPY_DOSE_OR_DEVICE_CONTROL,CODED,false,NONE
K251167:component_status,K251167,component_status,MULTIPLE,MULTIPLE,CODED,false,NONE
K251169:input,K251169,input,MEDICAL_IMAGE,MEDICAL_IMAGE,CODED,false,NONE
K251169:output,K251169,output,MEASUREMENT_OR_QUANTIFICATION;SEGMENTATION_OR_LOCALIZATION;RECONSTRUCTION_OR_ENHANCEMENT,MEASUREMENT_OR_QUANTIFICATION;SEGMENTATION_OR_LOCALIZATION;RECONSTRUCTION_OR_ENHANCEMENT,CODED,false,NONE
K251169:user,K251169,user,OTHER_PHYSICIAN;TECHNOLOGIST_OR_OPERATOR,OTHER_PHYSICIAN;TECHNOLOGIST_OR_OPERATOR,CODED,false,NONE
K251169:setting,K251169,setting,DIAGNOSTIC_INTERPRETATION;PROCEDURAL_OR_OPERATING_ROOM;OUTPATIENT;OTHER,DIAGNOSTIC_INTERPRETATION;PROCEDURAL_OR_OPERATING_ROOM;OUTPATIENT;OTHER,CODED,false,NONE
K251169:action,K251169,action,INTERPRETATION_OR_DIAGNOSIS;WORKFLOW_OR_DOCUMENTATION,INTERPRETATION_OR_DIAGNOSIS;WORKFLOW_OR_DOCUMENTATION,CODED,false,NONE
K251169:component_status,K251169,component_status,MULTIPLE,MULTIPLE,CODED,false,NONE
K251195:input,K251195,input,MEDICAL_IMAGE,MEDICAL_IMAGE,CODED,false,NONE
K251195:output,K251195,output,DETECTION_OR_ALERT,DETECTION_OR_ALERT,CODED,false,NONE
K251195:user,K251195,user,OTHER_CLINICIAN;RADIOLOGIST,OTHER_CLINICIAN;RADIOLOGIST,CODED,false,NONE
K251195:setting,K251195,setting,ACUTE_TRIAGE_OR_EMERGENCY;OTHER,ACUTE_TRIAGE_OR_EMERGENCY;OTHER,CODED,false,NONE
K251195:action,K251195,action,TRIAGE_OR_PRIORITIZATION,TRIAGE_OR_PRIORITIZATION,CODED,false,NONE
K251195:component_status,K251195,component_status,SINGLE,SINGLE,CODED,false,NONE
K251200:input,K251200,input,AUDIO_OR_VIDEO,AUDIO_OR_VIDEO,CODED,false,NONE
K251200:output,K251200,output,MEASUREMENT_OR_QUANTIFICATION,MEASUREMENT_OR_QUANTIFICATION,CODED,false,NONE
K251200:user,K251200,user,OTHER,OTHER,CODED,false,NONE
K251200:setting,K251200,setting,MONITORING;OTHER,MONITORING;OTHER,CODED,false,NONE
K251200:action,K251200,action,MONITORING_OR_FOLLOW_UP,MONITORING_OR_FOLLOW_UP,CODED,false,NONE
K251200:component_status,K251200,component_status,SINGLE,SINGLE,CODED,false,NONE
K251203:input,K251203,input,MEDICAL_IMAGE,MEDICAL_IMAGE,CODED,false,NONE
K251203:output,K251203,output,DETECTION_OR_ALERT;SEGMENTATION_OR_LOCALIZATION;MEASUREMENT_OR_QUANTIFICATION,DETECTION_OR_ALERT;SEGMENTATION_OR_LOCALIZATION;MEASUREMENT_OR_QUANTIFICATION,CODED,false,NONE
K251203:user,K251203,user,RADIOLOGIST,RADIOLOGIST,CODED,false,NONE
K251203:setting,K251203,setting,DIAGNOSTIC_INTERPRETATION;SCREENING,DIAGNOSTIC_INTERPRETATION;SCREENING,CODED,false,NONE
K251203:action,K251203,action,INTERPRETATION_OR_DIAGNOSIS,INTERPRETATION_OR_DIAGNOSIS,CODED,false,NONE
K251203:component_status,K251203,component_status,SINGLE,SINGLE,CODED,false,NONE
K251218:input,K251218,input,PHYSIOLOGICAL_SIGNAL,PHYSIOLOGICAL_SIGNAL,CODED,false,NONE
K251218:output,K251218,output,MEASUREMENT_OR_QUANTIFICATION;SEGMENTATION_OR_LOCALIZATION;DOCUMENTATION_OR_SUMMARY,MEASUREMENT_OR_QUANTIFICATION;SEGMENTATION_OR_LOCALIZATION;DOCUMENTATION_OR_SUMMARY,CODED,false,NONE
K251218:user,K251218,user,OTHER_PHYSICIAN;OTHER_CLINICIAN,OTHER_PHYSICIAN;OTHER_CLINICIAN,CODED,false,NONE
K251218:setting,K251218,setting,DIAGNOSTIC_INTERPRETATION;MONITORING;HOME_OR_CONSUMER;INPATIENT;OUTPATIENT;OTHER,DIAGNOSTIC_INTERPRETATION;MONITORING;HOME_OR_CONSUMER;INPATIENT;OUTPATIENT;OTHER,CODED,false,NONE
K251218:action,K251218,action,INTERPRETATION_OR_DIAGNOSIS;MONITORING_OR_FOLLOW_UP;WORKFLOW_OR_DOCUMENTATION,INTERPRETATION_OR_DIAGNOSIS;MONITORING_OR_FOLLOW_UP;WORKFLOW_OR_DOCUMENTATION,CODED,false,NONE
K251218:component_status,K251218,component_status,SINGLE,SINGLE,CODED,false,NONE
K251221:input,K251221,input,PHYSIOLOGICAL_SIGNAL,PHYSIOLOGICAL_SIGNAL,CODED,false,NONE
K251221:output,K251221,output,CLASSIFICATION_OR_DIAGNOSIS;OTHER,CLASSIFICATION_OR_DIAGNOSIS;OTHER,CODED,false,NONE
K251221:user,K251221,user,OTHER_PHYSICIAN;OTHER_CLINICIAN,OTHER_PHYSICIAN;OTHER_CLINICIAN,CODED,false,NONE
K251221:setting,K251221,setting,MONITORING;DIAGNOSTIC_INTERPRETATION,MONITORING;DIAGNOSTIC_INTERPRETATION,CODED,false,NONE
K251221:action,K251221,action,WORKFLOW_OR_DOCUMENTATION;MONITORING_OR_FOLLOW_UP;INTERPRETATION_OR_DIAGNOSIS,WORKFLOW_OR_DOCUMENTATION;MONITORING_OR_FOLLOW_UP;INTERPRETATION_OR_DIAGNOSIS,CODED,false,NONE
K251221:component_status,K251221,component_status,SINGLE,SINGLE,CODED,false,NONE
K251276:input,K251276,input,MEDICAL_IMAGE,MEDICAL_IMAGE,CODED,false,NONE
K251276:output,K251276,output,RECONSTRUCTION_OR_ENHANCEMENT,RECONSTRUCTION_OR_ENHANCEMENT,CODED,false,NONE
K251276:user,K251276,user,OTHER_PHYSICIAN,OTHER_PHYSICIAN,CODED,false,NONE
K251276:setting,K251276,setting,DIAGNOSTIC_INTERPRETATION;ACUTE_TRIAGE_OR_EMERGENCY;INPATIENT;OUTPATIENT;OTHER,DIAGNOSTIC_INTERPRETATION;ACUTE_TRIAGE_OR_EMERGENCY;INPATIENT;OUTPATIENT;OTHER,CODED,false,NONE
K251276:action,K251276,action,INTERPRETATION_OR_DIAGNOSIS,INTERPRETATION_OR_DIAGNOSIS,CODED,false,NONE
K251276:component_status,K251276,component_status,SINGLE,SINGLE,CODED,false,NONE
K251293:input,K251293,input,AUDIO_OR_VIDEO,AUDIO_OR_VIDEO,CODED,false,NONE
K251293:output,K251293,output,CLASSIFICATION_OR_DIAGNOSIS;DETECTION_OR_ALERT,CLASSIFICATION_OR_DIAGNOSIS;DETECTION_OR_ALERT,CODED,false,NONE
K251293:user,K251293,user,OTHER_CLINICIAN,OTHER_CLINICIAN,CODED,false,NONE
K251293:setting,K251293,setting,DIAGNOSTIC_INTERPRETATION;OUTPATIENT,DIAGNOSTIC_INTERPRETATION;OUTPATIENT,CODED,false,NONE
K251293:action,K251293,action,INTERPRETATION_OR_DIAGNOSIS,INTERPRETATION_OR_DIAGNOSIS,CODED,false,NONE
K251293:component_status,K251293,component_status,SINGLE,SINGLE,CODED,false,NONE
K251306:input,K251306,input,MEDICAL_IMAGE,MEDICAL_IMAGE,CODED,false,NONE
K251306:output,K251306,output,SEGMENTATION_OR_LOCALIZATION,SEGMENTATION_OR_LOCALIZATION,CODED,false,NONE
K251306:user,K251306,user,OTHER_PHYSICIAN;OTHER_CLINICIAN,OTHER_PHYSICIAN;OTHER_CLINICIAN,CODED,false,NONE
K251306:setting,K251306,setting,PROCEDURAL_OR_OPERATING_ROOM,PROCEDURAL_OR_OPERATING_ROOM,CODED,false,NONE
K251306:action,K251306,action,TREATMENT_OR_PROCEDURE_PLANNING;WORKFLOW_OR_DOCUMENTATION,TREATMENT_OR_PROCEDURE_PLANNING;WORKFLOW_OR_DOCUMENTATION,CODED,false,NONE
K251306:component_status,K251306,component_status,SINGLE,SINGLE,CODED,false,NONE
K251316:input,K251316,input,MEDICAL_IMAGE;DEVICE_TELEMETRY_OR_OPERATIONAL,MEDICAL_IMAGE;DEVICE_TELEMETRY_OR_OPERATIONAL,CODED,false,NONE
K251316:output,K251316,output,SEGMENTATION_OR_LOCALIZATION;MEASUREMENT_OR_QUANTIFICATION;RECOMMENDATION_OR_PLANNING;CONTROL_OR_AUTOMATION,SEGMENTATION_OR_LOCALIZATION;MEASUREMENT_OR_QUANTIFICATION;RECOMMENDATION_OR_PLANNING;CONTROL_OR_AUTOMATION,CODED,false,NONE
K251316:user,K251316,user,OTHER_PHYSICIAN,OTHER_PHYSICIAN,CODED,false,NONE
K251316:setting,K251316,setting,PROCEDURAL_OR_OPERATING_ROOM,PROCEDURAL_OR_OPERATING_ROOM,CODED,false,NONE
K251316:action,K251316,action,TREATMENT_OR_PROCEDURE_PLANNING;THERAPY_DOSE_OR_DEVICE_CONTROL,TREATMENT_OR_PROCEDURE_PLANNING;THERAPY_DOSE_OR_DEVICE_CONTROL,CODED,false,NONE
K251316:component_status,K251316,component_status,MULTIPLE,MULTIPLE,CODED,false,NONE
K251322:input,K251322,input,MEDICAL_IMAGE,MEDICAL_IMAGE,CODED,false,NONE
K251322:output,K251322,output,SEGMENTATION_OR_LOCALIZATION;MEASUREMENT_OR_QUANTIFICATION;RECOMMENDATION_OR_PLANNING,SEGMENTATION_OR_LOCALIZATION;MEASUREMENT_OR_QUANTIFICATION;RECOMMENDATION_OR_PLANNING,CODED,false,NONE
K251322:user,K251322,user,OTHER_CLINICIAN;OTHER_PHYSICIAN;OTHER,OTHER_CLINICIAN;OTHER_PHYSICIAN;OTHER,CODED,false,NONE
K251322:setting,K251322,setting,DIAGNOSTIC_INTERPRETATION;OUTPATIENT;HOME_OR_CONSUMER;ACUTE_TRIAGE_OR_EMERGENCY;OTHER,DIAGNOSTIC_INTERPRETATION;OUTPATIENT;HOME_OR_CONSUMER;ACUTE_TRIAGE_OR_EMERGENCY;OTHER,CODED,false,NONE
K251322:action,K251322,action,INTERPRETATION_OR_DIAGNOSIS;WORKFLOW_OR_DOCUMENTATION,INTERPRETATION_OR_DIAGNOSIS;WORKFLOW_OR_DOCUMENTATION,CODED,false,NONE
K251322:component_status,K251322,component_status,MULTIPLE,MULTIPLE,CODED,false,NONE
K251342:input,K251342,input,MEDICAL_IMAGE,MEDICAL_IMAGE,CODED,false,NONE
K251342:output,K251342,output,MEASUREMENT_OR_QUANTIFICATION;RECONSTRUCTION_OR_ENHANCEMENT,MEASUREMENT_OR_QUANTIFICATION;RECONSTRUCTION_OR_ENHANCEMENT,CODED,false,NONE
K251342:user,K251342,user,OTHER_PHYSICIAN,OTHER_PHYSICIAN,CODED,false,NONE
K251342:setting,K251342,setting,DIAGNOSTIC_INTERPRETATION,DIAGNOSTIC_INTERPRETATION,CODED,false,NONE
K251342:action,K251342,action,INTERPRETATION_OR_DIAGNOSIS;WORKFLOW_OR_DOCUMENTATION,INTERPRETATION_OR_DIAGNOSIS;WORKFLOW_OR_DOCUMENTATION,CODED,false,NONE
K251342:component_status,K251342,component_status,MULTIPLE,MULTIPLE,CODED,false,NONE
K251351:input,K251351,input,MEDICAL_IMAGE,MEDICAL_IMAGE,CODED,false,NONE
K251351:output,K251351,output,SEGMENTATION_OR_LOCALIZATION;OTHER,SEGMENTATION_OR_LOCALIZATION;OTHER,CODED,false,NONE
K251351:user,K251351,user,OTHER_CLINICIAN,OTHER_CLINICIAN,CODED,false,NONE
K251351:setting,K251351,setting,PROCEDURAL_OR_OPERATING_ROOM;OTHER,PROCEDURAL_OR_OPERATING_ROOM;OTHER,CODED,false,NONE
K251351:action,K251351,action,TREATMENT_OR_PROCEDURE_PLANNING;MONITORING_OR_FOLLOW_UP;WORKFLOW_OR_DOCUMENTATION,TREATMENT_OR_PROCEDURE_PLANNING;MONITORING_OR_FOLLOW_UP;WORKFLOW_OR_DOCUMENTATION,CODED,false,NONE
K251351:component_status,K251351,component_status,MULTIPLE,MULTIPLE,CODED,false,NONE
K251355:input,K251355,input,MEDICAL_IMAGE,MEDICAL_IMAGE,CODED,false,NONE
K251355:output,K251355,output,SEGMENTATION_OR_LOCALIZATION;MEASUREMENT_OR_QUANTIFICATION;DOCUMENTATION_OR_SUMMARY,SEGMENTATION_OR_LOCALIZATION;MEASUREMENT_OR_QUANTIFICATION;DOCUMENTATION_OR_SUMMARY,CODED,false,NONE
K251355:user,K251355,user,OTHER_PHYSICIAN,OTHER_PHYSICIAN,CODED,false,NONE
K251355:setting,K251355,setting,PROCEDURAL_OR_OPERATING_ROOM;DIAGNOSTIC_INTERPRETATION,PROCEDURAL_OR_OPERATING_ROOM;DIAGNOSTIC_INTERPRETATION,CODED,false,NONE
K251355:action,K251355,action,INTERPRETATION_OR_DIAGNOSIS;TREATMENT_OR_PROCEDURE_PLANNING,INTERPRETATION_OR_DIAGNOSIS;TREATMENT_OR_PROCEDURE_PLANNING,CODED,false,NONE
K251355:component_status,K251355,component_status,SINGLE,SINGLE,CODED,false,NONE
K251368:input,K251368,input,AUDIO_OR_VIDEO;MEDICAL_IMAGE,AUDIO_OR_VIDEO;MEDICAL_IMAGE,CODED,false,NONE
K251368:output,K251368,output,CLASSIFICATION_OR_DIAGNOSIS;SEGMENTATION_OR_LOCALIZATION;MEASUREMENT_OR_QUANTIFICATION;DOCUMENTATION_OR_SUMMARY;OTHER,CLASSIFICATION_OR_DIAGNOSIS;SEGMENTATION_OR_LOCALIZATION;MEASUREMENT_OR_QUANTIFICATION;DOCUMENTATION_OR_SUMMARY;OTHER,CODED,false,NONE
K251368:user,K251368,user,TECHNOLOGIST_OR_OPERATOR;OTHER_PHYSICIAN;RADIOLOGIST;OTHER_CLINICIAN,TECHNOLOGIST_OR_OPERATOR;OTHER_PHYSICIAN;RADIOLOGIST;OTHER_CLINICIAN,CODED,false,NONE
K251368:setting,K251368,setting,SCREENING;DIAGNOSTIC_INTERPRETATION,SCREENING;DIAGNOSTIC_INTERPRETATION,CODED,false,NONE
K251368:action,K251368,action,WORKFLOW_OR_DOCUMENTATION;INTERPRETATION_OR_DIAGNOSIS,WORKFLOW_OR_DOCUMENTATION;INTERPRETATION_OR_DIAGNOSIS,CODED,false,NONE
K251368:component_status,K251368,component_status,MULTIPLE,MULTIPLE,CODED,false,NONE
K251370:input,K251370,input,MEDICAL_IMAGE,MEDICAL_IMAGE,CODED,false,NONE
K251370:output,K251370,output,RECONSTRUCTION_OR_ENHANCEMENT;OTHER,RECONSTRUCTION_OR_ENHANCEMENT;OTHER,CODED,false,NONE
K251370:user,K251370,user,OTHER_CLINICIAN,OTHER_CLINICIAN,CODED,false,NONE
K251370:setting,K251370,setting,DIAGNOSTIC_INTERPRETATION;MONITORING;PROCEDURAL_OR_OPERATING_ROOM,DIAGNOSTIC_INTERPRETATION;MONITORING;PROCEDURAL_OR_OPERATING_ROOM,CODED,false,NONE
K251370:action,K251370,action,INTERPRETATION_OR_DIAGNOSIS;MONITORING_OR_FOLLOW_UP;TREATMENT_OR_PROCEDURE_PLANNING,INTERPRETATION_OR_DIAGNOSIS;MONITORING_OR_FOLLOW_UP;TREATMENT_OR_PROCEDURE_PLANNING,CODED,false,NONE
K251370:component_status,K251370,component_status,SINGLE,SINGLE,CODED,false,NONE
K251386:input,K251386,input,MEDICAL_IMAGE,MEDICAL_IMAGE,CODED,false,NONE
K251386:output,K251386,output,RECONSTRUCTION_OR_ENHANCEMENT;RECOMMENDATION_OR_PLANNING;CONTROL_OR_AUTOMATION,RECONSTRUCTION_OR_ENHANCEMENT;RECOMMENDATION_OR_PLANNING;CONTROL_OR_AUTOMATION,CODED,false,NONE
K251386:user,K251386,user,OTHER_PHYSICIAN,OTHER_PHYSICIAN,CODED,false,NONE
K251386:setting,K251386,setting,DIAGNOSTIC_INTERPRETATION;OTHER,DIAGNOSTIC_INTERPRETATION;OTHER,CODED,false,NONE
K251386:action,K251386,action,INTERPRETATION_OR_DIAGNOSIS;WORKFLOW_OR_DOCUMENTATION;THERAPY_DOSE_OR_DEVICE_CONTROL,INTERPRETATION_OR_DIAGNOSIS;WORKFLOW_OR_DOCUMENTATION;THERAPY_DOSE_OR_DEVICE_CONTROL,CODED,false,NONE
K251386:component_status,K251386,component_status,MULTIPLE,MULTIPLE,CODED,false,NONE
K251397:input,K251397,input,MEDICAL_IMAGE,MEDICAL_IMAGE,CODED,false,NONE
K251397:output,K251397,output,RECONSTRUCTION_OR_ENHANCEMENT,RECONSTRUCTION_OR_ENHANCEMENT,CODED,false,NONE
K251397:user,K251397,user,TECHNOLOGIST_OR_OPERATOR;OTHER_PHYSICIAN,TECHNOLOGIST_OR_OPERATOR;OTHER_PHYSICIAN,CODED,false,NONE
K251397:setting,K251397,setting,DIAGNOSTIC_INTERPRETATION;PROCEDURAL_OR_OPERATING_ROOM,DIAGNOSTIC_INTERPRETATION;PROCEDURAL_OR_OPERATING_ROOM,CODED,false,NONE
K251397:action,K251397,action,INTERPRETATION_OR_DIAGNOSIS;TREATMENT_OR_PROCEDURE_PLANNING,INTERPRETATION_OR_DIAGNOSIS;TREATMENT_OR_PROCEDURE_PLANNING,CODED,false,NONE
K251397:component_status,K251397,component_status,SINGLE,SINGLE,CODED,false,NONE
K251399:input,K251399,input,MEDICAL_IMAGE,MEDICAL_IMAGE,CODED,false,NONE
K251399:output,K251399,output,RECONSTRUCTION_OR_ENHANCEMENT;CONTROL_OR_AUTOMATION;RECOMMENDATION_OR_PLANNING,RECONSTRUCTION_OR_ENHANCEMENT;CONTROL_OR_AUTOMATION;RECOMMENDATION_OR_PLANNING,CODED,false,NONE
K251399:user,K251399,user,OTHER_PHYSICIAN;TECHNOLOGIST_OR_OPERATOR,OTHER_PHYSICIAN;TECHNOLOGIST_OR_OPERATOR,CODED,false,NONE
K251399:setting,K251399,setting,DIAGNOSTIC_INTERPRETATION;OTHER,DIAGNOSTIC_INTERPRETATION;OTHER,CODED,false,NONE
K251399:action,K251399,action,INTERPRETATION_OR_DIAGNOSIS;WORKFLOW_OR_DOCUMENTATION,INTERPRETATION_OR_DIAGNOSIS;WORKFLOW_OR_DOCUMENTATION,CODED,false,NONE
K251399:component_status,K251399,component_status,MULTIPLE,MULTIPLE,CODED,false,NONE
K251406:input,K251406,input,MEDICAL_IMAGE,MEDICAL_IMAGE,CODED,false,NONE
K251406:output,K251406,output,DETECTION_OR_ALERT,DETECTION_OR_ALERT,CODED,false,NONE
K251406:user,K251406,user,OTHER_CLINICIAN,OTHER_CLINICIAN,CODED,false,NONE
K251406:setting,K251406,setting,ACUTE_TRIAGE_OR_EMERGENCY;OTHER,ACUTE_TRIAGE_OR_EMERGENCY;OTHER,CODED,false,NONE
K251406:action,K251406,action,TRIAGE_OR_PRIORITIZATION,TRIAGE_OR_PRIORITIZATION,CODED,false,NONE
K251406:component_status,K251406,component_status,SINGLE,SINGLE,CODED,false,NONE
K251408:input,K251408,input,MEDICAL_IMAGE,MEDICAL_IMAGE,CODED,false,NONE
K251408:output,K251408,output,DETECTION_OR_ALERT;CLASSIFICATION_OR_DIAGNOSIS;DOCUMENTATION_OR_SUMMARY,DETECTION_OR_ALERT;CLASSIFICATION_OR_DIAGNOSIS;DOCUMENTATION_OR_SUMMARY,CODED,false,NONE
K251408:user,K251408,user,RADIOLOGIST;OTHER_PHYSICIAN,RADIOLOGIST;OTHER_PHYSICIAN,CODED,false,NONE
K251408:setting,K251408,setting,SCREENING;DIAGNOSTIC_INTERPRETATION;OTHER,SCREENING;DIAGNOSTIC_INTERPRETATION;OTHER,CODED,false,NONE
K251408:action,K251408,action,INTERPRETATION_OR_DIAGNOSIS;REFERRAL_OR_ESCALATION,INTERPRETATION_OR_DIAGNOSIS;REFERRAL_OR_ESCALATION,CODED,false,NONE
K251408:component_status,K251408,component_status,SINGLE,SINGLE,CODED,false,NONE
K251416:input,K251416,input,MEDICAL_IMAGE;AUDIO_OR_VIDEO,MEDICAL_IMAGE;AUDIO_OR_VIDEO,CODED,false,NONE
K251416:output,K251416,output,RECOMMENDATION_OR_PLANNING;CLASSIFICATION_OR_DIAGNOSIS;OTHER,RECOMMENDATION_OR_PLANNING;CLASSIFICATION_OR_DIAGNOSIS;OTHER,CODED,false,NONE
K251416:user,K251416,user,OTHER_CLINICIAN,OTHER_CLINICIAN,CODED,false,NONE
K251416:setting,K251416,setting,OTHER,OTHER,CODED,false,NONE
K251416:action,K251416,action,WORKFLOW_OR_DOCUMENTATION,WORKFLOW_OR_DOCUMENTATION,CODED,false,NONE
K251416:component_status,K251416,component_status,SINGLE,SINGLE,CODED,false,NONE
K251455:input,K251455,input,MEDICAL_IMAGE;AUDIO_OR_VIDEO,MEDICAL_IMAGE;AUDIO_OR_VIDEO,CODED,false,NONE
K251455:output,K251455,output,CLASSIFICATION_OR_DIAGNOSIS;OTHER,CLASSIFICATION_OR_DIAGNOSIS;OTHER,CODED,false,NONE
K251455:user,K251455,user,OTHER_CLINICIAN;OTHER_PHYSICIAN;TECHNOLOGIST_OR_OPERATOR,OTHER_CLINICIAN;OTHER_PHYSICIAN;TECHNOLOGIST_OR_OPERATOR,CODED,false,NONE
K251455:setting,K251455,setting,DIAGNOSTIC_INTERPRETATION;OUTPATIENT;OTHER,DIAGNOSTIC_INTERPRETATION;OUTPATIENT;OTHER,CODED,false,NONE
K251455:action,K251455,action,WORKFLOW_OR_DOCUMENTATION;INTERPRETATION_OR_DIAGNOSIS,WORKFLOW_OR_DOCUMENTATION;INTERPRETATION_OR_DIAGNOSIS,CODED,false,NONE
K251455:component_status,K251455,component_status,SINGLE,SINGLE,CODED,false,NONE
K251456:input,K251456,input,MEDICAL_IMAGE;AUDIO_OR_VIDEO,MEDICAL_IMAGE;AUDIO_OR_VIDEO,CODED,false,NONE
K251456:output,K251456,output,CLASSIFICATION_OR_DIAGNOSIS;DOCUMENTATION_OR_SUMMARY;OTHER,CLASSIFICATION_OR_DIAGNOSIS;DOCUMENTATION_OR_SUMMARY;OTHER,CODED,false,NONE
K251456:user,K251456,user,TECHNOLOGIST_OR_OPERATOR;OTHER_PHYSICIAN;OTHER_CLINICIAN,TECHNOLOGIST_OR_OPERATOR;OTHER_PHYSICIAN;OTHER_CLINICIAN,CODED,false,NONE
K251456:setting,K251456,setting,SCREENING;DIAGNOSTIC_INTERPRETATION;OTHER,SCREENING;DIAGNOSTIC_INTERPRETATION;OTHER,CODED,false,NONE
K251456:action,K251456,action,WORKFLOW_OR_DOCUMENTATION;INTERPRETATION_OR_DIAGNOSIS,WORKFLOW_OR_DOCUMENTATION;INTERPRETATION_OR_DIAGNOSIS,CODED,false,NONE
K251456:component_status,K251456,component_status,SINGLE,SINGLE,CODED,false,NONE
K251474:input,K251474,input,MEDICAL_IMAGE,MEDICAL_IMAGE,CODED,false,NONE
K251474:output,K251474,output,DETECTION_OR_ALERT;SEGMENTATION_OR_LOCALIZATION;CLASSIFICATION_OR_DIAGNOSIS;MEASUREMENT_OR_QUANTIFICATION;RISK_SCORE_OR_PREDICTION;DOCUMENTATION_OR_SUMMARY,DETECTION_OR_ALERT;SEGMENTATION_OR_LOCALIZATION;CLASSIFICATION_OR_DIAGNOSIS;MEASUREMENT_OR_QUANTIFICATION;RISK_SCORE_OR_PREDICTION;DOCUMENTATION_OR_SUMMARY,CODED,false,NONE
K251474:user,K251474,user,RADIOLOGIST,RADIOLOGIST,CODED,false,NONE
K251474:setting,K251474,setting,SCREENING;DIAGNOSTIC_INTERPRETATION;MONITORING,SCREENING;DIAGNOSTIC_INTERPRETATION;MONITORING,CODED,false,NONE
K251474:action,K251474,action,INTERPRETATION_OR_DIAGNOSIS;MONITORING_OR_FOLLOW_UP,INTERPRETATION_OR_DIAGNOSIS;MONITORING_OR_FOLLOW_UP,CODED,false,NONE
K251474:component_status,K251474,component_status,SINGLE,SINGLE,CODED,false,NONE
K251481:input,K251481,input,MEDICAL_IMAGE,MEDICAL_IMAGE,CODED,false,NONE
K251481:output,K251481,output,CLASSIFICATION_OR_DIAGNOSIS;OTHER,CLASSIFICATION_OR_DIAGNOSIS;OTHER,CODED,false,NONE
K251481:user,K251481,user,OTHER_CLINICIAN;OTHER_PHYSICIAN,OTHER_CLINICIAN;OTHER_PHYSICIAN,CODED,false,NONE
K251481:setting,K251481,setting,DIAGNOSTIC_INTERPRETATION;OTHER,DIAGNOSTIC_INTERPRETATION;OTHER,CODED,false,NONE
K251481:action,K251481,action,WORKFLOW_OR_DOCUMENTATION;INTERPRETATION_OR_DIAGNOSIS,WORKFLOW_OR_DOCUMENTATION;INTERPRETATION_OR_DIAGNOSIS,CODED,false,NONE
K251481:component_status,K251481,component_status,SINGLE,SINGLE,CODED,false,NONE
K251483:input,K251483,input,MEDICAL_IMAGE,MEDICAL_IMAGE,CODED,false,NONE
K251483:output,K251483,output,SEGMENTATION_OR_LOCALIZATION;MEASUREMENT_OR_QUANTIFICATION;DOCUMENTATION_OR_SUMMARY,SEGMENTATION_OR_LOCALIZATION;MEASUREMENT_OR_QUANTIFICATION;DOCUMENTATION_OR_SUMMARY,CODED,false,NONE
K251483:user,K251483,user,OTHER_CLINICIAN,OTHER_CLINICIAN,CODED,false,NONE
K251483:setting,K251483,setting,DIAGNOSTIC_INTERPRETATION;MONITORING,DIAGNOSTIC_INTERPRETATION;MONITORING,CODED,false,NONE
K251483:action,K251483,action,INTERPRETATION_OR_DIAGNOSIS;MONITORING_OR_FOLLOW_UP;WORKFLOW_OR_DOCUMENTATION,INTERPRETATION_OR_DIAGNOSIS;MONITORING_OR_FOLLOW_UP;WORKFLOW_OR_DOCUMENTATION,CODED,false,NONE
K251483:component_status,K251483,component_status,SINGLE,SINGLE,CODED,false,NONE
K251494:input,K251494,input,AUDIO_OR_VIDEO;PHYSIOLOGICAL_SIGNAL,AUDIO_OR_VIDEO;PHYSIOLOGICAL_SIGNAL,CODED,false,NONE
K251494:output,K251494,output,DETECTION_OR_ALERT;CLASSIFICATION_OR_DIAGNOSIS;MEASUREMENT_OR_QUANTIFICATION;OTHER,DETECTION_OR_ALERT;CLASSIFICATION_OR_DIAGNOSIS;MEASUREMENT_OR_QUANTIFICATION;OTHER,CODED,false,NONE
K251494:user,K251494,user,OTHER_CLINICIAN,OTHER_CLINICIAN,CODED,false,NONE
K251494:setting,K251494,setting,DIAGNOSTIC_INTERPRETATION,DIAGNOSTIC_INTERPRETATION,CODED,false,NONE
K251494:action,K251494,action,INTERPRETATION_OR_DIAGNOSIS,INTERPRETATION_OR_DIAGNOSIS,CODED,false,NONE
K251494:component_status,K251494,component_status,MULTIPLE,MULTIPLE,CODED,false,NONE
K251506:input,K251506,input,AUDIO_OR_VIDEO,AUDIO_OR_VIDEO,CODED,false,NONE
K251506:output,K251506,output,DETECTION_OR_ALERT;CLASSIFICATION_OR_DIAGNOSIS;DOCUMENTATION_OR_SUMMARY,DETECTION_OR_ALERT;CLASSIFICATION_OR_DIAGNOSIS;DOCUMENTATION_OR_SUMMARY,CODED,false,NONE
K251506:user,K251506,user,OTHER_CLINICIAN,OTHER_CLINICIAN,CODED,false,NONE
K251506:setting,K251506,setting,MONITORING;OTHER,MONITORING;OTHER,CODED,false,NONE
K251506:action,K251506,action,MONITORING_OR_FOLLOW_UP;TRIAGE_OR_PRIORITIZATION;INTERPRETATION_OR_DIAGNOSIS,MONITORING_OR_FOLLOW_UP;TRIAGE_OR_PRIORITIZATION;INTERPRETATION_OR_DIAGNOSIS,CODED,false,NONE
K251506:component_status,K251506,component_status,SINGLE,SINGLE,CODED,false,NONE
K251511:input,K251511,input,MEDICAL_IMAGE;CLINICAL_TABULAR_OR_TEXT,MEDICAL_IMAGE;CLINICAL_TABULAR_OR_TEXT,CODED,false,NONE
K251511:output,K251511,output,DETECTION_OR_ALERT;MEASUREMENT_OR_QUANTIFICATION;CLASSIFICATION_OR_DIAGNOSIS,DETECTION_OR_ALERT;MEASUREMENT_OR_QUANTIFICATION;CLASSIFICATION_OR_DIAGNOSIS,CODED,false,NONE
K251511:user,K251511,user,LABORATORY_PROFESSIONAL,LABORATORY_PROFESSIONAL,CODED,false,NONE
K251511:setting,K251511,setting,LABORATORY,LABORATORY,CODED,false,NONE
K251511:action,K251511,action,WORKFLOW_OR_DOCUMENTATION;INTERPRETATION_OR_DIAGNOSIS,WORKFLOW_OR_DOCUMENTATION;INTERPRETATION_OR_DIAGNOSIS,CODED,false,NONE
K251511:component_status,K251511,component_status,UNCERTAIN,UNCERTAIN,UNCERTAIN,true,FUNCTION_GROUP_UNRESOLVED
K251514:input,K251514,input,MEDICAL_IMAGE,MEDICAL_IMAGE,CODED,false,NONE
K251514:output,K251514,output,SEGMENTATION_OR_LOCALIZATION;CLASSIFICATION_OR_DIAGNOSIS;MEASUREMENT_OR_QUANTIFICATION;RECONSTRUCTION_OR_ENHANCEMENT;DOCUMENTATION_OR_SUMMARY,SEGMENTATION_OR_LOCALIZATION;CLASSIFICATION_OR_DIAGNOSIS;MEASUREMENT_OR_QUANTIFICATION;RECONSTRUCTION_OR_ENHANCEMENT;DOCUMENTATION_OR_SUMMARY,CODED,false,NONE
K251514:user,K251514,user,OTHER_CLINICIAN,OTHER_CLINICIAN,CODED,false,NONE
K251514:setting,K251514,setting,DIAGNOSTIC_INTERPRETATION;PROCEDURAL_OR_OPERATING_ROOM,DIAGNOSTIC_INTERPRETATION;PROCEDURAL_OR_OPERATING_ROOM,CODED,false,NONE
K251514:action,K251514,action,INTERPRETATION_OR_DIAGNOSIS;TREATMENT_OR_PROCEDURE_PLANNING,INTERPRETATION_OR_DIAGNOSIS;TREATMENT_OR_PROCEDURE_PLANNING,CODED,false,NONE
K251514:component_status,K251514,component_status,SINGLE,SINGLE,CODED,false,NONE
K251518:input,K251518,input,PHYSIOLOGICAL_SIGNAL;DEVICE_TELEMETRY_OR_OPERATIONAL,PHYSIOLOGICAL_SIGNAL;DEVICE_TELEMETRY_OR_OPERATIONAL,CODED,false,NONE
K251518:output,K251518,output,DETECTION_OR_ALERT;CLASSIFICATION_OR_DIAGNOSIS;SEGMENTATION_OR_LOCALIZATION;MEASUREMENT_OR_QUANTIFICATION;OTHER,DETECTION_OR_ALERT;CLASSIFICATION_OR_DIAGNOSIS;SEGMENTATION_OR_LOCALIZATION;MEASUREMENT_OR_QUANTIFICATION;OTHER,CODED,false,NONE
K251518:user,K251518,user,OTHER_PHYSICIAN;OTHER_CLINICIAN;OTHER,OTHER_PHYSICIAN;OTHER_CLINICIAN;OTHER,CODED,false,NONE
K251518:setting,K251518,setting,PROCEDURAL_OR_OPERATING_ROOM,PROCEDURAL_OR_OPERATING_ROOM,CODED,false,NONE
K251518:action,K251518,action,WORKFLOW_OR_DOCUMENTATION;INTERPRETATION_OR_DIAGNOSIS,WORKFLOW_OR_DOCUMENTATION;INTERPRETATION_OR_DIAGNOSIS,CODED,false,NONE
K251518:component_status,K251518,component_status,SINGLE,SINGLE,CODED,false,NONE
K251527:input,K251527,input,MEDICAL_IMAGE,MEDICAL_IMAGE,CODED,false,NONE
K251527:output,K251527,output,SEGMENTATION_OR_LOCALIZATION;MEASUREMENT_OR_QUANTIFICATION;DOCUMENTATION_OR_SUMMARY,SEGMENTATION_OR_LOCALIZATION;MEASUREMENT_OR_QUANTIFICATION;DOCUMENTATION_OR_SUMMARY,CODED,false,NONE
K251527:user,K251527,user,OTHER_CLINICIAN,OTHER_CLINICIAN,CODED,false,NONE
K251527:setting,K251527,setting,DIAGNOSTIC_INTERPRETATION;MONITORING,DIAGNOSTIC_INTERPRETATION;MONITORING,CODED,false,NONE
K251527:action,K251527,action,INTERPRETATION_OR_DIAGNOSIS;WORKFLOW_OR_DOCUMENTATION;MONITORING_OR_FOLLOW_UP,INTERPRETATION_OR_DIAGNOSIS;WORKFLOW_OR_DOCUMENTATION;MONITORING_OR_FOLLOW_UP,CODED,false,NONE
K251527:component_status,K251527,component_status,SINGLE,SINGLE,CODED,false,NONE
K251528:input,K251528,input,MEDICAL_IMAGE,MEDICAL_IMAGE,CODED,false,NONE
K251528:output,K251528,output,SEGMENTATION_OR_LOCALIZATION;MEASUREMENT_OR_QUANTIFICATION,SEGMENTATION_OR_LOCALIZATION;MEASUREMENT_OR_QUANTIFICATION,CODED,false,NONE
K251528:user,K251528,user,RADIOLOGIST;OTHER_PHYSICIAN;TECHNOLOGIST_OR_OPERATOR,RADIOLOGIST;OTHER_PHYSICIAN;TECHNOLOGIST_OR_OPERATOR,CODED,false,NONE
K251528:setting,K251528,setting,DIAGNOSTIC_INTERPRETATION;MONITORING;PROCEDURAL_OR_OPERATING_ROOM,DIAGNOSTIC_INTERPRETATION;MONITORING;PROCEDURAL_OR_OPERATING_ROOM,CODED,false,NONE
K251528:action,K251528,action,INTERPRETATION_OR_DIAGNOSIS;MONITORING_OR_FOLLOW_UP;TREATMENT_OR_PROCEDURE_PLANNING;WORKFLOW_OR_DOCUMENTATION,INTERPRETATION_OR_DIAGNOSIS;MONITORING_OR_FOLLOW_UP;TREATMENT_OR_PROCEDURE_PLANNING;WORKFLOW_OR_DOCUMENTATION,CODED,false,NONE
K251528:component_status,K251528,component_status,MULTIPLE,MULTIPLE,CODED,false,NONE
K251532:input,K251532,input,MEDICAL_IMAGE;CLINICAL_TABULAR_OR_TEXT,MEDICAL_IMAGE;CLINICAL_TABULAR_OR_TEXT,CODED,false,NONE
K251532:output,K251532,output,SEGMENTATION_OR_LOCALIZATION;RECONSTRUCTION_OR_ENHANCEMENT;MEASUREMENT_OR_QUANTIFICATION;RECOMMENDATION_OR_PLANNING,SEGMENTATION_OR_LOCALIZATION;RECONSTRUCTION_OR_ENHANCEMENT;MEASUREMENT_OR_QUANTIFICATION;RECOMMENDATION_OR_PLANNING,CODED,false,NONE
K251532:user,K251532,user,OTHER_PHYSICIAN;OTHER_CLINICIAN;OTHER,OTHER_PHYSICIAN;OTHER_CLINICIAN;OTHER,CODED,false,NONE
K251532:setting,K251532,setting,DIAGNOSTIC_INTERPRETATION;PROCEDURAL_OR_OPERATING_ROOM,DIAGNOSTIC_INTERPRETATION;PROCEDURAL_OR_OPERATING_ROOM,CODED,false,NONE
K251532:action,K251532,action,INTERPRETATION_OR_DIAGNOSIS;TREATMENT_OR_PROCEDURE_PLANNING,INTERPRETATION_OR_DIAGNOSIS;TREATMENT_OR_PROCEDURE_PLANNING,CODED,false,NONE
K251532:component_status,K251532,component_status,MULTIPLE,MULTIPLE,CODED,false,NONE
K251533:input,K251533,input,MEDICAL_IMAGE,MEDICAL_IMAGE,CODED,false,NONE
K251533:output,K251533,output,DETECTION_OR_ALERT;DOCUMENTATION_OR_SUMMARY,DETECTION_OR_ALERT;DOCUMENTATION_OR_SUMMARY,CODED,false,NONE
K251533:user,K251533,user,OTHER_CLINICIAN,OTHER_CLINICIAN,CODED,false,NONE
K251533:setting,K251533,setting,ACUTE_TRIAGE_OR_EMERGENCY;OTHER,ACUTE_TRIAGE_OR_EMERGENCY;OTHER,CODED,false,NONE
K251533:action,K251533,action,TRIAGE_OR_PRIORITIZATION,TRIAGE_OR_PRIORITIZATION,CODED,false,NONE
K251533:component_status,K251533,component_status,SINGLE,SINGLE,CODED,false,NONE
K251558:input,K251558,input,MEDICAL_IMAGE,MEDICAL_IMAGE,CODED,false,NONE
K251558:output,K251558,output,SEGMENTATION_OR_LOCALIZATION,SEGMENTATION_OR_LOCALIZATION,CODED,false,NONE
K251558:user,K251558,user,OTHER_PHYSICIAN,OTHER_PHYSICIAN,CODED,false,NONE
K251558:setting,K251558,setting,PROCEDURAL_OR_OPERATING_ROOM,PROCEDURAL_OR_OPERATING_ROOM,CODED,false,NONE
K251558:action,K251558,action,TREATMENT_OR_PROCEDURE_PLANNING,TREATMENT_OR_PROCEDURE_PLANNING,CODED,false,NONE
K251558:component_status,K251558,component_status,SINGLE,SINGLE,CODED,false,NONE
K251590:input,K251590,input,MEDICAL_IMAGE,MEDICAL_IMAGE,CODED,false,NONE
K251590:output,K251590,output,DETECTION_OR_ALERT,DETECTION_OR_ALERT,CODED,false,NONE
K251590:user,K251590,user,OTHER_PHYSICIAN;RADIOLOGIST;OTHER_CLINICIAN,OTHER_PHYSICIAN;RADIOLOGIST;OTHER_CLINICIAN,CODED,false,NONE
K251590:setting,K251590,setting,ACUTE_TRIAGE_OR_EMERGENCY;OTHER,ACUTE_TRIAGE_OR_EMERGENCY;OTHER,CODED,false,NONE
K251590:action,K251590,action,TRIAGE_OR_PRIORITIZATION,TRIAGE_OR_PRIORITIZATION,CODED,false,NONE
K251590:component_status,K251590,component_status,SINGLE,SINGLE,CODED,false,NONE
K251602:input,K251602,input,AUDIO_OR_VIDEO;MEDICAL_IMAGE,AUDIO_OR_VIDEO;MEDICAL_IMAGE,CODED,false,NONE
K251602:output,K251602,output,RECONSTRUCTION_OR_ENHANCEMENT,RECONSTRUCTION_OR_ENHANCEMENT,CODED,false,NONE
K251602:user,K251602,user,NOT_STATED,NOT_STATED,NOT_STATED,true,FIELD_NOT_STATED
K251602:setting,K251602,setting,DIAGNOSTIC_INTERPRETATION;PROCEDURAL_OR_OPERATING_ROOM,DIAGNOSTIC_INTERPRETATION;PROCEDURAL_OR_OPERATING_ROOM,CODED,false,NONE
K251602:action,K251602,action,INTERPRETATION_OR_DIAGNOSIS;TREATMENT_OR_PROCEDURE_PLANNING,INTERPRETATION_OR_DIAGNOSIS;TREATMENT_OR_PROCEDURE_PLANNING,CODED,false,NONE
K251602:component_status,K251602,component_status,SINGLE,SINGLE,CODED,false,NONE
K251610:input,K251610,input,MEDICAL_IMAGE,MEDICAL_IMAGE,CODED,false,NONE
K251610:output,K251610,output,DETECTION_OR_ALERT,DETECTION_OR_ALERT,CODED,false,NONE
K251610:user,K251610,user,OTHER_CLINICIAN;OTHER_PHYSICIAN;RADIOLOGIST,OTHER_CLINICIAN;OTHER_PHYSICIAN;RADIOLOGIST,CODED,false,NONE
K251610:setting,K251610,setting,ACUTE_TRIAGE_OR_EMERGENCY;OTHER,ACUTE_TRIAGE_OR_EMERGENCY;OTHER,CODED,false,NONE
K251610:action,K251610,action,TRIAGE_OR_PRIORITIZATION,TRIAGE_OR_PRIORITIZATION,CODED,false,NONE
K251610:component_status,K251610,component_status,SINGLE,SINGLE,CODED,false,NONE
K251629:input,K251629,input,CLINICAL_TABULAR_OR_TEXT,CLINICAL_TABULAR_OR_TEXT,CODED,false,NONE
K251629:output,K251629,output,RISK_SCORE_OR_PREDICTION;RECOMMENDATION_OR_PLANNING,RISK_SCORE_OR_PREDICTION;RECOMMENDATION_OR_PLANNING,CODED,false,NONE
K251629:user,K251629,user,OTHER_PHYSICIAN;OTHER_CLINICIAN;TECHNOLOGIST_OR_OPERATOR;OTHER,OTHER_PHYSICIAN;OTHER_CLINICIAN;TECHNOLOGIST_OR_OPERATOR;OTHER,CODED,false,NONE
K251629:setting,K251629,setting,PROCEDURAL_OR_OPERATING_ROOM,PROCEDURAL_OR_OPERATING_ROOM,CODED,false,NONE
K251629:action,K251629,action,TREATMENT_OR_PROCEDURE_PLANNING,TREATMENT_OR_PROCEDURE_PLANNING,CODED,false,NONE
K251629:component_status,K251629,component_status,SINGLE,SINGLE,CODED,false,NONE
K251639:input,K251639,input,MEDICAL_IMAGE;DEVICE_TELEMETRY_OR_OPERATIONAL,MEDICAL_IMAGE;DEVICE_TELEMETRY_OR_OPERATIONAL,CODED,false,NONE
K251639:output,K251639,output,SEGMENTATION_OR_LOCALIZATION;RECONSTRUCTION_OR_ENHANCEMENT,SEGMENTATION_OR_LOCALIZATION;RECONSTRUCTION_OR_ENHANCEMENT,CODED,false,NONE
K251639:user,K251639,user,OTHER_PHYSICIAN,OTHER_PHYSICIAN,CODED,false,NONE
K251639:setting,K251639,setting,PROCEDURAL_OR_OPERATING_ROOM,PROCEDURAL_OR_OPERATING_ROOM,CODED,false,NONE
K251639:action,K251639,action,TREATMENT_OR_PROCEDURE_PLANNING,TREATMENT_OR_PROCEDURE_PLANNING,CODED,false,NONE
K251639:component_status,K251639,component_status,SINGLE,SINGLE,CODED,false,NONE
K251651:input,K251651,input,NOT_ASSESSABLE,NOT_ASSESSABLE,NOT_ASSESSABLE,true,AI_ATTRIBUTION_BARRIER
K251651:output,K251651,output,NOT_ASSESSABLE,NOT_ASSESSABLE,NOT_ASSESSABLE,true,AI_ATTRIBUTION_BARRIER
K251651:user,K251651,user,NOT_ASSESSABLE,NOT_ASSESSABLE,NOT_ASSESSABLE,true,AI_ATTRIBUTION_BARRIER
K251651:setting,K251651,setting,NOT_ASSESSABLE,NOT_ASSESSABLE,NOT_ASSESSABLE,true,AI_ATTRIBUTION_BARRIER
K251651:action,K251651,action,NOT_ASSESSABLE,NOT_ASSESSABLE,NOT_ASSESSABLE,true,AI_ATTRIBUTION_BARRIER
K251651:component_status,K251651,component_status,UNCERTAIN,UNCERTAIN,UNCERTAIN,true,AI_ATTRIBUTION_BARRIER
K251656:input,K251656,input,MEDICAL_IMAGE,MEDICAL_IMAGE,CODED,false,NONE
K251656:output,K251656,output,SEGMENTATION_OR_LOCALIZATION;DETECTION_OR_ALERT;CLASSIFICATION_OR_DIAGNOSIS;MEASUREMENT_OR_QUANTIFICATION;RECONSTRUCTION_OR_ENHANCEMENT;DOCUMENTATION_OR_SUMMARY,SEGMENTATION_OR_LOCALIZATION;DETECTION_OR_ALERT;CLASSIFICATION_OR_DIAGNOSIS;MEASUREMENT_OR_QUANTIFICATION;RECONSTRUCTION_OR_ENHANCEMENT;DOCUMENTATION_OR_SUMMARY,CODED,false,NONE
K251656:user,K251656,user,OTHER_CLINICIAN;OTHER_PHYSICIAN,OTHER_CLINICIAN;OTHER_PHYSICIAN,CODED,false,NONE
K251656:setting,K251656,setting,DIAGNOSTIC_INTERPRETATION,DIAGNOSTIC_INTERPRETATION,CODED,false,NONE
K251656:action,K251656,action,INTERPRETATION_OR_DIAGNOSIS;WORKFLOW_OR_DOCUMENTATION,INTERPRETATION_OR_DIAGNOSIS;WORKFLOW_OR_DOCUMENTATION,CODED,false,NONE
K251656:component_status,K251656,component_status,SINGLE,SINGLE,CODED,false,NONE
K251657:input,K251657,input,NOT_STATED,NOT_STATED,NOT_STATED,true,FIELD_NOT_STATED
K251657:output,K251657,output,RECOMMENDATION_OR_PLANNING,RECOMMENDATION_OR_PLANNING,CODED,false,NONE
K251657:user,K251657,user,PATIENT_OR_CAREGIVER;OTHER_CLINICIAN,PATIENT_OR_CAREGIVER;OTHER_CLINICIAN,CODED,false,NONE
K251657:setting,K251657,setting,HOME_OR_CONSUMER;OTHER,HOME_OR_CONSUMER;OTHER,CODED,false,NONE
K251657:action,K251657,action,PATIENT_SELF_MANAGEMENT,PATIENT_SELF_MANAGEMENT,CODED,false,NONE
K251657:component_status,K251657,component_status,SINGLE,SINGLE,CODED,false,NONE
K251673:input,K251673,input,MEDICAL_IMAGE,MEDICAL_IMAGE,CODED,false,NONE
K251673:output,K251673,output,DETECTION_OR_ALERT;SEGMENTATION_OR_LOCALIZATION,DETECTION_OR_ALERT;SEGMENTATION_OR_LOCALIZATION,CODED,false,NONE
K251673:user,K251673,user,OTHER_CLINICIAN,OTHER_CLINICIAN,CODED,false,NONE
K251673:setting,K251673,setting,PROCEDURAL_OR_OPERATING_ROOM;OUTPATIENT;OTHER,PROCEDURAL_OR_OPERATING_ROOM;OUTPATIENT;OTHER,CODED,false,NONE
K251673:action,K251673,action,TREATMENT_OR_PROCEDURE_PLANNING;WORKFLOW_OR_DOCUMENTATION,TREATMENT_OR_PROCEDURE_PLANNING;WORKFLOW_OR_DOCUMENTATION,CODED,false,NONE
K251673:component_status,K251673,component_status,SINGLE,SINGLE,CODED,false,NONE
K251682:input,K251682,input,MEDICAL_IMAGE,MEDICAL_IMAGE,CODED,false,NONE
K251682:output,K251682,output,SEGMENTATION_OR_LOCALIZATION;MEASUREMENT_OR_QUANTIFICATION,SEGMENTATION_OR_LOCALIZATION;MEASUREMENT_OR_QUANTIFICATION,CODED,false,NONE
K251682:user,K251682,user,OTHER_CLINICIAN,OTHER_CLINICIAN,CODED,false,NONE
K251682:setting,K251682,setting,DIAGNOSTIC_INTERPRETATION,DIAGNOSTIC_INTERPRETATION,CODED,false,NONE
K251682:action,K251682,action,INTERPRETATION_OR_DIAGNOSIS,INTERPRETATION_OR_DIAGNOSIS,CODED,false,NONE
K251682:component_status,K251682,component_status,SINGLE,SINGLE,CODED,false,NONE
K251747:input,K251747,input,MEDICAL_IMAGE,MEDICAL_IMAGE,CODED,false,NONE
K251747:output,K251747,output,SEGMENTATION_OR_LOCALIZATION;MEASUREMENT_OR_QUANTIFICATION,SEGMENTATION_OR_LOCALIZATION;MEASUREMENT_OR_QUANTIFICATION,CODED,false,NONE
K251747:user,K251747,user,OTHER_PHYSICIAN;OTHER_CLINICIAN;OTHER,OTHER_PHYSICIAN;OTHER_CLINICIAN;OTHER,CODED,false,NONE
K251747:setting,K251747,setting,DIAGNOSTIC_INTERPRETATION;PROCEDURAL_OR_OPERATING_ROOM,DIAGNOSTIC_INTERPRETATION;PROCEDURAL_OR_OPERATING_ROOM,CODED,false,NONE
K251747:action,K251747,action,INTERPRETATION_OR_DIAGNOSIS;TREATMENT_OR_PROCEDURE_PLANNING,INTERPRETATION_OR_DIAGNOSIS;TREATMENT_OR_PROCEDURE_PLANNING,CODED,false,NONE
K251747:component_status,K251747,component_status,SINGLE,SINGLE,CODED,false,NONE
K251763:input,K251763,input,MEDICAL_IMAGE,MEDICAL_IMAGE,CODED,false,NONE
K251763:output,K251763,output,SEGMENTATION_OR_LOCALIZATION;RECONSTRUCTION_OR_ENHANCEMENT,SEGMENTATION_OR_LOCALIZATION;RECONSTRUCTION_OR_ENHANCEMENT,CODED,false,NONE
K251763:user,K251763,user,OTHER;OTHER_CLINICIAN,OTHER;OTHER_CLINICIAN,CODED,false,NONE
K251763:setting,K251763,setting,PROCEDURAL_OR_OPERATING_ROOM;OTHER,PROCEDURAL_OR_OPERATING_ROOM;OTHER,CODED,false,NONE
K251763:action,K251763,action,TREATMENT_OR_PROCEDURE_PLANNING;WORKFLOW_OR_DOCUMENTATION,TREATMENT_OR_PROCEDURE_PLANNING;WORKFLOW_OR_DOCUMENTATION,CODED,false,NONE
K251763:component_status,K251763,component_status,SINGLE,SINGLE,CODED,false,NONE
K251766:input,K251766,input,MEDICAL_IMAGE,MEDICAL_IMAGE,CODED,false,NONE
K251766:output,K251766,output,SEGMENTATION_OR_LOCALIZATION;MEASUREMENT_OR_QUANTIFICATION;RECONSTRUCTION_OR_ENHANCEMENT,SEGMENTATION_OR_LOCALIZATION;MEASUREMENT_OR_QUANTIFICATION;RECONSTRUCTION_OR_ENHANCEMENT,CODED,false,NONE
K251766:user,K251766,user,OTHER_PHYSICIAN;OTHER_CLINICIAN,OTHER_PHYSICIAN;OTHER_CLINICIAN,CODED,false,NONE
K251766:setting,K251766,setting,DIAGNOSTIC_INTERPRETATION;PROCEDURAL_OR_OPERATING_ROOM,DIAGNOSTIC_INTERPRETATION;PROCEDURAL_OR_OPERATING_ROOM,CODED,false,NONE
K251766:action,K251766,action,INTERPRETATION_OR_DIAGNOSIS;TREATMENT_OR_PROCEDURE_PLANNING,INTERPRETATION_OR_DIAGNOSIS;TREATMENT_OR_PROCEDURE_PLANNING,CODED,false,NONE
K251766:component_status,K251766,component_status,SINGLE,SINGLE,CODED,false,NONE
K251769:input,K251769,input,MEDICAL_IMAGE,MEDICAL_IMAGE,CODED,false,NONE
K251769:output,K251769,output,RISK_SCORE_OR_PREDICTION,RISK_SCORE_OR_PREDICTION,CODED,false,NONE
K251769:user,K251769,user,RADIOLOGIST,RADIOLOGIST,CODED,false,NONE
K251769:setting,K251769,setting,DIAGNOSTIC_INTERPRETATION;MONITORING;OUTPATIENT;OTHER,DIAGNOSTIC_INTERPRETATION;MONITORING;OUTPATIENT;OTHER,CODED,false,NONE
K251769:action,K251769,action,INTERPRETATION_OR_DIAGNOSIS;MONITORING_OR_FOLLOW_UP,INTERPRETATION_OR_DIAGNOSIS;MONITORING_OR_FOLLOW_UP,CODED,false,NONE
K251769:component_status,K251769,component_status,SINGLE,SINGLE,CODED,false,NONE
K251822:input,K251822,input,MEDICAL_IMAGE,MEDICAL_IMAGE,CODED,false,NONE
K251822:output,K251822,output,RECONSTRUCTION_OR_ENHANCEMENT,RECONSTRUCTION_OR_ENHANCEMENT,CODED,false,NONE
K251822:user,K251822,user,OTHER_PHYSICIAN;OTHER_CLINICIAN,OTHER_PHYSICIAN;OTHER_CLINICIAN,CODED,false,NONE
K251822:setting,K251822,setting,DIAGNOSTIC_INTERPRETATION;PROCEDURAL_OR_OPERATING_ROOM,DIAGNOSTIC_INTERPRETATION;PROCEDURAL_OR_OPERATING_ROOM,CODED,false,NONE
K251822:action,K251822,action,INTERPRETATION_OR_DIAGNOSIS;TREATMENT_OR_PROCEDURE_PLANNING,INTERPRETATION_OR_DIAGNOSIS;TREATMENT_OR_PROCEDURE_PLANNING,CODED,false,NONE
K251822:component_status,K251822,component_status,SINGLE,SINGLE,CODED,false,NONE
K251837:input,K251837,input,MEDICAL_IMAGE,MEDICAL_IMAGE,CODED,false,NONE
K251837:output,K251837,output,SEGMENTATION_OR_LOCALIZATION;MEASUREMENT_OR_QUANTIFICATION;CLASSIFICATION_OR_DIAGNOSIS;DOCUMENTATION_OR_SUMMARY,SEGMENTATION_OR_LOCALIZATION;MEASUREMENT_OR_QUANTIFICATION;CLASSIFICATION_OR_DIAGNOSIS;DOCUMENTATION_OR_SUMMARY,CODED,false,NONE
K251837:user,K251837,user,RADIOLOGIST;OTHER_PHYSICIAN,RADIOLOGIST;OTHER_PHYSICIAN,CODED,false,NONE
K251837:setting,K251837,setting,DIAGNOSTIC_INTERPRETATION,DIAGNOSTIC_INTERPRETATION,CODED,false,NONE
K251837:action,K251837,action,INTERPRETATION_OR_DIAGNOSIS;WORKFLOW_OR_DOCUMENTATION,INTERPRETATION_OR_DIAGNOSIS;WORKFLOW_OR_DOCUMENTATION,CODED,false,NONE
K251837:component_status,K251837,component_status,MULTIPLE,MULTIPLE,CODED,false,NONE
K251839:input,K251839,input,MEDICAL_IMAGE,MEDICAL_IMAGE,CODED,false,NONE
K251839:output,K251839,output,RECONSTRUCTION_OR_ENHANCEMENT;MEASUREMENT_OR_QUANTIFICATION,RECONSTRUCTION_OR_ENHANCEMENT;MEASUREMENT_OR_QUANTIFICATION,CODED,false,NONE
K251839:user,K251839,user,OTHER_CLINICIAN;OTHER_PHYSICIAN,OTHER_CLINICIAN;OTHER_PHYSICIAN,CODED,false,NONE
K251839:setting,K251839,setting,DIAGNOSTIC_INTERPRETATION;MONITORING;PROCEDURAL_OR_OPERATING_ROOM;SCREENING,DIAGNOSTIC_INTERPRETATION;MONITORING;PROCEDURAL_OR_OPERATING_ROOM;SCREENING,CODED,false,NONE
K251839:action,K251839,action,INTERPRETATION_OR_DIAGNOSIS;MONITORING_OR_FOLLOW_UP;TREATMENT_OR_PROCEDURE_PLANNING,INTERPRETATION_OR_DIAGNOSIS;MONITORING_OR_FOLLOW_UP;TREATMENT_OR_PROCEDURE_PLANNING,CODED,false,NONE
K251839:component_status,K251839,component_status,MULTIPLE,MULTIPLE,CODED,false,NONE
K251873:input,K251873,input,MEDICAL_IMAGE,MEDICAL_IMAGE,CODED,false,NONE
K251873:output,K251873,output,DETECTION_OR_ALERT;SEGMENTATION_OR_LOCALIZATION;RISK_SCORE_OR_PREDICTION;DOCUMENTATION_OR_SUMMARY,DETECTION_OR_ALERT;SEGMENTATION_OR_LOCALIZATION;RISK_SCORE_OR_PREDICTION;DOCUMENTATION_OR_SUMMARY,CODED,false,NONE
K251873:user,K251873,user,RADIOLOGIST;OTHER_PHYSICIAN,RADIOLOGIST;OTHER_PHYSICIAN,CODED,false,NONE
K251873:setting,K251873,setting,SCREENING;DIAGNOSTIC_INTERPRETATION,SCREENING;DIAGNOSTIC_INTERPRETATION,CODED,false,NONE
K251873:action,K251873,action,INTERPRETATION_OR_DIAGNOSIS,INTERPRETATION_OR_DIAGNOSIS,CODED,false,NONE
K251873:component_status,K251873,component_status,SINGLE,SINGLE,CODED,false,NONE
K251901:input,K251901,input,MEDICAL_IMAGE,MEDICAL_IMAGE,CODED,false,NONE
K251901:output,K251901,output,RECONSTRUCTION_OR_ENHANCEMENT,RECONSTRUCTION_OR_ENHANCEMENT,CODED,false,NONE
K251901:user,K251901,user,TECHNOLOGIST_OR_OPERATOR;OTHER,TECHNOLOGIST_OR_OPERATOR;OTHER,CODED,false,NONE
K251901:setting,K251901,setting,DIAGNOSTIC_INTERPRETATION;OUTPATIENT;OTHER,DIAGNOSTIC_INTERPRETATION;OUTPATIENT;OTHER,CODED,false,NONE
K251901:action,K251901,action,INTERPRETATION_OR_DIAGNOSIS;WORKFLOW_OR_DOCUMENTATION,INTERPRETATION_OR_DIAGNOSIS;WORKFLOW_OR_DOCUMENTATION,CODED,false,NONE
K251901:component_status,K251901,component_status,SINGLE,SINGLE,CODED,false,NONE
K251931:input,K251931,input,MEDICAL_IMAGE,MEDICAL_IMAGE,CODED,false,NONE
K251931:output,K251931,output,SEGMENTATION_OR_LOCALIZATION;MEASUREMENT_OR_QUANTIFICATION;RECOMMENDATION_OR_PLANNING;DOCUMENTATION_OR_SUMMARY,SEGMENTATION_OR_LOCALIZATION;MEASUREMENT_OR_QUANTIFICATION;RECOMMENDATION_OR_PLANNING;DOCUMENTATION_OR_SUMMARY,CODED,false,NONE
K251931:user,K251931,user,OTHER_PHYSICIAN,OTHER_PHYSICIAN,CODED,false,NONE
K251931:setting,K251931,setting,PROCEDURAL_OR_OPERATING_ROOM;OTHER,PROCEDURAL_OR_OPERATING_ROOM;OTHER,CODED,false,NONE
K251931:action,K251931,action,TREATMENT_OR_PROCEDURE_PLANNING;MONITORING_OR_FOLLOW_UP,TREATMENT_OR_PROCEDURE_PLANNING;MONITORING_OR_FOLLOW_UP,CODED,false,NONE
K251931:component_status,K251931,component_status,MULTIPLE,MULTIPLE,CODED,false,NONE
K251934:input,K251934,input,MEDICAL_IMAGE,MEDICAL_IMAGE,CODED,false,NONE
K251934:output,K251934,output,DETECTION_OR_ALERT;SEGMENTATION_OR_LOCALIZATION;CLASSIFICATION_OR_DIAGNOSIS,DETECTION_OR_ALERT;SEGMENTATION_OR_LOCALIZATION;CLASSIFICATION_OR_DIAGNOSIS,CODED,false,NONE
K251934:user,K251934,user,OTHER_PHYSICIAN;RADIOLOGIST,OTHER_PHYSICIAN;RADIOLOGIST,CODED,false,NONE
K251934:setting,K251934,setting,DIAGNOSTIC_INTERPRETATION,DIAGNOSTIC_INTERPRETATION,CODED,false,NONE
K251934:action,K251934,action,INTERPRETATION_OR_DIAGNOSIS,INTERPRETATION_OR_DIAGNOSIS,CODED,false,NONE
K251934:component_status,K251934,component_status,SINGLE,SINGLE,CODED,false,NONE
K251936:input,K251936,input,PHYSIOLOGICAL_SIGNAL,PHYSIOLOGICAL_SIGNAL,CODED,false,NONE
K251936:output,K251936,output,CLASSIFICATION_OR_DIAGNOSIS;DETECTION_OR_ALERT,CLASSIFICATION_OR_DIAGNOSIS;DETECTION_OR_ALERT,CODED,false,NONE
K251936:user,K251936,user,OTHER_CLINICIAN,OTHER_CLINICIAN,CODED,false,NONE
K251936:setting,K251936,setting,INPATIENT;MONITORING;SCREENING,INPATIENT;MONITORING;SCREENING,CODED,false,NONE
K251936:action,K251936,action,MONITORING_OR_FOLLOW_UP;INTERPRETATION_OR_DIAGNOSIS,MONITORING_OR_FOLLOW_UP;INTERPRETATION_OR_DIAGNOSIS,CODED,false,NONE
K251936:component_status,K251936,component_status,SINGLE,SINGLE,CODED,false,NONE
K251963:input,K251963,input,MEDICAL_IMAGE;CLINICAL_TABULAR_OR_TEXT,MEDICAL_IMAGE;CLINICAL_TABULAR_OR_TEXT,CODED,false,NONE
K251963:output,K251963,output,CLASSIFICATION_OR_DIAGNOSIS;SEGMENTATION_OR_LOCALIZATION;MEASUREMENT_OR_QUANTIFICATION,CLASSIFICATION_OR_DIAGNOSIS;SEGMENTATION_OR_LOCALIZATION;MEASUREMENT_OR_QUANTIFICATION,CODED,false,NONE
K251963:user,K251963,user,OTHER_PHYSICIAN,OTHER_PHYSICIAN,CODED,false,NONE
K251963:setting,K251963,setting,DIAGNOSTIC_INTERPRETATION;OUTPATIENT;OTHER,DIAGNOSTIC_INTERPRETATION;OUTPATIENT;OTHER,CODED,false,NONE
K251963:action,K251963,action,INTERPRETATION_OR_DIAGNOSIS;WORKFLOW_OR_DOCUMENTATION,INTERPRETATION_OR_DIAGNOSIS;WORKFLOW_OR_DOCUMENTATION,CODED,false,NONE
K251963:component_status,K251963,component_status,MULTIPLE,MULTIPLE,CODED,false,NONE
K251983:input,K251983,input,MEDICAL_IMAGE,MEDICAL_IMAGE,CODED,false,NONE
K251983:output,K251983,output,DETECTION_OR_ALERT,DETECTION_OR_ALERT,CODED,false,NONE
K251983:user,K251983,user,OTHER_CLINICIAN,OTHER_CLINICIAN,CODED,false,NONE
K251983:setting,K251983,setting,ACUTE_TRIAGE_OR_EMERGENCY;OTHER,ACUTE_TRIAGE_OR_EMERGENCY;OTHER,CODED,false,NONE
K251983:action,K251983,action,TRIAGE_OR_PRIORITIZATION,TRIAGE_OR_PRIORITIZATION,CODED,false,NONE
K251983:component_status,K251983,component_status,SINGLE,SINGLE,CODED,false,NONE
K251985:input,K251985,input,MEDICAL_IMAGE;CLINICAL_TABULAR_OR_TEXT,MEDICAL_IMAGE;CLINICAL_TABULAR_OR_TEXT,CODED,false,NONE
K251985:output,K251985,output,CLASSIFICATION_OR_DIAGNOSIS;SEGMENTATION_OR_LOCALIZATION;MEASUREMENT_OR_QUANTIFICATION,CLASSIFICATION_OR_DIAGNOSIS;SEGMENTATION_OR_LOCALIZATION;MEASUREMENT_OR_QUANTIFICATION,CODED,false,NONE
K251985:user,K251985,user,OTHER_PHYSICIAN,OTHER_PHYSICIAN,CODED,false,NONE
K251985:setting,K251985,setting,DIAGNOSTIC_INTERPRETATION;OUTPATIENT;OTHER,DIAGNOSTIC_INTERPRETATION;OUTPATIENT;OTHER,CODED,false,NONE
K251985:action,K251985,action,INTERPRETATION_OR_DIAGNOSIS;WORKFLOW_OR_DOCUMENTATION,INTERPRETATION_OR_DIAGNOSIS;WORKFLOW_OR_DOCUMENTATION,CODED,false,NONE
K251985:component_status,K251985,component_status,MULTIPLE,MULTIPLE,CODED,false,NONE
K251987:input,K251987,input,MEDICAL_IMAGE,MEDICAL_IMAGE,CODED,false,NONE
K251987:output,K251987,output,SEGMENTATION_OR_LOCALIZATION;MEASUREMENT_OR_QUANTIFICATION;RECONSTRUCTION_OR_ENHANCEMENT;DOCUMENTATION_OR_SUMMARY,SEGMENTATION_OR_LOCALIZATION;MEASUREMENT_OR_QUANTIFICATION;RECONSTRUCTION_OR_ENHANCEMENT;DOCUMENTATION_OR_SUMMARY,CODED,false,NONE
K251987:user,K251987,user,RADIOLOGIST;OTHER_PHYSICIAN;OTHER_CLINICIAN,RADIOLOGIST;OTHER_PHYSICIAN;OTHER_CLINICIAN,CODED,false,NONE
K251987:setting,K251987,setting,DIAGNOSTIC_INTERPRETATION;MONITORING,DIAGNOSTIC_INTERPRETATION;MONITORING,CODED,false,NONE
K251987:action,K251987,action,INTERPRETATION_OR_DIAGNOSIS;MONITORING_OR_FOLLOW_UP,INTERPRETATION_OR_DIAGNOSIS;MONITORING_OR_FOLLOW_UP,CODED,false,NONE
K251987:component_status,K251987,component_status,SINGLE,SINGLE,CODED,false,NONE
K252002:input,K252002,input,MEDICAL_IMAGE;CLINICAL_TABULAR_OR_TEXT;DEVICE_TELEMETRY_OR_OPERATIONAL,MEDICAL_IMAGE;CLINICAL_TABULAR_OR_TEXT;DEVICE_TELEMETRY_OR_OPERATIONAL,CODED,false,NONE
K252002:output,K252002,output,SEGMENTATION_OR_LOCALIZATION;MEASUREMENT_OR_QUANTIFICATION;RECOMMENDATION_OR_PLANNING;DOCUMENTATION_OR_SUMMARY,SEGMENTATION_OR_LOCALIZATION;MEASUREMENT_OR_QUANTIFICATION;RECOMMENDATION_OR_PLANNING;DOCUMENTATION_OR_SUMMARY,CODED,false,NONE
K252002:user,K252002,user,OTHER_CLINICIAN;OTHER,OTHER_CLINICIAN;OTHER,CODED,false,NONE
K252002:setting,K252002,setting,PROCEDURAL_OR_OPERATING_ROOM;OTHER,PROCEDURAL_OR_OPERATING_ROOM;OTHER,CODED,false,NONE
K252002:action,K252002,action,TREATMENT_OR_PROCEDURE_PLANNING,TREATMENT_OR_PROCEDURE_PLANNING,CODED,false,NONE
K252002:component_status,K252002,component_status,MULTIPLE,MULTIPLE,CODED,false,NONE
K252007:input,K252007,input,AUDIO_OR_VIDEO;MEDICAL_IMAGE,AUDIO_OR_VIDEO;MEDICAL_IMAGE,CODED,false,NONE
K252007:output,K252007,output,DETECTION_OR_ALERT;CLASSIFICATION_OR_DIAGNOSIS;DOCUMENTATION_OR_SUMMARY,DETECTION_OR_ALERT;CLASSIFICATION_OR_DIAGNOSIS;DOCUMENTATION_OR_SUMMARY,CODED,false,NONE
K252007:user,K252007,user,OTHER_PHYSICIAN;OTHER_CLINICIAN,OTHER_PHYSICIAN;OTHER_CLINICIAN,CODED,false,NONE
K252007:setting,K252007,setting,DIAGNOSTIC_INTERPRETATION;INPATIENT;ACUTE_TRIAGE_OR_EMERGENCY;OUTPATIENT;OTHER,DIAGNOSTIC_INTERPRETATION;INPATIENT;ACUTE_TRIAGE_OR_EMERGENCY;OUTPATIENT;OTHER,CODED,false,NONE
K252007:action,K252007,action,INTERPRETATION_OR_DIAGNOSIS,INTERPRETATION_OR_DIAGNOSIS,CODED,false,NONE
K252007:component_status,K252007,component_status,SINGLE,SINGLE,CODED,false,NONE
K252018:input,K252018,input,MEDICAL_IMAGE,MEDICAL_IMAGE,CODED,false,NONE
K252018:output,K252018,output,SEGMENTATION_OR_LOCALIZATION;MEASUREMENT_OR_QUANTIFICATION;CLASSIFICATION_OR_DIAGNOSIS;DETECTION_OR_ALERT,SEGMENTATION_OR_LOCALIZATION;MEASUREMENT_OR_QUANTIFICATION;CLASSIFICATION_OR_DIAGNOSIS;DETECTION_OR_ALERT,CODED,false,NONE
K252018:user,K252018,user,OTHER_CLINICIAN;TECHNOLOGIST_OR_OPERATOR,OTHER_CLINICIAN;TECHNOLOGIST_OR_OPERATOR,CODED,false,NONE
K252018:setting,K252018,setting,DIAGNOSTIC_INTERPRETATION;OUTPATIENT;OTHER,DIAGNOSTIC_INTERPRETATION;OUTPATIENT;OTHER,CODED,false,NONE
K252018:action,K252018,action,INTERPRETATION_OR_DIAGNOSIS;WORKFLOW_OR_DOCUMENTATION,INTERPRETATION_OR_DIAGNOSIS;WORKFLOW_OR_DOCUMENTATION,CODED,false,NONE
K252018:component_status,K252018,component_status,MULTIPLE,MULTIPLE,CODED,false,NONE
K252029:input,K252029,input,MEDICAL_IMAGE,MEDICAL_IMAGE,CODED,false,NONE
K252029:output,K252029,output,SEGMENTATION_OR_LOCALIZATION;MEASUREMENT_OR_QUANTIFICATION;DOCUMENTATION_OR_SUMMARY,SEGMENTATION_OR_LOCALIZATION;MEASUREMENT_OR_QUANTIFICATION;DOCUMENTATION_OR_SUMMARY,CODED,false,NONE
K252029:user,K252029,user,RADIOLOGIST;OTHER_PHYSICIAN;OTHER_CLINICIAN,RADIOLOGIST;OTHER_PHYSICIAN;OTHER_CLINICIAN,CODED,false,NONE
K252029:setting,K252029,setting,SCREENING;MONITORING;OTHER,SCREENING;MONITORING;OTHER,CODED,false,NONE
K252029:action,K252029,action,REFERRAL_OR_ESCALATION;MONITORING_OR_FOLLOW_UP,REFERRAL_OR_ESCALATION;MONITORING_OR_FOLLOW_UP,CODED,false,NONE
K252029:component_status,K252029,component_status,MULTIPLE,MULTIPLE,CODED,false,NONE
K252041:input,K252041,input,MEDICAL_IMAGE,MEDICAL_IMAGE,CODED,false,NONE
K252041:output,K252041,output,CLASSIFICATION_OR_DIAGNOSIS;DOCUMENTATION_OR_SUMMARY,CLASSIFICATION_OR_DIAGNOSIS;DOCUMENTATION_OR_SUMMARY,CODED,false,NONE
K252041:user,K252041,user,OTHER_CLINICIAN,OTHER_CLINICIAN,CODED,false,NONE
K252041:setting,K252041,setting,DIAGNOSTIC_INTERPRETATION;OUTPATIENT;OTHER,DIAGNOSTIC_INTERPRETATION;OUTPATIENT;OTHER,CODED,false,NONE
K252041:action,K252041,action,INTERPRETATION_OR_DIAGNOSIS;REFERRAL_OR_ESCALATION,INTERPRETATION_OR_DIAGNOSIS;REFERRAL_OR_ESCALATION,CODED,false,NONE
K252041:component_status,K252041,component_status,SINGLE,SINGLE,CODED,false,NONE
K252054:input,K252054,input,MEDICAL_IMAGE;DEVICE_TELEMETRY_OR_OPERATIONAL,MEDICAL_IMAGE;DEVICE_TELEMETRY_OR_OPERATIONAL,CODED,false,NONE
K252054:output,K252054,output,SEGMENTATION_OR_LOCALIZATION;RECONSTRUCTION_OR_ENHANCEMENT;MEASUREMENT_OR_QUANTIFICATION;RECOMMENDATION_OR_PLANNING,SEGMENTATION_OR_LOCALIZATION;RECONSTRUCTION_OR_ENHANCEMENT;MEASUREMENT_OR_QUANTIFICATION;RECOMMENDATION_OR_PLANNING,CODED,false,NONE
K252054:user,K252054,user,OTHER_PHYSICIAN,OTHER_PHYSICIAN,CODED,false,NONE
K252054:setting,K252054,setting,PROCEDURAL_OR_OPERATING_ROOM,PROCEDURAL_OR_OPERATING_ROOM,CODED,false,NONE
K252054:action,K252054,action,TREATMENT_OR_PROCEDURE_PLANNING;WORKFLOW_OR_DOCUMENTATION,TREATMENT_OR_PROCEDURE_PLANNING;WORKFLOW_OR_DOCUMENTATION,CODED,false,NONE
K252054:component_status,K252054,component_status,MULTIPLE,MULTIPLE,CODED,false,NONE
K252074:input,K252074,input,MEDICAL_IMAGE,MEDICAL_IMAGE,CODED,false,NONE
K252074:output,K252074,output,RECONSTRUCTION_OR_ENHANCEMENT,RECONSTRUCTION_OR_ENHANCEMENT,CODED,false,NONE
K252074:user,K252074,user,OTHER_PHYSICIAN;OTHER_CLINICIAN,OTHER_PHYSICIAN;OTHER_CLINICIAN,CODED,false,NONE
K252074:setting,K252074,setting,DIAGNOSTIC_INTERPRETATION;OTHER,DIAGNOSTIC_INTERPRETATION;OTHER,CODED,false,NONE
K252074:action,K252074,action,INTERPRETATION_OR_DIAGNOSIS,INTERPRETATION_OR_DIAGNOSIS,CODED,false,NONE
K252074:component_status,K252074,component_status,SINGLE,SINGLE,CODED,false,NONE
K252076:input,K252076,input,AUDIO_OR_VIDEO;PHYSIOLOGICAL_SIGNAL,AUDIO_OR_VIDEO;PHYSIOLOGICAL_SIGNAL,CODED,false,NONE
K252076:output,K252076,output,OTHER,OTHER,CODED,false,NONE
K252076:user,K252076,user,OTHER_PHYSICIAN;OTHER_CLINICIAN,OTHER_PHYSICIAN;OTHER_CLINICIAN,CODED,false,NONE
K252076:setting,K252076,setting,DIAGNOSTIC_INTERPRETATION;OTHER,DIAGNOSTIC_INTERPRETATION;OTHER,CODED,false,NONE
K252076:action,K252076,action,INTERPRETATION_OR_DIAGNOSIS;TREATMENT_OR_PROCEDURE_PLANNING,INTERPRETATION_OR_DIAGNOSIS;TREATMENT_OR_PROCEDURE_PLANNING,CODED,false,NONE
K252076:component_status,K252076,component_status,SINGLE,SINGLE,CODED,false,NONE
K252084:input,K252084,input,MEDICAL_IMAGE,MEDICAL_IMAGE,CODED,false,NONE
K252084:output,K252084,output,SEGMENTATION_OR_LOCALIZATION;MEASUREMENT_OR_QUANTIFICATION;DOCUMENTATION_OR_SUMMARY,SEGMENTATION_OR_LOCALIZATION;MEASUREMENT_OR_QUANTIFICATION;DOCUMENTATION_OR_SUMMARY,CODED,false,NONE
K252084:user,K252084,user,OTHER_CLINICIAN,OTHER_CLINICIAN,CODED,false,NONE
K252084:setting,K252084,setting,DIAGNOSTIC_INTERPRETATION,DIAGNOSTIC_INTERPRETATION,CODED,false,NONE
K252084:action,K252084,action,INTERPRETATION_OR_DIAGNOSIS;WORKFLOW_OR_DOCUMENTATION,INTERPRETATION_OR_DIAGNOSIS;WORKFLOW_OR_DOCUMENTATION,CODED,false,NONE
K252084:component_status,K252084,component_status,MULTIPLE,MULTIPLE,CODED,false,NONE
K252086:input,K252086,input,MEDICAL_IMAGE,MEDICAL_IMAGE,CODED,false,NONE
K252086:output,K252086,output,DETECTION_OR_ALERT;SEGMENTATION_OR_LOCALIZATION;MEASUREMENT_OR_QUANTIFICATION;DOCUMENTATION_OR_SUMMARY,DETECTION_OR_ALERT;SEGMENTATION_OR_LOCALIZATION;MEASUREMENT_OR_QUANTIFICATION;DOCUMENTATION_OR_SUMMARY,CODED,false,NONE
K252086:user,K252086,user,OTHER_CLINICIAN,OTHER_CLINICIAN,CODED,false,NONE
K252086:setting,K252086,setting,DIAGNOSTIC_INTERPRETATION,DIAGNOSTIC_INTERPRETATION,CODED,false,NONE
K252086:action,K252086,action,INTERPRETATION_OR_DIAGNOSIS;WORKFLOW_OR_DOCUMENTATION,INTERPRETATION_OR_DIAGNOSIS;WORKFLOW_OR_DOCUMENTATION,CODED,false,NONE
K252086:component_status,K252086,component_status,MULTIPLE,MULTIPLE,CODED,false,NONE
K252089:input,K252089,input,AUDIO_OR_VIDEO,AUDIO_OR_VIDEO,CODED,false,NONE
K252089:output,K252089,output,MEASUREMENT_OR_QUANTIFICATION;CLASSIFICATION_OR_DIAGNOSIS;OTHER,MEASUREMENT_OR_QUANTIFICATION;CLASSIFICATION_OR_DIAGNOSIS;OTHER,CODED,false,NONE
K252089:user,K252089,user,PATIENT_OR_CAREGIVER;OTHER_CLINICIAN,PATIENT_OR_CAREGIVER;OTHER_CLINICIAN,CODED,false,NONE
K252089:setting,K252089,setting,HOME_OR_CONSUMER;DIAGNOSTIC_INTERPRETATION;OTHER,HOME_OR_CONSUMER;DIAGNOSTIC_INTERPRETATION;OTHER,CODED,false,NONE
K252089:action,K252089,action,INTERPRETATION_OR_DIAGNOSIS;WORKFLOW_OR_DOCUMENTATION,INTERPRETATION_OR_DIAGNOSIS;WORKFLOW_OR_DOCUMENTATION,CODED,false,NONE
K252089:component_status,K252089,component_status,MULTIPLE,MULTIPLE,CODED,false,NONE
K252091:input,K252091,input,MEDICAL_IMAGE,MEDICAL_IMAGE,CODED,false,NONE
K252091:output,K252091,output,SEGMENTATION_OR_LOCALIZATION;RECONSTRUCTION_OR_ENHANCEMENT,SEGMENTATION_OR_LOCALIZATION;RECONSTRUCTION_OR_ENHANCEMENT,CODED,false,NONE
K252091:user,K252091,user,OTHER_PHYSICIAN;OTHER_CLINICIAN;TECHNOLOGIST_OR_OPERATOR,OTHER_PHYSICIAN;OTHER_CLINICIAN;TECHNOLOGIST_OR_OPERATOR,CODED,false,NONE
K252091:setting,K252091,setting,PROCEDURAL_OR_OPERATING_ROOM,PROCEDURAL_OR_OPERATING_ROOM,CODED,false,NONE
K252091:action,K252091,action,TREATMENT_OR_PROCEDURE_PLANNING;WORKFLOW_OR_DOCUMENTATION,TREATMENT_OR_PROCEDURE_PLANNING;WORKFLOW_OR_DOCUMENTATION,CODED,false,NONE
K252091:component_status,K252091,component_status,SINGLE,SINGLE,CODED,false,NONE
K252099:input,K252099,input,MEDICAL_IMAGE,MEDICAL_IMAGE,CODED,false,NONE
K252099:output,K252099,output,RECONSTRUCTION_OR_ENHANCEMENT,RECONSTRUCTION_OR_ENHANCEMENT,CODED,false,NONE
K252099:user,K252099,user,OTHER_PHYSICIAN,OTHER_PHYSICIAN,CODED,false,NONE
K252099:setting,K252099,setting,DIAGNOSTIC_INTERPRETATION;PROCEDURAL_OR_OPERATING_ROOM,DIAGNOSTIC_INTERPRETATION;PROCEDURAL_OR_OPERATING_ROOM,CODED,false,NONE
K252099:action,K252099,action,INTERPRETATION_OR_DIAGNOSIS;TREATMENT_OR_PROCEDURE_PLANNING,INTERPRETATION_OR_DIAGNOSIS;TREATMENT_OR_PROCEDURE_PLANNING,CODED,false,NONE
K252099:component_status,K252099,component_status,SINGLE,SINGLE,CODED,false,NONE
K252103:input,K252103,input,MEDICAL_IMAGE,MEDICAL_IMAGE,CODED,false,NONE
K252103:output,K252103,output,SEGMENTATION_OR_LOCALIZATION;RECONSTRUCTION_OR_ENHANCEMENT;MEASUREMENT_OR_QUANTIFICATION,SEGMENTATION_OR_LOCALIZATION;RECONSTRUCTION_OR_ENHANCEMENT;MEASUREMENT_OR_QUANTIFICATION,CODED,false,NONE
K252103:user,K252103,user,OTHER;OTHER_CLINICIAN;OTHER_PHYSICIAN,OTHER;OTHER_CLINICIAN;OTHER_PHYSICIAN,CODED,false,NONE
K252103:setting,K252103,setting,DIAGNOSTIC_INTERPRETATION;PROCEDURAL_OR_OPERATING_ROOM,DIAGNOSTIC_INTERPRETATION;PROCEDURAL_OR_OPERATING_ROOM,CODED,false,NONE
K252103:action,K252103,action,INTERPRETATION_OR_DIAGNOSIS;TREATMENT_OR_PROCEDURE_PLANNING,INTERPRETATION_OR_DIAGNOSIS;TREATMENT_OR_PROCEDURE_PLANNING,CODED,false,NONE
K252103:component_status,K252103,component_status,MULTIPLE,MULTIPLE,CODED,false,NONE
K252105:input,K252105,input,MEDICAL_IMAGE;AUDIO_OR_VIDEO;CLINICAL_TABULAR_OR_TEXT,MEDICAL_IMAGE;AUDIO_OR_VIDEO;CLINICAL_TABULAR_OR_TEXT,CODED,false,NONE
K252105:output,K252105,output,CLASSIFICATION_OR_DIAGNOSIS;SEGMENTATION_OR_LOCALIZATION;MEASUREMENT_OR_QUANTIFICATION;DOCUMENTATION_OR_SUMMARY,CLASSIFICATION_OR_DIAGNOSIS;SEGMENTATION_OR_LOCALIZATION;MEASUREMENT_OR_QUANTIFICATION;DOCUMENTATION_OR_SUMMARY,CODED,false,NONE
K252105:user,K252105,user,OTHER_PHYSICIAN;TECHNOLOGIST_OR_OPERATOR,OTHER_PHYSICIAN;TECHNOLOGIST_OR_OPERATOR,CODED,false,NONE
K252105:setting,K252105,setting,DIAGNOSTIC_INTERPRETATION,DIAGNOSTIC_INTERPRETATION,CODED,false,NONE
K252105:action,K252105,action,INTERPRETATION_OR_DIAGNOSIS;WORKFLOW_OR_DOCUMENTATION,INTERPRETATION_OR_DIAGNOSIS;WORKFLOW_OR_DOCUMENTATION,CODED,false,NONE
K252105:component_status,K252105,component_status,SINGLE,SINGLE,CODED,false,NONE
K252148:input,K252148,input,MEDICAL_IMAGE;AUDIO_OR_VIDEO,MEDICAL_IMAGE;AUDIO_OR_VIDEO,CODED,false,NONE
K252148:output,K252148,output,MEASUREMENT_OR_QUANTIFICATION;DOCUMENTATION_OR_SUMMARY,MEASUREMENT_OR_QUANTIFICATION;DOCUMENTATION_OR_SUMMARY,CODED,false,NONE
K252148:user,K252148,user,OTHER_CLINICIAN,OTHER_CLINICIAN,CODED,false,NONE
K252148:setting,K252148,setting,OTHER,OTHER,CODED,false,NONE
K252148:action,K252148,action,OTHER;WORKFLOW_OR_DOCUMENTATION,OTHER;WORKFLOW_OR_DOCUMENTATION,CODED,false,NONE
K252148:component_status,K252148,component_status,SINGLE,SINGLE,CODED,false,NONE
K252178:input,K252178,input,AUDIO_OR_VIDEO,AUDIO_OR_VIDEO,CODED,false,NONE
K252178:output,K252178,output,DETECTION_OR_ALERT;SEGMENTATION_OR_LOCALIZATION;OTHER,DETECTION_OR_ALERT;SEGMENTATION_OR_LOCALIZATION;OTHER,CODED,false,NONE
K252178:user,K252178,user,OTHER_PHYSICIAN;OTHER_CLINICIAN,OTHER_PHYSICIAN;OTHER_CLINICIAN,CODED,false,NONE
K252178:setting,K252178,setting,SCREENING;MONITORING;PROCEDURAL_OR_OPERATING_ROOM,SCREENING;MONITORING;PROCEDURAL_OR_OPERATING_ROOM,CODED,false,NONE
K252178:action,K252178,action,INTERPRETATION_OR_DIAGNOSIS,INTERPRETATION_OR_DIAGNOSIS,CODED,false,NONE
K252178:component_status,K252178,component_status,SINGLE,SINGLE,CODED,false,NONE
K252188:input,K252188,input,MEDICAL_IMAGE,MEDICAL_IMAGE,CODED,false,NONE
K252188:output,K252188,output,RECONSTRUCTION_OR_ENHANCEMENT,RECONSTRUCTION_OR_ENHANCEMENT,CODED,false,NONE
K252188:user,K252188,user,OTHER_CLINICIAN,OTHER_CLINICIAN,CODED,false,NONE
K252188:setting,K252188,setting,PROCEDURAL_OR_OPERATING_ROOM;OTHER,PROCEDURAL_OR_OPERATING_ROOM;OTHER,CODED,false,NONE
K252188:action,K252188,action,TREATMENT_OR_PROCEDURE_PLANNING;WORKFLOW_OR_DOCUMENTATION,TREATMENT_OR_PROCEDURE_PLANNING;WORKFLOW_OR_DOCUMENTATION,CODED,false,NONE
K252188:component_status,K252188,component_status,SINGLE,SINGLE,CODED,false,NONE
K252204:input,K252204,input,PHYSIOLOGICAL_SIGNAL;CLINICAL_TABULAR_OR_TEXT;MULTIMODAL,PHYSIOLOGICAL_SIGNAL;CLINICAL_TABULAR_OR_TEXT;MULTIMODAL,CODED,false,NONE
K252204:output,K252204,output,MEASUREMENT_OR_QUANTIFICATION,MEASUREMENT_OR_QUANTIFICATION,CODED,false,NONE
K252204:user,K252204,user,OTHER_CLINICIAN,OTHER_CLINICIAN,CODED,false,NONE
K252204:setting,K252204,setting,OUTPATIENT;OTHER,OUTPATIENT;OTHER,CODED,false,NONE
K252204:action,K252204,action,OTHER,OTHER,CODED,false,NONE
K252204:component_status,K252204,component_status,SINGLE,SINGLE,CODED,false,NONE
K252214:input,K252214,input,MEDICAL_IMAGE,MEDICAL_IMAGE,CODED,false,NONE
K252214:output,K252214,output,DETECTION_OR_ALERT;SEGMENTATION_OR_LOCALIZATION;MEASUREMENT_OR_QUANTIFICATION;RECOMMENDATION_OR_PLANNING,DETECTION_OR_ALERT;SEGMENTATION_OR_LOCALIZATION;MEASUREMENT_OR_QUANTIFICATION;RECOMMENDATION_OR_PLANNING,CODED,false,NONE
K252214:user,K252214,user,OTHER_PHYSICIAN,OTHER_PHYSICIAN,CODED,false,NONE
K252214:setting,K252214,setting,PROCEDURAL_OR_OPERATING_ROOM,PROCEDURAL_OR_OPERATING_ROOM,CODED,false,NONE
K252214:action,K252214,action,TREATMENT_OR_PROCEDURE_PLANNING,TREATMENT_OR_PROCEDURE_PLANNING,CODED,false,NONE
K252214:component_status,K252214,component_status,SINGLE,SINGLE,CODED,false,NONE
K252217:input,K252217,input,MEDICAL_IMAGE,MEDICAL_IMAGE,CODED,false,NONE
K252217:output,K252217,output,SEGMENTATION_OR_LOCALIZATION;MEASUREMENT_OR_QUANTIFICATION;RECONSTRUCTION_OR_ENHANCEMENT;DOCUMENTATION_OR_SUMMARY,SEGMENTATION_OR_LOCALIZATION;MEASUREMENT_OR_QUANTIFICATION;RECONSTRUCTION_OR_ENHANCEMENT;DOCUMENTATION_OR_SUMMARY,CODED,false,NONE
K252217:user,K252217,user,OTHER_PHYSICIAN,OTHER_PHYSICIAN,CODED,false,NONE
K252217:setting,K252217,setting,DIAGNOSTIC_INTERPRETATION,DIAGNOSTIC_INTERPRETATION,CODED,false,NONE
K252217:action,K252217,action,INTERPRETATION_OR_DIAGNOSIS,INTERPRETATION_OR_DIAGNOSIS,CODED,false,NONE
K252217:component_status,K252217,component_status,SINGLE,SINGLE,CODED,false,NONE
K252235:input,K252235,input,MEDICAL_IMAGE;AUDIO_OR_VIDEO,MEDICAL_IMAGE;AUDIO_OR_VIDEO,CODED,false,NONE
K252235:output,K252235,output,DETECTION_OR_ALERT;SEGMENTATION_OR_LOCALIZATION;MEASUREMENT_OR_QUANTIFICATION;CLASSIFICATION_OR_DIAGNOSIS,DETECTION_OR_ALERT;SEGMENTATION_OR_LOCALIZATION;MEASUREMENT_OR_QUANTIFICATION;CLASSIFICATION_OR_DIAGNOSIS,CODED,false,NONE
K252235:user,K252235,user,OTHER_PHYSICIAN;OTHER_CLINICIAN,OTHER_PHYSICIAN;OTHER_CLINICIAN,CODED,false,NONE
K252235:setting,K252235,setting,PROCEDURAL_OR_OPERATING_ROOM;MONITORING,PROCEDURAL_OR_OPERATING_ROOM;MONITORING,CODED,false,NONE
K252235:action,K252235,action,TREATMENT_OR_PROCEDURE_PLANNING;MONITORING_OR_FOLLOW_UP,TREATMENT_OR_PROCEDURE_PLANNING;MONITORING_OR_FOLLOW_UP,CODED,false,NONE
K252235:component_status,K252235,component_status,SINGLE,SINGLE,CODED,false,NONE
K252261:input,K252261,input,MEDICAL_IMAGE,MEDICAL_IMAGE,CODED,false,NONE
K252261:output,K252261,output,SEGMENTATION_OR_LOCALIZATION;MEASUREMENT_OR_QUANTIFICATION;RECONSTRUCTION_OR_ENHANCEMENT;CLASSIFICATION_OR_DIAGNOSIS;DOCUMENTATION_OR_SUMMARY,SEGMENTATION_OR_LOCALIZATION;MEASUREMENT_OR_QUANTIFICATION;RECONSTRUCTION_OR_ENHANCEMENT;CLASSIFICATION_OR_DIAGNOSIS;DOCUMENTATION_OR_SUMMARY,CODED,false,NONE
K252261:user,K252261,user,RADIOLOGIST;OTHER_PHYSICIAN;OTHER,RADIOLOGIST;OTHER_PHYSICIAN;OTHER,CODED,false,NONE
K252261:setting,K252261,setting,DIAGNOSTIC_INTERPRETATION;MONITORING;OUTPATIENT;OTHER,DIAGNOSTIC_INTERPRETATION;MONITORING;OUTPATIENT;OTHER,CODED,false,NONE
K252261:action,K252261,action,INTERPRETATION_OR_DIAGNOSIS;MONITORING_OR_FOLLOW_UP;TREATMENT_OR_PROCEDURE_PLANNING,INTERPRETATION_OR_DIAGNOSIS;MONITORING_OR_FOLLOW_UP;TREATMENT_OR_PROCEDURE_PLANNING,CODED,false,NONE
K252261:component_status,K252261,component_status,SINGLE,SINGLE,CODED,false,NONE
K252282:input,K252282,input,MEDICAL_IMAGE,MEDICAL_IMAGE,CODED,false,NONE
K252282:output,K252282,output,MEASUREMENT_OR_QUANTIFICATION,MEASUREMENT_OR_QUANTIFICATION,CODED,false,NONE
K252282:user,K252282,user,NOT_STATED,NOT_STATED,NOT_STATED,true,FIELD_NOT_STATED
K252282:setting,K252282,setting,PROCEDURAL_OR_OPERATING_ROOM,PROCEDURAL_OR_OPERATING_ROOM,CODED,false,NONE
K252282:action,K252282,action,MONITORING_OR_FOLLOW_UP,MONITORING_OR_FOLLOW_UP,CODED,false,NONE
K252282:component_status,K252282,component_status,SINGLE,SINGLE,CODED,false,NONE
K252284:input,K252284,input,AUDIO_OR_VIDEO;CLINICAL_TABULAR_OR_TEXT;MULTIMODAL,AUDIO_OR_VIDEO;CLINICAL_TABULAR_OR_TEXT;MULTIMODAL,CODED,false,NONE
K252284:output,K252284,output,DETECTION_OR_ALERT;CLASSIFICATION_OR_DIAGNOSIS;MEASUREMENT_OR_QUANTIFICATION,DETECTION_OR_ALERT;CLASSIFICATION_OR_DIAGNOSIS;MEASUREMENT_OR_QUANTIFICATION,CODED,false,NONE
K252284:user,K252284,user,OTHER_CLINICIAN,OTHER_CLINICIAN,CODED,false,NONE
K252284:setting,K252284,setting,DIAGNOSTIC_INTERPRETATION;MONITORING;OTHER,DIAGNOSTIC_INTERPRETATION;MONITORING;OTHER,CODED,false,NONE
K252284:action,K252284,action,INTERPRETATION_OR_DIAGNOSIS;MONITORING_OR_FOLLOW_UP,INTERPRETATION_OR_DIAGNOSIS;MONITORING_OR_FOLLOW_UP,CODED,false,NONE
K252284:component_status,K252284,component_status,SINGLE,SINGLE,CODED,false,NONE
K252294:input,K252294,input,MEDICAL_IMAGE;AUDIO_OR_VIDEO,MEDICAL_IMAGE;AUDIO_OR_VIDEO,CODED,false,NONE
K252294:output,K252294,output,DETECTION_OR_ALERT;CLASSIFICATION_OR_DIAGNOSIS;DOCUMENTATION_OR_SUMMARY,DETECTION_OR_ALERT;CLASSIFICATION_OR_DIAGNOSIS;DOCUMENTATION_OR_SUMMARY,CODED,false,NONE
K252294:user,K252294,user,OTHER_PHYSICIAN,OTHER_PHYSICIAN,CODED,false,NONE
K252294:setting,K252294,setting,SCREENING;DIAGNOSTIC_INTERPRETATION,SCREENING;DIAGNOSTIC_INTERPRETATION,CODED,false,NONE
K252294:action,K252294,action,INTERPRETATION_OR_DIAGNOSIS;REFERRAL_OR_ESCALATION,INTERPRETATION_OR_DIAGNOSIS;REFERRAL_OR_ESCALATION,CODED,false,NONE
K252294:component_status,K252294,component_status,SINGLE,SINGLE,CODED,false,NONE
K252298:input,K252298,input,MEDICAL_IMAGE,MEDICAL_IMAGE,CODED,false,NONE
K252298:output,K252298,output,SEGMENTATION_OR_LOCALIZATION;MEASUREMENT_OR_QUANTIFICATION;DOCUMENTATION_OR_SUMMARY,SEGMENTATION_OR_LOCALIZATION;MEASUREMENT_OR_QUANTIFICATION;DOCUMENTATION_OR_SUMMARY,CODED,false,NONE
K252298:user,K252298,user,OTHER_PHYSICIAN;RADIOLOGIST;OTHER_CLINICIAN,OTHER_PHYSICIAN;RADIOLOGIST;OTHER_CLINICIAN,CODED,false,NONE
K252298:setting,K252298,setting,DIAGNOSTIC_INTERPRETATION;MONITORING,DIAGNOSTIC_INTERPRETATION;MONITORING,CODED,false,NONE
K252298:action,K252298,action,INTERPRETATION_OR_DIAGNOSIS;MONITORING_OR_FOLLOW_UP,INTERPRETATION_OR_DIAGNOSIS;MONITORING_OR_FOLLOW_UP,CODED,false,NONE
K252298:component_status,K252298,component_status,SINGLE,SINGLE,CODED,false,NONE
K252304:input,K252304,input,MEDICAL_IMAGE;DEVICE_TELEMETRY_OR_OPERATIONAL,MEDICAL_IMAGE;DEVICE_TELEMETRY_OR_OPERATIONAL,CODED,false,NONE
K252304:output,K252304,output,SEGMENTATION_OR_LOCALIZATION;RECONSTRUCTION_OR_ENHANCEMENT;RECOMMENDATION_OR_PLANNING,SEGMENTATION_OR_LOCALIZATION;RECONSTRUCTION_OR_ENHANCEMENT;RECOMMENDATION_OR_PLANNING,CODED,false,NONE
K252304:user,K252304,user,RADIOLOGIST;OTHER_PHYSICIAN;TECHNOLOGIST_OR_OPERATOR;OTHER_CLINICIAN,RADIOLOGIST;OTHER_PHYSICIAN;TECHNOLOGIST_OR_OPERATOR;OTHER_CLINICIAN,CODED,false,NONE
K252304:setting,K252304,setting,PROCEDURAL_OR_OPERATING_ROOM;OTHER,PROCEDURAL_OR_OPERATING_ROOM;OTHER,CODED,false,NONE
K252304:action,K252304,action,TREATMENT_OR_PROCEDURE_PLANNING;WORKFLOW_OR_DOCUMENTATION,TREATMENT_OR_PROCEDURE_PLANNING;WORKFLOW_OR_DOCUMENTATION,CODED,false,NONE
K252304:component_status,K252304,component_status,MULTIPLE,MULTIPLE,CODED,false,NONE
K252328:input,K252328,input,MEDICAL_IMAGE;AUDIO_OR_VIDEO,MEDICAL_IMAGE;AUDIO_OR_VIDEO,CODED,false,NONE
K252328:output,K252328,output,CLASSIFICATION_OR_DIAGNOSIS;OTHER;SEGMENTATION_OR_LOCALIZATION;MEASUREMENT_OR_QUANTIFICATION,CLASSIFICATION_OR_DIAGNOSIS;OTHER;SEGMENTATION_OR_LOCALIZATION;MEASUREMENT_OR_QUANTIFICATION,CODED,false,NONE
K252328:user,K252328,user,OTHER_CLINICIAN,OTHER_CLINICIAN,CODED,false,NONE
K252328:setting,K252328,setting,DIAGNOSTIC_INTERPRETATION;OUTPATIENT;OTHER,DIAGNOSTIC_INTERPRETATION;OUTPATIENT;OTHER,CODED,false,NONE
K252328:action,K252328,action,INTERPRETATION_OR_DIAGNOSIS;WORKFLOW_OR_DOCUMENTATION,INTERPRETATION_OR_DIAGNOSIS;WORKFLOW_OR_DOCUMENTATION,CODED,false,NONE
K252328:component_status,K252328,component_status,MULTIPLE,MULTIPLE,CODED,false,NONE
K252330:input,K252330,input,PHYSIOLOGICAL_SIGNAL,PHYSIOLOGICAL_SIGNAL,CODED,false,NONE
K252330:output,K252330,output,DETECTION_OR_ALERT;CLASSIFICATION_OR_DIAGNOSIS;MEASUREMENT_OR_QUANTIFICATION;DOCUMENTATION_OR_SUMMARY,DETECTION_OR_ALERT;CLASSIFICATION_OR_DIAGNOSIS;MEASUREMENT_OR_QUANTIFICATION;DOCUMENTATION_OR_SUMMARY,CODED,false,NONE
K252330:user,K252330,user,OTHER_CLINICIAN,OTHER_CLINICIAN,CODED,false,NONE
K252330:setting,K252330,setting,DIAGNOSTIC_INTERPRETATION;MONITORING;HOME_OR_CONSUMER;OUTPATIENT;OTHER,DIAGNOSTIC_INTERPRETATION;MONITORING;HOME_OR_CONSUMER;OUTPATIENT;OTHER,CODED,false,NONE
K252330:action,K252330,action,INTERPRETATION_OR_DIAGNOSIS;MONITORING_OR_FOLLOW_UP,INTERPRETATION_OR_DIAGNOSIS;MONITORING_OR_FOLLOW_UP,CODED,false,NONE
K252330:component_status,K252330,component_status,SINGLE,SINGLE,CODED,false,NONE
K252360:input,K252360,input,PHYSIOLOGICAL_SIGNAL,PHYSIOLOGICAL_SIGNAL,CODED,false,NONE
K252360:output,K252360,output,CLASSIFICATION_OR_DIAGNOSIS,CLASSIFICATION_OR_DIAGNOSIS,CODED,false,NONE
K252360:user,K252360,user,OTHER_PHYSICIAN;OTHER_CLINICIAN,OTHER_PHYSICIAN;OTHER_CLINICIAN,CODED,false,NONE
K252360:setting,K252360,setting,DIAGNOSTIC_INTERPRETATION;OTHER,DIAGNOSTIC_INTERPRETATION;OTHER,CODED,false,NONE
K252360:action,K252360,action,INTERPRETATION_OR_DIAGNOSIS;REFERRAL_OR_ESCALATION,INTERPRETATION_OR_DIAGNOSIS;REFERRAL_OR_ESCALATION,CODED,false,NONE
K252360:component_status,K252360,component_status,SINGLE,SINGLE,CODED,false,NONE
K252362:input,K252362,input,MEDICAL_IMAGE,MEDICAL_IMAGE,CODED,false,NONE
K252362:output,K252362,output,SEGMENTATION_OR_LOCALIZATION;MEASUREMENT_OR_QUANTIFICATION;DOCUMENTATION_OR_SUMMARY,SEGMENTATION_OR_LOCALIZATION;MEASUREMENT_OR_QUANTIFICATION;DOCUMENTATION_OR_SUMMARY,CODED,false,NONE
K252362:user,K252362,user,RADIOLOGIST;OTHER_CLINICIAN;OTHER,RADIOLOGIST;OTHER_CLINICIAN;OTHER,CODED,false,NONE
K252362:setting,K252362,setting,DIAGNOSTIC_INTERPRETATION;OUTPATIENT;OTHER,DIAGNOSTIC_INTERPRETATION;OUTPATIENT;OTHER,CODED,false,NONE
K252362:action,K252362,action,INTERPRETATION_OR_DIAGNOSIS,INTERPRETATION_OR_DIAGNOSIS,CODED,false,NONE
K252362:component_status,K252362,component_status,SINGLE,SINGLE,CODED,false,NONE
K252366:input,K252366,input,MEDICAL_IMAGE,MEDICAL_IMAGE,CODED,false,NONE
K252366:output,K252366,output,DETECTION_OR_ALERT;CLASSIFICATION_OR_DIAGNOSIS,DETECTION_OR_ALERT;CLASSIFICATION_OR_DIAGNOSIS,CODED,false,NONE
K252366:user,K252366,user,OTHER_CLINICIAN,OTHER_CLINICIAN,CODED,false,NONE
K252366:setting,K252366,setting,ACUTE_TRIAGE_OR_EMERGENCY;OTHER,ACUTE_TRIAGE_OR_EMERGENCY;OTHER,CODED,false,NONE
K252366:action,K252366,action,TRIAGE_OR_PRIORITIZATION,TRIAGE_OR_PRIORITIZATION,CODED,false,NONE
K252366:component_status,K252366,component_status,SINGLE,SINGLE,CODED,false,NONE
K252371:input,K252371,input,MEDICAL_IMAGE;AUDIO_OR_VIDEO,MEDICAL_IMAGE;AUDIO_OR_VIDEO,CODED,false,NONE
K252371:output,K252371,output,RECONSTRUCTION_OR_ENHANCEMENT;CLASSIFICATION_OR_DIAGNOSIS,RECONSTRUCTION_OR_ENHANCEMENT;CLASSIFICATION_OR_DIAGNOSIS,CODED,false,NONE
K252371:user,K252371,user,OTHER_PHYSICIAN;TECHNOLOGIST_OR_OPERATOR,OTHER_PHYSICIAN;TECHNOLOGIST_OR_OPERATOR,CODED,false,NONE
K252371:setting,K252371,setting,DIAGNOSTIC_INTERPRETATION;OTHER,DIAGNOSTIC_INTERPRETATION;OTHER,CODED,false,NONE
K252371:action,K252371,action,INTERPRETATION_OR_DIAGNOSIS;WORKFLOW_OR_DOCUMENTATION,INTERPRETATION_OR_DIAGNOSIS;WORKFLOW_OR_DOCUMENTATION,CODED,false,NONE
K252371:component_status,K252371,component_status,MULTIPLE,MULTIPLE,CODED,false,NONE
K252379:input,K252379,input,MEDICAL_IMAGE,MEDICAL_IMAGE,CODED,false,NONE
K252379:output,K252379,output,RECONSTRUCTION_OR_ENHANCEMENT,RECONSTRUCTION_OR_ENHANCEMENT,CODED,false,NONE
K252379:user,K252379,user,NOT_STATED,NOT_STATED,NOT_STATED,true,FIELD_NOT_STATED
K252379:setting,K252379,setting,DIAGNOSTIC_INTERPRETATION,DIAGNOSTIC_INTERPRETATION,CODED,false,NONE
K252379:action,K252379,action,INTERPRETATION_OR_DIAGNOSIS;WORKFLOW_OR_DOCUMENTATION,INTERPRETATION_OR_DIAGNOSIS;WORKFLOW_OR_DOCUMENTATION,CODED,false,NONE
K252379:component_status,K252379,component_status,SINGLE,SINGLE,CODED,false,NONE
K252421:input,K252421,input,MEDICAL_IMAGE,MEDICAL_IMAGE,CODED,false,NONE
K252421:output,K252421,output,DETECTION_OR_ALERT,DETECTION_OR_ALERT,CODED,false,NONE
K252421:user,K252421,user,OTHER_CLINICIAN,OTHER_CLINICIAN,CODED,false,NONE
K252421:setting,K252421,setting,ACUTE_TRIAGE_OR_EMERGENCY;OTHER,ACUTE_TRIAGE_OR_EMERGENCY;OTHER,CODED,false,NONE
K252421:action,K252421,action,TRIAGE_OR_PRIORITIZATION,TRIAGE_OR_PRIORITIZATION,CODED,false,NONE
K252421:component_status,K252421,component_status,SINGLE,SINGLE,CODED,false,NONE
K252433:input,K252433,input,MEDICAL_IMAGE;AUDIO_OR_VIDEO,MEDICAL_IMAGE;AUDIO_OR_VIDEO,CODED,false,NONE
K252433:output,K252433,output,DETECTION_OR_ALERT;CLASSIFICATION_OR_DIAGNOSIS;SEGMENTATION_OR_LOCALIZATION;OTHER,DETECTION_OR_ALERT;CLASSIFICATION_OR_DIAGNOSIS;SEGMENTATION_OR_LOCALIZATION;OTHER,CODED,false,NONE
K252433:user,K252433,user,TECHNOLOGIST_OR_OPERATOR;OTHER_PHYSICIAN;OTHER_CLINICIAN,TECHNOLOGIST_OR_OPERATOR;OTHER_PHYSICIAN;OTHER_CLINICIAN,CODED,false,NONE
K252433:setting,K252433,setting,SCREENING;DIAGNOSTIC_INTERPRETATION,SCREENING;DIAGNOSTIC_INTERPRETATION,CODED,false,NONE
K252433:action,K252433,action,WORKFLOW_OR_DOCUMENTATION;INTERPRETATION_OR_DIAGNOSIS,WORKFLOW_OR_DOCUMENTATION;INTERPRETATION_OR_DIAGNOSIS,CODED,false,NONE
K252433:component_status,K252433,component_status,SINGLE,SINGLE,CODED,false,NONE
K252452:input,K252452,input,MEDICAL_IMAGE,MEDICAL_IMAGE,CODED,false,NONE
K252452:output,K252452,output,SEGMENTATION_OR_LOCALIZATION;MEASUREMENT_OR_QUANTIFICATION;RECOMMENDATION_OR_PLANNING;DOCUMENTATION_OR_SUMMARY,SEGMENTATION_OR_LOCALIZATION;MEASUREMENT_OR_QUANTIFICATION;RECOMMENDATION_OR_PLANNING;DOCUMENTATION_OR_SUMMARY,CODED,false,NONE
K252452:user,K252452,user,OTHER_PHYSICIAN;OTHER_CLINICIAN,OTHER_PHYSICIAN;OTHER_CLINICIAN,CODED,false,NONE
K252452:setting,K252452,setting,PROCEDURAL_OR_OPERATING_ROOM;OTHER,PROCEDURAL_OR_OPERATING_ROOM;OTHER,CODED,false,NONE
K252452:action,K252452,action,TREATMENT_OR_PROCEDURE_PLANNING,TREATMENT_OR_PROCEDURE_PLANNING,CODED,false,NONE
K252452:component_status,K252452,component_status,SINGLE,SINGLE,CODED,false,NONE
K252482:input,K252482,input,MEDICAL_IMAGE,MEDICAL_IMAGE,CODED,false,NONE
K252482:output,K252482,output,DETECTION_OR_ALERT;CLASSIFICATION_OR_DIAGNOSIS,DETECTION_OR_ALERT;CLASSIFICATION_OR_DIAGNOSIS,CODED,false,NONE
K252482:user,K252482,user,OTHER_PHYSICIAN,OTHER_PHYSICIAN,CODED,false,NONE
K252482:setting,K252482,setting,SCREENING;OTHER,SCREENING;OTHER,CODED,false,NONE
K252482:action,K252482,action,TRIAGE_OR_PRIORITIZATION,TRIAGE_OR_PRIORITIZATION,CODED,false,NONE
K252482:component_status,K252482,component_status,SINGLE,SINGLE,CODED,false,NONE
K252496:input,K252496,input,MEDICAL_IMAGE,MEDICAL_IMAGE,CODED,false,NONE
K252496:output,K252496,output,SEGMENTATION_OR_LOCALIZATION;MEASUREMENT_OR_QUANTIFICATION;DOCUMENTATION_OR_SUMMARY,SEGMENTATION_OR_LOCALIZATION;MEASUREMENT_OR_QUANTIFICATION;DOCUMENTATION_OR_SUMMARY,CODED,false,NONE
K252496:user,K252496,user,OTHER_PHYSICIAN;OTHER_CLINICIAN,OTHER_PHYSICIAN;OTHER_CLINICIAN,CODED,false,NONE
K252496:setting,K252496,setting,DIAGNOSTIC_INTERPRETATION;MONITORING,DIAGNOSTIC_INTERPRETATION;MONITORING,CODED,false,NONE
K252496:action,K252496,action,INTERPRETATION_OR_DIAGNOSIS;MONITORING_OR_FOLLOW_UP,INTERPRETATION_OR_DIAGNOSIS;MONITORING_OR_FOLLOW_UP,CODED,false,NONE
K252496:component_status,K252496,component_status,MULTIPLE,MULTIPLE,CODED,false,NONE
K252497:input,K252497,input,PHYSIOLOGICAL_SIGNAL,PHYSIOLOGICAL_SIGNAL,CODED,false,NONE
K252497:output,K252497,output,CLASSIFICATION_OR_DIAGNOSIS;MEASUREMENT_OR_QUANTIFICATION;DOCUMENTATION_OR_SUMMARY,CLASSIFICATION_OR_DIAGNOSIS;MEASUREMENT_OR_QUANTIFICATION;DOCUMENTATION_OR_SUMMARY,CODED,false,NONE
K252497:user,K252497,user,OTHER_CLINICIAN,OTHER_CLINICIAN,CODED,false,NONE
K252497:setting,K252497,setting,DIAGNOSTIC_INTERPRETATION;HOME_OR_CONSUMER;OUTPATIENT;OTHER,DIAGNOSTIC_INTERPRETATION;HOME_OR_CONSUMER;OUTPATIENT;OTHER,CODED,false,NONE
K252497:action,K252497,action,INTERPRETATION_OR_DIAGNOSIS,INTERPRETATION_OR_DIAGNOSIS,CODED,false,NONE
K252497:component_status,K252497,component_status,SINGLE,SINGLE,CODED,false,NONE
K252500:input,K252500,input,MEDICAL_IMAGE;AUDIO_OR_VIDEO;DEVICE_TELEMETRY_OR_OPERATIONAL,MEDICAL_IMAGE;AUDIO_OR_VIDEO;DEVICE_TELEMETRY_OR_OPERATIONAL,CODED,false,NONE
K252500:output,K252500,output,DETECTION_OR_ALERT;SEGMENTATION_OR_LOCALIZATION;RECONSTRUCTION_OR_ENHANCEMENT;RECOMMENDATION_OR_PLANNING,DETECTION_OR_ALERT;SEGMENTATION_OR_LOCALIZATION;RECONSTRUCTION_OR_ENHANCEMENT;RECOMMENDATION_OR_PLANNING,CODED,false,NONE
K252500:user,K252500,user,OTHER_PHYSICIAN;OTHER,OTHER_PHYSICIAN;OTHER,CODED,false,NONE
K252500:setting,K252500,setting,PROCEDURAL_OR_OPERATING_ROOM;OTHER,PROCEDURAL_OR_OPERATING_ROOM;OTHER,CODED,false,NONE
K252500:action,K252500,action,TREATMENT_OR_PROCEDURE_PLANNING;WORKFLOW_OR_DOCUMENTATION,TREATMENT_OR_PROCEDURE_PLANNING;WORKFLOW_OR_DOCUMENTATION,CODED,false,NONE
K252500:component_status,K252500,component_status,MULTIPLE,MULTIPLE,CODED,false,NONE
K252504:input,K252504,input,PHYSIOLOGICAL_SIGNAL,PHYSIOLOGICAL_SIGNAL,CODED,false,NONE
K252504:output,K252504,output,OTHER;MEASUREMENT_OR_QUANTIFICATION;DOCUMENTATION_OR_SUMMARY,OTHER;MEASUREMENT_OR_QUANTIFICATION;DOCUMENTATION_OR_SUMMARY,CODED,false,NONE
K252504:user,K252504,user,OTHER_PHYSICIAN;OTHER_CLINICIAN,OTHER_PHYSICIAN;OTHER_CLINICIAN,CODED,false,NONE
K252504:setting,K252504,setting,DIAGNOSTIC_INTERPRETATION;OTHER,DIAGNOSTIC_INTERPRETATION;OTHER,CODED,false,NONE
K252504:action,K252504,action,INTERPRETATION_OR_DIAGNOSIS,INTERPRETATION_OR_DIAGNOSIS,CODED,false,NONE
K252504:component_status,K252504,component_status,SINGLE,SINGLE,CODED,false,NONE
K252538:input,K252538,input,MEDICAL_IMAGE,MEDICAL_IMAGE,CODED,false,NONE
K252538:output,K252538,output,SEGMENTATION_OR_LOCALIZATION;RECONSTRUCTION_OR_ENHANCEMENT;MEASUREMENT_OR_QUANTIFICATION,SEGMENTATION_OR_LOCALIZATION;RECONSTRUCTION_OR_ENHANCEMENT;MEASUREMENT_OR_QUANTIFICATION,CODED,false,NONE
K252538:user,K252538,user,OTHER_CLINICIAN;OTHER_PHYSICIAN;RADIOLOGIST,OTHER_CLINICIAN;OTHER_PHYSICIAN;RADIOLOGIST,CODED,false,NONE
K252538:setting,K252538,setting,DIAGNOSTIC_INTERPRETATION;PROCEDURAL_OR_OPERATING_ROOM,DIAGNOSTIC_INTERPRETATION;PROCEDURAL_OR_OPERATING_ROOM,CODED,false,NONE
K252538:action,K252538,action,INTERPRETATION_OR_DIAGNOSIS;TREATMENT_OR_PROCEDURE_PLANNING,INTERPRETATION_OR_DIAGNOSIS;TREATMENT_OR_PROCEDURE_PLANNING,CODED,false,NONE
K252538:component_status,K252538,component_status,SINGLE,SINGLE,CODED,false,NONE
K252539:input,K252539,input,MEDICAL_IMAGE,MEDICAL_IMAGE,CODED,false,NONE
K252539:output,K252539,output,SEGMENTATION_OR_LOCALIZATION;MEASUREMENT_OR_QUANTIFICATION;DOCUMENTATION_OR_SUMMARY,SEGMENTATION_OR_LOCALIZATION;MEASUREMENT_OR_QUANTIFICATION;DOCUMENTATION_OR_SUMMARY,CODED,false,NONE
K252539:user,K252539,user,OTHER_CLINICIAN,OTHER_CLINICIAN,CODED,false,NONE
K252539:setting,K252539,setting,DIAGNOSTIC_INTERPRETATION,DIAGNOSTIC_INTERPRETATION,CODED,false,NONE
K252539:action,K252539,action,INTERPRETATION_OR_DIAGNOSIS;WORKFLOW_OR_DOCUMENTATION,INTERPRETATION_OR_DIAGNOSIS;WORKFLOW_OR_DOCUMENTATION,CODED,false,NONE
K252539:component_status,K252539,component_status,MULTIPLE,MULTIPLE,CODED,false,NONE
K252557:input,K252557,input,MEDICAL_IMAGE;AUDIO_OR_VIDEO,MEDICAL_IMAGE;AUDIO_OR_VIDEO,CODED,false,NONE
K252557:output,K252557,output,CLASSIFICATION_OR_DIAGNOSIS;OTHER,CLASSIFICATION_OR_DIAGNOSIS;OTHER,CODED,false,NONE
K252557:user,K252557,user,OTHER_CLINICIAN,OTHER_CLINICIAN,CODED,false,NONE
K252557:setting,K252557,setting,DIAGNOSTIC_INTERPRETATION;OTHER,DIAGNOSTIC_INTERPRETATION;OTHER,CODED,false,NONE
K252557:action,K252557,action,INTERPRETATION_OR_DIAGNOSIS;WORKFLOW_OR_DOCUMENTATION,INTERPRETATION_OR_DIAGNOSIS;WORKFLOW_OR_DOCUMENTATION,CODED,false,NONE
K252557:component_status,K252557,component_status,MULTIPLE,MULTIPLE,CODED,false,NONE
K252586:input,K252586,input,AUDIO_OR_VIDEO,AUDIO_OR_VIDEO,CODED,false,NONE
K252586:output,K252586,output,DETECTION_OR_ALERT;SEGMENTATION_OR_LOCALIZATION,DETECTION_OR_ALERT;SEGMENTATION_OR_LOCALIZATION,CODED,false,NONE
K252586:user,K252586,user,OTHER_PHYSICIAN,OTHER_PHYSICIAN,CODED,false,NONE
K252586:setting,K252586,setting,SCREENING;PROCEDURAL_OR_OPERATING_ROOM,SCREENING;PROCEDURAL_OR_OPERATING_ROOM,CODED,false,NONE
K252586:action,K252586,action,INTERPRETATION_OR_DIAGNOSIS,INTERPRETATION_OR_DIAGNOSIS,CODED,false,NONE
K252586:component_status,K252586,component_status,SINGLE,SINGLE,CODED,false,NONE
K252589:input,K252589,input,PHYSIOLOGICAL_SIGNAL,PHYSIOLOGICAL_SIGNAL,CODED,false,NONE
K252589:output,K252589,output,CLASSIFICATION_OR_DIAGNOSIS;MEASUREMENT_OR_QUANTIFICATION,CLASSIFICATION_OR_DIAGNOSIS;MEASUREMENT_OR_QUANTIFICATION,CODED,false,NONE
K252589:user,K252589,user,OTHER_CLINICIAN;OTHER_PHYSICIAN;TECHNOLOGIST_OR_OPERATOR,OTHER_CLINICIAN;OTHER_PHYSICIAN;TECHNOLOGIST_OR_OPERATOR,CODED,false,NONE
K252589:setting,K252589,setting,DIAGNOSTIC_INTERPRETATION;ACUTE_TRIAGE_OR_EMERGENCY;OUTPATIENT;OTHER,DIAGNOSTIC_INTERPRETATION;ACUTE_TRIAGE_OR_EMERGENCY;OUTPATIENT;OTHER,CODED,false,NONE
K252589:action,K252589,action,INTERPRETATION_OR_DIAGNOSIS,INTERPRETATION_OR_DIAGNOSIS,CODED,false,NONE
K252589:component_status,K252589,component_status,SINGLE,SINGLE,CODED,false,NONE
K252595:input,K252595,input,AUDIO_OR_VIDEO,AUDIO_OR_VIDEO,CODED,false,NONE
K252595:output,K252595,output,DETECTION_OR_ALERT;SEGMENTATION_OR_LOCALIZATION;MEASUREMENT_OR_QUANTIFICATION;DOCUMENTATION_OR_SUMMARY,DETECTION_OR_ALERT;SEGMENTATION_OR_LOCALIZATION;MEASUREMENT_OR_QUANTIFICATION;DOCUMENTATION_OR_SUMMARY,CODED,false,NONE
K252595:user,K252595,user,OTHER_CLINICIAN;OTHER_PHYSICIAN,OTHER_CLINICIAN;OTHER_PHYSICIAN,CODED,false,NONE
K252595:setting,K252595,setting,DIAGNOSTIC_INTERPRETATION;MONITORING;HOME_OR_CONSUMER;OTHER,DIAGNOSTIC_INTERPRETATION;MONITORING;HOME_OR_CONSUMER;OTHER,CODED,false,NONE
K252595:action,K252595,action,INTERPRETATION_OR_DIAGNOSIS;MONITORING_OR_FOLLOW_UP,INTERPRETATION_OR_DIAGNOSIS;MONITORING_OR_FOLLOW_UP,CODED,false,NONE
K252595:component_status,K252595,component_status,SINGLE,SINGLE,CODED,false,NONE
K252634:input,K252634,input,MEDICAL_IMAGE,MEDICAL_IMAGE,CODED,false,NONE
K252634:output,K252634,output,SEGMENTATION_OR_LOCALIZATION;MEASUREMENT_OR_QUANTIFICATION;DOCUMENTATION_OR_SUMMARY,SEGMENTATION_OR_LOCALIZATION;MEASUREMENT_OR_QUANTIFICATION;DOCUMENTATION_OR_SUMMARY,CODED,false,NONE
K252634:user,K252634,user,RADIOLOGIST;OTHER_PHYSICIAN;OTHER_CLINICIAN;TECHNOLOGIST_OR_OPERATOR,RADIOLOGIST;OTHER_PHYSICIAN;OTHER_CLINICIAN;TECHNOLOGIST_OR_OPERATOR,CODED,false,NONE
K252634:setting,K252634,setting,DIAGNOSTIC_INTERPRETATION;PROCEDURAL_OR_OPERATING_ROOM;OTHER,DIAGNOSTIC_INTERPRETATION;PROCEDURAL_OR_OPERATING_ROOM;OTHER,CODED,false,NONE
K252634:action,K252634,action,INTERPRETATION_OR_DIAGNOSIS,INTERPRETATION_OR_DIAGNOSIS,CODED,false,NONE
K252634:component_status,K252634,component_status,SINGLE,SINGLE,CODED,false,NONE
K252665:input,K252665,input,MEDICAL_IMAGE,MEDICAL_IMAGE,CODED,false,NONE
K252665:output,K252665,output,SEGMENTATION_OR_LOCALIZATION;MEASUREMENT_OR_QUANTIFICATION;RECONSTRUCTION_OR_ENHANCEMENT;DOCUMENTATION_OR_SUMMARY,SEGMENTATION_OR_LOCALIZATION;MEASUREMENT_OR_QUANTIFICATION;RECONSTRUCTION_OR_ENHANCEMENT;DOCUMENTATION_OR_SUMMARY,CODED,false,NONE
K252665:user,K252665,user,OTHER_PHYSICIAN;OTHER_CLINICIAN,OTHER_PHYSICIAN;OTHER_CLINICIAN,CODED,false,NONE
K252665:setting,K252665,setting,PROCEDURAL_OR_OPERATING_ROOM;OUTPATIENT;OTHER,PROCEDURAL_OR_OPERATING_ROOM;OUTPATIENT;OTHER,CODED,false,NONE
K252665:action,K252665,action,TREATMENT_OR_PROCEDURE_PLANNING,TREATMENT_OR_PROCEDURE_PLANNING,CODED,false,NONE
K252665:component_status,K252665,component_status,SINGLE,SINGLE,CODED,false,NONE
K252670:input,K252670,input,MEDICAL_IMAGE,MEDICAL_IMAGE,CODED,false,NONE
K252670:output,K252670,output,SEGMENTATION_OR_LOCALIZATION;MEASUREMENT_OR_QUANTIFICATION;DOCUMENTATION_OR_SUMMARY,SEGMENTATION_OR_LOCALIZATION;MEASUREMENT_OR_QUANTIFICATION;DOCUMENTATION_OR_SUMMARY,CODED,false,NONE
K252670:user,K252670,user,RADIOLOGIST;OTHER_PHYSICIAN,RADIOLOGIST;OTHER_PHYSICIAN,CODED,false,NONE
K252670:setting,K252670,setting,DIAGNOSTIC_INTERPRETATION,DIAGNOSTIC_INTERPRETATION,CODED,false,NONE
K252670:action,K252670,action,INTERPRETATION_OR_DIAGNOSIS,INTERPRETATION_OR_DIAGNOSIS,CODED,false,NONE
K252670:component_status,K252670,component_status,SINGLE,SINGLE,CODED,false,NONE
K252838:input,K252838,input,MEDICAL_IMAGE,MEDICAL_IMAGE,CODED,false,NONE
K252838:output,K252838,output,RECONSTRUCTION_OR_ENHANCEMENT,RECONSTRUCTION_OR_ENHANCEMENT,CODED,false,NONE
K252838:user,K252838,user,OTHER_PHYSICIAN;OTHER_CLINICIAN,OTHER_PHYSICIAN;OTHER_CLINICIAN,CODED,false,NONE
K252838:setting,K252838,setting,DIAGNOSTIC_INTERPRETATION;PROCEDURAL_OR_OPERATING_ROOM,DIAGNOSTIC_INTERPRETATION;PROCEDURAL_OR_OPERATING_ROOM,CODED,false,NONE
K252838:action,K252838,action,INTERPRETATION_OR_DIAGNOSIS;TREATMENT_OR_PROCEDURE_PLANNING;WORKFLOW_OR_DOCUMENTATION,INTERPRETATION_OR_DIAGNOSIS;TREATMENT_OR_PROCEDURE_PLANNING;WORKFLOW_OR_DOCUMENTATION,CODED,false,NONE
K252838:component_status,K252838,component_status,SINGLE,SINGLE,CODED,false,NONE
K252842:input,K252842,input,PHYSIOLOGICAL_SIGNAL,PHYSIOLOGICAL_SIGNAL,CODED,false,NONE
K252842:output,K252842,output,CLASSIFICATION_OR_DIAGNOSIS,CLASSIFICATION_OR_DIAGNOSIS,CODED,false,NONE
K252842:user,K252842,user,OTHER_CLINICIAN;TECHNOLOGIST_OR_OPERATOR;OTHER,OTHER_CLINICIAN;TECHNOLOGIST_OR_OPERATOR;OTHER,CODED,false,NONE
K252842:setting,K252842,setting,MONITORING;PROCEDURAL_OR_OPERATING_ROOM,MONITORING;PROCEDURAL_OR_OPERATING_ROOM,CODED,false,NONE
K252842:action,K252842,action,NOT_STATED,NOT_STATED,NOT_STATED,true,FIELD_NOT_STATED
K252842:component_status,K252842,component_status,UNCERTAIN,UNCERTAIN,UNCERTAIN,true,FUNCTION_GROUP_UNRESOLVED
K252856:input,K252856,input,MEDICAL_IMAGE,MEDICAL_IMAGE,CODED,false,NONE
K252856:output,K252856,output,SEGMENTATION_OR_LOCALIZATION;MEASUREMENT_OR_QUANTIFICATION;RECOMMENDATION_OR_PLANNING;DOCUMENTATION_OR_SUMMARY,SEGMENTATION_OR_LOCALIZATION;MEASUREMENT_OR_QUANTIFICATION;RECOMMENDATION_OR_PLANNING;DOCUMENTATION_OR_SUMMARY,CODED,false,NONE
K252856:user,K252856,user,OTHER_PHYSICIAN;OTHER_CLINICIAN,OTHER_PHYSICIAN;OTHER_CLINICIAN,CODED,false,NONE
K252856:setting,K252856,setting,PROCEDURAL_OR_OPERATING_ROOM;OTHER,PROCEDURAL_OR_OPERATING_ROOM;OTHER,CODED,false,NONE
K252856:action,K252856,action,TREATMENT_OR_PROCEDURE_PLANNING,TREATMENT_OR_PROCEDURE_PLANNING,CODED,false,NONE
K252856:component_status,K252856,component_status,SINGLE,SINGLE,CODED,false,NONE
K252922:input,K252922,input,MEDICAL_IMAGE,MEDICAL_IMAGE,CODED,false,NONE
K252922:output,K252922,output,SEGMENTATION_OR_LOCALIZATION;MEASUREMENT_OR_QUANTIFICATION,SEGMENTATION_OR_LOCALIZATION;MEASUREMENT_OR_QUANTIFICATION,CODED,false,NONE
K252922:user,K252922,user,OTHER_CLINICIAN,OTHER_CLINICIAN,CODED,false,NONE
K252922:setting,K252922,setting,PROCEDURAL_OR_OPERATING_ROOM;OTHER,PROCEDURAL_OR_OPERATING_ROOM;OTHER,CODED,false,NONE
K252922:action,K252922,action,TREATMENT_OR_PROCEDURE_PLANNING;WORKFLOW_OR_DOCUMENTATION,TREATMENT_OR_PROCEDURE_PLANNING;WORKFLOW_OR_DOCUMENTATION,CODED,false,NONE
K252922:component_status,K252922,component_status,SINGLE,SINGLE,CODED,false,NONE
K252934:input,K252934,input,MEDICAL_IMAGE,MEDICAL_IMAGE,CODED,false,NONE
K252934:output,K252934,output,DETECTION_OR_ALERT;SEGMENTATION_OR_LOCALIZATION;RECONSTRUCTION_OR_ENHANCEMENT;DOCUMENTATION_OR_SUMMARY,DETECTION_OR_ALERT;SEGMENTATION_OR_LOCALIZATION;RECONSTRUCTION_OR_ENHANCEMENT;DOCUMENTATION_OR_SUMMARY,CODED,false,NONE
K252934:user,K252934,user,OTHER_CLINICIAN,OTHER_CLINICIAN,CODED,false,NONE
K252934:setting,K252934,setting,DIAGNOSTIC_INTERPRETATION,DIAGNOSTIC_INTERPRETATION,CODED,false,NONE
K252934:action,K252934,action,INTERPRETATION_OR_DIAGNOSIS,INTERPRETATION_OR_DIAGNOSIS,CODED,false,NONE
K252934:component_status,K252934,component_status,SINGLE,SINGLE,CODED,false,NONE
K252970:input,K252970,input,MEDICAL_IMAGE,MEDICAL_IMAGE,CODED,false,NONE
K252970:output,K252970,output,DETECTION_OR_ALERT,DETECTION_OR_ALERT,CODED,false,NONE
K252970:user,K252970,user,OTHER_CLINICIAN,OTHER_CLINICIAN,CODED,false,NONE
K252970:setting,K252970,setting,ACUTE_TRIAGE_OR_EMERGENCY;OTHER,ACUTE_TRIAGE_OR_EMERGENCY;OTHER,CODED,false,NONE
K252970:action,K252970,action,TRIAGE_OR_PRIORITIZATION,TRIAGE_OR_PRIORITIZATION,CODED,false,NONE
K252970:component_status,K252970,component_status,SINGLE,SINGLE,CODED,false,NONE
K252972:input,K252972,input,MEDICAL_IMAGE;DEVICE_TELEMETRY_OR_OPERATIONAL,MEDICAL_IMAGE;DEVICE_TELEMETRY_OR_OPERATIONAL,CODED,false,NONE
K252972:output,K252972,output,SEGMENTATION_OR_LOCALIZATION;RECONSTRUCTION_OR_ENHANCEMENT,SEGMENTATION_OR_LOCALIZATION;RECONSTRUCTION_OR_ENHANCEMENT,CODED,false,NONE
K252972:user,K252972,user,NOT_STATED,NOT_STATED,NOT_STATED,true,FIELD_NOT_STATED
K252972:setting,K252972,setting,PROCEDURAL_OR_OPERATING_ROOM,PROCEDURAL_OR_OPERATING_ROOM,CODED,false,NONE
K252972:action,K252972,action,TREATMENT_OR_PROCEDURE_PLANNING;WORKFLOW_OR_DOCUMENTATION,TREATMENT_OR_PROCEDURE_PLANNING;WORKFLOW_OR_DOCUMENTATION,CODED,false,NONE
K252972:component_status,K252972,component_status,SINGLE,SINGLE,CODED,false,NONE
K252984:input,K252984,input,PHYSIOLOGICAL_SIGNAL;AUDIO_OR_VIDEO;CLINICAL_TABULAR_OR_TEXT,PHYSIOLOGICAL_SIGNAL;AUDIO_OR_VIDEO;CLINICAL_TABULAR_OR_TEXT,CODED,false,NONE
K252984:output,K252984,output,MEASUREMENT_OR_QUANTIFICATION;DETECTION_OR_ALERT;CLASSIFICATION_OR_DIAGNOSIS;DOCUMENTATION_OR_SUMMARY,MEASUREMENT_OR_QUANTIFICATION;DETECTION_OR_ALERT;CLASSIFICATION_OR_DIAGNOSIS;DOCUMENTATION_OR_SUMMARY,CODED,false,NONE
K252984:user,K252984,user,OTHER_CLINICIAN;PATIENT_OR_CAREGIVER,OTHER_CLINICIAN;PATIENT_OR_CAREGIVER,CODED,false,NONE
K252984:setting,K252984,setting,MONITORING;HOME_OR_CONSUMER;INPATIENT;OUTPATIENT,MONITORING;HOME_OR_CONSUMER;INPATIENT;OUTPATIENT,CODED,false,NONE
K252984:action,K252984,action,MONITORING_OR_FOLLOW_UP;WORKFLOW_OR_DOCUMENTATION,MONITORING_OR_FOLLOW_UP;WORKFLOW_OR_DOCUMENTATION,CODED,false,NONE
K252984:component_status,K252984,component_status,MULTIPLE,MULTIPLE,CODED,false,NONE
K252992:input,K252992,input,AUDIO_OR_VIDEO,AUDIO_OR_VIDEO,CODED,false,NONE
K252992:output,K252992,output,RECOMMENDATION_OR_PLANNING;CONTROL_OR_AUTOMATION,RECOMMENDATION_OR_PLANNING;CONTROL_OR_AUTOMATION,CODED,false,NONE
K252992:user,K252992,user,TECHNOLOGIST_OR_OPERATOR,TECHNOLOGIST_OR_OPERATOR,CODED,false,NONE
K252992:setting,K252992,setting,DIAGNOSTIC_INTERPRETATION,DIAGNOSTIC_INTERPRETATION,CODED,false,NONE
K252992:action,K252992,action,WORKFLOW_OR_DOCUMENTATION;THERAPY_DOSE_OR_DEVICE_CONTROL,WORKFLOW_OR_DOCUMENTATION;THERAPY_DOSE_OR_DEVICE_CONTROL,CODED,false,NONE
K252992:component_status,K252992,component_status,SINGLE,SINGLE,CODED,false,NONE
K253009:input,K253009,input,MEDICAL_IMAGE,MEDICAL_IMAGE,CODED,false,NONE
K253009:output,K253009,output,DETECTION_OR_ALERT;SEGMENTATION_OR_LOCALIZATION,DETECTION_OR_ALERT;SEGMENTATION_OR_LOCALIZATION,CODED,false,NONE
K253009:user,K253009,user,OTHER_CLINICIAN,OTHER_CLINICIAN,CODED,false,NONE
K253009:setting,K253009,setting,DIAGNOSTIC_INTERPRETATION,DIAGNOSTIC_INTERPRETATION,CODED,false,NONE
K253009:action,K253009,action,INTERPRETATION_OR_DIAGNOSIS,INTERPRETATION_OR_DIAGNOSIS,CODED,false,NONE
K253009:component_status,K253009,component_status,SINGLE,SINGLE,CODED,false,NONE
K253023:input,K253023,input,MEDICAL_IMAGE,MEDICAL_IMAGE,CODED,false,NONE
K253023:output,K253023,output,RECONSTRUCTION_OR_ENHANCEMENT;OTHER,RECONSTRUCTION_OR_ENHANCEMENT;OTHER,CODED,false,NONE
K253023:user,K253023,user,OTHER_CLINICIAN;OTHER_PHYSICIAN,OTHER_CLINICIAN;OTHER_PHYSICIAN,CODED,false,NONE
K253023:setting,K253023,setting,DIAGNOSTIC_INTERPRETATION,DIAGNOSTIC_INTERPRETATION,CODED,false,NONE
K253023:action,K253023,action,INTERPRETATION_OR_DIAGNOSIS;WORKFLOW_OR_DOCUMENTATION,INTERPRETATION_OR_DIAGNOSIS;WORKFLOW_OR_DOCUMENTATION,CODED,false,NONE
K253023:component_status,K253023,component_status,MULTIPLE,MULTIPLE,CODED,false,NONE
K253057:input,K253057,input,MEDICAL_IMAGE,MEDICAL_IMAGE,CODED,false,NONE
K253057:output,K253057,output,SEGMENTATION_OR_LOCALIZATION;MEASUREMENT_OR_QUANTIFICATION;DOCUMENTATION_OR_SUMMARY,SEGMENTATION_OR_LOCALIZATION;MEASUREMENT_OR_QUANTIFICATION;DOCUMENTATION_OR_SUMMARY,CODED,false,NONE
K253057:user,K253057,user,OTHER_CLINICIAN,OTHER_CLINICIAN,CODED,false,NONE
K253057:setting,K253057,setting,DIAGNOSTIC_INTERPRETATION,DIAGNOSTIC_INTERPRETATION,CODED,false,NONE
K253057:action,K253057,action,INTERPRETATION_OR_DIAGNOSIS;MONITORING_OR_FOLLOW_UP;WORKFLOW_OR_DOCUMENTATION,INTERPRETATION_OR_DIAGNOSIS;MONITORING_OR_FOLLOW_UP;WORKFLOW_OR_DOCUMENTATION,CODED,false,NONE
K253057:component_status,K253057,component_status,MULTIPLE,MULTIPLE,CODED,false,NONE
K253091:input,K253091,input,MEDICAL_IMAGE;CLINICAL_TABULAR_OR_TEXT,MEDICAL_IMAGE;CLINICAL_TABULAR_OR_TEXT,CODED,false,NONE
K253091:output,K253091,output,SEGMENTATION_OR_LOCALIZATION;RECONSTRUCTION_OR_ENHANCEMENT;RECOMMENDATION_OR_PLANNING;MEASUREMENT_OR_QUANTIFICATION,SEGMENTATION_OR_LOCALIZATION;RECONSTRUCTION_OR_ENHANCEMENT;RECOMMENDATION_OR_PLANNING;MEASUREMENT_OR_QUANTIFICATION,CODED,false,NONE
K253091:user,K253091,user,OTHER_CLINICIAN;OTHER_PHYSICIAN,OTHER_CLINICIAN;OTHER_PHYSICIAN,CODED,false,NONE
K253091:setting,K253091,setting,OTHER,OTHER,CODED,false,NONE
K253091:action,K253091,action,TREATMENT_OR_PROCEDURE_PLANNING;MONITORING_OR_FOLLOW_UP;WORKFLOW_OR_DOCUMENTATION,TREATMENT_OR_PROCEDURE_PLANNING;MONITORING_OR_FOLLOW_UP;WORKFLOW_OR_DOCUMENTATION,CODED,false,NONE
K253091:component_status,K253091,component_status,MULTIPLE,MULTIPLE,CODED,false,NONE
K253141:input,K253141,input,PHYSIOLOGICAL_SIGNAL,PHYSIOLOGICAL_SIGNAL,CODED,false,NONE
K253141:output,K253141,output,DETECTION_OR_ALERT;CLASSIFICATION_OR_DIAGNOSIS;MEASUREMENT_OR_QUANTIFICATION,DETECTION_OR_ALERT;CLASSIFICATION_OR_DIAGNOSIS;MEASUREMENT_OR_QUANTIFICATION,CODED,false,NONE
K253141:user,K253141,user,TECHNOLOGIST_OR_OPERATOR;OTHER_PHYSICIAN;OTHER_CLINICIAN,TECHNOLOGIST_OR_OPERATOR;OTHER_PHYSICIAN;OTHER_CLINICIAN,CODED,false,NONE
K253141:setting,K253141,setting,MONITORING;DIAGNOSTIC_INTERPRETATION,MONITORING;DIAGNOSTIC_INTERPRETATION,CODED,false,NONE
K253141:action,K253141,action,INTERPRETATION_OR_DIAGNOSIS;WORKFLOW_OR_DOCUMENTATION,INTERPRETATION_OR_DIAGNOSIS;WORKFLOW_OR_DOCUMENTATION,CODED,false,NONE
K253141:component_status,K253141,component_status,SINGLE,SINGLE,CODED,false,NONE
K253173:input,K253173,input,NOT_ASSESSABLE,NOT_ASSESSABLE,NOT_ASSESSABLE,true,AI_ATTRIBUTION_BARRIER
K253173:output,K253173,output,NOT_ASSESSABLE,NOT_ASSESSABLE,NOT_ASSESSABLE,true,AI_ATTRIBUTION_BARRIER
K253173:user,K253173,user,NOT_ASSESSABLE,NOT_ASSESSABLE,NOT_ASSESSABLE,true,AI_ATTRIBUTION_BARRIER
K253173:setting,K253173,setting,NOT_ASSESSABLE,NOT_ASSESSABLE,NOT_ASSESSABLE,true,AI_ATTRIBUTION_BARRIER
K253173:action,K253173,action,NOT_ASSESSABLE,NOT_ASSESSABLE,NOT_ASSESSABLE,true,AI_ATTRIBUTION_BARRIER
K253173:component_status,K253173,component_status,UNCERTAIN,UNCERTAIN,UNCERTAIN,true,AI_ATTRIBUTION_BARRIER
K253265:input,K253265,input,MEDICAL_IMAGE,MEDICAL_IMAGE,CODED,false,NONE
K253265:output,K253265,output,DETECTION_OR_ALERT,DETECTION_OR_ALERT,CODED,false,NONE
K253265:user,K253265,user,OTHER_CLINICIAN,OTHER_CLINICIAN,CODED,false,NONE
K253265:setting,K253265,setting,ACUTE_TRIAGE_OR_EMERGENCY,ACUTE_TRIAGE_OR_EMERGENCY,CODED,false,NONE
K253265:action,K253265,action,TRIAGE_OR_PRIORITIZATION,TRIAGE_OR_PRIORITIZATION,CODED,false,NONE
K253265:component_status,K253265,component_status,SINGLE,SINGLE,CODED,false,NONE
K253269:input,K253269,input,MEDICAL_IMAGE,MEDICAL_IMAGE,CODED,false,NONE
K253269:output,K253269,output,SEGMENTATION_OR_LOCALIZATION;RECOMMENDATION_OR_PLANNING,SEGMENTATION_OR_LOCALIZATION;RECOMMENDATION_OR_PLANNING,CODED,false,NONE
K253269:user,K253269,user,OTHER_PHYSICIAN,OTHER_PHYSICIAN,CODED,false,NONE
K253269:setting,K253269,setting,PROCEDURAL_OR_OPERATING_ROOM,PROCEDURAL_OR_OPERATING_ROOM,CODED,false,NONE
K253269:action,K253269,action,TREATMENT_OR_PROCEDURE_PLANNING,TREATMENT_OR_PROCEDURE_PLANNING,CODED,false,NONE
K253269:component_status,K253269,component_status,SINGLE,SINGLE,CODED,false,NONE
K253270:input,K253270,input,MEDICAL_IMAGE,MEDICAL_IMAGE,CODED,false,NONE
K253270:output,K253270,output,SEGMENTATION_OR_LOCALIZATION,SEGMENTATION_OR_LOCALIZATION,CODED,false,NONE
K253270:user,K253270,user,OTHER_CLINICIAN,OTHER_CLINICIAN,CODED,false,NONE
K253270:setting,K253270,setting,OTHER,OTHER,CODED,false,NONE
K253270:action,K253270,action,TREATMENT_OR_PROCEDURE_PLANNING;MONITORING_OR_FOLLOW_UP;WORKFLOW_OR_DOCUMENTATION,TREATMENT_OR_PROCEDURE_PLANNING;MONITORING_OR_FOLLOW_UP;WORKFLOW_OR_DOCUMENTATION,CODED,false,NONE
K253270:component_status,K253270,component_status,SINGLE,SINGLE,CODED,false,NONE
K253310:input,K253310,input,NOT_ASSESSABLE,NOT_ASSESSABLE,NOT_ASSESSABLE,true,AI_ATTRIBUTION_BARRIER
K253310:output,K253310,output,NOT_ASSESSABLE,NOT_ASSESSABLE,NOT_ASSESSABLE,true,AI_ATTRIBUTION_BARRIER
K253310:user,K253310,user,NOT_ASSESSABLE,NOT_ASSESSABLE,NOT_ASSESSABLE,true,AI_ATTRIBUTION_BARRIER
K253310:setting,K253310,setting,NOT_ASSESSABLE,NOT_ASSESSABLE,NOT_ASSESSABLE,true,AI_ATTRIBUTION_BARRIER
K253310:action,K253310,action,NOT_ASSESSABLE,NOT_ASSESSABLE,NOT_ASSESSABLE,true,AI_ATTRIBUTION_BARRIER
K253310:component_status,K253310,component_status,UNCERTAIN,UNCERTAIN,UNCERTAIN,true,AI_ATTRIBUTION_BARRIER
K253366:input,K253366,input,MEDICAL_IMAGE;PHYSIOLOGICAL_SIGNAL,MEDICAL_IMAGE;PHYSIOLOGICAL_SIGNAL,CODED,false,NONE
K253366:output,K253366,output,CLASSIFICATION_OR_DIAGNOSIS;SEGMENTATION_OR_LOCALIZATION;MEASUREMENT_OR_QUANTIFICATION,CLASSIFICATION_OR_DIAGNOSIS;SEGMENTATION_OR_LOCALIZATION;MEASUREMENT_OR_QUANTIFICATION,CODED,false,NONE
K253366:user,K253366,user,OTHER_PHYSICIAN,OTHER_PHYSICIAN,CODED,false,NONE
K253366:setting,K253366,setting,DIAGNOSTIC_INTERPRETATION,DIAGNOSTIC_INTERPRETATION,CODED,false,NONE
K253366:action,K253366,action,INTERPRETATION_OR_DIAGNOSIS;WORKFLOW_OR_DOCUMENTATION,INTERPRETATION_OR_DIAGNOSIS;WORKFLOW_OR_DOCUMENTATION,CODED,false,NONE
K253366:component_status,K253366,component_status,MULTIPLE,MULTIPLE,CODED,false,NONE
K253370:input,K253370,input,MEDICAL_IMAGE;PHYSIOLOGICAL_SIGNAL,MEDICAL_IMAGE;PHYSIOLOGICAL_SIGNAL,CODED,false,NONE
K253370:output,K253370,output,SEGMENTATION_OR_LOCALIZATION;MEASUREMENT_OR_QUANTIFICATION,SEGMENTATION_OR_LOCALIZATION;MEASUREMENT_OR_QUANTIFICATION,CODED,false,NONE
K253370:user,K253370,user,OTHER_PHYSICIAN,OTHER_PHYSICIAN,CODED,false,NONE
K253370:setting,K253370,setting,DIAGNOSTIC_INTERPRETATION,DIAGNOSTIC_INTERPRETATION,CODED,false,NONE
K253370:action,K253370,action,INTERPRETATION_OR_DIAGNOSIS;WORKFLOW_OR_DOCUMENTATION,INTERPRETATION_OR_DIAGNOSIS;WORKFLOW_OR_DOCUMENTATION,CODED,false,NONE
K253370:component_status,K253370,component_status,UNCERTAIN,UNCERTAIN,UNCERTAIN,true,FUNCTION_GROUP_UNRESOLVED
K253379:input,K253379,input,MEDICAL_IMAGE,MEDICAL_IMAGE,CODED,false,NONE
K253379:output,K253379,output,SEGMENTATION_OR_LOCALIZATION,SEGMENTATION_OR_LOCALIZATION,CODED,false,NONE
K253379:user,K253379,user,OTHER_PHYSICIAN,OTHER_PHYSICIAN,CODED,false,NONE
K253379:setting,K253379,setting,OTHER,OTHER,CODED,false,NONE
K253379:action,K253379,action,TREATMENT_OR_PROCEDURE_PLANNING;WORKFLOW_OR_DOCUMENTATION,TREATMENT_OR_PROCEDURE_PLANNING;WORKFLOW_OR_DOCUMENTATION,CODED,false,NONE
K253379:component_status,K253379,component_status,SINGLE,SINGLE,CODED,false,NONE
K253381:input,K253381,input,MEDICAL_IMAGE,MEDICAL_IMAGE,CODED,false,NONE
K253381:output,K253381,output,SEGMENTATION_OR_LOCALIZATION;RECOMMENDATION_OR_PLANNING,SEGMENTATION_OR_LOCALIZATION;RECOMMENDATION_OR_PLANNING,CODED,false,NONE
K253381:user,K253381,user,OTHER_PHYSICIAN,OTHER_PHYSICIAN,CODED,false,NONE
K253381:setting,K253381,setting,PROCEDURAL_OR_OPERATING_ROOM,PROCEDURAL_OR_OPERATING_ROOM,CODED,false,NONE
K253381:action,K253381,action,TREATMENT_OR_PROCEDURE_PLANNING,TREATMENT_OR_PROCEDURE_PLANNING,CODED,false,NONE
K253381:component_status,K253381,component_status,MULTIPLE,MULTIPLE,CODED,false,NONE
K253413:input,K253413,input,MEDICAL_IMAGE,MEDICAL_IMAGE,CODED,false,NONE
K253413:output,K253413,output,MEASUREMENT_OR_QUANTIFICATION;RECONSTRUCTION_OR_ENHANCEMENT,MEASUREMENT_OR_QUANTIFICATION;RECONSTRUCTION_OR_ENHANCEMENT,CODED,false,NONE
K253413:user,K253413,user,TECHNOLOGIST_OR_OPERATOR;OTHER_CLINICIAN,TECHNOLOGIST_OR_OPERATOR;OTHER_CLINICIAN,CODED,false,NONE
K253413:setting,K253413,setting,DIAGNOSTIC_INTERPRETATION,DIAGNOSTIC_INTERPRETATION,CODED,false,NONE
K253413:action,K253413,action,INTERPRETATION_OR_DIAGNOSIS,INTERPRETATION_OR_DIAGNOSIS,CODED,false,NONE
K253413:component_status,K253413,component_status,SINGLE,SINGLE,CODED,false,NONE
K253442:input,K253442,input,PHYSIOLOGICAL_SIGNAL,PHYSIOLOGICAL_SIGNAL,CODED,false,NONE
K253442:output,K253442,output,CLASSIFICATION_OR_DIAGNOSIS;MEASUREMENT_OR_QUANTIFICATION,CLASSIFICATION_OR_DIAGNOSIS;MEASUREMENT_OR_QUANTIFICATION,CODED,false,NONE
K253442:user,K253442,user,OTHER_CLINICIAN;TECHNOLOGIST_OR_OPERATOR,OTHER_CLINICIAN;TECHNOLOGIST_OR_OPERATOR,CODED,false,NONE
K253442:setting,K253442,setting,DIAGNOSTIC_INTERPRETATION,DIAGNOSTIC_INTERPRETATION,CODED,false,NONE
K253442:action,K253442,action,INTERPRETATION_OR_DIAGNOSIS;REFERRAL_OR_ESCALATION,INTERPRETATION_OR_DIAGNOSIS;REFERRAL_OR_ESCALATION,CODED,false,NONE
K253442:component_status,K253442,component_status,SINGLE,SINGLE,CODED,false,NONE
K253489:input,K253489,input,MEDICAL_IMAGE,MEDICAL_IMAGE,CODED,false,NONE
K253489:output,K253489,output,RECONSTRUCTION_OR_ENHANCEMENT,RECONSTRUCTION_OR_ENHANCEMENT,CODED,false,NONE
K253489:user,K253489,user,TECHNOLOGIST_OR_OPERATOR;OTHER_PHYSICIAN,TECHNOLOGIST_OR_OPERATOR;OTHER_PHYSICIAN,CODED,false,NONE
K253489:setting,K253489,setting,DIAGNOSTIC_INTERPRETATION;ACUTE_TRIAGE_OR_EMERGENCY;INPATIENT;OUTPATIENT,DIAGNOSTIC_INTERPRETATION;ACUTE_TRIAGE_OR_EMERGENCY;INPATIENT;OUTPATIENT,CODED,false,NONE
K253489:action,K253489,action,INTERPRETATION_OR_DIAGNOSIS;WORKFLOW_OR_DOCUMENTATION,INTERPRETATION_OR_DIAGNOSIS;WORKFLOW_OR_DOCUMENTATION,CODED,false,NONE
K253489:component_status,K253489,component_status,SINGLE,SINGLE,CODED,false,NONE
K253516:input,K253516,input,PHYSIOLOGICAL_SIGNAL,PHYSIOLOGICAL_SIGNAL,CODED,false,NONE
K253516:output,K253516,output,CLASSIFICATION_OR_DIAGNOSIS;DETECTION_OR_ALERT,CLASSIFICATION_OR_DIAGNOSIS;DETECTION_OR_ALERT,CODED,false,NONE
K253516:user,K253516,user,OTHER_PHYSICIAN;OTHER_CLINICIAN,OTHER_PHYSICIAN;OTHER_CLINICIAN,CODED,false,NONE
K253516:setting,K253516,setting,MONITORING,MONITORING,CODED,false,NONE
K253516:action,K253516,action,MONITORING_OR_FOLLOW_UP;INTERPRETATION_OR_DIAGNOSIS;WORKFLOW_OR_DOCUMENTATION,MONITORING_OR_FOLLOW_UP;INTERPRETATION_OR_DIAGNOSIS;WORKFLOW_OR_DOCUMENTATION,CODED,false,NONE
K253516:component_status,K253516,component_status,SINGLE,SINGLE,CODED,false,NONE
K253520:input,K253520,input,MEDICAL_IMAGE,MEDICAL_IMAGE,CODED,false,NONE
K253520:output,K253520,output,RECONSTRUCTION_OR_ENHANCEMENT,RECONSTRUCTION_OR_ENHANCEMENT,CODED,false,NONE
K253520:user,K253520,user,NOT_STATED,NOT_STATED,NOT_STATED,true,FIELD_NOT_STATED
K253520:setting,K253520,setting,DIAGNOSTIC_INTERPRETATION;SCREENING,DIAGNOSTIC_INTERPRETATION;SCREENING,CODED,false,NONE
K253520:action,K253520,action,INTERPRETATION_OR_DIAGNOSIS;WORKFLOW_OR_DOCUMENTATION,INTERPRETATION_OR_DIAGNOSIS;WORKFLOW_OR_DOCUMENTATION,CODED,false,NONE
K253520:component_status,K253520,component_status,SINGLE,SINGLE,CODED,false,NONE
K253532:input,K253532,input,MEDICAL_IMAGE,MEDICAL_IMAGE,CODED,false,NONE
K253532:output,K253532,output,RECONSTRUCTION_OR_ENHANCEMENT,RECONSTRUCTION_OR_ENHANCEMENT,CODED,false,NONE
K253532:user,K253532,user,OTHER_CLINICIAN;OTHER_PHYSICIAN,OTHER_CLINICIAN;OTHER_PHYSICIAN,CODED,false,NONE
K253532:setting,K253532,setting,DIAGNOSTIC_INTERPRETATION,DIAGNOSTIC_INTERPRETATION,CODED,false,NONE
K253532:action,K253532,action,INTERPRETATION_OR_DIAGNOSIS;WORKFLOW_OR_DOCUMENTATION,INTERPRETATION_OR_DIAGNOSIS;WORKFLOW_OR_DOCUMENTATION,CODED,false,NONE
K253532:component_status,K253532,component_status,SINGLE,SINGLE,CODED,false,NONE
K253535:input,K253535,input,MEDICAL_IMAGE;CLINICAL_TABULAR_OR_TEXT,MEDICAL_IMAGE;CLINICAL_TABULAR_OR_TEXT,CODED,false,NONE
K253535:output,K253535,output,MEASUREMENT_OR_QUANTIFICATION;DOCUMENTATION_OR_SUMMARY,MEASUREMENT_OR_QUANTIFICATION;DOCUMENTATION_OR_SUMMARY,CODED,false,NONE
K253535:user,K253535,user,OTHER_PHYSICIAN;TECHNOLOGIST_OR_OPERATOR,OTHER_PHYSICIAN;TECHNOLOGIST_OR_OPERATOR,CODED,false,NONE
K253535:setting,K253535,setting,DIAGNOSTIC_INTERPRETATION,DIAGNOSTIC_INTERPRETATION,CODED,false,NONE
K253535:action,K253535,action,INTERPRETATION_OR_DIAGNOSIS;WORKFLOW_OR_DOCUMENTATION,INTERPRETATION_OR_DIAGNOSIS;WORKFLOW_OR_DOCUMENTATION,CODED,false,NONE
K253535:component_status,K253535,component_status,SINGLE,SINGLE,CODED,false,NONE
K253551:input,K253551,input,MEDICAL_IMAGE,MEDICAL_IMAGE,CODED,false,NONE
K253551:output,K253551,output,SEGMENTATION_OR_LOCALIZATION;MEASUREMENT_OR_QUANTIFICATION,SEGMENTATION_OR_LOCALIZATION;MEASUREMENT_OR_QUANTIFICATION,CODED,false,NONE
K253551:user,K253551,user,OTHER_PHYSICIAN,OTHER_PHYSICIAN,CODED,false,NONE
K253551:setting,K253551,setting,PROCEDURAL_OR_OPERATING_ROOM,PROCEDURAL_OR_OPERATING_ROOM,CODED,false,NONE
K253551:action,K253551,action,TREATMENT_OR_PROCEDURE_PLANNING;WORKFLOW_OR_DOCUMENTATION,TREATMENT_OR_PROCEDURE_PLANNING;WORKFLOW_OR_DOCUMENTATION,CODED,false,NONE
K253551:component_status,K253551,component_status,SINGLE,SINGLE,CODED,false,NONE
K253564:input,K253564,input,MEDICAL_IMAGE,MEDICAL_IMAGE,CODED,false,NONE
K253564:output,K253564,output,RECONSTRUCTION_OR_ENHANCEMENT;SEGMENTATION_OR_LOCALIZATION,RECONSTRUCTION_OR_ENHANCEMENT;SEGMENTATION_OR_LOCALIZATION,CODED,false,NONE
K253564:user,K253564,user,OTHER_CLINICIAN;OTHER_PHYSICIAN,OTHER_CLINICIAN;OTHER_PHYSICIAN,CODED,false,NONE
K253564:setting,K253564,setting,DIAGNOSTIC_INTERPRETATION,DIAGNOSTIC_INTERPRETATION,CODED,false,NONE
K253564:action,K253564,action,INTERPRETATION_OR_DIAGNOSIS;MONITORING_OR_FOLLOW_UP;TREATMENT_OR_PROCEDURE_PLANNING,INTERPRETATION_OR_DIAGNOSIS;MONITORING_OR_FOLLOW_UP;TREATMENT_OR_PROCEDURE_PLANNING,CODED,false,NONE
K253564:component_status,K253564,component_status,SINGLE,SINGLE,CODED,false,NONE
K253574:input,K253574,input,MEDICAL_IMAGE;AUDIO_OR_VIDEO,MEDICAL_IMAGE;AUDIO_OR_VIDEO,CODED,false,NONE
K253574:output,K253574,output,RECOMMENDATION_OR_PLANNING;RECONSTRUCTION_OR_ENHANCEMENT,RECOMMENDATION_OR_PLANNING;RECONSTRUCTION_OR_ENHANCEMENT,CODED,false,NONE
K253574:user,K253574,user,OTHER_PHYSICIAN;RADIOLOGIST;TECHNOLOGIST_OR_OPERATOR,OTHER_PHYSICIAN;RADIOLOGIST;TECHNOLOGIST_OR_OPERATOR,CODED,false,NONE
K253574:setting,K253574,setting,DIAGNOSTIC_INTERPRETATION,DIAGNOSTIC_INTERPRETATION,CODED,false,NONE
K253574:action,K253574,action,WORKFLOW_OR_DOCUMENTATION;THERAPY_DOSE_OR_DEVICE_CONTROL;INTERPRETATION_OR_DIAGNOSIS;TREATMENT_OR_PROCEDURE_PLANNING,WORKFLOW_OR_DOCUMENTATION;THERAPY_DOSE_OR_DEVICE_CONTROL;INTERPRETATION_OR_DIAGNOSIS;TREATMENT_OR_PROCEDURE_PLANNING,CODED,false,NONE
K253574:component_status,K253574,component_status,MULTIPLE,MULTIPLE,CODED,false,NONE
K253578:input,K253578,input,MEDICAL_IMAGE,MEDICAL_IMAGE,CODED,false,NONE
K253578:output,K253578,output,DETECTION_OR_ALERT,DETECTION_OR_ALERT,CODED,false,NONE
K253578:user,K253578,user,OTHER_CLINICIAN;RADIOLOGIST,OTHER_CLINICIAN;RADIOLOGIST,CODED,false,NONE
K253578:setting,K253578,setting,ACUTE_TRIAGE_OR_EMERGENCY;DIAGNOSTIC_INTERPRETATION,ACUTE_TRIAGE_OR_EMERGENCY;DIAGNOSTIC_INTERPRETATION,CODED,false,NONE
K253578:action,K253578,action,TRIAGE_OR_PRIORITIZATION;INTERPRETATION_OR_DIAGNOSIS,TRIAGE_OR_PRIORITIZATION;INTERPRETATION_OR_DIAGNOSIS,CODED,false,NONE
K253578:component_status,K253578,component_status,SINGLE,SINGLE,CODED,false,NONE
K253584:input,K253584,input,MEDICAL_IMAGE,MEDICAL_IMAGE,CODED,false,NONE
K253584:output,K253584,output,RECONSTRUCTION_OR_ENHANCEMENT,RECONSTRUCTION_OR_ENHANCEMENT,CODED,false,NONE
K253584:user,K253584,user,NOT_STATED,NOT_STATED,NOT_STATED,true,FIELD_NOT_STATED
K253584:setting,K253584,setting,PROCEDURAL_OR_OPERATING_ROOM;DIAGNOSTIC_INTERPRETATION,PROCEDURAL_OR_OPERATING_ROOM;DIAGNOSTIC_INTERPRETATION,CODED,false,NONE
K253584:action,K253584,action,INTERPRETATION_OR_DIAGNOSIS;TREATMENT_OR_PROCEDURE_PLANNING,INTERPRETATION_OR_DIAGNOSIS;TREATMENT_OR_PROCEDURE_PLANNING,CODED,false,NONE
K253584:component_status,K253584,component_status,SINGLE,SINGLE,CODED,false,NONE
K253593:input,K253593,input,MEDICAL_IMAGE,MEDICAL_IMAGE,CODED,false,NONE
K253593:output,K253593,output,SEGMENTATION_OR_LOCALIZATION;MEASUREMENT_OR_QUANTIFICATION,SEGMENTATION_OR_LOCALIZATION;MEASUREMENT_OR_QUANTIFICATION,CODED,false,NONE
K253593:user,K253593,user,OTHER_CLINICIAN,OTHER_CLINICIAN,CODED,false,NONE
K253593:setting,K253593,setting,DIAGNOSTIC_INTERPRETATION;OUTPATIENT,DIAGNOSTIC_INTERPRETATION;OUTPATIENT,CODED,false,NONE
K253593:action,K253593,action,INTERPRETATION_OR_DIAGNOSIS,INTERPRETATION_OR_DIAGNOSIS,CODED,false,NONE
K253593:component_status,K253593,component_status,SINGLE,SINGLE,CODED,false,NONE
K253595:input,K253595,input,MEDICAL_IMAGE,MEDICAL_IMAGE,CODED,false,NONE
K253595:output,K253595,output,MEASUREMENT_OR_QUANTIFICATION,MEASUREMENT_OR_QUANTIFICATION,CODED,false,NONE
K253595:user,K253595,user,OTHER_CLINICIAN,OTHER_CLINICIAN,CODED,false,NONE
K253595:setting,K253595,setting,DIAGNOSTIC_INTERPRETATION;OUTPATIENT,DIAGNOSTIC_INTERPRETATION;OUTPATIENT,CODED,false,NONE
K253595:action,K253595,action,INTERPRETATION_OR_DIAGNOSIS;WORKFLOW_OR_DOCUMENTATION,INTERPRETATION_OR_DIAGNOSIS;WORKFLOW_OR_DOCUMENTATION,CODED,false,NONE
K253595:component_status,K253595,component_status,SINGLE,SINGLE,CODED,false,NONE
K253614:input,K253614,input,MEDICAL_IMAGE;DEVICE_TELEMETRY_OR_OPERATIONAL,MEDICAL_IMAGE;DEVICE_TELEMETRY_OR_OPERATIONAL,CODED,false,NONE
K253614:output,K253614,output,SEGMENTATION_OR_LOCALIZATION;MEASUREMENT_OR_QUANTIFICATION;RECONSTRUCTION_OR_ENHANCEMENT,SEGMENTATION_OR_LOCALIZATION;MEASUREMENT_OR_QUANTIFICATION;RECONSTRUCTION_OR_ENHANCEMENT,CODED,false,NONE
K253614:user,K253614,user,OTHER_PHYSICIAN,OTHER_PHYSICIAN,CODED,false,NONE
K253614:setting,K253614,setting,PROCEDURAL_OR_OPERATING_ROOM,PROCEDURAL_OR_OPERATING_ROOM,CODED,false,NONE
K253614:action,K253614,action,TREATMENT_OR_PROCEDURE_PLANNING,TREATMENT_OR_PROCEDURE_PLANNING,CODED,false,NONE
K253614:component_status,K253614,component_status,SINGLE,SINGLE,CODED,false,NONE
K253625:input,K253625,input,MEDICAL_IMAGE,MEDICAL_IMAGE,CODED,false,NONE
K253625:output,K253625,output,RECONSTRUCTION_OR_ENHANCEMENT,RECONSTRUCTION_OR_ENHANCEMENT,CODED,false,NONE
K253625:user,K253625,user,OTHER_PHYSICIAN,OTHER_PHYSICIAN,CODED,false,NONE
K253625:setting,K253625,setting,DIAGNOSTIC_INTERPRETATION,DIAGNOSTIC_INTERPRETATION,CODED,false,NONE
K253625:action,K253625,action,INTERPRETATION_OR_DIAGNOSIS,INTERPRETATION_OR_DIAGNOSIS,CODED,false,NONE
K253625:component_status,K253625,component_status,SINGLE,SINGLE,CODED,false,NONE
K253648:input,K253648,input,MEDICAL_IMAGE,MEDICAL_IMAGE,CODED,false,NONE
K253648:output,K253648,output,RECOMMENDATION_OR_PLANNING;RECONSTRUCTION_OR_ENHANCEMENT,RECOMMENDATION_OR_PLANNING;RECONSTRUCTION_OR_ENHANCEMENT,CODED,false,NONE
K253648:user,K253648,user,TECHNOLOGIST_OR_OPERATOR;OTHER_PHYSICIAN,TECHNOLOGIST_OR_OPERATOR;OTHER_PHYSICIAN,CODED,false,NONE
K253648:setting,K253648,setting,DIAGNOSTIC_INTERPRETATION,DIAGNOSTIC_INTERPRETATION,CODED,false,NONE
K253648:action,K253648,action,WORKFLOW_OR_DOCUMENTATION;INTERPRETATION_OR_DIAGNOSIS,WORKFLOW_OR_DOCUMENTATION;INTERPRETATION_OR_DIAGNOSIS,CODED,false,NONE
K253648:component_status,K253648,component_status,MULTIPLE,MULTIPLE,CODED,false,NONE
K253649:input,K253649,input,MEDICAL_IMAGE,MEDICAL_IMAGE,CODED,false,NONE
K253649:output,K253649,output,RECONSTRUCTION_OR_ENHANCEMENT,RECONSTRUCTION_OR_ENHANCEMENT,CODED,false,NONE
K253649:user,K253649,user,OTHER_CLINICIAN,OTHER_CLINICIAN,CODED,false,NONE
K253649:setting,K253649,setting,DIAGNOSTIC_INTERPRETATION,DIAGNOSTIC_INTERPRETATION,CODED,false,NONE
K253649:action,K253649,action,INTERPRETATION_OR_DIAGNOSIS,INTERPRETATION_OR_DIAGNOSIS,CODED,false,NONE
K253649:component_status,K253649,component_status,SINGLE,SINGLE,CODED,false,NONE
K253664:input,K253664,input,MEDICAL_IMAGE;AUDIO_OR_VIDEO,MEDICAL_IMAGE;AUDIO_OR_VIDEO,CODED,false,NONE
K253664:output,K253664,output,DETECTION_OR_ALERT;SEGMENTATION_OR_LOCALIZATION,DETECTION_OR_ALERT;SEGMENTATION_OR_LOCALIZATION,CODED,false,NONE
K253664:user,K253664,user,OTHER_PHYSICIAN,OTHER_PHYSICIAN,CODED,false,NONE
K253664:setting,K253664,setting,SCREENING;PROCEDURAL_OR_OPERATING_ROOM,SCREENING;PROCEDURAL_OR_OPERATING_ROOM,CODED,false,NONE
K253664:action,K253664,action,INTERPRETATION_OR_DIAGNOSIS;MONITORING_OR_FOLLOW_UP,INTERPRETATION_OR_DIAGNOSIS;MONITORING_OR_FOLLOW_UP,CODED,false,NONE
K253664:component_status,K253664,component_status,SINGLE,SINGLE,CODED,false,NONE
K253668:input,K253668,input,PHYSIOLOGICAL_SIGNAL,PHYSIOLOGICAL_SIGNAL,CODED,false,NONE
K253668:output,K253668,output,CLASSIFICATION_OR_DIAGNOSIS;DETECTION_OR_ALERT;MEASUREMENT_OR_QUANTIFICATION;DOCUMENTATION_OR_SUMMARY,CLASSIFICATION_OR_DIAGNOSIS;DETECTION_OR_ALERT;MEASUREMENT_OR_QUANTIFICATION;DOCUMENTATION_OR_SUMMARY,CODED,false,NONE
K253668:user,K253668,user,OTHER_PHYSICIAN;TECHNOLOGIST_OR_OPERATOR,OTHER_PHYSICIAN;TECHNOLOGIST_OR_OPERATOR,CODED,false,NONE
K253668:setting,K253668,setting,HOME_OR_CONSUMER;LABORATORY;MONITORING,HOME_OR_CONSUMER;LABORATORY;MONITORING,CODED,false,NONE
K253668:action,K253668,action,INTERPRETATION_OR_DIAGNOSIS;WORKFLOW_OR_DOCUMENTATION,INTERPRETATION_OR_DIAGNOSIS;WORKFLOW_OR_DOCUMENTATION,CODED,false,NONE
K253668:component_status,K253668,component_status,SINGLE,SINGLE,CODED,false,NONE
K253686:input,K253686,input,MEDICAL_IMAGE,MEDICAL_IMAGE,CODED,false,NONE
K253686:output,K253686,output,RECONSTRUCTION_OR_ENHANCEMENT,RECONSTRUCTION_OR_ENHANCEMENT,CODED,false,NONE
K253686:user,K253686,user,NOT_STATED,NOT_STATED,NOT_STATED,true,FIELD_NOT_STATED
K253686:setting,K253686,setting,DIAGNOSTIC_INTERPRETATION,DIAGNOSTIC_INTERPRETATION,CODED,false,NONE
K253686:action,K253686,action,INTERPRETATION_OR_DIAGNOSIS;WORKFLOW_OR_DOCUMENTATION,INTERPRETATION_OR_DIAGNOSIS;WORKFLOW_OR_DOCUMENTATION,CODED,false,NONE
K253686:component_status,K253686,component_status,SINGLE,SINGLE,CODED,false,NONE
K253735:input,K253735,input,MEDICAL_IMAGE,MEDICAL_IMAGE,CODED,false,NONE
K253735:output,K253735,output,SEGMENTATION_OR_LOCALIZATION;MEASUREMENT_OR_QUANTIFICATION;RECOMMENDATION_OR_PLANNING,SEGMENTATION_OR_LOCALIZATION;MEASUREMENT_OR_QUANTIFICATION;RECOMMENDATION_OR_PLANNING,CODED,false,NONE
K253735:user,K253735,user,NOT_STATED,NOT_STATED,NOT_STATED,true,FIELD_NOT_STATED
K253735:setting,K253735,setting,DIAGNOSTIC_INTERPRETATION,DIAGNOSTIC_INTERPRETATION,CODED,false,NONE
K253735:action,K253735,action,INTERPRETATION_OR_DIAGNOSIS;TREATMENT_OR_PROCEDURE_PLANNING,INTERPRETATION_OR_DIAGNOSIS;TREATMENT_OR_PROCEDURE_PLANNING,CODED,false,NONE
K253735:component_status,K253735,component_status,MULTIPLE,MULTIPLE,CODED,false,NONE
K253775:input,K253775,input,MEDICAL_IMAGE,MEDICAL_IMAGE,CODED,false,NONE
K253775:output,K253775,output,RECONSTRUCTION_OR_ENHANCEMENT;MEASUREMENT_OR_QUANTIFICATION,RECONSTRUCTION_OR_ENHANCEMENT;MEASUREMENT_OR_QUANTIFICATION,CODED,false,NONE
K253775:user,K253775,user,TECHNOLOGIST_OR_OPERATOR;OTHER_CLINICIAN,TECHNOLOGIST_OR_OPERATOR;OTHER_CLINICIAN,CODED,false,NONE
K253775:setting,K253775,setting,DIAGNOSTIC_INTERPRETATION;OUTPATIENT,DIAGNOSTIC_INTERPRETATION;OUTPATIENT,CODED,false,NONE
K253775:action,K253775,action,INTERPRETATION_OR_DIAGNOSIS;WORKFLOW_OR_DOCUMENTATION,INTERPRETATION_OR_DIAGNOSIS;WORKFLOW_OR_DOCUMENTATION,CODED,false,NONE
K253775:component_status,K253775,component_status,MULTIPLE,MULTIPLE,CODED,false,NONE
K253779:input,K253779,input,MEDICAL_IMAGE;AUDIO_OR_VIDEO,MEDICAL_IMAGE;AUDIO_OR_VIDEO,CODED,false,NONE
K253779:output,K253779,output,RECONSTRUCTION_OR_ENHANCEMENT;SEGMENTATION_OR_LOCALIZATION;RECOMMENDATION_OR_PLANNING,RECONSTRUCTION_OR_ENHANCEMENT;SEGMENTATION_OR_LOCALIZATION;RECOMMENDATION_OR_PLANNING,CODED,false,NONE
K253779:user,K253779,user,OTHER_PHYSICIAN,OTHER_PHYSICIAN,CODED,false,NONE
K253779:setting,K253779,setting,DIAGNOSTIC_INTERPRETATION,DIAGNOSTIC_INTERPRETATION,CODED,false,NONE
K253779:action,K253779,action,WORKFLOW_OR_DOCUMENTATION;INTERPRETATION_OR_DIAGNOSIS,WORKFLOW_OR_DOCUMENTATION;INTERPRETATION_OR_DIAGNOSIS,CODED,false,NONE
K253779:component_status,K253779,component_status,MULTIPLE,MULTIPLE,CODED,false,NONE
K253780:input,K253780,input,MEDICAL_IMAGE;AUDIO_OR_VIDEO,MEDICAL_IMAGE;AUDIO_OR_VIDEO,CODED,false,NONE
K253780:output,K253780,output,SEGMENTATION_OR_LOCALIZATION;RECOMMENDATION_OR_PLANNING,SEGMENTATION_OR_LOCALIZATION;RECOMMENDATION_OR_PLANNING,CODED,false,NONE
K253780:user,K253780,user,TECHNOLOGIST_OR_OPERATOR,TECHNOLOGIST_OR_OPERATOR,CODED,false,NONE
K253780:setting,K253780,setting,DIAGNOSTIC_INTERPRETATION,DIAGNOSTIC_INTERPRETATION,CODED,false,NONE
K253780:action,K253780,action,WORKFLOW_OR_DOCUMENTATION,WORKFLOW_OR_DOCUMENTATION,CODED,false,NONE
K253780:component_status,K253780,component_status,SINGLE,SINGLE,CODED,false,NONE
K253796:input,K253796,input,MEDICAL_IMAGE,MEDICAL_IMAGE,CODED,false,NONE
K253796:output,K253796,output,DETECTION_OR_ALERT;SEGMENTATION_OR_LOCALIZATION;CLASSIFICATION_OR_DIAGNOSIS;RISK_SCORE_OR_PREDICTION;DOCUMENTATION_OR_SUMMARY,DETECTION_OR_ALERT;SEGMENTATION_OR_LOCALIZATION;CLASSIFICATION_OR_DIAGNOSIS;RISK_SCORE_OR_PREDICTION;DOCUMENTATION_OR_SUMMARY,CODED,false,NONE
K253796:user,K253796,user,OTHER_PHYSICIAN,OTHER_PHYSICIAN,CODED,false,NONE
K253796:setting,K253796,setting,SCREENING;DIAGNOSTIC_INTERPRETATION,SCREENING;DIAGNOSTIC_INTERPRETATION,CODED,false,NONE
K253796:action,K253796,action,INTERPRETATION_OR_DIAGNOSIS;WORKFLOW_OR_DOCUMENTATION,INTERPRETATION_OR_DIAGNOSIS;WORKFLOW_OR_DOCUMENTATION,CODED,false,NONE
K253796:component_status,K253796,component_status,SINGLE,SINGLE,CODED,false,NONE
K253818:input,K253818,input,MEDICAL_IMAGE,MEDICAL_IMAGE,CODED,false,NONE
K253818:output,K253818,output,DETECTION_OR_ALERT,DETECTION_OR_ALERT,CODED,false,NONE
K253818:user,K253818,user,OTHER_CLINICIAN,OTHER_CLINICIAN,CODED,false,NONE
K253818:setting,K253818,setting,ACUTE_TRIAGE_OR_EMERGENCY;DIAGNOSTIC_INTERPRETATION,ACUTE_TRIAGE_OR_EMERGENCY;DIAGNOSTIC_INTERPRETATION,CODED,false,NONE
K253818:action,K253818,action,TRIAGE_OR_PRIORITIZATION;INTERPRETATION_OR_DIAGNOSIS,TRIAGE_OR_PRIORITIZATION;INTERPRETATION_OR_DIAGNOSIS,CODED,false,NONE
K253818:component_status,K253818,component_status,SINGLE,SINGLE,CODED,false,NONE
K253898:input,K253898,input,NOT_ASSESSABLE,NOT_ASSESSABLE,NOT_ASSESSABLE,true,AI_ATTRIBUTION_BARRIER
K253898:output,K253898,output,NOT_ASSESSABLE,NOT_ASSESSABLE,NOT_ASSESSABLE,true,AI_ATTRIBUTION_BARRIER
K253898:user,K253898,user,NOT_ASSESSABLE,NOT_ASSESSABLE,NOT_ASSESSABLE,true,AI_ATTRIBUTION_BARRIER
K253898:setting,K253898,setting,NOT_ASSESSABLE,NOT_ASSESSABLE,NOT_ASSESSABLE,true,AI_ATTRIBUTION_BARRIER
K253898:action,K253898,action,NOT_ASSESSABLE,NOT_ASSESSABLE,NOT_ASSESSABLE,true,AI_ATTRIBUTION_BARRIER
K253898:component_status,K253898,component_status,UNCERTAIN,UNCERTAIN,UNCERTAIN,true,AI_ATTRIBUTION_BARRIER
K253944:input,K253944,input,MEDICAL_IMAGE,MEDICAL_IMAGE,CODED,false,NONE
K253944:output,K253944,output,SEGMENTATION_OR_LOCALIZATION;MEASUREMENT_OR_QUANTIFICATION;DOCUMENTATION_OR_SUMMARY,SEGMENTATION_OR_LOCALIZATION;MEASUREMENT_OR_QUANTIFICATION;DOCUMENTATION_OR_SUMMARY,CODED,false,NONE
K253944:user,K253944,user,OTHER_CLINICIAN,OTHER_CLINICIAN,CODED,false,NONE
K253944:setting,K253944,setting,DIAGNOSTIC_INTERPRETATION,DIAGNOSTIC_INTERPRETATION,CODED,false,NONE
K253944:action,K253944,action,INTERPRETATION_OR_DIAGNOSIS;WORKFLOW_OR_DOCUMENTATION,INTERPRETATION_OR_DIAGNOSIS;WORKFLOW_OR_DOCUMENTATION,CODED,false,NONE
K253944:component_status,K253944,component_status,SINGLE,SINGLE,CODED,false,NONE
K254001:input,K254001,input,MEDICAL_IMAGE,MEDICAL_IMAGE,CODED,false,NONE
K254001:output,K254001,output,RECONSTRUCTION_OR_ENHANCEMENT,RECONSTRUCTION_OR_ENHANCEMENT,CODED,false,NONE
K254001:user,K254001,user,OTHER_CLINICIAN,OTHER_CLINICIAN,CODED,false,NONE
K254001:setting,K254001,setting,DIAGNOSTIC_INTERPRETATION,DIAGNOSTIC_INTERPRETATION,CODED,false,NONE
K254001:action,K254001,action,INTERPRETATION_OR_DIAGNOSIS;MONITORING_OR_FOLLOW_UP,INTERPRETATION_OR_DIAGNOSIS;MONITORING_OR_FOLLOW_UP,CODED,false,NONE
K254001:component_status,K254001,component_status,SINGLE,SINGLE,CODED,false,NONE
K254016:input,K254016,input,MEDICAL_IMAGE,MEDICAL_IMAGE,CODED,false,NONE
K254016:output,K254016,output,SEGMENTATION_OR_LOCALIZATION;MEASUREMENT_OR_QUANTIFICATION,SEGMENTATION_OR_LOCALIZATION;MEASUREMENT_OR_QUANTIFICATION,CODED,false,NONE
K254016:user,K254016,user,TECHNOLOGIST_OR_OPERATOR;OTHER_PHYSICIAN;OTHER_CLINICIAN,TECHNOLOGIST_OR_OPERATOR;OTHER_PHYSICIAN;OTHER_CLINICIAN,CODED,false,NONE
K254016:setting,K254016,setting,DIAGNOSTIC_INTERPRETATION,DIAGNOSTIC_INTERPRETATION,CODED,false,NONE
K254016:action,K254016,action,INTERPRETATION_OR_DIAGNOSIS;WORKFLOW_OR_DOCUMENTATION;MONITORING_OR_FOLLOW_UP,INTERPRETATION_OR_DIAGNOSIS;WORKFLOW_OR_DOCUMENTATION;MONITORING_OR_FOLLOW_UP,CODED,false,NONE
K254016:component_status,K254016,component_status,MULTIPLE,MULTIPLE,CODED,false,NONE
K254161:input,K254161,input,MEDICAL_IMAGE;AUDIO_OR_VIDEO,MEDICAL_IMAGE;AUDIO_OR_VIDEO,CODED,false,NONE
K254161:output,K254161,output,CLASSIFICATION_OR_DIAGNOSIS;MEASUREMENT_OR_QUANTIFICATION;DOCUMENTATION_OR_SUMMARY,CLASSIFICATION_OR_DIAGNOSIS;MEASUREMENT_OR_QUANTIFICATION;DOCUMENTATION_OR_SUMMARY,CODED,false,NONE
K254161:user,K254161,user,OTHER_PHYSICIAN,OTHER_PHYSICIAN,CODED,false,NONE
K254161:setting,K254161,setting,DIAGNOSTIC_INTERPRETATION,DIAGNOSTIC_INTERPRETATION,CODED,false,NONE
K254161:action,K254161,action,INTERPRETATION_OR_DIAGNOSIS;REFERRAL_OR_ESCALATION,INTERPRETATION_OR_DIAGNOSIS;REFERRAL_OR_ESCALATION,CODED,false,NONE
K254161:component_status,K254161,component_status,SINGLE,SINGLE,CODED,false,NONE
K254207:input,K254207,input,MEDICAL_IMAGE;CLINICAL_TABULAR_OR_TEXT,MEDICAL_IMAGE;CLINICAL_TABULAR_OR_TEXT,CODED,false,NONE
K254207:output,K254207,output,SEGMENTATION_OR_LOCALIZATION;MEASUREMENT_OR_QUANTIFICATION;RECOMMENDATION_OR_PLANNING;DOCUMENTATION_OR_SUMMARY,SEGMENTATION_OR_LOCALIZATION;MEASUREMENT_OR_QUANTIFICATION;RECOMMENDATION_OR_PLANNING;DOCUMENTATION_OR_SUMMARY,CODED,false,NONE
K254207:user,K254207,user,OTHER_CLINICIAN;OTHER_PHYSICIAN,OTHER_CLINICIAN;OTHER_PHYSICIAN,CODED,false,NONE
K254207:setting,K254207,setting,DIAGNOSTIC_INTERPRETATION,DIAGNOSTIC_INTERPRETATION,CODED,false,NONE
K254207:action,K254207,action,INTERPRETATION_OR_DIAGNOSIS;MONITORING_OR_FOLLOW_UP;TREATMENT_OR_PROCEDURE_PLANNING,INTERPRETATION_OR_DIAGNOSIS;MONITORING_OR_FOLLOW_UP;TREATMENT_OR_PROCEDURE_PLANNING,CODED,false,NONE
K254207:component_status,K254207,component_status,MULTIPLE,MULTIPLE,CODED,false,NONE
K260078:input,K260078,input,MEDICAL_IMAGE,MEDICAL_IMAGE,CODED,false,NONE
K260078:output,K260078,output,RECONSTRUCTION_OR_ENHANCEMENT,RECONSTRUCTION_OR_ENHANCEMENT,CODED,false,NONE
K260078:user,K260078,user,OTHER_PHYSICIAN,OTHER_PHYSICIAN,CODED,false,NONE
K260078:setting,K260078,setting,DIAGNOSTIC_INTERPRETATION,DIAGNOSTIC_INTERPRETATION,CODED,false,NONE
K260078:action,K260078,action,INTERPRETATION_OR_DIAGNOSIS,INTERPRETATION_OR_DIAGNOSIS,CODED,false,NONE
K260078:component_status,K260078,component_status,SINGLE,SINGLE,CODED,false,NONE
K260104:input,K260104,input,MEDICAL_IMAGE,MEDICAL_IMAGE,CODED,false,NONE
K260104:output,K260104,output,SEGMENTATION_OR_LOCALIZATION,SEGMENTATION_OR_LOCALIZATION,CODED,false,NONE
K260104:user,K260104,user,TECHNOLOGIST_OR_OPERATOR;OTHER_PHYSICIAN,TECHNOLOGIST_OR_OPERATOR;OTHER_PHYSICIAN,CODED,false,NONE
K260104:setting,K260104,setting,OTHER,OTHER,CODED,false,NONE
K260104:action,K260104,action,WORKFLOW_OR_DOCUMENTATION;TREATMENT_OR_PROCEDURE_PLANNING,WORKFLOW_OR_DOCUMENTATION;TREATMENT_OR_PROCEDURE_PLANNING,CODED,false,NONE
K260104:component_status,K260104,component_status,SINGLE,SINGLE,CODED,false,NONE
K260166:input,K260166,input,MEDICAL_IMAGE,MEDICAL_IMAGE,CODED,false,NONE
K260166:output,K260166,output,DETECTION_OR_ALERT;SEGMENTATION_OR_LOCALIZATION;MEASUREMENT_OR_QUANTIFICATION,DETECTION_OR_ALERT;SEGMENTATION_OR_LOCALIZATION;MEASUREMENT_OR_QUANTIFICATION,CODED,false,NONE
K260166:user,K260166,user,OTHER_PHYSICIAN,OTHER_PHYSICIAN,CODED,false,NONE
K260166:setting,K260166,setting,DIAGNOSTIC_INTERPRETATION,DIAGNOSTIC_INTERPRETATION,CODED,false,NONE
K260166:action,K260166,action,INTERPRETATION_OR_DIAGNOSIS,INTERPRETATION_OR_DIAGNOSIS,CODED,false,NONE
K260166:component_status,K260166,component_status,SINGLE,SINGLE,CODED,false,NONE
K260167:input,K260167,input,MEDICAL_IMAGE,MEDICAL_IMAGE,CODED,false,NONE
K260167:output,K260167,output,DETECTION_OR_ALERT;SEGMENTATION_OR_LOCALIZATION;MEASUREMENT_OR_QUANTIFICATION,DETECTION_OR_ALERT;SEGMENTATION_OR_LOCALIZATION;MEASUREMENT_OR_QUANTIFICATION,CODED,false,NONE
K260167:user,K260167,user,OTHER_PHYSICIAN,OTHER_PHYSICIAN,CODED,false,NONE
K260167:setting,K260167,setting,DIAGNOSTIC_INTERPRETATION,DIAGNOSTIC_INTERPRETATION,CODED,false,NONE
K260167:action,K260167,action,INTERPRETATION_OR_DIAGNOSIS,INTERPRETATION_OR_DIAGNOSIS,CODED,false,NONE
K260167:component_status,K260167,component_status,SINGLE,SINGLE,CODED,false,NONE
K260169:input,K260169,input,MEDICAL_IMAGE,MEDICAL_IMAGE,CODED,false,NONE
K260169:output,K260169,output,SEGMENTATION_OR_LOCALIZATION;CLASSIFICATION_OR_DIAGNOSIS;MEASUREMENT_OR_QUANTIFICATION;DOCUMENTATION_OR_SUMMARY,SEGMENTATION_OR_LOCALIZATION;CLASSIFICATION_OR_DIAGNOSIS;MEASUREMENT_OR_QUANTIFICATION;DOCUMENTATION_OR_SUMMARY,CODED,false,NONE
K260169:user,K260169,user,RADIOLOGIST;OTHER_PHYSICIAN;TECHNOLOGIST_OR_OPERATOR,RADIOLOGIST;OTHER_PHYSICIAN;TECHNOLOGIST_OR_OPERATOR,CODED,false,NONE
K260169:setting,K260169,setting,DIAGNOSTIC_INTERPRETATION,DIAGNOSTIC_INTERPRETATION,CODED,false,NONE
K260169:action,K260169,action,INTERPRETATION_OR_DIAGNOSIS;MONITORING_OR_FOLLOW_UP;TREATMENT_OR_PROCEDURE_PLANNING;WORKFLOW_OR_DOCUMENTATION,INTERPRETATION_OR_DIAGNOSIS;MONITORING_OR_FOLLOW_UP;TREATMENT_OR_PROCEDURE_PLANNING;WORKFLOW_OR_DOCUMENTATION,CODED,false,NONE
K260169:component_status,K260169,component_status,SINGLE,SINGLE,CODED,false,NONE
K260217:input,K260217,input,MEDICAL_IMAGE;AUDIO_OR_VIDEO,MEDICAL_IMAGE;AUDIO_OR_VIDEO,CODED,false,NONE
K260217:output,K260217,output,DETECTION_OR_ALERT;CLASSIFICATION_OR_DIAGNOSIS;MEASUREMENT_OR_QUANTIFICATION,DETECTION_OR_ALERT;CLASSIFICATION_OR_DIAGNOSIS;MEASUREMENT_OR_QUANTIFICATION,CODED,false,NONE
K260217:user,K260217,user,OTHER_CLINICIAN,OTHER_CLINICIAN,CODED,false,NONE
K260217:setting,K260217,setting,DIAGNOSTIC_INTERPRETATION,DIAGNOSTIC_INTERPRETATION,CODED,false,NONE
K260217:action,K260217,action,INTERPRETATION_OR_DIAGNOSIS;WORKFLOW_OR_DOCUMENTATION,INTERPRETATION_OR_DIAGNOSIS;WORKFLOW_OR_DOCUMENTATION,CODED,false,NONE
K260217:component_status,K260217,component_status,MULTIPLE,MULTIPLE,CODED,false,NONE
K260265:input,K260265,input,MEDICAL_IMAGE,MEDICAL_IMAGE,CODED,false,NONE
K260265:output,K260265,output,RECONSTRUCTION_OR_ENHANCEMENT,RECONSTRUCTION_OR_ENHANCEMENT,CODED,false,NONE
K260265:user,K260265,user,OTHER_CLINICIAN;OTHER_PHYSICIAN,OTHER_CLINICIAN;OTHER_PHYSICIAN,CODED,false,NONE
K260265:setting,K260265,setting,DIAGNOSTIC_INTERPRETATION,DIAGNOSTIC_INTERPRETATION,CODED,false,NONE
K260265:action,K260265,action,INTERPRETATION_OR_DIAGNOSIS;WORKFLOW_OR_DOCUMENTATION,INTERPRETATION_OR_DIAGNOSIS;WORKFLOW_OR_DOCUMENTATION,CODED,false,NONE
K260265:component_status,K260265,component_status,SINGLE,SINGLE,CODED,false,NONE
K260509:input,K260509,input,MEDICAL_IMAGE,MEDICAL_IMAGE,CODED,false,NONE
K260509:output,K260509,output,SEGMENTATION_OR_LOCALIZATION;RECONSTRUCTION_OR_ENHANCEMENT,SEGMENTATION_OR_LOCALIZATION;RECONSTRUCTION_OR_ENHANCEMENT,CODED,false,NONE
K260509:user,K260509,user,OTHER_CLINICIAN,OTHER_CLINICIAN,CODED,false,NONE
K260509:setting,K260509,setting,OTHER,OTHER,CODED,false,NONE
K260509:action,K260509,action,TREATMENT_OR_PROCEDURE_PLANNING;WORKFLOW_OR_DOCUMENTATION,TREATMENT_OR_PROCEDURE_PLANNING;WORKFLOW_OR_DOCUMENTATION,CODED,false,NONE
K260509:component_status,K260509,component_status,MULTIPLE,MULTIPLE,CODED,false,NONE
K260673:input,K260673,input,MEDICAL_IMAGE,MEDICAL_IMAGE,CODED,false,NONE
K260673:output,K260673,output,CLASSIFICATION_OR_DIAGNOSIS;SEGMENTATION_OR_LOCALIZATION;MEASUREMENT_OR_QUANTIFICATION,CLASSIFICATION_OR_DIAGNOSIS;SEGMENTATION_OR_LOCALIZATION;MEASUREMENT_OR_QUANTIFICATION,CODED,false,NONE
K260673:user,K260673,user,OTHER_PHYSICIAN,OTHER_PHYSICIAN,CODED,false,NONE
K260673:setting,K260673,setting,DIAGNOSTIC_INTERPRETATION,DIAGNOSTIC_INTERPRETATION,CODED,false,NONE
K260673:action,K260673,action,INTERPRETATION_OR_DIAGNOSIS;WORKFLOW_OR_DOCUMENTATION,INTERPRETATION_OR_DIAGNOSIS;WORKFLOW_OR_DOCUMENTATION,CODED,false,NONE
K260673:component_status,K260673,component_status,MULTIPLE,MULTIPLE,CODED,false,NONE
K260746:input,K260746,input,MEDICAL_IMAGE,MEDICAL_IMAGE,CODED,false,NONE
K260746:output,K260746,output,RECONSTRUCTION_OR_ENHANCEMENT,RECONSTRUCTION_OR_ENHANCEMENT,CODED,false,NONE
K260746:user,K260746,user,TECHNOLOGIST_OR_OPERATOR;OTHER_CLINICIAN,TECHNOLOGIST_OR_OPERATOR;OTHER_CLINICIAN,CODED,false,NONE
K260746:setting,K260746,setting,DIAGNOSTIC_INTERPRETATION,DIAGNOSTIC_INTERPRETATION,CODED,false,NONE
K260746:action,K260746,action,WORKFLOW_OR_DOCUMENTATION;INTERPRETATION_OR_DIAGNOSIS,WORKFLOW_OR_DOCUMENTATION;INTERPRETATION_OR_DIAGNOSIS,CODED,false,NONE
K260746:component_status,K260746,component_status,SINGLE,SINGLE,CODED,false,NONE
K955841:input,K955841,input,PHYSIOLOGICAL_SIGNAL,PHYSIOLOGICAL_SIGNAL,CODED,false,NONE
K955841:output,K955841,output,CLASSIFICATION_OR_DIAGNOSIS;DETECTION_OR_ALERT;DOCUMENTATION_OR_SUMMARY,CLASSIFICATION_OR_DIAGNOSIS;DETECTION_OR_ALERT;DOCUMENTATION_OR_SUMMARY,CODED,false,NONE
K955841:user,K955841,user,OTHER_PHYSICIAN;TECHNOLOGIST_OR_OPERATOR;OTHER_CLINICIAN,OTHER_PHYSICIAN;TECHNOLOGIST_OR_OPERATOR;OTHER_CLINICIAN,CODED,false,NONE
K955841:setting,K955841,setting,MONITORING;HOME_OR_CONSUMER;DIAGNOSTIC_INTERPRETATION,MONITORING;HOME_OR_CONSUMER;DIAGNOSTIC_INTERPRETATION,CODED,false,NONE
K955841:action,K955841,action,INTERPRETATION_OR_DIAGNOSIS;WORKFLOW_OR_DOCUMENTATION,INTERPRETATION_OR_DIAGNOSIS;WORKFLOW_OR_DOCUMENTATION,CODED,false,NONE
K955841:component_status,K955841,component_status,SINGLE,SINGLE,CODED,false,NONE
P000041:input,P000041,input,MEDICAL_IMAGE,MEDICAL_IMAGE,CODED,false,NONE
P000041:output,P000041,output,DETECTION_OR_ALERT;SEGMENTATION_OR_LOCALIZATION,DETECTION_OR_ALERT;SEGMENTATION_OR_LOCALIZATION,CODED,false,NONE
P000041:user,P000041,user,RADIOLOGIST;TECHNOLOGIST_OR_OPERATOR,RADIOLOGIST;TECHNOLOGIST_OR_OPERATOR,CODED,false,NONE
P000041:setting,P000041,setting,DIAGNOSTIC_INTERPRETATION,DIAGNOSTIC_INTERPRETATION,CODED,false,NONE
P000041:action,P000041,action,INTERPRETATION_OR_DIAGNOSIS;REFERRAL_OR_ESCALATION,INTERPRETATION_OR_DIAGNOSIS;REFERRAL_OR_ESCALATION,CODED,false,NONE
P000041:component_status,P000041,component_status,SINGLE,SINGLE,CODED,false,NONE
P010034:input,P010034,input,MEDICAL_IMAGE,MEDICAL_IMAGE,CODED,false,NONE
P010034:output,P010034,output,DETECTION_OR_ALERT;SEGMENTATION_OR_LOCALIZATION,DETECTION_OR_ALERT;SEGMENTATION_OR_LOCALIZATION,CODED,false,NONE
P010034:user,P010034,user,RADIOLOGIST,RADIOLOGIST,CODED,false,NONE
P010034:setting,P010034,setting,SCREENING,SCREENING,CODED,false,NONE
P010034:action,P010034,action,INTERPRETATION_OR_DIAGNOSIS,INTERPRETATION_OR_DIAGNOSIS,CODED,false,NONE
P010034:component_status,P010034,component_status,SINGLE,SINGLE,CODED,false,NONE
P040028:input,P040028,input,MULTIMODAL,MULTIMODAL,CODED,false,NONE
P040028:output,P040028,output,SEGMENTATION_OR_LOCALIZATION;RISK_SCORE_OR_PREDICTION,SEGMENTATION_OR_LOCALIZATION;RISK_SCORE_OR_PREDICTION,CODED,false,NONE
P040028:user,P040028,user,OTHER_CLINICIAN,OTHER_CLINICIAN,CODED,false,NONE
P040028:setting,P040028,setting,PROCEDURAL_OR_OPERATING_ROOM,PROCEDURAL_OR_OPERATING_ROOM,CODED,false,NONE
P040028:action,P040028,action,TREATMENT_OR_PROCEDURE_PLANNING,TREATMENT_OR_PROCEDURE_PLANNING,CODED,false,NONE
P040028:component_status,P040028,component_status,SINGLE,SINGLE,CODED,false,NONE
P090012:input,P090012,input,MEDICAL_IMAGE,MEDICAL_IMAGE,CODED,false,NONE
P090012:output,P090012,output,CLASSIFICATION_OR_DIAGNOSIS,CLASSIFICATION_OR_DIAGNOSIS,CODED,false,NONE
P090012:user,P090012,user,OTHER_PHYSICIAN,OTHER_PHYSICIAN,CODED,false,NONE
P090012:setting,P090012,setting,DIAGNOSTIC_INTERPRETATION,DIAGNOSTIC_INTERPRETATION,CODED,false,NONE
P090012:action,P090012,action,REFERRAL_OR_ESCALATION;INTERPRETATION_OR_DIAGNOSIS,REFERRAL_OR_ESCALATION;INTERPRETATION_OR_DIAGNOSIS,CODED,false,NONE
P090012:component_status,P090012,component_status,SINGLE,SINGLE,CODED,false,NONE
P110014:input,P110014,input,LAB_SPECIMEN_OR_OMICS;OTHER,LAB_SPECIMEN_OR_OMICS;OTHER,CODED,false,NONE
P110014:output,P110014,output,CLASSIFICATION_OR_DIAGNOSIS,CLASSIFICATION_OR_DIAGNOSIS,CODED,false,NONE
P110014:user,P110014,user,OTHER_PHYSICIAN,OTHER_PHYSICIAN,CODED,false,NONE
P110014:setting,P110014,setting,PROCEDURAL_OR_OPERATING_ROOM,PROCEDURAL_OR_OPERATING_ROOM,CODED,false,NONE
P110014:action,P110014,action,TREATMENT_OR_PROCEDURE_PLANNING;INTERPRETATION_OR_DIAGNOSIS,TREATMENT_OR_PROCEDURE_PLANNING;INTERPRETATION_OR_DIAGNOSIS,CODED,false,NONE
P110014:component_status,P110014,component_status,SINGLE,SINGLE,CODED,false,NONE
P130020/S005:input,P130020/S005,input,MEDICAL_IMAGE,MEDICAL_IMAGE,CODED,false,NONE
P130020/S005:output,P130020/S005,output,RECONSTRUCTION_OR_ENHANCEMENT,RECONSTRUCTION_OR_ENHANCEMENT,CODED,false,NONE
P130020/S005:user,P130020/S005,user,NOT_STATED,NOT_STATED,NOT_STATED,true,FIELD_NOT_STATED
P130020/S005:setting,P130020/S005,setting,NOT_STATED,NOT_STATED,NOT_STATED,true,FIELD_NOT_STATED
P130020/S005:action,P130020/S005,action,NOT_STATED,NOT_STATED,NOT_STATED,true,FIELD_NOT_STATED
P130020/S005:component_status,P130020/S005,component_status,SINGLE,SINGLE,CODED,false,NONE
P140011/S008:input,P140011/S008,input,MEDICAL_IMAGE,MEDICAL_IMAGE,CODED,false,NONE
P140011/S008:output,P140011/S008,output,RECONSTRUCTION_OR_ENHANCEMENT,RECONSTRUCTION_OR_ENHANCEMENT,CODED,false,NONE
P140011/S008:user,P140011/S008,user,NOT_STATED,NOT_STATED,NOT_STATED,true,FIELD_NOT_STATED
P140011/S008:setting,P140011/S008,setting,NOT_STATED,NOT_STATED,NOT_STATED,true,FIELD_NOT_STATED
P140011/S008:action,P140011/S008,action,NOT_STATED,NOT_STATED,NOT_STATED,true,FIELD_NOT_STATED
P140011/S008:component_status,P140011/S008,component_status,SINGLE,SINGLE,CODED,false,NONE
P150043:input,P150043,input,MEDICAL_IMAGE,MEDICAL_IMAGE,CODED,false,NONE
P150043:output,P150043,output,DETECTION_OR_ALERT;SEGMENTATION_OR_LOCALIZATION;RECONSTRUCTION_OR_ENHANCEMENT,DETECTION_OR_ALERT;SEGMENTATION_OR_LOCALIZATION;RECONSTRUCTION_OR_ENHANCEMENT,CODED,false,NONE
P150043:user,P150043,user,OTHER_PHYSICIAN;TECHNOLOGIST_OR_OPERATOR,OTHER_PHYSICIAN;TECHNOLOGIST_OR_OPERATOR,CODED,false,NONE
P150043:setting,P150043,setting,SCREENING,SCREENING,CODED,false,NONE
P150043:action,P150043,action,INTERPRETATION_OR_DIAGNOSIS;WORKFLOW_OR_DOCUMENTATION,INTERPRETATION_OR_DIAGNOSIS;WORKFLOW_OR_DOCUMENTATION,CODED,false,NONE
P150043:component_status,P150043,component_status,SINGLE,SINGLE,CODED,false,NONE
P150046:input,P150046,input,PHYSIOLOGICAL_SIGNAL,PHYSIOLOGICAL_SIGNAL,CODED,false,NONE
P150046:output,P150046,output,CLASSIFICATION_OR_DIAGNOSIS;MEASUREMENT_OR_QUANTIFICATION,CLASSIFICATION_OR_DIAGNOSIS;MEASUREMENT_OR_QUANTIFICATION,CODED,false,NONE
P150046:user,P150046,user,OTHER_PHYSICIAN;TECHNOLOGIST_OR_OPERATOR,OTHER_PHYSICIAN;TECHNOLOGIST_OR_OPERATOR,CODED,false,NONE
P150046:setting,P150046,setting,DIAGNOSTIC_INTERPRETATION,DIAGNOSTIC_INTERPRETATION,CODED,false,NONE
P150046:action,P150046,action,INTERPRETATION_OR_DIAGNOSIS;REFERRAL_OR_ESCALATION,INTERPRETATION_OR_DIAGNOSIS;REFERRAL_OR_ESCALATION,CODED,false,NONE
P150046:component_status,P150046,component_status,SINGLE,SINGLE,CODED,false,NONE
P160009:input,P160009,input,MEDICAL_IMAGE,MEDICAL_IMAGE,CODED,false,NONE
P160009:output,P160009,output,DETECTION_OR_ALERT;RECONSTRUCTION_OR_ENHANCEMENT;DOCUMENTATION_OR_SUMMARY,DETECTION_OR_ALERT;RECONSTRUCTION_OR_ENHANCEMENT;DOCUMENTATION_OR_SUMMARY,CODED,false,NONE
P160009:user,P160009,user,RADIOLOGIST,RADIOLOGIST,CODED,false,NONE
P160009:setting,P160009,setting,DIAGNOSTIC_INTERPRETATION,DIAGNOSTIC_INTERPRETATION,CODED,false,NONE
P160009:action,P160009,action,INTERPRETATION_OR_DIAGNOSIS;WORKFLOW_OR_DOCUMENTATION,INTERPRETATION_OR_DIAGNOSIS;WORKFLOW_OR_DOCUMENTATION,CODED,false,NONE
P160009:component_status,P160009,component_status,SINGLE,SINGLE,CODED,false,NONE
P200003:input,P200003,input,CLINICAL_TABULAR_OR_TEXT,CLINICAL_TABULAR_OR_TEXT,CODED,false,NONE
P200003:output,P200003,output,RISK_SCORE_OR_PREDICTION,RISK_SCORE_OR_PREDICTION,CODED,false,NONE
P200003:user,P200003,user,RADIOLOGIST,RADIOLOGIST,CODED,false,NONE
P200003:setting,P200003,setting,DIAGNOSTIC_INTERPRETATION,DIAGNOSTIC_INTERPRETATION,CODED,false,NONE
P200003:action,P200003,action,INTERPRETATION_OR_DIAGNOSIS,INTERPRETATION_OR_DIAGNOSIS,CODED,false,NONE
P200003:component_status,P200003,component_status,SINGLE,SINGLE,CODED,false,NONE
P210011:input,P210011,input,LAB_SPECIMEN_OR_OMICS,LAB_SPECIMEN_OR_OMICS,CODED,false,NONE
P210011:output,P210011,output,CLASSIFICATION_OR_DIAGNOSIS;DOCUMENTATION_OR_SUMMARY,CLASSIFICATION_OR_DIAGNOSIS;DOCUMENTATION_OR_SUMMARY,CODED,false,NONE
P210011:user,P210011,user,LABORATORY_PROFESSIONAL;OTHER_CLINICIAN,LABORATORY_PROFESSIONAL;OTHER_CLINICIAN,CODED,false,NONE
P210011:setting,P210011,setting,LABORATORY,LABORATORY,CODED,false,NONE
P210011:action,P210011,action,INTERPRETATION_OR_DIAGNOSIS;REFERRAL_OR_ESCALATION,INTERPRETATION_OR_DIAGNOSIS;REFERRAL_OR_ESCALATION,CODED,false,NONE
P210011:component_status,P210011,component_status,SINGLE,SINGLE,CODED,false,NONE
P210015:input,P210015,input,PHYSIOLOGICAL_SIGNAL,PHYSIOLOGICAL_SIGNAL,CODED,false,NONE
P210015:output,P210015,output,CLASSIFICATION_OR_DIAGNOSIS;CONTROL_OR_AUTOMATION;RECOMMENDATION_OR_PLANNING,CLASSIFICATION_OR_DIAGNOSIS;CONTROL_OR_AUTOMATION;RECOMMENDATION_OR_PLANNING,CODED,false,NONE
P210015:user,P210015,user,OTHER,OTHER,CODED,false,NONE
P210015:setting,P210015,setting,ACUTE_TRIAGE_OR_EMERGENCY,ACUTE_TRIAGE_OR_EMERGENCY,CODED,false,NONE
P210015:action,P210015,action,THERAPY_DOSE_OR_DEVICE_CONTROL;TREATMENT_OR_PROCEDURE_PLANNING,THERAPY_DOSE_OR_DEVICE_CONTROL;TREATMENT_OR_PROCEDURE_PLANNING,CODED,false,NONE
P210015:component_status,P210015,component_status,SINGLE,SINGLE,CODED,false,NONE
P230022:input,P230022,input,PHYSIOLOGICAL_SIGNAL,PHYSIOLOGICAL_SIGNAL,CODED,false,NONE
P230022:output,P230022,output,CLASSIFICATION_OR_DIAGNOSIS;DETECTION_OR_ALERT;CONTROL_OR_AUTOMATION,CLASSIFICATION_OR_DIAGNOSIS;DETECTION_OR_ALERT;CONTROL_OR_AUTOMATION,CODED,false,NONE
P230022:user,P230022,user,PATIENT_OR_CAREGIVER,PATIENT_OR_CAREGIVER,CODED,false,NONE
P230022:setting,P230022,setting,HOME_OR_CONSUMER;MONITORING,HOME_OR_CONSUMER;MONITORING,CODED,false,NONE
P230022:action,P230022,action,THERAPY_DOSE_OR_DEVICE_CONTROL,THERAPY_DOSE_OR_DEVICE_CONTROL,CODED,false,NONE
P230022:component_status,P230022,component_status,SINGLE,SINGLE,CODED,false,NONE
P250008:input,P250008,input,MEDICAL_IMAGE,MEDICAL_IMAGE,CODED,false,NONE
P250008:output,P250008,output,DETECTION_OR_ALERT;SEGMENTATION_OR_LOCALIZATION,DETECTION_OR_ALERT;SEGMENTATION_OR_LOCALIZATION,CODED,false,NONE
P250008:user,P250008,user,OTHER_PHYSICIAN,OTHER_PHYSICIAN,CODED,false,NONE
P250008:setting,P250008,setting,PROCEDURAL_OR_OPERATING_ROOM,PROCEDURAL_OR_OPERATING_ROOM,CODED,false,NONE
P250008:action,P250008,action,INTERPRETATION_OR_DIAGNOSIS;TREATMENT_OR_PROCEDURE_PLANNING,INTERPRETATION_OR_DIAGNOSIS;TREATMENT_OR_PROCEDURE_PLANNING,CODED,false,NONE
P250008:component_status,P250008,component_status,SINGLE,SINGLE,CODED,false,NONE
P940029:input,P940029,input,NOT_ASSESSABLE,NOT_ASSESSABLE,NOT_ASSESSABLE,true,AI_ATTRIBUTION_BARRIER
P940029:output,P940029,output,NOT_ASSESSABLE,NOT_ASSESSABLE,NOT_ASSESSABLE,true,AI_ATTRIBUTION_BARRIER
P940029:user,P940029,user,NOT_ASSESSABLE,NOT_ASSESSABLE,NOT_ASSESSABLE,true,AI_ATTRIBUTION_BARRIER
P940029:setting,P940029,setting,NOT_ASSESSABLE,NOT_ASSESSABLE,NOT_ASSESSABLE,true,AI_ATTRIBUTION_BARRIER
P940029:action,P940029,action,NOT_ASSESSABLE,NOT_ASSESSABLE,NOT_ASSESSABLE,true,AI_ATTRIBUTION_BARRIER
P940029:component_status,P940029,component_status,UNCERTAIN,UNCERTAIN,UNCERTAIN,true,AI_ATTRIBUTION_BARRIER
P950009:input,P950009,input,NOT_ASSESSABLE,NOT_ASSESSABLE,NOT_ASSESSABLE,true,SOURCE_INSUFFICIENT
P950009:output,P950009,output,NOT_ASSESSABLE,NOT_ASSESSABLE,NOT_ASSESSABLE,true,SOURCE_INSUFFICIENT
P950009:user,P950009,user,NOT_ASSESSABLE,NOT_ASSESSABLE,NOT_ASSESSABLE,true,SOURCE_INSUFFICIENT
P950009:setting,P950009,setting,NOT_ASSESSABLE,NOT_ASSESSABLE,NOT_ASSESSABLE,true,SOURCE_INSUFFICIENT
P950009:action,P950009,action,NOT_ASSESSABLE,NOT_ASSESSABLE,NOT_ASSESSABLE,true,SOURCE_INSUFFICIENT
P950009:component_status,P950009,component_status,UNCERTAIN,UNCERTAIN,UNCERTAIN,true,SOURCE_INSUFFICIENT
P970058:input,P970058,input,MEDICAL_IMAGE,MEDICAL_IMAGE,CODED,false,NONE
P970058:output,P970058,output,DETECTION_OR_ALERT;SEGMENTATION_OR_LOCALIZATION,DETECTION_OR_ALERT;SEGMENTATION_OR_LOCALIZATION,CODED,false,NONE
P970058:user,P970058,user,RADIOLOGIST,RADIOLOGIST,CODED,false,NONE
P970058:setting,P970058,setting,SCREENING,SCREENING,CODED,false,NONE
P970058:action,P970058,action,INTERPRETATION_OR_DIAGNOSIS,INTERPRETATION_OR_DIAGNOSIS,CODED,false,NONE
P970058:component_status,P970058,component_status,SINGLE,SINGLE,CODED,false,NONE
P980025:input,P980025,input,MEDICAL_IMAGE,MEDICAL_IMAGE,CODED,false,NONE
P980025:output,P980025,output,CLASSIFICATION_OR_DIAGNOSIS,CLASSIFICATION_OR_DIAGNOSIS,CODED,false,NONE
P980025:user,P980025,user,NOT_STATED,NOT_STATED,NOT_STATED,true,FIELD_NOT_STATED
P980025:setting,P980025,setting,DIAGNOSTIC_INTERPRETATION,DIAGNOSTIC_INTERPRETATION,CODED,false,NONE
P980025:action,P980025,action,INTERPRETATION_OR_DIAGNOSIS,INTERPRETATION_OR_DIAGNOSIS,CODED,false,NONE
P980025:component_status,P980025,component_status,SINGLE,SINGLE,CODED,false,NONE
