annotation_id,field,codes,other_note_en,other_note_status,note_original_language,note_processing,note_original_sha256,retained_field_record_number,retained_input_sha256,retained_source_column
DEN170022:output,output,MEASUREMENT_OR_QUANTIFICATION;OTHER,,MULTILABEL_OTHER_ATTRIBUTION_NOT_ISOLATED,,NO_OTHER_SPECIFIC_NOTE_ADDED,,2162,89154f7f437bca8cdeffc5782db7209afb2d8fa7cc79b98cb29c9137e8840ac8,decision_reason
DEN170043:setting,setting,MONITORING;OTHER,,MULTILABEL_OTHER_ATTRIBUTION_NOT_ISOLATED,,NO_OTHER_SPECIFIC_NOTE_ADDED,,1042,89154f7f437bca8cdeffc5782db7209afb2d8fa7cc79b98cb29c9137e8840ac8,decision_reason
DEN190040:output,output,RECOMMENDATION_OR_PLANNING;CONTROL_OR_AUTOMATION;OTHER,,MULTILABEL_OTHER_ATTRIBUTION_NOT_ISOLATED,,NO_OTHER_SPECIFIC_NOTE_ADDED,,2180,89154f7f437bca8cdeffc5782db7209afb2d8fa7cc79b98cb29c9137e8840ac8,decision_reason
DEN190040:setting,setting,OTHER,2D transthoracic echocardiographic acquisition; no hospital/bedside location inferred.,SINGLE_OTHER_EXISTING_FIELD_REASON,en_or_latin,RETAINED_ENGLISH_OR_LATIN_TEXT,b506d3bea72286e80a5e756fbe319ff2d8d8792145d742231dc7af5eef93a75e,2182,89154f7f437bca8cdeffc5782db7209afb2d8fa7cc79b98cb29c9137e8840ac8,decision_reason
DEN200011:setting,setting,HOME_OR_CONSUMER;OTHER;MONITORING,,MULTILABEL_OTHER_ATTRIBUTION_NOT_ISOLATED,,NO_OTHER_SPECIFIC_NOTE_ADDED,,4,89154f7f437bca8cdeffc5782db7209afb2d8fa7cc79b98cb29c9137e8840ac8,decision_reason
DEN200019:setting,setting,MONITORING;OTHER,,MULTILABEL_OTHER_ATTRIBUTION_NOT_ISOLATED,,NO_OTHER_SPECIFIC_NOTE_ADDED,,166,89154f7f437bca8cdeffc5782db7209afb2d8fa7cc79b98cb29c9137e8840ac8,decision_reason
DEN200030:input,input,OTHER,Direct simulation inputs: implant finite-element model and patient-specific anatomical model; raw source-image modality not assumed.,SINGLE_OTHER_EXISTING_FIELD_REASON,en_or_latin,RETAINED_ENGLISH_OR_LATIN_TEXT,1999d893e18cac3819d86e6774969a275cbf744cebd026bdb4ca85ac28addbe8,175,89154f7f437bca8cdeffc5782db7209afb2d8fa7cc79b98cb29c9137e8840ac8,decision_reason
DEN200030:output,output,OTHER,Patient-specific implant/tissue-interaction simulation and predicted implant geometry; not a clinical risk score or an automatic selected implant size.,SINGLE_OTHER_EXISTING_FIELD_REASON,en_or_latin,RETAINED_ENGLISH_OR_LATIN_TEXT,b5ba60e11e6c7a5ab257e0611974a71214a003d3f3ef00ed138c309996cfe5ae,176,89154f7f437bca8cdeffc5782db7209afb2d8fa7cc79b98cb29c9137e8840ac8,decision_reason
DEN200038:input,input,OTHER,Optical reflected-light/motion-vibration pattern sequence; not assumed ordinary video or ECG input.,SINGLE_OTHER_EXISTING_FIELD_REASON,en_or_latin,RETAINED_ENGLISH_OR_LATIN_TEXT,ecb5975f37622bea11abd42136c72ce9311838b601f254b2ff7da05ae13682e6,181,89154f7f437bca8cdeffc5782db7209afb2d8fa7cc79b98cb29c9137e8840ac8,decision_reason
DEN200038:setting,setting,OUTPATIENT;MONITORING;OTHER,,MULTILABEL_OTHER_ATTRIBUTION_NOT_ISOLATED,,NO_OTHER_SPECIFIC_NOTE_ADDED,,184,89154f7f437bca8cdeffc5782db7209afb2d8fa7cc79b98cb29c9137e8840ac8,decision_reason
DEN200052:setting,setting,LABORATORY;OTHER,,MULTILABEL_OTHER_ATTRIBUTION_NOT_ISOLATED,,NO_OTHER_SPECIFIC_NOTE_ADDED,,1048,89154f7f437bca8cdeffc5782db7209afb2d8fa7cc79b98cb29c9137e8840ac8,decision_reason
DEN220040:setting,setting,DIAGNOSTIC_INTERPRETATION;OTHER,,MULTILABEL_OTHER_ATTRIBUTION_NOT_ISOLATED,,NO_OTHER_SPECIFIC_NOTE_ADDED,,2188,89154f7f437bca8cdeffc5782db7209afb2d8fa7cc79b98cb29c9137e8840ac8,decision_reason
DEN220066:setting,setting,OTHER,Prognostic neurological assessment; physical location not stated.,SINGLE_OTHER_EXISTING_FIELD_REASON,en_or_latin,RETAINED_ENGLISH_OR_LATIN_TEXT,97d5bb599891c087515c7e8aee7f2f9a65f3281df73a0889712ca30fe2ab6dd3,1582,89154f7f437bca8cdeffc5782db7209afb2d8fa7cc79b98cb29c9137e8840ac8,decision_reason
DEN230003:setting,setting,OTHER,"Routine ECG clinical assessment, not emergency triage or explicitly named physical site.",SINGLE_OTHER_EXISTING_FIELD_REASON,en_or_latin,RETAINED_ENGLISH_OR_LATIN_TEXT,7cb61ae2201c85eea5e6562ec8639b75a0f364b7a8a5ad95e5432f1cbaf9f432,190,89154f7f437bca8cdeffc5782db7209afb2d8fa7cc79b98cb29c9137e8840ac8,decision_reason
DEN230008:input,input,OTHER,OPTICAL_SPECTRUM,SINGLE_OTHER_EXISTING_FIELD_REASON,en_or_latin,RETAINED_ENGLISH_OR_LATIN_TEXT,ca903f5ffd04219997d028fbf1507c3c6158ef13109c9ebc4b8f07948fc72db9,1339,89154f7f437bca8cdeffc5782db7209afb2d8fa7cc79b98cb29c9137e8840ac8,decision_reason
DEN230008:setting,setting,DIAGNOSTIC_INTERPRETATION;OTHER,,MULTILABEL_OTHER_ATTRIBUTION_NOT_ISOLATED,,NO_OTHER_SPECIFIC_NOTE_ADDED,,1342,89154f7f437bca8cdeffc5782db7209afb2d8fa7cc79b98cb29c9137e8840ac8,decision_reason
DEN230035:input,input,MEDICAL_IMAGE;OTHER,,MULTILABEL_OTHER_ATTRIBUTION_NOT_ISOLATED,,NO_OTHER_SPECIFIC_NOTE_ADDED,,1129,89154f7f437bca8cdeffc5782db7209afb2d8fa7cc79b98cb29c9137e8840ac8,decision_reason
DEN230035:setting,setting,HOME_OR_CONSUMER;MONITORING;OTHER,,MULTILABEL_OTHER_ATTRIBUTION_NOT_ISOLATED,,NO_OTHER_SPECIFIC_NOTE_ADDED,,1132,89154f7f437bca8cdeffc5782db7209afb2d8fa7cc79b98cb29c9137e8840ac8,decision_reason
DEN240047:action,action,OTHER,HCP overall-risk assessment and screening/preventive-care recommendations; device does not itself recommend care or diagnose existing cancer.,SINGLE_OTHER_EXISTING_FIELD_REASON,en_or_latin,RETAINED_ENGLISH_OR_LATIN_TEXT,9eea75a11a02836724310b284fb718706643b008193878c54657dfa8a6b0fd9c,2207,89154f7f437bca8cdeffc5782db7209afb2d8fa7cc79b98cb29c9137e8840ac8,decision_reason
DEN240047:setting,setting,SCREENING;OTHER,,MULTILABEL_OTHER_ATTRIBUTION_NOT_ISOLATED,,NO_OTHER_SPECIFIC_NOTE_ADDED,,2206,89154f7f437bca8cdeffc5782db7209afb2d8fa7cc79b98cb29c9137e8840ac8,decision_reason
DEN240068:setting,setting,LABORATORY;OTHER,,MULTILABEL_OTHER_ATTRIBUTION_NOT_ISOLATED,,NO_OTHER_SPECIFIC_NOTE_ADDED,,2122,89154f7f437bca8cdeffc5782db7209afb2d8fa7cc79b98cb29c9137e8840ac8,decision_reason
DEN250007:setting,setting,OTHER,Prenatal adjunct assessment for indicated singleton pregnancy and unreliable EDD; site of use not specified.,SINGLE_OTHER_EXISTING_FIELD_REASON,en_or_latin,RETAINED_ENGLISH_OR_LATIN_TEXT,2f246a9d10dab550c5d0145a24cbc8f3090fa494382fae6d8b581873ee1b1565,2212,89154f7f437bca8cdeffc5782db7209afb2d8fa7cc79b98cb29c9137e8840ac8,decision_reason
DEN250014:setting,setting,HOME_OR_CONSUMER;OTHER,,MULTILABEL_OTHER_ATTRIBUTION_NOT_ISOLATED,,NO_OTHER_SPECIFIC_NOTE_ADDED,,1156,89154f7f437bca8cdeffc5782db7209afb2d8fa7cc79b98cb29c9137e8840ac8,decision_reason
K003301:setting,setting,OTHER,In-vitro peripheral-blood-cell differential/classification context; no literal physical laboratory site asserted.,SINGLE_OTHER_EXISTING_FIELD_REASON,en_or_latin,RETAINED_ENGLISH_OR_LATIN_TEXT,2904a46ff969d645bae22cdcbc48312316569e17d6de0410d5ed414c02812cd7,1390,89154f7f437bca8cdeffc5782db7209afb2d8fa7cc79b98cb29c9137e8840ac8,decision_reason
K033840:setting,setting,OTHER,The hematology laboratory workflow is clear; the physical location is not explicitly stated.,SINGLE_OTHER_EXISTING_FIELD_REASON,zh,AI_ASSISTED_ENGLISH_TRANSLATION,841a0dcbb67e8c96869549836c42deb23c0745441676c4df1f2421a00d5686c1,1396,89154f7f437bca8cdeffc5782db7209afb2d8fa7cc79b98cb29c9137e8840ac8,decision_reason
K081140:setting,setting,MONITORING;OTHER,,MULTILABEL_OTHER_ATTRIBUTION_NOT_ISOLATED,,NO_OTHER_SPECIFIC_NOTE_ADDED,,196,89154f7f437bca8cdeffc5782db7209afb2d8fa7cc79b98cb29c9137e8840ac8,decision_reason
K082483:action,action,OTHER,Adjunct breast-composition assessment only; do not label this diagnostic interpretation contrary to IFU.,SINGLE_OTHER_EXISTING_FIELD_REASON,en_or_latin,RETAINED_ENGLISH_OR_LATIN_TEXT,66e2bf815bf8886e1a9280b9e5edfd7c77e5684dbd77b0b3b63658d6a8863ed0,2225,89154f7f437bca8cdeffc5782db7209afb2d8fa7cc79b98cb29c9137e8840ac8,decision_reason
K082483:setting,setting,OTHER,Mammographic tissue-composition assessment; screening/diagnostic indication or physical site not inferred.,SINGLE_OTHER_EXISTING_FIELD_REASON,en_or_latin,RETAINED_ENGLISH_OR_LATIN_TEXT,fa2f8079af40bada096c17a82b987b0fbccfc41773b792bc3f74325ddfb7e3fa,2224,89154f7f437bca8cdeffc5782db7209afb2d8fa7cc79b98cb29c9137e8840ac8,decision_reason
K092116:setting,setting,OTHER,Professional peripheral-blood in-vitro differential context; physical laboratory site not inferred.,SINGLE_OTHER_EXISTING_FIELD_REASON,en_or_latin,RETAINED_ENGLISH_OR_LATIN_TEXT,2bc109e92c1cce8dbd677cc12b9ce469cc3cfacad02a4d47a79704555c55915a,1408,89154f7f437bca8cdeffc5782db7209afb2d8fa7cc79b98cb29c9137e8840ac8,decision_reason
K102778:setting,setting,OTHER,Body-fluid in-vitro differential interpretation context; physical site not specified.,SINGLE_OTHER_EXISTING_FIELD_REASON,en_or_latin,RETAINED_ENGLISH_OR_LATIN_TEXT,5ff2ace6ba09a3ce1670f0d4c75b802962f669f17bd0fc456af0dc62378cc848,1414,89154f7f437bca8cdeffc5782db7209afb2d8fa7cc79b98cb29c9137e8840ac8,decision_reason
K120489:setting,setting,DIAGNOSTIC_INTERPRETATION;OTHER,,MULTILABEL_OTHER_ATTRIBUTION_NOT_ISOLATED,,NO_OTHER_SPECIFIC_NOTE_ADDED,,1114,89154f7f437bca8cdeffc5782db7209afb2d8fa7cc79b98cb29c9137e8840ac8,decision_reason
K121617:setting,setting,DIAGNOSTIC_INTERPRETATION;OTHER,,MULTILABEL_OTHER_ATTRIBUTION_NOT_ISOLATED,,NO_OTHER_SPECIFIC_NOTE_ADDED,,202,89154f7f437bca8cdeffc5782db7209afb2d8fa7cc79b98cb29c9137e8840ac8,decision_reason
K130831:setting,setting,OTHER,In-vitro clinical microbiological identification of cultured Gram-negative colonies; care-facility placement is not specified.,SINGLE_OTHER_EXISTING_FIELD_REASON,en_or_latin,RETAINED_ENGLISH_OR_LATIN_TEXT,7fba859d1636e1902076814fb10453aecce2d957ea72336d790146e71953e53c,1528,89154f7f437bca8cdeffc5782db7209afb2d8fa7cc79b98cb29c9137e8840ac8,decision_reason
K131044:setting,setting,DIAGNOSTIC_INTERPRETATION;OTHER,,MULTILABEL_OTHER_ATTRIBUTION_NOT_ISOLATED,,NO_OTHER_SPECIFIC_NOTE_ADDED,,208,89154f7f437bca8cdeffc5782db7209afb2d8fa7cc79b98cb29c9137e8840ac8,decision_reason
K133259:setting,setting,PROCEDURAL_OR_OPERATING_ROOM;ACUTE_TRIAGE_OR_EMERGENCY;OTHER,,MULTILABEL_OTHER_ATTRIBUTION_NOT_ISOLATED,,NO_OTHER_SPECIFIC_NOTE_ADDED,,2248,89154f7f437bca8cdeffc5782db7209afb2d8fa7cc79b98cb29c9137e8840ac8,decision_reason
K142037:action,action,OTHER;WORKFLOW_OR_DOCUMENTATION,,MULTILABEL_OTHER_ATTRIBUTION_NOT_ISOLATED,,NO_OTHER_SPECIFIC_NOTE_ADDED,,2279,89154f7f437bca8cdeffc5782db7209afb2d8fa7cc79b98cb29c9137e8840ac8,decision_reason
K142037:setting,setting,OTHER,Mammographic breast-composition assessment; no screening/diagnostic indication inferred.,SINGLE_OTHER_EXISTING_FIELD_REASON,en_or_latin,RETAINED_ENGLISH_OR_LATIN_TEXT,43866aba15a4875fc7fd83cac63c99b51590c619aa8fc656252a5254973d634d,2278,89154f7f437bca8cdeffc5782db7209afb2d8fa7cc79b98cb29c9137e8840ac8,decision_reason
K142512:setting,setting,HOME_OR_CONSUMER;MONITORING;OTHER,,MULTILABEL_OTHER_ATTRIBUTION_NOT_ISOLATED,,NO_OTHER_SPECIFIC_NOTE_ADDED,,214,89154f7f437bca8cdeffc5782db7209afb2d8fa7cc79b98cb29c9137e8840ac8,decision_reason
K142918:setting,setting,MONITORING;OTHER,,MULTILABEL_OTHER_ATTRIBUTION_NOT_ISOLATED,,NO_OTHER_SPECIFIC_NOTE_ADDED,,28,89154f7f437bca8cdeffc5782db7209afb2d8fa7cc79b98cb29c9137e8840ac8,decision_reason
K143643:setting,setting,DIAGNOSTIC_INTERPRETATION;OTHER,,MULTILABEL_OTHER_ATTRIBUTION_NOT_ISOLATED,,NO_OTHER_SPECIFIC_NOTE_ADDED,,1588,89154f7f437bca8cdeffc5782db7209afb2d8fa7cc79b98cb29c9137e8840ac8,decision_reason
K153427:action,action,OTHER,An MQSA physician makes the final breast density category assessment; explicitly not a diagnostic aid.,SINGLE_OTHER_EXISTING_FIELD_REASON,zh,AI_ASSISTED_ENGLISH_TRANSLATION,f4696d35af2164735bbb97cfe20fdf5d1eef6c48e15a4ab49c10b60f32274231,2291,89154f7f437bca8cdeffc5782db7209afb2d8fa7cc79b98cb29c9137e8840ac8,decision_reason
K160088:action,action,OTHER,"Intraoperatively guides personnel in positioning guidewires, catheters, etc.; not treatment planning in advance or automatic control.",SINGLE_OTHER_EXISTING_FIELD_REASON,zh,AI_ASSISTED_ENGLISH_TRANSLATION,5052436aab81e477e52c4d5d3f841bdf3ed52ffbe73c604347787efb02c2487c,2297,89154f7f437bca8cdeffc5782db7209afb2d8fa7cc79b98cb29c9137e8840ac8,decision_reason
K161068:setting,setting,DIAGNOSTIC_INTERPRETATION;OTHER,,MULTILABEL_OTHER_ATTRIBUTION_NOT_ISOLATED,,NO_OTHER_SPECIFIC_NOTE_ADDED,,1594,89154f7f437bca8cdeffc5782db7209afb2d8fa7cc79b98cb29c9137e8840ac8,decision_reason
K161834:input,input,OTHER,ELECTROCHEMICAL_ASSAY_SIGNAL: reaction current from the test strip; the original device sample is fingertip capillary whole blood.,SINGLE_OTHER_EXISTING_FIELD_REASON,zh,AI_ASSISTED_ENGLISH_TRANSLATION,8f253f8830a56dda514fe1e13a0f16b8e38e456e551e16a8cdb9b8e12c254113,1057,89154f7f437bca8cdeffc5782db7209afb2d8fa7cc79b98cb29c9137e8840ac8,decision_reason
K163339:action,action,OTHER,Assessment of perfusion in healthy/injured skin; no subsequent treatment or prediction of wound healing is specified.,SINGLE_OTHER_EXISTING_FIELD_REASON,zh,AI_ASSISTED_ENGLISH_TRANSLATION,c62645f38ba7ad44510ee7ea36b4bda015ca0b72e43c3f1e0a3a2a6190040301,251,89154f7f437bca8cdeffc5782db7209afb2d8fa7cc79b98cb29c9137e8840ac8,decision_reason
K163339:output,output,MEASUREMENT_OR_QUANTIFICATION;OTHER,,MULTILABEL_OTHER_ATTRIBUTION_NOT_ISOLATED,,NO_OTHER_SPECIFIC_NOTE_ADDED,,248,89154f7f437bca8cdeffc5782db7209afb2d8fa7cc79b98cb29c9137e8840ac8,decision_reason
K163339:setting,setting,OTHER,"Healthcare/hospital facilities; inpatient/outpatient settings are not distinguished, and an intraoperative setting is not explicitly stated.",SINGLE_OTHER_EXISTING_FIELD_REASON,zh,AI_ASSISTED_ENGLISH_TRANSLATION,01e1046f2c8b9509d94bcc634f4e2fddc7a3e36472c16dc15cfcab3ca765355e,250,89154f7f437bca8cdeffc5782db7209afb2d8fa7cc79b98cb29c9137e8840ac8,decision_reason
K163622:action,action,TREATMENT_OR_PROCEDURE_PLANNING;OTHER,"Real-time navigation, not autonomous control.",EXPLICIT_OTHER_ASSIGNMENT_IN_RETAINED_REASON,zh,AI_ASSISTED_ENGLISH_TRANSLATION,8d1f97896ee5c4b17f55eaf1eb3990f33ce0994fc4a77d1c96e1ac45715e7fb8,2363,89154f7f437bca8cdeffc5782db7209afb2d8fa7cc79b98cb29c9137e8840ac8,decision_reason
K163623:action,action,WORKFLOW_OR_DOCUMENTATION;OTHER,,MULTILABEL_OTHER_ATTRIBUTION_NOT_ISOLATED,,NO_OTHER_SPECIFIC_NOTE_ADDED,,2369,89154f7f437bca8cdeffc5782db7209afb2d8fa7cc79b98cb29c9137e8840ac8,decision_reason
K163665:setting,setting,HOME_OR_CONSUMER;OTHER;DIAGNOSTIC_INTERPRETATION,,MULTILABEL_OTHER_ATTRIBUTION_NOT_ISOLATED,,NO_OTHER_SPECIFIC_NOTE_ADDED,,40,89154f7f437bca8cdeffc5782db7209afb2d8fa7cc79b98cb29c9137e8840ac8,decision_reason
K170069:action,action,OTHER,The user assesses vascular pulsatility; treatment decisions are not inferred.,SINGLE_OTHER_EXISTING_FIELD_REASON,zh,AI_ASSISTED_ENGLISH_TRANSLATION,4d6e85b6027a31ff499787cf2e3c2a5e992dfcea24d18939a00fbdb56a9f7cbf,2375,89154f7f437bca8cdeffc5782db7209afb2d8fa7cc79b98cb29c9137e8840ac8,decision_reason
K170069:output,output,CLASSIFICATION_OR_DIAGNOSIS;MEASUREMENT_OR_QUANTIFICATION;OTHER,,MULTILABEL_OTHER_ATTRIBUTION_NOT_ISOLATED,,NO_OTHER_SPECIFIC_NOTE_ADDED,,2372,89154f7f437bca8cdeffc5782db7209afb2d8fa7cc79b98cb29c9137e8840ac8,decision_reason
K170250:action,action,TREATMENT_OR_PROCEDURE_PLANNING;OTHER,,MULTILABEL_OTHER_ATTRIBUTION_NOT_ISOLATED,,NO_OTHER_SPECIFIC_NOTE_ADDED,,2387,89154f7f437bca8cdeffc5782db7209afb2d8fa7cc79b98cb29c9137e8840ac8,decision_reason
K170250:setting,setting,PROCEDURAL_OR_OPERATING_ROOM;OTHER,,MULTILABEL_OTHER_ATTRIBUTION_NOT_ISOLATED,,NO_OTHER_SPECIFIC_NOTE_ADDED,,2386,89154f7f437bca8cdeffc5782db7209afb2d8fa7cc79b98cb29c9137e8840ac8,decision_reason
K170540:action,action,OTHER;WORKFLOW_OR_DOCUMENTATION,,MULTILABEL_OTHER_ATTRIBUTION_NOT_ISOLATED,,NO_OTHER_SPECIFIC_NOTE_ADDED,,2393,89154f7f437bca8cdeffc5782db7209afb2d8fa7cc79b98cb29c9137e8840ac8,decision_reason
K170747:action,action,OTHER,"Fusion images support manual device positioning / real-time guidance, not automatic device control.",SINGLE_OTHER_EXISTING_FIELD_REASON,zh,AI_ASSISTED_ENGLISH_TRANSLATION,59040e61905c52b645dc3f138830b398029b2f8d43755e2b7f1ac73836097830,2399,89154f7f437bca8cdeffc5782db7209afb2d8fa7cc79b98cb29c9137e8840ac8,decision_reason
K170981:setting,setting,DIAGNOSTIC_INTERPRETATION;OTHER,,MULTILABEL_OTHER_ATTRIBUTION_NOT_ISOLATED,,NO_OTHER_SPECIFIC_NOTE_ADDED,,2404,89154f7f437bca8cdeffc5782db7209afb2d8fa7cc79b98cb29c9137e8840ac8,decision_reason
K170981:user,user,RADIOLOGIST;OTHER_PHYSICIAN;OTHER_CLINICIAN;OTHER,,MULTILABEL_OTHER_ATTRIBUTION_NOT_ISOLATED,,NO_OTHER_SPECIFIC_NOTE_ADDED,,2403,89154f7f437bca8cdeffc5782db7209afb2d8fa7cc79b98cb29c9137e8840ac8,decision_reason
K171328:action,action,OTHER,The user reviews segmentation/quantification; specific diagnostic/treatment decisions are not explicitly stated.,SINGLE_OTHER_EXISTING_FIELD_REASON,zh,AI_ASSISTED_ENGLISH_TRANSLATION,07aa486a15ad24da3c422efcedf2d430f0810fb9cbe1432581cf89d84ba14daf,2411,89154f7f437bca8cdeffc5782db7209afb2d8fa7cc79b98cb29c9137e8840ac8,decision_reason
K171328:setting,setting,OTHER,An office-like environment with a computer; not automatically classified as outpatient/inpatient.,SINGLE_OTHER_EXISTING_FIELD_REASON,zh,AI_ASSISTED_ENGLISH_TRANSLATION,bb9304355468aac1fe994eb612ae4556cc0dd608ecc74ea018691cfc1650e10e,2410,89154f7f437bca8cdeffc5782db7209afb2d8fa7cc79b98cb29c9137e8840ac8,decision_reason
K171936:setting,setting,MONITORING;OTHER,,MULTILABEL_OTHER_ATTRIBUTION_NOT_ISOLATED,,NO_OTHER_SPECIFIC_NOTE_ADDED,,274,89154f7f437bca8cdeffc5782db7209afb2d8fa7cc79b98cb29c9137e8840ac8,decision_reason
K172356:action,action,OTHER,Noninvasive measurement of bladder urine volume; subsequent actions such as catheterization are not stated.,SINGLE_OTHER_EXISTING_FIELD_REASON,zh,AI_ASSISTED_ENGLISH_TRANSLATION,5c9ab98cf0da22ff759728e9bf79633b31be55d1c610fad41cfe8aa1584e0a17,2417,89154f7f437bca8cdeffc5782db7209afb2d8fa7cc79b98cb29c9137e8840ac8,decision_reason
K172983:action,action,INTERPRETATION_OR_DIAGNOSIS;OTHER,,MULTILABEL_OTHER_ATTRIBUTION_NOT_ISOLATED,,NO_OTHER_SPECIFIC_NOTE_ADDED,,2435,89154f7f437bca8cdeffc5782db7209afb2d8fa7cc79b98cb29c9137e8840ac8,decision_reason
K173420:setting,setting,PROCEDURAL_OR_OPERATING_ROOM;OTHER,,MULTILABEL_OTHER_ATTRIBUTION_NOT_ISOLATED,,NO_OTHER_SPECIFIC_NOTE_ADDED,,2440,89154f7f437bca8cdeffc5782db7209afb2d8fa7cc79b98cb29c9137e8840ac8,decision_reason
K173420:user,user,OTHER_PHYSICIAN;OTHER,,MULTILABEL_OTHER_ATTRIBUTION_NOT_ISOLATED,,NO_OTHER_SPECIFIC_NOTE_ADDED,,2439,89154f7f437bca8cdeffc5782db7209afb2d8fa7cc79b98cb29c9137e8840ac8,decision_reason
K173444:action,action,OTHER,Personnel evaluate the ROI and its quantitative changes; treatment selection/radiotherapy planning is not inferred.,SINGLE_OTHER_EXISTING_FIELD_REASON,zh,AI_ASSISTED_ENGLISH_TRANSLATION,de7e875ed0ec2e976168af952c3c68db67e49624f7d5d8b2e5776180efb4e8ab,2447,89154f7f437bca8cdeffc5782db7209afb2d8fa7cc79b98cb29c9137e8840ac8,decision_reason
K173444:setting,setting,OTHER,A medical imaging evaluation context; the specific diagnostic/monitoring location is not stated.,SINGLE_OTHER_EXISTING_FIELD_REASON,zh,AI_ASSISTED_ENGLISH_TRANSLATION,54d06aad1cc03c534110c26ca1ce0b7e1c5a884e59083e437418a3a13d9df29c,2446,89154f7f437bca8cdeffc5782db7209afb2d8fa7cc79b98cb29c9137e8840ac8,decision_reason
K173444:user,user,RADIOLOGIST;OTHER_PHYSICIAN;TECHNOLOGIST_OR_OPERATOR;OTHER,,MULTILABEL_OTHER_ATTRIBUTION_NOT_ISOLATED,,NO_OTHER_SPECIFIC_NOTE_ADDED,,2445,89154f7f437bca8cdeffc5782db7209afb2d8fa7cc79b98cb29c9137e8840ac8,decision_reason
K173574:setting,setting,OTHER,A density assessment context within mammography; 'not a diagnostic aid' is not rewritten as a disease diagnosis use.,SINGLE_OTHER_EXISTING_FIELD_REASON,zh,AI_ASSISTED_ENGLISH_TRANSLATION,4a4ece5e990056e79fc8b7cdebf9fa568fa25302e4da50077bb034916fae301a,2458,89154f7f437bca8cdeffc5782db7209afb2d8fa7cc79b98cb29c9137e8840ac8,decision_reason
K180343:setting,setting,HOME_OR_CONSUMER;OTHER,,MULTILABEL_OTHER_ATTRIBUTION_NOT_ISOLATED,,NO_OTHER_SPECIFIC_NOTE_ADDED,,1432,89154f7f437bca8cdeffc5782db7209afb2d8fa7cc79b98cb29c9137e8840ac8,decision_reason
K181288:setting,setting,LABORATORY;OTHER,,MULTILABEL_OTHER_ATTRIBUTION_NOT_ISOLATED,,NO_OTHER_SPECIFIC_NOTE_ADDED,,1438,89154f7f437bca8cdeffc5782db7209afb2d8fa7cc79b98cb29c9137e8840ac8,decision_reason
K181685:output,output,OTHER,AUTOMATIC_VIEW_RECOGNITION_AND_SELECTION; not a direct patient diagnosis or EF measurement output.,SINGLE_OTHER_EXISTING_FIELD_REASON,zh,AI_ASSISTED_ENGLISH_TRANSLATION,631ac726b5d7b56e8ed71da0b4bd220889ea76abb84bba362823f6bf1da1a4fa,2564,89154f7f437bca8cdeffc5782db7209afb2d8fa7cc79b98cb29c9137e8840ac8,decision_reason
K181685:setting,setting,OTHER,A view-selection workflow for echocardiographic quantification; the system's full set of anatomical uses is not attributed to the DNN.,SINGLE_OTHER_EXISTING_FIELD_REASON,zh,AI_ASSISTED_ENGLISH_TRANSLATION,0be9a258317815017f9fe36aa7cb1108bfa5c276d1901507ed2157c031d5a5f2,2566,89154f7f437bca8cdeffc5782db7209afb2d8fa7cc79b98cb29c9137e8840ac8,decision_reason
K181916:setting,setting,OTHER,The patient's routine personal insulin management; home is not explicitly stated as the physical location.,SINGLE_OTHER_EXISTING_FIELD_REASON,zh,AI_ASSISTED_ENGLISH_TRANSLATION,a813e50ad185d6d363e64dc99f51ef1f05a0f7ea149fc9e8d06ce13afda83bf7,46,89154f7f437bca8cdeffc5782db7209afb2d8fa7cc79b98cb29c9137e8840ac8,decision_reason
K182112:setting,setting,OTHER,Upper-limb prosthesis fitting and use; no restriction to home/clinic is specified.,SINGLE_OTHER_EXISTING_FIELD_REASON,zh,AI_ASSISTED_ENGLISH_TRANSLATION,0b8ffe43324bb9a900dc4ccb1060b6d99864925df1c9d0a6c1680668f7d5b19f,1618,89154f7f437bca8cdeffc5782db7209afb2d8fa7cc79b98cb29c9137e8840ac8,decision_reason
K182181:output,output,DETECTION_OR_ALERT;MEASUREMENT_OR_QUANTIFICATION;OTHER,ARTIFACT_REDUCED_EEG_WAVEFORM,EXPLICIT_OTHER_ASSIGNMENT_IN_RETAINED_REASON,en_or_latin,RETAINED_ENGLISH_OR_LATIN_TEXT,3d6ef5b40f004bd64b0bf303188707c678769b112b87c4be19f942f005f6d353,1622,89154f7f437bca8cdeffc5782db7209afb2d8fa7cc79b98cb29c9137e8840ac8,decision_reason
K182310:setting,setting,OTHER,Breast composition/density assessment; the IFU explicitly states that it is not an interpretive or diagnostic aid.,SINGLE_OTHER_EXISTING_FIELD_REASON,zh,AI_ASSISTED_ENGLISH_TRANSLATION,04fa2fab395022949e982ad006ae8c29b76ce62efd844aa5a3f19803f4d3f93e,2614,89154f7f437bca8cdeffc5782db7209afb2d8fa7cc79b98cb29c9137e8840ac8,decision_reason
K182336:setting,setting,OTHER,A radiology imaging workflow; a specific outpatient/inpatient setting is not inferred.,SINGLE_OTHER_EXISTING_FIELD_REASON,zh,AI_ASSISTED_ENGLISH_TRANSLATION,edc8bc54bdb1dcd37402f3dff00066c95c04b10fedc7a357da1d3d4aa6fc970e,2620,89154f7f437bca8cdeffc5782db7209afb2d8fa7cc79b98cb29c9137e8840ac8,decision_reason
K182373:output,output,DETECTION_OR_ALERT;SEGMENTATION_OR_LOCALIZATION;OTHER,,MULTILABEL_OTHER_ATTRIBUTION_NOT_ISOLATED,,NO_OTHER_SPECIFIC_NOTE_ADDED,,2624,89154f7f437bca8cdeffc5782db7209afb2d8fa7cc79b98cb29c9137e8840ac8,decision_reason
K182384:setting,setting,OTHER,"POINT_OF_CARE, without further distinction between outpatient clinic/ward.",SINGLE_OTHER_EXISTING_FIELD_REASON,zh,AI_ASSISTED_ENGLISH_TRANSLATION,d5ec11d95a472b56501e51499809f777a9cd99aa67b30b168a03b7c6248d2a87,1072,89154f7f437bca8cdeffc5782db7209afb2d8fa7cc79b98cb29c9137e8840ac8,decision_reason
K182419:output,output,OTHER,CUSTOMIZED_HANGING_PROTOCOL; not equivalent to diagnostic classification/segmentation.,SINGLE_OTHER_EXISTING_FIELD_REASON,zh,AI_ASSISTED_ENGLISH_TRANSLATION,de926c025a7f3519bdc31be8c11554f072177b7c8f5471477b6b5377d2a4ae83,2630,89154f7f437bca8cdeffc5782db7209afb2d8fa7cc79b98cb29c9137e8840ac8,decision_reason
K182798:setting,setting,OTHER,Embryo assessment in assisted reproduction; the physical location is not explicitly stated.,SINGLE_OTHER_EXISTING_FIELD_REASON,zh,AI_ASSISTED_ENGLISH_TRANSLATION,9d3c4d498ab5b38ca55c793f82c2aa68fe959eae693129a57409443a0698350c,1984,89154f7f437bca8cdeffc5782db7209afb2d8fa7cc79b98cb29c9137e8840ac8,decision_reason
K182901:action,action,OTHER,Image generation for physician specialized imaging studies; a specific downstream diagnostic/treatment decision is not described for AiCE.,SINGLE_OTHER_EXISTING_FIELD_REASON,en_or_latin,RETAINED_ENGLISH_OR_LATIN_TEXT,66e6ab15208d11b578f3cbfd6e22a714a4ce31ada219e79fd4c9ddb997aee220,2657,89154f7f437bca8cdeffc5782db7209afb2d8fa7cc79b98cb29c9137e8840ac8,decision_reason
K183046:action,action,OTHER,Enhanced image generation for physician specialized studies; no specific downstream treatment or diagnostic decision described for the AI feature.,SINGLE_OTHER_EXISTING_FIELD_REASON,en_or_latin,RETAINED_ENGLISH_OR_LATIN_TEXT,cfca04668948fa93e9f1396934a5f9efc0e07372db4ea6ab65abdc1b598ce1e0,2675,89154f7f437bca8cdeffc5782db7209afb2d8fa7cc79b98cb29c9137e8840ac8,decision_reason
K183089:setting,setting,DIAGNOSTIC_INTERPRETATION;MONITORING;OTHER,,MULTILABEL_OTHER_ATTRIBUTION_NOT_ISOLATED,,NO_OTHER_SPECIFIC_NOTE_ADDED,,52,89154f7f437bca8cdeffc5782db7209afb2d8fa7cc79b98cb29c9137e8840ac8,decision_reason
K183182:setting,setting,DIAGNOSTIC_INTERPRETATION;OTHER,,MULTILABEL_OTHER_ATTRIBUTION_NOT_ISOLATED,,NO_OTHER_SPECIFIC_NOTE_ADDED,,2686,89154f7f437bca8cdeffc5782db7209afb2d8fa7cc79b98cb29c9137e8840ac8,decision_reason
K183202:setting,setting,OTHER,A routine CT reconstruction workflow; the location/patient hospitalization type is not stated.,SINGLE_OTHER_EXISTING_FIELD_REASON,zh,AI_ASSISTED_ENGLISH_TRANSLATION,d9526f4e17fdfc7a18057b2a7272a76116ba7d63611c434021249e2783f01b43,2692,89154f7f437bca8cdeffc5782db7209afb2d8fa7cc79b98cb29c9137e8840ac8,decision_reason
K183231:setting,setting,OTHER,A brain MRI examination workflow; the setting is not explicitly stated.,SINGLE_OTHER_EXISTING_FIELD_REASON,zh,AI_ASSISTED_ENGLISH_TRANSLATION,f5e7657c20d768be03866b3a8d75bc31f5fdb5adb7fe3fb90c1bd5e2be37c88d,2704,89154f7f437bca8cdeffc5782db7209afb2d8fa7cc79b98cb29c9137e8840ac8,decision_reason
K183274:setting,setting,DIAGNOSTIC_INTERPRETATION;OTHER,,MULTILABEL_OTHER_ATTRIBUTION_NOT_ISOLATED,,NO_OTHER_SPECIFIC_NOTE_ADDED,,2728,89154f7f437bca8cdeffc5782db7209afb2d8fa7cc79b98cb29c9137e8840ac8,decision_reason
K183282:setting,setting,MONITORING;HOME_OR_CONSUMER;OTHER,,MULTILABEL_OTHER_ATTRIBUTION_NOT_ISOLATED,,NO_OTHER_SPECIFIC_NOTE_ADDED,,370,89154f7f437bca8cdeffc5782db7209afb2d8fa7cc79b98cb29c9137e8840ac8,decision_reason
K183322:setting,setting,MONITORING;OTHER,,MULTILABEL_OTHER_ATTRIBUTION_NOT_ISOLATED,,NO_OTHER_SPECIFIC_NOTE_ADDED,,376,89154f7f437bca8cdeffc5782db7209afb2d8fa7cc79b98cb29c9137e8840ac8,decision_reason
K183460:setting,setting,OTHER,A CT image processing/PACS workflow; no explicit outpatient/inpatient setting.,SINGLE_OTHER_EXISTING_FIELD_REASON,zh,AI_ASSISTED_ENGLISH_TRANSLATION,933ac24b27669e02ec32c93c64940eeae4afbf824c673e2cfe1b03bd5c937ab0,2740,89154f7f437bca8cdeffc5782db7209afb2d8fa7cc79b98cb29c9137e8840ac8,decision_reason
K183593:action,action,TREATMENT_OR_PROCEDURE_PLANNING;OTHER,,MULTILABEL_OTHER_ATTRIBUTION_NOT_ISOLATED,,NO_OTHER_SPECIFIC_NOTE_ADDED,,2753,89154f7f437bca8cdeffc5782db7209afb2d8fa7cc79b98cb29c9137e8840ac8,decision_reason
K183646:setting,setting,MONITORING;PROCEDURAL_OR_OPERATING_ROOM;OTHER,,MULTILABEL_OTHER_ATTRIBUTION_NOT_ISOLATED,,NO_OTHER_SPECIFIC_NOTE_ADDED,,388,89154f7f437bca8cdeffc5782db7209afb2d8fa7cc79b98cb29c9137e8840ac8,decision_reason
K183704:output,output,DETECTION_OR_ALERT;OTHER,,MULTILABEL_OTHER_ATTRIBUTION_NOT_ISOLATED,,NO_OTHER_SPECIFIC_NOTE_ADDED,,392,89154f7f437bca8cdeffc5782db7209afb2d8fa7cc79b98cb29c9137e8840ac8,decision_reason
K183704:setting,setting,MONITORING;OTHER,,MULTILABEL_OTHER_ATTRIBUTION_NOT_ISOLATED,,NO_OTHER_SPECIFIC_NOTE_ADDED,,394,89154f7f437bca8cdeffc5782db7209afb2d8fa7cc79b98cb29c9137e8840ac8,decision_reason
K190072:setting,setting,DIAGNOSTIC_INTERPRETATION;OTHER,,MULTILABEL_OTHER_ATTRIBUTION_NOT_ISOLATED,,NO_OTHER_SPECIFIC_NOTE_ADDED,,2764,89154f7f437bca8cdeffc5782db7209afb2d8fa7cc79b98cb29c9137e8840ac8,decision_reason
K190334:setting,setting,MONITORING;OUTPATIENT;ACUTE_TRIAGE_OR_EMERGENCY;OTHER,,MULTILABEL_OTHER_ATTRIBUTION_NOT_ISOLATED,,NO_OTHER_SPECIFIC_NOTE_ADDED,,400,89154f7f437bca8cdeffc5782db7209afb2d8fa7cc79b98cb29c9137e8840ac8,decision_reason
K190362:setting,setting,DIAGNOSTIC_INTERPRETATION;OTHER,,MULTILABEL_OTHER_ATTRIBUTION_NOT_ISOLATED,,NO_OTHER_SPECIFIC_NOTE_ADDED,,2770,89154f7f437bca8cdeffc5782db7209afb2d8fa7cc79b98cb29c9137e8840ac8,decision_reason
K190424:setting,setting,DIAGNOSTIC_INTERPRETATION;OTHER,,MULTILABEL_OTHER_ATTRIBUTION_NOT_ISOLATED,,NO_OTHER_SPECIFIC_NOTE_ADDED,,2782,89154f7f437bca8cdeffc5782db7209afb2d8fa7cc79b98cb29c9137e8840ac8,decision_reason
K190529:action,action,MONITORING_OR_FOLLOW_UP;OTHER,,MULTILABEL_OTHER_ATTRIBUTION_NOT_ISOLATED,,NO_OTHER_SPECIFIC_NOTE_ADDED,,407,89154f7f437bca8cdeffc5782db7209afb2d8fa7cc79b98cb29c9137e8840ac8,decision_reason
K190529:setting,setting,MONITORING;OTHER,,MULTILABEL_OTHER_ATTRIBUTION_NOT_ISOLATED,,NO_OTHER_SPECIFIC_NOTE_ADDED,,406,89154f7f437bca8cdeffc5782db7209afb2d8fa7cc79b98cb29c9137e8840ac8,decision_reason
K190593:output,output,DOCUMENTATION_OR_SUMMARY;OTHER,,MULTILABEL_OTHER_ATTRIBUTION_NOT_ISOLATED,,NO_OTHER_SPECIFIC_NOTE_ADDED,,410,89154f7f437bca8cdeffc5782db7209afb2d8fa7cc79b98cb29c9137e8840ac8,decision_reason
K190815:setting,setting,DIAGNOSTIC_INTERPRETATION;OTHER,,MULTILABEL_OTHER_ATTRIBUTION_NOT_ISOLATED,,NO_OTHER_SPECIFIC_NOTE_ADDED,,1630,89154f7f437bca8cdeffc5782db7209afb2d8fa7cc79b98cb29c9137e8840ac8,decision_reason
K190896:setting,setting,DIAGNOSTIC_INTERPRETATION;OTHER,,MULTILABEL_OTHER_ATTRIBUTION_NOT_ISOLATED,,NO_OTHER_SPECIFIC_NOTE_ADDED,,2806,89154f7f437bca8cdeffc5782db7209afb2d8fa7cc79b98cb29c9137e8840ac8,decision_reason
K190898:action,action,OTHER,Provides CBC/blood cell categories for examination; no specific human action after receiving a flag is stated.,SINGLE_OTHER_EXISTING_FIELD_REASON,zh,AI_ASSISTED_ENGLISH_TRANSLATION,ef22e1af15037ab2b5554530514abe3c89c11a88b7721cea0143df90c8eed7df,1445,89154f7f437bca8cdeffc5782db7209afb2d8fa7cc79b98cb29c9137e8840ac8,decision_reason
K190925:input,input,MEDICAL_IMAGE;OTHER,,MULTILABEL_OTHER_ATTRIBUTION_NOT_ISOLATED,,NO_OTHER_SPECIFIC_NOTE_ADDED,,415,89154f7f437bca8cdeffc5782db7209afb2d8fa7cc79b98cb29c9137e8840ac8,decision_reason
K190925:output,output,MEASUREMENT_OR_QUANTIFICATION;OTHER,,MULTILABEL_OTHER_ATTRIBUTION_NOT_ISOLATED,,NO_OTHER_SPECIFIC_NOTE_ADDED,,416,89154f7f437bca8cdeffc5782db7209afb2d8fa7cc79b98cb29c9137e8840ac8,decision_reason
K191026:output,output,SEGMENTATION_OR_LOCALIZATION;RECONSTRUCTION_OR_ENHANCEMENT;OTHER,,MULTILABEL_OTHER_ATTRIBUTION_NOT_ISOLATED,,NO_OTHER_SPECIFIC_NOTE_ADDED,,2810,89154f7f437bca8cdeffc5782db7209afb2d8fa7cc79b98cb29c9137e8840ac8,decision_reason
K191083:setting,setting,OTHER,External upper-limb prosthesis fitting/use; the location is not stated and is not automatically classified as home or OR.,SINGLE_OTHER_EXISTING_FIELD_REASON,zh,AI_ASSISTED_ENGLISH_TRANSLATION,1c4bb35420bc6ecd0d7258b32dc3142e8df2a9a9359a80241304dd0b2d9a366c,1636,89154f7f437bca8cdeffc5782db7209afb2d8fa7cc79b98cb29c9137e8840ac8,decision_reason
K191125:setting,setting,DIAGNOSTIC_INTERPRETATION;OTHER,,MULTILABEL_OTHER_ATTRIBUTION_NOT_ISOLATED,,NO_OTHER_SPECIFIC_NOTE_ADDED,,2818,89154f7f437bca8cdeffc5782db7209afb2d8fa7cc79b98cb29c9137e8840ac8,decision_reason
K191179:setting,setting,HOME_OR_CONSUMER;OTHER,,MULTILABEL_OTHER_ATTRIBUTION_NOT_ISOLATED,,NO_OTHER_SPECIFIC_NOTE_ADDED,,1642,89154f7f437bca8cdeffc5782db7209afb2d8fa7cc79b98cb29c9137e8840ac8,decision_reason
K191194:setting,setting,OTHER,Retinal-image acquisition/montage context; clinical use of whole-camera imagery is not assumed to be a separate AI diagnosis.,SINGLE_OTHER_EXISTING_FIELD_REASON,en_or_latin,RETAINED_ENGLISH_OR_LATIN_TEXT,c0484a44f4ad987e346cc4eb2abed9a1038f3624708c9ade583105b798d2ff9b,2020,89154f7f437bca8cdeffc5782db7209afb2d8fa7cc79b98cb29c9137e8840ac8,decision_reason
K191262:setting,setting,DIAGNOSTIC_INTERPRETATION;OTHER,,MULTILABEL_OTHER_ATTRIBUTION_NOT_ISOLATED,,NO_OTHER_SPECIFIC_NOTE_ADDED,,2830,89154f7f437bca8cdeffc5782db7209afb2d8fa7cc79b98cb29c9137e8840ac8,decision_reason
K191262:user,user,OTHER_CLINICIAN;OTHER,,MULTILABEL_OTHER_ATTRIBUTION_NOT_ISOLATED,,NO_OTHER_SPECIFIC_NOTE_ADDED,,2829,89154f7f437bca8cdeffc5782db7209afb2d8fa7cc79b98cb29c9137e8840ac8,decision_reason
K191278:setting,setting,OTHER,Hospital/clinic/medical-office use; hospital does not establish inpatient use.,SINGLE_OTHER_EXISTING_FIELD_REASON,en_or_latin,RETAINED_ENGLISH_OR_LATIN_TEXT,5e6d564dd4fda44517fd4ee32dff2a88cd24a11540577ad4b01d89ddb4eef923,2836,89154f7f437bca8cdeffc5782db7209afb2d8fa7cc79b98cb29c9137e8840ac8,decision_reason
K191493:input,input,OTHER;DEVICE_TELEMETRY_OR_OPERATIONAL,,MULTILABEL_OTHER_ATTRIBUTION_NOT_ISOLATED,,NO_OTHER_SPECIFIC_NOTE_ADDED,,2845,89154f7f437bca8cdeffc5782db7209afb2d8fa7cc79b98cb29c9137e8840ac8,decision_reason
K191556:setting,setting,ACUTE_TRIAGE_OR_EMERGENCY;OTHER,,MULTILABEL_OTHER_ATTRIBUTION_NOT_ISOLATED,,NO_OTHER_SPECIFIC_NOTE_ADDED,,2860,89154f7f437bca8cdeffc5782db7209afb2d8fa7cc79b98cb29c9137e8840ac8,decision_reason
K191647:setting,setting,OTHER,Cardiac ultrasound right-ventricle functional assessment; care site not specified.,SINGLE_OTHER_EXISTING_FIELD_REASON,en_or_latin,RETAINED_ENGLISH_OR_LATIN_TEXT,fdc6785bb6e7dbe061fcbdc42a988675dc9a8a0eb1a43be5159f7c66c7d2ce01,2872,89154f7f437bca8cdeffc5782db7209afb2d8fa7cc79b98cb29c9137e8840ac8,decision_reason
K191688:setting,setting,OTHER,Explicit imaging-center/clinic/hospital environment; not automatically inpatient or outpatient.,SINGLE_OTHER_EXISTING_FIELD_REASON,en_or_latin,RETAINED_ENGLISH_OR_LATIN_TEXT,e8bd4147aa9b4bd7b34efb7e6d016a96621e25bb1d87f4d1e112521c339264c4,2878,89154f7f437bca8cdeffc5782db7209afb2d8fa7cc79b98cb29c9137e8840ac8,decision_reason
K191928:setting,setting,OTHER,Radiation-oncology treatment-planning/evaluation context; no inpatient/clinic admission status inferred.,SINGLE_OTHER_EXISTING_FIELD_REASON,en_or_latin,RETAINED_ENGLISH_OR_LATIN_TEXT,00bed2b472bf91405624fe511ae2cae5f191af925e5253da0ce8a440f4cf8b57,2890,89154f7f437bca8cdeffc5782db7209afb2d8fa7cc79b98cb29c9137e8840ac8,decision_reason
K192051:setting,setting,OTHER,Healthcare/hospital reporting workflow; cloud deployment does not establish patient home setting.,SINGLE_OTHER_EXISTING_FIELD_REASON,en_or_latin,RETAINED_ENGLISH_OR_LATIN_TEXT,83a216a856010ba558f5e0d3d4f05e020fa465248cbaa9673772b9d73a985189,2902,89154f7f437bca8cdeffc5782db7209afb2d8fa7cc79b98cb29c9137e8840ac8,decision_reason
K192065:setting,setting,OTHER,Radiotherapy case-preparation/response-assessment context; site/admission status not stated.,SINGLE_OTHER_EXISTING_FIELD_REASON,en_or_latin,RETAINED_ENGLISH_OR_LATIN_TEXT,9c44ad02c32cd55d0fd22d52cce9d88a55031281e01cac42ecc3eb30c0c76786,2908,89154f7f437bca8cdeffc5782db7209afb2d8fa7cc79b98cb29c9137e8840ac8,decision_reason
K192287:setting,setting,SCREENING;OTHER,,MULTILABEL_OTHER_ATTRIBUTION_NOT_ISOLATED,,NO_OTHER_SPECIFIC_NOTE_ADDED,,2944,89154f7f437bca8cdeffc5782db7209afb2d8fa7cc79b98cb29c9137e8840ac8,decision_reason
K192320:output,output,DETECTION_OR_ALERT;OTHER,,MULTILABEL_OTHER_ATTRIBUTION_NOT_ISOLATED,,NO_OTHER_SPECIFIC_NOTE_ADDED,,2954,89154f7f437bca8cdeffc5782db7209afb2d8fa7cc79b98cb29c9137e8840ac8,decision_reason
K192320:setting,setting,ACUTE_TRIAGE_OR_EMERGENCY;OTHER,,MULTILABEL_OTHER_ATTRIBUTION_NOT_ISOLATED,,NO_OTHER_SPECIFIC_NOTE_ADDED,,2956,89154f7f437bca8cdeffc5782db7209afb2d8fa7cc79b98cb29c9137e8840ac8,decision_reason
K192383:output,output,DETECTION_OR_ALERT;OTHER,,MULTILABEL_OTHER_ATTRIBUTION_NOT_ISOLATED,,NO_OTHER_SPECIFIC_NOTE_ADDED,,2966,89154f7f437bca8cdeffc5782db7209afb2d8fa7cc79b98cb29c9137e8840ac8,decision_reason
K192383:setting,setting,ACUTE_TRIAGE_OR_EMERGENCY;OTHER,,MULTILABEL_OTHER_ATTRIBUTION_NOT_ISOLATED,,NO_OTHER_SPECIFIC_NOTE_ADDED,,2968,89154f7f437bca8cdeffc5782db7209afb2d8fa7cc79b98cb29c9137e8840ac8,decision_reason
K192415:setting,setting,MONITORING;OTHER,,MULTILABEL_OTHER_ATTRIBUTION_NOT_ISOLATED,,NO_OTHER_SPECIFIC_NOTE_ADDED,,430,89154f7f437bca8cdeffc5782db7209afb2d8fa7cc79b98cb29c9137e8840ac8,decision_reason
K192828:setting,setting,OTHER,CT acquisition/reconstruction context; physical care setting not specified.,SINGLE_OTHER_EXISTING_FIELD_REASON,en_or_latin,RETAINED_ENGLISH_OR_LATIN_TEXT,a8925b7739b4dc3b949fe88b96ac38dbb202d42b772a36ab8992878b1c899aed,3022,89154f7f437bca8cdeffc5782db7209afb2d8fa7cc79b98cb29c9137e8840ac8,decision_reason
K192832:setting,setting,OTHER,CT acquisition/reconstruction context; physical care site not specified.,SINGLE_OTHER_EXISTING_FIELD_REASON,en_or_latin,RETAINED_ENGLISH_OR_LATIN_TEXT,bfc1f4a40101aaa6ab81eb749d79207c44baa824e51a94189e1ca0b57ee50018,3028,89154f7f437bca8cdeffc5782db7209afb2d8fa7cc79b98cb29c9137e8840ac8,decision_reason
K192880:setting,setting,DIAGNOSTIC_INTERPRETATION;OTHER,,MULTILABEL_OTHER_ATTRIBUTION_NOT_ISOLATED,,NO_OTHER_SPECIFIC_NOTE_ADDED,,3040,89154f7f437bca8cdeffc5782db7209afb2d8fa7cc79b98cb29c9137e8840ac8,decision_reason
K192901:output,output,DETECTION_OR_ALERT;OTHER,,MULTILABEL_OTHER_ATTRIBUTION_NOT_ISOLATED,,NO_OTHER_SPECIFIC_NOTE_ADDED,,3044,89154f7f437bca8cdeffc5782db7209afb2d8fa7cc79b98cb29c9137e8840ac8,decision_reason
K192901:setting,setting,OTHER,"Bone-health/fracture-liaison secondary-prevention context, not acute emergency triage.",SINGLE_OTHER_EXISTING_FIELD_REASON,en_or_latin,RETAINED_ENGLISH_OR_LATIN_TEXT,33863c03ff43850e520f8ee4e9d4a486e781f3330c8acc7f4e6c2db9f51e7c83,3046,89154f7f437bca8cdeffc5782db7209afb2d8fa7cc79b98cb29c9137e8840ac8,decision_reason
K192956:setting,setting,OUTPATIENT;OTHER,,MULTILABEL_OTHER_ATTRIBUTION_NOT_ISOLATED,,NO_OTHER_SPECIFIC_NOTE_ADDED,,3052,89154f7f437bca8cdeffc5782db7209afb2d8fa7cc79b98cb29c9137e8840ac8,decision_reason
K192973:action,action,OTHER;WORKFLOW_OR_DOCUMENTATION,,MULTILABEL_OTHER_ATTRIBUTION_NOT_ISOLATED,,NO_OTHER_SPECIFIC_NOTE_ADDED,,3071,89154f7f437bca8cdeffc5782db7209afb2d8fa7cc79b98cb29c9137e8840ac8,decision_reason
K192973:setting,setting,OTHER,"Breast-composition assessment, explicitly not diagnostic aid.",SINGLE_OTHER_EXISTING_FIELD_REASON,en_or_latin,RETAINED_ENGLISH_OR_LATIN_TEXT,70f02ac3c363b23af51f5dd515dc0c13af62a9bdaa44e222289071558e137819,3070,89154f7f437bca8cdeffc5782db7209afb2d8fa7cc79b98cb29c9137e8840ac8,decision_reason
K193073:setting,setting,OTHER,CT acquisition/reconstruction workflow; care location not stated.,SINGLE_OTHER_EXISTING_FIELD_REASON,en_or_latin,RETAINED_ENGLISH_OR_LATIN_TEXT,524ef400080833f0397eb62fc1157f86368e142a5315b99546e47cc17996fd25,3076,89154f7f437bca8cdeffc5782db7209afb2d8fa7cc79b98cb29c9137e8840ac8,decision_reason
K193087:output,output,DETECTION_OR_ALERT;OTHER,,MULTILABEL_OTHER_ATTRIBUTION_NOT_ISOLATED,,NO_OTHER_SPECIFIC_NOTE_ADDED,,3080,89154f7f437bca8cdeffc5782db7209afb2d8fa7cc79b98cb29c9137e8840ac8,decision_reason
K193087:setting,setting,ACUTE_TRIAGE_OR_EMERGENCY;OTHER,,MULTILABEL_OTHER_ATTRIBUTION_NOT_ISOLATED,,NO_OTHER_SPECIFIC_NOTE_ADDED,,3082,89154f7f437bca8cdeffc5782db7209afb2d8fa7cc79b98cb29c9137e8840ac8,decision_reason
K193109:setting,setting,OTHER,Brain-tumor radiotherapy planning context; site not specified.,SINGLE_OTHER_EXISTING_FIELD_REASON,en_or_latin,RETAINED_ENGLISH_OR_LATIN_TEXT,d92ce1f87f4638030d5850a5600477f7d66d19ffbe989dbbf57f29047e185cf1,3094,89154f7f437bca8cdeffc5782db7209afb2d8fa7cc79b98cb29c9137e8840ac8,decision_reason
K193170:setting,setting,OTHER,Routine CT reconstruction; care setting not specified.,SINGLE_OTHER_EXISTING_FIELD_REASON,en_or_latin,RETAINED_ENGLISH_OR_LATIN_TEXT,779cabeee66cc836a45bf1df58765ee2c146e464b0a020de4b6c70ab4870c4d1,3100,89154f7f437bca8cdeffc5782db7209afb2d8fa7cc79b98cb29c9137e8840ac8,decision_reason
K193178:setting,setting,OTHER,PET acquisition/reconstruction and scan-planning context; physical site not specified.,SINGLE_OTHER_EXISTING_FIELD_REASON,en_or_latin,RETAINED_ENGLISH_OR_LATIN_TEXT,62be50c06f3736bddf6c62d794f70dfa052d3ea7018a1790f48f1922fc1edaff,3112,89154f7f437bca8cdeffc5782db7209afb2d8fa7cc79b98cb29c9137e8840ac8,decision_reason
K193210:setting,setting,OTHER,"Facility PET image-processing workflow, not an inpatient inference.",SINGLE_OTHER_EXISTING_FIELD_REASON,en_or_latin,RETAINED_ENGLISH_OR_LATIN_TEXT,2c423bed6cf3a670e1d68a2edadf8b53485bd9eaf132a4a0182374759519c997,3118,89154f7f437bca8cdeffc5782db7209afb2d8fa7cc79b98cb29c9137e8840ac8,decision_reason
K193229:setting,setting,SCREENING;OTHER,,MULTILABEL_OTHER_ATTRIBUTION_NOT_ISOLATED,,NO_OTHER_SPECIFIC_NOTE_ADDED,,3136,89154f7f437bca8cdeffc5782db7209afb2d8fa7cc79b98cb29c9137e8840ac8,decision_reason
K193248:setting,setting,OTHER,PET scan planning/gating context; not a blanket AI lung-cancer-screening indication.,SINGLE_OTHER_EXISTING_FIELD_REASON,en_or_latin,RETAINED_ENGLISH_OR_LATIN_TEXT,4c0f363807f7ec7f18ada2328505757a25db7e19f7ac7ec870a9240325bc1384,3142,89154f7f437bca8cdeffc5782db7209afb2d8fa7cc79b98cb29c9137e8840ac8,decision_reason
K193252:setting,setting,MONITORING;OTHER,,MULTILABEL_OTHER_ATTRIBUTION_NOT_ISOLATED,,NO_OTHER_SPECIFIC_NOTE_ADDED,,3148,89154f7f437bca8cdeffc5782db7209afb2d8fa7cc79b98cb29c9137e8840ac8,decision_reason
K193267:setting,setting,DIAGNOSTIC_INTERPRETATION;ACUTE_TRIAGE_OR_EMERGENCY;OTHER,,MULTILABEL_OTHER_ATTRIBUTION_NOT_ISOLATED,,NO_OTHER_SPECIFIC_NOTE_ADDED,,3154,89154f7f437bca8cdeffc5782db7209afb2d8fa7cc79b98cb29c9137e8840ac8,decision_reason
K193271:output,output,DETECTION_OR_ALERT;OTHER,,MULTILABEL_OTHER_ATTRIBUTION_NOT_ISOLATED,,NO_OTHER_SPECIFIC_NOTE_ADDED,,3158,89154f7f437bca8cdeffc5782db7209afb2d8fa7cc79b98cb29c9137e8840ac8,decision_reason
K193271:setting,setting,ACUTE_TRIAGE_OR_EMERGENCY;OTHER,,MULTILABEL_OTHER_ATTRIBUTION_NOT_ISOLATED,,NO_OTHER_SPECIFIC_NOTE_ADDED,,3160,89154f7f437bca8cdeffc5782db7209afb2d8fa7cc79b98cb29c9137e8840ac8,decision_reason
K193283:setting,setting,OTHER,Prostate MR–US fusion-biopsy preparation/planning; software location not specified.,SINGLE_OTHER_EXISTING_FIELD_REASON,en_or_latin,RETAINED_ENGLISH_OR_LATIN_TEXT,62b3bdd9eb7b4af2160d0e3eca3afe5ec2566878cdc1898dab87397ff2c76a79,3178,89154f7f437bca8cdeffc5782db7209afb2d8fa7cc79b98cb29c9137e8840ac8,decision_reason
K193287:setting,setting,DIAGNOSTIC_INTERPRETATION;OTHER,,MULTILABEL_OTHER_ATTRIBUTION_NOT_ISOLATED,,NO_OTHER_SPECIFIC_NOTE_ADDED,,3184,89154f7f437bca8cdeffc5782db7209afb2d8fa7cc79b98cb29c9137e8840ac8,decision_reason
K193287:user,user,RADIOLOGIST;OTHER_PHYSICIAN;OTHER,,MULTILABEL_OTHER_ATTRIBUTION_NOT_ISOLATED,,NO_OTHER_SPECIFIC_NOTE_ADDED,,3183,89154f7f437bca8cdeffc5782db7209afb2d8fa7cc79b98cb29c9137e8840ac8,decision_reason
K193289:setting,setting,DIAGNOSTIC_INTERPRETATION;OTHER,,MULTILABEL_OTHER_ATTRIBUTION_NOT_ISOLATED,,NO_OTHER_SPECIFIC_NOTE_ADDED,,3190,89154f7f437bca8cdeffc5782db7209afb2d8fa7cc79b98cb29c9137e8840ac8,decision_reason
K193298:output,output,DETECTION_OR_ALERT;OTHER,,MULTILABEL_OTHER_ATTRIBUTION_NOT_ISOLATED,,NO_OTHER_SPECIFIC_NOTE_ADDED,,3206,89154f7f437bca8cdeffc5782db7209afb2d8fa7cc79b98cb29c9137e8840ac8,decision_reason
K193298:setting,setting,ACUTE_TRIAGE_OR_EMERGENCY;OTHER,,MULTILABEL_OTHER_ATTRIBUTION_NOT_ISOLATED,,NO_OTHER_SPECIFIC_NOTE_ADDED,,3208,89154f7f437bca8cdeffc5782db7209afb2d8fa7cc79b98cb29c9137e8840ac8,decision_reason
K193300:setting,setting,ACUTE_TRIAGE_OR_EMERGENCY;OTHER,,MULTILABEL_OTHER_ATTRIBUTION_NOT_ISOLATED,,NO_OTHER_SPECIFIC_NOTE_ADDED,,3214,89154f7f437bca8cdeffc5782db7209afb2d8fa7cc79b98cb29c9137e8840ac8,decision_reason
K193351:output,output,DETECTION_OR_ALERT;OTHER,,MULTILABEL_OTHER_ATTRIBUTION_NOT_ISOLATED,,NO_OTHER_SPECIFIC_NOTE_ADDED,,3224,89154f7f437bca8cdeffc5782db7209afb2d8fa7cc79b98cb29c9137e8840ac8,decision_reason
K193351:setting,setting,ACUTE_TRIAGE_OR_EMERGENCY;OTHER,,MULTILABEL_OTHER_ATTRIBUTION_NOT_ISOLATED,,NO_OTHER_SPECIFIC_NOTE_ADDED,,3226,89154f7f437bca8cdeffc5782db7209afb2d8fa7cc79b98cb29c9137e8840ac8,decision_reason
K193417:setting,setting,DIAGNOSTIC_INTERPRETATION;OTHER,,MULTILABEL_OTHER_ATTRIBUTION_NOT_ISOLATED,,NO_OTHER_SPECIFIC_NOTE_ADDED,,3232,89154f7f437bca8cdeffc5782db7209afb2d8fa7cc79b98cb29c9137e8840ac8,decision_reason
K193562:setting,setting,OTHER,Radiotherapy planning context; not a risk-score prediction despite phrase organs at risk.,SINGLE_OTHER_EXISTING_FIELD_REASON,en_or_latin,RETAINED_ENGLISH_OR_LATIN_TEXT,c67cb0cc0ebd1c1ca4fe67fb807aed0d8060e6ed0af2f4e2b5521a23932da16d,3244,89154f7f437bca8cdeffc5782db7209afb2d8fa7cc79b98cb29c9137e8840ac8,decision_reason
K193658:output,output,DETECTION_OR_ALERT;OTHER,,MULTILABEL_OTHER_ATTRIBUTION_NOT_ISOLATED,,NO_OTHER_SPECIFIC_NOTE_ADDED,,3248,89154f7f437bca8cdeffc5782db7209afb2d8fa7cc79b98cb29c9137e8840ac8,decision_reason
K193658:setting,setting,ACUTE_TRIAGE_OR_EMERGENCY;OTHER,,MULTILABEL_OTHER_ATTRIBUTION_NOT_ISOLATED,,NO_OTHER_SPECIFIC_NOTE_ADDED,,3250,89154f7f437bca8cdeffc5782db7209afb2d8fa7cc79b98cb29c9137e8840ac8,decision_reason
K200036:setting,setting,DIAGNOSTIC_INTERPRETATION;OTHER,,MULTILABEL_OTHER_ATTRIBUTION_NOT_ISOLATED,,NO_OTHER_SPECIFIC_NOTE_ADDED,,454,89154f7f437bca8cdeffc5782db7209afb2d8fa7cc79b98cb29c9137e8840ac8,decision_reason
K200323:setting,setting,OTHER,Radiotherapy contour-preparation context.,SINGLE_OTHER_EXISTING_FIELD_REASON,en_or_latin,RETAINED_ENGLISH_OR_LATIN_TEXT,c25d81aa5c240f47ecc59132b59736fd0e3835d8b59fa9911d3d4c4c7af1c25f,3262,89154f7f437bca8cdeffc5782db7209afb2d8fa7cc79b98cb29c9137e8840ac8,decision_reason
K200497:setting,setting,DIAGNOSTIC_INTERPRETATION;PROCEDURAL_OR_OPERATING_ROOM;OTHER,,MULTILABEL_OTHER_ATTRIBUTION_NOT_ISOLATED,,NO_OTHER_SPECIFIC_NOTE_ADDED,,3274,89154f7f437bca8cdeffc5782db7209afb2d8fa7cc79b98cb29c9137e8840ac8,decision_reason
K200569:setting,setting,OTHER,"Radiation planning/analysis context, not direct patient treatment delivery.",SINGLE_OTHER_EXISTING_FIELD_REASON,en_or_latin,RETAINED_ENGLISH_OR_LATIN_TEXT,babff1fad56db7a9d2a172a12c636389037f1ac4f59f51ae1cdc01d0400a7d15,3280,89154f7f437bca8cdeffc5782db7209afb2d8fa7cc79b98cb29c9137e8840ac8,decision_reason
K200667:setting,setting,DIAGNOSTIC_INTERPRETATION;OTHER,,MULTILABEL_OTHER_ATTRIBUTION_NOT_ISOLATED,,NO_OTHER_SPECIFIC_NOTE_ADDED,,2026,89154f7f437bca8cdeffc5782db7209afb2d8fa7cc79b98cb29c9137e8840ac8,decision_reason
K200708:setting,setting,DIAGNOSTIC_INTERPRETATION;PROCEDURAL_OR_OPERATING_ROOM;OTHER,,MULTILABEL_OTHER_ATTRIBUTION_NOT_ISOLATED,,NO_OTHER_SPECIFIC_NOTE_ADDED,,3292,89154f7f437bca8cdeffc5782db7209afb2d8fa7cc79b98cb29c9137e8840ac8,decision_reason
K200743:setting,setting,DIAGNOSTIC_INTERPRETATION;PROCEDURAL_OR_OPERATING_ROOM;OTHER,,MULTILABEL_OTHER_ATTRIBUTION_NOT_ISOLATED,,NO_OTHER_SPECIFIC_NOTE_ADDED,,3304,89154f7f437bca8cdeffc5782db7209afb2d8fa7cc79b98cb29c9137e8840ac8,decision_reason
K200755:output,output,RECOMMENDATION_OR_PLANNING;CONTROL_OR_AUTOMATION;OTHER,,MULTILABEL_OTHER_ATTRIBUTION_NOT_ISOLATED,,NO_OTHER_SPECIFIC_NOTE_ADDED,,3314,89154f7f437bca8cdeffc5782db7209afb2d8fa7cc79b98cb29c9137e8840ac8,decision_reason
K200755:setting,setting,OTHER,Cardiac ultrasound acquisition; physical care site not specified.,SINGLE_OTHER_EXISTING_FIELD_REASON,en_or_latin,RETAINED_ENGLISH_OR_LATIN_TEXT,ae7d3a33609742fd3a774a14772440109ff7df688126c9be353df1b9171143fb,3316,89154f7f437bca8cdeffc5782db7209afb2d8fa7cc79b98cb29c9137e8840ac8,decision_reason
K200833:output,output,DETECTION_OR_ALERT;OTHER,,MULTILABEL_OTHER_ATTRIBUTION_NOT_ISOLATED,,NO_OTHER_SPECIFIC_NOTE_ADDED,,464,89154f7f437bca8cdeffc5782db7209afb2d8fa7cc79b98cb29c9137e8840ac8,decision_reason
K200851:setting,setting,DIAGNOSTIC_INTERPRETATION;PROCEDURAL_OR_OPERATING_ROOM;OTHER,,MULTILABEL_OTHER_ATTRIBUTION_NOT_ISOLATED,,NO_OTHER_SPECIFIC_NOTE_ADDED,,3328,89154f7f437bca8cdeffc5782db7209afb2d8fa7cc79b98cb29c9137e8840ac8,decision_reason
K200855:output,output,DETECTION_OR_ALERT;OTHER,,MULTILABEL_OTHER_ATTRIBUTION_NOT_ISOLATED,,NO_OTHER_SPECIFIC_NOTE_ADDED,,3338,89154f7f437bca8cdeffc5782db7209afb2d8fa7cc79b98cb29c9137e8840ac8,decision_reason
K200855:setting,setting,ACUTE_TRIAGE_OR_EMERGENCY;OTHER,,MULTILABEL_OTHER_ATTRIBUTION_NOT_ISOLATED,,NO_OTHER_SPECIFIC_NOTE_ADDED,,3340,89154f7f437bca8cdeffc5782db7209afb2d8fa7cc79b98cb29c9137e8840ac8,decision_reason
K200873:output,output,DETECTION_OR_ALERT;OTHER,,MULTILABEL_OTHER_ATTRIBUTION_NOT_ISOLATED,,NO_OTHER_SPECIFIC_NOTE_ADDED,,3344,89154f7f437bca8cdeffc5782db7209afb2d8fa7cc79b98cb29c9137e8840ac8,decision_reason
K200873:setting,setting,ACUTE_TRIAGE_OR_EMERGENCY;OTHER,,MULTILABEL_OTHER_ATTRIBUTION_NOT_ISOLATED,,NO_OTHER_SPECIFIC_NOTE_ADDED,,3346,89154f7f437bca8cdeffc5782db7209afb2d8fa7cc79b98cb29c9137e8840ac8,decision_reason
K200905:output,output,DETECTION_OR_ALERT;OTHER,,MULTILABEL_OTHER_ATTRIBUTION_NOT_ISOLATED,,NO_OTHER_SPECIFIC_NOTE_ADDED,,3350,89154f7f437bca8cdeffc5782db7209afb2d8fa7cc79b98cb29c9137e8840ac8,decision_reason
K200921:output,output,DETECTION_OR_ALERT;OTHER,,MULTILABEL_OTHER_ATTRIBUTION_NOT_ISOLATED,,NO_OTHER_SPECIFIC_NOTE_ADDED,,3356,89154f7f437bca8cdeffc5782db7209afb2d8fa7cc79b98cb29c9137e8840ac8,decision_reason
K200921:setting,setting,ACUTE_TRIAGE_OR_EMERGENCY;OTHER,,MULTILABEL_OTHER_ATTRIBUTION_NOT_ISOLATED,,NO_OTHER_SPECIFIC_NOTE_ADDED,,3358,89154f7f437bca8cdeffc5782db7209afb2d8fa7cc79b98cb29c9137e8840ac8,decision_reason
K200941:output,output,DETECTION_OR_ALERT;OTHER,,MULTILABEL_OTHER_ATTRIBUTION_NOT_ISOLATED,,NO_OTHER_SPECIFIC_NOTE_ADDED,,3362,89154f7f437bca8cdeffc5782db7209afb2d8fa7cc79b98cb29c9137e8840ac8,decision_reason
K200941:setting,setting,ACUTE_TRIAGE_OR_EMERGENCY;OTHER,,MULTILABEL_OTHER_ATTRIBUTION_NOT_ISOLATED,,NO_OTHER_SPECIFIC_NOTE_ADDED,,3364,89154f7f437bca8cdeffc5782db7209afb2d8fa7cc79b98cb29c9137e8840ac8,decision_reason
K201012:setting,setting,DIAGNOSTIC_INTERPRETATION;OTHER,,MULTILABEL_OTHER_ATTRIBUTION_NOT_ISOLATED,,NO_OTHER_SPECIFIC_NOTE_ADDED,,3388,89154f7f437bca8cdeffc5782db7209afb2d8fa7cc79b98cb29c9137e8840ac8,decision_reason
K201020:output,output,DETECTION_OR_ALERT;OTHER,,MULTILABEL_OTHER_ATTRIBUTION_NOT_ISOLATED,,NO_OTHER_SPECIFIC_NOTE_ADDED,,3398,89154f7f437bca8cdeffc5782db7209afb2d8fa7cc79b98cb29c9137e8840ac8,decision_reason
K201020:setting,setting,ACUTE_TRIAGE_OR_EMERGENCY;OTHER,,MULTILABEL_OTHER_ATTRIBUTION_NOT_ISOLATED,,NO_OTHER_SPECIFIC_NOTE_ADDED,,3400,89154f7f437bca8cdeffc5782db7209afb2d8fa7cc79b98cb29c9137e8840ac8,decision_reason
K201232:setting,setting,OTHER,Healthcare radiotherapy-planning context.,SINGLE_OTHER_EXISTING_FIELD_REASON,en_or_latin,RETAINED_ENGLISH_OR_LATIN_TEXT,f368717c8948bfbbbf262d28456bc33d984f8b8f6e457124d56089f394098bc2,3430,89154f7f437bca8cdeffc5782db7209afb2d8fa7cc79b98cb29c9137e8840ac8,decision_reason
K201298:output,output,CLASSIFICATION_OR_DIAGNOSIS;MEASUREMENT_OR_QUANTIFICATION;OTHER,,MULTILABEL_OTHER_ATTRIBUTION_NOT_ISOLATED,,NO_OTHER_SPECIFIC_NOTE_ADDED,,470,89154f7f437bca8cdeffc5782db7209afb2d8fa7cc79b98cb29c9137e8840ac8,decision_reason
K201310:setting,setting,ACUTE_TRIAGE_OR_EMERGENCY;OTHER,,MULTILABEL_OTHER_ATTRIBUTION_NOT_ISOLATED,,NO_OTHER_SPECIFIC_NOTE_ADDED,,3436,89154f7f437bca8cdeffc5782db7209afb2d8fa7cc79b98cb29c9137e8840ac8,decision_reason
K201444:setting,setting,OTHER,Radiotherapy case preparation.,SINGLE_OTHER_EXISTING_FIELD_REASON,en_or_latin,RETAINED_ENGLISH_OR_LATIN_TEXT,ecfbb48357c254a53c5548e8ab7a6b52735f461bf7d5747a4284456d9485dc83,3454,89154f7f437bca8cdeffc5782db7209afb2d8fa7cc79b98cb29c9137e8840ac8,decision_reason
K201632:setting,setting,DIAGNOSTIC_INTERPRETATION;OTHER,,MULTILABEL_OTHER_ATTRIBUTION_NOT_ISOLATED,,NO_OTHER_SPECIFIC_NOTE_ADDED,,3478,89154f7f437bca8cdeffc5782db7209afb2d8fa7cc79b98cb29c9137e8840ac8,decision_reason
K201745:setting,setting,OTHER,CT reconstruction/acquisition context.,SINGLE_OTHER_EXISTING_FIELD_REASON,en_or_latin,RETAINED_ENGLISH_OR_LATIN_TEXT,01fb831e50aeaa86549735769531249036e23fe85b575c5b3008667d3ea7bd2d,3490,89154f7f437bca8cdeffc5782db7209afb2d8fa7cc79b98cb29c9137e8840ac8,decision_reason
K201836:setting,setting,DIAGNOSTIC_INTERPRETATION;OTHER,,MULTILABEL_OTHER_ATTRIBUTION_NOT_ISOLATED,,NO_OTHER_SPECIFIC_NOTE_ADDED,,3496,89154f7f437bca8cdeffc5782db7209afb2d8fa7cc79b98cb29c9137e8840ac8,decision_reason
K201985:output,output,CLASSIFICATION_OR_DIAGNOSIS;MEASUREMENT_OR_QUANTIFICATION;OTHER,,MULTILABEL_OTHER_ATTRIBUTION_NOT_ISOLATED,,NO_OTHER_SPECIFIC_NOTE_ADDED,,476,89154f7f437bca8cdeffc5782db7209afb2d8fa7cc79b98cb29c9137e8840ac8,decision_reason
K201985:setting,setting,DIAGNOSTIC_INTERPRETATION;OTHER,,MULTILABEL_OTHER_ATTRIBUTION_NOT_ISOLATED,,NO_OTHER_SPECIFIC_NOTE_ADDED,,478,89154f7f437bca8cdeffc5782db7209afb2d8fa7cc79b98cb29c9137e8840ac8,decision_reason
K201992:output,output,RECOMMENDATION_OR_PLANNING;CONTROL_OR_AUTOMATION;OTHER,,MULTILABEL_OTHER_ATTRIBUTION_NOT_ISOLATED,,NO_OTHER_SPECIFIC_NOTE_ADDED,,3500,89154f7f437bca8cdeffc5782db7209afb2d8fa7cc79b98cb29c9137e8840ac8,decision_reason
K201992:setting,setting,OTHER,Ultrasound acquisition context; specific place not asserted.,SINGLE_OTHER_EXISTING_FIELD_REASON,en_or_latin,RETAINED_ENGLISH_OR_LATIN_TEXT,9fed1fb984e4e61de625acc06877888878adb7d7222d1e03e62363d5467335d0,3502,89154f7f437bca8cdeffc5782db7209afb2d8fa7cc79b98cb29c9137e8840ac8,decision_reason
K202089:input,input,MEDICAL_IMAGE;OTHER,separate pH-strip color image,EXPLICIT_OTHER_ASSIGNMENT_IN_RETAINED_REASON,en_or_latin,RETAINED_ENGLISH_OR_LATIN_TEXT,88cb4759ed82fa734a336a9ab326914681dfbc5bc8676d63a020856bf655ca1b,1465,89154f7f437bca8cdeffc5782db7209afb2d8fa7cc79b98cb29c9137e8840ac8,decision_reason
K202089:setting,setting,HOME_OR_CONSUMER;OTHER,,MULTILABEL_OTHER_ATTRIBUTION_NOT_ISOLATED,,NO_OTHER_SPECIFIC_NOTE_ADDED,,1468,89154f7f437bca8cdeffc5782db7209afb2d8fa7cc79b98cb29c9137e8840ac8,decision_reason
K202170:setting,setting,DIAGNOSTIC_INTERPRETATION;OTHER,,MULTILABEL_OTHER_ATTRIBUTION_NOT_ISOLATED,,NO_OTHER_SPECIFIC_NOTE_ADDED,,3514,89154f7f437bca8cdeffc5782db7209afb2d8fa7cc79b98cb29c9137e8840ac8,decision_reason
K202212:setting,setting,OTHER,"Preprocedural planning, not operating-room use or diagnosis.",SINGLE_OTHER_EXISTING_FIELD_REASON,en_or_latin,RETAINED_ENGLISH_OR_LATIN_TEXT,7a8015d922172f2258176fc739240028588edd75df9f978b05e037b61bfafd24,3520,89154f7f437bca8cdeffc5782db7209afb2d8fa7cc79b98cb29c9137e8840ac8,decision_reason
K202229:setting,setting,DIAGNOSTIC_INTERPRETATION;MONITORING;OTHER,,MULTILABEL_OTHER_ATTRIBUTION_NOT_ISOLATED,,NO_OTHER_SPECIFIC_NOTE_ADDED,,3526,89154f7f437bca8cdeffc5782db7209afb2d8fa7cc79b98cb29c9137e8840ac8,decision_reason
K202238:setting,setting,DIAGNOSTIC_INTERPRETATION;OTHER,,MULTILABEL_OTHER_ATTRIBUTION_NOT_ISOLATED,,NO_OTHER_SPECIFIC_NOTE_ADDED,,3532,89154f7f437bca8cdeffc5782db7209afb2d8fa7cc79b98cb29c9137e8840ac8,decision_reason
K202284:setting,setting,OTHER,"Radiotherapy planning context, not treatment-room delivery.",SINGLE_OTHER_EXISTING_FIELD_REASON,en_or_latin,RETAINED_ENGLISH_OR_LATIN_TEXT,0bd9366debdb1de76c2e0b018f718f4196166b1329082ebdb6e2720aa84434aa,3544,89154f7f437bca8cdeffc5782db7209afb2d8fa7cc79b98cb29c9137e8840ac8,decision_reason
K202300:output,output,RISK_SCORE_OR_PREDICTION;DETECTION_OR_ALERT;OTHER,,MULTILABEL_OTHER_ATTRIBUTION_NOT_ISOLATED,,NO_OTHER_SPECIFIC_NOTE_ADDED,,3548,89154f7f437bca8cdeffc5782db7209afb2d8fa7cc79b98cb29c9137e8840ac8,decision_reason
K202300:setting,setting,DIAGNOSTIC_INTERPRETATION;MONITORING;OTHER,,MULTILABEL_OTHER_ATTRIBUTION_NOT_ISOLATED,,NO_OTHER_SPECIFIC_NOTE_ADDED,,3550,89154f7f437bca8cdeffc5782db7209afb2d8fa7cc79b98cb29c9137e8840ac8,decision_reason
K202404:setting,setting,OTHER,Physician-office/clinic/hospital image review; admission status not specified.,SINGLE_OTHER_EXISTING_FIELD_REASON,en_or_latin,RETAINED_ENGLISH_OR_LATIN_TEXT,7a69779e80400a0f8a8f26fcc59eed79d050afd6d51c36f6b72a4733e14f5ee1,3556,89154f7f437bca8cdeffc5782db7209afb2d8fa7cc79b98cb29c9137e8840ac8,decision_reason
K202441:setting,setting,DIAGNOSTIC_INTERPRETATION;OTHER,,MULTILABEL_OTHER_ATTRIBUTION_NOT_ISOLATED,,NO_OTHER_SPECIFIC_NOTE_ADDED,,3568,89154f7f437bca8cdeffc5782db7209afb2d8fa7cc79b98cb29c9137e8840ac8,decision_reason
K202487:setting,setting,OTHER,"Preoperative knee-surgery planning, not intraoperative guidance.",SINGLE_OTHER_EXISTING_FIELD_REASON,en_or_latin,RETAINED_ENGLISH_OR_LATIN_TEXT,767b12425568658f6083e0c506784a39e34f015d3b03c566b0638268cc2d75a9,3574,89154f7f437bca8cdeffc5782db7209afb2d8fa7cc79b98cb29c9137e8840ac8,decision_reason
K202501:setting,setting,DIAGNOSTIC_INTERPRETATION;OTHER,,MULTILABEL_OTHER_ATTRIBUTION_NOT_ISOLATED,,NO_OTHER_SPECIFIC_NOTE_ADDED,,3580,89154f7f437bca8cdeffc5782db7209afb2d8fa7cc79b98cb29c9137e8840ac8,decision_reason
K202527:setting,setting,MONITORING;DIAGNOSTIC_INTERPRETATION;OTHER,,MULTILABEL_OTHER_ATTRIBUTION_NOT_ISOLATED,,NO_OTHER_SPECIFIC_NOTE_ADDED,,484,89154f7f437bca8cdeffc5782db7209afb2d8fa7cc79b98cb29c9137e8840ac8,decision_reason
K202546:setting,setting,DIAGNOSTIC_INTERPRETATION;OTHER,,MULTILABEL_OTHER_ATTRIBUTION_NOT_ISOLATED,,NO_OTHER_SPECIFIC_NOTE_ADDED,,3586,89154f7f437bca8cdeffc5782db7209afb2d8fa7cc79b98cb29c9137e8840ac8,decision_reason
K202700:setting,setting,OTHER,"Hospital radiotherapy planning, not inpatient or delivery room implied.",SINGLE_OTHER_EXISTING_FIELD_REASON,en_or_latin,RETAINED_ENGLISH_OR_LATIN_TEXT,bb2c33f3f5c77e269d7488c543153971fe2e55c85e5be08fb6382bf87823928a,3592,89154f7f437bca8cdeffc5782db7209afb2d8fa7cc79b98cb29c9137e8840ac8,decision_reason
K202767:setting,setting,DIAGNOSTIC_INTERPRETATION;OTHER,,MULTILABEL_OTHER_ATTRIBUTION_NOT_ISOLATED,,NO_OTHER_SPECIFIC_NOTE_ADDED,,3604,89154f7f437bca8cdeffc5782db7209afb2d8fa7cc79b98cb29c9137e8840ac8,decision_reason
K202928:setting,setting,OTHER,Clinical/hospital treatment planning.,SINGLE_OTHER_EXISTING_FIELD_REASON,en_or_latin,RETAINED_ENGLISH_OR_LATIN_TEXT,8a25c3a9a07f119a526a432f58d826d0223a17f4e9e33dfa7c850d356f2cee1d,3610,89154f7f437bca8cdeffc5782db7209afb2d8fa7cc79b98cb29c9137e8840ac8,decision_reason
K202992:output,output,DETECTION_OR_ALERT;OTHER,,MULTILABEL_OTHER_ATTRIBUTION_NOT_ISOLATED,,NO_OTHER_SPECIFIC_NOTE_ADDED,,3620,89154f7f437bca8cdeffc5782db7209afb2d8fa7cc79b98cb29c9137e8840ac8,decision_reason
K202992:setting,setting,ACUTE_TRIAGE_OR_EMERGENCY;OTHER,,MULTILABEL_OTHER_ATTRIBUTION_NOT_ISOLATED,,NO_OTHER_SPECIFIC_NOTE_ADDED,,3622,89154f7f437bca8cdeffc5782db7209afb2d8fa7cc79b98cb29c9137e8840ac8,decision_reason
K203042:setting,setting,DIAGNOSTIC_INTERPRETATION;OTHER,,MULTILABEL_OTHER_ATTRIBUTION_NOT_ISOLATED,,NO_OTHER_SPECIFIC_NOTE_ADDED,,3628,89154f7f437bca8cdeffc5782db7209afb2d8fa7cc79b98cb29c9137e8840ac8,decision_reason
K203103:setting,setting,DIAGNOSTIC_INTERPRETATION;OTHER,,MULTILABEL_OTHER_ATTRIBUTION_NOT_ISOLATED,,NO_OTHER_SPECIFIC_NOTE_ADDED,,3634,89154f7f437bca8cdeffc5782db7209afb2d8fa7cc79b98cb29c9137e8840ac8,decision_reason
K203169:output,output,OTHER,"Positioning/protocoling workflow outputs named, but exact recommendation/control representation not disclosed.",SINGLE_OTHER_EXISTING_FIELD_REASON,en_or_latin,RETAINED_ENGLISH_OR_LATIN_TEXT,51d7cefd32cd09a38cc26edaead31fc9c16153b0eaa642318879bafc4af698f0,3638,89154f7f437bca8cdeffc5782db7209afb2d8fa7cc79b98cb29c9137e8840ac8,decision_reason
K203169:setting,setting,OTHER,CT acquisition setup workflow.,SINGLE_OTHER_EXISTING_FIELD_REASON,en_or_latin,RETAINED_ENGLISH_OR_LATIN_TEXT,d2b104bb5d782679485ef98cfb3a5adb88f5f15c9387c9fb8414c5b082f411bb,3640,89154f7f437bca8cdeffc5782db7209afb2d8fa7cc79b98cb29c9137e8840ac8,decision_reason
K203182:setting,setting,OTHER,Imaging-center/clinic/hospital image-processing context.,SINGLE_OTHER_EXISTING_FIELD_REASON,en_or_latin,RETAINED_ENGLISH_OR_LATIN_TEXT,155e888b5631b21836d4372a9dc5ca0d508b8438d436814e63399d9d2c04e71a,3646,89154f7f437bca8cdeffc5782db7209afb2d8fa7cc79b98cb29c9137e8840ac8,decision_reason
K203225:setting,setting,DIAGNOSTIC_INTERPRETATION;OTHER,,MULTILABEL_OTHER_ATTRIBUTION_NOT_ISOLATED,,NO_OTHER_SPECIFIC_NOTE_ADDED,,3652,89154f7f437bca8cdeffc5782db7209afb2d8fa7cc79b98cb29c9137e8840ac8,decision_reason
K203235:setting,setting,OTHER,Radiotherapy planning context.,SINGLE_OTHER_EXISTING_FIELD_REASON,en_or_latin,RETAINED_ENGLISH_OR_LATIN_TEXT,5e86466a33c3ecee690de28054fe724327b889711be1e7de1c7530c0d9a9fd67,3658,89154f7f437bca8cdeffc5782db7209afb2d8fa7cc79b98cb29c9137e8840ac8,decision_reason
K203280:setting,setting,DIAGNOSTIC_INTERPRETATION;OTHER,,MULTILABEL_OTHER_ATTRIBUTION_NOT_ISOLATED,,NO_OTHER_SPECIFIC_NOTE_ADDED,,3682,89154f7f437bca8cdeffc5782db7209afb2d8fa7cc79b98cb29c9137e8840ac8,decision_reason
K203314:setting,setting,DIAGNOSTIC_INTERPRETATION;MONITORING;OTHER,,MULTILABEL_OTHER_ATTRIBUTION_NOT_ISOLATED,,NO_OTHER_SPECIFIC_NOTE_ADDED,,3688,89154f7f437bca8cdeffc5782db7209afb2d8fa7cc79b98cb29c9137e8840ac8,decision_reason
K203323:setting,setting,DIAGNOSTIC_INTERPRETATION;OTHER,,MULTILABEL_OTHER_ATTRIBUTION_NOT_ISOLATED,,NO_OTHER_SPECIFIC_NOTE_ADDED,,3694,89154f7f437bca8cdeffc5782db7209afb2d8fa7cc79b98cb29c9137e8840ac8,decision_reason
K203443:setting,setting,DIAGNOSTIC_INTERPRETATION;OTHER,,MULTILABEL_OTHER_ATTRIBUTION_NOT_ISOLATED,,NO_OTHER_SPECIFIC_NOTE_ADDED,,3700,89154f7f437bca8cdeffc5782db7209afb2d8fa7cc79b98cb29c9137e8840ac8,decision_reason
K203448:setting,setting,SCREENING;OTHER,,MULTILABEL_OTHER_ATTRIBUTION_NOT_ISOLATED,,NO_OTHER_SPECIFIC_NOTE_ADDED,,3706,89154f7f437bca8cdeffc5782db7209afb2d8fa7cc79b98cb29c9137e8840ac8,decision_reason
K203469:setting,setting,OTHER,Radiotherapy planning context.,SINGLE_OTHER_EXISTING_FIELD_REASON,en_or_latin,RETAINED_ENGLISH_OR_LATIN_TEXT,5e86466a33c3ecee690de28054fe724327b889711be1e7de1c7530c0d9a9fd67,3712,89154f7f437bca8cdeffc5782db7209afb2d8fa7cc79b98cb29c9137e8840ac8,decision_reason
K203508:output,output,DETECTION_OR_ALERT;OTHER,,MULTILABEL_OTHER_ATTRIBUTION_NOT_ISOLATED,,NO_OTHER_SPECIFIC_NOTE_ADDED,,3722,89154f7f437bca8cdeffc5782db7209afb2d8fa7cc79b98cb29c9137e8840ac8,decision_reason
K203508:setting,setting,ACUTE_TRIAGE_OR_EMERGENCY;OTHER,,MULTILABEL_OTHER_ATTRIBUTION_NOT_ISOLATED,,NO_OTHER_SPECIFIC_NOTE_ADDED,,3724,89154f7f437bca8cdeffc5782db7209afb2d8fa7cc79b98cb29c9137e8840ac8,decision_reason
K203514:setting,setting,OUTPATIENT;OTHER,,MULTILABEL_OTHER_ATTRIBUTION_NOT_ISOLATED,,NO_OTHER_SPECIFIC_NOTE_ADDED,,3730,89154f7f437bca8cdeffc5782db7209afb2d8fa7cc79b98cb29c9137e8840ac8,decision_reason
K203517:output,output,DETECTION_OR_ALERT;OTHER,,MULTILABEL_OTHER_ATTRIBUTION_NOT_ISOLATED,,NO_OTHER_SPECIFIC_NOTE_ADDED,,3734,89154f7f437bca8cdeffc5782db7209afb2d8fa7cc79b98cb29c9137e8840ac8,decision_reason
K203582:setting,setting,DIAGNOSTIC_INTERPRETATION;OTHER,,MULTILABEL_OTHER_ATTRIBUTION_NOT_ISOLATED,,NO_OTHER_SPECIFIC_NOTE_ADDED,,3754,89154f7f437bca8cdeffc5782db7209afb2d8fa7cc79b98cb29c9137e8840ac8,decision_reason
K203610:setting,setting,OTHER,Radiotherapy planning.,SINGLE_OTHER_EXISTING_FIELD_REASON,en_or_latin,RETAINED_ENGLISH_OR_LATIN_TEXT,5d84dfa8a56597484df92182a1c5780e78af2ebf82f853bccb194cc3ae141389,3760,89154f7f437bca8cdeffc5782db7209afb2d8fa7cc79b98cb29c9137e8840ac8,decision_reason
K203617:setting,setting,OTHER,Radiotherapy simulation/planning and routine CT visualization.,SINGLE_OTHER_EXISTING_FIELD_REASON,en_or_latin,RETAINED_ENGLISH_OR_LATIN_TEXT,935aad795bac4afc93ac27bd77b7b00fdd351a68b07d1c94e7c194e5c9c065d7,3766,89154f7f437bca8cdeffc5782db7209afb2d8fa7cc79b98cb29c9137e8840ac8,decision_reason
K203629:output,output,CLASSIFICATION_OR_DIAGNOSIS;RECOMMENDATION_OR_PLANNING;OTHER,,MULTILABEL_OTHER_ATTRIBUTION_NOT_ISOLATED,,NO_OTHER_SPECIFIC_NOTE_ADDED,,2030,89154f7f437bca8cdeffc5782db7209afb2d8fa7cc79b98cb29c9137e8840ac8,decision_reason
K210001:setting,setting,OTHER,Onsite PET reconstruction and image-review context.,SINGLE_OTHER_EXISTING_FIELD_REASON,en_or_latin,RETAINED_ENGLISH_OR_LATIN_TEXT,6bcb4601dbe75c391849d99ea583528594bbe1b0efda3e13cd0daf5b6640698e,3802,89154f7f437bca8cdeffc5782db7209afb2d8fa7cc79b98cb29c9137e8840ac8,decision_reason
K210034:setting,setting,HOME_OR_CONSUMER;DIAGNOSTIC_INTERPRETATION;OTHER,,MULTILABEL_OTHER_ATTRIBUTION_NOT_ISOLATED,,NO_OTHER_SPECIFIC_NOTE_ADDED,,1672,89154f7f437bca8cdeffc5782db7209afb2d8fa7cc79b98cb29c9137e8840ac8,decision_reason
K210069:input,input,OTHER,"Smartphone colorimetric strip/Color-Board imagery; specimen is upstream urine, not direct model input.",SINGLE_OTHER_EXISTING_FIELD_REASON,en_or_latin,RETAINED_ENGLISH_OR_LATIN_TEXT,197f56a4f30eeaf1f12904e250ee21eff73e3853a53aeff0cfaed87a5a2662db,1081,89154f7f437bca8cdeffc5782db7209afb2d8fa7cc79b98cb29c9137e8840ac8,decision_reason
K210209:output,output,DETECTION_OR_ALERT;OTHER,,MULTILABEL_OTHER_ATTRIBUTION_NOT_ISOLATED,,NO_OTHER_SPECIFIC_NOTE_ADDED,,3830,89154f7f437bca8cdeffc5782db7209afb2d8fa7cc79b98cb29c9137e8840ac8,decision_reason
K210209:setting,setting,ACUTE_TRIAGE_OR_EMERGENCY;OTHER,,MULTILABEL_OTHER_ATTRIBUTION_NOT_ISOLATED,,NO_OTHER_SPECIFIC_NOTE_ADDED,,3832,89154f7f437bca8cdeffc5782db7209afb2d8fa7cc79b98cb29c9137e8840ac8,decision_reason
K210237:output,output,DETECTION_OR_ALERT;OTHER,,MULTILABEL_OTHER_ATTRIBUTION_NOT_ISOLATED,,NO_OTHER_SPECIFIC_NOTE_ADDED,,3836,89154f7f437bca8cdeffc5782db7209afb2d8fa7cc79b98cb29c9137e8840ac8,decision_reason
K210237:setting,setting,ACUTE_TRIAGE_OR_EMERGENCY;OTHER,,MULTILABEL_OTHER_ATTRIBUTION_NOT_ISOLATED,,NO_OTHER_SPECIFIC_NOTE_ADDED,,3838,89154f7f437bca8cdeffc5782db7209afb2d8fa7cc79b98cb29c9137e8840ac8,decision_reason
K210365:setting,setting,DIAGNOSTIC_INTERPRETATION;OTHER,,MULTILABEL_OTHER_ATTRIBUTION_NOT_ISOLATED,,NO_OTHER_SPECIFIC_NOTE_ADDED,,3844,89154f7f437bca8cdeffc5782db7209afb2d8fa7cc79b98cb29c9137e8840ac8,decision_reason
K210404:setting,setting,SCREENING;OTHER,,MULTILABEL_OTHER_ATTRIBUTION_NOT_ISOLATED,,NO_OTHER_SPECIFIC_NOTE_ADDED,,3850,89154f7f437bca8cdeffc5782db7209afb2d8fa7cc79b98cb29c9137e8840ac8,decision_reason
K210458:output,output,OTHER,Automated EEL/calcium morphology assessment; specific exposed contours/numeric outputs not detailed.,SINGLE_OTHER_EXISTING_FIELD_REASON,en_or_latin,RETAINED_ENGLISH_OR_LATIN_TEXT,a990a267b63601e4162a8def6d479e5216c48f1363c677c39e71d4965931cb25,3866,89154f7f437bca8cdeffc5782db7209afb2d8fa7cc79b98cb29c9137e8840ac8,decision_reason
K210556:setting,setting,OTHER,"Preoperative shoulder arthroplasty planning, not diagnostic use.",SINGLE_OTHER_EXISTING_FIELD_REASON,en_or_latin,RETAINED_ENGLISH_OR_LATIN_TEXT,63306647c0ba48994e89d80b90c5d115e882fc1c6dbeb29381bcea1a709267cb,3874,89154f7f437bca8cdeffc5782db7209afb2d8fa7cc79b98cb29c9137e8840ac8,decision_reason
K210611:setting,setting,DIAGNOSTIC_INTERPRETATION;OTHER,,MULTILABEL_OTHER_ATTRIBUTION_NOT_ISOLATED,,NO_OTHER_SPECIFIC_NOTE_ADDED,,3880,89154f7f437bca8cdeffc5782db7209afb2d8fa7cc79b98cb29c9137e8840ac8,decision_reason
K210632:setting,setting,OTHER;MONITORING,,MULTILABEL_OTHER_ATTRIBUTION_NOT_ISOLATED,,NO_OTHER_SPECIFIC_NOTE_ADDED,,3886,89154f7f437bca8cdeffc5782db7209afb2d8fa7cc79b98cb29c9137e8840ac8,decision_reason
K210645:setting,setting,OTHER,Radiation treatment planning; new medical-oncology workflow not assigned to ML.,SINGLE_OTHER_EXISTING_FIELD_REASON,en_or_latin,RETAINED_ENGLISH_OR_LATIN_TEXT,f0356b69064c6c13ad8e631d315153d9d048cfc50dc17704c0124e58930dd4aa,3892,89154f7f437bca8cdeffc5782db7209afb2d8fa7cc79b98cb29c9137e8840ac8,decision_reason
K210719:setting,setting,DIAGNOSTIC_INTERPRETATION;OTHER,,MULTILABEL_OTHER_ATTRIBUTION_NOT_ISOLATED,,NO_OTHER_SPECIFIC_NOTE_ADDED,,3910,89154f7f437bca8cdeffc5782db7209afb2d8fa7cc79b98cb29c9137e8840ac8,decision_reason
K210719:user,user,OTHER_PHYSICIAN;OTHER_CLINICIAN;OTHER,,MULTILABEL_OTHER_ATTRIBUTION_NOT_ISOLATED,,NO_OTHER_SPECIFIC_NOTE_ADDED,,3909,89154f7f437bca8cdeffc5782db7209afb2d8fa7cc79b98cb29c9137e8840ac8,decision_reason
K210747:output,output,MEASUREMENT_OR_QUANTIFICATION;OTHER,,MULTILABEL_OTHER_ATTRIBUTION_NOT_ISOLATED,,NO_OTHER_SPECIFIC_NOTE_ADDED,,3914,89154f7f437bca8cdeffc5782db7209afb2d8fa7cc79b98cb29c9137e8840ac8,decision_reason
K210760:setting,setting,DIAGNOSTIC_INTERPRETATION;OTHER,,MULTILABEL_OTHER_ATTRIBUTION_NOT_ISOLATED,,NO_OTHER_SPECIFIC_NOTE_ADDED,,3922,89154f7f437bca8cdeffc5782db7209afb2d8fa7cc79b98cb29c9137e8840ac8,decision_reason
K210807:output,output,SEGMENTATION_OR_LOCALIZATION;OTHER,,MULTILABEL_OTHER_ATTRIBUTION_NOT_ISOLATED,,NO_OTHER_SPECIFIC_NOTE_ADDED,,3932,89154f7f437bca8cdeffc5782db7209afb2d8fa7cc79b98cb29c9137e8840ac8,decision_reason
K210822:setting,setting,MONITORING;DIAGNOSTIC_INTERPRETATION;OTHER,,MULTILABEL_OTHER_ATTRIBUTION_NOT_ISOLATED,,NO_OTHER_SPECIFIC_NOTE_ADDED,,508,89154f7f437bca8cdeffc5782db7209afb2d8fa7cc79b98cb29c9137e8840ac8,decision_reason
K210822:user,user,TECHNOLOGIST_OR_OPERATOR;OTHER_PHYSICIAN;OTHER_CLINICIAN;OTHER,,MULTILABEL_OTHER_ATTRIBUTION_NOT_ISOLATED,,NO_OTHER_SPECIFIC_NOTE_ADDED,,507,89154f7f437bca8cdeffc5782db7209afb2d8fa7cc79b98cb29c9137e8840ac8,decision_reason
K210831:setting,setting,DIAGNOSTIC_INTERPRETATION;MONITORING;OTHER,,MULTILABEL_OTHER_ATTRIBUTION_NOT_ISOLATED,,NO_OTHER_SPECIFIC_NOTE_ADDED,,3940,89154f7f437bca8cdeffc5782db7209afb2d8fa7cc79b98cb29c9137e8840ac8,decision_reason
K210999:setting,setting,OTHER,Professional MRI image-processing workflow at imaging center/clinic/hospital.,SINGLE_OTHER_EXISTING_FIELD_REASON,en_or_latin,RETAINED_ENGLISH_OR_LATIN_TEXT,3c96f39338a456338613976d8ec64b6d83fa4ddaeeaae4cd3c4df690a55b39f4,3946,89154f7f437bca8cdeffc5782db7209afb2d8fa7cc79b98cb29c9137e8840ac8,decision_reason
K211118:setting,setting,DIAGNOSTIC_INTERPRETATION;OTHER,,MULTILABEL_OTHER_ATTRIBUTION_NOT_ISOLATED,,NO_OTHER_SPECIFIC_NOTE_ADDED,,3952,89154f7f437bca8cdeffc5782db7209afb2d8fa7cc79b98cb29c9137e8840ac8,decision_reason
K211179:output,output,DETECTION_OR_ALERT;OTHER,,MULTILABEL_OTHER_ATTRIBUTION_NOT_ISOLATED,,NO_OTHER_SPECIFIC_NOTE_ADDED,,3962,89154f7f437bca8cdeffc5782db7209afb2d8fa7cc79b98cb29c9137e8840ac8,decision_reason
K211179:setting,setting,ACUTE_TRIAGE_OR_EMERGENCY;OTHER,,MULTILABEL_OTHER_ATTRIBUTION_NOT_ISOLATED,,NO_OTHER_SPECIFIC_NOTE_ADDED,,3964,89154f7f437bca8cdeffc5782db7209afb2d8fa7cc79b98cb29c9137e8840ac8,decision_reason
K211222:setting,setting,MONITORING;OTHER,,MULTILABEL_OTHER_ATTRIBUTION_NOT_ISOLATED,,NO_OTHER_SPECIFIC_NOTE_ADDED,,3970,89154f7f437bca8cdeffc5782db7209afb2d8fa7cc79b98cb29c9137e8840ac8,decision_reason
K211379:setting,setting,OTHER,Radiotherapy preparation.,SINGLE_OTHER_EXISTING_FIELD_REASON,en_or_latin,RETAINED_ENGLISH_OR_LATIN_TEXT,7f83340aa4106ba84bf3e13e77d7f4bdd9094696c0a7677bfa4000c74321e9ad,3982,89154f7f437bca8cdeffc5782db7209afb2d8fa7cc79b98cb29c9137e8840ac8,decision_reason
K211443:setting,setting,PROCEDURAL_OR_OPERATING_ROOM;OTHER,,MULTILABEL_OTHER_ATTRIBUTION_NOT_ISOLATED,,NO_OTHER_SPECIFIC_NOTE_ADDED,,3994,89154f7f437bca8cdeffc5782db7209afb2d8fa7cc79b98cb29c9137e8840ac8,decision_reason
K211655:setting,setting,DIAGNOSTIC_INTERPRETATION;OTHER,,MULTILABEL_OTHER_ATTRIBUTION_NOT_ISOLATED,,NO_OTHER_SPECIFIC_NOTE_ADDED,,4030,89154f7f437bca8cdeffc5782db7209afb2d8fa7cc79b98cb29c9137e8840ac8,decision_reason
K211655:user,user,OTHER_CLINICIAN;OTHER,,MULTILABEL_OTHER_ATTRIBUTION_NOT_ISOLATED,,NO_OTHER_SPECIFIC_NOTE_ADDED,,4029,89154f7f437bca8cdeffc5782db7209afb2d8fa7cc79b98cb29c9137e8840ac8,decision_reason
K211788:output,output,DETECTION_OR_ALERT;OTHER,,MULTILABEL_OTHER_ATTRIBUTION_NOT_ISOLATED,,NO_OTHER_SPECIFIC_NOTE_ADDED,,4052,89154f7f437bca8cdeffc5782db7209afb2d8fa7cc79b98cb29c9137e8840ac8,decision_reason
K211803:output,output,DETECTION_OR_ALERT;OTHER,,MULTILABEL_OTHER_ATTRIBUTION_NOT_ISOLATED,,NO_OTHER_SPECIFIC_NOTE_ADDED,,4058,89154f7f437bca8cdeffc5782db7209afb2d8fa7cc79b98cb29c9137e8840ac8,decision_reason
K211824:setting,setting,DIAGNOSTIC_INTERPRETATION;OTHER,,MULTILABEL_OTHER_ATTRIBUTION_NOT_ISOLATED,,NO_OTHER_SPECIFIC_NOTE_ADDED,,4066,89154f7f437bca8cdeffc5782db7209afb2d8fa7cc79b98cb29c9137e8840ac8,decision_reason
K211828:setting,setting,DIAGNOSTIC_INTERPRETATION;OTHER,,MULTILABEL_OTHER_ATTRIBUTION_NOT_ISOLATED,,NO_OTHER_SPECIFIC_NOTE_ADDED,,4072,89154f7f437bca8cdeffc5782db7209afb2d8fa7cc79b98cb29c9137e8840ac8,decision_reason
K211841:setting,setting,OTHER,Adult radiotherapy planning.,SINGLE_OTHER_EXISTING_FIELD_REASON,en_or_latin,RETAINED_ENGLISH_OR_LATIN_TEXT,f50ce66bfe2af9ea8b168a764780c6eea4968150f6cf0cc8287945a3aef39547,4078,89154f7f437bca8cdeffc5782db7209afb2d8fa7cc79b98cb29c9137e8840ac8,decision_reason
K211867:setting,setting,OTHER,Radiation treatment planning.,SINGLE_OTHER_EXISTING_FIELD_REASON,en_or_latin,RETAINED_ENGLISH_OR_LATIN_TEXT,13501e3bf0ac196ac3b2f821a5b36589052d75364c3fa912c8a5b1b19b9f3874,4090,89154f7f437bca8cdeffc5782db7209afb2d8fa7cc79b98cb29c9137e8840ac8,decision_reason
K211881:setting,setting,OTHER,Radiotherapy preparation.,SINGLE_OTHER_EXISTING_FIELD_REASON,en_or_latin,RETAINED_ENGLISH_OR_LATIN_TEXT,7f83340aa4106ba84bf3e13e77d7f4bdd9094696c0a7677bfa4000c74321e9ad,4096,89154f7f437bca8cdeffc5782db7209afb2d8fa7cc79b98cb29c9137e8840ac8,decision_reason
K211906:setting,setting,MONITORING;OTHER,,MULTILABEL_OTHER_ATTRIBUTION_NOT_ISOLATED,,NO_OTHER_SPECIFIC_NOTE_ADDED,,514,89154f7f437bca8cdeffc5782db7209afb2d8fa7cc79b98cb29c9137e8840ac8,decision_reason
K211906:user,user,OTHER_CLINICIAN;OTHER,,MULTILABEL_OTHER_ATTRIBUTION_NOT_ISOLATED,,NO_OTHER_SPECIFIC_NOTE_ADDED,,513,89154f7f437bca8cdeffc5782db7209afb2d8fa7cc79b98cb29c9137e8840ac8,decision_reason
K211945:setting,setting,DIAGNOSTIC_INTERPRETATION;OTHER,,MULTILABEL_OTHER_ATTRIBUTION_NOT_ISOLATED,,NO_OTHER_SPECIFIC_NOTE_ADDED,,4102,89154f7f437bca8cdeffc5782db7209afb2d8fa7cc79b98cb29c9137e8840ac8,decision_reason
K211964:setting,setting,OTHER,Radiology PET image-processing workflow.,SINGLE_OTHER_EXISTING_FIELD_REASON,en_or_latin,RETAINED_ENGLISH_OR_LATIN_TEXT,aa81f6d28a811cac9957ebc98ac81f7847af06a374626e538c8e15073213d782,4108,89154f7f437bca8cdeffc5782db7209afb2d8fa7cc79b98cb29c9137e8840ac8,decision_reason
K211966:setting,setting,DIAGNOSTIC_INTERPRETATION;OTHER,,MULTILABEL_OTHER_ATTRIBUTION_NOT_ISOLATED,,NO_OTHER_SPECIFIC_NOTE_ADDED,,4114,89154f7f437bca8cdeffc5782db7209afb2d8fa7cc79b98cb29c9137e8840ac8,decision_reason
K212005:setting,setting,OTHER,Preoperative spine surgery planning.,SINGLE_OTHER_EXISTING_FIELD_REASON,en_or_latin,RETAINED_ENGLISH_OR_LATIN_TEXT,9c0a2f959c67d00258ef2419cd60140774371dd738712218264979a2bfe723c9,4126,89154f7f437bca8cdeffc5782db7209afb2d8fa7cc79b98cb29c9137e8840ac8,decision_reason
K212005:user,user,OTHER_PHYSICIAN;OTHER_CLINICIAN;OTHER,,MULTILABEL_OTHER_ATTRIBUTION_NOT_ISOLATED,,NO_OTHER_SPECIFIC_NOTE_ADDED,,4125,89154f7f437bca8cdeffc5782db7209afb2d8fa7cc79b98cb29c9137e8840ac8,decision_reason
K212012:setting,setting,OTHER;MONITORING,,MULTILABEL_OTHER_ATTRIBUTION_NOT_ISOLATED,,NO_OTHER_SPECIFIC_NOTE_ADDED,,4132,89154f7f437bca8cdeffc5782db7209afb2d8fa7cc79b98cb29c9137e8840ac8,decision_reason
K212067:setting,setting,OTHER,"Routine CT reconstruction, not screening inferred from tests.",SINGLE_OTHER_EXISTING_FIELD_REASON,en_or_latin,RETAINED_ENGLISH_OR_LATIN_TEXT,65dd80c9498d8bfac7a8fc4ace2d850eba46e01bc33e16a05a0bdf328762bed3,4138,89154f7f437bca8cdeffc5782db7209afb2d8fa7cc79b98cb29c9137e8840ac8,decision_reason
K212074:setting,setting,OTHER,"CT image-processing/PACS workflow, care site unspecified.",SINGLE_OTHER_EXISTING_FIELD_REASON,en_or_latin,RETAINED_ENGLISH_OR_LATIN_TEXT,8346d03eb39f5b13464430eb46641c42db4e8a47caa0c6411af55249b4845b3a,4144,89154f7f437bca8cdeffc5782db7209afb2d8fa7cc79b98cb29c9137e8840ac8,decision_reason
K212116:output,output,SEGMENTATION_OR_LOCALIZATION;OTHER,rigidly registered data,EXPLICIT_OTHER_ASSIGNMENT_IN_RETAINED_REASON,en_or_latin,RETAINED_ENGLISH_OR_LATIN_TEXT,55e3b7b0bf652fbf4d7eceac27e27f99536d84bc7d86835569bc5f9cf0551a6d,4154,89154f7f437bca8cdeffc5782db7209afb2d8fa7cc79b98cb29c9137e8840ac8,decision_reason
K212116:setting,setting,OTHER,Adult brain RT preparation.,SINGLE_OTHER_EXISTING_FIELD_REASON,en_or_latin,RETAINED_ENGLISH_OR_LATIN_TEXT,20314492794c4b89452033cdaf085df45eac559d761c40f5114245761aa7d42c,4156,89154f7f437bca8cdeffc5782db7209afb2d8fa7cc79b98cb29c9137e8840ac8,decision_reason
K212218:setting,setting,OTHER,Radiotherapy planning preparation.,SINGLE_OTHER_EXISTING_FIELD_REASON,en_or_latin,RETAINED_ENGLISH_OR_LATIN_TEXT,88f140d9c2da6c105f63289f40d7e436cbb5d95ef4e1282030b55d3502215b10,4162,89154f7f437bca8cdeffc5782db7209afb2d8fa7cc79b98cb29c9137e8840ac8,decision_reason
K212218:user,user,OTHER_CLINICIAN;OTHER,,MULTILABEL_OTHER_ATTRIBUTION_NOT_ISOLATED,,NO_OTHER_SPECIFIC_NOTE_ADDED,,4161,89154f7f437bca8cdeffc5782db7209afb2d8fa7cc79b98cb29c9137e8840ac8,decision_reason
K212261:output,output,DETECTION_OR_ALERT;OTHER,,MULTILABEL_OTHER_ATTRIBUTION_NOT_ISOLATED,,NO_OTHER_SPECIFIC_NOTE_ADDED,,4172,89154f7f437bca8cdeffc5782db7209afb2d8fa7cc79b98cb29c9137e8840ac8,decision_reason
K212265:action,action,OTHER,Professional plexus visualization only; specific diagnostic/treatment decision not claimed.,SINGLE_OTHER_EXISTING_FIELD_REASON,en_or_latin,RETAINED_ENGLISH_OR_LATIN_TEXT,8b345166214e915a82b5f91fe680fbc673b1c83523400f34aac84af7d3e648b1,4181,89154f7f437bca8cdeffc5782db7209afb2d8fa7cc79b98cb29c9137e8840ac8,decision_reason
K212265:setting,setting,OTHER,"Ultrasound anatomical visualization, not live interventional guidance.",SINGLE_OTHER_EXISTING_FIELD_REASON,en_or_latin,RETAINED_ENGLISH_OR_LATIN_TEXT,02fe2aa0501d101072b5a4f1f6978d72a70f6485adec53fe4dc799c5f964d1ec,4180,89154f7f437bca8cdeffc5782db7209afb2d8fa7cc79b98cb29c9137e8840ac8,decision_reason
K212274:setting,setting,OTHER,Radiotherapy preparation in hospital network; care admission unspecified.,SINGLE_OTHER_EXISTING_FIELD_REASON,en_or_latin,RETAINED_ENGLISH_OR_LATIN_TEXT,636c6664cc59ca280332d1c318a343a35c1c38ac1e2efb68c0c780e9e15b1d12,4192,89154f7f437bca8cdeffc5782db7209afb2d8fa7cc79b98cb29c9137e8840ac8,decision_reason
K212333:setting,setting,DIAGNOSTIC_INTERPRETATION;OTHER,,MULTILABEL_OTHER_ATTRIBUTION_NOT_ISOLATED,,NO_OTHER_SPECIFIC_NOTE_ADDED,,4198,89154f7f437bca8cdeffc5782db7209afb2d8fa7cc79b98cb29c9137e8840ac8,decision_reason
K212365:setting,setting,DIAGNOSTIC_INTERPRETATION;ACUTE_TRIAGE_OR_EMERGENCY;OTHER,,MULTILABEL_OTHER_ATTRIBUTION_NOT_ISOLATED,,NO_OTHER_SPECIFIC_NOTE_ADDED,,4210,89154f7f437bca8cdeffc5782db7209afb2d8fa7cc79b98cb29c9137e8840ac8,decision_reason
K212383:action,action,OTHER,"Intraoperative visual positioning guidance, not autonomous control.",SINGLE_OTHER_EXISTING_FIELD_REASON,en_or_latin,RETAINED_ENGLISH_OR_LATIN_TEXT,f2b66a1ca70c1db449e2ee02b5b15cad17728f012ff4217b0a43982363fe889c,4217,89154f7f437bca8cdeffc5782db7209afb2d8fa7cc79b98cb29c9137e8840ac8,decision_reason
K212383:output,output,OTHER,Registered fusion overlays; motion detection triggers alignment updates.,SINGLE_OTHER_EXISTING_FIELD_REASON,en_or_latin,RETAINED_ENGLISH_OR_LATIN_TEXT,c97c9c651b8536401d61b271c73c7b6c6aa65463fc9f40627314f64ed1fad15c,4214,89154f7f437bca8cdeffc5782db7209afb2d8fa7cc79b98cb29c9137e8840ac8,decision_reason
K212442:action,action,OTHER;TREATMENT_OR_PROCEDURE_PLANNING,,MULTILABEL_OTHER_ATTRIBUTION_NOT_ISOLATED,,NO_OTHER_SPECIFIC_NOTE_ADDED,,4229,89154f7f437bca8cdeffc5782db7209afb2d8fa7cc79b98cb29c9137e8840ac8,decision_reason
K212442:output,output,OTHER,Anatomically aligned operative-map overlay.,SINGLE_OTHER_EXISTING_FIELD_REASON,en_or_latin,RETAINED_ENGLISH_OR_LATIN_TEXT,e29cd5603b3ddcc284cf32433264cd0fd14561b2792f0f3f48ac8f61d6a2c720,4226,89154f7f437bca8cdeffc5782db7209afb2d8fa7cc79b98cb29c9137e8840ac8,decision_reason
K212442:setting,setting,PROCEDURAL_OR_OPERATING_ROOM;OTHER,,MULTILABEL_OTHER_ATTRIBUTION_NOT_ISOLATED,,NO_OTHER_SPECIFIC_NOTE_ADDED,,4228,89154f7f437bca8cdeffc5782db7209afb2d8fa7cc79b98cb29c9137e8840ac8,decision_reason
K212456:setting,setting,DIAGNOSTIC_INTERPRETATION;ACUTE_TRIAGE_OR_EMERGENCY;INPATIENT;OTHER,,MULTILABEL_OTHER_ATTRIBUTION_NOT_ISOLATED,,NO_OTHER_SPECIFIC_NOTE_ADDED,,4234,89154f7f437bca8cdeffc5782db7209afb2d8fa7cc79b98cb29c9137e8840ac8,decision_reason
K212466:setting,setting,OTHER,"Offline healthcare echo-processing workflow, exact care setting unspecified.",SINGLE_OTHER_EXISTING_FIELD_REASON,en_or_latin,RETAINED_ENGLISH_OR_LATIN_TEXT,d55e579917f8e286b937a691960c71d197f13ace642865fdb3da4ef2207509c9,4240,89154f7f437bca8cdeffc5782db7209afb2d8fa7cc79b98cb29c9137e8840ac8,decision_reason
K212519:setting,setting,DIAGNOSTIC_INTERPRETATION;OTHER,,MULTILABEL_OTHER_ATTRIBUTION_NOT_ISOLATED,,NO_OTHER_SPECIFIC_NOTE_ADDED,,4246,89154f7f437bca8cdeffc5782db7209afb2d8fa7cc79b98cb29c9137e8840ac8,decision_reason
K212624:setting,setting,DIAGNOSTIC_INTERPRETATION;MONITORING;OTHER,,MULTILABEL_OTHER_ATTRIBUTION_NOT_ISOLATED,,NO_OTHER_SPECIFIC_NOTE_ADDED,,4258,89154f7f437bca8cdeffc5782db7209afb2d8fa7cc79b98cb29c9137e8840ac8,decision_reason
K212654:setting,setting,DIAGNOSTIC_INTERPRETATION;OTHER,,MULTILABEL_OTHER_ATTRIBUTION_NOT_ISOLATED,,NO_OTHER_SPECIFIC_NOTE_ADDED,,4264,89154f7f437bca8cdeffc5782db7209afb2d8fa7cc79b98cb29c9137e8840ac8,decision_reason
K212662:setting,setting,OTHER,"Professional ECG-analysis service, admission status unspecified.",SINGLE_OTHER_EXISTING_FIELD_REASON,en_or_latin,RETAINED_ENGLISH_OR_LATIN_TEXT,07d5f21a6847187106006b8fcb9f694b1b5d025a333c4e61709459f546b102fb,532,89154f7f437bca8cdeffc5782db7209afb2d8fa7cc79b98cb29c9137e8840ac8,decision_reason
K212690:action,action,OTHER,Physician confirms tube position using original image and adjunct overlay; no automatic reposition instruction.,SINGLE_OTHER_EXISTING_FIELD_REASON,en_or_latin,RETAINED_ENGLISH_OR_LATIN_TEXT,4209935157f5fc3132d2ed1918c599cc2f2e3d1385b342f574b807d047fc88ad,4271,89154f7f437bca8cdeffc5782db7209afb2d8fa7cc79b98cb29c9137e8840ac8,decision_reason
K212690:setting,setting,OTHER,Image-based tube placement confirmation; no ICU/emergency assumption.,SINGLE_OTHER_EXISTING_FIELD_REASON,en_or_latin,RETAINED_ENGLISH_OR_LATIN_TEXT,58dc0c1c54527e0606811b1b09582eb52babd98d03542f076b470a2426e6095a,4270,89154f7f437bca8cdeffc5782db7209afb2d8fa7cc79b98cb29c9137e8840ac8,decision_reason
K212915:setting,setting,OTHER,Non-realtime RT planning preparation.,SINGLE_OTHER_EXISTING_FIELD_REASON,en_or_latin,RETAINED_ENGLISH_OR_LATIN_TEXT,1cf8f2d08c17443b194ea0539a1d459eb2625d7ad43a59949e86f9f01afca632,4294,89154f7f437bca8cdeffc5782db7209afb2d8fa7cc79b98cb29c9137e8840ac8,decision_reason
K212960:setting,setting,DIAGNOSTIC_INTERPRETATION;OTHER,,MULTILABEL_OTHER_ATTRIBUTION_NOT_ISOLATED,,NO_OTHER_SPECIFIC_NOTE_ADDED,,4300,89154f7f437bca8cdeffc5782db7209afb2d8fa7cc79b98cb29c9137e8840ac8,decision_reason
K213037:output,output,CLASSIFICATION_OR_DIAGNOSIS;RECOMMENDATION_OR_PLANNING;OTHER,,MULTILABEL_OTHER_ATTRIBUTION_NOT_ISOLATED,,NO_OTHER_SPECIFIC_NOTE_ADDED,,2036,89154f7f437bca8cdeffc5782db7209afb2d8fa7cc79b98cb29c9137e8840ac8,decision_reason
K213096:setting,setting,DIAGNOSTIC_INTERPRETATION;ACUTE_TRIAGE_OR_EMERGENCY;OTHER,,MULTILABEL_OTHER_ATTRIBUTION_NOT_ISOLATED,,NO_OTHER_SPECIFIC_NOTE_ADDED,,4306,89154f7f437bca8cdeffc5782db7209afb2d8fa7cc79b98cb29c9137e8840ac8,decision_reason
K213155:setting,setting,OTHER,"RTpreparation/evaluation/adaptation, realtimecontrol not stated.",SINGLE_OTHER_EXISTING_FIELD_REASON,en_or_latin,RETAINED_ENGLISH_OR_LATIN_TEXT,5bd0f1c232d5d73995fd25d55c41ee3cf069ce62118cc947374ee025b94f4b8d,4312,89154f7f437bca8cdeffc5782db7209afb2d8fa7cc79b98cb29c9137e8840ac8,decision_reason
K213165:setting,setting,OTHER,Clinicalimage-processing qualitycontrol; wholeplatformstrokecontext notdirectmodeldiagnosis.,SINGLE_OTHER_EXISTING_FIELD_REASON,en_or_latin,RETAINED_ENGLISH_OR_LATIN_TEXT,d8050a2e499f7b78cd180e6348974179b26946f92841ab7ad1e5ec64ecd719fa,4318,89154f7f437bca8cdeffc5782db7209afb2d8fa7cc79b98cb29c9137e8840ac8,decision_reason
K213272:setting,setting,OTHER,Preoperativeorthopedicplanning.,SINGLE_OTHER_EXISTING_FIELD_REASON,en_or_latin,RETAINED_ENGLISH_OR_LATIN_TEXT,743b0b4bb15a14dc3b3d111e4d280145efa117262407ce912c274bd1670a1352,4324,89154f7f437bca8cdeffc5782db7209afb2d8fa7cc79b98cb29c9137e8840ac8,decision_reason
K213275:setting,setting,DIAGNOSTIC_INTERPRETATION;OTHER,,MULTILABEL_OTHER_ATTRIBUTION_NOT_ISOLATED,,NO_OTHER_SPECIFIC_NOTE_ADDED,,4330,89154f7f437bca8cdeffc5782db7209afb2d8fa7cc79b98cb29c9137e8840ac8,decision_reason
K213305:setting,setting,OTHER,MRIacquisition scanplanning.,SINGLE_OTHER_EXISTING_FIELD_REASON,en_or_latin,RETAINED_ENGLISH_OR_LATIN_TEXT,6589a4ba075b3b447ec2646e9d7dd0ea7c2b7d26fe3ef725a4d65fc08a662466,4336,89154f7f437bca8cdeffc5782db7209afb2d8fa7cc79b98cb29c9137e8840ac8,decision_reason
K213319:output,output,DETECTION_OR_ALERT;OTHER,,MULTILABEL_OTHER_ATTRIBUTION_NOT_ISOLATED,,NO_OTHER_SPECIFIC_NOTE_ADDED,,4346,89154f7f437bca8cdeffc5782db7209afb2d8fa7cc79b98cb29c9137e8840ac8,decision_reason
K213319:setting,setting,OTHER,Routinehospital-network image triage; acutenessnotexplicit.,SINGLE_OTHER_EXISTING_FIELD_REASON,en_or_latin,RETAINED_ENGLISH_OR_LATIN_TEXT,d6bae6e7f56dbbd7c14a4db08e897e909047151f69b01796f85ac4ed1308503e,4348,89154f7f437bca8cdeffc5782db7209afb2d8fa7cc79b98cb29c9137e8840ac8,decision_reason
K213357:setting,setting,HOME_OR_CONSUMER;MONITORING;OTHER,,MULTILABEL_OTHER_ATTRIBUTION_NOT_ISOLATED,,NO_OTHER_SPECIFIC_NOTE_ADDED,,538,89154f7f437bca8cdeffc5782db7209afb2d8fa7cc79b98cb29c9137e8840ac8,decision_reason
K213409:setting,setting,MONITORING;DIAGNOSTIC_INTERPRETATION;OTHER,,MULTILABEL_OTHER_ATTRIBUTION_NOT_ISOLATED,,NO_OTHER_SPECIFIC_NOTE_ADDED,,544,89154f7f437bca8cdeffc5782db7209afb2d8fa7cc79b98cb29c9137e8840ac8,decision_reason
K213544:setting,setting,DIAGNOSTIC_INTERPRETATION;OTHER,,MULTILABEL_OTHER_ATTRIBUTION_NOT_ISOLATED,,NO_OTHER_SPECIFIC_NOTE_ADDED,,4372,89154f7f437bca8cdeffc5782db7209afb2d8fa7cc79b98cb29c9137e8840ac8,decision_reason
K213628:setting,setting,OTHER,RT treatment-planning context; treatment room or inpatient status not inferred.,SINGLE_OTHER_EXISTING_FIELD_REASON,en_or_latin,RETAINED_ENGLISH_OR_LATIN_TEXT,42f5eb5765ff3f1adba741f4989a3c14b7667fdf13ff364f0f0411e55e6e0276,4396,89154f7f437bca8cdeffc5782db7209afb2d8fa7cc79b98cb29c9137e8840ac8,decision_reason
K213717:setting,setting,OTHER,MRI acquisition/reconstruction context; no specific care location stated.,SINGLE_OTHER_EXISTING_FIELD_REASON,en_or_latin,RETAINED_ENGLISH_OR_LATIN_TEXT,eaab68b9d888b8b1ab18a39292b0bc47bce86174f6ba0cca9b3a80ec2c7c8be9,4444,89154f7f437bca8cdeffc5782db7209afb2d8fa7cc79b98cb29c9137e8840ac8,decision_reason
K213721:output,output,DETECTION_OR_ALERT;OTHER,,MULTILABEL_OTHER_ATTRIBUTION_NOT_ISOLATED,,NO_OTHER_SPECIFIC_NOTE_ADDED,,4448,89154f7f437bca8cdeffc5782db7209afb2d8fa7cc79b98cb29c9137e8840ac8,decision_reason
K213721:setting,setting,OTHER,Hospital-network radiology triage; BA does not itself establish acute/ruptured aneurysm.,SINGLE_OTHER_EXISTING_FIELD_REASON,en_or_latin,RETAINED_ENGLISH_OR_LATIN_TEXT,2e06dede71a33c9e2c263d13921f90045b2f0a9bac9d54125e2d0441fe334872,4450,89154f7f437bca8cdeffc5782db7209afb2d8fa7cc79b98cb29c9137e8840ac8,decision_reason
K213760:setting,setting,DIAGNOSTIC_INTERPRETATION;OTHER,,MULTILABEL_OTHER_ATTRIBUTION_NOT_ISOLATED,,NO_OTHER_SPECIFIC_NOTE_ADDED,,4468,89154f7f437bca8cdeffc5782db7209afb2d8fa7cc79b98cb29c9137e8840ac8,decision_reason
K213794:output,output,DETECTION_OR_ALERT;CLASSIFICATION_OR_DIAGNOSIS;OTHER,,MULTILABEL_OTHER_ATTRIBUTION_NOT_ISOLATED,,NO_OTHER_SPECIFIC_NOTE_ADDED,,554,89154f7f437bca8cdeffc5782db7209afb2d8fa7cc79b98cb29c9137e8840ac8,decision_reason
K213794:setting,setting,DIAGNOSTIC_INTERPRETATION;OTHER,,MULTILABEL_OTHER_ATTRIBUTION_NOT_ISOLATED,,NO_OTHER_SPECIFIC_NOTE_ADDED,,556,89154f7f437bca8cdeffc5782db7209afb2d8fa7cc79b98cb29c9137e8840ac8,decision_reason
K213857:output,output,SEGMENTATION_OR_LOCALIZATION;MEASUREMENT_OR_QUANTIFICATION;RECOMMENDATION_OR_PLANNING;OTHER,,MULTILABEL_OTHER_ATTRIBUTION_NOT_ISOLATED,,NO_OTHER_SPECIFIC_NOTE_ADDED,,560,89154f7f437bca8cdeffc5782db7209afb2d8fa7cc79b98cb29c9137e8840ac8,decision_reason
K213857:setting,setting,DIAGNOSTIC_INTERPRETATION;OTHER,,MULTILABEL_OTHER_ATTRIBUTION_NOT_ISOLATED,,NO_OTHER_SPECIFIC_NOTE_ADDED,,562,89154f7f437bca8cdeffc5782db7209afb2d8fa7cc79b98cb29c9137e8840ac8,decision_reason
K213882:setting,setting,DIAGNOSTIC_INTERPRETATION;OTHER,,MULTILABEL_OTHER_ATTRIBUTION_NOT_ISOLATED,,NO_OTHER_SPECIFIC_NOTE_ADDED,,1678,89154f7f437bca8cdeffc5782db7209afb2d8fa7cc79b98cb29c9137e8840ac8,decision_reason
K213886:output,output,DETECTION_OR_ALERT;OTHER,,MULTILABEL_OTHER_ATTRIBUTION_NOT_ISOLATED,,NO_OTHER_SPECIFIC_NOTE_ADDED,,4490,89154f7f437bca8cdeffc5782db7209afb2d8fa7cc79b98cb29c9137e8840ac8,decision_reason
K213886:setting,setting,ACUTE_TRIAGE_OR_EMERGENCY;OTHER,,MULTILABEL_OTHER_ATTRIBUTION_NOT_ISOLATED,,NO_OTHER_SPECIFIC_NOTE_ADDED,,4492,89154f7f437bca8cdeffc5782db7209afb2d8fa7cc79b98cb29c9137e8840ac8,decision_reason
K213938:setting,setting,OTHER,Routine CT reconstruction/acquisition context.,SINGLE_OTHER_EXISTING_FIELD_REASON,en_or_latin,RETAINED_ENGLISH_OR_LATIN_TEXT,ccdd56ca7795d5092fc3191705eae2670fc24ffc650e45ad21ae2dd845268863,4498,89154f7f437bca8cdeffc5782db7209afb2d8fa7cc79b98cb29c9137e8840ac8,decision_reason
K213941:setting,setting,ACUTE_TRIAGE_OR_EMERGENCY;OTHER,,MULTILABEL_OTHER_ATTRIBUTION_NOT_ISOLATED,,NO_OTHER_SPECIFIC_NOTE_ADDED,,4504,89154f7f437bca8cdeffc5782db7209afb2d8fa7cc79b98cb29c9137e8840ac8,decision_reason
K213944:setting,setting,DIAGNOSTIC_INTERPRETATION;OTHER,,MULTILABEL_OTHER_ATTRIBUTION_NOT_ISOLATED,,NO_OTHER_SPECIFIC_NOTE_ADDED,,4510,89154f7f437bca8cdeffc5782db7209afb2d8fa7cc79b98cb29c9137e8840ac8,decision_reason
K213960:setting,setting,DIAGNOSTIC_INTERPRETATION;MONITORING;OTHER,,MULTILABEL_OTHER_ATTRIBUTION_NOT_ISOLATED,,NO_OTHER_SPECIFIC_NOTE_ADDED,,4516,89154f7f437bca8cdeffc5782db7209afb2d8fa7cc79b98cb29c9137e8840ac8,decision_reason
K213976:setting,setting,OTHER;MONITORING,,MULTILABEL_OTHER_ATTRIBUTION_NOT_ISOLATED,,NO_OTHER_SPECIFIC_NOTE_ADDED,,4522,89154f7f437bca8cdeffc5782db7209afb2d8fa7cc79b98cb29c9137e8840ac8,decision_reason
K213998:output,output,SEGMENTATION_OR_LOCALIZATION;MEASUREMENT_OR_QUANTIFICATION;DOCUMENTATION_OR_SUMMARY;OTHER,,MULTILABEL_OTHER_ATTRIBUTION_NOT_ISOLATED,,NO_OTHER_SPECIFIC_NOTE_ADDED,,4532,89154f7f437bca8cdeffc5782db7209afb2d8fa7cc79b98cb29c9137e8840ac8,decision_reason
K213998:setting,setting,DIAGNOSTIC_INTERPRETATION;MONITORING;OTHER,,MULTILABEL_OTHER_ATTRIBUTION_NOT_ISOLATED,,NO_OTHER_SPECIFIC_NOTE_ADDED,,4534,89154f7f437bca8cdeffc5782db7209afb2d8fa7cc79b98cb29c9137e8840ac8,decision_reason
K213999:setting,setting,OTHER,Routine CT reconstruction/acquisition context.,SINGLE_OTHER_EXISTING_FIELD_REASON,en_or_latin,RETAINED_ENGLISH_OR_LATIN_TEXT,ccdd56ca7795d5092fc3191705eae2670fc24ffc650e45ad21ae2dd845268863,4540,89154f7f437bca8cdeffc5782db7209afb2d8fa7cc79b98cb29c9137e8840ac8,decision_reason
K214043:output,output,DETECTION_OR_ALERT;OTHER,,MULTILABEL_OTHER_ATTRIBUTION_NOT_ISOLATED,,NO_OTHER_SPECIFIC_NOTE_ADDED,,4556,89154f7f437bca8cdeffc5782db7209afb2d8fa7cc79b98cb29c9137e8840ac8,decision_reason
K214043:setting,setting,ACUTE_TRIAGE_OR_EMERGENCY;OTHER,,MULTILABEL_OTHER_ATTRIBUTION_NOT_ISOLATED,,NO_OTHER_SPECIFIC_NOTE_ADDED,,4558,89154f7f437bca8cdeffc5782db7209afb2d8fa7cc79b98cb29c9137e8840ac8,decision_reason
K214081:setting,setting,OTHER,Head/neck soft-tissue tumor RT-planning workflow.,SINGLE_OTHER_EXISTING_FIELD_REASON,en_or_latin,RETAINED_ENGLISH_OR_LATIN_TEXT,b884e18a147a1fb4a89d9986dc5911146835e15a502fea0627d306eb8799478c,4564,89154f7f437bca8cdeffc5782db7209afb2d8fa7cc79b98cb29c9137e8840ac8,decision_reason
K220034:setting,setting,DIAGNOSTIC_INTERPRETATION;OTHER,,MULTILABEL_OTHER_ATTRIBUTION_NOT_ISOLATED,,NO_OTHER_SPECIFIC_NOTE_ADDED,,4570,89154f7f437bca8cdeffc5782db7209afb2d8fa7cc79b98cb29c9137e8840ac8,decision_reason
K220043:setting,setting,DIAGNOSTIC_INTERPRETATION;OTHER,,MULTILABEL_OTHER_ATTRIBUTION_NOT_ISOLATED,,NO_OTHER_SPECIFIC_NOTE_ADDED,,4576,89154f7f437bca8cdeffc5782db7209afb2d8fa7cc79b98cb29c9137e8840ac8,decision_reason
K220068:setting,setting,DIAGNOSTIC_INTERPRETATION;OTHER,,MULTILABEL_OTHER_ATTRIBUTION_NOT_ISOLATED,,NO_OTHER_SPECIFIC_NOTE_ADDED,,4582,89154f7f437bca8cdeffc5782db7209afb2d8fa7cc79b98cb29c9137e8840ac8,decision_reason
K220141:setting,setting,OTHER,Radiation treatment planning context.,SINGLE_OTHER_EXISTING_FIELD_REASON,en_or_latin,RETAINED_ENGLISH_OR_LATIN_TEXT,23231da8efbe87beb0eecd8a38f7c1119fcbdc113310a867a03ef20426224974,4600,89154f7f437bca8cdeffc5782db7209afb2d8fa7cc79b98cb29c9137e8840ac8,decision_reason
K220192:setting,setting,OTHER,MRI scan-positioning workflow.,SINGLE_OTHER_EXISTING_FIELD_REASON,en_or_latin,RETAINED_ENGLISH_OR_LATIN_TEXT,e65ed14164d577ba5cb9c2f91294bd89d790771db2cf0e2e7dd381d3584f31fd,4618,89154f7f437bca8cdeffc5782db7209afb2d8fa7cc79b98cb29c9137e8840ac8,decision_reason
K220264:setting,setting,OTHER,Radiotherapy planning; local hospital-grade server not inpatient setting.,SINGLE_OTHER_EXISTING_FIELD_REASON,en_or_latin,RETAINED_ENGLISH_OR_LATIN_TEXT,d0e6d236b982369ea6ad7c710705253ccba86c9095d5e31cdcbff3b8cdcbee98,4624,89154f7f437bca8cdeffc5782db7209afb2d8fa7cc79b98cb29c9137e8840ac8,decision_reason
K220358:output,output,CLASSIFICATION_OR_DIAGNOSIS;SEGMENTATION_OR_LOCALIZATION;MEASUREMENT_OR_QUANTIFICATION;OTHER,,MULTILABEL_OTHER_ATTRIBUTION_NOT_ISOLATED,,NO_OTHER_SPECIFIC_NOTE_ADDED,,4640,89154f7f437bca8cdeffc5782db7209afb2d8fa7cc79b98cb29c9137e8840ac8,decision_reason
K220358:setting,setting,DIAGNOSTIC_INTERPRETATION;OTHER,,MULTILABEL_OTHER_ATTRIBUTION_NOT_ISOLATED,,NO_OTHER_SPECIFIC_NOTE_ADDED,,4642,89154f7f437bca8cdeffc5782db7209afb2d8fa7cc79b98cb29c9137e8840ac8,decision_reason
K220408:setting,setting,OTHER,Radiotherapy planning and other organ-mask applications; no site-of-care inferred.,SINGLE_OTHER_EXISTING_FIELD_REASON,en_or_latin,RETAINED_ENGLISH_OR_LATIN_TEXT,de73734e849d8f12771ae2d7fdb4fec96b42faaaee76bfe41464322d7b5d572b,4648,89154f7f437bca8cdeffc5782db7209afb2d8fa7cc79b98cb29c9137e8840ac8,decision_reason
K220416:setting,setting,OTHER,"Professional MR processing at imaging center/clinic/hospital, not inpatient by inference.",SINGLE_OTHER_EXISTING_FIELD_REASON,en_or_latin,RETAINED_ENGLISH_OR_LATIN_TEXT,e22ab60e65816b84ed8a886661161a15bd42f7153538bdd5baffa137aef757c1,4654,89154f7f437bca8cdeffc5782db7209afb2d8fa7cc79b98cb29c9137e8840ac8,decision_reason
K220437:setting,setting,DIAGNOSTIC_INTERPRETATION;OTHER,,MULTILABEL_OTHER_ATTRIBUTION_NOT_ISOLATED,,NO_OTHER_SPECIFIC_NOTE_ADDED,,4660,89154f7f437bca8cdeffc5782db7209afb2d8fa7cc79b98cb29c9137e8840ac8,decision_reason
K220437:user,user,RADIOLOGIST;OTHER_PHYSICIAN;OTHER,,MULTILABEL_OTHER_ATTRIBUTION_NOT_ISOLATED,,NO_OTHER_SPECIFIC_NOTE_ADDED,,4659,89154f7f437bca8cdeffc5782db7209afb2d8fa7cc79b98cb29c9137e8840ac8,decision_reason
K220590:setting,setting,DIAGNOSTIC_INTERPRETATION;OUTPATIENT;OTHER,,MULTILABEL_OTHER_ATTRIBUTION_NOT_ISOLATED,,NO_OTHER_SPECIFIC_NOTE_ADDED,,4702,89154f7f437bca8cdeffc5782db7209afb2d8fa7cc79b98cb29c9137e8840ac8,decision_reason
K220590:user,user,OTHER_CLINICIAN;OTHER,,MULTILABEL_OTHER_ATTRIBUTION_NOT_ISOLATED,,NO_OTHER_SPECIFIC_NOTE_ADDED,,4701,89154f7f437bca8cdeffc5782db7209afb2d8fa7cc79b98cb29c9137e8840ac8,decision_reason
K220598:setting,setting,OTHER,"Radiotherapy treatment-planning workflow, physical venue unspecified.",SINGLE_OTHER_EXISTING_FIELD_REASON,en_or_latin,RETAINED_ENGLISH_OR_LATIN_TEXT,17b2a497523d220b3938a09de0c9df7823bbf3f96129aa7e6c100698753a76d9,4708,89154f7f437bca8cdeffc5782db7209afb2d8fa7cc79b98cb29c9137e8840ac8,decision_reason
K220624:action,action,OTHER,User accesses quantitative report; no specific ensuing diagnosis/therapy action disclosed beyond not-standalone decision.,SINGLE_OTHER_EXISTING_FIELD_REASON,en_or_latin,RETAINED_ENGLISH_OR_LATIN_TEXT,21017257773dedc43ffc6a1d5cc8a1461e75b09e8e0eb1114269851e1a2102af,4721,89154f7f437bca8cdeffc5782db7209afb2d8fa7cc79b98cb29c9137e8840ac8,decision_reason
K220624:setting,setting,OTHER,Cardiac-MR quantitative review via external viewer; physical care setting unspecified.,SINGLE_OTHER_EXISTING_FIELD_REASON,en_or_latin,RETAINED_ENGLISH_OR_LATIN_TEXT,651f0da5a7c41e3c266ebd37950a455dd7481e7ab5c91318dc1b943097d7798d,4720,89154f7f437bca8cdeffc5782db7209afb2d8fa7cc79b98cb29c9137e8840ac8,decision_reason
K220783:setting,setting,DIAGNOSTIC_INTERPRETATION;OTHER,,MULTILABEL_OTHER_ATTRIBUTION_NOT_ISOLATED,,NO_OTHER_SPECIFIC_NOTE_ADDED,,4732,89154f7f437bca8cdeffc5782db7209afb2d8fa7cc79b98cb29c9137e8840ac8,decision_reason
K220786:action,action,WORKFLOW_OR_DOCUMENTATION;OTHER,,MULTILABEL_OTHER_ATTRIBUTION_NOT_ISOLATED,,NO_OTHER_SPECIFIC_NOTE_ADDED,,581,89154f7f437bca8cdeffc5782db7209afb2d8fa7cc79b98cb29c9137e8840ac8,decision_reason
K220786:input,input,PHYSIOLOGICAL_SIGNAL;OTHER;MULTIMODAL,,MULTILABEL_OTHER_ATTRIBUTION_NOT_ISOLATED,,NO_OTHER_SPECIFIC_NOTE_ADDED,,577,89154f7f437bca8cdeffc5782db7209afb2d8fa7cc79b98cb29c9137e8840ac8,decision_reason
K220813:setting,setting,OTHER,"Radiotherapy clinical planning/replanning, not inferred inpatient/physical OR.",SINGLE_OTHER_EXISTING_FIELD_REASON,en_or_latin,RETAINED_ENGLISH_OR_LATIN_TEXT,6585e7d2fae7d003bf075d6a4ae7766a9c49d6b172b589a9654cb5fe59715107,4744,89154f7f437bca8cdeffc5782db7209afb2d8fa7cc79b98cb29c9137e8840ac8,decision_reason
K220899:setting,setting,MONITORING;OTHER,,MULTILABEL_OTHER_ATTRIBUTION_NOT_ISOLATED,,NO_OTHER_SPECIFIC_NOTE_ADDED,,586,89154f7f437bca8cdeffc5782db7209afb2d8fa7cc79b98cb29c9137e8840ac8,decision_reason
K220899:user,user,OTHER,Appropriately trained staff with duty of care; specific profession not required by label.,SINGLE_OTHER_EXISTING_FIELD_REASON,en_or_latin,RETAINED_ENGLISH_OR_LATIN_TEXT,f39999bbdc78f3c6517dd666da4a6435ed59af5c6247d2462ea70152932fd904,585,89154f7f437bca8cdeffc5782db7209afb2d8fa7cc79b98cb29c9137e8840ac8,decision_reason
K220961:setting,setting,OTHER,"Routine clinical CT imaging, specific care venue not stated.",SINGLE_OTHER_EXISTING_FIELD_REASON,en_or_latin,RETAINED_ENGLISH_OR_LATIN_TEXT,82b669b686cc2f5278f79a69bf9c43af14466a25bb8ee53cedda81548dd49bd3,4798,89154f7f437bca8cdeffc5782db7209afb2d8fa7cc79b98cb29c9137e8840ac8,decision_reason
K221148:setting,setting,DIAGNOSTIC_INTERPRETATION;OUTPATIENT;PROCEDURAL_OR_OPERATING_ROOM;OTHER,,MULTILABEL_OTHER_ATTRIBUTION_NOT_ISOLATED,,NO_OTHER_SPECIFIC_NOTE_ADDED,,4834,89154f7f437bca8cdeffc5782db7209afb2d8fa7cc79b98cb29c9137e8840ac8,decision_reason
K221305:setting,setting,OTHER,Radiotherapy preparation; not physicalOR inferred.,SINGLE_OTHER_EXISTING_FIELD_REASON,en_or_latin,RETAINED_ENGLISH_OR_LATIN_TEXT,52512a8df28ce7c664d75e2592f829ec8e05d31262381564cf186a1cb57c12fc,4864,89154f7f437bca8cdeffc5782db7209afb2d8fa7cc79b98cb29c9137e8840ac8,decision_reason
K221432:setting,setting,OTHER;PROCEDURAL_OR_OPERATING_ROOM,,MULTILABEL_OTHER_ATTRIBUTION_NOT_ISOLATED,,NO_OTHER_SPECIFIC_NOTE_ADDED,,4894,89154f7f437bca8cdeffc5782db7209afb2d8fa7cc79b98cb29c9137e8840ac8,decision_reason
K221432:user,user,OTHER;OTHER_PHYSICIAN,,MULTILABEL_OTHER_ATTRIBUTION_NOT_ISOLATED,,NO_OTHER_SPECIFIC_NOTE_ADDED,,4893,89154f7f437bca8cdeffc5782db7209afb2d8fa7cc79b98cb29c9137e8840ac8,decision_reason
K221706:setting,setting,OTHER,Radiationoncology preparation/evaluation/adaptation.,SINGLE_OTHER_EXISTING_FIELD_REASON,en_or_latin,RETAINED_ENGLISH_OR_LATIN_TEXT,200ead6b0ab7ab1b330284acf300636647988b4b1e3473bf3b8eccf08ad2c928,4960,89154f7f437bca8cdeffc5782db7209afb2d8fa7cc79b98cb29c9137e8840ac8,decision_reason
K221706:user,user,OTHER,Radiationoncologydepartment;individualprofession notspecified.,SINGLE_OTHER_EXISTING_FIELD_REASON,en_or_latin,RETAINED_ENGLISH_OR_LATIN_TEXT,8cb0823a11170f06f9568dd80ae907b2c3ee02cfa42679f3e006464280a48906,4959,89154f7f437bca8cdeffc5782db7209afb2d8fa7cc79b98cb29c9137e8840ac8,decision_reason
K221892:action,action,OTHER,Clinicianaccessesnasalairwaymeasurements;specificdiagnosis/therapydecisionnotdisclosed.,SINGLE_OTHER_EXISTING_FIELD_REASON,en_or_latin,RETAINED_ENGLISH_OR_LATIN_TEXT,ebece0b4c80be5e60bcf3d158dcb05fdfb6969ab5d4255c675eb81445ff6e723,59,89154f7f437bca8cdeffc5782db7209afb2d8fa7cc79b98cb29c9137e8840ac8,decision_reason
K222179:setting,setting,DIAGNOSTIC_INTERPRETATION;OTHER,,MULTILABEL_OTHER_ATTRIBUTION_NOT_ISOLATED,,NO_OTHER_SPECIFIC_NOTE_ADDED,,5050,89154f7f437bca8cdeffc5782db7209afb2d8fa7cc79b98cb29c9137e8840ac8,decision_reason
K222268:setting,setting,DIAGNOSTIC_INTERPRETATION;OTHER,,MULTILABEL_OTHER_ATTRIBUTION_NOT_ISOLATED,,NO_OTHER_SPECIFIC_NOTE_ADDED,,5056,89154f7f437bca8cdeffc5782db7209afb2d8fa7cc79b98cb29c9137e8840ac8,decision_reason
K222277:setting,setting,DIAGNOSTIC_INTERPRETATION;OTHER,,MULTILABEL_OTHER_ATTRIBUTION_NOT_ISOLATED,,NO_OTHER_SPECIFIC_NOTE_ADDED,,5068,89154f7f437bca8cdeffc5782db7209afb2d8fa7cc79b98cb29c9137e8840ac8,decision_reason
K222312:input,input,MEDICAL_IMAGE;OTHER,,MULTILABEL_OTHER_ATTRIBUTION_NOT_ISOLATED,,NO_OTHER_SPECIFIC_NOTE_ADDED,,5071,89154f7f437bca8cdeffc5782db7209afb2d8fa7cc79b98cb29c9137e8840ac8,decision_reason
K222329:setting,setting,DIAGNOSTIC_INTERPRETATION;OTHER,,MULTILABEL_OTHER_ATTRIBUTION_NOT_ISOLATED,,NO_OTHER_SPECIFIC_NOTE_ADDED,,5080,89154f7f437bca8cdeffc5782db7209afb2d8fa7cc79b98cb29c9137e8840ac8,decision_reason
K222406:setting,setting,DIAGNOSTIC_INTERPRETATION;OTHER,,MULTILABEL_OTHER_ATTRIBUTION_NOT_ISOLATED,,NO_OTHER_SPECIFIC_NOTE_ADDED,,5098,89154f7f437bca8cdeffc5782db7209afb2d8fa7cc79b98cb29c9137e8840ac8,decision_reason
K222428:setting,setting,DIAGNOSTIC_INTERPRETATION;OTHER,,MULTILABEL_OTHER_ATTRIBUTION_NOT_ISOLATED,,NO_OTHER_SPECIFIC_NOTE_ADDED,,5104,89154f7f437bca8cdeffc5782db7209afb2d8fa7cc79b98cb29c9137e8840ac8,decision_reason
K222458:action,action,TREATMENT_OR_PROCEDURE_PLANNING;OTHER,,MULTILABEL_OTHER_ATTRIBUTION_NOT_ISOLATED,,NO_OTHER_SPECIFIC_NOTE_ADDED,,5111,89154f7f437bca8cdeffc5782db7209afb2d8fa7cc79b98cb29c9137e8840ac8,decision_reason
K222458:setting,setting,PROCEDURAL_OR_OPERATING_ROOM;OTHER,,MULTILABEL_OTHER_ATTRIBUTION_NOT_ISOLATED,,NO_OTHER_SPECIFIC_NOTE_ADDED,,5110,89154f7f437bca8cdeffc5782db7209afb2d8fa7cc79b98cb29c9137e8840ac8,decision_reason
K222579:setting,setting,HOME_OR_CONSUMER;DIAGNOSTIC_INTERPRETATION;OTHER,,MULTILABEL_OTHER_ATTRIBUTION_NOT_ISOLATED,,NO_OTHER_SPECIFIC_NOTE_ADDED,,64,89154f7f437bca8cdeffc5782db7209afb2d8fa7cc79b98cb29c9137e8840ac8,decision_reason
K222676:action,action,TREATMENT_OR_PROCEDURE_PLANNING;OTHER,,MULTILABEL_OTHER_ATTRIBUTION_NOT_ISOLATED,,NO_OTHER_SPECIFIC_NOTE_ADDED,,5123,89154f7f437bca8cdeffc5782db7209afb2d8fa7cc79b98cb29c9137e8840ac8,decision_reason
K222676:setting,setting,PROCEDURAL_OR_OPERATING_ROOM;OTHER,,MULTILABEL_OTHER_ATTRIBUTION_NOT_ISOLATED,,NO_OTHER_SPECIFIC_NOTE_ADDED,,5122,89154f7f437bca8cdeffc5782db7209afb2d8fa7cc79b98cb29c9137e8840ac8,decision_reason
K222692:setting,setting,DIAGNOSTIC_INTERPRETATION;OTHER,,MULTILABEL_OTHER_ATTRIBUTION_NOT_ISOLATED,,NO_OTHER_SPECIFIC_NOTE_ADDED,,5128,89154f7f437bca8cdeffc5782db7209afb2d8fa7cc79b98cb29c9137e8840ac8,decision_reason
K222745:setting,setting,PROCEDURAL_OR_OPERATING_ROOM;DIAGNOSTIC_INTERPRETATION;OTHER,,MULTILABEL_OTHER_ATTRIBUTION_NOT_ISOLATED,,NO_OTHER_SPECIFIC_NOTE_ADDED,,5140,89154f7f437bca8cdeffc5782db7209afb2d8fa7cc79b98cb29c9137e8840ac8,decision_reason
K222803:input,input,OTHER,Patient-specific anatomical geometry / target-organ shape/distance and planning parameters; DICOM transmission cannot be equated with direct raw image input.,SINGLE_OTHER_EXISTING_FIELD_REASON,zh,AI_ASSISTED_ENGLISH_TRANSLATION,e4c2ba4ef5a0618575769a96cd7fd023b21109391a74116ad9de4e85ac9a61f6,5155,89154f7f437bca8cdeffc5782db7209afb2d8fa7cc79b98cb29c9137e8840ac8,decision_reason
K222803:setting,setting,PROCEDURAL_OR_OPERATING_ROOM;OTHER;OUTPATIENT,,MULTILABEL_OTHER_ATTRIBUTION_NOT_ISOLATED,,NO_OTHER_SPECIFIC_NOTE_ADDED,,5158,89154f7f437bca8cdeffc5782db7209afb2d8fa7cc79b98cb29c9137e8840ac8,decision_reason
K222819:action,action,OTHER,Denoised images are provided for physicians' specialized studies; specific diagnostic/treatment actions are not further defined.,SINGLE_OTHER_EXISTING_FIELD_REASON,zh,AI_ASSISTED_ENGLISH_TRANSLATION,aa26fa94bb1ea3958f64e6e774c89f698ed8e3cae1823f8a5088aa7809a83a02,5165,89154f7f437bca8cdeffc5782db7209afb2d8fa7cc79b98cb29c9137e8840ac8,decision_reason
K222819:setting,setting,OTHER,"Whole-body CT image generation; the physical healthcare setting is not stated, and SCREENING cannot be assigned based on testing alone.",SINGLE_OTHER_EXISTING_FIELD_REASON,zh,AI_ASSISTED_ENGLISH_TRANSLATION,c7848f95173577546249a165eae1f0c6cd5a9642755f72cc271ad6da88e1d579,5164,89154f7f437bca8cdeffc5782db7209afb2d8fa7cc79b98cb29c9137e8840ac8,decision_reason
K222884:setting,setting,DIAGNOSTIC_INTERPRETATION;OTHER,,MULTILABEL_OTHER_ATTRIBUTION_NOT_ISOLATED,,NO_OTHER_SPECIFIC_NOTE_ADDED,,5170,89154f7f437bca8cdeffc5782db7209afb2d8fa7cc79b98cb29c9137e8840ac8,decision_reason
K222970:setting,setting,OTHER,An ultrasound acquisition/image analysis workflow; the validation POC location is not substituted for the intended-use setting.,SINGLE_OTHER_EXISTING_FIELD_REASON,zh,AI_ASSISTED_ENGLISH_TRANSLATION,13c2fd391992350164c24cda48555318b354f913b987eb18885e3157939f00a4,5176,89154f7f437bca8cdeffc5782db7209afb2d8fa7cc79b98cb29c9137e8840ac8,decision_reason
K223028:setting,setting,SCREENING;OTHER,,MULTILABEL_OTHER_ATTRIBUTION_NOT_ISOLATED,,NO_OTHER_SPECIFIC_NOTE_ADDED,,5182,89154f7f437bca8cdeffc5782db7209afb2d8fa7cc79b98cb29c9137e8840ac8,decision_reason
K223073:setting,setting,MONITORING;OTHER,,MULTILABEL_OTHER_ATTRIBUTION_NOT_ISOLATED,,NO_OTHER_SPECIFIC_NOTE_ADDED,,610,89154f7f437bca8cdeffc5782db7209afb2d8fa7cc79b98cb29c9137e8840ac8,decision_reason
K223180:setting,setting,DIAGNOSTIC_INTERPRETATION;OTHER;OUTPATIENT,,MULTILABEL_OTHER_ATTRIBUTION_NOT_ISOLATED,,NO_OTHER_SPECIFIC_NOTE_ADDED,,5212,89154f7f437bca8cdeffc5782db7209afb2d8fa7cc79b98cb29c9137e8840ac8,decision_reason
K223240:setting,setting,DIAGNOSTIC_INTERPRETATION;OTHER,,MULTILABEL_OTHER_ATTRIBUTION_NOT_ISOLATED,,NO_OTHER_SPECIFIC_NOTE_ADDED,,5224,89154f7f437bca8cdeffc5782db7209afb2d8fa7cc79b98cb29c9137e8840ac8,decision_reason
K223247:setting,setting,DIAGNOSTIC_INTERPRETATION;ACUTE_TRIAGE_OR_EMERGENCY;INPATIENT;OTHER,,MULTILABEL_OTHER_ATTRIBUTION_NOT_ISOLATED,,NO_OTHER_SPECIFIC_NOTE_ADDED,,5230,89154f7f437bca8cdeffc5782db7209afb2d8fa7cc79b98cb29c9137e8840ac8,decision_reason
K223287:setting,setting,DIAGNOSTIC_INTERPRETATION;OTHER,,MULTILABEL_OTHER_ATTRIBUTION_NOT_ISOLATED,,NO_OTHER_SPECIFIC_NOTE_ADDED,,5242,89154f7f437bca8cdeffc5782db7209afb2d8fa7cc79b98cb29c9137e8840ac8,decision_reason
K223288:action,action,WORKFLOW_OR_DOCUMENTATION;OTHER,,MULTILABEL_OTHER_ATTRIBUTION_NOT_ISOLATED,,NO_OTHER_SPECIFIC_NOTE_ADDED,,1697,89154f7f437bca8cdeffc5782db7209afb2d8fa7cc79b98cb29c9137e8840ac8,decision_reason
K223288:output,output,SEGMENTATION_OR_LOCALIZATION;OTHER,,MULTILABEL_OTHER_ATTRIBUTION_NOT_ISOLATED,,NO_OTHER_SPECIFIC_NOTE_ADDED,,1694,89154f7f437bca8cdeffc5782db7209afb2d8fa7cc79b98cb29c9137e8840ac8,decision_reason
K223311:setting,setting,SCREENING;DIAGNOSTIC_INTERPRETATION;OTHER,,MULTILABEL_OTHER_ATTRIBUTION_NOT_ISOLATED,,NO_OTHER_SPECIFIC_NOTE_ADDED,,5254,89154f7f437bca8cdeffc5782db7209afb2d8fa7cc79b98cb29c9137e8840ac8,decision_reason
K223343:action,action,INTERPRETATION_OR_DIAGNOSIS;OTHER,,MULTILABEL_OTHER_ATTRIBUTION_NOT_ISOLATED,,NO_OTHER_SPECIFIC_NOTE_ADDED,,5267,89154f7f437bca8cdeffc5782db7209afb2d8fa7cc79b98cb29c9137e8840ac8,decision_reason
K223347:setting,setting,OTHER,Adult echocardiographic acquisition; references to ACEP or validation locations are not treated as IFU evidence for an emergency setting.,SINGLE_OTHER_EXISTING_FIELD_REASON,zh,AI_ASSISTED_ENGLISH_TRANSLATION,11414392692605e8e8b5ef146d74a989501725d8f616490a5f271674cdb8fd03,5272,89154f7f437bca8cdeffc5782db7209afb2d8fa7cc79b98cb29c9137e8840ac8,decision_reason
K223387:setting,setting,DIAGNOSTIC_INTERPRETATION;OTHER;OUTPATIENT,,MULTILABEL_OTHER_ATTRIBUTION_NOT_ISOLATED,,NO_OTHER_SPECIFIC_NOTE_ADDED,,5278,89154f7f437bca8cdeffc5782db7209afb2d8fa7cc79b98cb29c9137e8840ac8,decision_reason
K223426:output,output,RECONSTRUCTION_OR_ENHANCEMENT;SEGMENTATION_OR_LOCALIZATION;OTHER,,MULTILABEL_OTHER_ATTRIBUTION_NOT_ISOLATED,,NO_OTHER_SPECIFIC_NOTE_ADDED,,5294,89154f7f437bca8cdeffc5782db7209afb2d8fa7cc79b98cb29c9137e8840ac8,decision_reason
K223443:setting,setting,DIAGNOSTIC_INTERPRETATION;OTHER,,MULTILABEL_OTHER_ATTRIBUTION_NOT_ISOLATED,,NO_OTHER_SPECIFIC_NOTE_ADDED,,5314,89154f7f437bca8cdeffc5782db7209afb2d8fa7cc79b98cb29c9137e8840ac8,decision_reason
K223458:setting,setting,DIAGNOSTIC_INTERPRETATION;PROCEDURAL_OR_OPERATING_ROOM;OTHER,,MULTILABEL_OTHER_ATTRIBUTION_NOT_ISOLATED,,NO_OTHER_SPECIFIC_NOTE_ADDED,,5320,89154f7f437bca8cdeffc5782db7209afb2d8fa7cc79b98cb29c9137e8840ac8,decision_reason
K223491:output,output,DETECTION_OR_ALERT;SEGMENTATION_OR_LOCALIZATION;OTHER,,MULTILABEL_OTHER_ATTRIBUTION_NOT_ISOLATED,,NO_OTHER_SPECIFIC_NOTE_ADDED,,5330,89154f7f437bca8cdeffc5782db7209afb2d8fa7cc79b98cb29c9137e8840ac8,decision_reason
K223491:setting,setting,DIAGNOSTIC_INTERPRETATION;OTHER,,MULTILABEL_OTHER_ATTRIBUTION_NOT_ISOLATED,,NO_OTHER_SPECIFIC_NOTE_ADDED,,5332,89154f7f437bca8cdeffc5782db7209afb2d8fa7cc79b98cb29c9137e8840ac8,decision_reason
K223501:output,output,SEGMENTATION_OR_LOCALIZATION;OTHER,,MULTILABEL_OTHER_ATTRIBUTION_NOT_ISOLATED,,NO_OTHER_SPECIFIC_NOTE_ADDED,,5336,89154f7f437bca8cdeffc5782db7209afb2d8fa7cc79b98cb29c9137e8840ac8,decision_reason
K223502:setting,setting,DIAGNOSTIC_INTERPRETATION;OTHER,,MULTILABEL_OTHER_ATTRIBUTION_NOT_ISOLATED,,NO_OTHER_SPECIFIC_NOTE_ADDED,,5344,89154f7f437bca8cdeffc5782db7209afb2d8fa7cc79b98cb29c9137e8840ac8,decision_reason
K223516:action,action,WORKFLOW_OR_DOCUMENTATION;OTHER,,MULTILABEL_OTHER_ATTRIBUTION_NOT_ISOLATED,,NO_OTHER_SPECIFIC_NOTE_ADDED,,617,89154f7f437bca8cdeffc5782db7209afb2d8fa7cc79b98cb29c9137e8840ac8,decision_reason
K223539:setting,setting,HOME_OR_CONSUMER;MONITORING;OTHER,,MULTILABEL_OTHER_ATTRIBUTION_NOT_ISOLATED,,NO_OTHER_SPECIFIC_NOTE_ADDED,,1708,89154f7f437bca8cdeffc5782db7209afb2d8fa7cc79b98cb29c9137e8840ac8,decision_reason
K223552:action,action,OTHER,Postoperative review of device position; a direct change in treatment or follow-up based on lead position is not stated.,SINGLE_OTHER_EXISTING_FIELD_REASON,zh,AI_ASSISTED_ENGLISH_TRANSLATION,cc4b739d071809063e8c28011908569fe4d9d20f5a24292705ab84c8bb0610f7,1715,89154f7f437bca8cdeffc5782db7209afb2d8fa7cc79b98cb29c9137e8840ac8,decision_reason
K223553:setting,setting,PROCEDURAL_OR_OPERATING_ROOM;OTHER,,MULTILABEL_OTHER_ATTRIBUTION_NOT_ISOLATED,,NO_OTHER_SPECIFIC_NOTE_ADDED,,1720,89154f7f437bca8cdeffc5782db7209afb2d8fa7cc79b98cb29c9137e8840ac8,decision_reason
K223622:setting,setting,MONITORING;OTHER,,MULTILABEL_OTHER_ATTRIBUTION_NOT_ISOLATED,,NO_OTHER_SPECIFIC_NOTE_ADDED,,622,89154f7f437bca8cdeffc5782db7209afb2d8fa7cc79b98cb29c9137e8840ac8,decision_reason
K223623:setting,setting,DIAGNOSTIC_INTERPRETATION;OUTPATIENT;OTHER,,MULTILABEL_OTHER_ATTRIBUTION_NOT_ISOLATED,,NO_OTHER_SPECIFIC_NOTE_ADDED,,5374,89154f7f437bca8cdeffc5782db7209afb2d8fa7cc79b98cb29c9137e8840ac8,decision_reason
K223639:action,action,TREATMENT_OR_PROCEDURE_PLANNING;OTHER,,MULTILABEL_OTHER_ATTRIBUTION_NOT_ISOLATED,,NO_OTHER_SPECIFIC_NOTE_ADDED,,5381,89154f7f437bca8cdeffc5782db7209afb2d8fa7cc79b98cb29c9137e8840ac8,decision_reason
K223639:setting,setting,PROCEDURAL_OR_OPERATING_ROOM;OTHER,,MULTILABEL_OTHER_ATTRIBUTION_NOT_ISOLATED,,NO_OTHER_SPECIFIC_NOTE_ADDED,,5380,89154f7f437bca8cdeffc5782db7209afb2d8fa7cc79b98cb29c9137e8840ac8,decision_reason
K223659:setting,setting,DIAGNOSTIC_INTERPRETATION;LABORATORY;OTHER,,MULTILABEL_OTHER_ATTRIBUTION_NOT_ISOLATED,,NO_OTHER_SPECIFIC_NOTE_ADDED,,5392,89154f7f437bca8cdeffc5782db7209afb2d8fa7cc79b98cb29c9137e8840ac8,decision_reason
K223724:input,input,MEDICAL_IMAGE;OTHER,,MULTILABEL_OTHER_ATTRIBUTION_NOT_ISOLATED,,NO_OTHER_SPECIFIC_NOTE_ADDED,,5395,89154f7f437bca8cdeffc5782db7209afb2d8fa7cc79b98cb29c9137e8840ac8,decision_reason
K223726:action,action,OTHER,Specialized imaging studies by physicians; no specific diagnostic/treatment action is stated.,SINGLE_OTHER_EXISTING_FIELD_REASON,zh,AI_ASSISTED_ENGLISH_TRANSLATION,c3220c78b7167ab1afc003b99a3316e84a517e969bec10618bf4d6c464c8bb3d,5405,89154f7f437bca8cdeffc5782db7209afb2d8fa7cc79b98cb29c9137e8840ac8,decision_reason
K223734:action,action,WORKFLOW_OR_DOCUMENTATION;OTHER,,MULTILABEL_OTHER_ATTRIBUTION_NOT_ISOLATED,,NO_OTHER_SPECIFIC_NOTE_ADDED,,1727,89154f7f437bca8cdeffc5782db7209afb2d8fa7cc79b98cb29c9137e8840ac8,decision_reason
K223738:output,output,OTHER;CONTROL_OR_AUTOMATION,,MULTILABEL_OTHER_ATTRIBUTION_NOT_ISOLATED,,NO_OTHER_SPECIFIC_NOTE_ADDED,,1730,89154f7f437bca8cdeffc5782db7209afb2d8fa7cc79b98cb29c9137e8840ac8,decision_reason
K223738:setting,setting,HOME_OR_CONSUMER;OTHER,,MULTILABEL_OTHER_ATTRIBUTION_NOT_ISOLATED,,NO_OTHER_SPECIFIC_NOTE_ADDED,,1732,89154f7f437bca8cdeffc5782db7209afb2d8fa7cc79b98cb29c9137e8840ac8,decision_reason
K223757:setting,setting,DIAGNOSTIC_INTERPRETATION;PROCEDURAL_OR_OPERATING_ROOM;OUTPATIENT;OTHER,,MULTILABEL_OTHER_ATTRIBUTION_NOT_ISOLATED,,NO_OTHER_SPECIFIC_NOTE_ADDED,,5416,89154f7f437bca8cdeffc5782db7209afb2d8fa7cc79b98cb29c9137e8840ac8,decision_reason
K223771:setting,setting,DIAGNOSTIC_INTERPRETATION;MONITORING;INPATIENT;OTHER,,MULTILABEL_OTHER_ATTRIBUTION_NOT_ISOLATED,,NO_OTHER_SPECIFIC_NOTE_ADDED,,5422,89154f7f437bca8cdeffc5782db7209afb2d8fa7cc79b98cb29c9137e8840ac8,decision_reason
K223830:setting,setting,DIAGNOSTIC_INTERPRETATION;OUTPATIENT;OTHER,,MULTILABEL_OTHER_ATTRIBUTION_NOT_ISOLATED,,NO_OTHER_SPECIFIC_NOTE_ADDED,,5440,89154f7f437bca8cdeffc5782db7209afb2d8fa7cc79b98cb29c9137e8840ac8,decision_reason
K223855:user,user,OTHER_CLINICIAN;OTHER,,MULTILABEL_OTHER_ATTRIBUTION_NOT_ISOLATED,,NO_OTHER_SPECIFIC_NOTE_ADDED,,5445,89154f7f437bca8cdeffc5782db7209afb2d8fa7cc79b98cb29c9137e8840ac8,decision_reason
K223864:action,action,WORKFLOW_OR_DOCUMENTATION;OTHER,,MULTILABEL_OTHER_ATTRIBUTION_NOT_ISOLATED,,NO_OTHER_SPECIFIC_NOTE_ADDED,,1739,89154f7f437bca8cdeffc5782db7209afb2d8fa7cc79b98cb29c9137e8840ac8,decision_reason
K230020:setting,setting,DIAGNOSTIC_INTERPRETATION;OTHER,,MULTILABEL_OTHER_ATTRIBUTION_NOT_ISOLATED,,NO_OTHER_SPECIFIC_NOTE_ADDED,,5452,89154f7f437bca8cdeffc5782db7209afb2d8fa7cc79b98cb29c9137e8840ac8,decision_reason
K230023:setting,setting,PROCEDURAL_OR_OPERATING_ROOM;OTHER,,MULTILABEL_OTHER_ATTRIBUTION_NOT_ISOLATED,,NO_OTHER_SPECIFIC_NOTE_ADDED,,5458,89154f7f437bca8cdeffc5782db7209afb2d8fa7cc79b98cb29c9137e8840ac8,decision_reason
K230039:setting,setting,DIAGNOSTIC_INTERPRETATION;OTHER,,MULTILABEL_OTHER_ATTRIBUTION_NOT_ISOLATED,,NO_OTHER_SPECIFIC_NOTE_ADDED,,5464,89154f7f437bca8cdeffc5782db7209afb2d8fa7cc79b98cb29c9137e8840ac8,decision_reason
K230045:action,action,OTHER,Intraoperative alpha quantification provides information for the surgeon's clinical decisions; no specific resection plan is provided.,SINGLE_OTHER_EXISTING_FIELD_REASON,zh,AI_ASSISTED_ENGLISH_TRANSLATION,831a493d50442dd386e8c1761ed0803acb1bf1986f65d280371a4c6db4bdd55e,5471,89154f7f437bca8cdeffc5782db7209afb2d8fa7cc79b98cb29c9137e8840ac8,decision_reason
K230074:setting,setting,DIAGNOSTIC_INTERPRETATION;OTHER,,MULTILABEL_OTHER_ATTRIBUTION_NOT_ISOLATED,,NO_OTHER_SPECIFIC_NOTE_ADDED,,5476,89154f7f437bca8cdeffc5782db7209afb2d8fa7cc79b98cb29c9137e8840ac8,decision_reason
K230084:setting,setting,DIAGNOSTIC_INTERPRETATION;OUTPATIENT;OTHER,,MULTILABEL_OTHER_ATTRIBUTION_NOT_ISOLATED,,NO_OTHER_SPECIFIC_NOTE_ADDED,,5488,89154f7f437bca8cdeffc5782db7209afb2d8fa7cc79b98cb29c9137e8840ac8,decision_reason
K230096:output,output,DETECTION_OR_ALERT;SEGMENTATION_OR_LOCALIZATION;CLASSIFICATION_OR_DIAGNOSIS;OTHER,,MULTILABEL_OTHER_ATTRIBUTION_NOT_ISOLATED,,NO_OTHER_SPECIFIC_NOTE_ADDED,,5498,89154f7f437bca8cdeffc5782db7209afb2d8fa7cc79b98cb29c9137e8840ac8,decision_reason
K230179:setting,setting,DIAGNOSTIC_INTERPRETATION;PROCEDURAL_OR_OPERATING_ROOM;OTHER,,MULTILABEL_OTHER_ATTRIBUTION_NOT_ISOLATED,,NO_OTHER_SPECIFIC_NOTE_ADDED,,5524,89154f7f437bca8cdeffc5782db7209afb2d8fa7cc79b98cb29c9137e8840ac8,decision_reason
K230197:setting,setting,DIAGNOSTIC_INTERPRETATION;OUTPATIENT;OTHER,,MULTILABEL_OTHER_ATTRIBUTION_NOT_ISOLATED,,NO_OTHER_SPECIFIC_NOTE_ADDED,,5530,89154f7f437bca8cdeffc5782db7209afb2d8fa7cc79b98cb29c9137e8840ac8,decision_reason
K230208:setting,setting,DIAGNOSTIC_INTERPRETATION;ACUTE_TRIAGE_OR_EMERGENCY;INPATIENT;OTHER,,MULTILABEL_OTHER_ATTRIBUTION_NOT_ISOLATED,,NO_OTHER_SPECIFIC_NOTE_ADDED,,5536,89154f7f437bca8cdeffc5782db7209afb2d8fa7cc79b98cb29c9137e8840ac8,decision_reason
K230209:setting,setting,DIAGNOSTIC_INTERPRETATION;OUTPATIENT;OTHER,,MULTILABEL_OTHER_ATTRIBUTION_NOT_ISOLATED,,NO_OTHER_SPECIFIC_NOTE_ADDED,,5542,89154f7f437bca8cdeffc5782db7209afb2d8fa7cc79b98cb29c9137e8840ac8,decision_reason
K230220:action,action,WORKFLOW_OR_DOCUMENTATION;OTHER,,MULTILABEL_OTHER_ATTRIBUTION_NOT_ISOLATED,,NO_OTHER_SPECIFIC_NOTE_ADDED,,5549,89154f7f437bca8cdeffc5782db7209afb2d8fa7cc79b98cb29c9137e8840ac8,decision_reason
K230220:setting,setting,OTHER,Whole-body CT imaging/scan preparation.,SINGLE_OTHER_EXISTING_FIELD_REASON,zh,AI_ASSISTED_ENGLISH_TRANSLATION,d69ea52a284e4ef3eef496c8fcb42e808cc68b1780309708ba0d8c0e49eddd4a,5548,89154f7f437bca8cdeffc5782db7209afb2d8fa7cc79b98cb29c9137e8840ac8,decision_reason
K230264:setting,setting,DIAGNOSTIC_INTERPRETATION;OUTPATIENT;OTHER,,MULTILABEL_OTHER_ATTRIBUTION_NOT_ISOLATED,,NO_OTHER_SPECIFIC_NOTE_ADDED,,5566,89154f7f437bca8cdeffc5782db7209afb2d8fa7cc79b98cb29c9137e8840ac8,decision_reason
K230337:setting,setting,DIAGNOSTIC_INTERPRETATION;OTHER,,MULTILABEL_OTHER_ATTRIBUTION_NOT_ISOLATED,,NO_OTHER_SPECIFIC_NOTE_ADDED,,1744,89154f7f437bca8cdeffc5782db7209afb2d8fa7cc79b98cb29c9137e8840ac8,decision_reason
K230346:setting,setting,DIAGNOSTIC_INTERPRETATION;OUTPATIENT;OTHER,,MULTILABEL_OTHER_ATTRIBUTION_NOT_ISOLATED,,NO_OTHER_SPECIFIC_NOTE_ADDED,,5572,89154f7f437bca8cdeffc5782db7209afb2d8fa7cc79b98cb29c9137e8840ac8,decision_reason
K230552:setting,setting,DIAGNOSTIC_INTERPRETATION;OTHER,,MULTILABEL_OTHER_ATTRIBUTION_NOT_ISOLATED,,NO_OTHER_SPECIFIC_NOTE_ADDED,,5608,89154f7f437bca8cdeffc5782db7209afb2d8fa7cc79b98cb29c9137e8840ac8,decision_reason
K230807:action,action,WORKFLOW_OR_DOCUMENTATION;OTHER,,MULTILABEL_OTHER_ATTRIBUTION_NOT_ISOLATED,,NO_OTHER_SPECIFIC_NOTE_ADDED,,5633,89154f7f437bca8cdeffc5782db7209afb2d8fa7cc79b98cb29c9137e8840ac8,decision_reason
K230807:setting,setting,OTHER,Routine CT reconstruction on a CT console/GE platform.,SINGLE_OTHER_EXISTING_FIELD_REASON,zh,AI_ASSISTED_ENGLISH_TRANSLATION,d40a722f85ba79f57c31ea3fa5fdb86ebc156c1be0311c4359aebf2b834f5f01,5632,89154f7f437bca8cdeffc5782db7209afb2d8fa7cc79b98cb29c9137e8840ac8,decision_reason
K230812:setting,setting,MONITORING;OUTPATIENT;HOME_OR_CONSUMER;OTHER,,MULTILABEL_OTHER_ATTRIBUTION_NOT_ISOLATED,,NO_OTHER_SPECIFIC_NOTE_ADDED,,658,89154f7f437bca8cdeffc5782db7209afb2d8fa7cc79b98cb29c9137e8840ac8,decision_reason
K230823:setting,setting,DIAGNOSTIC_INTERPRETATION;OTHER,,MULTILABEL_OTHER_ATTRIBUTION_NOT_ISOLATED,,NO_OTHER_SPECIFIC_NOTE_ADDED,,664,89154f7f437bca8cdeffc5782db7209afb2d8fa7cc79b98cb29c9137e8840ac8,decision_reason
K230842:action,action,MONITORING_OR_FOLLOW_UP;OTHER,,MULTILABEL_OTHER_ATTRIBUTION_NOT_ISOLATED,,NO_OTHER_SPECIFIC_NOTE_ADDED,,671,89154f7f437bca8cdeffc5782db7209afb2d8fa7cc79b98cb29c9137e8840ac8,decision_reason
K230854:action,action,WORKFLOW_OR_DOCUMENTATION;OTHER,,MULTILABEL_OTHER_ATTRIBUTION_NOT_ISOLATED,,NO_OTHER_SPECIFIC_NOTE_ADDED,,5639,89154f7f437bca8cdeffc5782db7209afb2d8fa7cc79b98cb29c9137e8840ac8,decision_reason
K230854:setting,setting,OUTPATIENT;OTHER,,MULTILABEL_OTHER_ATTRIBUTION_NOT_ISOLATED,,NO_OTHER_SPECIFIC_NOTE_ADDED,,5638,89154f7f437bca8cdeffc5782db7209afb2d8fa7cc79b98cb29c9137e8840ac8,decision_reason
K230913:action,action,OTHER;MONITORING_OR_FOLLOW_UP,,MULTILABEL_OTHER_ATTRIBUTION_NOT_ISOLATED,,NO_OTHER_SPECIFIC_NOTE_ADDED,,5651,89154f7f437bca8cdeffc5782db7209afb2d8fa7cc79b98cb29c9137e8840ac8,decision_reason
K230913:setting,setting,OTHER;MONITORING,,MULTILABEL_OTHER_ATTRIBUTION_NOT_ISOLATED,,NO_OTHER_SPECIFIC_NOTE_ADDED,,5650,89154f7f437bca8cdeffc5782db7209afb2d8fa7cc79b98cb29c9137e8840ac8,decision_reason
K231010:setting,setting,DIAGNOSTIC_INTERPRETATION;OUTPATIENT;OTHER;ACUTE_TRIAGE_OR_EMERGENCY,,MULTILABEL_OTHER_ATTRIBUTION_NOT_ISOLATED,,NO_OTHER_SPECIFIC_NOTE_ADDED,,676,89154f7f437bca8cdeffc5782db7209afb2d8fa7cc79b98cb29c9137e8840ac8,decision_reason
K231038:setting,setting,MONITORING;PROCEDURAL_OR_OPERATING_ROOM;OTHER,,MULTILABEL_OTHER_ATTRIBUTION_NOT_ISOLATED,,NO_OTHER_SPECIFIC_NOTE_ADDED,,682,89154f7f437bca8cdeffc5782db7209afb2d8fa7cc79b98cb29c9137e8840ac8,decision_reason
K231068:output,output,DETECTION_OR_ALERT;CLASSIFICATION_OR_DIAGNOSIS;OTHER,,MULTILABEL_OTHER_ATTRIBUTION_NOT_ISOLATED,,NO_OTHER_SPECIFIC_NOTE_ADDED,,1748,89154f7f437bca8cdeffc5782db7209afb2d8fa7cc79b98cb29c9137e8840ac8,decision_reason
K231068:setting,setting,DIAGNOSTIC_INTERPRETATION;LABORATORY;OTHER,,MULTILABEL_OTHER_ATTRIBUTION_NOT_ISOLATED,,NO_OTHER_SPECIFIC_NOTE_ADDED,,1750,89154f7f437bca8cdeffc5782db7209afb2d8fa7cc79b98cb29c9137e8840ac8,decision_reason
K231094:setting,setting,DIAGNOSTIC_INTERPRETATION;OTHER,,MULTILABEL_OTHER_ATTRIBUTION_NOT_ISOLATED,,NO_OTHER_SPECIFIC_NOTE_ADDED,,5674,89154f7f437bca8cdeffc5782db7209afb2d8fa7cc79b98cb29c9137e8840ac8,decision_reason
K231149:setting,setting,DIAGNOSTIC_INTERPRETATION;OUTPATIENT;OTHER,,MULTILABEL_OTHER_ATTRIBUTION_NOT_ISOLATED,,NO_OTHER_SPECIFIC_NOTE_ADDED,,5686,89154f7f437bca8cdeffc5782db7209afb2d8fa7cc79b98cb29c9137e8840ac8,decision_reason
K231195:setting,setting,ACUTE_TRIAGE_OR_EMERGENCY;DIAGNOSTIC_INTERPRETATION;OTHER,,MULTILABEL_OTHER_ATTRIBUTION_NOT_ISOLATED,,NO_OTHER_SPECIFIC_NOTE_ADDED,,5704,89154f7f437bca8cdeffc5782db7209afb2d8fa7cc79b98cb29c9137e8840ac8,decision_reason
K231207:action,action,OTHER;WORKFLOW_OR_DOCUMENTATION,,MULTILABEL_OTHER_ATTRIBUTION_NOT_ISOLATED,,NO_OTHER_SPECIFIC_NOTE_ADDED,,695,89154f7f437bca8cdeffc5782db7209afb2d8fa7cc79b98cb29c9137e8840ac8,decision_reason
K231281:action,action,OTHER,CT volumes are provided for physicians' specialized studies; specific diagnostic or treatment actions are not additionally inferred.,SINGLE_OTHER_EXISTING_FIELD_REASON,zh,AI_ASSISTED_ENGLISH_TRANSLATION,8dae93a6fe4a4bb946a8ea59876d14ba0505c48f1e24f56bbc2c10e7271b7005,5711,89154f7f437bca8cdeffc5782db7209afb2d8fa7cc79b98cb29c9137e8840ac8,decision_reason
K231281:setting,setting,OTHER,"Whole-body CT, including the head; the specific care setting is not given.",SINGLE_OTHER_EXISTING_FIELD_REASON,zh,AI_ASSISTED_ENGLISH_TRANSLATION,c32efd0525613c516ebdc8acfaea5ebbac5abc7b0ef0066b014eeec4e54364c3,5710,89154f7f437bca8cdeffc5782db7209afb2d8fa7cc79b98cb29c9137e8840ac8,decision_reason
K231324:user,user,OTHER_PHYSICIAN;RADIOLOGIST;OTHER,,MULTILABEL_OTHER_ATTRIBUTION_NOT_ISOLATED,,NO_OTHER_SPECIFIC_NOTE_ADDED,,5715,89154f7f437bca8cdeffc5782db7209afb2d8fa7cc79b98cb29c9137e8840ac8,decision_reason
K231384:setting,setting,DIAGNOSTIC_INTERPRETATION;OTHER,,MULTILABEL_OTHER_ATTRIBUTION_NOT_ISOLATED,,NO_OTHER_SPECIFIC_NOTE_ADDED,,5722,89154f7f437bca8cdeffc5782db7209afb2d8fa7cc79b98cb29c9137e8840ac8,decision_reason
K231398:setting,setting,DIAGNOSTIC_INTERPRETATION;MONITORING;OTHER,,MULTILABEL_OTHER_ATTRIBUTION_NOT_ISOLATED,,NO_OTHER_SPECIFIC_NOTE_ADDED,,5734,89154f7f437bca8cdeffc5782db7209afb2d8fa7cc79b98cb29c9137e8840ac8,decision_reason
K231459:action,action,INTERPRETATION_OR_DIAGNOSIS;OTHER,,MULTILABEL_OTHER_ATTRIBUTION_NOT_ISOLATED,,NO_OTHER_SPECIFIC_NOTE_ADDED,,5741,89154f7f437bca8cdeffc5782db7209afb2d8fa7cc79b98cb29c9137e8840ac8,decision_reason
K231470:output,output,DETECTION_OR_ALERT;SEGMENTATION_OR_LOCALIZATION;CLASSIFICATION_OR_DIAGNOSIS;OTHER,,MULTILABEL_OTHER_ATTRIBUTION_NOT_ISOLATED,,NO_OTHER_SPECIFIC_NOTE_ADDED,,5744,89154f7f437bca8cdeffc5782db7209afb2d8fa7cc79b98cb29c9137e8840ac8,decision_reason
K231677:setting,setting,OTHER,Professional hospital/clinic facilities; inpatient and outpatient settings are not distinguished.,SINGLE_OTHER_EXISTING_FIELD_REASON,zh,AI_ASSISTED_ENGLISH_TRANSLATION,b87f0ecde7b94fae7dcf92581fbc25f96117d576e00872ca82f5aacb501721c8,5800,89154f7f437bca8cdeffc5782db7209afb2d8fa7cc79b98cb29c9137e8840ac8,decision_reason
K231764:setting,setting,OTHER,Professional healthcare facilities; the specific diagnostic/surgical stage of PVA is not differentiated.,SINGLE_OTHER_EXISTING_FIELD_REASON,zh,AI_ASSISTED_ENGLISH_TRANSLATION,bcbf9994bb6d4514a94196e58303279a396f717311c9dd3d51643fe63eb1c69b,5836,89154f7f437bca8cdeffc5782db7209afb2d8fa7cc79b98cb29c9137e8840ac8,decision_reason
K231855:user,user,OTHER,"Only the receiving department, radiation oncology, is specified; professions are not differentiated.",SINGLE_OTHER_EXISTING_FIELD_REASON,zh,AI_ASSISTED_ENGLISH_TRANSLATION,022085d3b953f88741ec4f096db59691a2086d9cf38234f70d86695d95306eec,5877,89154f7f437bca8cdeffc5782db7209afb2d8fa7cc79b98cb29c9137e8840ac8,decision_reason
K231898:output,output,DETECTION_OR_ALERT;SEGMENTATION_OR_LOCALIZATION;MEASUREMENT_OR_QUANTIFICATION;RECOMMENDATION_OR_PLANNING;OTHER,,MULTILABEL_OTHER_ATTRIBUTION_NOT_ISOLATED,,NO_OTHER_SPECIFIC_NOTE_ADDED,,5888,89154f7f437bca8cdeffc5782db7209afb2d8fa7cc79b98cb29c9137e8840ac8,decision_reason
K231955:setting,setting,OTHER,A digital segmentation/design workflow; no specific hospital setting is given.,SINGLE_OTHER_EXISTING_FIELD_REASON,zh,AI_ASSISTED_ENGLISH_TRANSLATION,6a89480c9ff555b0a6b58533f10a9fa852517bc55d225414e59361b4cb1be951,5914,89154f7f437bca8cdeffc5782db7209afb2d8fa7cc79b98cb29c9137e8840ac8,decision_reason
K231955:user,user,OTHER,Trained design personnel with medical knowledge.,SINGLE_OTHER_EXISTING_FIELD_REASON,zh,AI_ASSISTED_ENGLISH_TRANSLATION,55cf2d827b4f7d5856fd605cf4894061d83e4d82bcc3bdec78d659aa0860a21d,5913,89154f7f437bca8cdeffc5782db7209afb2d8fa7cc79b98cb29c9137e8840ac8,decision_reason
K231965:setting,setting,DIAGNOSTIC_INTERPRETATION;OTHER,,MULTILABEL_OTHER_ATTRIBUTION_NOT_ISOLATED,,NO_OTHER_SPECIFIC_NOTE_ADDED,,5920,89154f7f437bca8cdeffc5782db7209afb2d8fa7cc79b98cb29c9137e8840ac8,decision_reason
K231966:setting,setting,DIAGNOSTIC_INTERPRETATION;OTHER,,MULTILABEL_OTHER_ATTRIBUTION_NOT_ISOLATED,,NO_OTHER_SPECIFIC_NOTE_ADDED,,5926,89154f7f437bca8cdeffc5782db7209afb2d8fa7cc79b98cb29c9137e8840ac8,decision_reason
K231989:setting,setting,DIAGNOSTIC_INTERPRETATION;OTHER,,MULTILABEL_OTHER_ATTRIBUTION_NOT_ISOLATED,,NO_OTHER_SPECIFIC_NOTE_ADDED,,5932,89154f7f437bca8cdeffc5782db7209afb2d8fa7cc79b98cb29c9137e8840ac8,decision_reason
K232035:setting,setting,DIAGNOSTIC_INTERPRETATION;ACUTE_TRIAGE_OR_EMERGENCY;OTHER,,MULTILABEL_OTHER_ATTRIBUTION_NOT_ISOLATED,,NO_OTHER_SPECIFIC_NOTE_ADDED,,706,89154f7f437bca8cdeffc5782db7209afb2d8fa7cc79b98cb29c9137e8840ac8,decision_reason
K232096:action,action,OTHER,Assists breast tissue composition/density assessment; further diagnostic or treatment actions are not specified.,SINGLE_OTHER_EXISTING_FIELD_REASON,zh,AI_ASSISTED_ENGLISH_TRANSLATION,c0854e6f53c55bc5aeeb6eadf65a24370cdd824770830812df53b12d26d7e6a8,5963,89154f7f437bca8cdeffc5782db7209afb2d8fa7cc79b98cb29c9137e8840ac8,decision_reason
K232096:setting,setting,OTHER,Breast-imaging tissue-composition assessment; the source explicitly states that it is not a diagnostic aid.,SINGLE_OTHER_EXISTING_FIELD_REASON,zh,AI_ASSISTED_ENGLISH_TRANSLATION,3c3cc819afc6a202433987eadf37e1f0a4846f64f99fd3fb00bb98a2aab1a559,5962,89154f7f437bca8cdeffc5782db7209afb2d8fa7cc79b98cb29c9137e8840ac8,decision_reason
K232257:setting,setting,OTHER,A hospital/clinic healthcare setting.,SINGLE_OTHER_EXISTING_FIELD_REASON,zh,AI_ASSISTED_ENGLISH_TRANSLATION,cd5ad63d9f10877f72d8927626e6a9deaa4eac3d6468c54f2e447eb71cb5b4fa,5986,89154f7f437bca8cdeffc5782db7209afb2d8fa7cc79b98cb29c9137e8840ac8,decision_reason
K232384:setting,setting,DIAGNOSTIC_INTERPRETATION;OTHER,,MULTILABEL_OTHER_ATTRIBUTION_NOT_ISOLATED,,NO_OTHER_SPECIFIC_NOTE_ADDED,,6028,89154f7f437bca8cdeffc5782db7209afb2d8fa7cc79b98cb29c9137e8840ac8,decision_reason
K232431:user,user,RADIOLOGIST;OTHER,,MULTILABEL_OTHER_ATTRIBUTION_NOT_ISOLATED,,NO_OTHER_SPECIFIC_NOTE_ADDED,,6045,89154f7f437bca8cdeffc5782db7209afb2d8fa7cc79b98cb29c9137e8840ac8,decision_reason
K232491:setting,setting,DIAGNOSTIC_INTERPRETATION;OTHER,,MULTILABEL_OTHER_ATTRIBUTION_NOT_ISOLATED,,NO_OTHER_SPECIFIC_NOTE_ADDED,,6076,89154f7f437bca8cdeffc5782db7209afb2d8fa7cc79b98cb29c9137e8840ac8,decision_reason
K232500:setting,setting,DIAGNOSTIC_INTERPRETATION;OTHER,,MULTILABEL_OTHER_ATTRIBUTION_NOT_ISOLATED,,NO_OTHER_SPECIFIC_NOTE_ADDED,,6094,89154f7f437bca8cdeffc5782db7209afb2d8fa7cc79b98cb29c9137e8840ac8,decision_reason
K232526:action,action,OTHER,Viewing stable images during an intervention; treatment actions based on these images are not further described.,SINGLE_OTHER_EXISTING_FIELD_REASON,zh,AI_ASSISTED_ENGLISH_TRANSLATION,9233d4f16cdd789c11972c11c816792c08f7f7eff4f8bd983e568fbf00874f59,6107,89154f7f437bca8cdeffc5782db7209afb2d8fa7cc79b98cb29c9137e8840ac8,decision_reason
K232613:setting,setting,DIAGNOSTIC_INTERPRETATION;OTHER,,MULTILABEL_OTHER_ATTRIBUTION_NOT_ISOLATED,,NO_OTHER_SPECIFIC_NOTE_ADDED,,6118,89154f7f437bca8cdeffc5782db7209afb2d8fa7cc79b98cb29c9137e8840ac8,decision_reason
K232686:setting,setting,DIAGNOSTIC_INTERPRETATION;OUTPATIENT;OTHER,,MULTILABEL_OTHER_ATTRIBUTION_NOT_ISOLATED,,NO_OTHER_SPECIFIC_NOTE_ADDED,,718,89154f7f437bca8cdeffc5782db7209afb2d8fa7cc79b98cb29c9137e8840ac8,decision_reason
K232698:output,output,OTHER;MEASUREMENT_OR_QUANTIFICATION,,MULTILABEL_OTHER_ATTRIBUTION_NOT_ISOLATED,,NO_OTHER_SPECIFIC_NOTE_ADDED,,6128,89154f7f437bca8cdeffc5782db7209afb2d8fa7cc79b98cb29c9137e8840ac8,decision_reason
K232699:setting,setting,SCREENING;ACUTE_TRIAGE_OR_EMERGENCY;OTHER,,MULTILABEL_OTHER_ATTRIBUTION_NOT_ISOLATED,,NO_OTHER_SPECIFIC_NOTE_ADDED,,724,89154f7f437bca8cdeffc5782db7209afb2d8fa7cc79b98cb29c9137e8840ac8,decision_reason
K232760:setting,setting,DIAGNOSTIC_INTERPRETATION;ACUTE_TRIAGE_OR_EMERGENCY;INPATIENT;OTHER,,MULTILABEL_OTHER_ATTRIBUTION_NOT_ISOLATED,,NO_OTHER_SPECIFIC_NOTE_ADDED,,6154,89154f7f437bca8cdeffc5782db7209afb2d8fa7cc79b98cb29c9137e8840ac8,decision_reason
K232808:setting,setting,DIAGNOSTIC_INTERPRETATION;HOME_OR_CONSUMER;ACUTE_TRIAGE_OR_EMERGENCY;OTHER,,MULTILABEL_OTHER_ATTRIBUTION_NOT_ISOLATED,,NO_OTHER_SPECIFIC_NOTE_ADDED,,6172,89154f7f437bca8cdeffc5782db7209afb2d8fa7cc79b98cb29c9137e8840ac8,decision_reason
K232808:user,user,OTHER_CLINICIAN;OTHER,,MULTILABEL_OTHER_ATTRIBUTION_NOT_ISOLATED,,NO_OTHER_SPECIFIC_NOTE_ADDED,,6171,89154f7f437bca8cdeffc5782db7209afb2d8fa7cc79b98cb29c9137e8840ac8,decision_reason
K232841:setting,setting,PROCEDURAL_OR_OPERATING_ROOM;DIAGNOSTIC_INTERPRETATION;OTHER,,MULTILABEL_OTHER_ATTRIBUTION_NOT_ISOLATED,,NO_OTHER_SPECIFIC_NOTE_ADDED,,6184,89154f7f437bca8cdeffc5782db7209afb2d8fa7cc79b98cb29c9137e8840ac8,decision_reason
K232841:user,user,OTHER,Trained Axial3D staff are explicitly identified as recipients of the AI results; the surgical team subsequently uses the model.,SINGLE_OTHER_EXISTING_FIELD_REASON,zh,AI_ASSISTED_ENGLISH_TRANSLATION,5c3583cb71bd8d3e3137ff7b48f44f60560406c59ee9ec9fb98f18bf353bc46a,6183,89154f7f437bca8cdeffc5782db7209afb2d8fa7cc79b98cb29c9137e8840ac8,decision_reason
K232856:output,output,SEGMENTATION_OR_LOCALIZATION;MEASUREMENT_OR_QUANTIFICATION;OTHER,,MULTILABEL_OTHER_ATTRIBUTION_NOT_ISOLATED,,NO_OTHER_SPECIFIC_NOTE_ADDED,,6188,89154f7f437bca8cdeffc5782db7209afb2d8fa7cc79b98cb29c9137e8840ac8,decision_reason
K232915:setting,setting,MONITORING;HOME_OR_CONSUMER;OTHER,,MULTILABEL_OTHER_ATTRIBUTION_NOT_ISOLATED,,NO_OTHER_SPECIFIC_NOTE_ADDED,,1768,89154f7f437bca8cdeffc5782db7209afb2d8fa7cc79b98cb29c9137e8840ac8,decision_reason
K233112:setting,setting,DIAGNOSTIC_INTERPRETATION;ACUTE_TRIAGE_OR_EMERGENCY;OUTPATIENT;OTHER,,MULTILABEL_OTHER_ATTRIBUTION_NOT_ISOLATED,,NO_OTHER_SPECIFIC_NOTE_ADDED,,6232,89154f7f437bca8cdeffc5782db7209afb2d8fa7cc79b98cb29c9137e8840ac8,decision_reason
K233176:setting,setting,DIAGNOSTIC_INTERPRETATION;OTHER,,MULTILABEL_OTHER_ATTRIBUTION_NOT_ISOLATED,,NO_OTHER_SPECIFIC_NOTE_ADDED,,6238,89154f7f437bca8cdeffc5782db7209afb2d8fa7cc79b98cb29c9137e8840ac8,decision_reason
K233186:setting,setting,DIAGNOSTIC_INTERPRETATION;OTHER,,MULTILABEL_OTHER_ATTRIBUTION_NOT_ISOLATED,,NO_OTHER_SPECIFIC_NOTE_ADDED,,6244,89154f7f437bca8cdeffc5782db7209afb2d8fa7cc79b98cb29c9137e8840ac8,decision_reason
K233195:output,output,MEASUREMENT_OR_QUANTIFICATION;OTHER,,MULTILABEL_OTHER_ATTRIBUTION_NOT_ISOLATED,,NO_OTHER_SPECIFIC_NOTE_ADDED,,6248,89154f7f437bca8cdeffc5782db7209afb2d8fa7cc79b98cb29c9137e8840ac8,decision_reason
K233195:setting,setting,DIAGNOSTIC_INTERPRETATION;PROCEDURAL_OR_OPERATING_ROOM;OTHER,,MULTILABEL_OTHER_ATTRIBUTION_NOT_ISOLATED,,NO_OTHER_SPECIFIC_NOTE_ADDED,,6250,89154f7f437bca8cdeffc5782db7209afb2d8fa7cc79b98cb29c9137e8840ac8,decision_reason
K233209:setting,setting,DIAGNOSTIC_INTERPRETATION;PROCEDURAL_OR_OPERATING_ROOM;OTHER,,MULTILABEL_OTHER_ATTRIBUTION_NOT_ISOLATED,,NO_OTHER_SPECIFIC_NOTE_ADDED,,6262,89154f7f437bca8cdeffc5782db7209afb2d8fa7cc79b98cb29c9137e8840ac8,decision_reason
K233247:setting,setting,ACUTE_TRIAGE_OR_EMERGENCY;OTHER,,MULTILABEL_OTHER_ATTRIBUTION_NOT_ISOLATED,,NO_OTHER_SPECIFIC_NOTE_ADDED,,6274,89154f7f437bca8cdeffc5782db7209afb2d8fa7cc79b98cb29c9137e8840ac8,decision_reason
K233249:setting,setting,ACUTE_TRIAGE_OR_EMERGENCY;MONITORING;OTHER,,MULTILABEL_OTHER_ATTRIBUTION_NOT_ISOLATED,,NO_OTHER_SPECIFIC_NOTE_ADDED,,736,89154f7f437bca8cdeffc5782db7209afb2d8fa7cc79b98cb29c9137e8840ac8,decision_reason
K233342:setting,setting,DIAGNOSTIC_INTERPRETATION;ACUTE_TRIAGE_OR_EMERGENCY;OTHER,,MULTILABEL_OTHER_ATTRIBUTION_NOT_ISOLATED,,NO_OTHER_SPECIFIC_NOTE_ADDED,,6286,89154f7f437bca8cdeffc5782db7209afb2d8fa7cc79b98cb29c9137e8840ac8,decision_reason
K233438:setting,setting,DIAGNOSTIC_INTERPRETATION;OTHER,,MULTILABEL_OTHER_ATTRIBUTION_NOT_ISOLATED,,NO_OTHER_SPECIFIC_NOTE_ADDED,,1780,89154f7f437bca8cdeffc5782db7209afb2d8fa7cc79b98cb29c9137e8840ac8,decision_reason
K233457:output,output,SEGMENTATION_OR_LOCALIZATION;OTHER,,MULTILABEL_OTHER_ATTRIBUTION_NOT_ISOLATED,,NO_OTHER_SPECIFIC_NOTE_ADDED,,6290,89154f7f437bca8cdeffc5782db7209afb2d8fa7cc79b98cb29c9137e8840ac8,decision_reason
K233457:setting,setting,PROCEDURAL_OR_OPERATING_ROOM;OTHER,,MULTILABEL_OTHER_ATTRIBUTION_NOT_ISOLATED,,NO_OTHER_SPECIFIC_NOTE_ADDED,,6292,89154f7f437bca8cdeffc5782db7209afb2d8fa7cc79b98cb29c9137e8840ac8,decision_reason
K233512:output,output,MEASUREMENT_OR_QUANTIFICATION;OTHER,,MULTILABEL_OTHER_ATTRIBUTION_NOT_ISOLATED,,NO_OTHER_SPECIFIC_NOTE_ADDED,,6296,89154f7f437bca8cdeffc5782db7209afb2d8fa7cc79b98cb29c9137e8840ac8,decision_reason
K233512:setting,setting,DIAGNOSTIC_INTERPRETATION;ACUTE_TRIAGE_OR_EMERGENCY;PROCEDURAL_OR_OPERATING_ROOM;OTHER,,MULTILABEL_OTHER_ATTRIBUTION_NOT_ISOLATED,,NO_OTHER_SPECIFIC_NOTE_ADDED,,6298,89154f7f437bca8cdeffc5782db7209afb2d8fa7cc79b98cb29c9137e8840ac8,decision_reason
K233549:setting,setting,SCREENING;OTHER,,MULTILABEL_OTHER_ATTRIBUTION_NOT_ISOLATED,,NO_OTHER_SPECIFIC_NOTE_ADDED,,754,89154f7f437bca8cdeffc5782db7209afb2d8fa7cc79b98cb29c9137e8840ac8,decision_reason
K233568:action,action,TREATMENT_OR_PROCEDURE_PLANNING;OTHER,,MULTILABEL_OTHER_ATTRIBUTION_NOT_ISOLATED,,NO_OTHER_SPECIFIC_NOTE_ADDED,,6317,89154f7f437bca8cdeffc5782db7209afb2d8fa7cc79b98cb29c9137e8840ac8,decision_reason
K233568:output,output,SEGMENTATION_OR_LOCALIZATION;OTHER;MEASUREMENT_OR_QUANTIFICATION,,MULTILABEL_OTHER_ATTRIBUTION_NOT_ISOLATED,,NO_OTHER_SPECIFIC_NOTE_ADDED,,6314,89154f7f437bca8cdeffc5782db7209afb2d8fa7cc79b98cb29c9137e8840ac8,decision_reason
K233568:setting,setting,PROCEDURAL_OR_OPERATING_ROOM;OTHER,,MULTILABEL_OTHER_ATTRIBUTION_NOT_ISOLATED,,NO_OTHER_SPECIFIC_NOTE_ADDED,,6316,89154f7f437bca8cdeffc5782db7209afb2d8fa7cc79b98cb29c9137e8840ac8,decision_reason
K233568:user,user,OTHER;OTHER_CLINICIAN,,MULTILABEL_OTHER_ATTRIBUTION_NOT_ISOLATED,,NO_OTHER_SPECIFIC_NOTE_ADDED,,6315,89154f7f437bca8cdeffc5782db7209afb2d8fa7cc79b98cb29c9137e8840ac8,decision_reason
K233582:output,output,MEASUREMENT_OR_QUANTIFICATION;OTHER,,MULTILABEL_OTHER_ATTRIBUTION_NOT_ISOLATED,,NO_OTHER_SPECIFIC_NOTE_ADDED,,6320,89154f7f437bca8cdeffc5782db7209afb2d8fa7cc79b98cb29c9137e8840ac8,decision_reason
K233590:setting,setting,OTHER,Mapping in dental imaging; inpatient/outpatient settings are not specified.,SINGLE_OTHER_EXISTING_FIELD_REASON,zh,AI_ASSISTED_ENGLISH_TRANSLATION,2e5956787fb5c04d07ce648b28280a6427a5db1dc977f123e0bf29fc80bc2bca,6328,89154f7f437bca8cdeffc5782db7209afb2d8fa7cc79b98cb29c9137e8840ac8,decision_reason
K233618:setting,setting,INPATIENT;MONITORING;OTHER,,MULTILABEL_OTHER_ATTRIBUTION_NOT_ISOLATED,,NO_OTHER_SPECIFIC_NOTE_ADDED,,1786,89154f7f437bca8cdeffc5782db7209afb2d8fa7cc79b98cb29c9137e8840ac8,decision_reason
K233650:setting,setting,DIAGNOSTIC_INTERPRETATION;PROCEDURAL_OR_OPERATING_ROOM;OTHER,,MULTILABEL_OTHER_ATTRIBUTION_NOT_ISOLATED,,NO_OTHER_SPECIFIC_NOTE_ADDED,,6334,89154f7f437bca8cdeffc5782db7209afb2d8fa7cc79b98cb29c9137e8840ac8,decision_reason
K233666:setting,setting,DIAGNOSTIC_INTERPRETATION;OUTPATIENT;OTHER,,MULTILABEL_OTHER_ATTRIBUTION_NOT_ISOLATED,,NO_OTHER_SPECIFIC_NOTE_ADDED,,766,89154f7f437bca8cdeffc5782db7209afb2d8fa7cc79b98cb29c9137e8840ac8,decision_reason
K233731:output,output,SEGMENTATION_OR_LOCALIZATION;MEASUREMENT_OR_QUANTIFICATION;OTHER;DOCUMENTATION_OR_SUMMARY,,MULTILABEL_OTHER_ATTRIBUTION_NOT_ISOLATED,,NO_OTHER_SPECIFIC_NOTE_ADDED,,6392,89154f7f437bca8cdeffc5782db7209afb2d8fa7cc79b98cb29c9137e8840ac8,decision_reason
K233755:output,output,CLASSIFICATION_OR_DIAGNOSIS;MEASUREMENT_OR_QUANTIFICATION;OTHER,,MULTILABEL_OTHER_ATTRIBUTION_NOT_ISOLATED,,NO_OTHER_SPECIFIC_NOTE_ADDED,,770,89154f7f437bca8cdeffc5782db7209afb2d8fa7cc79b98cb29c9137e8840ac8,decision_reason
K233755:setting,setting,MONITORING;DIAGNOSTIC_INTERPRETATION;HOME_OR_CONSUMER;OTHER,,MULTILABEL_OTHER_ATTRIBUTION_NOT_ISOLATED,,NO_OTHER_SPECIFIC_NOTE_ADDED,,772,89154f7f437bca8cdeffc5782db7209afb2d8fa7cc79b98cb29c9137e8840ac8,decision_reason
K233788:setting,setting,DIAGNOSTIC_INTERPRETATION;OTHER,,MULTILABEL_OTHER_ATTRIBUTION_NOT_ISOLATED,,NO_OTHER_SPECIFIC_NOTE_ADDED,,6418,89154f7f437bca8cdeffc5782db7209afb2d8fa7cc79b98cb29c9137e8840ac8,decision_reason
K233826:setting,setting,DIAGNOSTIC_INTERPRETATION;OTHER,,MULTILABEL_OTHER_ATTRIBUTION_NOT_ISOLATED,,NO_OTHER_SPECIFIC_NOTE_ADDED,,6430,89154f7f437bca8cdeffc5782db7209afb2d8fa7cc79b98cb29c9137e8840ac8,decision_reason
K233864:setting,setting,MONITORING;HOME_OR_CONSUMER;OTHER,,MULTILABEL_OTHER_ATTRIBUTION_NOT_ISOLATED,,NO_OTHER_SPECIFIC_NOTE_ADDED,,778,89154f7f437bca8cdeffc5782db7209afb2d8fa7cc79b98cb29c9137e8840ac8,decision_reason
K233925:output,output,SEGMENTATION_OR_LOCALIZATION;OTHER,,MULTILABEL_OTHER_ATTRIBUTION_NOT_ISOLATED,,NO_OTHER_SPECIFIC_NOTE_ADDED,,6434,89154f7f437bca8cdeffc5782db7209afb2d8fa7cc79b98cb29c9137e8840ac8,decision_reason
K233955:setting,setting,DIAGNOSTIC_INTERPRETATION;OTHER,,MULTILABEL_OTHER_ATTRIBUTION_NOT_ISOLATED,,NO_OTHER_SPECIFIC_NOTE_ADDED,,6442,89154f7f437bca8cdeffc5782db7209afb2d8fa7cc79b98cb29c9137e8840ac8,decision_reason
K233968:setting,setting,ACUTE_TRIAGE_OR_EMERGENCY;OTHER,,MULTILABEL_OTHER_ATTRIBUTION_NOT_ISOLATED,,NO_OTHER_SPECIFIC_NOTE_ADDED,,6448,89154f7f437bca8cdeffc5782db7209afb2d8fa7cc79b98cb29c9137e8840ac8,decision_reason
K233977:setting,setting,DIAGNOSTIC_INTERPRETATION;OTHER,,MULTILABEL_OTHER_ATTRIBUTION_NOT_ISOLATED,,NO_OTHER_SPECIFIC_NOTE_ADDED,,6454,89154f7f437bca8cdeffc5782db7209afb2d8fa7cc79b98cb29c9137e8840ac8,decision_reason
K233992:output,output,SEGMENTATION_OR_LOCALIZATION;OTHER,,MULTILABEL_OTHER_ATTRIBUTION_NOT_ISOLATED,,NO_OTHER_SPECIFIC_NOTE_ADDED,,2072,89154f7f437bca8cdeffc5782db7209afb2d8fa7cc79b98cb29c9137e8840ac8,decision_reason
K234009:output,output,SEGMENTATION_OR_LOCALIZATION;OTHER,,MULTILABEL_OTHER_ATTRIBUTION_NOT_ISOLATED,,NO_OTHER_SPECIFIC_NOTE_ADDED,,6464,89154f7f437bca8cdeffc5782db7209afb2d8fa7cc79b98cb29c9137e8840ac8,decision_reason
K234042:setting,setting,DIAGNOSTIC_INTERPRETATION;OTHER,,MULTILABEL_OTHER_ATTRIBUTION_NOT_ISOLATED,,NO_OTHER_SPECIFIC_NOTE_ADDED,,6472,89154f7f437bca8cdeffc5782db7209afb2d8fa7cc79b98cb29c9137e8840ac8,decision_reason
K234047:action,action,WORKFLOW_OR_DOCUMENTATION;OTHER,,MULTILABEL_OTHER_ATTRIBUTION_NOT_ISOLATED,,NO_OTHER_SPECIFIC_NOTE_ADDED,,1793,89154f7f437bca8cdeffc5782db7209afb2d8fa7cc79b98cb29c9137e8840ac8,decision_reason
K234047:output,output,OTHER,Patient/image-space registration updates; internal vertebral body detection is not a diagnostic lesion output.,SINGLE_OTHER_EXISTING_FIELD_REASON,zh,AI_ASSISTED_ENGLISH_TRANSLATION,b72e3ec2825f40c2b69e1ffa213e1205d165c7d8dfdd64653da810b02ed8d932,1790,89154f7f437bca8cdeffc5782db7209afb2d8fa7cc79b98cb29c9137e8840ac8,decision_reason
K234068:setting,setting,PROCEDURAL_OR_OPERATING_ROOM;MONITORING;OTHER,,MULTILABEL_OTHER_ATTRIBUTION_NOT_ISOLATED,,NO_OTHER_SPECIFIC_NOTE_ADDED,,6478,89154f7f437bca8cdeffc5782db7209afb2d8fa7cc79b98cb29c9137e8840ac8,decision_reason
K234141:setting,setting,DIAGNOSTIC_INTERPRETATION;OTHER,,MULTILABEL_OTHER_ATTRIBUTION_NOT_ISOLATED,,NO_OTHER_SPECIFIC_NOTE_ADDED,,6484,89154f7f437bca8cdeffc5782db7209afb2d8fa7cc79b98cb29c9137e8840ac8,decision_reason
K234154:setting,setting,DIAGNOSTIC_INTERPRETATION;OTHER,,MULTILABEL_OTHER_ATTRIBUTION_NOT_ISOLATED,,NO_OTHER_SPECIFIC_NOTE_ADDED,,6490,89154f7f437bca8cdeffc5782db7209afb2d8fa7cc79b98cb29c9137e8840ac8,decision_reason
K240036:setting,setting,DIAGNOSTIC_INTERPRETATION;MONITORING;OTHER,,MULTILABEL_OTHER_ATTRIBUTION_NOT_ISOLATED,,NO_OTHER_SPECIFIC_NOTE_ADDED,,6502,89154f7f437bca8cdeffc5782db7209afb2d8fa7cc79b98cb29c9137e8840ac8,decision_reason
K240058:setting,setting,SCREENING;OTHER,,MULTILABEL_OTHER_ATTRIBUTION_NOT_ISOLATED,,NO_OTHER_SPECIFIC_NOTE_ADDED,,2056,89154f7f437bca8cdeffc5782db7209afb2d8fa7cc79b98cb29c9137e8840ac8,decision_reason
K240062:action,action,TREATMENT_OR_PROCEDURE_PLANNING;OTHER,,MULTILABEL_OTHER_ATTRIBUTION_NOT_ISOLATED,,NO_OTHER_SPECIFIC_NOTE_ADDED,,1799,89154f7f437bca8cdeffc5782db7209afb2d8fa7cc79b98cb29c9137e8840ac8,decision_reason
K240062:output,output,SEGMENTATION_OR_LOCALIZATION;OTHER,,MULTILABEL_OTHER_ATTRIBUTION_NOT_ISOLATED,,NO_OTHER_SPECIFIC_NOTE_ADDED,,1796,89154f7f437bca8cdeffc5782db7209afb2d8fa7cc79b98cb29c9137e8840ac8,decision_reason
K240094:output,output,SEGMENTATION_OR_LOCALIZATION;OTHER,,MULTILABEL_OTHER_ATTRIBUTION_NOT_ISOLATED,,NO_OTHER_SPECIFIC_NOTE_ADDED,,6506,89154f7f437bca8cdeffc5782db7209afb2d8fa7cc79b98cb29c9137e8840ac8,decision_reason
K240094:setting,setting,PROCEDURAL_OR_OPERATING_ROOM;OTHER,,MULTILABEL_OTHER_ATTRIBUTION_NOT_ISOLATED,,NO_OTHER_SPECIFIC_NOTE_ADDED,,6508,89154f7f437bca8cdeffc5782db7209afb2d8fa7cc79b98cb29c9137e8840ac8,decision_reason
K240172:output,output,OTHER;MEASUREMENT_OR_QUANTIFICATION,,MULTILABEL_OTHER_ATTRIBUTION_NOT_ISOLATED,,NO_OTHER_SPECIFIC_NOTE_ADDED,,6512,89154f7f437bca8cdeffc5782db7209afb2d8fa7cc79b98cb29c9137e8840ac8,decision_reason
K240238:setting,setting,DIAGNOSTIC_INTERPRETATION;OTHER,,MULTILABEL_OTHER_ATTRIBUTION_NOT_ISOLATED,,NO_OTHER_SPECIFIC_NOTE_ADDED,,6520,89154f7f437bca8cdeffc5782db7209afb2d8fa7cc79b98cb29c9137e8840ac8,decision_reason
K240290:setting,setting,DIAGNOSTIC_INTERPRETATION;OTHER,,MULTILABEL_OTHER_ATTRIBUTION_NOT_ISOLATED,,NO_OTHER_SPECIFIC_NOTE_ADDED,,6526,89154f7f437bca8cdeffc5782db7209afb2d8fa7cc79b98cb29c9137e8840ac8,decision_reason
K240291:setting,setting,ACUTE_TRIAGE_OR_EMERGENCY;OTHER,,MULTILABEL_OTHER_ATTRIBUTION_NOT_ISOLATED,,NO_OTHER_SPECIFIC_NOTE_ADDED,,6532,89154f7f437bca8cdeffc5782db7209afb2d8fa7cc79b98cb29c9137e8840ac8,decision_reason
K240369:setting,setting,DIAGNOSTIC_INTERPRETATION;OTHER,,MULTILABEL_OTHER_ATTRIBUTION_NOT_ISOLATED,,NO_OTHER_SPECIFIC_NOTE_ADDED,,6556,89154f7f437bca8cdeffc5782db7209afb2d8fa7cc79b98cb29c9137e8840ac8,decision_reason
K240406:setting,setting,DIAGNOSTIC_INTERPRETATION;OTHER,,MULTILABEL_OTHER_ATTRIBUTION_NOT_ISOLATED,,NO_OTHER_SPECIFIC_NOTE_ADDED,,6568,89154f7f437bca8cdeffc5782db7209afb2d8fa7cc79b98cb29c9137e8840ac8,decision_reason
K240408:output,output,DETECTION_OR_ALERT;MEASUREMENT_OR_QUANTIFICATION;OTHER,,MULTILABEL_OTHER_ATTRIBUTION_NOT_ISOLATED,,NO_OTHER_SPECIFIC_NOTE_ADDED,,1802,89154f7f437bca8cdeffc5782db7209afb2d8fa7cc79b98cb29c9137e8840ac8,decision_reason
K240408:setting,setting,MONITORING;OTHER,,MULTILABEL_OTHER_ATTRIBUTION_NOT_ISOLATED,,NO_OTHER_SPECIFIC_NOTE_ADDED,,1804,89154f7f437bca8cdeffc5782db7209afb2d8fa7cc79b98cb29c9137e8840ac8,decision_reason
K240411:output,output,SEGMENTATION_OR_LOCALIZATION;OTHER,,MULTILABEL_OTHER_ATTRIBUTION_NOT_ISOLATED,,NO_OTHER_SPECIFIC_NOTE_ADDED,,6572,89154f7f437bca8cdeffc5782db7209afb2d8fa7cc79b98cb29c9137e8840ac8,decision_reason
K240411:setting,setting,DIAGNOSTIC_INTERPRETATION;OTHER,,MULTILABEL_OTHER_ATTRIBUTION_NOT_ISOLATED,,NO_OTHER_SPECIFIC_NOTE_ADDED,,6574,89154f7f437bca8cdeffc5782db7209afb2d8fa7cc79b98cb29c9137e8840ac8,decision_reason
K240465:action,action,INTERPRETATION_OR_DIAGNOSIS;OTHER,,MULTILABEL_OTHER_ATTRIBUTION_NOT_ISOLATED,,NO_OTHER_SPECIFIC_NOTE_ADDED,,6587,89154f7f437bca8cdeffc5782db7209afb2d8fa7cc79b98cb29c9137e8840ac8,decision_reason
K240516:setting,setting,DIAGNOSTIC_INTERPRETATION;OUTPATIENT;OTHER,,MULTILABEL_OTHER_ATTRIBUTION_NOT_ISOLATED,,NO_OTHER_SPECIFIC_NOTE_ADDED,,6592,89154f7f437bca8cdeffc5782db7209afb2d8fa7cc79b98cb29c9137e8840ac8,decision_reason
K240553:output,output,MEASUREMENT_OR_QUANTIFICATION;OTHER,,MULTILABEL_OTHER_ATTRIBUTION_NOT_ISOLATED,,NO_OTHER_SPECIFIC_NOTE_ADDED,,6602,89154f7f437bca8cdeffc5782db7209afb2d8fa7cc79b98cb29c9137e8840ac8,decision_reason
K240553:setting,setting,DIAGNOSTIC_INTERPRETATION;OTHER,,MULTILABEL_OTHER_ATTRIBUTION_NOT_ISOLATED,,NO_OTHER_SPECIFIC_NOTE_ADDED,,6604,89154f7f437bca8cdeffc5782db7209afb2d8fa7cc79b98cb29c9137e8840ac8,decision_reason
K240554:setting,setting,SCREENING;DIAGNOSTIC_INTERPRETATION;MONITORING;OTHER,,MULTILABEL_OTHER_ATTRIBUTION_NOT_ISOLATED,,NO_OTHER_SPECIFIC_NOTE_ADDED,,6610,89154f7f437bca8cdeffc5782db7209afb2d8fa7cc79b98cb29c9137e8840ac8,decision_reason
K240555:setting,setting,HOME_OR_CONSUMER;DIAGNOSTIC_INTERPRETATION;OTHER,,MULTILABEL_OTHER_ATTRIBUTION_NOT_ISOLATED,,NO_OTHER_SPECIFIC_NOTE_ADDED,,94,89154f7f437bca8cdeffc5782db7209afb2d8fa7cc79b98cb29c9137e8840ac8,decision_reason
K240769:action,action,OTHER,"Real-time image quality feedback; specific mandated probe adjustment, diagnostic decision or patient treatment is not described.",SINGLE_OTHER_EXISTING_FIELD_REASON,en_or_latin,RETAINED_ENGLISH_OR_LATIN_TEXT,0d913cf231b774fd45a77f33db67baa9a1972f8c4eedff39a74dd23317be78a5,6689,89154f7f437bca8cdeffc5782db7209afb2d8fa7cc79b98cb29c9137e8840ac8,decision_reason
K240769:setting,setting,OTHER,"Real-time ultrasound acquisition-quality workflow; the POCUS study is validation context, not proof of exclusive intended care venue.",SINGLE_OTHER_EXISTING_FIELD_REASON,en_or_latin,RETAINED_ENGLISH_OR_LATIN_TEXT,19d118205707a30f3535db5963a2909e966ec2e88a33f59303451c17bc9ee988,6688,89154f7f437bca8cdeffc5782db7209afb2d8fa7cc79b98cb29c9137e8840ac8,decision_reason
K240953:action,action,INTERPRETATION_OR_DIAGNOSIS;OTHER,,MULTILABEL_OTHER_ATTRIBUTION_NOT_ISOLATED,,NO_OTHER_SPECIFIC_NOTE_ADDED,,6749,89154f7f437bca8cdeffc5782db7209afb2d8fa7cc79b98cb29c9137e8840ac8,decision_reason
K240953:setting,setting,DIAGNOSTIC_INTERPRETATION;OTHER,,MULTILABEL_OTHER_ATTRIBUTION_NOT_ISOLATED,,NO_OTHER_SPECIFIC_NOTE_ADDED,,6748,89154f7f437bca8cdeffc5782db7209afb2d8fa7cc79b98cb29c9137e8840ac8,decision_reason
K241079:action,action,OTHER;INTERPRETATION_OR_DIAGNOSIS,,MULTILABEL_OTHER_ATTRIBUTION_NOT_ISOLATED,,NO_OTHER_SPECIFIC_NOTE_ADDED,,6773,89154f7f437bca8cdeffc5782db7209afb2d8fa7cc79b98cb29c9137e8840ac8,decision_reason
K241098:setting,setting,DIAGNOSTIC_INTERPRETATION;OTHER,,MULTILABEL_OTHER_ATTRIBUTION_NOT_ISOLATED,,NO_OTHER_SPECIFIC_NOTE_ADDED,,6784,89154f7f437bca8cdeffc5782db7209afb2d8fa7cc79b98cb29c9137e8840ac8,decision_reason
K241166:action,action,INTERPRETATION_OR_DIAGNOSIS;OTHER,,MULTILABEL_OTHER_ATTRIBUTION_NOT_ISOLATED,,NO_OTHER_SPECIFIC_NOTE_ADDED,,6809,89154f7f437bca8cdeffc5782db7209afb2d8fa7cc79b98cb29c9137e8840ac8,decision_reason
K241166:setting,setting,DIAGNOSTIC_INTERPRETATION;OTHER,,MULTILABEL_OTHER_ATTRIBUTION_NOT_ISOLATED,,NO_OTHER_SPECIFIC_NOTE_ADDED,,6808,89154f7f437bca8cdeffc5782db7209afb2d8fa7cc79b98cb29c9137e8840ac8,decision_reason
K241331:action,action,OTHER,Physician reviews and edits initial contours using appropriate software before subsequent unspecified clinical use; direct disease diagnostic guidance is excluded.,SINGLE_OTHER_EXISTING_FIELD_REASON,en_or_latin,RETAINED_ENGLISH_OR_LATIN_TEXT,655d4705a2008909fc1ad730ff1d5757e5df23a2546460344983d1606f8cf60f,6863,89154f7f437bca8cdeffc5782db7209afb2d8fa7cc79b98cb29c9137e8840ac8,decision_reason
K241331:setting,setting,OTHER,Anatomical segmentation/quantification review on workstation; no diagnosis indication or clinical venue assigned.,SINGLE_OTHER_EXISTING_FIELD_REASON,en_or_latin,RETAINED_ENGLISH_OR_LATIN_TEXT,0dfd18e34de74e5e6c4e566cf47c3b7e583a689c1c3eec03bd58d377d2a758f6,6862,89154f7f437bca8cdeffc5782db7209afb2d8fa7cc79b98cb29c9137e8840ac8,decision_reason
K241350:setting,setting,OTHER,Bone nuclear-medicine image reconstruction in processing/review systems; no care venue or actual clinical workflow beyond reconstruction stated.,SINGLE_OTHER_EXISTING_FIELD_REASON,en_or_latin,RETAINED_ENGLISH_OR_LATIN_TEXT,da6cdb9938e934190fffdad10a8e08b3ae552352f5c72da6ad9c51be05f591bc,6868,89154f7f437bca8cdeffc5782db7209afb2d8fa7cc79b98cb29c9137e8840ac8,decision_reason
K241380:action,action,OTHER,HCP assesses examination completeness and reviews/overrides matches during/end exam; not an automated disease diagnosis.,SINGLE_OTHER_EXISTING_FIELD_REASON,en_or_latin,RETAINED_ENGLISH_OR_LATIN_TEXT,af46e8ce4b5332a86fdffa91f5ca2e65325d2da8aff577c144c81a0d1bb8568c,6875,89154f7f437bca8cdeffc5782db7209afb2d8fa7cc79b98cb29c9137e8840ac8,decision_reason
K241380:output,output,CLASSIFICATION_OR_DIAGNOSIS;SEGMENTATION_OR_LOCALIZATION;DOCUMENTATION_OR_SUMMARY;OTHER,,MULTILABEL_OTHER_ATTRIBUTION_NOT_ISOLATED,,NO_OTHER_SPECIFIC_NOTE_ADDED,,6872,89154f7f437bca8cdeffc5782db7209afb2d8fa7cc79b98cb29c9137e8840ac8,decision_reason
K241380:setting,setting,SCREENING;OTHER,,MULTILABEL_OTHER_ATTRIBUTION_NOT_ISOLATED,,NO_OTHER_SPECIFIC_NOTE_ADDED,,6874,89154f7f437bca8cdeffc5782db7209afb2d8fa7cc79b98cb29c9137e8840ac8,decision_reason
K241490:setting,setting,OTHER,"Radiotherapy treatment-planning workflow, not real-time adaptive planning or a specified operating room.",SINGLE_OTHER_EXISTING_FIELD_REASON,en_or_latin,RETAINED_ENGLISH_OR_LATIN_TEXT,45796d592a82667f163ae01d3818549355a7ed6c220a80f62878804249874f1d,6910,89154f7f437bca8cdeffc5782db7209afb2d8fa7cc79b98cb29c9137e8840ac8,decision_reason
K241582:action,action,INTERPRETATION_OR_DIAGNOSIS;OTHER,,MULTILABEL_OTHER_ATTRIBUTION_NOT_ISOLATED,,NO_OTHER_SPECIFIC_NOTE_ADDED,,6941,89154f7f437bca8cdeffc5782db7209afb2d8fa7cc79b98cb29c9137e8840ac8,decision_reason
K241582:output,output,CLASSIFICATION_OR_DIAGNOSIS;SEGMENTATION_OR_LOCALIZATION;MEASUREMENT_OR_QUANTIFICATION;OTHER,,MULTILABEL_OTHER_ATTRIBUTION_NOT_ISOLATED,,NO_OTHER_SPECIFIC_NOTE_ADDED,,6938,89154f7f437bca8cdeffc5782db7209afb2d8fa7cc79b98cb29c9137e8840ac8,decision_reason
K241582:setting,setting,DIAGNOSTIC_INTERPRETATION;OTHER,,MULTILABEL_OTHER_ATTRIBUTION_NOT_ISOLATED,,NO_OTHER_SPECIFIC_NOTE_ADDED,,6940,89154f7f437bca8cdeffc5782db7209afb2d8fa7cc79b98cb29c9137e8840ac8,decision_reason
K241676:action,action,INTERPRETATION_OR_DIAGNOSIS;OTHER,,MULTILABEL_OTHER_ATTRIBUTION_NOT_ISOLATED,,NO_OTHER_SPECIFIC_NOTE_ADDED,,1553,89154f7f437bca8cdeffc5782db7209afb2d8fa7cc79b98cb29c9137e8840ac8,decision_reason
K241681:action,action,INTERPRETATION_OR_DIAGNOSIS;OTHER,,MULTILABEL_OTHER_ATTRIBUTION_NOT_ISOLATED,,NO_OTHER_SPECIFIC_NOTE_ADDED,,6989,89154f7f437bca8cdeffc5782db7209afb2d8fa7cc79b98cb29c9137e8840ac8,decision_reason
K241684:setting,setting,OTHER,Dental charting/image review; physical venue not specified.,SINGLE_OTHER_EXISTING_FIELD_REASON,en_or_latin,RETAINED_ENGLISH_OR_LATIN_TEXT,ec7206480fefed7640a9153ad84ec92bccd956aa099d46f891037428a7435fe3,6994,89154f7f437bca8cdeffc5782db7209afb2d8fa7cc79b98cb29c9137e8840ac8,decision_reason
K241837:setting,setting,OTHER,Radiotherapy planning/adaptive-therapy workflow; physical venue unspecified.,SINGLE_OTHER_EXISTING_FIELD_REASON,en_or_latin,RETAINED_ENGLISH_OR_LATIN_TEXT,126cd5affd847daf719351dc8783acabcd0e047689eefd0ae2e7314fae93641c,7042,89154f7f437bca8cdeffc5782db7209afb2d8fa7cc79b98cb29c9137e8840ac8,decision_reason
K241982:setting,setting,OTHER,Professional MRI reconstruction workflow; physical venue and particular downstream diagnostic task unspecified.,SINGLE_OTHER_EXISTING_FIELD_REASON,en_or_latin,RETAINED_ENGLISH_OR_LATIN_TEXT,52b345f3ce17a49491f60a700161ff80d2dec7fffa495cc54fb67a5cc19ee87b,7090,89154f7f437bca8cdeffc5782db7209afb2d8fa7cc79b98cb29c9137e8840ac8,decision_reason
K242062:action,action,OTHER,User views quantitative analysis; specific ensuing diagnosis/therapy decision not disclosed.,SINGLE_OTHER_EXISTING_FIELD_REASON,en_or_latin,RETAINED_ENGLISH_OR_LATIN_TEXT,45f0d1a52069d4eff701e778572634029cf91a1766969fdc17afb9183eda184a,7121,89154f7f437bca8cdeffc5782db7209afb2d8fa7cc79b98cb29c9137e8840ac8,decision_reason
K242062:setting,setting,OTHER,CMR structure/function/flow assessment; no care venue or particular diagnostic workflow specified.,SINGLE_OTHER_EXISTING_FIELD_REASON,en_or_latin,RETAINED_ENGLISH_OR_LATIN_TEXT,9115a271ef42b40a987065e1fbe4fe0f8d620173eedb9f6efea15164b3c52dd6,7120,89154f7f437bca8cdeffc5782db7209afb2d8fa7cc79b98cb29c9137e8840ac8,decision_reason
K242168:output,output,OTHER,"IMAGE_SORTING_AND_QUALITY_GRADING; other functions are partly visible, and their outputs are not detailed. Segmentation or disease diagnosis is not inferred from training masks.",SINGLE_OTHER_EXISTING_FIELD_REASON,zh,AI_ASSISTED_ENGLISH_TRANSLATION,d0b9205b432ca941024bfcf23741e6ebed2d5b0aa530af6f75c44a87992a235b,7142,89154f7f437bca8cdeffc5782db7209afb2d8fa7cc79b98cb29c9137e8840ac8,decision_reason
K242168:setting,setting,OTHER,"Hospital/medical clinic is explicit, without specifically indicating inpatient use; primarily OB/GYN ultrasound.",SINGLE_OTHER_EXISTING_FIELD_REASON,zh,AI_ASSISTED_ENGLISH_TRANSLATION,2789cd547428e8d409944b90542688e77583b0065acae2909b6dbd03706ac167,7144,89154f7f437bca8cdeffc5782db7209afb2d8fa7cc79b98cb29c9137e8840ac8,decision_reason
K242334:setting,setting,OTHER,Imaging center/clinic/hospital; inpatient/outpatient settings are not specified.,SINGLE_OTHER_EXISTING_FIELD_REASON,zh,AI_ASSISTED_ENGLISH_TRANSLATION,c5987768523f80a5f61824bd13749e96b6ca8427dd903fa13c2c4cf7c9f1181d,7210,89154f7f437bca8cdeffc5782db7209afb2d8fa7cc79b98cb29c9137e8840ac8,decision_reason
K242403:setting,setting,OTHER,CT acquisition/reconstruction use; the clinical location is not detailed.,SINGLE_OTHER_EXISTING_FIELD_REASON,zh,AI_ASSISTED_ENGLISH_TRANSLATION,f559a59e9b0331b66eada3f5a7e160a1812cf5219cf37b0f2dc26a3f54be7c86,7240,89154f7f437bca8cdeffc5782db7209afb2d8fa7cc79b98cb29c9137e8840ac8,decision_reason
K242444:output,output,MEASUREMENT_OR_QUANTIFICATION;OTHER,view recognition,EXPLICIT_OTHER_ASSIGNMENT_IN_RETAINED_REASON,en_or_latin,RETAINED_ENGLISH_OR_LATIN_TEXT,d3df65ffc0e7b1a196a4f5712c73f3b9486ed5d65734b9405c3cdf0c2a2f8f4a,7250,89154f7f437bca8cdeffc5782db7209afb2d8fa7cc79b98cb29c9137e8840ac8,decision_reason
K242511:output,output,MEASUREMENT_OR_QUANTIFICATION;DETECTION_OR_ALERT;SEGMENTATION_OR_LOCALIZATION;OTHER,view recognition,EXPLICIT_OTHER_ASSIGNMENT_IN_RETAINED_REASON,en_or_latin,RETAINED_ENGLISH_OR_LATIN_TEXT,d3df65ffc0e7b1a196a4f5712c73f3b9486ed5d65734b9405c3cdf0c2a2f8f4a,7280,89154f7f437bca8cdeffc5782db7209afb2d8fa7cc79b98cb29c9137e8840ac8,decision_reason
K242523:output,output,MEASUREMENT_OR_QUANTIFICATION;OTHER,view classification,EXPLICIT_OTHER_ASSIGNMENT_IN_RETAINED_REASON,en_or_latin,RETAINED_ENGLISH_OR_LATIN_TEXT,f9149cfaa4ff88ed58214d9e7b2247fbddede150bace2b446a5b1cfc16eef4e9,7292,89154f7f437bca8cdeffc5782db7209afb2d8fa7cc79b98cb29c9137e8840ac8,decision_reason
K242594:output,output,MEASUREMENT_OR_QUANTIFICATION;SEGMENTATION_OR_LOCALIZATION;OTHER,,MULTILABEL_OTHER_ATTRIBUTION_NOT_ISOLATED,,NO_OTHER_SPECIFIC_NOTE_ADDED,,7304,89154f7f437bca8cdeffc5782db7209afb2d8fa7cc79b98cb29c9137e8840ac8,decision_reason
K242737:user,user,OTHER_CLINICIAN;OTHER,,MULTILABEL_OTHER_ATTRIBUTION_NOT_ISOLATED,,NO_OTHER_SPECIFIC_NOTE_ADDED,,831,89154f7f437bca8cdeffc5782db7209afb2d8fa7cc79b98cb29c9137e8840ac8,decision_reason
K242748:output,output,RECOMMENDATION_OR_PLANNING;OTHER,,MULTILABEL_OTHER_ATTRIBUTION_NOT_ISOLATED,,NO_OTHER_SPECIFIC_NOTE_ADDED,,7352,89154f7f437bca8cdeffc5782db7209afb2d8fa7cc79b98cb29c9137e8840ac8,decision_reason
K242807:output,output,RECOMMENDATION_OR_PLANNING;CONTROL_OR_AUTOMATION;OTHER,,MULTILABEL_OTHER_ATTRIBUTION_NOT_ISOLATED,,NO_OTHER_SPECIFIC_NOTE_ADDED,,7370,89154f7f437bca8cdeffc5782db7209afb2d8fa7cc79b98cb29c9137e8840ac8,decision_reason
K242807:setting,setting,OTHER,An echocardiographic acquisition context; the physical setting is not specifically defined.,SINGLE_OTHER_EXISTING_FIELD_REASON,zh,AI_ASSISTED_ENGLISH_TRANSLATION,6e54c4cd76275b20e1ffa4ebfe5a54c0ec588914be79c76275090a333357e217,7372,89154f7f437bca8cdeffc5782db7209afb2d8fa7cc79b98cb29c9137e8840ac8,decision_reason
K243065:output,output,RECOMMENDATION_OR_PLANNING;CONTROL_OR_AUTOMATION;OTHER,,MULTILABEL_OTHER_ATTRIBUTION_NOT_ISOLATED,,NO_OTHER_SPECIFIC_NOTE_ADDED,,7436,89154f7f437bca8cdeffc5782db7209afb2d8fa7cc79b98cb29c9137e8840ac8,decision_reason
K243065:setting,setting,OTHER,An echocardiographic acquisition context; the physical setting is not specified.,SINGLE_OTHER_EXISTING_FIELD_REASON,zh,AI_ASSISTED_ENGLISH_TRANSLATION,e3bcd3dfab2ba5d9b9f66f756b4606446d85a6610200c525a3105ff99211c662,7438,89154f7f437bca8cdeffc5782db7209afb2d8fa7cc79b98cb29c9137e8840ac8,decision_reason
K243122:output,output,RECONSTRUCTION_OR_ENHANCEMENT;MEASUREMENT_OR_QUANTIFICATION;OTHER,,MULTILABEL_OTHER_ATTRIBUTION_NOT_ISOLATED,,NO_OTHER_SPECIFIC_NOTE_ADDED,,7442,89154f7f437bca8cdeffc5782db7209afb2d8fa7cc79b98cb29c9137e8840ac8,decision_reason
K243122:setting,setting,DIAGNOSTIC_INTERPRETATION;OTHER,,MULTILABEL_OTHER_ATTRIBUTION_NOT_ISOLATED,,NO_OTHER_SPECIFIC_NOTE_ADDED,,7444,89154f7f437bca8cdeffc5782db7209afb2d8fa7cc79b98cb29c9137e8840ac8,decision_reason
K243235:output,output,MEASUREMENT_OR_QUANTIFICATION;OTHER,,MULTILABEL_OTHER_ATTRIBUTION_NOT_ISOLATED,,NO_OTHER_SPECIFIC_NOTE_ADDED,,7490,89154f7f437bca8cdeffc5782db7209afb2d8fa7cc79b98cb29c9137e8840ac8,decision_reason
K243250:setting,setting,OTHER,Imaging center/clinic/hospital; inpatient use is not inferred.,SINGLE_OTHER_EXISTING_FIELD_REASON,zh,AI_ASSISTED_ENGLISH_TRANSLATION,0a78a6f2d8a117d0d8d07e60fca9cb1b5a15d2927cf69f3372abc88c4a12521d,7504,89154f7f437bca8cdeffc5782db7209afb2d8fa7cc79b98cb29c9137e8840ac8,decision_reason
K243253:setting,setting,OTHER,Ultrasound examination in professional healthcare facilities; inpatient/OR use is not assumed by default.,SINGLE_OTHER_EXISTING_FIELD_REASON,zh,AI_ASSISTED_ENGLISH_TRANSLATION,64a10d7acb03b05c9d132f1ea115ceecae68e14d4c9738c925471248332fd6c2,7510,89154f7f437bca8cdeffc5782db7209afb2d8fa7cc79b98cb29c9137e8840ac8,decision_reason
K243341:output,output,DETECTION_OR_ALERT;SEGMENTATION_OR_LOCALIZATION;OTHER;DOCUMENTATION_OR_SUMMARY,,MULTILABEL_OTHER_ATTRIBUTION_NOT_ISOLATED,,NO_OTHER_SPECIFIC_NOTE_ADDED,,7538,89154f7f437bca8cdeffc5782db7209afb2d8fa7cc79b98cb29c9137e8840ac8,decision_reason
K243348:setting,setting,HOME_OR_CONSUMER;MONITORING;OTHER,,MULTILABEL_OTHER_ATTRIBUTION_NOT_ISOLATED,,NO_OTHER_SPECIFIC_NOTE_ADDED,,1510,89154f7f437bca8cdeffc5782db7209afb2d8fa7cc79b98cb29c9137e8840ac8,decision_reason
K243376:output,output,CONTROL_OR_AUTOMATION;OTHER,,MULTILABEL_OTHER_ATTRIBUTION_NOT_ISOLATED,,NO_OTHER_SPECIFIC_NOTE_ADDED,,7556,89154f7f437bca8cdeffc5782db7209afb2d8fa7cc79b98cb29c9137e8840ac8,decision_reason
K243397:output,output,RECONSTRUCTION_OR_ENHANCEMENT;MEASUREMENT_OR_QUANTIFICATION;OTHER,,MULTILABEL_OTHER_ATTRIBUTION_NOT_ISOLATED,,NO_OTHER_SPECIFIC_NOTE_ADDED,,7568,89154f7f437bca8cdeffc5782db7209afb2d8fa7cc79b98cb29c9137e8840ac8,decision_reason
K243397:setting,setting,DIAGNOSTIC_INTERPRETATION;OTHER,,MULTILABEL_OTHER_ATTRIBUTION_NOT_ISOLATED,,NO_OTHER_SPECIFIC_NOTE_ADDED,,7570,89154f7f437bca8cdeffc5782db7209afb2d8fa7cc79b98cb29c9137e8840ac8,decision_reason
K243523:setting,setting,OTHER,Scan preparation/range-setting context; the whole system's lung-screening IFU is not used to assign settings to all algorithms.,SINGLE_OTHER_EXISTING_FIELD_REASON,zh,AI_ASSISTED_ENGLISH_TRANSLATION,ef7b2fa03707c5e54c85891932031442f0afe8ff970ad3fa8448b26f8dec5a99,7582,89154f7f437bca8cdeffc5782db7209afb2d8fa7cc79b98cb29c9137e8840ac8,decision_reason
K243547:output,output,RECONSTRUCTION_OR_ENHANCEMENT;RECOMMENDATION_OR_PLANNING;CONTROL_OR_AUTOMATION;MEASUREMENT_OR_QUANTIFICATION;SEGMENTATION_OR_LOCALIZATION;OTHER,,MULTILABEL_OTHER_ATTRIBUTION_NOT_ISOLATED,,NO_OTHER_SPECIFIC_NOTE_ADDED,,7592,89154f7f437bca8cdeffc5782db7209afb2d8fa7cc79b98cb29c9137e8840ac8,decision_reason
K243547:setting,setting,DIAGNOSTIC_INTERPRETATION;OTHER,,MULTILABEL_OTHER_ATTRIBUTION_NOT_ISOLATED,,NO_OTHER_SPECIFIC_NOTE_ADDED,,7594,89154f7f437bca8cdeffc5782db7209afb2d8fa7cc79b98cb29c9137e8840ac8,decision_reason
K243620:setting,setting,DIAGNOSTIC_INTERPRETATION;PROCEDURAL_OR_OPERATING_ROOM;OTHER,,MULTILABEL_OTHER_ATTRIBUTION_NOT_ISOLATED,,NO_OTHER_SPECIFIC_NOTE_ADDED,,7624,89154f7f437bca8cdeffc5782db7209afb2d8fa7cc79b98cb29c9137e8840ac8,decision_reason
K243628:setting,setting,DIAGNOSTIC_INTERPRETATION;PROCEDURAL_OR_OPERATING_ROOM;OTHER,,MULTILABEL_OTHER_ATTRIBUTION_NOT_ISOLATED,,NO_OTHER_SPECIFIC_NOTE_ADDED,,7630,89154f7f437bca8cdeffc5782db7209afb2d8fa7cc79b98cb29c9137e8840ac8,decision_reason
K243667:setting,setting,DIAGNOSTIC_INTERPRETATION;OTHER,,MULTILABEL_OTHER_ATTRIBUTION_NOT_ISOLATED,,NO_OTHER_SPECIFIC_NOTE_ADDED,,7654,89154f7f437bca8cdeffc5782db7209afb2d8fa7cc79b98cb29c9137e8840ac8,decision_reason
K243681:setting,setting,DIAGNOSTIC_INTERPRETATION;OTHER,,MULTILABEL_OTHER_ATTRIBUTION_NOT_ISOLATED,,NO_OTHER_SPECIFIC_NOTE_ADDED,,7672,89154f7f437bca8cdeffc5782db7209afb2d8fa7cc79b98cb29c9137e8840ac8,decision_reason
K243684:output,output,CLASSIFICATION_OR_DIAGNOSIS;DOCUMENTATION_OR_SUMMARY;OTHER,,MULTILABEL_OTHER_ATTRIBUTION_NOT_ISOLATED,,NO_OTHER_SPECIFIC_NOTE_ADDED,,7676,89154f7f437bca8cdeffc5782db7209afb2d8fa7cc79b98cb29c9137e8840ac8,decision_reason
K243684:setting,setting,DIAGNOSTIC_INTERPRETATION;OTHER,,MULTILABEL_OTHER_ATTRIBUTION_NOT_ISOLATED,,NO_OTHER_SPECIFIC_NOTE_ADDED,,7678,89154f7f437bca8cdeffc5782db7209afb2d8fa7cc79b98cb29c9137e8840ac8,decision_reason
K243687:setting,setting,MONITORING;OTHER,,MULTILABEL_OTHER_ATTRIBUTION_NOT_ISOLATED,,NO_OTHER_SPECIFIC_NOTE_ADDED,,850,89154f7f437bca8cdeffc5782db7209afb2d8fa7cc79b98cb29c9137e8840ac8,decision_reason
K243702:setting,setting,DIAGNOSTIC_INTERPRETATION;OTHER,,MULTILABEL_OTHER_ATTRIBUTION_NOT_ISOLATED,,NO_OTHER_SPECIFIC_NOTE_ADDED,,7708,89154f7f437bca8cdeffc5782db7209afb2d8fa7cc79b98cb29c9137e8840ac8,decision_reason
K243743:output,output,DETECTION_OR_ALERT;CLASSIFICATION_OR_DIAGNOSIS;SEGMENTATION_OR_LOCALIZATION;OTHER;DOCUMENTATION_OR_SUMMARY,,MULTILABEL_OTHER_ATTRIBUTION_NOT_ISOLATED,,NO_OTHER_SPECIFIC_NOTE_ADDED,,1868,89154f7f437bca8cdeffc5782db7209afb2d8fa7cc79b98cb29c9137e8840ac8,decision_reason
K243769:user,user,OTHER_PHYSICIAN;OTHER_CLINICIAN;OTHER,,MULTILABEL_OTHER_ATTRIBUTION_NOT_ISOLATED,,NO_OTHER_SPECIFIC_NOTE_ADDED,,7725,89154f7f437bca8cdeffc5782db7209afb2d8fa7cc79b98cb29c9137e8840ac8,decision_reason
K243793:output,output,MEASUREMENT_OR_QUANTIFICATION;OTHER,,MULTILABEL_OTHER_ATTRIBUTION_NOT_ISOLATED,,NO_OTHER_SPECIFIC_NOTE_ADDED,,7736,89154f7f437bca8cdeffc5782db7209afb2d8fa7cc79b98cb29c9137e8840ac8,decision_reason
K243793:setting,setting,DIAGNOSTIC_INTERPRETATION;OTHER,,MULTILABEL_OTHER_ATTRIBUTION_NOT_ISOLATED,,NO_OTHER_SPECIFIC_NOTE_ADDED,,7738,89154f7f437bca8cdeffc5782db7209afb2d8fa7cc79b98cb29c9137e8840ac8,decision_reason
K243794:setting,setting,DIAGNOSTIC_INTERPRETATION;OTHER,,MULTILABEL_OTHER_ATTRIBUTION_NOT_ISOLATED,,NO_OTHER_SPECIFIC_NOTE_ADDED,,7744,89154f7f437bca8cdeffc5782db7209afb2d8fa7cc79b98cb29c9137e8840ac8,decision_reason
K243859:setting,setting,DIAGNOSTIC_INTERPRETATION;MONITORING;OTHER,,MULTILABEL_OTHER_ATTRIBUTION_NOT_ISOLATED,,NO_OTHER_SPECIFIC_NOTE_ADDED,,7774,89154f7f437bca8cdeffc5782db7209afb2d8fa7cc79b98cb29c9137e8840ac8,decision_reason
K243862:output,output,MEASUREMENT_OR_QUANTIFICATION;OTHER,,MULTILABEL_OTHER_ATTRIBUTION_NOT_ISOLATED,,NO_OTHER_SPECIFIC_NOTE_ADDED,,7778,89154f7f437bca8cdeffc5782db7209afb2d8fa7cc79b98cb29c9137e8840ac8,decision_reason
K243862:setting,setting,DIAGNOSTIC_INTERPRETATION;OTHER,,MULTILABEL_OTHER_ATTRIBUTION_NOT_ISOLATED,,NO_OTHER_SPECIFIC_NOTE_ADDED,,7780,89154f7f437bca8cdeffc5782db7209afb2d8fa7cc79b98cb29c9137e8840ac8,decision_reason
K243937:setting,setting,PROCEDURAL_OR_OPERATING_ROOM;OTHER,,MULTILABEL_OTHER_ATTRIBUTION_NOT_ISOLATED,,NO_OTHER_SPECIFIC_NOTE_ADDED,,7816,89154f7f437bca8cdeffc5782db7209afb2d8fa7cc79b98cb29c9137e8840ac8,decision_reason
K244027:output,output,MEASUREMENT_OR_QUANTIFICATION;CLASSIFICATION_OR_DIAGNOSIS;DOCUMENTATION_OR_SUMMARY;OTHER,,MULTILABEL_OTHER_ATTRIBUTION_NOT_ISOLATED,,NO_OTHER_SPECIFIC_NOTE_ADDED,,122,89154f7f437bca8cdeffc5782db7209afb2d8fa7cc79b98cb29c9137e8840ac8,decision_reason
K244027:setting,setting,HOME_OR_CONSUMER;DIAGNOSTIC_INTERPRETATION;OTHER,,MULTILABEL_OTHER_ATTRIBUTION_NOT_ISOLATED,,NO_OTHER_SPECIFIC_NOTE_ADDED,,124,89154f7f437bca8cdeffc5782db7209afb2d8fa7cc79b98cb29c9137e8840ac8,decision_reason
K250023:setting,setting,DIAGNOSTIC_INTERPRETATION;PROCEDURAL_OR_OPERATING_ROOM;OTHER,,MULTILABEL_OTHER_ATTRIBUTION_NOT_ISOLATED,,NO_OTHER_SPECIFIC_NOTE_ADDED,,7840,89154f7f437bca8cdeffc5782db7209afb2d8fa7cc79b98cb29c9137e8840ac8,decision_reason
K250042:setting,setting,PROCEDURAL_OR_OPERATING_ROOM;OTHER,,MULTILABEL_OTHER_ATTRIBUTION_NOT_ISOLATED,,NO_OTHER_SPECIFIC_NOTE_ADDED,,7852,89154f7f437bca8cdeffc5782db7209afb2d8fa7cc79b98cb29c9137e8840ac8,decision_reason
K250087:setting,setting,DIAGNOSTIC_INTERPRETATION;OTHER,,MULTILABEL_OTHER_ATTRIBUTION_NOT_ISOLATED,,NO_OTHER_SPECIFIC_NOTE_ADDED,,7864,89154f7f437bca8cdeffc5782db7209afb2d8fa7cc79b98cb29c9137e8840ac8,decision_reason
K250087:user,user,OTHER_CLINICIAN;OTHER_PHYSICIAN;OTHER,,MULTILABEL_OTHER_ATTRIBUTION_NOT_ISOLATED,,NO_OTHER_SPECIFIC_NOTE_ADDED,,7863,89154f7f437bca8cdeffc5782db7209afb2d8fa7cc79b98cb29c9137e8840ac8,decision_reason
K250119:setting,setting,DIAGNOSTIC_INTERPRETATION;OTHER,,MULTILABEL_OTHER_ATTRIBUTION_NOT_ISOLATED,,NO_OTHER_SPECIFIC_NOTE_ADDED,,868,89154f7f437bca8cdeffc5782db7209afb2d8fa7cc79b98cb29c9137e8840ac8,decision_reason
K250233:output,output,MEASUREMENT_OR_QUANTIFICATION;OTHER,,MULTILABEL_OTHER_ATTRIBUTION_NOT_ISOLATED,,NO_OTHER_SPECIFIC_NOTE_ADDED,,878,89154f7f437bca8cdeffc5782db7209afb2d8fa7cc79b98cb29c9137e8840ac8,decision_reason
K250233:setting,setting,MONITORING;OTHER,,MULTILABEL_OTHER_ATTRIBUTION_NOT_ISOLATED,,NO_OTHER_SPECIFIC_NOTE_ADDED,,880,89154f7f437bca8cdeffc5782db7209afb2d8fa7cc79b98cb29c9137e8840ac8,decision_reason
K250236:setting,setting,DIAGNOSTIC_INTERPRETATION;ACUTE_TRIAGE_OR_EMERGENCY;INPATIENT;OUTPATIENT;OTHER,,MULTILABEL_OTHER_ATTRIBUTION_NOT_ISOLATED,,NO_OTHER_SPECIFIC_NOTE_ADDED,,7888,89154f7f437bca8cdeffc5782db7209afb2d8fa7cc79b98cb29c9137e8840ac8,decision_reason
K250246:setting,setting,DIAGNOSTIC_INTERPRETATION;OTHER,,MULTILABEL_OTHER_ATTRIBUTION_NOT_ISOLATED,,NO_OTHER_SPECIFIC_NOTE_ADDED,,7900,89154f7f437bca8cdeffc5782db7209afb2d8fa7cc79b98cb29c9137e8840ac8,decision_reason
K250268:action,action,MONITORING_OR_FOLLOW_UP;OTHER,,MULTILABEL_OTHER_ATTRIBUTION_NOT_ISOLATED,,NO_OTHER_SPECIFIC_NOTE_ADDED,,1265,89154f7f437bca8cdeffc5782db7209afb2d8fa7cc79b98cb29c9137e8840ac8,decision_reason
K250288:setting,setting,OTHER,Image processing for calcium scoring; no diagnostic-tool claim is made.,SINGLE_OTHER_EXISTING_FIELD_REASON,zh,AI_ASSISTED_ENGLISH_TRANSLATION,bf462f11416931a7823361ad7a82e1c74974c9b974e7c68a71ebb46e44c61d84,7918,89154f7f437bca8cdeffc5782db7209afb2d8fa7cc79b98cb29c9137e8840ac8,decision_reason
K250290:setting,setting,PROCEDURAL_OR_OPERATING_ROOM;OTHER,,MULTILABEL_OTHER_ATTRIBUTION_NOT_ISOLATED,,NO_OTHER_SPECIFIC_NOTE_ADDED,,7924,89154f7f437bca8cdeffc5782db7209afb2d8fa7cc79b98cb29c9137e8840ac8,decision_reason
K250328:setting,setting,DIAGNOSTIC_INTERPRETATION;OTHER,,MULTILABEL_OTHER_ATTRIBUTION_NOT_ISOLATED,,NO_OTHER_SPECIFIC_NOTE_ADDED,,7930,89154f7f437bca8cdeffc5782db7209afb2d8fa7cc79b98cb29c9137e8840ac8,decision_reason
K250369:setting,setting,DIAGNOSTIC_INTERPRETATION;PROCEDURAL_OR_OPERATING_ROOM;OTHER,,MULTILABEL_OTHER_ATTRIBUTION_NOT_ISOLATED,,NO_OTHER_SPECIFIC_NOTE_ADDED,,7960,89154f7f437bca8cdeffc5782db7209afb2d8fa7cc79b98cb29c9137e8840ac8,decision_reason
K250370:setting,setting,DIAGNOSTIC_INTERPRETATION;OTHER,,MULTILABEL_OTHER_ATTRIBUTION_NOT_ISOLATED,,NO_OTHER_SPECIFIC_NOTE_ADDED,,7966,89154f7f437bca8cdeffc5782db7209afb2d8fa7cc79b98cb29c9137e8840ac8,decision_reason
K250416:setting,setting,DIAGNOSTIC_INTERPRETATION;OTHER,,MULTILABEL_OTHER_ATTRIBUTION_NOT_ISOLATED,,NO_OTHER_SPECIFIC_NOTE_ADDED,,7978,89154f7f437bca8cdeffc5782db7209afb2d8fa7cc79b98cb29c9137e8840ac8,decision_reason
K250515:setting,setting,HOME_OR_CONSUMER;MONITORING;OTHER,,MULTILABEL_OTHER_ATTRIBUTION_NOT_ISOLATED,,NO_OTHER_SPECIFIC_NOTE_ADDED,,1906,89154f7f437bca8cdeffc5782db7209afb2d8fa7cc79b98cb29c9137e8840ac8,decision_reason
K250543:output,output,OTHER,SonoLystLive IMAGE_QUALITY_GRADING; outputs of other transferred functions are only partly described.,SINGLE_OTHER_EXISTING_FIELD_REASON,zh,AI_ASSISTED_ENGLISH_TRANSLATION,dfc06443ad8010d664a09551ae3259ab5b12dae33648a18baa4e7ef8347fce0d,8018,89154f7f437bca8cdeffc5782db7209afb2d8fa7cc79b98cb29c9137e8840ac8,decision_reason
K250543:setting,setting,OTHER,OBGYN scanning in a hospital/medical clinic.,SINGLE_OTHER_EXISTING_FIELD_REASON,zh,AI_ASSISTED_ENGLISH_TRANSLATION,a7c39b93c4a59bb79064115aa94d420f2ed1e1ebb9e826cf14e23f3083f5ccbc,8020,89154f7f437bca8cdeffc5782db7209afb2d8fa7cc79b98cb29c9137e8840ac8,decision_reason
K250660:setting,setting,DIAGNOSTIC_INTERPRETATION;OTHER,,MULTILABEL_OTHER_ATTRIBUTION_NOT_ISOLATED,,NO_OTHER_SPECIFIC_NOTE_ADDED,,8032,89154f7f437bca8cdeffc5782db7209afb2d8fa7cc79b98cb29c9137e8840ac8,decision_reason
K250662:setting,setting,DIAGNOSTIC_INTERPRETATION;OTHER,,MULTILABEL_OTHER_ATTRIBUTION_NOT_ISOLATED,,NO_OTHER_SPECIFIC_NOTE_ADDED,,8038,89154f7f437bca8cdeffc5782db7209afb2d8fa7cc79b98cb29c9137e8840ac8,decision_reason
K250694:setting,setting,ACUTE_TRIAGE_OR_EMERGENCY;OTHER,,MULTILABEL_OTHER_ATTRIBUTION_NOT_ISOLATED,,NO_OTHER_SPECIFIC_NOTE_ADDED,,8062,89154f7f437bca8cdeffc5782db7209afb2d8fa7cc79b98cb29c9137e8840ac8,decision_reason
K250738:setting,setting,DIAGNOSTIC_INTERPRETATION;OTHER,,MULTILABEL_OTHER_ATTRIBUTION_NOT_ISOLATED,,NO_OTHER_SPECIFIC_NOTE_ADDED,,8068,89154f7f437bca8cdeffc5782db7209afb2d8fa7cc79b98cb29c9137e8840ac8,decision_reason
K250749:output,output,SEGMENTATION_OR_LOCALIZATION;MEASUREMENT_OR_QUANTIFICATION;OTHER,,MULTILABEL_OTHER_ATTRIBUTION_NOT_ISOLATED,,NO_OTHER_SPECIFIC_NOTE_ADDED,,908,89154f7f437bca8cdeffc5782db7209afb2d8fa7cc79b98cb29c9137e8840ac8,decision_reason
K250788:setting,setting,DIAGNOSTIC_INTERPRETATION;OTHER,,MULTILABEL_OTHER_ATTRIBUTION_NOT_ISOLATED,,NO_OTHER_SPECIFIC_NOTE_ADDED,,8104,89154f7f437bca8cdeffc5782db7209afb2d8fa7cc79b98cb29c9137e8840ac8,decision_reason
K250818:output,output,SEGMENTATION_OR_LOCALIZATION;OTHER,,MULTILABEL_OTHER_ATTRIBUTION_NOT_ISOLATED,,NO_OTHER_SPECIFIC_NOTE_ADDED,,128,89154f7f437bca8cdeffc5782db7209afb2d8fa7cc79b98cb29c9137e8840ac8,decision_reason
K250831:setting,setting,ACUTE_TRIAGE_OR_EMERGENCY;OTHER,,MULTILABEL_OTHER_ATTRIBUTION_NOT_ISOLATED,,NO_OTHER_SPECIFIC_NOTE_ADDED,,8110,89154f7f437bca8cdeffc5782db7209afb2d8fa7cc79b98cb29c9137e8840ac8,decision_reason
K250882:setting,setting,HOME_OR_CONSUMER;DIAGNOSTIC_INTERPRETATION;OTHER,,MULTILABEL_OTHER_ATTRIBUTION_NOT_ISOLATED,,NO_OTHER_SPECIFIC_NOTE_ADDED,,136,89154f7f437bca8cdeffc5782db7209afb2d8fa7cc79b98cb29c9137e8840ac8,decision_reason
K250886:output,output,CLASSIFICATION_OR_DIAGNOSIS;OTHER,,MULTILABEL_OTHER_ATTRIBUTION_NOT_ISOLATED,,NO_OTHER_SPECIFIC_NOTE_ADDED,,8114,89154f7f437bca8cdeffc5782db7209afb2d8fa7cc79b98cb29c9137e8840ac8,decision_reason
K250886:setting,setting,DIAGNOSTIC_INTERPRETATION;OUTPATIENT;OTHER,,MULTILABEL_OTHER_ATTRIBUTION_NOT_ISOLATED,,NO_OTHER_SPECIFIC_NOTE_ADDED,,8116,89154f7f437bca8cdeffc5782db7209afb2d8fa7cc79b98cb29c9137e8840ac8,decision_reason
K250914:setting,setting,DIAGNOSTIC_INTERPRETATION;OTHER,,MULTILABEL_OTHER_ATTRIBUTION_NOT_ISOLATED,,NO_OTHER_SPECIFIC_NOTE_ADDED,,8128,89154f7f437bca8cdeffc5782db7209afb2d8fa7cc79b98cb29c9137e8840ac8,decision_reason
K250932:user,user,OTHER_CLINICIAN;OTHER_PHYSICIAN;TECHNOLOGIST_OR_OPERATOR;OTHER,,MULTILABEL_OTHER_ATTRIBUTION_NOT_ISOLATED,,NO_OTHER_SPECIFIC_NOTE_ADDED,,921,89154f7f437bca8cdeffc5782db7209afb2d8fa7cc79b98cb29c9137e8840ac8,decision_reason
K250959:output,output,CLASSIFICATION_OR_DIAGNOSIS;DETECTION_OR_ALERT;OTHER;DOCUMENTATION_OR_SUMMARY,,MULTILABEL_OTHER_ATTRIBUTION_NOT_ISOLATED,,NO_OTHER_SPECIFIC_NOTE_ADDED,,8138,89154f7f437bca8cdeffc5782db7209afb2d8fa7cc79b98cb29c9137e8840ac8,decision_reason
K250999:setting,setting,DIAGNOSTIC_INTERPRETATION;OUTPATIENT;OTHER,,MULTILABEL_OTHER_ATTRIBUTION_NOT_ISOLATED,,NO_OTHER_SPECIFIC_NOTE_ADDED,,8146,89154f7f437bca8cdeffc5782db7209afb2d8fa7cc79b98cb29c9137e8840ac8,decision_reason
K251002:setting,setting,DIAGNOSTIC_INTERPRETATION;OUTPATIENT;OTHER,,MULTILABEL_OTHER_ATTRIBUTION_NOT_ISOLATED,,NO_OTHER_SPECIFIC_NOTE_ADDED,,8152,89154f7f437bca8cdeffc5782db7209afb2d8fa7cc79b98cb29c9137e8840ac8,decision_reason
K251029:setting,setting,DIAGNOSTIC_INTERPRETATION;OTHER,,MULTILABEL_OTHER_ATTRIBUTION_NOT_ISOLATED,,NO_OTHER_SPECIFIC_NOTE_ADDED,,8170,89154f7f437bca8cdeffc5782db7209afb2d8fa7cc79b98cb29c9137e8840ac8,decision_reason
K251059:output,output,MEASUREMENT_OR_QUANTIFICATION;RECONSTRUCTION_OR_ENHANCEMENT;OTHER,,MULTILABEL_OTHER_ATTRIBUTION_NOT_ISOLATED,,NO_OTHER_SPECIFIC_NOTE_ADDED,,8174,89154f7f437bca8cdeffc5782db7209afb2d8fa7cc79b98cb29c9137e8840ac8,decision_reason
K251072:action,action,INTERPRETATION_OR_DIAGNOSIS;WORKFLOW_OR_DOCUMENTATION;OTHER,,MULTILABEL_OTHER_ATTRIBUTION_NOT_ISOLATED,,NO_OTHER_SPECIFIC_NOTE_ADDED,,8189,89154f7f437bca8cdeffc5782db7209afb2d8fa7cc79b98cb29c9137e8840ac8,decision_reason
K251072:setting,setting,DIAGNOSTIC_INTERPRETATION;OTHER,,MULTILABEL_OTHER_ATTRIBUTION_NOT_ISOLATED,,NO_OTHER_SPECIFIC_NOTE_ADDED,,8188,89154f7f437bca8cdeffc5782db7209afb2d8fa7cc79b98cb29c9137e8840ac8,decision_reason
K251096:setting,setting,PROCEDURAL_OR_OPERATING_ROOM;OTHER,,MULTILABEL_OTHER_ATTRIBUTION_NOT_ISOLATED,,NO_OTHER_SPECIFIC_NOTE_ADDED,,8200,89154f7f437bca8cdeffc5782db7209afb2d8fa7cc79b98cb29c9137e8840ac8,decision_reason
K251106:setting,setting,PROCEDURAL_OR_OPERATING_ROOM;OTHER,,MULTILABEL_OTHER_ATTRIBUTION_NOT_ISOLATED,,NO_OTHER_SPECIFIC_NOTE_ADDED,,8206,89154f7f437bca8cdeffc5782db7209afb2d8fa7cc79b98cb29c9137e8840ac8,decision_reason
K251110:setting,setting,DIAGNOSTIC_INTERPRETATION;OUTPATIENT;OTHER,,MULTILABEL_OTHER_ATTRIBUTION_NOT_ISOLATED,,NO_OTHER_SPECIFIC_NOTE_ADDED,,8212,89154f7f437bca8cdeffc5782db7209afb2d8fa7cc79b98cb29c9137e8840ac8,decision_reason
K251151:setting,setting,ACUTE_TRIAGE_OR_EMERGENCY;OTHER,,MULTILABEL_OTHER_ATTRIBUTION_NOT_ISOLATED,,NO_OTHER_SPECIFIC_NOTE_ADDED,,8218,89154f7f437bca8cdeffc5782db7209afb2d8fa7cc79b98cb29c9137e8840ac8,decision_reason
K251153:setting,setting,DIAGNOSTIC_INTERPRETATION;OTHER,,MULTILABEL_OTHER_ATTRIBUTION_NOT_ISOLATED,,NO_OTHER_SPECIFIC_NOTE_ADDED,,8224,89154f7f437bca8cdeffc5782db7209afb2d8fa7cc79b98cb29c9137e8840ac8,decision_reason
K251167:output,output,SEGMENTATION_OR_LOCALIZATION;RECOMMENDATION_OR_PLANNING;CONTROL_OR_AUTOMATION;CLASSIFICATION_OR_DIAGNOSIS;OTHER,,MULTILABEL_OTHER_ATTRIBUTION_NOT_ISOLATED,,NO_OTHER_SPECIFIC_NOTE_ADDED,,8228,89154f7f437bca8cdeffc5782db7209afb2d8fa7cc79b98cb29c9137e8840ac8,decision_reason
K251167:setting,setting,OTHER,Positioning before and after DR exposure / departmental quality management; a disease-diagnosis context is not assigned as uAid's purpose.,SINGLE_OTHER_EXISTING_FIELD_REASON,zh,AI_ASSISTED_ENGLISH_TRANSLATION,25c95f3e64bf459899940e7d7274b0b76836411f17b337ab74b2165ca54865af,8230,89154f7f437bca8cdeffc5782db7209afb2d8fa7cc79b98cb29c9137e8840ac8,decision_reason
K251169:setting,setting,DIAGNOSTIC_INTERPRETATION;PROCEDURAL_OR_OPERATING_ROOM;OUTPATIENT;OTHER,,MULTILABEL_OTHER_ATTRIBUTION_NOT_ISOLATED,,NO_OTHER_SPECIFIC_NOTE_ADDED,,8236,89154f7f437bca8cdeffc5782db7209afb2d8fa7cc79b98cb29c9137e8840ac8,decision_reason
K251195:setting,setting,ACUTE_TRIAGE_OR_EMERGENCY;OTHER,,MULTILABEL_OTHER_ATTRIBUTION_NOT_ISOLATED,,NO_OTHER_SPECIFIC_NOTE_ADDED,,8242,89154f7f437bca8cdeffc5782db7209afb2d8fa7cc79b98cb29c9137e8840ac8,decision_reason
K251200:setting,setting,MONITORING;OTHER,,MULTILABEL_OTHER_ATTRIBUTION_NOT_ISOLATED,,NO_OTHER_SPECIFIC_NOTE_ADDED,,928,89154f7f437bca8cdeffc5782db7209afb2d8fa7cc79b98cb29c9137e8840ac8,decision_reason
K251200:user,user,OTHER,Trained staff with a duty of care; registered professions are not differentiated.,SINGLE_OTHER_EXISTING_FIELD_REASON,zh,AI_ASSISTED_ENGLISH_TRANSLATION,8e47d6102b7f65e9fb6c88500c986da6fad22b91bf029b6a6f1e2935f3c90dd8,927,89154f7f437bca8cdeffc5782db7209afb2d8fa7cc79b98cb29c9137e8840ac8,decision_reason
K251218:setting,setting,DIAGNOSTIC_INTERPRETATION;MONITORING;HOME_OR_CONSUMER;INPATIENT;OUTPATIENT;OTHER,,MULTILABEL_OTHER_ATTRIBUTION_NOT_ISOLATED,,NO_OTHER_SPECIFIC_NOTE_ADDED,,934,89154f7f437bca8cdeffc5782db7209afb2d8fa7cc79b98cb29c9137e8840ac8,decision_reason
K251221:output,output,CLASSIFICATION_OR_DIAGNOSIS;OTHER,,MULTILABEL_OTHER_ATTRIBUTION_NOT_ISOLATED,,NO_OTHER_SPECIFIC_NOTE_ADDED,,938,89154f7f437bca8cdeffc5782db7209afb2d8fa7cc79b98cb29c9137e8840ac8,decision_reason
K251276:setting,setting,DIAGNOSTIC_INTERPRETATION;ACUTE_TRIAGE_OR_EMERGENCY;INPATIENT;OUTPATIENT;OTHER,,MULTILABEL_OTHER_ATTRIBUTION_NOT_ISOLATED,,NO_OTHER_SPECIFIC_NOTE_ADDED,,8254,89154f7f437bca8cdeffc5782db7209afb2d8fa7cc79b98cb29c9137e8840ac8,decision_reason
K251322:setting,setting,DIAGNOSTIC_INTERPRETATION;OUTPATIENT;HOME_OR_CONSUMER;ACUTE_TRIAGE_OR_EMERGENCY;OTHER,,MULTILABEL_OTHER_ATTRIBUTION_NOT_ISOLATED,,NO_OTHER_SPECIFIC_NOTE_ADDED,,8266,89154f7f437bca8cdeffc5782db7209afb2d8fa7cc79b98cb29c9137e8840ac8,decision_reason
K251322:user,user,OTHER_CLINICIAN;OTHER_PHYSICIAN;OTHER,,MULTILABEL_OTHER_ATTRIBUTION_NOT_ISOLATED,,NO_OTHER_SPECIFIC_NOTE_ADDED,,8265,89154f7f437bca8cdeffc5782db7209afb2d8fa7cc79b98cb29c9137e8840ac8,decision_reason
K251351:output,output,SEGMENTATION_OR_LOCALIZATION;OTHER,,MULTILABEL_OTHER_ATTRIBUTION_NOT_ISOLATED,,NO_OTHER_SPECIFIC_NOTE_ADDED,,8276,89154f7f437bca8cdeffc5782db7209afb2d8fa7cc79b98cb29c9137e8840ac8,decision_reason
K251351:setting,setting,PROCEDURAL_OR_OPERATING_ROOM;OTHER,,MULTILABEL_OTHER_ATTRIBUTION_NOT_ISOLATED,,NO_OTHER_SPECIFIC_NOTE_ADDED,,8278,89154f7f437bca8cdeffc5782db7209afb2d8fa7cc79b98cb29c9137e8840ac8,decision_reason
K251368:output,output,CLASSIFICATION_OR_DIAGNOSIS;SEGMENTATION_OR_LOCALIZATION;MEASUREMENT_OR_QUANTIFICATION;DOCUMENTATION_OR_SUMMARY;OTHER,,MULTILABEL_OTHER_ATTRIBUTION_NOT_ISOLATED,,NO_OTHER_SPECIFIC_NOTE_ADDED,,8288,89154f7f437bca8cdeffc5782db7209afb2d8fa7cc79b98cb29c9137e8840ac8,decision_reason
K251370:output,output,RECONSTRUCTION_OR_ENHANCEMENT;OTHER,,MULTILABEL_OTHER_ATTRIBUTION_NOT_ISOLATED,,NO_OTHER_SPECIFIC_NOTE_ADDED,,8294,89154f7f437bca8cdeffc5782db7209afb2d8fa7cc79b98cb29c9137e8840ac8,decision_reason
K251386:setting,setting,DIAGNOSTIC_INTERPRETATION;OTHER,,MULTILABEL_OTHER_ATTRIBUTION_NOT_ISOLATED,,NO_OTHER_SPECIFIC_NOTE_ADDED,,8302,89154f7f437bca8cdeffc5782db7209afb2d8fa7cc79b98cb29c9137e8840ac8,decision_reason
K251399:setting,setting,DIAGNOSTIC_INTERPRETATION;OTHER,,MULTILABEL_OTHER_ATTRIBUTION_NOT_ISOLATED,,NO_OTHER_SPECIFIC_NOTE_ADDED,,8314,89154f7f437bca8cdeffc5782db7209afb2d8fa7cc79b98cb29c9137e8840ac8,decision_reason
K251406:setting,setting,ACUTE_TRIAGE_OR_EMERGENCY;OTHER,,MULTILABEL_OTHER_ATTRIBUTION_NOT_ISOLATED,,NO_OTHER_SPECIFIC_NOTE_ADDED,,8320,89154f7f437bca8cdeffc5782db7209afb2d8fa7cc79b98cb29c9137e8840ac8,decision_reason
K251408:setting,setting,SCREENING;DIAGNOSTIC_INTERPRETATION;OTHER,,MULTILABEL_OTHER_ATTRIBUTION_NOT_ISOLATED,,NO_OTHER_SPECIFIC_NOTE_ADDED,,8326,89154f7f437bca8cdeffc5782db7209afb2d8fa7cc79b98cb29c9137e8840ac8,decision_reason
K251416:output,output,RECOMMENDATION_OR_PLANNING;CLASSIFICATION_OR_DIAGNOSIS;OTHER,,MULTILABEL_OTHER_ATTRIBUTION_NOT_ISOLATED,,NO_OTHER_SPECIFIC_NOTE_ADDED,,8330,89154f7f437bca8cdeffc5782db7209afb2d8fa7cc79b98cb29c9137e8840ac8,decision_reason
K251416:setting,setting,OTHER,Adult TTE acquisition context; the physical setting is not given.,SINGLE_OTHER_EXISTING_FIELD_REASON,zh,AI_ASSISTED_ENGLISH_TRANSLATION,b7cf19e0630af9ba3e342a0a5cf6732b5fb80d7231a2265803e9fd532b2ea9f6,8332,89154f7f437bca8cdeffc5782db7209afb2d8fa7cc79b98cb29c9137e8840ac8,decision_reason
K251455:output,output,CLASSIFICATION_OR_DIAGNOSIS;OTHER,,MULTILABEL_OTHER_ATTRIBUTION_NOT_ISOLATED,,NO_OTHER_SPECIFIC_NOTE_ADDED,,8336,89154f7f437bca8cdeffc5782db7209afb2d8fa7cc79b98cb29c9137e8840ac8,decision_reason
K251455:setting,setting,DIAGNOSTIC_INTERPRETATION;OUTPATIENT;OTHER,,MULTILABEL_OTHER_ATTRIBUTION_NOT_ISOLATED,,NO_OTHER_SPECIFIC_NOTE_ADDED,,8338,89154f7f437bca8cdeffc5782db7209afb2d8fa7cc79b98cb29c9137e8840ac8,decision_reason
K251456:output,output,CLASSIFICATION_OR_DIAGNOSIS;DOCUMENTATION_OR_SUMMARY;OTHER,,MULTILABEL_OTHER_ATTRIBUTION_NOT_ISOLATED,,NO_OTHER_SPECIFIC_NOTE_ADDED,,8342,89154f7f437bca8cdeffc5782db7209afb2d8fa7cc79b98cb29c9137e8840ac8,decision_reason
K251456:setting,setting,SCREENING;DIAGNOSTIC_INTERPRETATION;OTHER,,MULTILABEL_OTHER_ATTRIBUTION_NOT_ISOLATED,,NO_OTHER_SPECIFIC_NOTE_ADDED,,8344,89154f7f437bca8cdeffc5782db7209afb2d8fa7cc79b98cb29c9137e8840ac8,decision_reason
K251481:output,output,CLASSIFICATION_OR_DIAGNOSIS;OTHER,,MULTILABEL_OTHER_ATTRIBUTION_NOT_ISOLATED,,NO_OTHER_SPECIFIC_NOTE_ADDED,,8354,89154f7f437bca8cdeffc5782db7209afb2d8fa7cc79b98cb29c9137e8840ac8,decision_reason
K251481:setting,setting,DIAGNOSTIC_INTERPRETATION;OTHER,,MULTILABEL_OTHER_ATTRIBUTION_NOT_ISOLATED,,NO_OTHER_SPECIFIC_NOTE_ADDED,,8356,89154f7f437bca8cdeffc5782db7209afb2d8fa7cc79b98cb29c9137e8840ac8,decision_reason
K251494:output,output,DETECTION_OR_ALERT;CLASSIFICATION_OR_DIAGNOSIS;MEASUREMENT_OR_QUANTIFICATION;OTHER,,MULTILABEL_OTHER_ATTRIBUTION_NOT_ISOLATED,,NO_OTHER_SPECIFIC_NOTE_ADDED,,950,89154f7f437bca8cdeffc5782db7209afb2d8fa7cc79b98cb29c9137e8840ac8,decision_reason
K251506:setting,setting,MONITORING;OTHER,,MULTILABEL_OTHER_ATTRIBUTION_NOT_ISOLATED,,NO_OTHER_SPECIFIC_NOTE_ADDED,,1924,89154f7f437bca8cdeffc5782db7209afb2d8fa7cc79b98cb29c9137e8840ac8,decision_reason
K251518:output,output,DETECTION_OR_ALERT;CLASSIFICATION_OR_DIAGNOSIS;SEGMENTATION_OR_LOCALIZATION;MEASUREMENT_OR_QUANTIFICATION;OTHER,,MULTILABEL_OTHER_ATTRIBUTION_NOT_ISOLATED,,NO_OTHER_SPECIFIC_NOTE_ADDED,,956,89154f7f437bca8cdeffc5782db7209afb2d8fa7cc79b98cb29c9137e8840ac8,decision_reason
K251518:user,user,OTHER_PHYSICIAN;OTHER_CLINICIAN;OTHER,,MULTILABEL_OTHER_ATTRIBUTION_NOT_ISOLATED,,NO_OTHER_SPECIFIC_NOTE_ADDED,,957,89154f7f437bca8cdeffc5782db7209afb2d8fa7cc79b98cb29c9137e8840ac8,decision_reason
K251532:user,user,OTHER_PHYSICIAN;OTHER_CLINICIAN;OTHER,,MULTILABEL_OTHER_ATTRIBUTION_NOT_ISOLATED,,NO_OTHER_SPECIFIC_NOTE_ADDED,,8385,89154f7f437bca8cdeffc5782db7209afb2d8fa7cc79b98cb29c9137e8840ac8,decision_reason
K251533:setting,setting,ACUTE_TRIAGE_OR_EMERGENCY;OTHER,,MULTILABEL_OTHER_ATTRIBUTION_NOT_ISOLATED,,NO_OTHER_SPECIFIC_NOTE_ADDED,,8392,89154f7f437bca8cdeffc5782db7209afb2d8fa7cc79b98cb29c9137e8840ac8,decision_reason
K251590:setting,setting,ACUTE_TRIAGE_OR_EMERGENCY;OTHER,,MULTILABEL_OTHER_ATTRIBUTION_NOT_ISOLATED,,NO_OTHER_SPECIFIC_NOTE_ADDED,,8398,89154f7f437bca8cdeffc5782db7209afb2d8fa7cc79b98cb29c9137e8840ac8,decision_reason
K251610:setting,setting,ACUTE_TRIAGE_OR_EMERGENCY;OTHER,,MULTILABEL_OTHER_ATTRIBUTION_NOT_ISOLATED,,NO_OTHER_SPECIFIC_NOTE_ADDED,,8410,89154f7f437bca8cdeffc5782db7209afb2d8fa7cc79b98cb29c9137e8840ac8,decision_reason
K251629:user,user,OTHER_PHYSICIAN;OTHER_CLINICIAN;TECHNOLOGIST_OR_OPERATOR;OTHER,,MULTILABEL_OTHER_ATTRIBUTION_NOT_ISOLATED,,NO_OTHER_SPECIFIC_NOTE_ADDED,,8415,89154f7f437bca8cdeffc5782db7209afb2d8fa7cc79b98cb29c9137e8840ac8,decision_reason
K251657:setting,setting,HOME_OR_CONSUMER;OTHER,,MULTILABEL_OTHER_ATTRIBUTION_NOT_ISOLATED,,NO_OTHER_SPECIFIC_NOTE_ADDED,,142,89154f7f437bca8cdeffc5782db7209afb2d8fa7cc79b98cb29c9137e8840ac8,decision_reason
K251673:setting,setting,PROCEDURAL_OR_OPERATING_ROOM;OUTPATIENT;OTHER,,MULTILABEL_OTHER_ATTRIBUTION_NOT_ISOLATED,,NO_OTHER_SPECIFIC_NOTE_ADDED,,8434,89154f7f437bca8cdeffc5782db7209afb2d8fa7cc79b98cb29c9137e8840ac8,decision_reason
K251747:user,user,OTHER_PHYSICIAN;OTHER_CLINICIAN;OTHER,,MULTILABEL_OTHER_ATTRIBUTION_NOT_ISOLATED,,NO_OTHER_SPECIFIC_NOTE_ADDED,,8445,89154f7f437bca8cdeffc5782db7209afb2d8fa7cc79b98cb29c9137e8840ac8,decision_reason
K251763:setting,setting,PROCEDURAL_OR_OPERATING_ROOM;OTHER,,MULTILABEL_OTHER_ATTRIBUTION_NOT_ISOLATED,,NO_OTHER_SPECIFIC_NOTE_ADDED,,8452,89154f7f437bca8cdeffc5782db7209afb2d8fa7cc79b98cb29c9137e8840ac8,decision_reason
K251763:user,user,OTHER;OTHER_CLINICIAN,,MULTILABEL_OTHER_ATTRIBUTION_NOT_ISOLATED,,NO_OTHER_SPECIFIC_NOTE_ADDED,,8451,89154f7f437bca8cdeffc5782db7209afb2d8fa7cc79b98cb29c9137e8840ac8,decision_reason
K251769:setting,setting,DIAGNOSTIC_INTERPRETATION;MONITORING;OUTPATIENT;OTHER,,MULTILABEL_OTHER_ATTRIBUTION_NOT_ISOLATED,,NO_OTHER_SPECIFIC_NOTE_ADDED,,8464,89154f7f437bca8cdeffc5782db7209afb2d8fa7cc79b98cb29c9137e8840ac8,decision_reason
K251901:setting,setting,DIAGNOSTIC_INTERPRETATION;OUTPATIENT;OTHER,,MULTILABEL_OTHER_ATTRIBUTION_NOT_ISOLATED,,NO_OTHER_SPECIFIC_NOTE_ADDED,,8494,89154f7f437bca8cdeffc5782db7209afb2d8fa7cc79b98cb29c9137e8840ac8,decision_reason
K251901:user,user,TECHNOLOGIST_OR_OPERATOR;OTHER,,MULTILABEL_OTHER_ATTRIBUTION_NOT_ISOLATED,,NO_OTHER_SPECIFIC_NOTE_ADDED,,8493,89154f7f437bca8cdeffc5782db7209afb2d8fa7cc79b98cb29c9137e8840ac8,decision_reason
K251931:setting,setting,PROCEDURAL_OR_OPERATING_ROOM;OTHER,,MULTILABEL_OTHER_ATTRIBUTION_NOT_ISOLATED,,NO_OTHER_SPECIFIC_NOTE_ADDED,,8500,89154f7f437bca8cdeffc5782db7209afb2d8fa7cc79b98cb29c9137e8840ac8,decision_reason
K251963:setting,setting,DIAGNOSTIC_INTERPRETATION;OUTPATIENT;OTHER,,MULTILABEL_OTHER_ATTRIBUTION_NOT_ISOLATED,,NO_OTHER_SPECIFIC_NOTE_ADDED,,8512,89154f7f437bca8cdeffc5782db7209afb2d8fa7cc79b98cb29c9137e8840ac8,decision_reason
K251983:setting,setting,ACUTE_TRIAGE_OR_EMERGENCY;OTHER,,MULTILABEL_OTHER_ATTRIBUTION_NOT_ISOLATED,,NO_OTHER_SPECIFIC_NOTE_ADDED,,8518,89154f7f437bca8cdeffc5782db7209afb2d8fa7cc79b98cb29c9137e8840ac8,decision_reason
K251985:setting,setting,DIAGNOSTIC_INTERPRETATION;OUTPATIENT;OTHER,,MULTILABEL_OTHER_ATTRIBUTION_NOT_ISOLATED,,NO_OTHER_SPECIFIC_NOTE_ADDED,,8524,89154f7f437bca8cdeffc5782db7209afb2d8fa7cc79b98cb29c9137e8840ac8,decision_reason
K252002:setting,setting,PROCEDURAL_OR_OPERATING_ROOM;OTHER,,MULTILABEL_OTHER_ATTRIBUTION_NOT_ISOLATED,,NO_OTHER_SPECIFIC_NOTE_ADDED,,8536,89154f7f437bca8cdeffc5782db7209afb2d8fa7cc79b98cb29c9137e8840ac8,decision_reason
K252002:user,user,OTHER_CLINICIAN;OTHER,,MULTILABEL_OTHER_ATTRIBUTION_NOT_ISOLATED,,NO_OTHER_SPECIFIC_NOTE_ADDED,,8535,89154f7f437bca8cdeffc5782db7209afb2d8fa7cc79b98cb29c9137e8840ac8,decision_reason
K252007:setting,setting,DIAGNOSTIC_INTERPRETATION;INPATIENT;ACUTE_TRIAGE_OR_EMERGENCY;OUTPATIENT;OTHER,,MULTILABEL_OTHER_ATTRIBUTION_NOT_ISOLATED,,NO_OTHER_SPECIFIC_NOTE_ADDED,,8542,89154f7f437bca8cdeffc5782db7209afb2d8fa7cc79b98cb29c9137e8840ac8,decision_reason
K252018:setting,setting,DIAGNOSTIC_INTERPRETATION;OUTPATIENT;OTHER,,MULTILABEL_OTHER_ATTRIBUTION_NOT_ISOLATED,,NO_OTHER_SPECIFIC_NOTE_ADDED,,8548,89154f7f437bca8cdeffc5782db7209afb2d8fa7cc79b98cb29c9137e8840ac8,decision_reason
K252029:setting,setting,SCREENING;MONITORING;OTHER,,MULTILABEL_OTHER_ATTRIBUTION_NOT_ISOLATED,,NO_OTHER_SPECIFIC_NOTE_ADDED,,8554,89154f7f437bca8cdeffc5782db7209afb2d8fa7cc79b98cb29c9137e8840ac8,decision_reason
K252041:setting,setting,DIAGNOSTIC_INTERPRETATION;OUTPATIENT;OTHER,,MULTILABEL_OTHER_ATTRIBUTION_NOT_ISOLATED,,NO_OTHER_SPECIFIC_NOTE_ADDED,,8560,89154f7f437bca8cdeffc5782db7209afb2d8fa7cc79b98cb29c9137e8840ac8,decision_reason
K252074:setting,setting,DIAGNOSTIC_INTERPRETATION;OTHER,,MULTILABEL_OTHER_ATTRIBUTION_NOT_ISOLATED,,NO_OTHER_SPECIFIC_NOTE_ADDED,,8566,89154f7f437bca8cdeffc5782db7209afb2d8fa7cc79b98cb29c9137e8840ac8,decision_reason
K252076:output,output,OTHER,Recording/display of processed sound; specific pattern-recognition categories are not disclosed.,SINGLE_OTHER_EXISTING_FIELD_REASON,zh,AI_ASSISTED_ENGLISH_TRANSLATION,93a21b4b8e780bf99267604fc22588359748ac5c0d3ce1dfc719cacbbef1a753,962,89154f7f437bca8cdeffc5782db7209afb2d8fa7cc79b98cb29c9137e8840ac8,decision_reason
K252076:setting,setting,DIAGNOSTIC_INTERPRETATION;OTHER,,MULTILABEL_OTHER_ATTRIBUTION_NOT_ISOLATED,,NO_OTHER_SPECIFIC_NOTE_ADDED,,964,89154f7f437bca8cdeffc5782db7209afb2d8fa7cc79b98cb29c9137e8840ac8,decision_reason
K252089:output,output,MEASUREMENT_OR_QUANTIFICATION;CLASSIFICATION_OR_DIAGNOSIS;OTHER,,MULTILABEL_OTHER_ATTRIBUTION_NOT_ISOLATED,,NO_OTHER_SPECIFIC_NOTE_ADDED,,968,89154f7f437bca8cdeffc5782db7209afb2d8fa7cc79b98cb29c9137e8840ac8,decision_reason
K252089:setting,setting,HOME_OR_CONSUMER;DIAGNOSTIC_INTERPRETATION;OTHER,,MULTILABEL_OTHER_ATTRIBUTION_NOT_ISOLATED,,NO_OTHER_SPECIFIC_NOTE_ADDED,,970,89154f7f437bca8cdeffc5782db7209afb2d8fa7cc79b98cb29c9137e8840ac8,decision_reason
K252103:user,user,OTHER;OTHER_CLINICIAN;OTHER_PHYSICIAN,,MULTILABEL_OTHER_ATTRIBUTION_NOT_ISOLATED,,NO_OTHER_SPECIFIC_NOTE_ADDED,,8595,89154f7f437bca8cdeffc5782db7209afb2d8fa7cc79b98cb29c9137e8840ac8,decision_reason
K252148:action,action,OTHER;WORKFLOW_OR_DOCUMENTATION,,MULTILABEL_OTHER_ATTRIBUTION_NOT_ISOLATED,,NO_OTHER_SPECIFIC_NOTE_ADDED,,8609,89154f7f437bca8cdeffc5782db7209afb2d8fa7cc79b98cb29c9137e8840ac8,decision_reason
K252148:setting,setting,OTHER,Adjunct GA measurement in a healthcare setting; home/ED use is not inferred from standards.,SINGLE_OTHER_EXISTING_FIELD_REASON,zh,AI_ASSISTED_ENGLISH_TRANSLATION,dc4ae48d710653c0bf527682ea413328ca15615e813009ad56cbd6e2ce95140a,8608,89154f7f437bca8cdeffc5782db7209afb2d8fa7cc79b98cb29c9137e8840ac8,decision_reason
K252178:output,output,DETECTION_OR_ALERT;SEGMENTATION_OR_LOCALIZATION;OTHER,,MULTILABEL_OTHER_ATTRIBUTION_NOT_ISOLATED,,NO_OTHER_SPECIFIC_NOTE_ADDED,,1286,89154f7f437bca8cdeffc5782db7209afb2d8fa7cc79b98cb29c9137e8840ac8,decision_reason
K252188:setting,setting,PROCEDURAL_OR_OPERATING_ROOM;OTHER,,MULTILABEL_OTHER_ATTRIBUTION_NOT_ISOLATED,,NO_OTHER_SPECIFIC_NOTE_ADDED,,8614,89154f7f437bca8cdeffc5782db7209afb2d8fa7cc79b98cb29c9137e8840ac8,decision_reason
K252204:action,action,OTHER,"Supports clinical assessment; no claim of diagnosis, monitoring, or special treatment is made.",SINGLE_OTHER_EXISTING_FIELD_REASON,zh,AI_ASSISTED_ENGLISH_TRANSLATION,2769793916eb9a7fa20e37b48c2d756051aec60c3006bed2bd42ede5463b2b28,977,89154f7f437bca8cdeffc5782db7209afb2d8fa7cc79b98cb29c9137e8840ac8,decision_reason
K252204:setting,setting,OUTPATIENT;OTHER,,MULTILABEL_OTHER_ATTRIBUTION_NOT_ISOLATED,,NO_OTHER_SPECIFIC_NOTE_ADDED,,976,89154f7f437bca8cdeffc5782db7209afb2d8fa7cc79b98cb29c9137e8840ac8,decision_reason
K252261:setting,setting,DIAGNOSTIC_INTERPRETATION;MONITORING;OUTPATIENT;OTHER,,MULTILABEL_OTHER_ATTRIBUTION_NOT_ISOLATED,,NO_OTHER_SPECIFIC_NOTE_ADDED,,8638,89154f7f437bca8cdeffc5782db7209afb2d8fa7cc79b98cb29c9137e8840ac8,decision_reason
K252261:user,user,RADIOLOGIST;OTHER_PHYSICIAN;OTHER,,MULTILABEL_OTHER_ATTRIBUTION_NOT_ISOLATED,,NO_OTHER_SPECIFIC_NOTE_ADDED,,8637,89154f7f437bca8cdeffc5782db7209afb2d8fa7cc79b98cb29c9137e8840ac8,decision_reason
K252284:setting,setting,DIAGNOSTIC_INTERPRETATION;MONITORING;OTHER,,MULTILABEL_OTHER_ATTRIBUTION_NOT_ISOLATED,,NO_OTHER_SPECIFIC_NOTE_ADDED,,982,89154f7f437bca8cdeffc5782db7209afb2d8fa7cc79b98cb29c9137e8840ac8,decision_reason
K252304:setting,setting,PROCEDURAL_OR_OPERATING_ROOM;OTHER,,MULTILABEL_OTHER_ATTRIBUTION_NOT_ISOLATED,,NO_OTHER_SPECIFIC_NOTE_ADDED,,8656,89154f7f437bca8cdeffc5782db7209afb2d8fa7cc79b98cb29c9137e8840ac8,decision_reason
K252328:output,output,CLASSIFICATION_OR_DIAGNOSIS;OTHER;SEGMENTATION_OR_LOCALIZATION;MEASUREMENT_OR_QUANTIFICATION,,MULTILABEL_OTHER_ATTRIBUTION_NOT_ISOLATED,,NO_OTHER_SPECIFIC_NOTE_ADDED,,8660,89154f7f437bca8cdeffc5782db7209afb2d8fa7cc79b98cb29c9137e8840ac8,decision_reason
K252328:setting,setting,DIAGNOSTIC_INTERPRETATION;OUTPATIENT;OTHER,,MULTILABEL_OTHER_ATTRIBUTION_NOT_ISOLATED,,NO_OTHER_SPECIFIC_NOTE_ADDED,,8662,89154f7f437bca8cdeffc5782db7209afb2d8fa7cc79b98cb29c9137e8840ac8,decision_reason
K252330:setting,setting,DIAGNOSTIC_INTERPRETATION;MONITORING;HOME_OR_CONSUMER;OUTPATIENT;OTHER,,MULTILABEL_OTHER_ATTRIBUTION_NOT_ISOLATED,,NO_OTHER_SPECIFIC_NOTE_ADDED,,1948,89154f7f437bca8cdeffc5782db7209afb2d8fa7cc79b98cb29c9137e8840ac8,decision_reason
K252360:setting,setting,DIAGNOSTIC_INTERPRETATION;OTHER,,MULTILABEL_OTHER_ATTRIBUTION_NOT_ISOLATED,,NO_OTHER_SPECIFIC_NOTE_ADDED,,988,89154f7f437bca8cdeffc5782db7209afb2d8fa7cc79b98cb29c9137e8840ac8,decision_reason
K252362:setting,setting,DIAGNOSTIC_INTERPRETATION;OUTPATIENT;OTHER,,MULTILABEL_OTHER_ATTRIBUTION_NOT_ISOLATED,,NO_OTHER_SPECIFIC_NOTE_ADDED,,8668,89154f7f437bca8cdeffc5782db7209afb2d8fa7cc79b98cb29c9137e8840ac8,decision_reason
K252362:user,user,RADIOLOGIST;OTHER_CLINICIAN;OTHER,,MULTILABEL_OTHER_ATTRIBUTION_NOT_ISOLATED,,NO_OTHER_SPECIFIC_NOTE_ADDED,,8667,89154f7f437bca8cdeffc5782db7209afb2d8fa7cc79b98cb29c9137e8840ac8,decision_reason
K252366:setting,setting,ACUTE_TRIAGE_OR_EMERGENCY;OTHER,,MULTILABEL_OTHER_ATTRIBUTION_NOT_ISOLATED,,NO_OTHER_SPECIFIC_NOTE_ADDED,,8674,89154f7f437bca8cdeffc5782db7209afb2d8fa7cc79b98cb29c9137e8840ac8,decision_reason
K252371:setting,setting,DIAGNOSTIC_INTERPRETATION;OTHER,,MULTILABEL_OTHER_ATTRIBUTION_NOT_ISOLATED,,NO_OTHER_SPECIFIC_NOTE_ADDED,,8680,89154f7f437bca8cdeffc5782db7209afb2d8fa7cc79b98cb29c9137e8840ac8,decision_reason
K252421:setting,setting,ACUTE_TRIAGE_OR_EMERGENCY;OTHER,,MULTILABEL_OTHER_ATTRIBUTION_NOT_ISOLATED,,NO_OTHER_SPECIFIC_NOTE_ADDED,,8692,89154f7f437bca8cdeffc5782db7209afb2d8fa7cc79b98cb29c9137e8840ac8,decision_reason
K252433:output,output,DETECTION_OR_ALERT;CLASSIFICATION_OR_DIAGNOSIS;SEGMENTATION_OR_LOCALIZATION;OTHER,,MULTILABEL_OTHER_ATTRIBUTION_NOT_ISOLATED,,NO_OTHER_SPECIFIC_NOTE_ADDED,,8696,89154f7f437bca8cdeffc5782db7209afb2d8fa7cc79b98cb29c9137e8840ac8,decision_reason
K252452:setting,setting,PROCEDURAL_OR_OPERATING_ROOM;OTHER,,MULTILABEL_OTHER_ATTRIBUTION_NOT_ISOLATED,,NO_OTHER_SPECIFIC_NOTE_ADDED,,8704,89154f7f437bca8cdeffc5782db7209afb2d8fa7cc79b98cb29c9137e8840ac8,decision_reason
K252482:setting,setting,SCREENING;OTHER,,MULTILABEL_OTHER_ATTRIBUTION_NOT_ISOLATED,,NO_OTHER_SPECIFIC_NOTE_ADDED,,8710,89154f7f437bca8cdeffc5782db7209afb2d8fa7cc79b98cb29c9137e8840ac8,decision_reason
K252497:setting,setting,DIAGNOSTIC_INTERPRETATION;HOME_OR_CONSUMER;OUTPATIENT;OTHER,,MULTILABEL_OTHER_ATTRIBUTION_NOT_ISOLATED,,NO_OTHER_SPECIFIC_NOTE_ADDED,,148,89154f7f437bca8cdeffc5782db7209afb2d8fa7cc79b98cb29c9137e8840ac8,decision_reason
K252500:setting,setting,PROCEDURAL_OR_OPERATING_ROOM;OTHER,,MULTILABEL_OTHER_ATTRIBUTION_NOT_ISOLATED,,NO_OTHER_SPECIFIC_NOTE_ADDED,,8722,89154f7f437bca8cdeffc5782db7209afb2d8fa7cc79b98cb29c9137e8840ac8,decision_reason
K252500:user,user,OTHER_PHYSICIAN;OTHER,,MULTILABEL_OTHER_ATTRIBUTION_NOT_ISOLATED,,NO_OTHER_SPECIFIC_NOTE_ADDED,,8721,89154f7f437bca8cdeffc5782db7209afb2d8fa7cc79b98cb29c9137e8840ac8,decision_reason
K252504:output,output,OTHER;MEASUREMENT_OR_QUANTIFICATION;DOCUMENTATION_OR_SUMMARY,,MULTILABEL_OTHER_ATTRIBUTION_NOT_ISOLATED,,NO_OTHER_SPECIFIC_NOTE_ADDED,,1292,89154f7f437bca8cdeffc5782db7209afb2d8fa7cc79b98cb29c9137e8840ac8,decision_reason
K252504:setting,setting,DIAGNOSTIC_INTERPRETATION;OTHER,,MULTILABEL_OTHER_ATTRIBUTION_NOT_ISOLATED,,NO_OTHER_SPECIFIC_NOTE_ADDED,,1294,89154f7f437bca8cdeffc5782db7209afb2d8fa7cc79b98cb29c9137e8840ac8,decision_reason
K252557:output,output,CLASSIFICATION_OR_DIAGNOSIS;OTHER,,MULTILABEL_OTHER_ATTRIBUTION_NOT_ISOLATED,,NO_OTHER_SPECIFIC_NOTE_ADDED,,8738,89154f7f437bca8cdeffc5782db7209afb2d8fa7cc79b98cb29c9137e8840ac8,decision_reason
K252557:setting,setting,DIAGNOSTIC_INTERPRETATION;OTHER,,MULTILABEL_OTHER_ATTRIBUTION_NOT_ISOLATED,,NO_OTHER_SPECIFIC_NOTE_ADDED,,8740,89154f7f437bca8cdeffc5782db7209afb2d8fa7cc79b98cb29c9137e8840ac8,decision_reason
K252589:setting,setting,DIAGNOSTIC_INTERPRETATION;ACUTE_TRIAGE_OR_EMERGENCY;OUTPATIENT;OTHER,,MULTILABEL_OTHER_ATTRIBUTION_NOT_ISOLATED,,NO_OTHER_SPECIFIC_NOTE_ADDED,,994,89154f7f437bca8cdeffc5782db7209afb2d8fa7cc79b98cb29c9137e8840ac8,decision_reason
K252595:setting,setting,DIAGNOSTIC_INTERPRETATION;MONITORING;HOME_OR_CONSUMER;OTHER,,MULTILABEL_OTHER_ATTRIBUTION_NOT_ISOLATED,,NO_OTHER_SPECIFIC_NOTE_ADDED,,1000,89154f7f437bca8cdeffc5782db7209afb2d8fa7cc79b98cb29c9137e8840ac8,decision_reason
K252634:setting,setting,DIAGNOSTIC_INTERPRETATION;PROCEDURAL_OR_OPERATING_ROOM;OTHER,,MULTILABEL_OTHER_ATTRIBUTION_NOT_ISOLATED,,NO_OTHER_SPECIFIC_NOTE_ADDED,,8746,89154f7f437bca8cdeffc5782db7209afb2d8fa7cc79b98cb29c9137e8840ac8,decision_reason
K252665:setting,setting,PROCEDURAL_OR_OPERATING_ROOM;OUTPATIENT;OTHER,,MULTILABEL_OTHER_ATTRIBUTION_NOT_ISOLATED,,NO_OTHER_SPECIFIC_NOTE_ADDED,,8752,89154f7f437bca8cdeffc5782db7209afb2d8fa7cc79b98cb29c9137e8840ac8,decision_reason
K252842:user,user,OTHER_CLINICIAN;TECHNOLOGIST_OR_OPERATOR;OTHER,,MULTILABEL_OTHER_ATTRIBUTION_NOT_ISOLATED,,NO_OTHER_SPECIFIC_NOTE_ADDED,,1953,89154f7f437bca8cdeffc5782db7209afb2d8fa7cc79b98cb29c9137e8840ac8,decision_reason
K252856:setting,setting,PROCEDURAL_OR_OPERATING_ROOM;OTHER,,MULTILABEL_OTHER_ATTRIBUTION_NOT_ISOLATED,,NO_OTHER_SPECIFIC_NOTE_ADDED,,8770,89154f7f437bca8cdeffc5782db7209afb2d8fa7cc79b98cb29c9137e8840ac8,decision_reason
K252922:setting,setting,PROCEDURAL_OR_OPERATING_ROOM;OTHER,,MULTILABEL_OTHER_ATTRIBUTION_NOT_ISOLATED,,NO_OTHER_SPECIFIC_NOTE_ADDED,,8776,89154f7f437bca8cdeffc5782db7209afb2d8fa7cc79b98cb29c9137e8840ac8,decision_reason
K252970:setting,setting,ACUTE_TRIAGE_OR_EMERGENCY;OTHER,,MULTILABEL_OTHER_ATTRIBUTION_NOT_ISOLATED,,NO_OTHER_SPECIFIC_NOTE_ADDED,,8788,89154f7f437bca8cdeffc5782db7209afb2d8fa7cc79b98cb29c9137e8840ac8,decision_reason
K253023:output,output,RECONSTRUCTION_OR_ENHANCEMENT;OTHER,,MULTILABEL_OTHER_ATTRIBUTION_NOT_ISOLATED,,NO_OTHER_SPECIFIC_NOTE_ADDED,,8804,89154f7f437bca8cdeffc5782db7209afb2d8fa7cc79b98cb29c9137e8840ac8,decision_reason
K253091:setting,setting,OTHER,Radiotherapy planning in a hospital/clinic; not equivalent to an operating-room or inpatient setting.,SINGLE_OTHER_EXISTING_FIELD_REASON,zh,AI_ASSISTED_ENGLISH_TRANSLATION,63e5f7243bc9de31b1bea73b77e1b7344c994ba22ec78c652ac8cce267b59b69,8818,89154f7f437bca8cdeffc5782db7209afb2d8fa7cc79b98cb29c9137e8840ac8,decision_reason
K253270:setting,setting,OTHER,Medical-image post-processing / preparation for radiotherapy planning; neither a physical OR nor an inpatient-only setting is explicitly specified.,SINGLE_OTHER_EXISTING_FIELD_REASON,zh,AI_ASSISTED_ENGLISH_TRANSLATION,dcfe5ed3bc93d951e43c36a6669f861fe83e39f2c13e4f6d14e2f3654a0ecdeb,8842,89154f7f437bca8cdeffc5782db7209afb2d8fa7cc79b98cb29c9137e8840ac8,decision_reason
K253379:setting,setting,OTHER,AI is explicitly used for preoperative planning; the whole device's intraoperative navigation belongs to separate device-level context.,SINGLE_OTHER_EXISTING_FIELD_REASON,zh,AI_ASSISTED_ENGLISH_TRANSLATION,cebe59d2ef1fb5a98771958638a3b73195a51cf642169217bc4d1c82eb2520ec,1960,89154f7f437bca8cdeffc5782db7209afb2d8fa7cc79b98cb29c9137e8840ac8,decision_reason
K260104:setting,setting,OTHER,Direct AI use is in preoperative case preparation within manufacturing software; downstream guide use in the operating room is not treated as the setting where the AI model runs.,SINGLE_OTHER_EXISTING_FIELD_REASON,zh,AI_ASSISTED_ENGLISH_TRANSLATION,808b83ee5fa7c7b5e66508509c518ddee3cd681298bdc524cbc10f3fe0cf81af,2104,89154f7f437bca8cdeffc5782db7209afb2d8fa7cc79b98cb29c9137e8840ac8,decision_reason
K260509:setting,setting,OTHER,"A radiotherapy-planning preparation setting, without an explicitly stated physical OR/inpatient setting.",SINGLE_OTHER_EXISTING_FIELD_REASON,zh,AI_ASSISTED_ENGLISH_TRANSLATION,335c870a3c573a7766e23a2993d6a4c360b391fc84bf2e78ea1a2cb5df99c3d3,9076,89154f7f437bca8cdeffc5782db7209afb2d8fa7cc79b98cb29c9137e8840ac8,decision_reason
P110014:input,input,LAB_SPECIMEN_OR_OMICS;OTHER,RF spectral / dielectric reflection measurements.,EXPLICIT_OTHER_ASSIGNMENT_IN_RETAINED_REASON,zh,AI_ASSISTED_ENGLISH_TRANSLATION,3517da1caf01d719b5bc639448f1e8af1856a88726bcdb7668d6ae9e50d9a283,1369,89154f7f437bca8cdeffc5782db7209afb2d8fa7cc79b98cb29c9137e8840ac8,decision_reason
P210015:user,user,OTHER,Trained or untrained rescuers; cannot be restricted to physicians or patients rescuing themselves.,SINGLE_OTHER_EXISTING_FIELD_REASON,zh,AI_ASSISTED_ENGLISH_TRANSLATION,5452cb5f41b1771ad571ad4aa98365efa12a90060307da0a0d456b71a1a09221,1029,89154f7f437bca8cdeffc5782db7209afb2d8fa7cc79b98cb29c9137e8840ac8,decision_reason
