annotation_id,submission_number,field,label
DEN130013:input,DEN130013,input,LAB_SPECIMEN_OR_OMICS
DEN130013:output,DEN130013,output,CLASSIFICATION_OR_DIAGNOSIS
DEN130013:setting,DEN130013,setting,LABORATORY
DEN130013:action,DEN130013,action,INTERPRETATION_OR_DIAGNOSIS
DEN140025:input,DEN140025,input,PHYSIOLOGICAL_SIGNAL
DEN140025:output,DEN140025,output,CLASSIFICATION_OR_DIAGNOSIS
DEN140025:user,DEN140025,user,OTHER_PHYSICIAN
DEN140025:setting,DEN140025,setting,DIAGNOSTIC_INTERPRETATION
DEN140025:action,DEN140025,action,INTERPRETATION_OR_DIAGNOSIS
DEN160044:input,DEN160044,input,PHYSIOLOGICAL_SIGNAL
DEN160044:output,DEN160044,output,DETECTION_OR_ALERT
DEN160044:output,DEN160044,output,RISK_SCORE_OR_PREDICTION
DEN160044:user,DEN160044,user,OTHER_CLINICIAN
DEN160044:setting,DEN160044,setting,MONITORING
DEN160044:setting,DEN160044,setting,PROCEDURAL_OR_OPERATING_ROOM
DEN160044:action,DEN160044,action,INTERPRETATION_OR_DIAGNOSIS
DEN160044:action,DEN160044,action,MONITORING_OR_FOLLOW_UP
DEN170022:input,DEN170022,input,MEDICAL_IMAGE
DEN170022:output,DEN170022,output,MEASUREMENT_OR_QUANTIFICATION
DEN170022:output,DEN170022,output,OTHER
DEN170022:user,DEN170022,user,RADIOLOGIST
DEN170022:setting,DEN170022,setting,DIAGNOSTIC_INTERPRETATION
DEN170022:setting,DEN170022,setting,SCREENING
DEN170022:action,DEN170022,action,INTERPRETATION_OR_DIAGNOSIS
DEN170043:input,DEN170043,input,CLINICAL_TABULAR_OR_TEXT
DEN170043:input,DEN170043,input,DEVICE_TELEMETRY_OR_OPERATIONAL
DEN170043:input,DEN170043,input,PHYSIOLOGICAL_SIGNAL
DEN170043:output,DEN170043,output,RECOMMENDATION_OR_PLANNING
DEN170043:user,DEN170043,user,OTHER_CLINICIAN
DEN170043:user,DEN170043,user,OTHER_PHYSICIAN
DEN170043:setting,DEN170043,setting,MONITORING
DEN170043:setting,DEN170043,setting,OTHER
DEN170043:action,DEN170043,action,THERAPY_DOSE_OR_DEVICE_CONTROL
DEN170043:action,DEN170043,action,TREATMENT_OR_PROCEDURE_PLANNING
DEN170073:input,DEN170073,input,MEDICAL_IMAGE
DEN170073:output,DEN170073,output,DETECTION_OR_ALERT
DEN170073:user,DEN170073,user,OTHER_PHYSICIAN
DEN170073:setting,DEN170073,setting,ACUTE_TRIAGE_OR_EMERGENCY
DEN170073:action,DEN170073,action,REFERRAL_OR_ESCALATION
DEN170073:action,DEN170073,action,TRIAGE_OR_PRIORITIZATION
DEN170090:input,DEN170090,input,PHYSIOLOGICAL_SIGNAL
DEN170090:output,DEN170090,output,CONTROL_OR_AUTOMATION
DEN170090:output,DEN170090,output,RECOMMENDATION_OR_PLANNING
DEN170090:user,DEN170090,user,OTHER_CLINICIAN
DEN170090:user,DEN170090,user,PATIENT_OR_CAREGIVER
DEN170090:setting,DEN170090,setting,HOME_OR_CONSUMER
DEN170090:setting,DEN170090,setting,MONITORING
DEN170090:action,DEN170090,action,THERAPY_DOSE_OR_DEVICE_CONTROL
DEN170090:action,DEN170090,action,TREATMENT_OR_PROCEDURE_PLANNING
DEN170091:input,DEN170091,input,PHYSIOLOGICAL_SIGNAL
DEN170091:output,DEN170091,output,CLASSIFICATION_OR_DIAGNOSIS
DEN170091:output,DEN170091,output,MEASUREMENT_OR_QUANTIFICATION
DEN170091:user,DEN170091,user,OTHER_PHYSICIAN
DEN170091:setting,DEN170091,setting,DIAGNOSTIC_INTERPRETATION
DEN170091:action,DEN170091,action,INTERPRETATION_OR_DIAGNOSIS
DEN180001:input,DEN180001,input,MEDICAL_IMAGE
DEN180001:output,DEN180001,output,CLASSIFICATION_OR_DIAGNOSIS
DEN180001:user,DEN180001,user,OTHER_CLINICIAN
DEN180001:setting,DEN180001,setting,SCREENING
DEN180001:action,DEN180001,action,MONITORING_OR_FOLLOW_UP
DEN180001:action,DEN180001,action,REFERRAL_OR_ESCALATION
DEN180005:input,DEN180005,input,MEDICAL_IMAGE
DEN180005:output,DEN180005,output,DETECTION_OR_ALERT
DEN180005:output,DEN180005,output,SEGMENTATION_OR_LOCALIZATION
DEN180005:user,DEN180005,user,OTHER_CLINICIAN
DEN180005:user,DEN180005,user,RADIOLOGIST
DEN180005:setting,DEN180005,setting,ACUTE_TRIAGE_OR_EMERGENCY
DEN180005:setting,DEN180005,setting,DIAGNOSTIC_INTERPRETATION
DEN180005:action,DEN180005,action,INTERPRETATION_OR_DIAGNOSIS
DEN190040:input,DEN190040,input,AUDIO_OR_VIDEO
DEN190040:output,DEN190040,output,CONTROL_OR_AUTOMATION
DEN190040:output,DEN190040,output,OTHER
DEN190040:output,DEN190040,output,RECOMMENDATION_OR_PLANNING
DEN190040:user,DEN190040,user,OTHER_CLINICIAN
DEN190040:user,DEN190040,user,TECHNOLOGIST_OR_OPERATOR
DEN190040:setting,DEN190040,setting,OTHER
DEN190040:action,DEN190040,action,WORKFLOW_OR_DOCUMENTATION
DEN200011:input,DEN200011,input,PHYSIOLOGICAL_SIGNAL
DEN200011:output,DEN200011,output,DETECTION_OR_ALERT
DEN200011:user,DEN200011,user,OTHER_CLINICIAN
DEN200011:user,DEN200011,user,PATIENT_OR_CAREGIVER
DEN200011:setting,DEN200011,setting,HOME_OR_CONSUMER
DEN200011:setting,DEN200011,setting,MONITORING
DEN200011:setting,DEN200011,setting,OTHER
DEN200011:action,DEN200011,action,MONITORING_OR_FOLLOW_UP
DEN200011:action,DEN200011,action,REFERRAL_OR_ESCALATION
DEN200019:input,DEN200019,input,AUDIO_OR_VIDEO
DEN200019:output,DEN200019,output,MEASUREMENT_OR_QUANTIFICATION
DEN200019:user,DEN200019,user,OTHER_CLINICIAN
DEN200019:setting,DEN200019,setting,MONITORING
DEN200019:setting,DEN200019,setting,OTHER
DEN200019:action,DEN200019,action,MONITORING_OR_FOLLOW_UP
DEN200022:input,DEN200022,input,PHYSIOLOGICAL_SIGNAL
DEN200022:output,DEN200022,output,CLASSIFICATION_OR_DIAGNOSIS
DEN200022:user,DEN200022,user,OTHER_CLINICIAN
DEN200022:setting,DEN200022,setting,INPATIENT
DEN200022:setting,DEN200022,setting,MONITORING
DEN200022:action,DEN200022,action,MONITORING_OR_FOLLOW_UP
DEN200030:input,DEN200030,input,OTHER
DEN200030:output,DEN200030,output,OTHER
DEN200030:user,DEN200030,user,OTHER_CLINICIAN
DEN200030:setting,DEN200030,setting,PROCEDURAL_OR_OPERATING_ROOM
DEN200030:action,DEN200030,action,TREATMENT_OR_PROCEDURE_PLANNING
DEN200038:input,DEN200038,input,OTHER
DEN200038:output,DEN200038,output,MEASUREMENT_OR_QUANTIFICATION
DEN200038:user,DEN200038,user,OTHER_CLINICIAN
DEN200038:setting,DEN200038,setting,MONITORING
DEN200038:setting,DEN200038,setting,OTHER
DEN200038:setting,DEN200038,setting,OUTPATIENT
DEN200038:action,DEN200038,action,MONITORING_OR_FOLLOW_UP
DEN200052:input,DEN200052,input,CLINICAL_TABULAR_OR_TEXT
DEN200052:output,DEN200052,output,RISK_SCORE_OR_PREDICTION
DEN200052:user,DEN200052,user,OTHER_PHYSICIAN
DEN200052:setting,DEN200052,setting,LABORATORY
DEN200052:setting,DEN200052,setting,OTHER
DEN200052:action,DEN200052,action,INTERPRETATION_OR_DIAGNOSIS
DEN200055:input,DEN200055,input,AUDIO_OR_VIDEO
DEN200055:output,DEN200055,output,DETECTION_OR_ALERT
DEN200055:output,DEN200055,output,SEGMENTATION_OR_LOCALIZATION
DEN200055:user,DEN200055,user,OTHER_PHYSICIAN
DEN200055:setting,DEN200055,setting,PROCEDURAL_OR_OPERATING_ROOM
DEN200055:setting,DEN200055,setting,SCREENING
DEN200055:action,DEN200055,action,INTERPRETATION_OR_DIAGNOSIS
DEN200069:input,DEN200069,input,CLINICAL_TABULAR_OR_TEXT
DEN200069:output,DEN200069,output,CLASSIFICATION_OR_DIAGNOSIS
DEN200069:user,DEN200069,user,OTHER_CLINICIAN
DEN200069:setting,DEN200069,setting,DIAGNOSTIC_INTERPRETATION
DEN200069:action,DEN200069,action,INTERPRETATION_OR_DIAGNOSIS
DEN200080:input,DEN200080,input,MEDICAL_IMAGE
DEN200080:output,DEN200080,output,CLASSIFICATION_OR_DIAGNOSIS
DEN200080:output,DEN200080,output,DETECTION_OR_ALERT
DEN200080:output,DEN200080,output,SEGMENTATION_OR_LOCALIZATION
DEN200080:user,DEN200080,user,OTHER_PHYSICIAN
DEN200080:setting,DEN200080,setting,DIAGNOSTIC_INTERPRETATION
DEN200080:action,DEN200080,action,INTERPRETATION_OR_DIAGNOSIS
DEN210022:input,DEN210022,input,PHYSIOLOGICAL_SIGNAL
DEN210022:output,DEN210022,output,MEASUREMENT_OR_QUANTIFICATION
DEN210022:user,DEN210022,user,OTHER_CLINICIAN
DEN210022:user,DEN210022,user,OTHER_PHYSICIAN
DEN210022:setting,DEN210022,setting,MONITORING
DEN210022:setting,DEN210022,setting,PROCEDURAL_OR_OPERATING_ROOM
DEN210022:action,DEN210022,action,MONITORING_OR_FOLLOW_UP
DEN210022:action,DEN210022,action,THERAPY_DOSE_OR_DEVICE_CONTROL
DEN210035:input,DEN210035,input,MEDICAL_IMAGE
DEN210035:output,DEN210035,output,SEGMENTATION_OR_LOCALIZATION
DEN210035:user,DEN210035,user,LABORATORY_PROFESSIONAL
DEN210035:user,DEN210035,user,OTHER_PHYSICIAN
DEN210035:setting,DEN210035,setting,SCREENING
DEN210035:action,DEN210035,action,INTERPRETATION_OR_DIAGNOSIS
DEN220024:input,DEN220024,input,MEDICAL_IMAGE
DEN220024:output,DEN220024,output,SEGMENTATION_OR_LOCALIZATION
DEN220024:user,DEN220024,user,OTHER_CLINICIAN
DEN220024:setting,DEN220024,setting,PROCEDURAL_OR_OPERATING_ROOM
DEN220024:action,DEN220024,action,TREATMENT_OR_PROCEDURE_PLANNING
DEN220040:input,DEN220040,input,MEDICAL_IMAGE
DEN220040:output,DEN220040,output,CLASSIFICATION_OR_DIAGNOSIS
DEN220040:user,DEN220040,user,OTHER_CLINICIAN
DEN220040:setting,DEN220040,setting,DIAGNOSTIC_INTERPRETATION
DEN220040:setting,DEN220040,setting,OTHER
DEN220040:action,DEN220040,action,INTERPRETATION_OR_DIAGNOSIS
DEN220040:action,DEN220040,action,REFERRAL_OR_ESCALATION
DEN220063:input,DEN220063,input,AUDIO_OR_VIDEO
DEN220063:output,DEN220063,output,CLASSIFICATION_OR_DIAGNOSIS
DEN220063:output,DEN220063,output,MEASUREMENT_OR_QUANTIFICATION
DEN220063:user,DEN220063,user,OTHER_PHYSICIAN
DEN220063:setting,DEN220063,setting,DIAGNOSTIC_INTERPRETATION
DEN220063:action,DEN220063,action,INTERPRETATION_OR_DIAGNOSIS
DEN220066:input,DEN220066,input,MULTIMODAL
DEN220066:output,DEN220066,output,RISK_SCORE_OR_PREDICTION
DEN220066:user,DEN220066,user,OTHER_CLINICIAN
DEN220066:setting,DEN220066,setting,OTHER
DEN220066:action,DEN220066,action,INTERPRETATION_OR_DIAGNOSIS
DEN220066:action,DEN220066,action,MONITORING_OR_FOLLOW_UP
DEN230003:input,DEN230003,input,PHYSIOLOGICAL_SIGNAL
DEN230003:output,DEN230003,output,DETECTION_OR_ALERT
DEN230003:setting,DEN230003,setting,OTHER
DEN230003:action,DEN230003,action,MONITORING_OR_FOLLOW_UP
DEN230008:input,DEN230008,input,OTHER
DEN230008:output,DEN230008,output,CLASSIFICATION_OR_DIAGNOSIS
DEN230008:output,DEN230008,output,RISK_SCORE_OR_PREDICTION
DEN230008:user,DEN230008,user,OTHER_PHYSICIAN
DEN230008:setting,DEN230008,setting,DIAGNOSTIC_INTERPRETATION
DEN230008:setting,DEN230008,setting,OTHER
DEN230008:action,DEN230008,action,REFERRAL_OR_ESCALATION
DEN230023:input,DEN230023,input,MULTIMODAL
DEN230023:output,DEN230023,output,DETECTION_OR_ALERT
DEN230023:user,DEN230023,user,OTHER_PHYSICIAN
DEN230023:user,DEN230023,user,RADIOLOGIST
DEN230023:setting,DEN230023,setting,SCREENING
DEN230023:action,DEN230023,action,INTERPRETATION_OR_DIAGNOSIS
DEN230023:action,DEN230023,action,REFERRAL_OR_ESCALATION
DEN230027:input,DEN230027,input,AUDIO_OR_VIDEO
DEN230027:output,DEN230027,output,DETECTION_OR_ALERT
DEN230027:output,DEN230027,output,SEGMENTATION_OR_LOCALIZATION
DEN230027:user,DEN230027,user,OTHER_CLINICIAN
DEN230027:setting,DEN230027,setting,DIAGNOSTIC_INTERPRETATION
DEN230027:action,DEN230027,action,INTERPRETATION_OR_DIAGNOSIS
DEN230035:input,DEN230035,input,MEDICAL_IMAGE
DEN230035:input,DEN230035,input,OTHER
DEN230035:output,DEN230035,output,DETECTION_OR_ALERT
DEN230035:user,DEN230035,user,OTHER_CLINICIAN
DEN230035:user,DEN230035,user,PATIENT_OR_CAREGIVER
DEN230035:setting,DEN230035,setting,HOME_OR_CONSUMER
DEN230035:setting,DEN230035,setting,MONITORING
DEN230035:setting,DEN230035,setting,OTHER
DEN230035:action,DEN230035,action,INTERPRETATION_OR_DIAGNOSIS
DEN230035:action,DEN230035,action,MONITORING_OR_FOLLOW_UP
DEN230036:input,DEN230036,input,CLINICAL_TABULAR_OR_TEXT
DEN230036:output,DEN230036,output,RISK_SCORE_OR_PREDICTION
DEN230036:user,DEN230036,user,OTHER_CLINICIAN
DEN230036:setting,DEN230036,setting,ACUTE_TRIAGE_OR_EMERGENCY
DEN230036:setting,DEN230036,setting,INPATIENT
DEN230036:action,DEN230036,action,INTERPRETATION_OR_DIAGNOSIS
DEN230041:input,DEN230041,input,PHYSIOLOGICAL_SIGNAL
DEN230041:output,DEN230041,output,CLASSIFICATION_OR_DIAGNOSIS
DEN230041:output,DEN230041,output,DETECTION_OR_ALERT
DEN230041:user,DEN230041,user,PATIENT_OR_CAREGIVER
DEN230041:setting,DEN230041,setting,HOME_OR_CONSUMER
DEN230041:setting,DEN230041,setting,MONITORING
DEN230041:action,DEN230041,action,REFERRAL_OR_ESCALATION
DEN230043:input,DEN230043,input,MEDICAL_IMAGE
DEN230043:output,DEN230043,output,DETECTION_OR_ALERT
DEN230043:output,DEN230043,output,MEASUREMENT_OR_QUANTIFICATION
DEN230043:output,DEN230043,output,SEGMENTATION_OR_LOCALIZATION
DEN230043:user,DEN230043,user,OTHER_CLINICIAN
DEN230043:setting,DEN230043,setting,HOME_OR_CONSUMER
DEN230043:setting,DEN230043,setting,MONITORING
DEN230043:action,DEN230043,action,MONITORING_OR_FOLLOW_UP
DEN240047:input,DEN240047,input,MEDICAL_IMAGE
DEN240047:output,DEN240047,output,RISK_SCORE_OR_PREDICTION
DEN240047:user,DEN240047,user,OTHER_CLINICIAN
DEN240047:setting,DEN240047,setting,OTHER
DEN240047:setting,DEN240047,setting,SCREENING
DEN240047:action,DEN240047,action,OTHER
DEN240068:input,DEN240068,input,MEDICAL_IMAGE
DEN240068:output,DEN240068,output,RISK_SCORE_OR_PREDICTION
DEN240068:user,DEN240068,user,LABORATORY_PROFESSIONAL
DEN240068:user,DEN240068,user,OTHER_PHYSICIAN
DEN240068:setting,DEN240068,setting,LABORATORY
DEN240068:setting,DEN240068,setting,OTHER
DEN240068:action,DEN240068,action,INTERPRETATION_OR_DIAGNOSIS
DEN250007:input,DEN250007,input,MEDICAL_IMAGE
DEN250007:output,DEN250007,output,RISK_SCORE_OR_PREDICTION
DEN250007:user,DEN250007,user,OTHER_CLINICIAN
DEN250007:setting,DEN250007,setting,OTHER
DEN250007:action,DEN250007,action,INTERPRETATION_OR_DIAGNOSIS
DEN250014:input,DEN250014,input,AUDIO_OR_VIDEO
DEN250014:output,DEN250014,output,DETECTION_OR_ALERT
DEN250014:user,DEN250014,user,OTHER_CLINICIAN
DEN250014:user,DEN250014,user,PATIENT_OR_CAREGIVER
DEN250014:setting,DEN250014,setting,HOME_OR_CONSUMER
DEN250014:setting,DEN250014,setting,OTHER
DEN250014:action,DEN250014,action,REFERRAL_OR_ESCALATION
K003301:input,K003301,input,MEDICAL_IMAGE
K003301:output,K003301,output,CLASSIFICATION_OR_DIAGNOSIS
K003301:user,K003301,user,TECHNOLOGIST_OR_OPERATOR
K003301:setting,K003301,setting,OTHER
K003301:action,K003301,action,INTERPRETATION_OR_DIAGNOSIS
K033840:input,K033840,input,MEDICAL_IMAGE
K033840:output,K033840,output,CLASSIFICATION_OR_DIAGNOSIS
K033840:output,K033840,output,SEGMENTATION_OR_LOCALIZATION
K033840:user,K033840,user,LABORATORY_PROFESSIONAL
K033840:user,K033840,user,TECHNOLOGIST_OR_OPERATOR
K033840:setting,K033840,setting,OTHER
K033840:action,K033840,action,INTERPRETATION_OR_DIAGNOSIS
K043341:input,K043341,input,CLINICAL_TABULAR_OR_TEXT
K043341:output,K043341,output,CLASSIFICATION_OR_DIAGNOSIS
K043341:user,K043341,user,OTHER_PHYSICIAN
K043341:setting,K043341,setting,LABORATORY
K043341:action,K043341,action,INTERPRETATION_OR_DIAGNOSIS
K080595:input,K080595,input,MEDICAL_IMAGE
K080595:output,K080595,output,CLASSIFICATION_OR_DIAGNOSIS
K080595:user,K080595,user,TECHNOLOGIST_OR_OPERATOR
K080595:setting,K080595,setting,LABORATORY
K080595:action,K080595,action,INTERPRETATION_OR_DIAGNOSIS
K080762:input,K080762,input,MEDICAL_IMAGE
K080762:output,K080762,output,MEASUREMENT_OR_QUANTIFICATION
K080762:user,K080762,user,OTHER_PHYSICIAN
K080762:setting,K080762,setting,DIAGNOSTIC_INTERPRETATION
K080762:action,K080762,action,INTERPRETATION_OR_DIAGNOSIS
K080896:input,K080896,input,LAB_SPECIMEN_OR_OMICS
K080896:output,K080896,output,MEASUREMENT_OR_QUANTIFICATION
K080896:user,K080896,user,LABORATORY_PROFESSIONAL
K080896:user,K080896,user,OTHER_CLINICIAN
K080896:setting,K080896,setting,DIAGNOSTIC_INTERPRETATION
K080896:setting,K080896,setting,LABORATORY
K080896:action,K080896,action,INTERPRETATION_OR_DIAGNOSIS
K081140:input,K081140,input,PHYSIOLOGICAL_SIGNAL
K081140:output,K081140,output,DETECTION_OR_ALERT
K081140:output,K081140,output,MEASUREMENT_OR_QUANTIFICATION
K081140:user,K081140,user,OTHER_CLINICIAN
K081140:user,K081140,user,OTHER_PHYSICIAN
K081140:setting,K081140,setting,MONITORING
K081140:setting,K081140,setting,OTHER
K081140:action,K081140,action,MONITORING_OR_FOLLOW_UP
K082483:input,K082483,input,MEDICAL_IMAGE
K082483:output,K082483,output,MEASUREMENT_OR_QUANTIFICATION
K082483:user,K082483,user,RADIOLOGIST
K082483:setting,K082483,setting,OTHER
K082483:action,K082483,action,OTHER
K092116:input,K092116,input,MEDICAL_IMAGE
K092116:output,K092116,output,CLASSIFICATION_OR_DIAGNOSIS
K092116:user,K092116,user,TECHNOLOGIST_OR_OPERATOR
K092116:setting,K092116,setting,OTHER
K092116:action,K092116,action,INTERPRETATION_OR_DIAGNOSIS
K092967:input,K092967,input,LAB_SPECIMEN_OR_OMICS
K092967:output,K092967,output,MEASUREMENT_OR_QUANTIFICATION
K092967:user,K092967,user,OTHER_PHYSICIAN
K092967:setting,K092967,setting,DIAGNOSTIC_INTERPRETATION
K092967:setting,K092967,setting,LABORATORY
K092967:action,K092967,action,INTERPRETATION_OR_DIAGNOSIS
K102778:input,K102778,input,MEDICAL_IMAGE
K102778:output,K102778,output,CLASSIFICATION_OR_DIAGNOSIS
K102778:user,K102778,user,TECHNOLOGIST_OR_OPERATOR
K102778:setting,K102778,setting,OTHER
K102778:action,K102778,action,INTERPRETATION_OR_DIAGNOSIS
K111776:input,K111776,input,MEDICAL_IMAGE
K111776:output,K111776,output,RECONSTRUCTION_OR_ENHANCEMENT
K111776:user,K111776,user,OTHER_PHYSICIAN
K111776:user,K111776,user,RADIOLOGIST
K111776:setting,K111776,setting,DIAGNOSTIC_INTERPRETATION
K111776:action,K111776,action,INTERPRETATION_OR_DIAGNOSIS
K120161:input,K120161,input,MEDICAL_IMAGE
K120161:output,K120161,output,DOCUMENTATION_OR_SUMMARY
K120161:output,K120161,output,MEASUREMENT_OR_QUANTIFICATION
K120161:output,K120161,output,SEGMENTATION_OR_LOCALIZATION
K120161:user,K120161,user,OTHER_CLINICIAN
K120161:setting,K120161,setting,DIAGNOSTIC_INTERPRETATION
K120161:action,K120161,action,INTERPRETATION_OR_DIAGNOSIS
K120161:action,K120161,action,WORKFLOW_OR_DOCUMENTATION
K120489:input,K120489,input,LAB_SPECIMEN_OR_OMICS
K120489:output,K120489,output,MEASUREMENT_OR_QUANTIFICATION
K120489:user,K120489,user,OTHER_PHYSICIAN
K120489:setting,K120489,setting,DIAGNOSTIC_INTERPRETATION
K120489:setting,K120489,setting,OTHER
K120489:action,K120489,action,INTERPRETATION_OR_DIAGNOSIS
K120771:input,K120771,input,LAB_SPECIMEN_OR_OMICS
K120771:output,K120771,output,CLASSIFICATION_OR_DIAGNOSIS
K120771:output,K120771,output,DETECTION_OR_ALERT
K120771:output,K120771,output,MEASUREMENT_OR_QUANTIFICATION
K120771:setting,K120771,setting,LABORATORY
K120771:setting,K120771,setting,SCREENING
K120771:action,K120771,action,INTERPRETATION_OR_DIAGNOSIS
K121617:input,K121617,input,AUDIO_OR_VIDEO
K121617:output,K121617,output,CLASSIFICATION_OR_DIAGNOSIS
K121617:output,K121617,output,DETECTION_OR_ALERT
K121617:user,K121617,user,OTHER_PHYSICIAN
K121617:setting,K121617,setting,DIAGNOSTIC_INTERPRETATION
K121617:setting,K121617,setting,OTHER
K121617:action,K121617,action,INTERPRETATION_OR_DIAGNOSIS
K123526:input,K123526,input,MEDICAL_IMAGE
K123526:output,K123526,output,RECONSTRUCTION_OR_ENHANCEMENT
K123526:user,K123526,user,OTHER_PHYSICIAN
K123526:user,K123526,user,RADIOLOGIST
K123526:user,K123526,user,TECHNOLOGIST_OR_OPERATOR
K123526:setting,K123526,setting,DIAGNOSTIC_INTERPRETATION
K123526:action,K123526,action,INTERPRETATION_OR_DIAGNOSIS
K130831:input,K130831,input,LAB_SPECIMEN_OR_OMICS
K130831:output,K130831,output,CLASSIFICATION_OR_DIAGNOSIS
K130831:output,K130831,output,MEASUREMENT_OR_QUANTIFICATION
K130831:user,K130831,user,LABORATORY_PROFESSIONAL
K130831:setting,K130831,setting,OTHER
K130831:action,K130831,action,INTERPRETATION_OR_DIAGNOSIS
K131044:input,K131044,input,AUDIO_OR_VIDEO
K131044:output,K131044,output,CLASSIFICATION_OR_DIAGNOSIS
K131044:output,K131044,output,DETECTION_OR_ALERT
K131044:user,K131044,user,OTHER_PHYSICIAN
K131044:setting,K131044,setting,DIAGNOSTIC_INTERPRETATION
K131044:setting,K131044,setting,OTHER
K131044:action,K131044,action,INTERPRETATION_OR_DIAGNOSIS
K133259:input,K133259,input,DEVICE_TELEMETRY_OR_OPERATIONAL
K133259:input,K133259,input,MEDICAL_IMAGE
K133259:output,K133259,output,CONTROL_OR_AUTOMATION
K133259:output,K133259,output,RECONSTRUCTION_OR_ENHANCEMENT
K133259:user,K133259,user,OTHER_CLINICIAN
K133259:setting,K133259,setting,ACUTE_TRIAGE_OR_EMERGENCY
K133259:setting,K133259,setting,OTHER
K133259:setting,K133259,setting,PROCEDURAL_OR_OPERATING_ROOM
K133259:action,K133259,action,WORKFLOW_OR_DOCUMENTATION
K133649:input,K133649,input,MEDICAL_IMAGE
K133649:output,K133649,output,MEASUREMENT_OR_QUANTIFICATION
K133649:output,K133649,output,SEGMENTATION_OR_LOCALIZATION
K133649:user,K133649,user,OTHER_CLINICIAN
K133649:setting,K133649,setting,DIAGNOSTIC_INTERPRETATION
K133649:setting,K133649,setting,MONITORING
K133649:action,K133649,action,INTERPRETATION_OR_DIAGNOSIS
K133649:action,K133649,action,MONITORING_OR_FOLLOW_UP
K141069:input,K141069,input,MEDICAL_IMAGE
K141069:output,K141069,output,CLASSIFICATION_OR_DIAGNOSIS
K141069:output,K141069,output,DOCUMENTATION_OR_SUMMARY
K141069:output,K141069,output,MEASUREMENT_OR_QUANTIFICATION
K141069:output,K141069,output,SEGMENTATION_OR_LOCALIZATION
K141069:user,K141069,user,OTHER_PHYSICIAN
K141069:setting,K141069,setting,DIAGNOSTIC_INTERPRETATION
K141069:setting,K141069,setting,MONITORING
K141069:action,K141069,action,INTERPRETATION_OR_DIAGNOSIS
K141069:action,K141069,action,MONITORING_OR_FOLLOW_UP
K141069:action,K141069,action,WORKFLOW_OR_DOCUMENTATION
K141480:input,K141480,input,MEDICAL_IMAGE
K141480:output,K141480,output,DOCUMENTATION_OR_SUMMARY
K141480:output,K141480,output,MEASUREMENT_OR_QUANTIFICATION
K141480:output,K141480,output,RECONSTRUCTION_OR_ENHANCEMENT
K141480:output,K141480,output,SEGMENTATION_OR_LOCALIZATION
K141480:user,K141480,user,OTHER_CLINICIAN
K141480:user,K141480,user,OTHER_PHYSICIAN
K141480:setting,K141480,setting,DIAGNOSTIC_INTERPRETATION
K141480:setting,K141480,setting,MONITORING
K141480:action,K141480,action,INTERPRETATION_OR_DIAGNOSIS
K141480:action,K141480,action,MONITORING_OR_FOLLOW_UP
K141480:action,K141480,action,WORKFLOW_OR_DOCUMENTATION
K142037:input,K142037,input,MEDICAL_IMAGE
K142037:output,K142037,output,CLASSIFICATION_OR_DIAGNOSIS
K142037:output,K142037,output,MEASUREMENT_OR_QUANTIFICATION
K142037:user,K142037,user,RADIOLOGIST
K142037:setting,K142037,setting,OTHER
K142037:action,K142037,action,OTHER
K142037:action,K142037,action,WORKFLOW_OR_DOCUMENTATION
K142512:input,K142512,input,PHYSIOLOGICAL_SIGNAL
K142512:output,K142512,output,MEASUREMENT_OR_QUANTIFICATION
K142512:user,K142512,user,OTHER_CLINICIAN
K142512:setting,K142512,setting,HOME_OR_CONSUMER
K142512:setting,K142512,setting,MONITORING
K142512:setting,K142512,setting,OTHER
K142512:action,K142512,action,MONITORING_OR_FOLLOW_UP
K142918:input,K142918,input,CLINICAL_TABULAR_OR_TEXT
K142918:output,K142918,output,RECOMMENDATION_OR_PLANNING
K142918:user,K142918,user,OTHER_CLINICIAN
K142918:user,K142918,user,OTHER_PHYSICIAN
K142918:setting,K142918,setting,MONITORING
K142918:setting,K142918,setting,OTHER
K142918:action,K142918,action,MONITORING_OR_FOLLOW_UP
K142918:action,K142918,action,THERAPY_DOSE_OR_DEVICE_CONTROL
K143643:input,K143643,input,PHYSIOLOGICAL_SIGNAL
K143643:output,K143643,output,CLASSIFICATION_OR_DIAGNOSIS
K143643:output,K143643,output,MEASUREMENT_OR_QUANTIFICATION
K143643:user,K143643,user,OTHER_CLINICIAN
K143643:user,K143643,user,OTHER_PHYSICIAN
K143643:setting,K143643,setting,DIAGNOSTIC_INTERPRETATION
K143643:setting,K143643,setting,OTHER
K143643:action,K143643,action,INTERPRETATION_OR_DIAGNOSIS
K152733:input,K152733,input,MEDICAL_IMAGE
K152733:output,K152733,output,MEASUREMENT_OR_QUANTIFICATION
K152733:user,K152733,user,OTHER_CLINICIAN
K152733:setting,K152733,setting,DIAGNOSTIC_INTERPRETATION
K152733:action,K152733,action,INTERPRETATION_OR_DIAGNOSIS
K153351:input,K153351,input,MEDICAL_IMAGE
K153351:output,K153351,output,MEASUREMENT_OR_QUANTIFICATION
K153351:output,K153351,output,SEGMENTATION_OR_LOCALIZATION
K153351:user,K153351,user,OTHER_CLINICIAN
K153351:user,K153351,user,RADIOLOGIST
K153351:setting,K153351,setting,DIAGNOSTIC_INTERPRETATION
K153351:action,K153351,action,INTERPRETATION_OR_DIAGNOSIS
K153351:action,K153351,action,WORKFLOW_OR_DOCUMENTATION
K153427:input,K153427,input,MEDICAL_IMAGE
K153427:output,K153427,output,CLASSIFICATION_OR_DIAGNOSIS
K153427:output,K153427,output,MEASUREMENT_OR_QUANTIFICATION
K153427:output,K153427,output,SEGMENTATION_OR_LOCALIZATION
K153427:user,K153427,user,OTHER_CLINICIAN
K153427:user,K153427,user,OTHER_PHYSICIAN
K153427:action,K153427,action,OTHER
K160088:input,K160088,input,AUDIO_OR_VIDEO
K160088:input,K160088,input,MEDICAL_IMAGE
K160088:input,K160088,input,MULTIMODAL
K160088:output,K160088,output,RECONSTRUCTION_OR_ENHANCEMENT
K160088:output,K160088,output,SEGMENTATION_OR_LOCALIZATION
K160088:setting,K160088,setting,PROCEDURAL_OR_OPERATING_ROOM
K160088:action,K160088,action,OTHER
K160338:input,K160338,input,MEDICAL_IMAGE
K160338:output,K160338,output,MEASUREMENT_OR_QUANTIFICATION
K160338:user,K160338,user,OTHER_CLINICIAN
K160338:setting,K160338,setting,MONITORING
K160338:setting,K160338,setting,PROCEDURAL_OR_OPERATING_ROOM
K160338:action,K160338,action,MONITORING_OR_FOLLOW_UP
K161068:input,K161068,input,PHYSIOLOGICAL_SIGNAL
K161068:output,K161068,output,CLASSIFICATION_OR_DIAGNOSIS
K161068:output,K161068,output,MEASUREMENT_OR_QUANTIFICATION
K161068:user,K161068,user,OTHER_CLINICIAN
K161068:setting,K161068,setting,DIAGNOSTIC_INTERPRETATION
K161068:setting,K161068,setting,OTHER
K161068:action,K161068,action,INTERPRETATION_OR_DIAGNOSIS
K161068:action,K161068,action,MONITORING_OR_FOLLOW_UP
K161148:input,K161148,input,MEDICAL_IMAGE
K161148:output,K161148,output,DOCUMENTATION_OR_SUMMARY
K161148:output,K161148,output,MEASUREMENT_OR_QUANTIFICATION
K161148:output,K161148,output,SEGMENTATION_OR_LOCALIZATION
K161148:setting,K161148,setting,MONITORING
K161148:action,K161148,action,MONITORING_OR_FOLLOW_UP
K161148:action,K161148,action,WORKFLOW_OR_DOCUMENTATION
K161201:input,K161201,input,MEDICAL_IMAGE
K161201:output,K161201,output,DETECTION_OR_ALERT
K161201:output,K161201,output,RECONSTRUCTION_OR_ENHANCEMENT
K161201:output,K161201,output,SEGMENTATION_OR_LOCALIZATION
K161201:user,K161201,user,RADIOLOGIST
K161201:setting,K161201,setting,DIAGNOSTIC_INTERPRETATION
K161201:action,K161201,action,INTERPRETATION_OR_DIAGNOSIS
K161322:input,K161322,input,MEDICAL_IMAGE
K161322:output,K161322,output,DOCUMENTATION_OR_SUMMARY
K161322:output,K161322,output,MEASUREMENT_OR_QUANTIFICATION
K161322:output,K161322,output,RECONSTRUCTION_OR_ENHANCEMENT
K161322:output,K161322,output,SEGMENTATION_OR_LOCALIZATION
K161322:user,K161322,user,TECHNOLOGIST_OR_OPERATOR
K161322:setting,K161322,setting,MONITORING
K161322:action,K161322,action,MONITORING_OR_FOLLOW_UP
K161382:input,K161382,input,AUDIO_OR_VIDEO
K161382:output,K161382,output,MEASUREMENT_OR_QUANTIFICATION
K161382:user,K161382,user,OTHER_CLINICIAN
K161382:setting,K161382,setting,DIAGNOSTIC_INTERPRETATION
K161382:action,K161382,action,INTERPRETATION_OR_DIAGNOSIS
K161625:input,K161625,input,MEDICAL_IMAGE
K161625:output,K161625,output,RECONSTRUCTION_OR_ENHANCEMENT
K161625:user,K161625,user,OTHER_PHYSICIAN
K161625:user,K161625,user,RADIOLOGIST
K161625:setting,K161625,setting,DIAGNOSTIC_INTERPRETATION
K161625:action,K161625,action,INTERPRETATION_OR_DIAGNOSIS
K161772:input,K161772,input,MEDICAL_IMAGE
K161772:output,K161772,output,MEASUREMENT_OR_QUANTIFICATION
K161772:user,K161772,user,OTHER_CLINICIAN
K161772:setting,K161772,setting,DIAGNOSTIC_INTERPRETATION
K161772:action,K161772,action,INTERPRETATION_OR_DIAGNOSIS
K161834:input,K161834,input,OTHER
K161834:output,K161834,output,MEASUREMENT_OR_QUANTIFICATION
K161834:user,K161834,user,PATIENT_OR_CAREGIVER
K161834:setting,K161834,setting,HOME_OR_CONSUMER
K161834:setting,K161834,setting,MONITORING
K161834:action,K161834,action,MONITORING_OR_FOLLOW_UP
K161834:action,K161834,action,PATIENT_SELF_MANAGEMENT
K161959:input,K161959,input,MEDICAL_IMAGE
K161959:output,K161959,output,CLASSIFICATION_OR_DIAGNOSIS
K161959:output,K161959,output,DOCUMENTATION_OR_SUMMARY
K161959:user,K161959,user,OTHER_PHYSICIAN
K161959:user,K161959,user,RADIOLOGIST
K161959:setting,K161959,setting,DIAGNOSTIC_INTERPRETATION
K161959:setting,K161959,setting,SCREENING
K161959:action,K161959,action,INTERPRETATION_OR_DIAGNOSIS
K161959:action,K161959,action,WORKFLOW_OR_DOCUMENTATION
K162830:input,K162830,input,MEDICAL_IMAGE
K162830:output,K162830,output,RECONSTRUCTION_OR_ENHANCEMENT
K162830:output,K162830,output,SEGMENTATION_OR_LOCALIZATION
K162830:user,K162830,user,OTHER_PHYSICIAN
K162830:user,K162830,user,RADIOLOGIST
K162830:setting,K162830,setting,PROCEDURAL_OR_OPERATING_ROOM
K162830:action,K162830,action,TREATMENT_OR_PROCEDURE_PLANNING
K162855:input,K162855,input,PHYSIOLOGICAL_SIGNAL
K162855:output,K162855,output,CLASSIFICATION_OR_DIAGNOSIS
K162855:output,K162855,output,DETECTION_OR_ALERT
K162855:output,K162855,output,DOCUMENTATION_OR_SUMMARY
K162855:setting,K162855,setting,MONITORING
K162855:action,K162855,action,MONITORING_OR_FOLLOW_UP
K163013:input,K163013,input,MEDICAL_IMAGE
K163013:output,K163013,output,DOCUMENTATION_OR_SUMMARY
K163013:output,K163013,output,MEASUREMENT_OR_QUANTIFICATION
K163013:output,K163013,output,SEGMENTATION_OR_LOCALIZATION
K163013:user,K163013,user,OTHER_CLINICIAN
K163013:user,K163013,user,RADIOLOGIST
K163013:setting,K163013,setting,DIAGNOSTIC_INTERPRETATION
K163013:setting,K163013,setting,MONITORING
K163013:action,K163013,action,INTERPRETATION_OR_DIAGNOSIS
K163013:action,K163013,action,MONITORING_OR_FOLLOW_UP
K163013:action,K163013,action,WORKFLOW_OR_DOCUMENTATION
K163253:input,K163253,input,MEDICAL_IMAGE
K163253:output,K163253,output,DOCUMENTATION_OR_SUMMARY
K163253:output,K163253,output,MEASUREMENT_OR_QUANTIFICATION
K163253:output,K163253,output,SEGMENTATION_OR_LOCALIZATION
K163253:user,K163253,user,OTHER_CLINICIAN
K163253:user,K163253,user,OTHER_PHYSICIAN
K163253:user,K163253,user,RADIOLOGIST
K163253:setting,K163253,setting,DIAGNOSTIC_INTERPRETATION
K163253:action,K163253,action,INTERPRETATION_OR_DIAGNOSIS
K163339:input,K163339,input,PHYSIOLOGICAL_SIGNAL
K163339:output,K163339,output,MEASUREMENT_OR_QUANTIFICATION
K163339:output,K163339,output,OTHER
K163339:setting,K163339,setting,OTHER
K163339:action,K163339,action,OTHER
K163622:input,K163622,input,AUDIO_OR_VIDEO
K163622:input,K163622,input,MEDICAL_IMAGE
K163622:input,K163622,input,MULTIMODAL
K163622:output,K163622,output,RECONSTRUCTION_OR_ENHANCEMENT
K163622:output,K163622,output,SEGMENTATION_OR_LOCALIZATION
K163622:user,K163622,user,OTHER_PHYSICIAN
K163622:setting,K163622,setting,PROCEDURAL_OR_OPERATING_ROOM
K163622:action,K163622,action,OTHER
K163622:action,K163622,action,TREATMENT_OR_PROCEDURE_PLANNING
K163623:input,K163623,input,MEDICAL_IMAGE
K163623:output,K163623,output,CLASSIFICATION_OR_DIAGNOSIS
K163623:user,K163623,user,RADIOLOGIST
K163623:action,K163623,action,OTHER
K163623:action,K163623,action,WORKFLOW_OR_DOCUMENTATION
K163665:input,K163665,input,PHYSIOLOGICAL_SIGNAL
K163665:output,K163665,output,DETECTION_OR_ALERT
K163665:output,K163665,output,DOCUMENTATION_OR_SUMMARY
K163665:output,K163665,output,MEASUREMENT_OR_QUANTIFICATION
K163665:user,K163665,user,OTHER_CLINICIAN
K163665:setting,K163665,setting,DIAGNOSTIC_INTERPRETATION
K163665:setting,K163665,setting,HOME_OR_CONSUMER
K163665:setting,K163665,setting,OTHER
K163665:action,K163665,action,INTERPRETATION_OR_DIAGNOSIS
K170069:input,K170069,input,AUDIO_OR_VIDEO
K170069:output,K170069,output,CLASSIFICATION_OR_DIAGNOSIS
K170069:output,K170069,output,MEASUREMENT_OR_QUANTIFICATION
K170069:output,K170069,output,OTHER
K170069:action,K170069,action,OTHER
K170250:input,K170250,input,AUDIO_OR_VIDEO
K170250:input,K170250,input,MEDICAL_IMAGE
K170250:input,K170250,input,MULTIMODAL
K170250:output,K170250,output,RECONSTRUCTION_OR_ENHANCEMENT
K170250:output,K170250,output,SEGMENTATION_OR_LOCALIZATION
K170250:user,K170250,user,OTHER_PHYSICIAN
K170250:setting,K170250,setting,OTHER
K170250:setting,K170250,setting,PROCEDURAL_OR_OPERATING_ROOM
K170250:action,K170250,action,OTHER
K170250:action,K170250,action,TREATMENT_OR_PROCEDURE_PLANNING
K170540:input,K170540,input,MEDICAL_IMAGE
K170540:output,K170540,output,CLASSIFICATION_OR_DIAGNOSIS
K170540:output,K170540,output,DOCUMENTATION_OR_SUMMARY
K170540:output,K170540,output,MEASUREMENT_OR_QUANTIFICATION
K170540:user,K170540,user,OTHER_PHYSICIAN
K170540:action,K170540,action,OTHER
K170540:action,K170540,action,WORKFLOW_OR_DOCUMENTATION
K170568:input,K170568,input,PHYSIOLOGICAL_SIGNAL
K170568:output,K170568,output,CLASSIFICATION_OR_DIAGNOSIS
K170568:output,K170568,output,MEASUREMENT_OR_QUANTIFICATION
K170568:output,K170568,output,RISK_SCORE_OR_PREDICTION
K170568:user,K170568,user,OTHER_CLINICIAN
K170568:user,K170568,user,OTHER_PHYSICIAN
K170568:setting,K170568,setting,DIAGNOSTIC_INTERPRETATION
K170568:action,K170568,action,INTERPRETATION_OR_DIAGNOSIS
K170747:input,K170747,input,MEDICAL_IMAGE
K170747:output,K170747,output,RECONSTRUCTION_OR_ENHANCEMENT
K170747:output,K170747,output,SEGMENTATION_OR_LOCALIZATION
K170747:user,K170747,user,OTHER_PHYSICIAN
K170747:setting,K170747,setting,PROCEDURAL_OR_OPERATING_ROOM
K170747:action,K170747,action,OTHER
K170981:input,K170981,input,MEDICAL_IMAGE
K170981:output,K170981,output,DOCUMENTATION_OR_SUMMARY
K170981:output,K170981,output,MEASUREMENT_OR_QUANTIFICATION
K170981:output,K170981,output,SEGMENTATION_OR_LOCALIZATION
K170981:user,K170981,user,OTHER
K170981:user,K170981,user,OTHER_CLINICIAN
K170981:user,K170981,user,OTHER_PHYSICIAN
K170981:user,K170981,user,RADIOLOGIST
K170981:setting,K170981,setting,DIAGNOSTIC_INTERPRETATION
K170981:setting,K170981,setting,OTHER
K170981:action,K170981,action,INTERPRETATION_OR_DIAGNOSIS
K170981:action,K170981,action,WORKFLOW_OR_DOCUMENTATION
K171122:input,K171122,input,MEDICAL_IMAGE
K171122:output,K171122,output,MEASUREMENT_OR_QUANTIFICATION
K171122:output,K171122,output,RECONSTRUCTION_OR_ENHANCEMENT
K171122:setting,K171122,setting,PROCEDURAL_OR_OPERATING_ROOM
K171122:action,K171122,action,TREATMENT_OR_PROCEDURE_PLANNING
K171315:input,K171315,input,MEDICAL_IMAGE
K171315:output,K171315,output,CLASSIFICATION_OR_DIAGNOSIS
K171315:output,K171315,output,MEASUREMENT_OR_QUANTIFICATION
K171315:user,K171315,user,TECHNOLOGIST_OR_OPERATOR
K171315:setting,K171315,setting,DIAGNOSTIC_INTERPRETATION
K171315:setting,K171315,setting,LABORATORY
K171315:action,K171315,action,INTERPRETATION_OR_DIAGNOSIS
K171328:input,K171328,input,MEDICAL_IMAGE
K171328:output,K171328,output,MEASUREMENT_OR_QUANTIFICATION
K171328:output,K171328,output,SEGMENTATION_OR_LOCALIZATION
K171328:user,K171328,user,OTHER_CLINICIAN
K171328:setting,K171328,setting,OTHER
K171328:action,K171328,action,OTHER
K171936:input,K171936,input,PHYSIOLOGICAL_SIGNAL
K171936:output,K171936,output,DOCUMENTATION_OR_SUMMARY
K171936:output,K171936,output,MEASUREMENT_OR_QUANTIFICATION
K171936:user,K171936,user,OTHER_CLINICIAN
K171936:setting,K171936,setting,MONITORING
K171936:setting,K171936,setting,OTHER
K171936:action,K171936,action,INTERPRETATION_OR_DIAGNOSIS
K172122:input,K172122,input,PHYSIOLOGICAL_SIGNAL
K172122:output,K172122,output,MEASUREMENT_OR_QUANTIFICATION
K172122:user,K172122,user,OTHER_CLINICIAN
K172122:setting,K172122,setting,DIAGNOSTIC_INTERPRETATION
K172122:action,K172122,action,INTERPRETATION_OR_DIAGNOSIS
K172356:input,K172356,input,MEDICAL_IMAGE
K172356:output,K172356,output,MEASUREMENT_OR_QUANTIFICATION
K172356:user,K172356,user,OTHER_CLINICIAN
K172356:user,K172356,user,OTHER_PHYSICIAN
K172356:action,K172356,action,OTHER
K172507:input,K172507,input,PHYSIOLOGICAL_SIGNAL
K172507:output,K172507,output,MEASUREMENT_OR_QUANTIFICATION
K172507:user,K172507,user,OTHER_CLINICIAN
K172507:user,K172507,user,OTHER_PHYSICIAN
K172507:setting,K172507,setting,MONITORING
K172507:action,K172507,action,MONITORING_OR_FOLLOW_UP
K172959:input,K172959,input,CLINICAL_TABULAR_OR_TEXT
K172959:output,K172959,output,DETECTION_OR_ALERT
K172959:output,K172959,output,RISK_SCORE_OR_PREDICTION
K172959:user,K172959,user,OTHER_CLINICIAN
K172959:setting,K172959,setting,ACUTE_TRIAGE_OR_EMERGENCY
K172959:setting,K172959,setting,INPATIENT
K172959:setting,K172959,setting,MONITORING
K172959:action,K172959,action,MONITORING_OR_FOLLOW_UP
K172983:input,K172983,input,MEDICAL_IMAGE
K172983:output,K172983,output,CLASSIFICATION_OR_DIAGNOSIS
K172983:output,K172983,output,DOCUMENTATION_OR_SUMMARY
K172983:output,K172983,output,RISK_SCORE_OR_PREDICTION
K172983:user,K172983,user,OTHER_PHYSICIAN
K172983:setting,K172983,setting,DIAGNOSTIC_INTERPRETATION
K172983:action,K172983,action,INTERPRETATION_OR_DIAGNOSIS
K172983:action,K172983,action,OTHER
K173327:input,K173327,input,MEDICAL_IMAGE
K173327:output,K173327,output,DETECTION_OR_ALERT
K173327:output,K173327,output,MEASUREMENT_OR_QUANTIFICATION
K173327:user,K173327,user,OTHER_PHYSICIAN
K173327:setting,K173327,setting,DIAGNOSTIC_INTERPRETATION
K173327:setting,K173327,setting,HOME_OR_CONSUMER
K173327:setting,K173327,setting,MONITORING
K173327:action,K173327,action,INTERPRETATION_OR_DIAGNOSIS
K173327:action,K173327,action,MONITORING_OR_FOLLOW_UP
K173420:input,K173420,input,MEDICAL_IMAGE
K173420:output,K173420,output,SEGMENTATION_OR_LOCALIZATION
K173420:user,K173420,user,OTHER
K173420:user,K173420,user,OTHER_PHYSICIAN
K173420:setting,K173420,setting,OTHER
K173420:setting,K173420,setting,PROCEDURAL_OR_OPERATING_ROOM
K173420:action,K173420,action,TREATMENT_OR_PROCEDURE_PLANNING
K173444:input,K173444,input,MEDICAL_IMAGE
K173444:output,K173444,output,DETECTION_OR_ALERT
K173444:output,K173444,output,MEASUREMENT_OR_QUANTIFICATION
K173444:output,K173444,output,SEGMENTATION_OR_LOCALIZATION
K173444:user,K173444,user,OTHER
K173444:user,K173444,user,OTHER_PHYSICIAN
K173444:user,K173444,user,RADIOLOGIST
K173444:user,K173444,user,TECHNOLOGIST_OR_OPERATOR
K173444:setting,K173444,setting,OTHER
K173444:action,K173444,action,OTHER
K173542:input,K173542,input,MEDICAL_IMAGE
K173542:output,K173542,output,MEASUREMENT_OR_QUANTIFICATION
K173542:output,K173542,output,SEGMENTATION_OR_LOCALIZATION
K173542:user,K173542,user,OTHER_CLINICIAN
K173542:setting,K173542,setting,DIAGNOSTIC_INTERPRETATION
K173542:setting,K173542,setting,MONITORING
K173542:action,K173542,action,INTERPRETATION_OR_DIAGNOSIS
K173542:action,K173542,action,MONITORING_OR_FOLLOW_UP
K173574:input,K173574,input,MEDICAL_IMAGE
K173574:output,K173574,output,CLASSIFICATION_OR_DIAGNOSIS
K173574:user,K173574,user,RADIOLOGIST
K173574:setting,K173574,setting,OTHER
K173574:action,K173574,action,INTERPRETATION_OR_DIAGNOSIS
K173605:input,K173605,input,MEDICAL_IMAGE
K173605:output,K173605,output,RECONSTRUCTION_OR_ENHANCEMENT
K173605:user,K173605,user,OTHER_CLINICIAN
K173780:input,K173780,input,AUDIO_OR_VIDEO
K173780:output,K173780,output,MEASUREMENT_OR_QUANTIFICATION
K173780:user,K173780,user,OTHER_CLINICIAN
K173780:setting,K173780,setting,DIAGNOSTIC_INTERPRETATION
K173780:action,K173780,action,INTERPRETATION_OR_DIAGNOSIS
K173810:input,K173810,input,MEDICAL_IMAGE
K173810:output,K173810,output,MEASUREMENT_OR_QUANTIFICATION
K173810:setting,K173810,setting,DIAGNOSTIC_INTERPRETATION
K173810:action,K173810,action,INTERPRETATION_OR_DIAGNOSIS
K173821:input,K173821,input,MEDICAL_IMAGE
K173821:output,K173821,output,DOCUMENTATION_OR_SUMMARY
K173821:output,K173821,output,MEASUREMENT_OR_QUANTIFICATION
K173821:output,K173821,output,SEGMENTATION_OR_LOCALIZATION
K173821:user,K173821,user,OTHER_PHYSICIAN
K173821:setting,K173821,setting,DIAGNOSTIC_INTERPRETATION
K173821:setting,K173821,setting,MONITORING
K173821:action,K173821,action,INTERPRETATION_OR_DIAGNOSIS
K173821:action,K173821,action,MONITORING_OR_FOLLOW_UP
K173839:input,K173839,input,LAB_SPECIMEN_OR_OMICS
K173839:output,K173839,output,MEASUREMENT_OR_QUANTIFICATION
K173839:user,K173839,user,OTHER_PHYSICIAN
K173839:setting,K173839,setting,DIAGNOSTIC_INTERPRETATION
K173839:setting,K173839,setting,LABORATORY
K173839:action,K173839,action,INTERPRETATION_OR_DIAGNOSIS
K173872:input,K173872,input,PHYSIOLOGICAL_SIGNAL
K173872:output,K173872,output,CLASSIFICATION_OR_DIAGNOSIS
K173872:output,K173872,output,DETECTION_OR_ALERT
K173872:user,K173872,user,OTHER_PHYSICIAN
K173872:user,K173872,user,PATIENT_OR_CAREGIVER
K173872:setting,K173872,setting,MONITORING
K173872:action,K173872,action,MONITORING_OR_FOLLOW_UP
K173939:input,K173939,input,MEDICAL_IMAGE
K173939:output,K173939,output,DETECTION_OR_ALERT
K173939:output,K173939,output,MEASUREMENT_OR_QUANTIFICATION
K173939:output,K173939,output,SEGMENTATION_OR_LOCALIZATION
K173939:user,K173939,user,OTHER_CLINICIAN
K173939:setting,K173939,setting,DIAGNOSTIC_INTERPRETATION
K173939:setting,K173939,setting,MONITORING
K173939:action,K173939,action,INTERPRETATION_OR_DIAGNOSIS
K173939:action,K173939,action,MONITORING_OR_FOLLOW_UP
K173939:action,K173939,action,WORKFLOW_OR_DOCUMENTATION
K180126:input,K180126,input,PHYSIOLOGICAL_SIGNAL
K180126:output,K180126,output,MEASUREMENT_OR_QUANTIFICATION
K180126:user,K180126,user,OTHER_CLINICIAN
K180126:setting,K180126,setting,DIAGNOSTIC_INTERPRETATION
K180126:action,K180126,action,INTERPRETATION_OR_DIAGNOSIS
K180161:input,K180161,input,MEDICAL_IMAGE
K180161:output,K180161,output,MEASUREMENT_OR_QUANTIFICATION
K180161:user,K180161,user,OTHER_PHYSICIAN
K180161:user,K180161,user,TECHNOLOGIST_OR_OPERATOR
K180161:setting,K180161,setting,DIAGNOSTIC_INTERPRETATION
K180161:action,K180161,action,INTERPRETATION_OR_DIAGNOSIS
K180343:input,K180343,input,MEDICAL_IMAGE
K180343:output,K180343,output,MEASUREMENT_OR_QUANTIFICATION
K180343:user,K180343,user,OTHER_CLINICIAN
K180343:user,K180343,user,PATIENT_OR_CAREGIVER
K180343:setting,K180343,setting,HOME_OR_CONSUMER
K180343:setting,K180343,setting,OTHER
K180343:action,K180343,action,INTERPRETATION_OR_DIAGNOSIS
K180432:input,K180432,input,PHYSIOLOGICAL_SIGNAL
K180432:output,K180432,output,CLASSIFICATION_OR_DIAGNOSIS
K180432:output,K180432,output,DOCUMENTATION_OR_SUMMARY
K180432:output,K180432,output,MEASUREMENT_OR_QUANTIFICATION
K180432:user,K180432,user,OTHER_PHYSICIAN
K180432:setting,K180432,setting,DIAGNOSTIC_INTERPRETATION
K180432:action,K180432,action,INTERPRETATION_OR_DIAGNOSIS
K180589:input,K180589,input,MEDICAL_IMAGE
K180589:output,K180589,output,RECONSTRUCTION_OR_ENHANCEMENT
K180589:setting,K180589,setting,PROCEDURAL_OR_OPERATING_ROOM
K180647:input,K180647,input,MEDICAL_IMAGE
K180647:output,K180647,output,DETECTION_OR_ALERT
K180647:user,K180647,user,RADIOLOGIST
K180647:setting,K180647,setting,ACUTE_TRIAGE_OR_EMERGENCY
K180647:action,K180647,action,TRIAGE_OR_PRIORITIZATION
K180867:input,K180867,input,MEDICAL_IMAGE
K180867:output,K180867,output,MEASUREMENT_OR_QUANTIFICATION
K180867:user,K180867,user,OTHER_PHYSICIAN
K180867:setting,K180867,setting,DIAGNOSTIC_INTERPRETATION
K180867:setting,K180867,setting,MONITORING
K180867:action,K180867,action,INTERPRETATION_OR_DIAGNOSIS
K180867:action,K180867,action,MONITORING_OR_FOLLOW_UP
K181247:input,K181247,input,MEDICAL_IMAGE
K181247:output,K181247,output,MEASUREMENT_OR_QUANTIFICATION
K181247:user,K181247,user,OTHER_PHYSICIAN
K181247:setting,K181247,setting,DIAGNOSTIC_INTERPRETATION
K181247:action,K181247,action,INTERPRETATION_OR_DIAGNOSIS
K181288:input,K181288,input,MEDICAL_IMAGE
K181288:output,K181288,output,MEASUREMENT_OR_QUANTIFICATION
K181288:user,K181288,user,OTHER_CLINICIAN
K181288:setting,K181288,setting,LABORATORY
K181288:setting,K181288,setting,OTHER
K181352:input,K181352,input,PHYSIOLOGICAL_SIGNAL
K181352:output,K181352,output,MEASUREMENT_OR_QUANTIFICATION
K181352:user,K181352,user,OTHER_CLINICIAN
K181352:user,K181352,user,PATIENT_OR_CAREGIVER
K181352:setting,K181352,setting,HOME_OR_CONSUMER
K181352:setting,K181352,setting,MONITORING
K181352:action,K181352,action,MONITORING_OR_FOLLOW_UP
K181502:input,K181502,input,PHYSIOLOGICAL_SIGNAL
K181502:output,K181502,output,CLASSIFICATION_OR_DIAGNOSIS
K181502:output,K181502,output,DOCUMENTATION_OR_SUMMARY
K181502:user,K181502,user,TECHNOLOGIST_OR_OPERATOR
K181502:setting,K181502,setting,MONITORING
K181502:action,K181502,action,INTERPRETATION_OR_DIAGNOSIS
K181572:input,K181572,input,MEDICAL_IMAGE
K181572:output,K181572,output,SEGMENTATION_OR_LOCALIZATION
K181572:user,K181572,user,OTHER_CLINICIAN
K181572:setting,K181572,setting,PROCEDURAL_OR_OPERATING_ROOM
K181572:action,K181572,action,TREATMENT_OR_PROCEDURE_PLANNING
K181574:input,K181574,input,MEDICAL_IMAGE
K181574:output,K181574,output,MEASUREMENT_OR_QUANTIFICATION
K181574:user,K181574,user,TECHNOLOGIST_OR_OPERATOR
K181685:input,K181685,input,MEDICAL_IMAGE
K181685:output,K181685,output,OTHER
K181685:user,K181685,user,OTHER_PHYSICIAN
K181685:setting,K181685,setting,OTHER
K181685:action,K181685,action,WORKFLOW_OR_DOCUMENTATION
K181704:input,K181704,input,MEDICAL_IMAGE
K181704:output,K181704,output,DETECTION_OR_ALERT
K181704:output,K181704,output,RISK_SCORE_OR_PREDICTION
K181704:output,K181704,output,SEGMENTATION_OR_LOCALIZATION
K181704:user,K181704,user,RADIOLOGIST
K181704:setting,K181704,setting,SCREENING
K181704:action,K181704,action,INTERPRETATION_OR_DIAGNOSIS
K181771:input,K181771,input,PHYSIOLOGICAL_SIGNAL
K181771:output,K181771,output,MEASUREMENT_OR_QUANTIFICATION
K181771:user,K181771,user,OTHER_CLINICIAN
K181771:user,K181771,user,OTHER_PHYSICIAN
K181771:setting,K181771,setting,DIAGNOSTIC_INTERPRETATION
K181771:setting,K181771,setting,MONITORING
K181771:action,K181771,action,INTERPRETATION_OR_DIAGNOSIS
K181823:input,K181823,input,PHYSIOLOGICAL_SIGNAL
K181823:output,K181823,output,CLASSIFICATION_OR_DIAGNOSIS
K181823:output,K181823,output,MEASUREMENT_OR_QUANTIFICATION
K181823:user,K181823,user,OTHER_PHYSICIAN
K181823:setting,K181823,setting,DIAGNOSTIC_INTERPRETATION
K181823:action,K181823,action,INTERPRETATION_OR_DIAGNOSIS
K181861:input,K181861,input,PHYSIOLOGICAL_SIGNAL
K181861:output,K181861,output,DETECTION_OR_ALERT
K181861:user,K181861,user,OTHER_CLINICIAN
K181861:user,K181861,user,PATIENT_OR_CAREGIVER
K181861:setting,K181861,setting,HOME_OR_CONSUMER
K181861:setting,K181861,setting,MONITORING
K181861:action,K181861,action,MONITORING_OR_FOLLOW_UP
K181861:action,K181861,action,REFERRAL_OR_ESCALATION
K181916:input,K181916,input,CLINICAL_TABULAR_OR_TEXT
K181916:output,K181916,output,RECOMMENDATION_OR_PLANNING
K181916:user,K181916,user,OTHER_CLINICIAN
K181916:user,K181916,user,PATIENT_OR_CAREGIVER
K181916:setting,K181916,setting,OTHER
K181916:action,K181916,action,PATIENT_SELF_MANAGEMENT
K181916:action,K181916,action,THERAPY_DOSE_OR_DEVICE_CONTROL
K181939:input,K181939,input,MEDICAL_IMAGE
K181939:output,K181939,output,DOCUMENTATION_OR_SUMMARY
K181939:output,K181939,output,MEASUREMENT_OR_QUANTIFICATION
K181939:output,K181939,output,SEGMENTATION_OR_LOCALIZATION
K181939:setting,K181939,setting,DIAGNOSTIC_INTERPRETATION
K181939:setting,K181939,setting,MONITORING
K181939:action,K181939,action,INTERPRETATION_OR_DIAGNOSIS
K181939:action,K181939,action,MONITORING_OR_FOLLOW_UP
K181988:input,K181988,input,AUDIO_OR_VIDEO
K181988:output,K181988,output,CLASSIFICATION_OR_DIAGNOSIS
K181988:output,K181988,output,DETECTION_OR_ALERT
K181988:user,K181988,user,OTHER_CLINICIAN
K181988:setting,K181988,setting,DIAGNOSTIC_INTERPRETATION
K181988:action,K181988,action,INTERPRETATION_OR_DIAGNOSIS
K182034:input,K182034,input,MEDICAL_IMAGE
K182034:output,K182034,output,MEASUREMENT_OR_QUANTIFICATION
K182034:output,K182034,output,SEGMENTATION_OR_LOCALIZATION
K182034:user,K182034,user,OTHER_CLINICIAN
K182034:setting,K182034,setting,DIAGNOSTIC_INTERPRETATION
K182034:setting,K182034,setting,MONITORING
K182034:action,K182034,action,INTERPRETATION_OR_DIAGNOSIS
K182034:action,K182034,action,MONITORING_OR_FOLLOW_UP
K182035:input,K182035,input,MEDICAL_IMAGE
K182035:output,K182035,output,MEASUREMENT_OR_QUANTIFICATION
K182035:user,K182035,user,OTHER_CLINICIAN
K182035:setting,K182035,setting,DIAGNOSTIC_INTERPRETATION
K182035:action,K182035,action,INTERPRETATION_OR_DIAGNOSIS
K182112:input,K182112,input,PHYSIOLOGICAL_SIGNAL
K182112:output,K182112,output,CONTROL_OR_AUTOMATION
K182112:user,K182112,user,OTHER_CLINICIAN
K182112:user,K182112,user,PATIENT_OR_CAREGIVER
K182112:setting,K182112,setting,OTHER
K182112:action,K182112,action,THERAPY_DOSE_OR_DEVICE_CONTROL
K182130:input,K182130,input,MEDICAL_IMAGE
K182130:output,K182130,output,MEASUREMENT_OR_QUANTIFICATION
K182130:user,K182130,user,OTHER_PHYSICIAN
K182130:user,K182130,user,TECHNOLOGIST_OR_OPERATOR
K182130:setting,K182130,setting,DIAGNOSTIC_INTERPRETATION
K182130:setting,K182130,setting,PROCEDURAL_OR_OPERATING_ROOM
K182130:action,K182130,action,INTERPRETATION_OR_DIAGNOSIS
K182130:action,K182130,action,TREATMENT_OR_PROCEDURE_PLANNING
K182149:input,K182149,input,MEDICAL_IMAGE
K182149:output,K182149,output,MEASUREMENT_OR_QUANTIFICATION
K182149:user,K182149,user,OTHER_CLINICIAN
K182149:setting,K182149,setting,PROCEDURAL_OR_OPERATING_ROOM
K182149:action,K182149,action,INTERPRETATION_OR_DIAGNOSIS
K182177:input,K182177,input,MEDICAL_IMAGE
K182177:output,K182177,output,DETECTION_OR_ALERT
K182177:user,K182177,user,OTHER_CLINICIAN
K182177:setting,K182177,setting,ACUTE_TRIAGE_OR_EMERGENCY
K182177:action,K182177,action,TRIAGE_OR_PRIORITIZATION
K182181:input,K182181,input,PHYSIOLOGICAL_SIGNAL
K182181:output,K182181,output,DETECTION_OR_ALERT
K182181:output,K182181,output,MEASUREMENT_OR_QUANTIFICATION
K182181:output,K182181,output,OTHER
K182181:user,K182181,user,OTHER_CLINICIAN
K182181:setting,K182181,setting,DIAGNOSTIC_INTERPRETATION
K182181:setting,K182181,setting,MONITORING
K182181:action,K182181,action,INTERPRETATION_OR_DIAGNOSIS
K182181:action,K182181,action,MONITORING_OR_FOLLOW_UP
K182218:input,K182218,input,MEDICAL_IMAGE
K182218:output,K182218,output,DOCUMENTATION_OR_SUMMARY
K182218:output,K182218,output,MEASUREMENT_OR_QUANTIFICATION
K182218:user,K182218,user,RADIOLOGIST
K182218:user,K182218,user,TECHNOLOGIST_OR_OPERATOR
K182218:setting,K182218,setting,DIAGNOSTIC_INTERPRETATION
K182218:action,K182218,action,INTERPRETATION_OR_DIAGNOSIS
K182310:input,K182310,input,MEDICAL_IMAGE
K182310:output,K182310,output,CLASSIFICATION_OR_DIAGNOSIS
K182310:output,K182310,output,MEASUREMENT_OR_QUANTIFICATION
K182310:user,K182310,user,OTHER_CLINICIAN
K182310:setting,K182310,setting,OTHER
K182310:action,K182310,action,INTERPRETATION_OR_DIAGNOSIS
K182336:input,K182336,input,MEDICAL_IMAGE
K182336:output,K182336,output,RECONSTRUCTION_OR_ENHANCEMENT
K182336:user,K182336,user,OTHER_PHYSICIAN
K182336:user,K182336,user,RADIOLOGIST
K182336:setting,K182336,setting,OTHER
K182336:action,K182336,action,WORKFLOW_OR_DOCUMENTATION
K182344:input,K182344,input,PHYSIOLOGICAL_SIGNAL
K182344:output,K182344,output,CLASSIFICATION_OR_DIAGNOSIS
K182344:output,K182344,output,DETECTION_OR_ALERT
K182344:output,K182344,output,MEASUREMENT_OR_QUANTIFICATION
K182344:user,K182344,user,OTHER_CLINICIAN
K182344:user,K182344,user,OTHER_PHYSICIAN
K182344:setting,K182344,setting,DIAGNOSTIC_INTERPRETATION
K182344:action,K182344,action,INTERPRETATION_OR_DIAGNOSIS
K182373:input,K182373,input,MEDICAL_IMAGE
K182373:output,K182373,output,DETECTION_OR_ALERT
K182373:output,K182373,output,OTHER
K182373:output,K182373,output,SEGMENTATION_OR_LOCALIZATION
K182373:user,K182373,user,OTHER_PHYSICIAN
K182373:setting,K182373,setting,DIAGNOSTIC_INTERPRETATION
K182373:action,K182373,action,INTERPRETATION_OR_DIAGNOSIS
K182384:input,K182384,input,MEDICAL_IMAGE
K182384:output,K182384,output,MEASUREMENT_OR_QUANTIFICATION
K182384:user,K182384,user,OTHER_CLINICIAN
K182384:setting,K182384,setting,OTHER
K182384:action,K182384,action,INTERPRETATION_OR_DIAGNOSIS
K182419:output,K182419,output,OTHER
K182419:user,K182419,user,OTHER_PHYSICIAN
K182419:user,K182419,user,RADIOLOGIST
K182419:setting,K182419,setting,DIAGNOSTIC_INTERPRETATION
K182419:action,K182419,action,WORKFLOW_OR_DOCUMENTATION
K182513:input,K182513,input,LAB_SPECIMEN_OR_OMICS
K182513:output,K182513,output,CLASSIFICATION_OR_DIAGNOSIS
K182513:user,K182513,user,LABORATORY_PROFESSIONAL
K182513:setting,K182513,setting,LABORATORY
K182513:action,K182513,action,INTERPRETATION_OR_DIAGNOSIS
K182513:action,K182513,action,REFERRAL_OR_ESCALATION
K182564:input,K182564,input,MEDICAL_IMAGE
K182564:output,K182564,output,MEASUREMENT_OR_QUANTIFICATION
K182564:output,K182564,output,SEGMENTATION_OR_LOCALIZATION
K182564:user,K182564,user,OTHER_CLINICIAN
K182564:setting,K182564,setting,DIAGNOSTIC_INTERPRETATION
K182564:setting,K182564,setting,MONITORING
K182564:action,K182564,action,INTERPRETATION_OR_DIAGNOSIS
K182564:action,K182564,action,MONITORING_OR_FOLLOW_UP
K182564:action,K182564,action,WORKFLOW_OR_DOCUMENTATION
K182616:input,K182616,input,MEDICAL_IMAGE
K182616:output,K182616,output,SEGMENTATION_OR_LOCALIZATION
K182616:user,K182616,user,OTHER_CLINICIAN
K182616:user,K182616,user,OTHER_PHYSICIAN
K182616:setting,K182616,setting,PROCEDURAL_OR_OPERATING_ROOM
K182616:action,K182616,action,INTERPRETATION_OR_DIAGNOSIS
K182798:input,K182798,input,CLINICAL_TABULAR_OR_TEXT
K182798:output,K182798,output,RISK_SCORE_OR_PREDICTION
K182798:user,K182798,user,LABORATORY_PROFESSIONAL
K182798:setting,K182798,setting,OTHER
K182798:action,K182798,action,TREATMENT_OR_PROCEDURE_PLANNING
K182875:input,K182875,input,MEDICAL_IMAGE
K182875:output,K182875,output,DETECTION_OR_ALERT
K182875:user,K182875,user,OTHER_CLINICIAN
K182875:setting,K182875,setting,ACUTE_TRIAGE_OR_EMERGENCY
K182875:action,K182875,action,INTERPRETATION_OR_DIAGNOSIS
K182875:action,K182875,action,TRIAGE_OR_PRIORITIZATION
K182901:input,K182901,input,MEDICAL_IMAGE
K182901:output,K182901,output,RECONSTRUCTION_OR_ENHANCEMENT
K182901:user,K182901,user,OTHER_PHYSICIAN
K182901:action,K182901,action,OTHER
K183012:input,K183012,input,MEDICAL_IMAGE
K183012:output,K183012,output,MEASUREMENT_OR_QUANTIFICATION
K183012:output,K183012,output,SEGMENTATION_OR_LOCALIZATION
K183012:user,K183012,user,OTHER_PHYSICIAN
K183012:setting,K183012,setting,DIAGNOSTIC_INTERPRETATION
K183012:action,K183012,action,INTERPRETATION_OR_DIAGNOSIS
K183019:input,K183019,input,MEDICAL_IMAGE
K183019:output,K183019,output,SEGMENTATION_OR_LOCALIZATION
K183019:user,K183019,user,OTHER_PHYSICIAN
K183019:user,K183019,user,RADIOLOGIST
K183019:setting,K183019,setting,PROCEDURAL_OR_OPERATING_ROOM
K183019:action,K183019,action,TREATMENT_OR_PROCEDURE_PLANNING
K183046:input,K183046,input,MEDICAL_IMAGE
K183046:output,K183046,output,RECONSTRUCTION_OR_ENHANCEMENT
K183046:user,K183046,user,OTHER_PHYSICIAN
K183046:action,K183046,action,OTHER
K183089:input,K183089,input,PHYSIOLOGICAL_SIGNAL
K183089:output,K183089,output,MEASUREMENT_OR_QUANTIFICATION
K183089:user,K183089,user,OTHER_CLINICIAN
K183089:setting,K183089,setting,DIAGNOSTIC_INTERPRETATION
K183089:setting,K183089,setting,MONITORING
K183089:setting,K183089,setting,OTHER
K183089:action,K183089,action,INTERPRETATION_OR_DIAGNOSIS
K183089:action,K183089,action,MONITORING_OR_FOLLOW_UP
K183133:input,K183133,input,MEDICAL_IMAGE
K183133:output,K183133,output,DETECTION_OR_ALERT
K183133:output,K183133,output,DOCUMENTATION_OR_SUMMARY
K183133:output,K183133,output,MEASUREMENT_OR_QUANTIFICATION
K183133:output,K183133,output,SEGMENTATION_OR_LOCALIZATION
K183133:user,K183133,user,OTHER_CLINICIAN
K183133:user,K183133,user,RADIOLOGIST
K183133:user,K183133,user,TECHNOLOGIST_OR_OPERATOR
K183133:setting,K183133,setting,DIAGNOSTIC_INTERPRETATION
K183133:action,K183133,action,INTERPRETATION_OR_DIAGNOSIS
K183133:action,K183133,action,WORKFLOW_OR_DOCUMENTATION
K183182:input,K183182,input,MEDICAL_IMAGE
K183182:output,K183182,output,DETECTION_OR_ALERT
K183182:user,K183182,user,RADIOLOGIST
K183182:user,K183182,user,TECHNOLOGIST_OR_OPERATOR
K183182:setting,K183182,setting,DIAGNOSTIC_INTERPRETATION
K183182:setting,K183182,setting,OTHER
K183182:action,K183182,action,TRIAGE_OR_PRIORITIZATION
K183182:action,K183182,action,WORKFLOW_OR_DOCUMENTATION
K183202:input,K183202,input,MEDICAL_IMAGE
K183202:output,K183202,output,RECONSTRUCTION_OR_ENHANCEMENT
K183202:setting,K183202,setting,OTHER
K183202:action,K183202,action,WORKFLOW_OR_DOCUMENTATION
K183204:input,K183204,input,MEDICAL_IMAGE
K183204:output,K183204,output,SEGMENTATION_OR_LOCALIZATION
K183204:user,K183204,user,OTHER_CLINICIAN
K183204:setting,K183204,setting,DIAGNOSTIC_INTERPRETATION
K183204:action,K183204,action,INTERPRETATION_OR_DIAGNOSIS
K183204:action,K183204,action,WORKFLOW_OR_DOCUMENTATION
K183231:output,K183231,output,CONTROL_OR_AUTOMATION
K183231:setting,K183231,setting,OTHER
K183231:action,K183231,action,WORKFLOW_OR_DOCUMENTATION
K183268:input,K183268,input,MEDICAL_IMAGE
K183268:output,K183268,output,CLASSIFICATION_OR_DIAGNOSIS
K183268:output,K183268,output,DETECTION_OR_ALERT
K183268:output,K183268,output,MEASUREMENT_OR_QUANTIFICATION
K183268:output,K183268,output,SEGMENTATION_OR_LOCALIZATION
K183268:user,K183268,user,OTHER_PHYSICIAN
K183268:user,K183268,user,RADIOLOGIST
K183268:setting,K183268,setting,DIAGNOSTIC_INTERPRETATION
K183268:action,K183268,action,INTERPRETATION_OR_DIAGNOSIS
K183271:input,K183271,input,MEDICAL_IMAGE
K183271:output,K183271,output,MEASUREMENT_OR_QUANTIFICATION
K183271:output,K183271,output,SEGMENTATION_OR_LOCALIZATION
K183271:user,K183271,user,OTHER_PHYSICIAN
K183271:user,K183271,user,RADIOLOGIST
K183271:setting,K183271,setting,DIAGNOSTIC_INTERPRETATION
K183271:action,K183271,action,INTERPRETATION_OR_DIAGNOSIS
K183274:input,K183274,input,MEDICAL_IMAGE
K183274:output,K183274,output,CONTROL_OR_AUTOMATION
K183274:output,K183274,output,MEASUREMENT_OR_QUANTIFICATION
K183274:output,K183274,output,RECONSTRUCTION_OR_ENHANCEMENT
K183274:user,K183274,user,OTHER_CLINICIAN
K183274:user,K183274,user,OTHER_PHYSICIAN
K183274:setting,K183274,setting,DIAGNOSTIC_INTERPRETATION
K183274:setting,K183274,setting,OTHER
K183274:action,K183274,action,INTERPRETATION_OR_DIAGNOSIS
K183274:action,K183274,action,THERAPY_DOSE_OR_DEVICE_CONTROL
K183282:input,K183282,input,PHYSIOLOGICAL_SIGNAL
K183282:output,K183282,output,CLASSIFICATION_OR_DIAGNOSIS
K183282:output,K183282,output,MEASUREMENT_OR_QUANTIFICATION
K183282:user,K183282,user,OTHER_CLINICIAN
K183282:setting,K183282,setting,HOME_OR_CONSUMER
K183282:setting,K183282,setting,MONITORING
K183282:setting,K183282,setting,OTHER
K183282:action,K183282,action,MONITORING_OR_FOLLOW_UP
K183285:input,K183285,input,MEDICAL_IMAGE
K183285:output,K183285,output,DETECTION_OR_ALERT
K183285:user,K183285,user,RADIOLOGIST
K183285:setting,K183285,setting,SCREENING
K183285:action,K183285,action,TRIAGE_OR_PRIORITIZATION
K183322:input,K183322,input,PHYSIOLOGICAL_SIGNAL
K183322:output,K183322,output,DETECTION_OR_ALERT
K183322:output,K183322,output,MEASUREMENT_OR_QUANTIFICATION
K183322:user,K183322,user,OTHER_CLINICIAN
K183322:user,K183322,user,OTHER_PHYSICIAN
K183322:setting,K183322,setting,MONITORING
K183322:setting,K183322,setting,OTHER
K183322:action,K183322,action,MONITORING_OR_FOLLOW_UP
K183460:input,K183460,input,MEDICAL_IMAGE
K183460:output,K183460,output,RECONSTRUCTION_OR_ENHANCEMENT
K183460:user,K183460,user,OTHER_PHYSICIAN
K183460:user,K183460,user,RADIOLOGIST
K183460:setting,K183460,setting,OTHER
K183460:action,K183460,action,WORKFLOW_OR_DOCUMENTATION
K183489:input,K183489,input,MEDICAL_IMAGE
K183489:output,K183489,output,RECONSTRUCTION_OR_ENHANCEMENT
K183489:output,K183489,output,SEGMENTATION_OR_LOCALIZATION
K183489:setting,K183489,setting,DIAGNOSTIC_INTERPRETATION
K183489:setting,K183489,setting,PROCEDURAL_OR_OPERATING_ROOM
K183489:action,K183489,action,INTERPRETATION_OR_DIAGNOSIS
K183489:action,K183489,action,TREATMENT_OR_PROCEDURE_PLANNING
K183593:input,K183593,input,AUDIO_OR_VIDEO
K183593:input,K183593,input,MEDICAL_IMAGE
K183593:input,K183593,input,MULTIMODAL
K183593:output,K183593,output,RECONSTRUCTION_OR_ENHANCEMENT
K183593:output,K183593,output,SEGMENTATION_OR_LOCALIZATION
K183593:user,K183593,user,OTHER_PHYSICIAN
K183593:setting,K183593,setting,PROCEDURAL_OR_OPERATING_ROOM
K183593:action,K183593,action,OTHER
K183593:action,K183593,action,TREATMENT_OR_PROCEDURE_PLANNING
K183646:input,K183646,input,PHYSIOLOGICAL_SIGNAL
K183646:output,K183646,output,MEASUREMENT_OR_QUANTIFICATION
K183646:output,K183646,output,RISK_SCORE_OR_PREDICTION
K183646:user,K183646,user,OTHER_CLINICIAN
K183646:setting,K183646,setting,MONITORING
K183646:setting,K183646,setting,OTHER
K183646:setting,K183646,setting,PROCEDURAL_OR_OPERATING_ROOM
K183646:action,K183646,action,MONITORING_OR_FOLLOW_UP
K183648:input,K183648,input,MEDICAL_IMAGE
K183648:output,K183648,output,DETECTION_OR_ALERT
K183648:output,K183648,output,DOCUMENTATION_OR_SUMMARY
K183648:output,K183648,output,MEASUREMENT_OR_QUANTIFICATION
K183648:user,K183648,user,LABORATORY_PROFESSIONAL
K183648:setting,K183648,setting,DIAGNOSTIC_INTERPRETATION
K183648:setting,K183648,setting,LABORATORY
K183648:setting,K183648,setting,SCREENING
K183648:action,K183648,action,INTERPRETATION_OR_DIAGNOSIS
K183648:action,K183648,action,TRIAGE_OR_PRIORITIZATION
K183704:input,K183704,input,PHYSIOLOGICAL_SIGNAL
K183704:output,K183704,output,DETECTION_OR_ALERT
K183704:output,K183704,output,OTHER
K183704:user,K183704,user,OTHER_CLINICIAN
K183704:setting,K183704,setting,MONITORING
K183704:setting,K183704,setting,OTHER
K183704:action,K183704,action,INTERPRETATION_OR_DIAGNOSIS
K183704:action,K183704,action,MONITORING_OR_FOLLOW_UP
K190017:input,K190017,input,MEDICAL_IMAGE
K190017:output,K190017,output,DOCUMENTATION_OR_SUMMARY
K190017:output,K190017,output,MEASUREMENT_OR_QUANTIFICATION
K190017:output,K190017,output,SEGMENTATION_OR_LOCALIZATION
K190017:user,K190017,user,OTHER_CLINICIAN
K190017:user,K190017,user,OTHER_PHYSICIAN
K190017:user,K190017,user,RADIOLOGIST
K190017:user,K190017,user,TECHNOLOGIST_OR_OPERATOR
K190017:setting,K190017,setting,DIAGNOSTIC_INTERPRETATION
K190017:action,K190017,action,INTERPRETATION_OR_DIAGNOSIS
K190017:action,K190017,action,WORKFLOW_OR_DOCUMENTATION
K190072:input,K190072,input,MEDICAL_IMAGE
K190072:output,K190072,output,DETECTION_OR_ALERT
K190072:user,K190072,user,OTHER_CLINICIAN
K190072:user,K190072,user,RADIOLOGIST
K190072:setting,K190072,setting,DIAGNOSTIC_INTERPRETATION
K190072:setting,K190072,setting,OTHER
K190072:action,K190072,action,TRIAGE_OR_PRIORITIZATION
K190334:input,K190334,input,MEDICAL_IMAGE
K190334:output,K190334,output,MEASUREMENT_OR_QUANTIFICATION
K190334:user,K190334,user,OTHER_CLINICIAN
K190334:setting,K190334,setting,ACUTE_TRIAGE_OR_EMERGENCY
K190334:setting,K190334,setting,MONITORING
K190334:setting,K190334,setting,OTHER
K190334:setting,K190334,setting,OUTPATIENT
K190334:action,K190334,action,MONITORING_OR_FOLLOW_UP
K190362:input,K190362,input,MEDICAL_IMAGE
K190362:output,K190362,output,DETECTION_OR_ALERT
K190362:user,K190362,user,RADIOLOGIST
K190362:setting,K190362,setting,DIAGNOSTIC_INTERPRETATION
K190362:setting,K190362,setting,OTHER
K190362:action,K190362,action,TRIAGE_OR_PRIORITIZATION
K190387:input,K190387,input,MEDICAL_IMAGE
K190387:output,K190387,output,MEASUREMENT_OR_QUANTIFICATION
K190387:output,K190387,output,RECOMMENDATION_OR_PLANNING
K190387:output,K190387,output,SEGMENTATION_OR_LOCALIZATION
K190387:user,K190387,user,OTHER_CLINICIAN
K190387:setting,K190387,setting,PROCEDURAL_OR_OPERATING_ROOM
K190387:action,K190387,action,THERAPY_DOSE_OR_DEVICE_CONTROL
K190387:action,K190387,action,TREATMENT_OR_PROCEDURE_PLANNING
K190424:input,K190424,input,MEDICAL_IMAGE
K190424:output,K190424,output,DETECTION_OR_ALERT
K190424:user,K190424,user,OTHER_CLINICIAN
K190424:user,K190424,user,OTHER_PHYSICIAN
K190424:user,K190424,user,RADIOLOGIST
K190424:setting,K190424,setting,DIAGNOSTIC_INTERPRETATION
K190424:setting,K190424,setting,OTHER
K190424:action,K190424,action,TRIAGE_OR_PRIORITIZATION
K190442:input,K190442,input,MEDICAL_IMAGE
K190442:output,K190442,output,CLASSIFICATION_OR_DIAGNOSIS
K190442:output,K190442,output,DOCUMENTATION_OR_SUMMARY
K190442:output,K190442,output,RISK_SCORE_OR_PREDICTION
K190442:user,K190442,user,OTHER_PHYSICIAN
K190442:setting,K190442,setting,DIAGNOSTIC_INTERPRETATION
K190442:action,K190442,action,INTERPRETATION_OR_DIAGNOSIS
K190442:action,K190442,action,WORKFLOW_OR_DOCUMENTATION
K190529:input,K190529,input,PHYSIOLOGICAL_SIGNAL
K190529:output,K190529,output,MEASUREMENT_OR_QUANTIFICATION
K190529:user,K190529,user,OTHER_CLINICIAN
K190529:setting,K190529,setting,MONITORING
K190529:setting,K190529,setting,OTHER
K190529:action,K190529,action,MONITORING_OR_FOLLOW_UP
K190529:action,K190529,action,OTHER
K190593:input,K190593,input,PHYSIOLOGICAL_SIGNAL
K190593:output,K190593,output,DOCUMENTATION_OR_SUMMARY
K190593:output,K190593,output,OTHER
K190593:user,K190593,user,TECHNOLOGIST_OR_OPERATOR
K190593:setting,K190593,setting,MONITORING
K190593:action,K190593,action,INTERPRETATION_OR_DIAGNOSIS
K190593:action,K190593,action,WORKFLOW_OR_DOCUMENTATION
K190815:input,K190815,input,CLINICAL_TABULAR_OR_TEXT
K190815:input,K190815,input,MULTIMODAL
K190815:input,K190815,input,PHYSIOLOGICAL_SIGNAL
K190815:output,K190815,output,CLASSIFICATION_OR_DIAGNOSIS
K190815:output,K190815,output,MEASUREMENT_OR_QUANTIFICATION
K190815:user,K190815,user,OTHER_CLINICIAN
K190815:setting,K190815,setting,DIAGNOSTIC_INTERPRETATION
K190815:setting,K190815,setting,OTHER
K190815:action,K190815,action,INTERPRETATION_OR_DIAGNOSIS
K190815:action,K190815,action,MONITORING_OR_FOLLOW_UP
K190868:input,K190868,input,MEDICAL_IMAGE
K190868:output,K190868,output,MEASUREMENT_OR_QUANTIFICATION
K190868:output,K190868,output,SEGMENTATION_OR_LOCALIZATION
K190868:user,K190868,user,OTHER_CLINICIAN
K190868:setting,K190868,setting,DIAGNOSTIC_INTERPRETATION
K190868:action,K190868,action,INTERPRETATION_OR_DIAGNOSIS
K190868:action,K190868,action,TREATMENT_OR_PROCEDURE_PLANNING
K190896:input,K190896,input,MEDICAL_IMAGE
K190896:output,K190896,output,DETECTION_OR_ALERT
K190896:user,K190896,user,OTHER_CLINICIAN
K190896:user,K190896,user,RADIOLOGIST
K190896:setting,K190896,setting,DIAGNOSTIC_INTERPRETATION
K190896:setting,K190896,setting,OTHER
K190896:action,K190896,action,TRIAGE_OR_PRIORITIZATION
K190898:input,K190898,input,MEDICAL_IMAGE
K190898:output,K190898,output,CLASSIFICATION_OR_DIAGNOSIS
K190898:output,K190898,output,DETECTION_OR_ALERT
K190898:output,K190898,output,MEASUREMENT_OR_QUANTIFICATION
K190898:setting,K190898,setting,DIAGNOSTIC_INTERPRETATION
K190898:setting,K190898,setting,LABORATORY
K190898:setting,K190898,setting,SCREENING
K190898:action,K190898,action,OTHER
K190925:input,K190925,input,MEDICAL_IMAGE
K190925:input,K190925,input,OTHER
K190925:output,K190925,output,MEASUREMENT_OR_QUANTIFICATION
K190925:output,K190925,output,OTHER
K190925:user,K190925,user,OTHER_CLINICIAN
K190925:setting,K190925,setting,DIAGNOSTIC_INTERPRETATION
K190925:setting,K190925,setting,PROCEDURAL_OR_OPERATING_ROOM
K190925:action,K190925,action,INTERPRETATION_OR_DIAGNOSIS
K190925:action,K190925,action,TREATMENT_OR_PROCEDURE_PLANNING
K191026:input,K191026,input,MEDICAL_IMAGE
K191026:output,K191026,output,OTHER
K191026:output,K191026,output,RECONSTRUCTION_OR_ENHANCEMENT
K191026:output,K191026,output,SEGMENTATION_OR_LOCALIZATION
K191026:user,K191026,user,OTHER_PHYSICIAN
K191026:setting,K191026,setting,PROCEDURAL_OR_OPERATING_ROOM
K191026:action,K191026,action,TREATMENT_OR_PROCEDURE_PLANNING
K191083:input,K191083,input,PHYSIOLOGICAL_SIGNAL
K191083:output,K191083,output,CONTROL_OR_AUTOMATION
K191083:user,K191083,user,OTHER_CLINICIAN
K191083:user,K191083,user,PATIENT_OR_CAREGIVER
K191083:setting,K191083,setting,OTHER
K191083:action,K191083,action,THERAPY_DOSE_OR_DEVICE_CONTROL
K191125:input,K191125,input,MEDICAL_IMAGE
K191125:output,K191125,output,MEASUREMENT_OR_QUANTIFICATION
K191125:output,K191125,output,RECONSTRUCTION_OR_ENHANCEMENT
K191125:user,K191125,user,OTHER_CLINICIAN
K191125:setting,K191125,setting,DIAGNOSTIC_INTERPRETATION
K191125:setting,K191125,setting,OTHER
K191125:action,K191125,action,INTERPRETATION_OR_DIAGNOSIS
K191171:input,K191171,input,MEDICAL_IMAGE
K191171:output,K191171,output,DOCUMENTATION_OR_SUMMARY
K191171:output,K191171,output,MEASUREMENT_OR_QUANTIFICATION
K191171:output,K191171,output,SEGMENTATION_OR_LOCALIZATION
K191171:user,K191171,user,OTHER_CLINICIAN
K191171:user,K191171,user,OTHER_PHYSICIAN
K191171:user,K191171,user,TECHNOLOGIST_OR_OPERATOR
K191171:setting,K191171,setting,DIAGNOSTIC_INTERPRETATION
K191171:action,K191171,action,INTERPRETATION_OR_DIAGNOSIS
K191171:action,K191171,action,WORKFLOW_OR_DOCUMENTATION
K191179:input,K191179,input,PHYSIOLOGICAL_SIGNAL
K191179:output,K191179,output,CONTROL_OR_AUTOMATION
K191179:user,K191179,user,OTHER_CLINICIAN
K191179:user,K191179,user,PATIENT_OR_CAREGIVER
K191179:setting,K191179,setting,HOME_OR_CONSUMER
K191179:setting,K191179,setting,OTHER
K191179:action,K191179,action,THERAPY_DOSE_OR_DEVICE_CONTROL
K191183:input,K191183,input,PHYSIOLOGICAL_SIGNAL
K191183:output,K191183,output,CLASSIFICATION_OR_DIAGNOSIS
K191183:output,K191183,output,MEASUREMENT_OR_QUANTIFICATION
K191183:setting,K191183,setting,DIAGNOSTIC_INTERPRETATION
K191183:action,K191183,action,INTERPRETATION_OR_DIAGNOSIS
K191194:input,K191194,input,MEDICAL_IMAGE
K191194:output,K191194,output,RECONSTRUCTION_OR_ENHANCEMENT
K191194:output,K191194,output,SEGMENTATION_OR_LOCALIZATION
K191194:user,K191194,user,OTHER_CLINICIAN
K191194:user,K191194,user,TECHNOLOGIST_OR_OPERATOR
K191194:setting,K191194,setting,OTHER
K191194:action,K191194,action,WORKFLOW_OR_DOCUMENTATION
K191262:input,K191262,input,MEDICAL_IMAGE
K191262:output,K191262,output,DETECTION_OR_ALERT
K191262:output,K191262,output,MEASUREMENT_OR_QUANTIFICATION
K191262:output,K191262,output,SEGMENTATION_OR_LOCALIZATION
K191262:user,K191262,user,OTHER
K191262:user,K191262,user,OTHER_CLINICIAN
K191262:setting,K191262,setting,DIAGNOSTIC_INTERPRETATION
K191262:setting,K191262,setting,OTHER
K191262:action,K191262,action,INTERPRETATION_OR_DIAGNOSIS
K191278:input,K191278,input,MEDICAL_IMAGE
K191278:output,K191278,output,DOCUMENTATION_OR_SUMMARY
K191278:output,K191278,output,MEASUREMENT_OR_QUANTIFICATION
K191278:output,K191278,output,RECONSTRUCTION_OR_ENHANCEMENT
K191278:output,K191278,output,SEGMENTATION_OR_LOCALIZATION
K191278:user,K191278,user,OTHER_CLINICIAN
K191278:user,K191278,user,OTHER_PHYSICIAN
K191278:user,K191278,user,RADIOLOGIST
K191278:setting,K191278,setting,OTHER
K191278:action,K191278,action,INTERPRETATION_OR_DIAGNOSIS
K191278:action,K191278,action,WORKFLOW_OR_DOCUMENTATION
K191370:input,K191370,input,CLINICAL_TABULAR_OR_TEXT
K191370:input,K191370,input,DEVICE_TELEMETRY_OR_OPERATIONAL
K191370:input,K191370,input,PHYSIOLOGICAL_SIGNAL
K191370:output,K191370,output,DOCUMENTATION_OR_SUMMARY
K191370:output,K191370,output,RECOMMENDATION_OR_PLANNING
K191370:user,K191370,user,OTHER_CLINICIAN
K191370:user,K191370,user,OTHER_PHYSICIAN
K191370:setting,K191370,setting,MONITORING
K191370:action,K191370,action,THERAPY_DOSE_OR_DEVICE_CONTROL
K191370:action,K191370,action,TREATMENT_OR_PROCEDURE_PLANNING
K191493:input,K191493,input,DEVICE_TELEMETRY_OR_OPERATIONAL
K191493:input,K191493,input,OTHER
K191493:output,K191493,output,DOCUMENTATION_OR_SUMMARY
K191493:output,K191493,output,MEASUREMENT_OR_QUANTIFICATION
K191493:output,K191493,output,RECONSTRUCTION_OR_ENHANCEMENT
K191493:setting,K191493,setting,DIAGNOSTIC_INTERPRETATION
K191493:action,K191493,action,INTERPRETATION_OR_DIAGNOSIS
K191550:input,K191550,input,MEDICAL_IMAGE
K191550:output,K191550,output,DOCUMENTATION_OR_SUMMARY
K191550:output,K191550,output,MEASUREMENT_OR_QUANTIFICATION
K191550:output,K191550,output,SEGMENTATION_OR_LOCALIZATION
K191550:user,K191550,user,OTHER_PHYSICIAN
K191550:setting,K191550,setting,DIAGNOSTIC_INTERPRETATION
K191550:setting,K191550,setting,MONITORING
K191550:action,K191550,action,INTERPRETATION_OR_DIAGNOSIS
K191550:action,K191550,action,MONITORING_OR_FOLLOW_UP
K191550:action,K191550,action,WORKFLOW_OR_DOCUMENTATION
K191556:input,K191556,input,MEDICAL_IMAGE
K191556:output,K191556,output,DETECTION_OR_ALERT
K191556:user,K191556,user,OTHER_CLINICIAN
K191556:user,K191556,user,RADIOLOGIST
K191556:setting,K191556,setting,ACUTE_TRIAGE_OR_EMERGENCY
K191556:setting,K191556,setting,OTHER
K191556:action,K191556,action,TRIAGE_OR_PRIORITIZATION
K191585:input,K191585,input,MEDICAL_IMAGE
K191585:output,K191585,output,DOCUMENTATION_OR_SUMMARY
K191585:output,K191585,output,MEASUREMENT_OR_QUANTIFICATION
K191585:output,K191585,output,RECONSTRUCTION_OR_ENHANCEMENT
K191585:output,K191585,output,SEGMENTATION_OR_LOCALIZATION
K191585:user,K191585,user,OTHER_CLINICIAN
K191585:user,K191585,user,OTHER_PHYSICIAN
K191585:user,K191585,user,RADIOLOGIST
K191585:setting,K191585,setting,MONITORING
K191585:setting,K191585,setting,PROCEDURAL_OR_OPERATING_ROOM
K191585:action,K191585,action,MONITORING_OR_FOLLOW_UP
K191585:action,K191585,action,TREATMENT_OR_PROCEDURE_PLANNING
K191647:input,K191647,input,MEDICAL_IMAGE
K191647:output,K191647,output,MEASUREMENT_OR_QUANTIFICATION
K191647:output,K191647,output,SEGMENTATION_OR_LOCALIZATION
K191647:user,K191647,user,OTHER_CLINICIAN
K191647:setting,K191647,setting,OTHER
K191647:action,K191647,action,INTERPRETATION_OR_DIAGNOSIS
K191688:input,K191688,input,MEDICAL_IMAGE
K191688:output,K191688,output,RECONSTRUCTION_OR_ENHANCEMENT
K191688:user,K191688,user,RADIOLOGIST
K191688:setting,K191688,setting,OTHER
K191688:action,K191688,action,WORKFLOW_OR_DOCUMENTATION
K191713:input,K191713,input,AUDIO_OR_VIDEO
K191713:output,K191713,output,CONTROL_OR_AUTOMATION
K191713:output,K191713,output,RECONSTRUCTION_OR_ENHANCEMENT
K191713:user,K191713,user,OTHER_PHYSICIAN
K191713:user,K191713,user,TECHNOLOGIST_OR_OPERATOR
K191713:setting,K191713,setting,PROCEDURAL_OR_OPERATING_ROOM
K191713:action,K191713,action,THERAPY_DOSE_OR_DEVICE_CONTROL
K191713:action,K191713,action,WORKFLOW_OR_DOCUMENTATION
K191928:input,K191928,input,MEDICAL_IMAGE
K191928:output,K191928,output,RECONSTRUCTION_OR_ENHANCEMENT
K191928:output,K191928,output,SEGMENTATION_OR_LOCALIZATION
K191928:setting,K191928,setting,OTHER
K191928:action,K191928,action,MONITORING_OR_FOLLOW_UP
K191928:action,K191928,action,TREATMENT_OR_PROCEDURE_PLANNING
K191994:input,K191994,input,MEDICAL_IMAGE
K191994:output,K191994,output,DETECTION_OR_ALERT
K191994:output,K191994,output,MEASUREMENT_OR_QUANTIFICATION
K191994:output,K191994,output,SEGMENTATION_OR_LOCALIZATION
K191994:user,K191994,user,RADIOLOGIST
K191994:setting,K191994,setting,DIAGNOSTIC_INTERPRETATION
K191994:action,K191994,action,INTERPRETATION_OR_DIAGNOSIS
K192004:input,K192004,input,AUDIO_OR_VIDEO
K192004:input,K192004,input,PHYSIOLOGICAL_SIGNAL
K192004:output,K192004,output,CLASSIFICATION_OR_DIAGNOSIS
K192004:output,K192004,output,DETECTION_OR_ALERT
K192004:output,K192004,output,MEASUREMENT_OR_QUANTIFICATION
K192004:user,K192004,user,OTHER_PHYSICIAN
K192004:setting,K192004,setting,DIAGNOSTIC_INTERPRETATION
K192004:action,K192004,action,INTERPRETATION_OR_DIAGNOSIS
K192051:input,K192051,input,MEDICAL_IMAGE
K192051:output,K192051,output,DOCUMENTATION_OR_SUMMARY
K192051:output,K192051,output,MEASUREMENT_OR_QUANTIFICATION
K192051:output,K192051,output,SEGMENTATION_OR_LOCALIZATION
K192051:user,K192051,user,OTHER_PHYSICIAN
K192051:user,K192051,user,RADIOLOGIST
K192051:setting,K192051,setting,OTHER
K192051:action,K192051,action,WORKFLOW_OR_DOCUMENTATION
K192065:input,K192065,input,MEDICAL_IMAGE
K192065:output,K192065,output,RECOMMENDATION_OR_PLANNING
K192065:output,K192065,output,SEGMENTATION_OR_LOCALIZATION
K192065:user,K192065,user,OTHER_CLINICIAN
K192065:setting,K192065,setting,OTHER
K192065:action,K192065,action,MONITORING_OR_FOLLOW_UP
K192065:action,K192065,action,TREATMENT_OR_PROCEDURE_PLANNING
K192109:input,K192109,input,MEDICAL_IMAGE
K192109:output,K192109,output,CLASSIFICATION_OR_DIAGNOSIS
K192109:output,K192109,output,DOCUMENTATION_OR_SUMMARY
K192109:output,K192109,output,MEASUREMENT_OR_QUANTIFICATION
K192109:user,K192109,user,OTHER_PHYSICIAN
K192109:user,K192109,user,RADIOLOGIST
K192109:user,K192109,user,TECHNOLOGIST_OR_OPERATOR
K192109:setting,K192109,setting,DIAGNOSTIC_INTERPRETATION
K192109:action,K192109,action,INTERPRETATION_OR_DIAGNOSIS
K192130:input,K192130,input,MEDICAL_IMAGE
K192130:output,K192130,output,DOCUMENTATION_OR_SUMMARY
K192130:output,K192130,output,MEASUREMENT_OR_QUANTIFICATION
K192130:output,K192130,output,SEGMENTATION_OR_LOCALIZATION
K192130:setting,K192130,setting,DIAGNOSTIC_INTERPRETATION
K192130:setting,K192130,setting,MONITORING
K192130:action,K192130,action,INTERPRETATION_OR_DIAGNOSIS
K192130:action,K192130,action,MONITORING_OR_FOLLOW_UP
K192130:action,K192130,action,WORKFLOW_OR_DOCUMENTATION
K192167:input,K192167,input,MEDICAL_IMAGE
K192167:output,K192167,output,DETECTION_OR_ALERT
K192167:user,K192167,user,OTHER_CLINICIAN
K192167:user,K192167,user,RADIOLOGIST
K192167:setting,K192167,setting,ACUTE_TRIAGE_OR_EMERGENCY
K192167:action,K192167,action,TRIAGE_OR_PRIORITIZATION
K192279:input,K192279,input,MEDICAL_IMAGE
K192279:output,K192279,output,RECONSTRUCTION_OR_ENHANCEMENT
K192279:user,K192279,user,OTHER_PHYSICIAN
K192279:setting,K192279,setting,PROCEDURAL_OR_OPERATING_ROOM
K192279:action,K192279,action,TREATMENT_OR_PROCEDURE_PLANNING
K192287:input,K192287,input,MEDICAL_IMAGE
K192287:output,K192287,output,DETECTION_OR_ALERT
K192287:output,K192287,output,RISK_SCORE_OR_PREDICTION
K192287:output,K192287,output,SEGMENTATION_OR_LOCALIZATION
K192287:user,K192287,user,OTHER_PHYSICIAN
K192287:user,K192287,user,RADIOLOGIST
K192287:setting,K192287,setting,OTHER
K192287:setting,K192287,setting,SCREENING
K192287:action,K192287,action,INTERPRETATION_OR_DIAGNOSIS
K192304:input,K192304,input,MEDICAL_IMAGE
K192304:output,K192304,output,RECONSTRUCTION_OR_ENHANCEMENT
K192304:output,K192304,output,SEGMENTATION_OR_LOCALIZATION
K192304:user,K192304,user,OTHER_CLINICIAN
K192304:user,K192304,user,OTHER_PHYSICIAN
K192304:user,K192304,user,RADIOLOGIST
K192304:setting,K192304,setting,PROCEDURAL_OR_OPERATING_ROOM
K192304:action,K192304,action,TREATMENT_OR_PROCEDURE_PLANNING
K192320:input,K192320,input,MEDICAL_IMAGE
K192320:output,K192320,output,DETECTION_OR_ALERT
K192320:output,K192320,output,OTHER
K192320:user,K192320,user,RADIOLOGIST
K192320:setting,K192320,setting,ACUTE_TRIAGE_OR_EMERGENCY
K192320:setting,K192320,setting,OTHER
K192320:action,K192320,action,TRIAGE_OR_PRIORITIZATION
K192383:input,K192383,input,MEDICAL_IMAGE
K192383:output,K192383,output,DETECTION_OR_ALERT
K192383:output,K192383,output,OTHER
K192383:user,K192383,user,RADIOLOGIST
K192383:setting,K192383,setting,ACUTE_TRIAGE_OR_EMERGENCY
K192383:setting,K192383,setting,OTHER
K192383:action,K192383,action,REFERRAL_OR_ESCALATION
K192383:action,K192383,action,TRIAGE_OR_PRIORITIZATION
K192415:input,K192415,input,PHYSIOLOGICAL_SIGNAL
K192415:output,K192415,output,DETECTION_OR_ALERT
K192415:output,K192415,output,RECOMMENDATION_OR_PLANNING
K192415:user,K192415,user,OTHER_CLINICIAN
K192415:user,K192415,user,PATIENT_OR_CAREGIVER
K192415:setting,K192415,setting,MONITORING
K192415:setting,K192415,setting,OTHER
K192415:action,K192415,action,MONITORING_OR_FOLLOW_UP
K192415:action,K192415,action,WORKFLOW_OR_DOCUMENTATION
K192437:input,K192437,input,MEDICAL_IMAGE
K192437:output,K192437,output,DOCUMENTATION_OR_SUMMARY
K192437:output,K192437,output,MEASUREMENT_OR_QUANTIFICATION
K192437:user,K192437,user,OTHER_CLINICIAN
K192437:setting,K192437,setting,DIAGNOSTIC_INTERPRETATION
K192437:setting,K192437,setting,MONITORING
K192437:action,K192437,action,INTERPRETATION_OR_DIAGNOSIS
K192437:action,K192437,action,MONITORING_OR_FOLLOW_UP
K192437:action,K192437,action,WORKFLOW_OR_DOCUMENTATION
K192442:input,K192442,input,MEDICAL_IMAGE
K192442:output,K192442,output,MEASUREMENT_OR_QUANTIFICATION
K192442:output,K192442,output,RECONSTRUCTION_OR_ENHANCEMENT
K192442:user,K192442,user,OTHER_CLINICIAN
K192442:user,K192442,user,OTHER_PHYSICIAN
K192442:setting,K192442,setting,PROCEDURAL_OR_OPERATING_ROOM
K192442:action,K192442,action,INTERPRETATION_OR_DIAGNOSIS
K192531:input,K192531,input,MEDICAL_IMAGE
K192531:output,K192531,output,DOCUMENTATION_OR_SUMMARY
K192531:output,K192531,output,MEASUREMENT_OR_QUANTIFICATION
K192531:output,K192531,output,SEGMENTATION_OR_LOCALIZATION
K192531:user,K192531,user,OTHER_CLINICIAN
K192531:user,K192531,user,OTHER_PHYSICIAN
K192531:user,K192531,user,TECHNOLOGIST_OR_OPERATOR
K192531:setting,K192531,setting,DIAGNOSTIC_INTERPRETATION
K192531:setting,K192531,setting,MONITORING
K192531:action,K192531,action,INTERPRETATION_OR_DIAGNOSIS
K192531:action,K192531,action,MONITORING_OR_FOLLOW_UP
K192531:action,K192531,action,WORKFLOW_OR_DOCUMENTATION
K192574:input,K192574,input,MEDICAL_IMAGE
K192574:output,K192574,output,RECONSTRUCTION_OR_ENHANCEMENT
K192574:user,K192574,user,OTHER_PHYSICIAN
K192574:setting,K192574,setting,DIAGNOSTIC_INTERPRETATION
K192574:action,K192574,action,INTERPRETATION_OR_DIAGNOSIS
K192665:input,K192665,input,MEDICAL_IMAGE
K192665:output,K192665,output,CLASSIFICATION_OR_DIAGNOSIS
K192665:output,K192665,output,MEASUREMENT_OR_QUANTIFICATION
K192665:setting,K192665,setting,LABORATORY
K192665:action,K192665,action,INTERPRETATION_OR_DIAGNOSIS
K192763:input,K192763,input,MEDICAL_IMAGE
K192763:output,K192763,output,DETECTION_OR_ALERT
K192763:output,K192763,output,DOCUMENTATION_OR_SUMMARY
K192763:output,K192763,output,MEASUREMENT_OR_QUANTIFICATION
K192763:user,K192763,user,OTHER_PHYSICIAN
K192763:setting,K192763,setting,DIAGNOSTIC_INTERPRETATION
K192763:action,K192763,action,INTERPRETATION_OR_DIAGNOSIS
K192763:action,K192763,action,WORKFLOW_OR_DOCUMENTATION
K192828:input,K192828,input,MEDICAL_IMAGE
K192828:output,K192828,output,RECONSTRUCTION_OR_ENHANCEMENT
K192828:user,K192828,user,OTHER_PHYSICIAN
K192828:setting,K192828,setting,OTHER
K192828:action,K192828,action,WORKFLOW_OR_DOCUMENTATION
K192832:input,K192832,input,MEDICAL_IMAGE
K192832:output,K192832,output,RECONSTRUCTION_OR_ENHANCEMENT
K192832:user,K192832,user,OTHER_PHYSICIAN
K192832:setting,K192832,setting,OTHER
K192832:action,K192832,action,WORKFLOW_OR_DOCUMENTATION
K192854:input,K192854,input,MEDICAL_IMAGE
K192854:output,K192854,output,DETECTION_OR_ALERT
K192854:output,K192854,output,MEASUREMENT_OR_QUANTIFICATION
K192854:output,K192854,output,SEGMENTATION_OR_LOCALIZATION
K192854:user,K192854,user,OTHER_PHYSICIAN
K192854:setting,K192854,setting,SCREENING
K192854:action,K192854,action,INTERPRETATION_OR_DIAGNOSIS
K192880:input,K192880,input,MEDICAL_IMAGE
K192880:output,K192880,output,DETECTION_OR_ALERT
K192880:output,K192880,output,MEASUREMENT_OR_QUANTIFICATION
K192880:output,K192880,output,SEGMENTATION_OR_LOCALIZATION
K192880:user,K192880,user,RADIOLOGIST
K192880:setting,K192880,setting,DIAGNOSTIC_INTERPRETATION
K192880:setting,K192880,setting,OTHER
K192880:action,K192880,action,INTERPRETATION_OR_DIAGNOSIS
K192901:input,K192901,input,MEDICAL_IMAGE
K192901:output,K192901,output,DETECTION_OR_ALERT
K192901:output,K192901,output,OTHER
K192901:user,K192901,user,OTHER_CLINICIAN
K192901:setting,K192901,setting,OTHER
K192901:action,K192901,action,MONITORING_OR_FOLLOW_UP
K192901:action,K192901,action,TRIAGE_OR_PRIORITIZATION
K192945:input,K192945,input,DEVICE_TELEMETRY_OR_OPERATIONAL
K192945:input,K192945,input,MEDICAL_IMAGE
K192945:output,K192945,output,RECONSTRUCTION_OR_ENHANCEMENT
K192945:output,K192945,output,SEGMENTATION_OR_LOCALIZATION
K192945:user,K192945,user,OTHER_PHYSICIAN
K192945:setting,K192945,setting,PROCEDURAL_OR_OPERATING_ROOM
K192945:action,K192945,action,TREATMENT_OR_PROCEDURE_PLANNING
K192956:input,K192956,input,AUDIO_OR_VIDEO
K192956:input,K192956,input,DEVICE_TELEMETRY_OR_OPERATIONAL
K192956:output,K192956,output,CONTROL_OR_AUTOMATION
K192956:output,K192956,output,RECOMMENDATION_OR_PLANNING
K192956:output,K192956,output,SEGMENTATION_OR_LOCALIZATION
K192956:user,K192956,user,TECHNOLOGIST_OR_OPERATOR
K192956:setting,K192956,setting,OTHER
K192956:setting,K192956,setting,OUTPATIENT
K192956:action,K192956,action,THERAPY_DOSE_OR_DEVICE_CONTROL
K192956:action,K192956,action,WORKFLOW_OR_DOCUMENTATION
K192962:input,K192962,input,MEDICAL_IMAGE
K192962:output,K192962,output,DOCUMENTATION_OR_SUMMARY
K192962:output,K192962,output,MEASUREMENT_OR_QUANTIFICATION
K192962:output,K192962,output,SEGMENTATION_OR_LOCALIZATION
K192962:user,K192962,user,OTHER_PHYSICIAN
K192962:user,K192962,user,TECHNOLOGIST_OR_OPERATOR
K192962:setting,K192962,setting,DIAGNOSTIC_INTERPRETATION
K192962:action,K192962,action,INTERPRETATION_OR_DIAGNOSIS
K192962:action,K192962,action,WORKFLOW_OR_DOCUMENTATION
K192969:input,K192969,input,MEDICAL_IMAGE
K192969:output,K192969,output,MEASUREMENT_OR_QUANTIFICATION
K192969:output,K192969,output,SEGMENTATION_OR_LOCALIZATION
K192969:user,K192969,user,RADIOLOGIST
K192969:setting,K192969,setting,DIAGNOSTIC_INTERPRETATION
K192969:action,K192969,action,INTERPRETATION_OR_DIAGNOSIS
K192973:input,K192973,input,MEDICAL_IMAGE
K192973:output,K192973,output,CLASSIFICATION_OR_DIAGNOSIS
K192973:output,K192973,output,DOCUMENTATION_OR_SUMMARY
K192973:user,K192973,user,OTHER_PHYSICIAN
K192973:setting,K192973,setting,OTHER
K192973:action,K192973,action,OTHER
K192973:action,K192973,action,WORKFLOW_OR_DOCUMENTATION
K193073:input,K193073,input,MEDICAL_IMAGE
K193073:output,K193073,output,RECONSTRUCTION_OR_ENHANCEMENT
K193073:setting,K193073,setting,OTHER
K193073:action,K193073,action,WORKFLOW_OR_DOCUMENTATION
K193087:input,K193087,input,MEDICAL_IMAGE
K193087:output,K193087,output,DETECTION_OR_ALERT
K193087:output,K193087,output,OTHER
K193087:user,K193087,user,OTHER_CLINICIAN
K193087:user,K193087,user,OTHER_PHYSICIAN
K193087:user,K193087,user,RADIOLOGIST
K193087:setting,K193087,setting,ACUTE_TRIAGE_OR_EMERGENCY
K193087:setting,K193087,setting,OTHER
K193087:action,K193087,action,TRIAGE_OR_PRIORITIZATION
K193097:input,K193097,input,MEDICAL_IMAGE
K193097:output,K193097,output,RECONSTRUCTION_OR_ENHANCEMENT
K193097:user,K193097,user,OTHER_PHYSICIAN
K193097:setting,K193097,setting,DIAGNOSTIC_INTERPRETATION
K193097:action,K193097,action,INTERPRETATION_OR_DIAGNOSIS
K193109:input,K193109,input,MEDICAL_IMAGE
K193109:output,K193109,output,RECONSTRUCTION_OR_ENHANCEMENT
K193109:user,K193109,user,TECHNOLOGIST_OR_OPERATOR
K193109:setting,K193109,setting,OTHER
K193109:action,K193109,action,TREATMENT_OR_PROCEDURE_PLANNING
K193170:input,K193170,input,MEDICAL_IMAGE
K193170:output,K193170,output,RECONSTRUCTION_OR_ENHANCEMENT
K193170:setting,K193170,setting,OTHER
K193170:action,K193170,action,WORKFLOW_OR_DOCUMENTATION
K193176:input,K193176,input,MEDICAL_IMAGE
K193176:output,K193176,output,RECONSTRUCTION_OR_ENHANCEMENT
K193176:user,K193176,user,OTHER_PHYSICIAN
K193176:setting,K193176,setting,DIAGNOSTIC_INTERPRETATION
K193176:action,K193176,action,INTERPRETATION_OR_DIAGNOSIS
K193178:input,K193178,input,MEDICAL_IMAGE
K193178:output,K193178,output,MEASUREMENT_OR_QUANTIFICATION
K193178:output,K193178,output,RECOMMENDATION_OR_PLANNING
K193178:output,K193178,output,RECONSTRUCTION_OR_ENHANCEMENT
K193178:user,K193178,user,OTHER_CLINICIAN
K193178:setting,K193178,setting,OTHER
K193178:action,K193178,action,WORKFLOW_OR_DOCUMENTATION
K193210:input,K193210,input,MEDICAL_IMAGE
K193210:output,K193210,output,RECONSTRUCTION_OR_ENHANCEMENT
K193210:user,K193210,user,OTHER_PHYSICIAN
K193210:user,K193210,user,RADIOLOGIST
K193210:setting,K193210,setting,OTHER
K193210:action,K193210,action,WORKFLOW_OR_DOCUMENTATION
K193216:input,K193216,input,MEDICAL_IMAGE
K193216:output,K193216,output,DETECTION_OR_ALERT
K193216:output,K193216,output,SEGMENTATION_OR_LOCALIZATION
K193216:user,K193216,user,RADIOLOGIST
K193216:setting,K193216,setting,DIAGNOSTIC_INTERPRETATION
K193216:action,K193216,action,INTERPRETATION_OR_DIAGNOSIS
K193220:input,K193220,input,CLINICAL_TABULAR_OR_TEXT
K193220:input,K193220,input,MEDICAL_IMAGE
K193220:output,K193220,output,CLASSIFICATION_OR_DIAGNOSIS
K193220:output,K193220,output,DOCUMENTATION_OR_SUMMARY
K193220:output,K193220,output,MEASUREMENT_OR_QUANTIFICATION
K193220:output,K193220,output,RISK_SCORE_OR_PREDICTION
K193220:output,K193220,output,SEGMENTATION_OR_LOCALIZATION
K193220:setting,K193220,setting,DIAGNOSTIC_INTERPRETATION
K193220:setting,K193220,setting,MONITORING
K193220:setting,K193220,setting,SCREENING
K193220:action,K193220,action,INTERPRETATION_OR_DIAGNOSIS
K193220:action,K193220,action,MONITORING_OR_FOLLOW_UP
K193220:action,K193220,action,WORKFLOW_OR_DOCUMENTATION
K193229:input,K193229,input,MEDICAL_IMAGE
K193229:output,K193229,output,DETECTION_OR_ALERT
K193229:output,K193229,output,RISK_SCORE_OR_PREDICTION
K193229:output,K193229,output,SEGMENTATION_OR_LOCALIZATION
K193229:user,K193229,user,OTHER_PHYSICIAN
K193229:setting,K193229,setting,OTHER
K193229:setting,K193229,setting,SCREENING
K193229:action,K193229,action,INTERPRETATION_OR_DIAGNOSIS
K193248:output,K193248,output,RECOMMENDATION_OR_PLANNING
K193248:user,K193248,user,OTHER_CLINICIAN
K193248:setting,K193248,setting,OTHER
K193248:action,K193248,action,WORKFLOW_OR_DOCUMENTATION
K193252:input,K193252,input,MEDICAL_IMAGE
K193252:output,K193252,output,SEGMENTATION_OR_LOCALIZATION
K193252:user,K193252,user,OTHER_CLINICIAN
K193252:setting,K193252,setting,MONITORING
K193252:setting,K193252,setting,OTHER
K193252:action,K193252,action,MONITORING_OR_FOLLOW_UP
K193252:action,K193252,action,TREATMENT_OR_PROCEDURE_PLANNING
K193252:action,K193252,action,WORKFLOW_OR_DOCUMENTATION
K193267:input,K193267,input,MEDICAL_IMAGE
K193267:output,K193267,output,DETECTION_OR_ALERT
K193267:output,K193267,output,MEASUREMENT_OR_QUANTIFICATION
K193267:output,K193267,output,SEGMENTATION_OR_LOCALIZATION
K193267:user,K193267,user,OTHER_PHYSICIAN
K193267:user,K193267,user,RADIOLOGIST
K193267:setting,K193267,setting,ACUTE_TRIAGE_OR_EMERGENCY
K193267:setting,K193267,setting,DIAGNOSTIC_INTERPRETATION
K193267:setting,K193267,setting,OTHER
K193267:action,K193267,action,INTERPRETATION_OR_DIAGNOSIS
K193271:input,K193271,input,MEDICAL_IMAGE
K193271:output,K193271,output,DETECTION_OR_ALERT
K193271:output,K193271,output,OTHER
K193271:user,K193271,user,RADIOLOGIST
K193271:setting,K193271,setting,ACUTE_TRIAGE_OR_EMERGENCY
K193271:setting,K193271,setting,OTHER
K193271:action,K193271,action,TRIAGE_OR_PRIORITIZATION
K193281:input,K193281,input,MEDICAL_IMAGE
K193281:output,K193281,output,MEASUREMENT_OR_QUANTIFICATION
K193281:output,K193281,output,SEGMENTATION_OR_LOCALIZATION
K193281:user,K193281,user,OTHER_CLINICIAN
K193281:setting,K193281,setting,DIAGNOSTIC_INTERPRETATION
K193281:setting,K193281,setting,MONITORING
K193281:action,K193281,action,INTERPRETATION_OR_DIAGNOSIS
K193281:action,K193281,action,MONITORING_OR_FOLLOW_UP
K193281:action,K193281,action,WORKFLOW_OR_DOCUMENTATION
K193282:input,K193282,input,MEDICAL_IMAGE
K193282:output,K193282,output,RECONSTRUCTION_OR_ENHANCEMENT
K193282:user,K193282,user,OTHER_PHYSICIAN
K193282:user,K193282,user,TECHNOLOGIST_OR_OPERATOR
K193282:setting,K193282,setting,DIAGNOSTIC_INTERPRETATION
K193282:action,K193282,action,INTERPRETATION_OR_DIAGNOSIS
K193282:action,K193282,action,WORKFLOW_OR_DOCUMENTATION
K193283:input,K193283,input,MEDICAL_IMAGE
K193283:output,K193283,output,DOCUMENTATION_OR_SUMMARY
K193283:output,K193283,output,MEASUREMENT_OR_QUANTIFICATION
K193283:output,K193283,output,SEGMENTATION_OR_LOCALIZATION
K193283:user,K193283,user,OTHER_PHYSICIAN
K193283:user,K193283,user,RADIOLOGIST
K193283:setting,K193283,setting,OTHER
K193283:action,K193283,action,TREATMENT_OR_PROCEDURE_PLANNING
K193283:action,K193283,action,WORKFLOW_OR_DOCUMENTATION
K193287:input,K193287,input,MEDICAL_IMAGE
K193287:output,K193287,output,DOCUMENTATION_OR_SUMMARY
K193287:output,K193287,output,MEASUREMENT_OR_QUANTIFICATION
K193287:output,K193287,output,SEGMENTATION_OR_LOCALIZATION
K193287:user,K193287,user,OTHER
K193287:user,K193287,user,OTHER_PHYSICIAN
K193287:user,K193287,user,RADIOLOGIST
K193287:setting,K193287,setting,DIAGNOSTIC_INTERPRETATION
K193287:setting,K193287,setting,OTHER
K193287:action,K193287,action,INTERPRETATION_OR_DIAGNOSIS
K193287:action,K193287,action,WORKFLOW_OR_DOCUMENTATION
K193289:input,K193289,input,MEDICAL_IMAGE
K193289:output,K193289,output,DOCUMENTATION_OR_SUMMARY
K193289:output,K193289,output,MEASUREMENT_OR_QUANTIFICATION
K193289:output,K193289,output,SEGMENTATION_OR_LOCALIZATION
K193289:setting,K193289,setting,DIAGNOSTIC_INTERPRETATION
K193289:setting,K193289,setting,OTHER
K193289:action,K193289,action,INTERPRETATION_OR_DIAGNOSIS
K193289:action,K193289,action,WORKFLOW_OR_DOCUMENTATION
K193290:input,K193290,input,MEDICAL_IMAGE
K193290:output,K193290,output,DOCUMENTATION_OR_SUMMARY
K193290:output,K193290,output,MEASUREMENT_OR_QUANTIFICATION
K193290:output,K193290,output,SEGMENTATION_OR_LOCALIZATION
K193290:user,K193290,user,OTHER_CLINICIAN
K193290:user,K193290,user,RADIOLOGIST
K193290:setting,K193290,setting,DIAGNOSTIC_INTERPRETATION
K193290:action,K193290,action,INTERPRETATION_OR_DIAGNOSIS
K193290:action,K193290,action,WORKFLOW_OR_DOCUMENTATION
K193298:input,K193298,input,MEDICAL_IMAGE
K193298:output,K193298,output,DETECTION_OR_ALERT
K193298:output,K193298,output,OTHER
K193298:user,K193298,user,RADIOLOGIST
K193298:setting,K193298,setting,ACUTE_TRIAGE_OR_EMERGENCY
K193298:setting,K193298,setting,OTHER
K193298:action,K193298,action,TRIAGE_OR_PRIORITIZATION
K193300:input,K193300,input,MEDICAL_IMAGE
K193300:output,K193300,output,DETECTION_OR_ALERT
K193300:user,K193300,user,RADIOLOGIST
K193300:setting,K193300,setting,ACUTE_TRIAGE_OR_EMERGENCY
K193300:setting,K193300,setting,OTHER
K193300:action,K193300,action,TRIAGE_OR_PRIORITIZATION
K193306:input,K193306,input,MEDICAL_IMAGE
K193306:output,K193306,output,DOCUMENTATION_OR_SUMMARY
K193306:output,K193306,output,MEASUREMENT_OR_QUANTIFICATION
K193306:output,K193306,output,SEGMENTATION_OR_LOCALIZATION
K193306:user,K193306,user,OTHER_CLINICIAN
K193306:user,K193306,user,OTHER_PHYSICIAN
K193306:user,K193306,user,RADIOLOGIST
K193306:setting,K193306,setting,DIAGNOSTIC_INTERPRETATION
K193306:action,K193306,action,INTERPRETATION_OR_DIAGNOSIS
K193306:action,K193306,action,TREATMENT_OR_PROCEDURE_PLANNING
K193306:action,K193306,action,WORKFLOW_OR_DOCUMENTATION
K193351:input,K193351,input,MEDICAL_IMAGE
K193351:output,K193351,output,DETECTION_OR_ALERT
K193351:output,K193351,output,OTHER
K193351:user,K193351,user,OTHER_CLINICIAN
K193351:user,K193351,user,RADIOLOGIST
K193351:setting,K193351,setting,ACUTE_TRIAGE_OR_EMERGENCY
K193351:setting,K193351,setting,OTHER
K193351:action,K193351,action,TRIAGE_OR_PRIORITIZATION
K193417:input,K193417,input,MEDICAL_IMAGE
K193417:output,K193417,output,DETECTION_OR_ALERT
K193417:output,K193417,output,SEGMENTATION_OR_LOCALIZATION
K193417:user,K193417,user,OTHER_CLINICIAN
K193417:setting,K193417,setting,DIAGNOSTIC_INTERPRETATION
K193417:setting,K193417,setting,OTHER
K193417:action,K193417,action,INTERPRETATION_OR_DIAGNOSIS
K193562:input,K193562,input,MEDICAL_IMAGE
K193562:output,K193562,output,SEGMENTATION_OR_LOCALIZATION
K193562:user,K193562,user,OTHER_CLINICIAN
K193562:setting,K193562,setting,OTHER
K193562:action,K193562,action,TREATMENT_OR_PROCEDURE_PLANNING
K193631:input,K193631,input,AUDIO_OR_VIDEO
K193631:output,K193631,output,DOCUMENTATION_OR_SUMMARY
K193631:output,K193631,output,MEASUREMENT_OR_QUANTIFICATION
K193631:user,K193631,user,OTHER_CLINICIAN
K193631:setting,K193631,setting,DIAGNOSTIC_INTERPRETATION
K193631:setting,K193631,setting,MONITORING
K193631:setting,K193631,setting,SCREENING
K193631:action,K193631,action,INTERPRETATION_OR_DIAGNOSIS
K193631:action,K193631,action,MONITORING_OR_FOLLOW_UP
K193631:action,K193631,action,WORKFLOW_OR_DOCUMENTATION
K193658:input,K193658,input,MEDICAL_IMAGE
K193658:output,K193658,output,DETECTION_OR_ALERT
K193658:output,K193658,output,OTHER
K193658:user,K193658,user,OTHER_CLINICIAN
K193658:user,K193658,user,OTHER_PHYSICIAN
K193658:setting,K193658,setting,ACUTE_TRIAGE_OR_EMERGENCY
K193658:setting,K193658,setting,OTHER
K193658:action,K193658,action,TRIAGE_OR_PRIORITIZATION
K200036:input,K200036,input,PHYSIOLOGICAL_SIGNAL
K200036:output,K200036,output,CLASSIFICATION_OR_DIAGNOSIS
K200036:output,K200036,output,DOCUMENTATION_OR_SUMMARY
K200036:output,K200036,output,MEASUREMENT_OR_QUANTIFICATION
K200036:user,K200036,user,OTHER_CLINICIAN
K200036:user,K200036,user,OTHER_PHYSICIAN
K200036:setting,K200036,setting,DIAGNOSTIC_INTERPRETATION
K200036:setting,K200036,setting,OTHER
K200036:action,K200036,action,INTERPRETATION_OR_DIAGNOSIS
K200036:action,K200036,action,WORKFLOW_OR_DOCUMENTATION
K200232:input,K200232,input,MEDICAL_IMAGE
K200232:output,K200232,output,MEASUREMENT_OR_QUANTIFICATION
K200232:output,K200232,output,SEGMENTATION_OR_LOCALIZATION
K200232:user,K200232,user,TECHNOLOGIST_OR_OPERATOR
K200232:setting,K200232,setting,DIAGNOSTIC_INTERPRETATION
K200232:action,K200232,action,INTERPRETATION_OR_DIAGNOSIS
K200323:input,K200323,input,MEDICAL_IMAGE
K200323:output,K200323,output,SEGMENTATION_OR_LOCALIZATION
K200323:user,K200323,user,OTHER_CLINICIAN
K200323:setting,K200323,setting,OTHER
K200323:action,K200323,action,TREATMENT_OR_PROCEDURE_PLANNING
K200356:input,K200356,input,MEDICAL_IMAGE
K200356:output,K200356,output,CLASSIFICATION_OR_DIAGNOSIS
K200356:output,K200356,output,DOCUMENTATION_OR_SUMMARY
K200356:output,K200356,output,MEASUREMENT_OR_QUANTIFICATION
K200356:output,K200356,output,SEGMENTATION_OR_LOCALIZATION
K200356:user,K200356,user,OTHER_CLINICIAN
K200356:user,K200356,user,RADIOLOGIST
K200356:setting,K200356,setting,DIAGNOSTIC_INTERPRETATION
K200356:action,K200356,action,INTERPRETATION_OR_DIAGNOSIS
K200356:action,K200356,action,WORKFLOW_OR_DOCUMENTATION
K200497:input,K200497,input,MEDICAL_IMAGE
K200497:output,K200497,output,CLASSIFICATION_OR_DIAGNOSIS
K200497:output,K200497,output,CONTROL_OR_AUTOMATION
K200497:output,K200497,output,MEASUREMENT_OR_QUANTIFICATION
K200497:user,K200497,user,OTHER_PHYSICIAN
K200497:setting,K200497,setting,DIAGNOSTIC_INTERPRETATION
K200497:setting,K200497,setting,OTHER
K200497:setting,K200497,setting,PROCEDURAL_OR_OPERATING_ROOM
K200497:action,K200497,action,INTERPRETATION_OR_DIAGNOSIS
K200497:action,K200497,action,WORKFLOW_OR_DOCUMENTATION
K200569:input,K200569,input,MEDICAL_IMAGE
K200569:output,K200569,output,RECOMMENDATION_OR_PLANNING
K200569:output,K200569,output,SEGMENTATION_OR_LOCALIZATION
K200569:user,K200569,user,OTHER_CLINICIAN
K200569:setting,K200569,setting,OTHER
K200569:action,K200569,action,TREATMENT_OR_PROCEDURE_PLANNING
K200595:input,K200595,input,MEDICAL_IMAGE
K200595:output,K200595,output,CLASSIFICATION_OR_DIAGNOSIS
K200595:output,K200595,output,MEASUREMENT_OR_QUANTIFICATION
K200595:user,K200595,user,LABORATORY_PROFESSIONAL
K200595:user,K200595,user,TECHNOLOGIST_OR_OPERATOR
K200595:setting,K200595,setting,LABORATORY
K200595:action,K200595,action,INTERPRETATION_OR_DIAGNOSIS
K200621:input,K200621,input,MEDICAL_IMAGE
K200621:output,K200621,output,MEASUREMENT_OR_QUANTIFICATION
K200621:user,K200621,user,OTHER_CLINICIAN
K200621:setting,K200621,setting,DIAGNOSTIC_INTERPRETATION
K200621:action,K200621,action,INTERPRETATION_OR_DIAGNOSIS
K200667:input,K200667,input,MEDICAL_IMAGE
K200667:output,K200667,output,CLASSIFICATION_OR_DIAGNOSIS
K200667:user,K200667,user,OTHER_CLINICIAN
K200667:user,K200667,user,TECHNOLOGIST_OR_OPERATOR
K200667:setting,K200667,setting,DIAGNOSTIC_INTERPRETATION
K200667:setting,K200667,setting,OTHER
K200667:action,K200667,action,INTERPRETATION_OR_DIAGNOSIS
K200708:input,K200708,input,MEDICAL_IMAGE
K200708:output,K200708,output,CLASSIFICATION_OR_DIAGNOSIS
K200708:output,K200708,output,CONTROL_OR_AUTOMATION
K200708:output,K200708,output,MEASUREMENT_OR_QUANTIFICATION
K200708:user,K200708,user,OTHER_CLINICIAN
K200708:setting,K200708,setting,DIAGNOSTIC_INTERPRETATION
K200708:setting,K200708,setting,OTHER
K200708:setting,K200708,setting,PROCEDURAL_OR_OPERATING_ROOM
K200708:action,K200708,action,INTERPRETATION_OR_DIAGNOSIS
K200708:action,K200708,action,WORKFLOW_OR_DOCUMENTATION
K200714:input,K200714,input,CLINICAL_TABULAR_OR_TEXT
K200714:input,K200714,input,MEDICAL_IMAGE
K200714:output,K200714,output,CLASSIFICATION_OR_DIAGNOSIS
K200714:output,K200714,output,DOCUMENTATION_OR_SUMMARY
K200714:output,K200714,output,MEASUREMENT_OR_QUANTIFICATION
K200714:output,K200714,output,RISK_SCORE_OR_PREDICTION
K200714:output,K200714,output,SEGMENTATION_OR_LOCALIZATION
K200714:user,K200714,user,OTHER_PHYSICIAN
K200714:setting,K200714,setting,DIAGNOSTIC_INTERPRETATION
K200714:setting,K200714,setting,MONITORING
K200714:setting,K200714,setting,SCREENING
K200714:action,K200714,action,INTERPRETATION_OR_DIAGNOSIS
K200714:action,K200714,action,MONITORING_OR_FOLLOW_UP
K200714:action,K200714,action,WORKFLOW_OR_DOCUMENTATION
K200717:input,K200717,input,CLINICAL_TABULAR_OR_TEXT
K200717:output,K200717,output,DETECTION_OR_ALERT
K200717:output,K200717,output,RISK_SCORE_OR_PREDICTION
K200717:user,K200717,user,OTHER_CLINICIAN
K200717:setting,K200717,setting,INPATIENT
K200717:setting,K200717,setting,MONITORING
K200717:action,K200717,action,MONITORING_OR_FOLLOW_UP
K200743:input,K200743,input,MEDICAL_IMAGE
K200743:output,K200743,output,CLASSIFICATION_OR_DIAGNOSIS
K200743:output,K200743,output,CONTROL_OR_AUTOMATION
K200743:output,K200743,output,MEASUREMENT_OR_QUANTIFICATION
K200743:user,K200743,user,OTHER_PHYSICIAN
K200743:setting,K200743,setting,DIAGNOSTIC_INTERPRETATION
K200743:setting,K200743,setting,OTHER
K200743:setting,K200743,setting,PROCEDURAL_OR_OPERATING_ROOM
K200743:action,K200743,action,INTERPRETATION_OR_DIAGNOSIS
K200743:action,K200743,action,WORKFLOW_OR_DOCUMENTATION
K200750:input,K200750,input,MEDICAL_IMAGE
K200750:output,K200750,output,CLASSIFICATION_OR_DIAGNOSIS
K200750:output,K200750,output,MEASUREMENT_OR_QUANTIFICATION
K200750:output,K200750,output,RECONSTRUCTION_OR_ENHANCEMENT
K200750:user,K200750,user,OTHER_CLINICIAN
K200750:user,K200750,user,OTHER_PHYSICIAN
K200750:setting,K200750,setting,DIAGNOSTIC_INTERPRETATION
K200750:action,K200750,action,INTERPRETATION_OR_DIAGNOSIS
K200755:input,K200755,input,MEDICAL_IMAGE
K200755:output,K200755,output,CONTROL_OR_AUTOMATION
K200755:output,K200755,output,OTHER
K200755:output,K200755,output,RECOMMENDATION_OR_PLANNING
K200755:user,K200755,user,OTHER_CLINICIAN
K200755:setting,K200755,setting,OTHER
K200755:action,K200755,action,WORKFLOW_OR_DOCUMENTATION
K200760:input,K200760,input,MEDICAL_IMAGE
K200760:output,K200760,output,DOCUMENTATION_OR_SUMMARY
K200760:output,K200760,output,MEASUREMENT_OR_QUANTIFICATION
K200760:output,K200760,output,SEGMENTATION_OR_LOCALIZATION
K200760:user,K200760,user,OTHER_CLINICIAN
K200760:user,K200760,user,OTHER_PHYSICIAN
K200760:user,K200760,user,RADIOLOGIST
K200760:setting,K200760,setting,ACUTE_TRIAGE_OR_EMERGENCY
K200760:setting,K200760,setting,DIAGNOSTIC_INTERPRETATION
K200760:action,K200760,action,INTERPRETATION_OR_DIAGNOSIS
K200760:action,K200760,action,WORKFLOW_OR_DOCUMENTATION
K200828:input,K200828,input,MEDICAL_IMAGE
K200828:output,K200828,output,MEASUREMENT_OR_QUANTIFICATION
K200828:user,K200828,user,OTHER_CLINICIAN
K200828:user,K200828,user,PATIENT_OR_CAREGIVER
K200828:setting,K200828,setting,HOME_OR_CONSUMER
K200828:setting,K200828,setting,MONITORING
K200828:action,K200828,action,INTERPRETATION_OR_DIAGNOSIS
K200828:action,K200828,action,MONITORING_OR_FOLLOW_UP
K200833:input,K200833,input,PHYSIOLOGICAL_SIGNAL
K200833:output,K200833,output,DETECTION_OR_ALERT
K200833:output,K200833,output,OTHER
K200833:user,K200833,user,OTHER_CLINICIAN
K200833:user,K200833,user,PATIENT_OR_CAREGIVER
K200833:setting,K200833,setting,MONITORING
K200833:action,K200833,action,INTERPRETATION_OR_DIAGNOSIS
K200833:action,K200833,action,MONITORING_OR_FOLLOW_UP
K200851:input,K200851,input,MEDICAL_IMAGE
K200851:output,K200851,output,CLASSIFICATION_OR_DIAGNOSIS
K200851:output,K200851,output,CONTROL_OR_AUTOMATION
K200851:output,K200851,output,MEASUREMENT_OR_QUANTIFICATION
K200851:user,K200851,user,OTHER_CLINICIAN
K200851:setting,K200851,setting,DIAGNOSTIC_INTERPRETATION
K200851:setting,K200851,setting,OTHER
K200851:setting,K200851,setting,PROCEDURAL_OR_OPERATING_ROOM
K200851:action,K200851,action,INTERPRETATION_OR_DIAGNOSIS
K200851:action,K200851,action,WORKFLOW_OR_DOCUMENTATION
K200852:input,K200852,input,MEDICAL_IMAGE
K200852:output,K200852,output,CLASSIFICATION_OR_DIAGNOSIS
K200852:output,K200852,output,CONTROL_OR_AUTOMATION
K200852:output,K200852,output,MEASUREMENT_OR_QUANTIFICATION
K200852:user,K200852,user,OTHER_PHYSICIAN
K200852:setting,K200852,setting,DIAGNOSTIC_INTERPRETATION
K200852:action,K200852,action,INTERPRETATION_OR_DIAGNOSIS
K200852:action,K200852,action,WORKFLOW_OR_DOCUMENTATION
K200855:input,K200855,input,MEDICAL_IMAGE
K200855:output,K200855,output,DETECTION_OR_ALERT
K200855:output,K200855,output,OTHER
K200855:user,K200855,user,OTHER_CLINICIAN
K200855:user,K200855,user,RADIOLOGIST
K200855:setting,K200855,setting,ACUTE_TRIAGE_OR_EMERGENCY
K200855:setting,K200855,setting,OTHER
K200855:action,K200855,action,TRIAGE_OR_PRIORITIZATION
K200873:input,K200873,input,MEDICAL_IMAGE
K200873:output,K200873,output,DETECTION_OR_ALERT
K200873:output,K200873,output,OTHER
K200873:user,K200873,user,OTHER_PHYSICIAN
K200873:user,K200873,user,RADIOLOGIST
K200873:setting,K200873,setting,ACUTE_TRIAGE_OR_EMERGENCY
K200873:setting,K200873,setting,OTHER
K200873:action,K200873,action,TRIAGE_OR_PRIORITIZATION
K200905:input,K200905,input,MEDICAL_IMAGE
K200905:output,K200905,output,DETECTION_OR_ALERT
K200905:output,K200905,output,OTHER
K200905:user,K200905,user,OTHER_PHYSICIAN
K200905:setting,K200905,setting,SCREENING
K200905:action,K200905,action,TRIAGE_OR_PRIORITIZATION
K200921:input,K200921,input,MEDICAL_IMAGE
K200921:output,K200921,output,DETECTION_OR_ALERT
K200921:output,K200921,output,OTHER
K200921:user,K200921,user,OTHER_CLINICIAN
K200921:user,K200921,user,OTHER_PHYSICIAN
K200921:setting,K200921,setting,ACUTE_TRIAGE_OR_EMERGENCY
K200921:setting,K200921,setting,OTHER
K200921:action,K200921,action,TRIAGE_OR_PRIORITIZATION
K200941:input,K200941,input,MEDICAL_IMAGE
K200941:output,K200941,output,DETECTION_OR_ALERT
K200941:output,K200941,output,OTHER
K200941:user,K200941,user,OTHER_CLINICIAN
K200941:user,K200941,user,RADIOLOGIST
K200941:setting,K200941,setting,ACUTE_TRIAGE_OR_EMERGENCY
K200941:setting,K200941,setting,OTHER
K200941:action,K200941,action,TRIAGE_OR_PRIORITIZATION
K200974:input,K200974,input,MEDICAL_IMAGE
K200974:output,K200974,output,MEASUREMENT_OR_QUANTIFICATION
K200974:output,K200974,output,SEGMENTATION_OR_LOCALIZATION
K200974:setting,K200974,setting,DIAGNOSTIC_INTERPRETATION
K200974:action,K200974,action,INTERPRETATION_OR_DIAGNOSIS
K200980:input,K200980,input,MEDICAL_IMAGE
K200980:output,K200980,output,MEASUREMENT_OR_QUANTIFICATION
K200980:output,K200980,output,SEGMENTATION_OR_LOCALIZATION
K200980:user,K200980,user,OTHER_CLINICIAN
K200980:user,K200980,user,OTHER_PHYSICIAN
K200980:setting,K200980,setting,DIAGNOSTIC_INTERPRETATION
K200980:action,K200980,action,INTERPRETATION_OR_DIAGNOSIS
K200990:input,K200990,input,MEDICAL_IMAGE
K200990:output,K200990,output,DOCUMENTATION_OR_SUMMARY
K200990:output,K200990,output,MEASUREMENT_OR_QUANTIFICATION
K200990:output,K200990,output,SEGMENTATION_OR_LOCALIZATION
K200990:user,K200990,user,OTHER_PHYSICIAN
K200990:setting,K200990,setting,DIAGNOSTIC_INTERPRETATION
K200990:setting,K200990,setting,MONITORING
K200990:action,K200990,action,INTERPRETATION_OR_DIAGNOSIS
K200990:action,K200990,action,MONITORING_OR_FOLLOW_UP
K200990:action,K200990,action,TREATMENT_OR_PROCEDURE_PLANNING
K200990:action,K200990,action,WORKFLOW_OR_DOCUMENTATION
K201012:input,K201012,input,MEDICAL_IMAGE
K201012:output,K201012,output,MEASUREMENT_OR_QUANTIFICATION
K201012:output,K201012,output,SEGMENTATION_OR_LOCALIZATION
K201012:setting,K201012,setting,DIAGNOSTIC_INTERPRETATION
K201012:setting,K201012,setting,OTHER
K201012:action,K201012,action,INTERPRETATION_OR_DIAGNOSIS
K201019:input,K201019,input,MEDICAL_IMAGE
K201019:output,K201019,output,DETECTION_OR_ALERT
K201019:output,K201019,output,DOCUMENTATION_OR_SUMMARY
K201019:output,K201019,output,MEASUREMENT_OR_QUANTIFICATION
K201019:output,K201019,output,SEGMENTATION_OR_LOCALIZATION
K201019:user,K201019,user,OTHER_PHYSICIAN
K201019:user,K201019,user,RADIOLOGIST
K201019:setting,K201019,setting,DIAGNOSTIC_INTERPRETATION
K201019:setting,K201019,setting,SCREENING
K201019:action,K201019,action,INTERPRETATION_OR_DIAGNOSIS
K201019:action,K201019,action,WORKFLOW_OR_DOCUMENTATION
K201020:input,K201020,input,MEDICAL_IMAGE
K201020:output,K201020,output,DETECTION_OR_ALERT
K201020:output,K201020,output,OTHER
K201020:user,K201020,user,OTHER_CLINICIAN
K201020:user,K201020,user,RADIOLOGIST
K201020:setting,K201020,setting,ACUTE_TRIAGE_OR_EMERGENCY
K201020:setting,K201020,setting,OTHER
K201020:action,K201020,action,TRIAGE_OR_PRIORITIZATION
K201034:input,K201034,input,MEDICAL_IMAGE
K201034:output,K201034,output,DETECTION_OR_ALERT
K201034:output,K201034,output,DOCUMENTATION_OR_SUMMARY
K201034:output,K201034,output,MEASUREMENT_OR_QUANTIFICATION
K201034:output,K201034,output,SEGMENTATION_OR_LOCALIZATION
K201034:user,K201034,user,OTHER_PHYSICIAN
K201034:setting,K201034,setting,DIAGNOSTIC_INTERPRETATION
K201034:action,K201034,action,INTERPRETATION_OR_DIAGNOSIS
K201034:action,K201034,action,WORKFLOW_OR_DOCUMENTATION
K201039:input,K201039,input,MEDICAL_IMAGE
K201039:output,K201039,output,CLASSIFICATION_OR_DIAGNOSIS
K201039:output,K201039,output,DOCUMENTATION_OR_SUMMARY
K201039:output,K201039,output,MEASUREMENT_OR_QUANTIFICATION
K201039:user,K201039,user,OTHER_PHYSICIAN
K201039:user,K201039,user,RADIOLOGIST
K201039:setting,K201039,setting,DIAGNOSTIC_INTERPRETATION
K201039:setting,K201039,setting,MONITORING
K201039:setting,K201039,setting,SCREENING
K201039:action,K201039,action,INTERPRETATION_OR_DIAGNOSIS
K201039:action,K201039,action,MONITORING_OR_FOLLOW_UP
K201103:input,K201103,input,MEDICAL_IMAGE
K201103:output,K201103,output,SEGMENTATION_OR_LOCALIZATION
K201103:user,K201103,user,OTHER_CLINICIAN
K201103:user,K201103,user,OTHER_PHYSICIAN
K201103:user,K201103,user,RADIOLOGIST
K201103:setting,K201103,setting,DIAGNOSTIC_INTERPRETATION
K201103:action,K201103,action,INTERPRETATION_OR_DIAGNOSIS
K201103:action,K201103,action,TREATMENT_OR_PROCEDURE_PLANNING
K201195:input,K201195,input,MEDICAL_IMAGE
K201195:output,K201195,output,MEASUREMENT_OR_QUANTIFICATION
K201195:output,K201195,output,SEGMENTATION_OR_LOCALIZATION
K201195:user,K201195,user,OTHER_CLINICIAN
K201195:user,K201195,user,OTHER_PHYSICIAN
K201195:setting,K201195,setting,DIAGNOSTIC_INTERPRETATION
K201195:action,K201195,action,INTERPRETATION_OR_DIAGNOSIS
K201232:input,K201232,input,MEDICAL_IMAGE
K201232:output,K201232,output,SEGMENTATION_OR_LOCALIZATION
K201232:user,K201232,user,OTHER_CLINICIAN
K201232:user,K201232,user,OTHER_PHYSICIAN
K201232:setting,K201232,setting,OTHER
K201232:action,K201232,action,MONITORING_OR_FOLLOW_UP
K201232:action,K201232,action,TREATMENT_OR_PROCEDURE_PLANNING
K201298:input,K201298,input,PHYSIOLOGICAL_SIGNAL
K201298:output,K201298,output,CLASSIFICATION_OR_DIAGNOSIS
K201298:output,K201298,output,MEASUREMENT_OR_QUANTIFICATION
K201298:output,K201298,output,OTHER
K201298:user,K201298,user,TECHNOLOGIST_OR_OPERATOR
K201298:setting,K201298,setting,PROCEDURAL_OR_OPERATING_ROOM
K201298:action,K201298,action,INTERPRETATION_OR_DIAGNOSIS
K201298:action,K201298,action,WORKFLOW_OR_DOCUMENTATION
K201301:input,K201301,input,MEDICAL_IMAGE
K201301:output,K201301,output,CLASSIFICATION_OR_DIAGNOSIS
K201301:output,K201301,output,DETECTION_OR_ALERT
K201301:output,K201301,output,MEASUREMENT_OR_QUANTIFICATION
K201301:user,K201301,user,LABORATORY_PROFESSIONAL
K201301:user,K201301,user,TECHNOLOGIST_OR_OPERATOR
K201301:setting,K201301,setting,LABORATORY
K201301:action,K201301,action,INTERPRETATION_OR_DIAGNOSIS
K201310:input,K201310,input,MEDICAL_IMAGE
K201310:output,K201310,output,DETECTION_OR_ALERT
K201310:user,K201310,user,OTHER_CLINICIAN
K201310:user,K201310,user,OTHER_PHYSICIAN
K201310:setting,K201310,setting,ACUTE_TRIAGE_OR_EMERGENCY
K201310:setting,K201310,setting,OTHER
K201310:action,K201310,action,TRIAGE_OR_PRIORITIZATION
K201369:input,K201369,input,MEDICAL_IMAGE
K201369:output,K201369,output,CLASSIFICATION_OR_DIAGNOSIS
K201369:output,K201369,output,DOCUMENTATION_OR_SUMMARY
K201369:output,K201369,output,MEASUREMENT_OR_QUANTIFICATION
K201369:output,K201369,output,SEGMENTATION_OR_LOCALIZATION
K201369:user,K201369,user,OTHER_CLINICIAN
K201369:user,K201369,user,OTHER_PHYSICIAN
K201369:user,K201369,user,RADIOLOGIST
K201369:user,K201369,user,TECHNOLOGIST_OR_OPERATOR
K201369:setting,K201369,setting,DIAGNOSTIC_INTERPRETATION
K201369:action,K201369,action,INTERPRETATION_OR_DIAGNOSIS
K201369:action,K201369,action,WORKFLOW_OR_DOCUMENTATION
K201411:input,K201411,input,MEDICAL_IMAGE
K201411:output,K201411,output,CLASSIFICATION_OR_DIAGNOSIS
K201411:user,K201411,user,RADIOLOGIST
K201411:setting,K201411,setting,DIAGNOSTIC_INTERPRETATION
K201411:action,K201411,action,INTERPRETATION_OR_DIAGNOSIS
K201444:input,K201444,input,MEDICAL_IMAGE
K201444:output,K201444,output,SEGMENTATION_OR_LOCALIZATION
K201444:user,K201444,user,OTHER_CLINICIAN
K201444:setting,K201444,setting,OTHER
K201444:action,K201444,action,MONITORING_OR_FOLLOW_UP
K201444:action,K201444,action,TREATMENT_OR_PROCEDURE_PLANNING
K201555:input,K201555,input,MEDICAL_IMAGE
K201555:output,K201555,output,CLASSIFICATION_OR_DIAGNOSIS
K201555:output,K201555,output,DOCUMENTATION_OR_SUMMARY
K201555:output,K201555,output,SEGMENTATION_OR_LOCALIZATION
K201555:user,K201555,user,OTHER_PHYSICIAN
K201555:user,K201555,user,TECHNOLOGIST_OR_OPERATOR
K201555:setting,K201555,setting,DIAGNOSTIC_INTERPRETATION
K201555:action,K201555,action,INTERPRETATION_OR_DIAGNOSIS
K201560:input,K201560,input,MEDICAL_IMAGE
K201560:output,K201560,output,DETECTION_OR_ALERT
K201560:output,K201560,output,MEASUREMENT_OR_QUANTIFICATION
K201560:output,K201560,output,SEGMENTATION_OR_LOCALIZATION
K201560:user,K201560,user,OTHER_PHYSICIAN
K201560:setting,K201560,setting,DIAGNOSTIC_INTERPRETATION
K201560:action,K201560,action,INTERPRETATION_OR_DIAGNOSIS
K201632:input,K201632,input,MEDICAL_IMAGE
K201632:output,K201632,output,MEASUREMENT_OR_QUANTIFICATION
K201632:output,K201632,output,SEGMENTATION_OR_LOCALIZATION
K201632:user,K201632,user,OTHER_PHYSICIAN
K201632:setting,K201632,setting,DIAGNOSTIC_INTERPRETATION
K201632:setting,K201632,setting,OTHER
K201632:action,K201632,action,INTERPRETATION_OR_DIAGNOSIS
K201632:action,K201632,action,MONITORING_OR_FOLLOW_UP
K201710:input,K201710,input,CLINICAL_TABULAR_OR_TEXT
K201710:input,K201710,input,MEDICAL_IMAGE
K201710:output,K201710,output,CLASSIFICATION_OR_DIAGNOSIS
K201710:output,K201710,output,DOCUMENTATION_OR_SUMMARY
K201710:output,K201710,output,MEASUREMENT_OR_QUANTIFICATION
K201710:output,K201710,output,RISK_SCORE_OR_PREDICTION
K201710:output,K201710,output,SEGMENTATION_OR_LOCALIZATION
K201710:setting,K201710,setting,DIAGNOSTIC_INTERPRETATION
K201710:setting,K201710,setting,MONITORING
K201710:setting,K201710,setting,SCREENING
K201710:action,K201710,action,INTERPRETATION_OR_DIAGNOSIS
K201710:action,K201710,action,MONITORING_OR_FOLLOW_UP
K201710:action,K201710,action,WORKFLOW_OR_DOCUMENTATION
K201745:input,K201745,input,MEDICAL_IMAGE
K201745:output,K201745,output,RECONSTRUCTION_OR_ENHANCEMENT
K201745:setting,K201745,setting,OTHER
K201745:action,K201745,action,WORKFLOW_OR_DOCUMENTATION
K201836:input,K201836,input,MEDICAL_IMAGE
K201836:output,K201836,output,RECONSTRUCTION_OR_ENHANCEMENT
K201836:user,K201836,user,OTHER_PHYSICIAN
K201836:setting,K201836,setting,DIAGNOSTIC_INTERPRETATION
K201836:setting,K201836,setting,OTHER
K201836:action,K201836,action,INTERPRETATION_OR_DIAGNOSIS
K201841:input,K201841,input,PHYSIOLOGICAL_SIGNAL
K201841:output,K201841,output,CLASSIFICATION_OR_DIAGNOSIS
K201841:output,K201841,output,DOCUMENTATION_OR_SUMMARY
K201841:output,K201841,output,MEASUREMENT_OR_QUANTIFICATION
K201841:setting,K201841,setting,DIAGNOSTIC_INTERPRETATION
K201841:action,K201841,action,INTERPRETATION_OR_DIAGNOSIS
K201985:input,K201985,input,PHYSIOLOGICAL_SIGNAL
K201985:output,K201985,output,CLASSIFICATION_OR_DIAGNOSIS
K201985:output,K201985,output,MEASUREMENT_OR_QUANTIFICATION
K201985:output,K201985,output,OTHER
K201985:user,K201985,user,OTHER_CLINICIAN
K201985:user,K201985,user,OTHER_PHYSICIAN
K201985:setting,K201985,setting,DIAGNOSTIC_INTERPRETATION
K201985:setting,K201985,setting,OTHER
K201985:action,K201985,action,INTERPRETATION_OR_DIAGNOSIS
K201992:input,K201992,input,MEDICAL_IMAGE
K201992:output,K201992,output,CONTROL_OR_AUTOMATION
K201992:output,K201992,output,OTHER
K201992:output,K201992,output,RECOMMENDATION_OR_PLANNING
K201992:user,K201992,user,OTHER_CLINICIAN
K201992:setting,K201992,setting,OTHER
K201992:action,K201992,action,WORKFLOW_OR_DOCUMENTATION
K202013:input,K202013,input,MEDICAL_IMAGE
K202013:output,K202013,output,CLASSIFICATION_OR_DIAGNOSIS
K202013:output,K202013,output,DOCUMENTATION_OR_SUMMARY
K202013:output,K202013,output,MEASUREMENT_OR_QUANTIFICATION
K202013:user,K202013,user,OTHER_PHYSICIAN
K202013:user,K202013,user,RADIOLOGIST
K202013:setting,K202013,setting,DIAGNOSTIC_INTERPRETATION
K202013:setting,K202013,setting,SCREENING
K202013:action,K202013,action,INTERPRETATION_OR_DIAGNOSIS
K202013:action,K202013,action,WORKFLOW_OR_DOCUMENTATION
K202089:input,K202089,input,MEDICAL_IMAGE
K202089:input,K202089,input,OTHER
K202089:output,K202089,output,MEASUREMENT_OR_QUANTIFICATION
K202089:user,K202089,user,OTHER_CLINICIAN
K202089:user,K202089,user,PATIENT_OR_CAREGIVER
K202089:setting,K202089,setting,HOME_OR_CONSUMER
K202089:setting,K202089,setting,OTHER
K202089:action,K202089,action,INTERPRETATION_OR_DIAGNOSIS
K202089:action,K202089,action,PATIENT_SELF_MANAGEMENT
K202170:input,K202170,input,MEDICAL_IMAGE
K202170:output,K202170,output,DOCUMENTATION_OR_SUMMARY
K202170:output,K202170,output,MEASUREMENT_OR_QUANTIFICATION
K202170:output,K202170,output,SEGMENTATION_OR_LOCALIZATION
K202170:user,K202170,user,OTHER_CLINICIAN
K202170:user,K202170,user,TECHNOLOGIST_OR_OPERATOR
K202170:setting,K202170,setting,DIAGNOSTIC_INTERPRETATION
K202170:setting,K202170,setting,OTHER
K202170:action,K202170,action,INTERPRETATION_OR_DIAGNOSIS
K202170:action,K202170,action,REFERRAL_OR_ESCALATION
K202212:input,K202212,input,MEDICAL_IMAGE
K202212:output,K202212,output,RECONSTRUCTION_OR_ENHANCEMENT
K202212:user,K202212,user,OTHER_PHYSICIAN
K202212:setting,K202212,setting,OTHER
K202212:action,K202212,action,TREATMENT_OR_PROCEDURE_PLANNING
K202229:input,K202229,input,MEDICAL_IMAGE
K202229:output,K202229,output,DOCUMENTATION_OR_SUMMARY
K202229:output,K202229,output,MEASUREMENT_OR_QUANTIFICATION
K202229:output,K202229,output,SEGMENTATION_OR_LOCALIZATION
K202229:user,K202229,user,OTHER_CLINICIAN
K202229:setting,K202229,setting,DIAGNOSTIC_INTERPRETATION
K202229:setting,K202229,setting,MONITORING
K202229:setting,K202229,setting,OTHER
K202229:action,K202229,action,INTERPRETATION_OR_DIAGNOSIS
K202229:action,K202229,action,MONITORING_OR_FOLLOW_UP
K202229:action,K202229,action,WORKFLOW_OR_DOCUMENTATION
K202238:input,K202238,input,MEDICAL_IMAGE
K202238:output,K202238,output,RECONSTRUCTION_OR_ENHANCEMENT
K202238:user,K202238,user,OTHER_PHYSICIAN
K202238:user,K202238,user,TECHNOLOGIST_OR_OPERATOR
K202238:setting,K202238,setting,DIAGNOSTIC_INTERPRETATION
K202238:setting,K202238,setting,OTHER
K202238:action,K202238,action,INTERPRETATION_OR_DIAGNOSIS
K202238:action,K202238,action,WORKFLOW_OR_DOCUMENTATION
K202280:input,K202280,input,MEDICAL_IMAGE
K202280:output,K202280,output,DOCUMENTATION_OR_SUMMARY
K202280:output,K202280,output,MEASUREMENT_OR_QUANTIFICATION
K202280:output,K202280,output,SEGMENTATION_OR_LOCALIZATION
K202280:user,K202280,user,OTHER_CLINICIAN
K202280:setting,K202280,setting,DIAGNOSTIC_INTERPRETATION
K202280:action,K202280,action,INTERPRETATION_OR_DIAGNOSIS
K202280:action,K202280,action,TREATMENT_OR_PROCEDURE_PLANNING
K202280:action,K202280,action,WORKFLOW_OR_DOCUMENTATION
K202284:input,K202284,input,MEDICAL_IMAGE
K202284:output,K202284,output,RECOMMENDATION_OR_PLANNING
K202284:user,K202284,user,OTHER_CLINICIAN
K202284:user,K202284,user,OTHER_PHYSICIAN
K202284:setting,K202284,setting,OTHER
K202284:action,K202284,action,TREATMENT_OR_PROCEDURE_PLANNING
K202300:input,K202300,input,CLINICAL_TABULAR_OR_TEXT
K202300:input,K202300,input,MEDICAL_IMAGE
K202300:output,K202300,output,DETECTION_OR_ALERT
K202300:output,K202300,output,OTHER
K202300:output,K202300,output,RISK_SCORE_OR_PREDICTION
K202300:user,K202300,user,OTHER_CLINICIAN
K202300:user,K202300,user,OTHER_PHYSICIAN
K202300:user,K202300,user,RADIOLOGIST
K202300:setting,K202300,setting,DIAGNOSTIC_INTERPRETATION
K202300:setting,K202300,setting,MONITORING
K202300:setting,K202300,setting,OTHER
K202300:action,K202300,action,INTERPRETATION_OR_DIAGNOSIS
K202300:action,K202300,action,MONITORING_OR_FOLLOW_UP
K202300:action,K202300,action,REFERRAL_OR_ESCALATION
K202300:action,K202300,action,WORKFLOW_OR_DOCUMENTATION
K202404:input,K202404,input,MEDICAL_IMAGE
K202404:output,K202404,output,RECONSTRUCTION_OR_ENHANCEMENT
K202404:user,K202404,user,OTHER_PHYSICIAN
K202404:user,K202404,user,RADIOLOGIST
K202404:setting,K202404,setting,OTHER
K202404:action,K202404,action,INTERPRETATION_OR_DIAGNOSIS
K202414:input,K202414,input,MEDICAL_IMAGE
K202414:output,K202414,output,DOCUMENTATION_OR_SUMMARY
K202414:output,K202414,output,MEASUREMENT_OR_QUANTIFICATION
K202414:output,K202414,output,SEGMENTATION_OR_LOCALIZATION
K202414:user,K202414,user,OTHER_CLINICIAN
K202414:user,K202414,user,OTHER_PHYSICIAN
K202414:setting,K202414,setting,DIAGNOSTIC_INTERPRETATION
K202414:action,K202414,action,INTERPRETATION_OR_DIAGNOSIS
K202441:input,K202441,input,MEDICAL_IMAGE
K202441:output,K202441,output,RECONSTRUCTION_OR_ENHANCEMENT
K202441:user,K202441,user,OTHER_PHYSICIAN
K202441:user,K202441,user,RADIOLOGIST
K202441:setting,K202441,setting,DIAGNOSTIC_INTERPRETATION
K202441:setting,K202441,setting,OTHER
K202441:action,K202441,action,INTERPRETATION_OR_DIAGNOSIS
K202487:input,K202487,input,MEDICAL_IMAGE
K202487:output,K202487,output,RECONSTRUCTION_OR_ENHANCEMENT
K202487:output,K202487,output,SEGMENTATION_OR_LOCALIZATION
K202487:user,K202487,user,OTHER_CLINICIAN
K202487:user,K202487,user,OTHER_PHYSICIAN
K202487:setting,K202487,setting,OTHER
K202487:action,K202487,action,TREATMENT_OR_PROCEDURE_PLANNING
K202501:input,K202501,input,MEDICAL_IMAGE
K202501:output,K202501,output,DOCUMENTATION_OR_SUMMARY
K202501:output,K202501,output,MEASUREMENT_OR_QUANTIFICATION
K202501:output,K202501,output,RECONSTRUCTION_OR_ENHANCEMENT
K202501:output,K202501,output,SEGMENTATION_OR_LOCALIZATION
K202501:user,K202501,user,OTHER_CLINICIAN
K202501:setting,K202501,setting,DIAGNOSTIC_INTERPRETATION
K202501:setting,K202501,setting,OTHER
K202501:action,K202501,action,INTERPRETATION_OR_DIAGNOSIS
K202501:action,K202501,action,WORKFLOW_OR_DOCUMENTATION
K202527:input,K202527,input,PHYSIOLOGICAL_SIGNAL
K202527:output,K202527,output,CLASSIFICATION_OR_DIAGNOSIS
K202527:output,K202527,output,DETECTION_OR_ALERT
K202527:output,K202527,output,DOCUMENTATION_OR_SUMMARY
K202527:output,K202527,output,MEASUREMENT_OR_QUANTIFICATION
K202527:user,K202527,user,OTHER_CLINICIAN
K202527:user,K202527,user,TECHNOLOGIST_OR_OPERATOR
K202527:setting,K202527,setting,DIAGNOSTIC_INTERPRETATION
K202527:setting,K202527,setting,MONITORING
K202527:setting,K202527,setting,OTHER
K202527:action,K202527,action,INTERPRETATION_OR_DIAGNOSIS
K202527:action,K202527,action,MONITORING_OR_FOLLOW_UP
K202527:action,K202527,action,WORKFLOW_OR_DOCUMENTATION
K202546:input,K202546,input,MEDICAL_IMAGE
K202546:output,K202546,output,MEASUREMENT_OR_QUANTIFICATION
K202546:user,K202546,user,OTHER_CLINICIAN
K202546:setting,K202546,setting,DIAGNOSTIC_INTERPRETATION
K202546:setting,K202546,setting,OTHER
K202546:action,K202546,action,INTERPRETATION_OR_DIAGNOSIS
K202546:action,K202546,action,WORKFLOW_OR_DOCUMENTATION
K202700:input,K202700,input,MEDICAL_IMAGE
K202700:output,K202700,output,RECONSTRUCTION_OR_ENHANCEMENT
K202700:output,K202700,output,SEGMENTATION_OR_LOCALIZATION
K202700:user,K202700,user,OTHER_CLINICIAN
K202700:setting,K202700,setting,OTHER
K202700:action,K202700,action,TREATMENT_OR_PROCEDURE_PLANNING
K202767:input,K202767,input,MEDICAL_IMAGE
K202767:output,K202767,output,RECONSTRUCTION_OR_ENHANCEMENT
K202767:user,K202767,user,OTHER_PHYSICIAN
K202767:setting,K202767,setting,DIAGNOSTIC_INTERPRETATION
K202767:setting,K202767,setting,OTHER
K202767:action,K202767,action,INTERPRETATION_OR_DIAGNOSIS
K202927:input,K202927,input,PHYSIOLOGICAL_SIGNAL
K202927:output,K202927,output,CLASSIFICATION_OR_DIAGNOSIS
K202927:output,K202927,output,DOCUMENTATION_OR_SUMMARY
K202927:output,K202927,output,MEASUREMENT_OR_QUANTIFICATION
K202927:user,K202927,user,OTHER_CLINICIAN
K202927:setting,K202927,setting,DIAGNOSTIC_INTERPRETATION
K202927:action,K202927,action,INTERPRETATION_OR_DIAGNOSIS
K202928:input,K202928,input,MEDICAL_IMAGE
K202928:output,K202928,output,SEGMENTATION_OR_LOCALIZATION
K202928:user,K202928,user,OTHER_CLINICIAN
K202928:user,K202928,user,OTHER_PHYSICIAN
K202928:user,K202928,user,RADIOLOGIST
K202928:setting,K202928,setting,OTHER
K202928:action,K202928,action,TREATMENT_OR_PROCEDURE_PLANNING
K202990:input,K202990,input,MEDICAL_IMAGE
K202990:output,K202990,output,MEASUREMENT_OR_QUANTIFICATION
K202990:user,K202990,user,RADIOLOGIST
K202990:setting,K202990,setting,DIAGNOSTIC_INTERPRETATION
K202990:setting,K202990,setting,MONITORING
K202990:action,K202990,action,INTERPRETATION_OR_DIAGNOSIS
K202990:action,K202990,action,MONITORING_OR_FOLLOW_UP
K202992:input,K202992,input,MEDICAL_IMAGE
K202992:output,K202992,output,DETECTION_OR_ALERT
K202992:output,K202992,output,OTHER
K202992:user,K202992,user,OTHER_PHYSICIAN
K202992:user,K202992,user,RADIOLOGIST
K202992:setting,K202992,setting,ACUTE_TRIAGE_OR_EMERGENCY
K202992:setting,K202992,setting,OTHER
K202992:action,K202992,action,TRIAGE_OR_PRIORITIZATION
K203042:input,K203042,input,MEDICAL_IMAGE
K203042:output,K203042,output,RECONSTRUCTION_OR_ENHANCEMENT
K203042:user,K203042,user,OTHER_PHYSICIAN
K203042:setting,K203042,setting,DIAGNOSTIC_INTERPRETATION
K203042:setting,K203042,setting,OTHER
K203042:action,K203042,action,INTERPRETATION_OR_DIAGNOSIS
K203103:input,K203103,input,MEDICAL_IMAGE
K203103:output,K203103,output,SEGMENTATION_OR_LOCALIZATION
K203103:user,K203103,user,OTHER_CLINICIAN
K203103:setting,K203103,setting,DIAGNOSTIC_INTERPRETATION
K203103:setting,K203103,setting,OTHER
K203103:action,K203103,action,INTERPRETATION_OR_DIAGNOSIS
K203103:action,K203103,action,TREATMENT_OR_PROCEDURE_PLANNING
K203169:output,K203169,output,OTHER
K203169:setting,K203169,setting,OTHER
K203169:action,K203169,action,WORKFLOW_OR_DOCUMENTATION
K203182:input,K203182,input,MEDICAL_IMAGE
K203182:output,K203182,output,RECONSTRUCTION_OR_ENHANCEMENT
K203182:user,K203182,user,RADIOLOGIST
K203182:setting,K203182,setting,OTHER
K203182:action,K203182,action,INTERPRETATION_OR_DIAGNOSIS
K203182:action,K203182,action,WORKFLOW_OR_DOCUMENTATION
K203225:input,K203225,input,MEDICAL_IMAGE
K203225:output,K203225,output,RECONSTRUCTION_OR_ENHANCEMENT
K203225:user,K203225,user,OTHER_PHYSICIAN
K203225:setting,K203225,setting,DIAGNOSTIC_INTERPRETATION
K203225:setting,K203225,setting,OTHER
K203225:action,K203225,action,INTERPRETATION_OR_DIAGNOSIS
K203235:input,K203235,input,MEDICAL_IMAGE
K203235:output,K203235,output,SEGMENTATION_OR_LOCALIZATION
K203235:user,K203235,user,OTHER_CLINICIAN
K203235:user,K203235,user,OTHER_PHYSICIAN
K203235:user,K203235,user,RADIOLOGIST
K203235:user,K203235,user,TECHNOLOGIST_OR_OPERATOR
K203235:setting,K203235,setting,OTHER
K203235:action,K203235,action,TREATMENT_OR_PROCEDURE_PLANNING
K203256:input,K203256,input,MEDICAL_IMAGE
K203256:output,K203256,output,DOCUMENTATION_OR_SUMMARY
K203256:output,K203256,output,MEASUREMENT_OR_QUANTIFICATION
K203256:output,K203256,output,SEGMENTATION_OR_LOCALIZATION
K203256:user,K203256,user,OTHER_PHYSICIAN
K203256:setting,K203256,setting,DIAGNOSTIC_INTERPRETATION
K203256:action,K203256,action,INTERPRETATION_OR_DIAGNOSIS
K203258:input,K203258,input,MEDICAL_IMAGE
K203258:output,K203258,output,DETECTION_OR_ALERT
K203258:output,K203258,output,SEGMENTATION_OR_LOCALIZATION
K203258:user,K203258,user,RADIOLOGIST
K203258:setting,K203258,setting,DIAGNOSTIC_INTERPRETATION
K203258:setting,K203258,setting,SCREENING
K203258:action,K203258,action,INTERPRETATION_OR_DIAGNOSIS
K203260:input,K203260,input,MEDICAL_IMAGE
K203260:output,K203260,output,DETECTION_OR_ALERT
K203260:user,K203260,user,OTHER_CLINICIAN
K203260:user,K203260,user,RADIOLOGIST
K203260:setting,K203260,setting,ACUTE_TRIAGE_OR_EMERGENCY
K203260:action,K203260,action,TRIAGE_OR_PRIORITIZATION
K203280:input,K203280,input,MEDICAL_IMAGE
K203280:output,K203280,output,DOCUMENTATION_OR_SUMMARY
K203280:output,K203280,output,MEASUREMENT_OR_QUANTIFICATION
K203280:output,K203280,output,SEGMENTATION_OR_LOCALIZATION
K203280:user,K203280,user,OTHER_CLINICIAN
K203280:user,K203280,user,TECHNOLOGIST_OR_OPERATOR
K203280:setting,K203280,setting,DIAGNOSTIC_INTERPRETATION
K203280:setting,K203280,setting,OTHER
K203280:action,K203280,action,INTERPRETATION_OR_DIAGNOSIS
K203280:action,K203280,action,TREATMENT_OR_PROCEDURE_PLANNING
K203314:input,K203314,input,MEDICAL_IMAGE
K203314:output,K203314,output,RECONSTRUCTION_OR_ENHANCEMENT
K203314:user,K203314,user,OTHER_CLINICIAN
K203314:setting,K203314,setting,DIAGNOSTIC_INTERPRETATION
K203314:setting,K203314,setting,MONITORING
K203314:setting,K203314,setting,OTHER
K203314:action,K203314,action,INTERPRETATION_OR_DIAGNOSIS
K203314:action,K203314,action,MONITORING_OR_FOLLOW_UP
K203314:action,K203314,action,TREATMENT_OR_PROCEDURE_PLANNING
K203323:input,K203323,input,MEDICAL_IMAGE
K203323:output,K203323,output,RECONSTRUCTION_OR_ENHANCEMENT
K203323:user,K203323,user,OTHER_PHYSICIAN
K203323:setting,K203323,setting,DIAGNOSTIC_INTERPRETATION
K203323:setting,K203323,setting,OTHER
K203323:action,K203323,action,INTERPRETATION_OR_DIAGNOSIS
K203329:input,K203329,input,MEDICAL_IMAGE
K203329:output,K203329,output,DOCUMENTATION_OR_SUMMARY
K203329:output,K203329,output,MEASUREMENT_OR_QUANTIFICATION
K203329:output,K203329,output,SEGMENTATION_OR_LOCALIZATION
K203329:user,K203329,user,OTHER_CLINICIAN
K203329:setting,K203329,setting,DIAGNOSTIC_INTERPRETATION
K203329:action,K203329,action,INTERPRETATION_OR_DIAGNOSIS
K203329:action,K203329,action,TREATMENT_OR_PROCEDURE_PLANNING
K203443:input,K203443,input,MEDICAL_IMAGE
K203443:output,K203443,output,RECONSTRUCTION_OR_ENHANCEMENT
K203443:user,K203443,user,OTHER_CLINICIAN
K203443:user,K203443,user,OTHER_PHYSICIAN
K203443:setting,K203443,setting,DIAGNOSTIC_INTERPRETATION
K203443:setting,K203443,setting,OTHER
K203443:action,K203443,action,INTERPRETATION_OR_DIAGNOSIS
K203443:action,K203443,action,WORKFLOW_OR_DOCUMENTATION
K203448:input,K203448,input,MEDICAL_IMAGE
K203448:output,K203448,output,CONTROL_OR_AUTOMATION
K203448:output,K203448,output,RECOMMENDATION_OR_PLANNING
K203448:output,K203448,output,RECONSTRUCTION_OR_ENHANCEMENT
K203448:setting,K203448,setting,OTHER
K203448:setting,K203448,setting,SCREENING
K203448:action,K203448,action,THERAPY_DOSE_OR_DEVICE_CONTROL
K203448:action,K203448,action,WORKFLOW_OR_DOCUMENTATION
K203469:input,K203469,input,MEDICAL_IMAGE
K203469:output,K203469,output,SEGMENTATION_OR_LOCALIZATION
K203469:user,K203469,user,OTHER_CLINICIAN
K203469:user,K203469,user,OTHER_PHYSICIAN
K203469:setting,K203469,setting,OTHER
K203469:action,K203469,action,TREATMENT_OR_PROCEDURE_PLANNING
K203502:input,K203502,input,MEDICAL_IMAGE
K203502:output,K203502,output,DOCUMENTATION_OR_SUMMARY
K203502:output,K203502,output,MEASUREMENT_OR_QUANTIFICATION
K203502:output,K203502,output,SEGMENTATION_OR_LOCALIZATION
K203502:user,K203502,user,RADIOLOGIST
K203502:setting,K203502,setting,DIAGNOSTIC_INTERPRETATION
K203502:action,K203502,action,INTERPRETATION_OR_DIAGNOSIS
K203502:action,K203502,action,WORKFLOW_OR_DOCUMENTATION
K203508:input,K203508,input,MEDICAL_IMAGE
K203508:output,K203508,output,DETECTION_OR_ALERT
K203508:output,K203508,output,OTHER
K203508:user,K203508,user,OTHER_PHYSICIAN
K203508:setting,K203508,setting,ACUTE_TRIAGE_OR_EMERGENCY
K203508:setting,K203508,setting,OTHER
K203508:action,K203508,action,TRIAGE_OR_PRIORITIZATION
K203514:input,K203514,input,AUDIO_OR_VIDEO
K203514:output,K203514,output,CONTROL_OR_AUTOMATION
K203514:output,K203514,output,RECOMMENDATION_OR_PLANNING
K203514:output,K203514,output,SEGMENTATION_OR_LOCALIZATION
K203514:setting,K203514,setting,OTHER
K203514:setting,K203514,setting,OUTPATIENT
K203514:action,K203514,action,THERAPY_DOSE_OR_DEVICE_CONTROL
K203514:action,K203514,action,WORKFLOW_OR_DOCUMENTATION
K203517:input,K203517,input,MEDICAL_IMAGE
K203517:output,K203517,output,DETECTION_OR_ALERT
K203517:output,K203517,output,OTHER
K203517:user,K203517,user,RADIOLOGIST
K203517:setting,K203517,setting,SCREENING
K203517:action,K203517,action,TRIAGE_OR_PRIORITIZATION
K203555:input,K203555,input,MEDICAL_IMAGE
K203555:output,K203555,output,DETECTION_OR_ALERT
K203555:output,K203555,output,DOCUMENTATION_OR_SUMMARY
K203555:output,K203555,output,MEASUREMENT_OR_QUANTIFICATION
K203555:output,K203555,output,SEGMENTATION_OR_LOCALIZATION
K203555:user,K203555,user,OTHER_CLINICIAN
K203555:user,K203555,user,OTHER_PHYSICIAN
K203555:setting,K203555,setting,DIAGNOSTIC_INTERPRETATION
K203555:action,K203555,action,INTERPRETATION_OR_DIAGNOSIS
K203555:action,K203555,action,WORKFLOW_OR_DOCUMENTATION
K203582:input,K203582,input,MEDICAL_IMAGE
K203582:output,K203582,output,DOCUMENTATION_OR_SUMMARY
K203582:output,K203582,output,MEASUREMENT_OR_QUANTIFICATION
K203582:output,K203582,output,SEGMENTATION_OR_LOCALIZATION
K203582:user,K203582,user,OTHER_PHYSICIAN
K203582:user,K203582,user,RADIOLOGIST
K203582:setting,K203582,setting,DIAGNOSTIC_INTERPRETATION
K203582:setting,K203582,setting,OTHER
K203582:action,K203582,action,INTERPRETATION_OR_DIAGNOSIS
K203582:action,K203582,action,WORKFLOW_OR_DOCUMENTATION
K203610:input,K203610,input,MEDICAL_IMAGE
K203610:output,K203610,output,SEGMENTATION_OR_LOCALIZATION
K203610:user,K203610,user,OTHER_PHYSICIAN
K203610:user,K203610,user,TECHNOLOGIST_OR_OPERATOR
K203610:setting,K203610,setting,OTHER
K203610:action,K203610,action,TREATMENT_OR_PROCEDURE_PLANNING
K203617:input,K203617,input,MEDICAL_IMAGE
K203617:output,K203617,output,RECONSTRUCTION_OR_ENHANCEMENT
K203617:user,K203617,user,OTHER_CLINICIAN
K203617:user,K203617,user,OTHER_PHYSICIAN
K203617:setting,K203617,setting,OTHER
K203617:action,K203617,action,INTERPRETATION_OR_DIAGNOSIS
K203617:action,K203617,action,TREATMENT_OR_PROCEDURE_PLANNING
K203629:input,K203629,input,MEDICAL_IMAGE
K203629:output,K203629,output,CLASSIFICATION_OR_DIAGNOSIS
K203629:output,K203629,output,OTHER
K203629:output,K203629,output,RECOMMENDATION_OR_PLANNING
K203629:user,K203629,user,OTHER_CLINICIAN
K203629:setting,K203629,setting,SCREENING
K203629:action,K203629,action,INTERPRETATION_OR_DIAGNOSIS
K203629:action,K203629,action,MONITORING_OR_FOLLOW_UP
K203629:action,K203629,action,REFERRAL_OR_ESCALATION
K203696:input,K203696,input,MEDICAL_IMAGE
K203696:output,K203696,output,CLASSIFICATION_OR_DIAGNOSIS
K203696:output,K203696,output,DOCUMENTATION_OR_SUMMARY
K203696:output,K203696,output,MEASUREMENT_OR_QUANTIFICATION
K203696:output,K203696,output,SEGMENTATION_OR_LOCALIZATION
K203696:user,K203696,user,OTHER_PHYSICIAN
K203696:user,K203696,user,RADIOLOGIST
K203696:user,K203696,user,TECHNOLOGIST_OR_OPERATOR
K203696:setting,K203696,setting,DIAGNOSTIC_INTERPRETATION
K203696:action,K203696,action,INTERPRETATION_OR_DIAGNOSIS
K203696:action,K203696,action,WORKFLOW_OR_DOCUMENTATION
K203744:input,K203744,input,MEDICAL_IMAGE
K203744:output,K203744,output,DOCUMENTATION_OR_SUMMARY
K203744:output,K203744,output,MEASUREMENT_OR_QUANTIFICATION
K203744:output,K203744,output,SEGMENTATION_OR_LOCALIZATION
K203744:user,K203744,user,OTHER_CLINICIAN
K203744:setting,K203744,setting,DIAGNOSTIC_INTERPRETATION
K203744:setting,K203744,setting,MONITORING
K203744:action,K203744,action,INTERPRETATION_OR_DIAGNOSIS
K203744:action,K203744,action,MONITORING_OR_FOLLOW_UP
K203744:action,K203744,action,WORKFLOW_OR_DOCUMENTATION
K203783:input,K203783,input,MEDICAL_IMAGE
K203783:output,K203783,output,DOCUMENTATION_OR_SUMMARY
K203783:output,K203783,output,MEASUREMENT_OR_QUANTIFICATION
K203783:output,K203783,output,RECONSTRUCTION_OR_ENHANCEMENT
K203783:output,K203783,output,SEGMENTATION_OR_LOCALIZATION
K203783:user,K203783,user,OTHER_PHYSICIAN
K203783:setting,K203783,setting,DIAGNOSTIC_INTERPRETATION
K203783:action,K203783,action,INTERPRETATION_OR_DIAGNOSIS
K203783:action,K203783,action,WORKFLOW_OR_DOCUMENTATION
K203785:input,K203785,input,MEDICAL_IMAGE
K203785:output,K203785,output,CLASSIFICATION_OR_DIAGNOSIS
K203785:output,K203785,output,DOCUMENTATION_OR_SUMMARY
K203785:output,K203785,output,MEASUREMENT_OR_QUANTIFICATION
K203785:user,K203785,user,OTHER_PHYSICIAN
K203785:user,K203785,user,RADIOLOGIST
K203785:setting,K203785,setting,DIAGNOSTIC_INTERPRETATION
K203785:action,K203785,action,INTERPRETATION_OR_DIAGNOSIS
K203785:action,K203785,action,WORKFLOW_OR_DOCUMENTATION
K203822:input,K203822,input,MEDICAL_IMAGE
K203822:output,K203822,output,DETECTION_OR_ALERT
K203822:output,K203822,output,RISK_SCORE_OR_PREDICTION
K203822:output,K203822,output,SEGMENTATION_OR_LOCALIZATION
K203822:user,K203822,user,OTHER_PHYSICIAN
K203822:user,K203822,user,RADIOLOGIST
K203822:setting,K203822,setting,DIAGNOSTIC_INTERPRETATION
K203822:action,K203822,action,INTERPRETATION_OR_DIAGNOSIS
K210001:input,K210001,input,MEDICAL_IMAGE
K210001:output,K210001,output,RECONSTRUCTION_OR_ENHANCEMENT
K210001:user,K210001,user,OTHER_PHYSICIAN
K210001:user,K210001,user,RADIOLOGIST
K210001:setting,K210001,setting,OTHER
K210001:action,K210001,action,WORKFLOW_OR_DOCUMENTATION
K210034:input,K210034,input,AUDIO_OR_VIDEO
K210034:input,K210034,input,PHYSIOLOGICAL_SIGNAL
K210034:output,K210034,output,CLASSIFICATION_OR_DIAGNOSIS
K210034:output,K210034,output,DETECTION_OR_ALERT
K210034:output,K210034,output,DOCUMENTATION_OR_SUMMARY
K210034:output,K210034,output,MEASUREMENT_OR_QUANTIFICATION
K210034:user,K210034,user,OTHER_PHYSICIAN
K210034:user,K210034,user,TECHNOLOGIST_OR_OPERATOR
K210034:setting,K210034,setting,DIAGNOSTIC_INTERPRETATION
K210034:setting,K210034,setting,HOME_OR_CONSUMER
K210034:setting,K210034,setting,OTHER
K210034:action,K210034,action,INTERPRETATION_OR_DIAGNOSIS
K210034:action,K210034,action,WORKFLOW_OR_DOCUMENTATION
K210053:input,K210053,input,MEDICAL_IMAGE
K210053:output,K210053,output,MEASUREMENT_OR_QUANTIFICATION
K210053:setting,K210053,setting,DIAGNOSTIC_INTERPRETATION
K210053:action,K210053,action,INTERPRETATION_OR_DIAGNOSIS
K210069:input,K210069,input,OTHER
K210069:output,K210069,output,MEASUREMENT_OR_QUANTIFICATION
K210069:user,K210069,user,OTHER_CLINICIAN
K210069:user,K210069,user,PATIENT_OR_CAREGIVER
K210069:setting,K210069,setting,HOME_OR_CONSUMER
K210069:action,K210069,action,INTERPRETATION_OR_DIAGNOSIS
K210069:action,K210069,action,PATIENT_SELF_MANAGEMENT
K210071:input,K210071,input,MEDICAL_IMAGE
K210071:output,K210071,output,RECONSTRUCTION_OR_ENHANCEMENT
K210071:output,K210071,output,SEGMENTATION_OR_LOCALIZATION
K210071:user,K210071,user,OTHER_CLINICIAN
K210071:user,K210071,user,OTHER_PHYSICIAN
K210071:user,K210071,user,RADIOLOGIST
K210071:setting,K210071,setting,PROCEDURAL_OR_OPERATING_ROOM
K210071:action,K210071,action,TREATMENT_OR_PROCEDURE_PLANNING
K210085:input,K210085,input,MEDICAL_IMAGE
K210085:output,K210085,output,CLASSIFICATION_OR_DIAGNOSIS
K210085:output,K210085,output,DETECTION_OR_ALERT
K210085:output,K210085,output,DOCUMENTATION_OR_SUMMARY
K210085:output,K210085,output,MEASUREMENT_OR_QUANTIFICATION
K210085:output,K210085,output,SEGMENTATION_OR_LOCALIZATION
K210085:user,K210085,user,RADIOLOGIST
K210085:setting,K210085,setting,DIAGNOSTIC_INTERPRETATION
K210085:setting,K210085,setting,INPATIENT
K210085:setting,K210085,setting,OUTPATIENT
K210085:setting,K210085,setting,SCREENING
K210085:action,K210085,action,INTERPRETATION_OR_DIAGNOSIS
K210085:action,K210085,action,WORKFLOW_OR_DOCUMENTATION
K210187:input,K210187,input,MEDICAL_IMAGE
K210187:output,K210187,output,MEASUREMENT_OR_QUANTIFICATION
K210187:output,K210187,output,SEGMENTATION_OR_LOCALIZATION
K210187:user,K210187,user,OTHER_CLINICIAN
K210187:user,K210187,user,OTHER_PHYSICIAN
K210187:setting,K210187,setting,DIAGNOSTIC_INTERPRETATION
K210187:action,K210187,action,INTERPRETATION_OR_DIAGNOSIS
K210209:input,K210209,input,MEDICAL_IMAGE
K210209:output,K210209,output,DETECTION_OR_ALERT
K210209:output,K210209,output,OTHER
K210209:user,K210209,user,OTHER_PHYSICIAN
K210209:setting,K210209,setting,ACUTE_TRIAGE_OR_EMERGENCY
K210209:setting,K210209,setting,OTHER
K210209:action,K210209,action,TRIAGE_OR_PRIORITIZATION
K210237:input,K210237,input,MEDICAL_IMAGE
K210237:output,K210237,output,DETECTION_OR_ALERT
K210237:output,K210237,output,OTHER
K210237:user,K210237,user,RADIOLOGIST
K210237:setting,K210237,setting,ACUTE_TRIAGE_OR_EMERGENCY
K210237:setting,K210237,setting,OTHER
K210237:action,K210237,action,TRIAGE_OR_PRIORITIZATION
K210365:input,K210365,input,MEDICAL_IMAGE
K210365:output,K210365,output,DETECTION_OR_ALERT
K210365:output,K210365,output,SEGMENTATION_OR_LOCALIZATION
K210365:user,K210365,user,OTHER_CLINICIAN
K210365:setting,K210365,setting,DIAGNOSTIC_INTERPRETATION
K210365:setting,K210365,setting,OTHER
K210365:action,K210365,action,INTERPRETATION_OR_DIAGNOSIS
K210404:input,K210404,input,MEDICAL_IMAGE
K210404:output,K210404,output,DETECTION_OR_ALERT
K210404:output,K210404,output,RISK_SCORE_OR_PREDICTION
K210404:output,K210404,output,SEGMENTATION_OR_LOCALIZATION
K210404:user,K210404,user,OTHER_PHYSICIAN
K210404:setting,K210404,setting,OTHER
K210404:setting,K210404,setting,SCREENING
K210404:action,K210404,action,INTERPRETATION_OR_DIAGNOSIS
K210458:input,K210458,input,MEDICAL_IMAGE
K210458:output,K210458,output,OTHER
K210458:user,K210458,user,OTHER_PHYSICIAN
K210458:setting,K210458,setting,PROCEDURAL_OR_OPERATING_ROOM
K210458:action,K210458,action,TREATMENT_OR_PROCEDURE_PLANNING
K210484:input,K210484,input,PHYSIOLOGICAL_SIGNAL
K210484:output,K210484,output,CLASSIFICATION_OR_DIAGNOSIS
K210484:output,K210484,output,DETECTION_OR_ALERT
K210484:setting,K210484,setting,MONITORING
K210484:action,K210484,action,MONITORING_OR_FOLLOW_UP
K210484:action,K210484,action,WORKFLOW_OR_DOCUMENTATION
K210543:input,K210543,input,DEVICE_TELEMETRY_OR_OPERATIONAL
K210543:input,K210543,input,PHYSIOLOGICAL_SIGNAL
K210543:output,K210543,output,CLASSIFICATION_OR_DIAGNOSIS
K210543:output,K210543,output,SEGMENTATION_OR_LOCALIZATION
K210543:user,K210543,user,OTHER_CLINICIAN
K210543:user,K210543,user,OTHER_PHYSICIAN
K210543:setting,K210543,setting,DIAGNOSTIC_INTERPRETATION
K210543:setting,K210543,setting,MONITORING
K210543:action,K210543,action,INTERPRETATION_OR_DIAGNOSIS
K210543:action,K210543,action,MONITORING_OR_FOLLOW_UP
K210556:input,K210556,input,MEDICAL_IMAGE
K210556:output,K210556,output,RECONSTRUCTION_OR_ENHANCEMENT
K210556:user,K210556,user,OTHER_PHYSICIAN
K210556:setting,K210556,setting,OTHER
K210556:action,K210556,action,TREATMENT_OR_PROCEDURE_PLANNING
K210611:input,K210611,input,MEDICAL_IMAGE
K210611:output,K210611,output,RECONSTRUCTION_OR_ENHANCEMENT
K210611:user,K210611,user,OTHER_CLINICIAN
K210611:user,K210611,user,OTHER_PHYSICIAN
K210611:setting,K210611,setting,DIAGNOSTIC_INTERPRETATION
K210611:setting,K210611,setting,OTHER
K210611:action,K210611,action,INTERPRETATION_OR_DIAGNOSIS
K210611:action,K210611,action,WORKFLOW_OR_DOCUMENTATION
K210632:input,K210632,input,MEDICAL_IMAGE
K210632:output,K210632,output,SEGMENTATION_OR_LOCALIZATION
K210632:user,K210632,user,OTHER_CLINICIAN
K210632:setting,K210632,setting,MONITORING
K210632:setting,K210632,setting,OTHER
K210632:action,K210632,action,MONITORING_OR_FOLLOW_UP
K210632:action,K210632,action,TREATMENT_OR_PROCEDURE_PLANNING
K210645:input,K210645,input,MEDICAL_IMAGE
K210645:output,K210645,output,RECOMMENDATION_OR_PLANNING
K210645:output,K210645,output,SEGMENTATION_OR_LOCALIZATION
K210645:user,K210645,user,OTHER_CLINICIAN
K210645:setting,K210645,setting,OTHER
K210645:action,K210645,action,TREATMENT_OR_PROCEDURE_PLANNING
K210666:input,K210666,input,MEDICAL_IMAGE
K210666:output,K210666,output,CLASSIFICATION_OR_DIAGNOSIS
K210666:output,K210666,output,DETECTION_OR_ALERT
K210666:output,K210666,output,SEGMENTATION_OR_LOCALIZATION
K210666:user,K210666,user,OTHER_PHYSICIAN
K210666:setting,K210666,setting,DIAGNOSTIC_INTERPRETATION
K210666:action,K210666,action,INTERPRETATION_OR_DIAGNOSIS
K210670:input,K210670,input,MEDICAL_IMAGE
K210670:output,K210670,output,CLASSIFICATION_OR_DIAGNOSIS
K210670:output,K210670,output,DETECTION_OR_ALERT
K210670:output,K210670,output,DOCUMENTATION_OR_SUMMARY
K210670:output,K210670,output,RISK_SCORE_OR_PREDICTION
K210670:output,K210670,output,SEGMENTATION_OR_LOCALIZATION
K210670:user,K210670,user,OTHER_PHYSICIAN
K210670:setting,K210670,setting,DIAGNOSTIC_INTERPRETATION
K210670:action,K210670,action,INTERPRETATION_OR_DIAGNOSIS
K210670:action,K210670,action,WORKFLOW_OR_DOCUMENTATION
K210719:input,K210719,input,MEDICAL_IMAGE
K210719:output,K210719,output,CLASSIFICATION_OR_DIAGNOSIS
K210719:output,K210719,output,DOCUMENTATION_OR_SUMMARY
K210719:user,K210719,user,OTHER
K210719:user,K210719,user,OTHER_CLINICIAN
K210719:user,K210719,user,OTHER_PHYSICIAN
K210719:setting,K210719,setting,DIAGNOSTIC_INTERPRETATION
K210719:setting,K210719,setting,OTHER
K210719:action,K210719,action,WORKFLOW_OR_DOCUMENTATION
K210747:input,K210747,input,MEDICAL_IMAGE
K210747:output,K210747,output,MEASUREMENT_OR_QUANTIFICATION
K210747:output,K210747,output,OTHER
K210747:user,K210747,user,OTHER_CLINICIAN
K210747:setting,K210747,setting,DIAGNOSTIC_INTERPRETATION
K210747:action,K210747,action,INTERPRETATION_OR_DIAGNOSIS
K210760:input,K210760,input,MEDICAL_IMAGE
K210760:output,K210760,output,RECONSTRUCTION_OR_ENHANCEMENT
K210760:user,K210760,user,RADIOLOGIST
K210760:setting,K210760,setting,DIAGNOSTIC_INTERPRETATION
K210760:setting,K210760,setting,OTHER
K210760:action,K210760,action,INTERPRETATION_OR_DIAGNOSIS
K210760:action,K210760,action,WORKFLOW_OR_DOCUMENTATION
K210791:input,K210791,input,MEDICAL_IMAGE
K210791:output,K210791,output,DOCUMENTATION_OR_SUMMARY
K210791:output,K210791,output,MEASUREMENT_OR_QUANTIFICATION
K210791:output,K210791,output,SEGMENTATION_OR_LOCALIZATION
K210791:user,K210791,user,OTHER_CLINICIAN
K210791:user,K210791,user,OTHER_PHYSICIAN
K210791:user,K210791,user,TECHNOLOGIST_OR_OPERATOR
K210791:setting,K210791,setting,DIAGNOSTIC_INTERPRETATION
K210791:action,K210791,action,INTERPRETATION_OR_DIAGNOSIS
K210791:action,K210791,action,WORKFLOW_OR_DOCUMENTATION
K210807:input,K210807,input,MEDICAL_IMAGE
K210807:output,K210807,output,OTHER
K210807:output,K210807,output,SEGMENTATION_OR_LOCALIZATION
K210807:user,K210807,user,OTHER_PHYSICIAN
K210807:setting,K210807,setting,PROCEDURAL_OR_OPERATING_ROOM
K210807:action,K210807,action,TREATMENT_OR_PROCEDURE_PLANNING
K210822:input,K210822,input,PHYSIOLOGICAL_SIGNAL
K210822:output,K210822,output,CLASSIFICATION_OR_DIAGNOSIS
K210822:output,K210822,output,DETECTION_OR_ALERT
K210822:output,K210822,output,MEASUREMENT_OR_QUANTIFICATION
K210822:user,K210822,user,OTHER
K210822:user,K210822,user,OTHER_CLINICIAN
K210822:user,K210822,user,OTHER_PHYSICIAN
K210822:user,K210822,user,TECHNOLOGIST_OR_OPERATOR
K210822:setting,K210822,setting,DIAGNOSTIC_INTERPRETATION
K210822:setting,K210822,setting,MONITORING
K210822:setting,K210822,setting,OTHER
K210822:action,K210822,action,INTERPRETATION_OR_DIAGNOSIS
K210822:action,K210822,action,MONITORING_OR_FOLLOW_UP
K210831:input,K210831,input,MEDICAL_IMAGE
K210831:output,K210831,output,DOCUMENTATION_OR_SUMMARY
K210831:output,K210831,output,MEASUREMENT_OR_QUANTIFICATION
K210831:output,K210831,output,RECONSTRUCTION_OR_ENHANCEMENT
K210831:output,K210831,output,SEGMENTATION_OR_LOCALIZATION
K210831:user,K210831,user,OTHER_CLINICIAN
K210831:user,K210831,user,OTHER_PHYSICIAN
K210831:user,K210831,user,RADIOLOGIST
K210831:setting,K210831,setting,DIAGNOSTIC_INTERPRETATION
K210831:setting,K210831,setting,MONITORING
K210831:setting,K210831,setting,OTHER
K210831:action,K210831,action,INTERPRETATION_OR_DIAGNOSIS
K210831:action,K210831,action,MONITORING_OR_FOLLOW_UP
K210999:input,K210999,input,MEDICAL_IMAGE
K210999:output,K210999,output,RECONSTRUCTION_OR_ENHANCEMENT
K210999:user,K210999,user,TECHNOLOGIST_OR_OPERATOR
K210999:setting,K210999,setting,OTHER
K210999:action,K210999,action,WORKFLOW_OR_DOCUMENTATION
K211118:input,K211118,input,MEDICAL_IMAGE
K211118:output,K211118,output,RECONSTRUCTION_OR_ENHANCEMENT
K211118:user,K211118,user,OTHER_PHYSICIAN
K211118:user,K211118,user,TECHNOLOGIST_OR_OPERATOR
K211118:setting,K211118,setting,DIAGNOSTIC_INTERPRETATION
K211118:setting,K211118,setting,OTHER
K211118:action,K211118,action,INTERPRETATION_OR_DIAGNOSIS
K211118:action,K211118,action,WORKFLOW_OR_DOCUMENTATION
K211161:input,K211161,input,MEDICAL_IMAGE
K211161:output,K211161,output,DETECTION_OR_ALERT
K211161:output,K211161,output,MEASUREMENT_OR_QUANTIFICATION
K211161:output,K211161,output,SEGMENTATION_OR_LOCALIZATION
K211161:user,K211161,user,OTHER_CLINICIAN
K211161:user,K211161,user,RADIOLOGIST
K211161:setting,K211161,setting,ACUTE_TRIAGE_OR_EMERGENCY
K211161:setting,K211161,setting,PROCEDURAL_OR_OPERATING_ROOM
K211161:action,K211161,action,INTERPRETATION_OR_DIAGNOSIS
K211161:action,K211161,action,TREATMENT_OR_PROCEDURE_PLANNING
K211161:action,K211161,action,TRIAGE_OR_PRIORITIZATION
K211179:input,K211179,input,MEDICAL_IMAGE
K211179:output,K211179,output,DETECTION_OR_ALERT
K211179:output,K211179,output,OTHER
K211179:user,K211179,user,RADIOLOGIST
K211179:setting,K211179,setting,ACUTE_TRIAGE_OR_EMERGENCY
K211179:setting,K211179,setting,OTHER
K211179:action,K211179,action,TRIAGE_OR_PRIORITIZATION
K211222:input,K211222,input,MEDICAL_IMAGE
K211222:output,K211222,output,DOCUMENTATION_OR_SUMMARY
K211222:output,K211222,output,MEASUREMENT_OR_QUANTIFICATION
K211222:output,K211222,output,SEGMENTATION_OR_LOCALIZATION
K211222:setting,K211222,setting,MONITORING
K211222:setting,K211222,setting,OTHER
K211222:action,K211222,action,MONITORING_OR_FOLLOW_UP
K211222:action,K211222,action,WORKFLOW_OR_DOCUMENTATION
K211279:input,K211279,input,MEDICAL_IMAGE
K211279:output,K211279,output,CLASSIFICATION_OR_DIAGNOSIS
K211279:output,K211279,output,DOCUMENTATION_OR_SUMMARY
K211279:output,K211279,output,MEASUREMENT_OR_QUANTIFICATION
K211279:output,K211279,output,SEGMENTATION_OR_LOCALIZATION
K211279:user,K211279,user,OTHER_CLINICIAN
K211279:user,K211279,user,OTHER_PHYSICIAN
K211279:setting,K211279,setting,SCREENING
K211279:action,K211279,action,INTERPRETATION_OR_DIAGNOSIS
K211279:action,K211279,action,WORKFLOW_OR_DOCUMENTATION
K211326:input,K211326,input,MEDICAL_IMAGE
K211326:output,K211326,output,DETECTION_OR_ALERT
K211326:output,K211326,output,SEGMENTATION_OR_LOCALIZATION
K211326:user,K211326,user,OTHER_PHYSICIAN
K211326:setting,K211326,setting,PROCEDURAL_OR_OPERATING_ROOM
K211326:action,K211326,action,INTERPRETATION_OR_DIAGNOSIS
K211379:input,K211379,input,MEDICAL_IMAGE
K211379:output,K211379,output,RECONSTRUCTION_OR_ENHANCEMENT
K211379:output,K211379,output,SEGMENTATION_OR_LOCALIZATION
K211379:user,K211379,user,OTHER_CLINICIAN
K211379:setting,K211379,setting,OTHER
K211379:action,K211379,action,TREATMENT_OR_PROCEDURE_PLANNING
K211431:input,K211431,input,MEDICAL_IMAGE
K211431:output,K211431,output,DOCUMENTATION_OR_SUMMARY
K211431:output,K211431,output,MEASUREMENT_OR_QUANTIFICATION
K211431:output,K211431,output,RECOMMENDATION_OR_PLANNING
K211431:output,K211431,output,RECONSTRUCTION_OR_ENHANCEMENT
K211431:output,K211431,output,SEGMENTATION_OR_LOCALIZATION
K211431:user,K211431,user,OTHER_PHYSICIAN
K211431:user,K211431,user,TECHNOLOGIST_OR_OPERATOR
K211431:setting,K211431,setting,DIAGNOSTIC_INTERPRETATION
K211431:setting,K211431,setting,MONITORING
K211431:setting,K211431,setting,PROCEDURAL_OR_OPERATING_ROOM
K211431:setting,K211431,setting,SCREENING
K211431:action,K211431,action,INTERPRETATION_OR_DIAGNOSIS
K211431:action,K211431,action,MONITORING_OR_FOLLOW_UP
K211431:action,K211431,action,TREATMENT_OR_PROCEDURE_PLANNING
K211431:action,K211431,action,WORKFLOW_OR_DOCUMENTATION
K211443:input,K211443,input,MEDICAL_IMAGE
K211443:output,K211443,output,SEGMENTATION_OR_LOCALIZATION
K211443:user,K211443,user,RADIOLOGIST
K211443:setting,K211443,setting,OTHER
K211443:setting,K211443,setting,PROCEDURAL_OR_OPERATING_ROOM
K211443:action,K211443,action,TREATMENT_OR_PROCEDURE_PLANNING
K211459:input,K211459,input,MEDICAL_IMAGE
K211459:output,K211459,output,MEASUREMENT_OR_QUANTIFICATION
K211459:output,K211459,output,SEGMENTATION_OR_LOCALIZATION
K211459:user,K211459,user,OTHER_CLINICIAN
K211459:user,K211459,user,OTHER_PHYSICIAN
K211459:setting,K211459,setting,DIAGNOSTIC_INTERPRETATION
K211459:action,K211459,action,INTERPRETATION_OR_DIAGNOSIS
K211506:input,K211506,input,MEDICAL_IMAGE
K211506:output,K211506,output,CLASSIFICATION_OR_DIAGNOSIS
K211506:output,K211506,output,DOCUMENTATION_OR_SUMMARY
K211506:output,K211506,output,MEASUREMENT_OR_QUANTIFICATION
K211506:user,K211506,user,RADIOLOGIST
K211506:setting,K211506,setting,DIAGNOSTIC_INTERPRETATION
K211506:action,K211506,action,INTERPRETATION_OR_DIAGNOSIS
K211541:input,K211541,input,MEDICAL_IMAGE
K211541:output,K211541,output,DETECTION_OR_ALERT
K211541:output,K211541,output,DOCUMENTATION_OR_SUMMARY
K211541:output,K211541,output,RISK_SCORE_OR_PREDICTION
K211541:output,K211541,output,SEGMENTATION_OR_LOCALIZATION
K211541:user,K211541,user,OTHER_PHYSICIAN
K211541:setting,K211541,setting,SCREENING
K211541:action,K211541,action,INTERPRETATION_OR_DIAGNOSIS
K211597:input,K211597,input,MEDICAL_IMAGE
K211597:output,K211597,output,MEASUREMENT_OR_QUANTIFICATION
K211597:user,K211597,user,OTHER_CLINICIAN
K211597:setting,K211597,setting,DIAGNOSTIC_INTERPRETATION
K211597:action,K211597,action,INTERPRETATION_OR_DIAGNOSIS
K211597:action,K211597,action,WORKFLOW_OR_DOCUMENTATION
K211611:input,K211611,input,MEDICAL_IMAGE
K211611:output,K211611,output,DOCUMENTATION_OR_SUMMARY
K211611:output,K211611,output,MEASUREMENT_OR_QUANTIFICATION
K211611:output,K211611,output,SEGMENTATION_OR_LOCALIZATION
K211611:user,K211611,user,OTHER_CLINICIAN
K211611:setting,K211611,setting,DIAGNOSTIC_INTERPRETATION
K211611:action,K211611,action,INTERPRETATION_OR_DIAGNOSIS
K211655:input,K211655,input,MEDICAL_IMAGE
K211655:output,K211655,output,DETECTION_OR_ALERT
K211655:output,K211655,output,DOCUMENTATION_OR_SUMMARY
K211655:output,K211655,output,MEASUREMENT_OR_QUANTIFICATION
K211655:output,K211655,output,SEGMENTATION_OR_LOCALIZATION
K211655:user,K211655,user,OTHER
K211655:user,K211655,user,OTHER_CLINICIAN
K211655:setting,K211655,setting,DIAGNOSTIC_INTERPRETATION
K211655:setting,K211655,setting,OTHER
K211655:action,K211655,action,INTERPRETATION_OR_DIAGNOSIS
K211655:action,K211655,action,WORKFLOW_OR_DOCUMENTATION
K211678:input,K211678,input,MEDICAL_IMAGE
K211678:output,K211678,output,DETECTION_OR_ALERT
K211678:output,K211678,output,RISK_SCORE_OR_PREDICTION
K211678:output,K211678,output,SEGMENTATION_OR_LOCALIZATION
K211678:user,K211678,user,OTHER_PHYSICIAN
K211678:setting,K211678,setting,SCREENING
K211678:action,K211678,action,INTERPRETATION_OR_DIAGNOSIS
K211733:input,K211733,input,MEDICAL_IMAGE
K211733:output,K211733,output,DETECTION_OR_ALERT
K211733:user,K211733,user,OTHER_PHYSICIAN
K211733:setting,K211733,setting,ACUTE_TRIAGE_OR_EMERGENCY
K211733:action,K211733,action,TRIAGE_OR_PRIORITIZATION
K211764:input,K211764,input,MEDICAL_IMAGE
K211764:output,K211764,output,RECONSTRUCTION_OR_ENHANCEMENT
K211764:setting,K211764,setting,DIAGNOSTIC_INTERPRETATION
K211764:setting,K211764,setting,MONITORING
K211764:action,K211764,action,INTERPRETATION_OR_DIAGNOSIS
K211764:action,K211764,action,MONITORING_OR_FOLLOW_UP
K211788:input,K211788,input,MEDICAL_IMAGE
K211788:output,K211788,output,DETECTION_OR_ALERT
K211788:output,K211788,output,OTHER
K211788:user,K211788,user,OTHER_PHYSICIAN
K211788:user,K211788,user,RADIOLOGIST
K211788:setting,K211788,setting,ACUTE_TRIAGE_OR_EMERGENCY
K211788:action,K211788,action,TRIAGE_OR_PRIORITIZATION
K211803:input,K211803,input,MEDICAL_IMAGE
K211803:output,K211803,output,DETECTION_OR_ALERT
K211803:output,K211803,output,OTHER
K211803:user,K211803,user,RADIOLOGIST
K211803:setting,K211803,setting,ACUTE_TRIAGE_OR_EMERGENCY
K211803:action,K211803,action,TRIAGE_OR_PRIORITIZATION
K211824:input,K211824,input,MEDICAL_IMAGE
K211824:output,K211824,output,CLASSIFICATION_OR_DIAGNOSIS
K211824:output,K211824,output,DOCUMENTATION_OR_SUMMARY
K211824:output,K211824,output,MEASUREMENT_OR_QUANTIFICATION
K211824:output,K211824,output,SEGMENTATION_OR_LOCALIZATION
K211824:user,K211824,user,OTHER_CLINICIAN
K211824:setting,K211824,setting,DIAGNOSTIC_INTERPRETATION
K211824:setting,K211824,setting,OTHER
K211824:action,K211824,action,INTERPRETATION_OR_DIAGNOSIS
K211824:action,K211824,action,WORKFLOW_OR_DOCUMENTATION
K211828:input,K211828,input,MEDICAL_IMAGE
K211828:output,K211828,output,RECONSTRUCTION_OR_ENHANCEMENT
K211828:user,K211828,user,OTHER_PHYSICIAN
K211828:setting,K211828,setting,DIAGNOSTIC_INTERPRETATION
K211828:setting,K211828,setting,OTHER
K211828:action,K211828,action,INTERPRETATION_OR_DIAGNOSIS
K211828:action,K211828,action,WORKFLOW_OR_DOCUMENTATION
K211841:input,K211841,input,MEDICAL_IMAGE
K211841:output,K211841,output,RECONSTRUCTION_OR_ENHANCEMENT
K211841:output,K211841,output,SEGMENTATION_OR_LOCALIZATION
K211841:user,K211841,user,OTHER_CLINICIAN
K211841:user,K211841,user,OTHER_PHYSICIAN
K211841:setting,K211841,setting,OTHER
K211841:action,K211841,action,TREATMENT_OR_PROCEDURE_PLANNING
K211846:input,K211846,input,MEDICAL_IMAGE
K211846:output,K211846,output,RECONSTRUCTION_OR_ENHANCEMENT
K211846:setting,K211846,setting,DIAGNOSTIC_INTERPRETATION
K211846:action,K211846,action,INTERPRETATION_OR_DIAGNOSIS
K211846:action,K211846,action,WORKFLOW_OR_DOCUMENTATION
K211867:input,K211867,input,MEDICAL_IMAGE
K211867:output,K211867,output,RECOMMENDATION_OR_PLANNING
K211867:output,K211867,output,SEGMENTATION_OR_LOCALIZATION
K211867:user,K211867,user,OTHER_CLINICIAN
K211867:setting,K211867,setting,OTHER
K211867:action,K211867,action,TREATMENT_OR_PROCEDURE_PLANNING
K211881:input,K211881,input,MEDICAL_IMAGE
K211881:output,K211881,output,SEGMENTATION_OR_LOCALIZATION
K211881:user,K211881,user,OTHER_CLINICIAN
K211881:user,K211881,user,OTHER_PHYSICIAN
K211881:setting,K211881,setting,OTHER
K211881:action,K211881,action,TREATMENT_OR_PROCEDURE_PLANNING
K211906:input,K211906,input,AUDIO_OR_VIDEO
K211906:output,K211906,output,MEASUREMENT_OR_QUANTIFICATION
K211906:user,K211906,user,OTHER
K211906:user,K211906,user,OTHER_CLINICIAN
K211906:setting,K211906,setting,MONITORING
K211906:setting,K211906,setting,OTHER
K211906:action,K211906,action,MONITORING_OR_FOLLOW_UP
K211945:input,K211945,input,MEDICAL_IMAGE
K211945:output,K211945,output,MEASUREMENT_OR_QUANTIFICATION
K211945:output,K211945,output,SEGMENTATION_OR_LOCALIZATION
K211945:user,K211945,user,OTHER_CLINICIAN
K211945:setting,K211945,setting,DIAGNOSTIC_INTERPRETATION
K211945:setting,K211945,setting,OTHER
K211945:action,K211945,action,INTERPRETATION_OR_DIAGNOSIS
K211951:input,K211951,input,MEDICAL_IMAGE
K211951:output,K211951,output,DETECTION_OR_ALERT
K211951:output,K211951,output,SEGMENTATION_OR_LOCALIZATION
K211951:user,K211951,user,OTHER_PHYSICIAN
K211951:setting,K211951,setting,MONITORING
K211951:setting,K211951,setting,PROCEDURAL_OR_OPERATING_ROOM
K211951:setting,K211951,setting,SCREENING
K211951:action,K211951,action,INTERPRETATION_OR_DIAGNOSIS
K211951:action,K211951,action,MONITORING_OR_FOLLOW_UP
K211964:input,K211964,input,MEDICAL_IMAGE
K211964:output,K211964,output,RECONSTRUCTION_OR_ENHANCEMENT
K211964:user,K211964,user,OTHER_PHYSICIAN
K211964:user,K211964,user,RADIOLOGIST
K211964:setting,K211964,setting,OTHER
K211964:action,K211964,action,WORKFLOW_OR_DOCUMENTATION
K211966:input,K211966,input,MEDICAL_IMAGE
K211966:output,K211966,output,SEGMENTATION_OR_LOCALIZATION
K211966:user,K211966,user,OTHER_CLINICIAN
K211966:setting,K211966,setting,DIAGNOSTIC_INTERPRETATION
K211966:setting,K211966,setting,OTHER
K211966:action,K211966,action,INTERPRETATION_OR_DIAGNOSIS
K211966:action,K211966,action,TREATMENT_OR_PROCEDURE_PLANNING
K212005:output,K212005,output,RISK_SCORE_OR_PREDICTION
K212005:user,K212005,user,OTHER
K212005:user,K212005,user,OTHER_CLINICIAN
K212005:user,K212005,user,OTHER_PHYSICIAN
K212005:setting,K212005,setting,OTHER
K212005:action,K212005,action,TREATMENT_OR_PROCEDURE_PLANNING
K212012:input,K212012,input,MEDICAL_IMAGE
K212012:output,K212012,output,DOCUMENTATION_OR_SUMMARY
K212012:output,K212012,output,MEASUREMENT_OR_QUANTIFICATION
K212012:user,K212012,user,OTHER_CLINICIAN
K212012:setting,K212012,setting,MONITORING
K212012:setting,K212012,setting,OTHER
K212012:action,K212012,action,INTERPRETATION_OR_DIAGNOSIS
K212012:action,K212012,action,MONITORING_OR_FOLLOW_UP
K212067:input,K212067,input,MEDICAL_IMAGE
K212067:output,K212067,output,RECONSTRUCTION_OR_ENHANCEMENT
K212067:setting,K212067,setting,OTHER
K212067:action,K212067,action,WORKFLOW_OR_DOCUMENTATION
K212074:input,K212074,input,MEDICAL_IMAGE
K212074:output,K212074,output,RECONSTRUCTION_OR_ENHANCEMENT
K212074:user,K212074,user,OTHER_PHYSICIAN
K212074:user,K212074,user,RADIOLOGIST
K212074:setting,K212074,setting,OTHER
K212074:action,K212074,action,WORKFLOW_OR_DOCUMENTATION
K212116:input,K212116,input,MEDICAL_IMAGE
K212116:output,K212116,output,OTHER
K212116:output,K212116,output,SEGMENTATION_OR_LOCALIZATION
K212116:user,K212116,user,OTHER_CLINICIAN
K212116:user,K212116,user,OTHER_PHYSICIAN
K212116:user,K212116,user,RADIOLOGIST
K212116:setting,K212116,setting,OTHER
K212116:action,K212116,action,TREATMENT_OR_PROCEDURE_PLANNING
K212218:input,K212218,input,MEDICAL_IMAGE
K212218:output,K212218,output,SEGMENTATION_OR_LOCALIZATION
K212218:user,K212218,user,OTHER
K212218:user,K212218,user,OTHER_CLINICIAN
K212218:setting,K212218,setting,OTHER
K212218:action,K212218,action,TREATMENT_OR_PROCEDURE_PLANNING
K212219:input,K212219,input,CLINICAL_TABULAR_OR_TEXT
K212219:input,K212219,input,PHYSIOLOGICAL_SIGNAL
K212219:output,K212219,output,CLASSIFICATION_OR_DIAGNOSIS
K212219:output,K212219,output,RISK_SCORE_OR_PREDICTION
K212219:user,K212219,user,OTHER_CLINICIAN
K212219:setting,K212219,setting,INPATIENT
K212219:setting,K212219,setting,MONITORING
K212219:action,K212219,action,MONITORING_OR_FOLLOW_UP
K212230:input,K212230,input,MEDICAL_IMAGE
K212230:output,K212230,output,RECONSTRUCTION_OR_ENHANCEMENT
K212230:user,K212230,user,OTHER_PHYSICIAN
K212230:setting,K212230,setting,DIAGNOSTIC_INTERPRETATION
K212230:action,K212230,action,INTERPRETATION_OR_DIAGNOSIS
K212230:action,K212230,action,WORKFLOW_OR_DOCUMENTATION
K212261:input,K212261,input,MEDICAL_IMAGE
K212261:output,K212261,output,DETECTION_OR_ALERT
K212261:output,K212261,output,OTHER
K212261:user,K212261,user,OTHER_CLINICIAN
K212261:user,K212261,user,OTHER_PHYSICIAN
K212261:setting,K212261,setting,ACUTE_TRIAGE_OR_EMERGENCY
K212261:action,K212261,action,TRIAGE_OR_PRIORITIZATION
K212265:input,K212265,input,MEDICAL_IMAGE
K212265:output,K212265,output,SEGMENTATION_OR_LOCALIZATION
K212265:user,K212265,user,OTHER_CLINICIAN
K212265:setting,K212265,setting,OTHER
K212265:action,K212265,action,OTHER
K212269:input,K212269,input,MEDICAL_IMAGE
K212269:output,K212269,output,RECONSTRUCTION_OR_ENHANCEMENT
K212269:setting,K212269,setting,ACUTE_TRIAGE_OR_EMERGENCY
K212269:setting,K212269,setting,DIAGNOSTIC_INTERPRETATION
K212269:setting,K212269,setting,INPATIENT
K212269:action,K212269,action,INTERPRETATION_OR_DIAGNOSIS
K212269:action,K212269,action,WORKFLOW_OR_DOCUMENTATION
K212274:input,K212274,input,MEDICAL_IMAGE
K212274:output,K212274,output,SEGMENTATION_OR_LOCALIZATION
K212274:user,K212274,user,OTHER_CLINICIAN
K212274:user,K212274,user,OTHER_PHYSICIAN
K212274:setting,K212274,setting,OTHER
K212274:action,K212274,action,TREATMENT_OR_PROCEDURE_PLANNING
K212333:input,K212333,input,MEDICAL_IMAGE
K212333:output,K212333,output,SEGMENTATION_OR_LOCALIZATION
K212333:user,K212333,user,OTHER_CLINICIAN
K212333:user,K212333,user,OTHER_PHYSICIAN
K212333:setting,K212333,setting,DIAGNOSTIC_INTERPRETATION
K212333:setting,K212333,setting,OTHER
K212333:action,K212333,action,INTERPRETATION_OR_DIAGNOSIS
K212333:action,K212333,action,WORKFLOW_OR_DOCUMENTATION
K212365:input,K212365,input,MEDICAL_IMAGE
K212365:output,K212365,output,CLASSIFICATION_OR_DIAGNOSIS
K212365:output,K212365,output,DETECTION_OR_ALERT
K212365:output,K212365,output,DOCUMENTATION_OR_SUMMARY
K212365:output,K212365,output,SEGMENTATION_OR_LOCALIZATION
K212365:user,K212365,user,OTHER_CLINICIAN
K212365:user,K212365,user,OTHER_PHYSICIAN
K212365:user,K212365,user,RADIOLOGIST
K212365:setting,K212365,setting,ACUTE_TRIAGE_OR_EMERGENCY
K212365:setting,K212365,setting,DIAGNOSTIC_INTERPRETATION
K212365:setting,K212365,setting,OTHER
K212365:action,K212365,action,INTERPRETATION_OR_DIAGNOSIS
K212383:input,K212383,input,MEDICAL_IMAGE
K212383:output,K212383,output,OTHER
K212383:setting,K212383,setting,PROCEDURAL_OR_OPERATING_ROOM
K212383:action,K212383,action,OTHER
K212441:input,K212441,input,MEDICAL_IMAGE
K212441:output,K212441,output,RECONSTRUCTION_OR_ENHANCEMENT
K212441:setting,K212441,setting,DIAGNOSTIC_INTERPRETATION
K212441:setting,K212441,setting,SCREENING
K212441:action,K212441,action,INTERPRETATION_OR_DIAGNOSIS
K212441:action,K212441,action,WORKFLOW_OR_DOCUMENTATION
K212442:input,K212442,input,MEDICAL_IMAGE
K212442:output,K212442,output,OTHER
K212442:user,K212442,user,OTHER_CLINICIAN
K212442:user,K212442,user,OTHER_PHYSICIAN
K212442:user,K212442,user,RADIOLOGIST
K212442:user,K212442,user,TECHNOLOGIST_OR_OPERATOR
K212442:setting,K212442,setting,OTHER
K212442:setting,K212442,setting,PROCEDURAL_OR_OPERATING_ROOM
K212442:action,K212442,action,OTHER
K212442:action,K212442,action,TREATMENT_OR_PROCEDURE_PLANNING
K212456:input,K212456,input,MEDICAL_IMAGE
K212456:output,K212456,output,RECONSTRUCTION_OR_ENHANCEMENT
K212456:user,K212456,user,OTHER_PHYSICIAN
K212456:setting,K212456,setting,ACUTE_TRIAGE_OR_EMERGENCY
K212456:setting,K212456,setting,DIAGNOSTIC_INTERPRETATION
K212456:setting,K212456,setting,INPATIENT
K212456:setting,K212456,setting,OTHER
K212456:action,K212456,action,INTERPRETATION_OR_DIAGNOSIS
K212466:input,K212466,input,MEDICAL_IMAGE
K212466:output,K212466,output,MEASUREMENT_OR_QUANTIFICATION
K212466:user,K212466,user,OTHER_CLINICIAN
K212466:setting,K212466,setting,OTHER
K212466:action,K212466,action,INTERPRETATION_OR_DIAGNOSIS
K212466:action,K212466,action,WORKFLOW_OR_DOCUMENTATION
K212516:input,K212516,input,PHYSIOLOGICAL_SIGNAL
K212516:output,K212516,output,DETECTION_OR_ALERT
K212516:output,K212516,output,DOCUMENTATION_OR_SUMMARY
K212516:user,K212516,user,PATIENT_OR_CAREGIVER
K212516:setting,K212516,setting,HOME_OR_CONSUMER
K212516:setting,K212516,setting,SCREENING
K212516:action,K212516,action,PATIENT_SELF_MANAGEMENT
K212516:action,K212516,action,REFERRAL_OR_ESCALATION
K212519:input,K212519,input,MEDICAL_IMAGE
K212519:output,K212519,output,DETECTION_OR_ALERT
K212519:output,K212519,output,SEGMENTATION_OR_LOCALIZATION
K212519:user,K212519,user,OTHER_PHYSICIAN
K212519:setting,K212519,setting,DIAGNOSTIC_INTERPRETATION
K212519:setting,K212519,setting,OTHER
K212519:action,K212519,action,INTERPRETATION_OR_DIAGNOSIS
K212616:input,K212616,input,MEDICAL_IMAGE
K212616:output,K212616,output,CLASSIFICATION_OR_DIAGNOSIS
K212616:output,K212616,output,DOCUMENTATION_OR_SUMMARY
K212616:output,K212616,output,RISK_SCORE_OR_PREDICTION
K212616:user,K212616,user,OTHER_CLINICIAN
K212616:user,K212616,user,OTHER_PHYSICIAN
K212616:user,K212616,user,TECHNOLOGIST_OR_OPERATOR
K212616:setting,K212616,setting,DIAGNOSTIC_INTERPRETATION
K212616:setting,K212616,setting,MONITORING
K212616:action,K212616,action,INTERPRETATION_OR_DIAGNOSIS
K212616:action,K212616,action,MONITORING_OR_FOLLOW_UP
K212624:input,K212624,input,MEDICAL_IMAGE
K212624:output,K212624,output,DOCUMENTATION_OR_SUMMARY
K212624:output,K212624,output,MEASUREMENT_OR_QUANTIFICATION
K212624:output,K212624,output,SEGMENTATION_OR_LOCALIZATION
K212624:user,K212624,user,OTHER_CLINICIAN
K212624:user,K212624,user,OTHER_PHYSICIAN
K212624:setting,K212624,setting,DIAGNOSTIC_INTERPRETATION
K212624:setting,K212624,setting,MONITORING
K212624:setting,K212624,setting,OTHER
K212624:action,K212624,action,INTERPRETATION_OR_DIAGNOSIS
K212624:action,K212624,action,MONITORING_OR_FOLLOW_UP
K212654:output,K212654,output,RECOMMENDATION_OR_PLANNING
K212654:user,K212654,user,OTHER_CLINICIAN
K212654:setting,K212654,setting,DIAGNOSTIC_INTERPRETATION
K212654:setting,K212654,setting,OTHER
K212654:action,K212654,action,THERAPY_DOSE_OR_DEVICE_CONTROL
K212662:input,K212662,input,PHYSIOLOGICAL_SIGNAL
K212662:output,K212662,output,MEASUREMENT_OR_QUANTIFICATION
K212662:user,K212662,user,OTHER_CLINICIAN
K212662:user,K212662,user,TECHNOLOGIST_OR_OPERATOR
K212662:setting,K212662,setting,OTHER
K212662:action,K212662,action,WORKFLOW_OR_DOCUMENTATION
K212690:input,K212690,input,MEDICAL_IMAGE
K212690:output,K212690,output,DOCUMENTATION_OR_SUMMARY
K212690:output,K212690,output,SEGMENTATION_OR_LOCALIZATION
K212690:user,K212690,user,OTHER_PHYSICIAN
K212690:user,K212690,user,RADIOLOGIST
K212690:setting,K212690,setting,OTHER
K212690:action,K212690,action,OTHER
K212758:input,K212758,input,MEDICAL_IMAGE
K212758:output,K212758,output,MEASUREMENT_OR_QUANTIFICATION
K212758:output,K212758,output,SEGMENTATION_OR_LOCALIZATION
K212758:user,K212758,user,OTHER_CLINICIAN
K212758:user,K212758,user,OTHER_PHYSICIAN
K212758:user,K212758,user,RADIOLOGIST
K212758:user,K212758,user,TECHNOLOGIST_OR_OPERATOR
K212758:setting,K212758,setting,DIAGNOSTIC_INTERPRETATION
K212758:action,K212758,action,INTERPRETATION_OR_DIAGNOSIS
K212758:action,K212758,action,TREATMENT_OR_PROCEDURE_PLANNING
K212783:input,K212783,input,MEDICAL_IMAGE
K212783:output,K212783,output,CLASSIFICATION_OR_DIAGNOSIS
K212783:output,K212783,output,DETECTION_OR_ALERT
K212783:output,K212783,output,DOCUMENTATION_OR_SUMMARY
K212783:output,K212783,output,MEASUREMENT_OR_QUANTIFICATION
K212783:output,K212783,output,RISK_SCORE_OR_PREDICTION
K212783:output,K212783,output,SEGMENTATION_OR_LOCALIZATION
K212783:user,K212783,user,OTHER_PHYSICIAN
K212783:user,K212783,user,RADIOLOGIST
K212783:setting,K212783,setting,DIAGNOSTIC_INTERPRETATION
K212783:setting,K212783,setting,SCREENING
K212783:action,K212783,action,INTERPRETATION_OR_DIAGNOSIS
K212915:input,K212915,input,MEDICAL_IMAGE
K212915:output,K212915,output,SEGMENTATION_OR_LOCALIZATION
K212915:user,K212915,user,OTHER_CLINICIAN
K212915:setting,K212915,setting,OTHER
K212915:action,K212915,action,TREATMENT_OR_PROCEDURE_PLANNING
K212960:input,K212960,input,MEDICAL_IMAGE
K212960:output,K212960,output,SEGMENTATION_OR_LOCALIZATION
K212960:user,K212960,user,OTHER_CLINICIAN
K212960:user,K212960,user,OTHER_PHYSICIAN
K212960:setting,K212960,setting,DIAGNOSTIC_INTERPRETATION
K212960:setting,K212960,setting,OTHER
K212960:action,K212960,action,INTERPRETATION_OR_DIAGNOSIS
K212960:action,K212960,action,WORKFLOW_OR_DOCUMENTATION
K213037:input,K213037,input,MEDICAL_IMAGE
K213037:output,K213037,output,CLASSIFICATION_OR_DIAGNOSIS
K213037:output,K213037,output,OTHER
K213037:output,K213037,output,RECOMMENDATION_OR_PLANNING
K213037:user,K213037,user,OTHER_CLINICIAN
K213037:setting,K213037,setting,SCREENING
K213037:action,K213037,action,MONITORING_OR_FOLLOW_UP
K213037:action,K213037,action,REFERRAL_OR_ESCALATION
K213096:input,K213096,input,MEDICAL_IMAGE
K213096:output,K213096,output,DOCUMENTATION_OR_SUMMARY
K213096:output,K213096,output,MEASUREMENT_OR_QUANTIFICATION
K213096:output,K213096,output,SEGMENTATION_OR_LOCALIZATION
K213096:user,K213096,user,OTHER_PHYSICIAN
K213096:user,K213096,user,RADIOLOGIST
K213096:setting,K213096,setting,ACUTE_TRIAGE_OR_EMERGENCY
K213096:setting,K213096,setting,DIAGNOSTIC_INTERPRETATION
K213096:setting,K213096,setting,OTHER
K213096:action,K213096,action,INTERPRETATION_OR_DIAGNOSIS
K213155:input,K213155,input,MEDICAL_IMAGE
K213155:output,K213155,output,SEGMENTATION_OR_LOCALIZATION
K213155:user,K213155,user,OTHER_CLINICIAN
K213155:setting,K213155,setting,OTHER
K213155:action,K213155,action,MONITORING_OR_FOLLOW_UP
K213155:action,K213155,action,TREATMENT_OR_PROCEDURE_PLANNING
K213165:input,K213165,input,MEDICAL_IMAGE
K213165:output,K213165,output,DETECTION_OR_ALERT
K213165:output,K213165,output,DOCUMENTATION_OR_SUMMARY
K213165:user,K213165,user,OTHER_CLINICIAN
K213165:user,K213165,user,OTHER_PHYSICIAN
K213165:user,K213165,user,TECHNOLOGIST_OR_OPERATOR
K213165:setting,K213165,setting,OTHER
K213165:action,K213165,action,WORKFLOW_OR_DOCUMENTATION
K213272:input,K213272,input,MEDICAL_IMAGE
K213272:output,K213272,output,DOCUMENTATION_OR_SUMMARY
K213272:output,K213272,output,MEASUREMENT_OR_QUANTIFICATION
K213272:output,K213272,output,RECOMMENDATION_OR_PLANNING
K213272:output,K213272,output,SEGMENTATION_OR_LOCALIZATION
K213272:user,K213272,user,OTHER_CLINICIAN
K213272:user,K213272,user,OTHER_PHYSICIAN
K213272:setting,K213272,setting,OTHER
K213272:action,K213272,action,TREATMENT_OR_PROCEDURE_PLANNING
K213275:input,K213275,input,MEDICAL_IMAGE
K213275:output,K213275,output,DOCUMENTATION_OR_SUMMARY
K213275:output,K213275,output,MEASUREMENT_OR_QUANTIFICATION
K213275:output,K213275,output,SEGMENTATION_OR_LOCALIZATION
K213275:user,K213275,user,OTHER_CLINICIAN
K213275:user,K213275,user,OTHER_PHYSICIAN
K213275:user,K213275,user,TECHNOLOGIST_OR_OPERATOR
K213275:setting,K213275,setting,DIAGNOSTIC_INTERPRETATION
K213275:setting,K213275,setting,OTHER
K213275:action,K213275,action,INTERPRETATION_OR_DIAGNOSIS
K213275:action,K213275,action,WORKFLOW_OR_DOCUMENTATION
K213305:input,K213305,input,MEDICAL_IMAGE
K213305:output,K213305,output,RECOMMENDATION_OR_PLANNING
K213305:output,K213305,output,SEGMENTATION_OR_LOCALIZATION
K213305:user,K213305,user,TECHNOLOGIST_OR_OPERATOR
K213305:setting,K213305,setting,OTHER
K213305:action,K213305,action,WORKFLOW_OR_DOCUMENTATION
K213307:input,K213307,input,MEDICAL_IMAGE
K213307:output,K213307,output,RECONSTRUCTION_OR_ENHANCEMENT
K213307:user,K213307,user,OTHER_PHYSICIAN
K213307:user,K213307,user,RADIOLOGIST
K213307:setting,K213307,setting,DIAGNOSTIC_INTERPRETATION
K213307:action,K213307,action,INTERPRETATION_OR_DIAGNOSIS
K213307:action,K213307,action,WORKFLOW_OR_DOCUMENTATION
K213319:input,K213319,input,MEDICAL_IMAGE
K213319:output,K213319,output,DETECTION_OR_ALERT
K213319:output,K213319,output,OTHER
K213319:user,K213319,user,RADIOLOGIST
K213319:setting,K213319,setting,OTHER
K213319:action,K213319,action,TRIAGE_OR_PRIORITIZATION
K213353:input,K213353,input,MEDICAL_IMAGE
K213353:output,K213353,output,CLASSIFICATION_OR_DIAGNOSIS
K213353:output,K213353,output,DETECTION_OR_ALERT
K213353:output,K213353,output,SEGMENTATION_OR_LOCALIZATION
K213353:user,K213353,user,OTHER_PHYSICIAN
K213353:setting,K213353,setting,DIAGNOSTIC_INTERPRETATION
K213353:action,K213353,action,INTERPRETATION_OR_DIAGNOSIS
K213357:input,K213357,input,PHYSIOLOGICAL_SIGNAL
K213357:output,K213357,output,DETECTION_OR_ALERT
K213357:output,K213357,output,RECOMMENDATION_OR_PLANNING
K213357:user,K213357,user,OTHER_CLINICIAN
K213357:user,K213357,user,PATIENT_OR_CAREGIVER
K213357:setting,K213357,setting,HOME_OR_CONSUMER
K213357:setting,K213357,setting,MONITORING
K213357:setting,K213357,setting,OTHER
K213357:action,K213357,action,MONITORING_OR_FOLLOW_UP
K213357:action,K213357,action,PATIENT_SELF_MANAGEMENT
K213409:input,K213409,input,PHYSIOLOGICAL_SIGNAL
K213409:output,K213409,output,CLASSIFICATION_OR_DIAGNOSIS
K213409:output,K213409,output,DETECTION_OR_ALERT
K213409:output,K213409,output,DOCUMENTATION_OR_SUMMARY
K213409:output,K213409,output,MEASUREMENT_OR_QUANTIFICATION
K213409:user,K213409,user,OTHER_CLINICIAN
K213409:user,K213409,user,TECHNOLOGIST_OR_OPERATOR
K213409:setting,K213409,setting,DIAGNOSTIC_INTERPRETATION
K213409:setting,K213409,setting,MONITORING
K213409:setting,K213409,setting,OTHER
K213409:action,K213409,action,INTERPRETATION_OR_DIAGNOSIS
K213409:action,K213409,action,MONITORING_OR_FOLLOW_UP
K213409:action,K213409,action,WORKFLOW_OR_DOCUMENTATION
K213504:input,K213504,input,MEDICAL_IMAGE
K213504:output,K213504,output,RECONSTRUCTION_OR_ENHANCEMENT
K213504:user,K213504,user,OTHER_PHYSICIAN
K213504:setting,K213504,setting,DIAGNOSTIC_INTERPRETATION
K213504:action,K213504,action,INTERPRETATION_OR_DIAGNOSIS
K213504:action,K213504,action,WORKFLOW_OR_DOCUMENTATION
K213544:input,K213544,input,MEDICAL_IMAGE
K213544:output,K213544,output,MEASUREMENT_OR_QUANTIFICATION
K213544:output,K213544,output,SEGMENTATION_OR_LOCALIZATION
K213544:user,K213544,user,OTHER_PHYSICIAN
K213544:setting,K213544,setting,DIAGNOSTIC_INTERPRETATION
K213544:setting,K213544,setting,OTHER
K213544:action,K213544,action,INTERPRETATION_OR_DIAGNOSIS
K213544:action,K213544,action,WORKFLOW_OR_DOCUMENTATION
K213566:input,K213566,input,MEDICAL_IMAGE
K213566:output,K213566,output,DETECTION_OR_ALERT
K213566:user,K213566,user,RADIOLOGIST
K213566:setting,K213566,setting,ACUTE_TRIAGE_OR_EMERGENCY
K213566:action,K213566,action,TRIAGE_OR_PRIORITIZATION
K213583:input,K213583,input,MEDICAL_IMAGE
K213583:output,K213583,output,RECONSTRUCTION_OR_ENHANCEMENT
K213583:user,K213583,user,OTHER_CLINICIAN
K213583:user,K213583,user,OTHER_PHYSICIAN
K213583:setting,K213583,setting,DIAGNOSTIC_INTERPRETATION
K213583:action,K213583,action,INTERPRETATION_OR_DIAGNOSIS
K213583:action,K213583,action,WORKFLOW_OR_DOCUMENTATION
K213603:input,K213603,input,MEDICAL_IMAGE
K213603:output,K213603,output,RECONSTRUCTION_OR_ENHANCEMENT
K213603:user,K213603,user,OTHER_PHYSICIAN
K213603:user,K213603,user,TECHNOLOGIST_OR_OPERATOR
K213603:setting,K213603,setting,DIAGNOSTIC_INTERPRETATION
K213603:action,K213603,action,INTERPRETATION_OR_DIAGNOSIS
K213603:action,K213603,action,WORKFLOW_OR_DOCUMENTATION
K213628:input,K213628,input,MEDICAL_IMAGE
K213628:output,K213628,output,RECONSTRUCTION_OR_ENHANCEMENT
K213628:output,K213628,output,SEGMENTATION_OR_LOCALIZATION
K213628:user,K213628,user,OTHER_CLINICIAN
K213628:setting,K213628,setting,OTHER
K213628:action,K213628,action,TREATMENT_OR_PROCEDURE_PLANNING
K213645:input,K213645,input,MEDICAL_IMAGE
K213645:output,K213645,output,DOCUMENTATION_OR_SUMMARY
K213645:output,K213645,output,MEASUREMENT_OR_QUANTIFICATION
K213645:output,K213645,output,SEGMENTATION_OR_LOCALIZATION
K213645:user,K213645,user,OTHER_PHYSICIAN
K213645:user,K213645,user,RADIOLOGIST
K213645:setting,K213645,setting,DIAGNOSTIC_INTERPRETATION
K213645:action,K213645,action,INTERPRETATION_OR_DIAGNOSIS
K213645:action,K213645,action,WORKFLOW_OR_DOCUMENTATION
K213657:input,K213657,input,MEDICAL_IMAGE
K213657:output,K213657,output,DOCUMENTATION_OR_SUMMARY
K213657:output,K213657,output,MEASUREMENT_OR_QUANTIFICATION
K213657:output,K213657,output,SEGMENTATION_OR_LOCALIZATION
K213657:user,K213657,user,OTHER_CLINICIAN
K213657:user,K213657,user,OTHER_PHYSICIAN
K213657:user,K213657,user,TECHNOLOGIST_OR_OPERATOR
K213657:setting,K213657,setting,DIAGNOSTIC_INTERPRETATION
K213657:action,K213657,action,INTERPRETATION_OR_DIAGNOSIS
K213686:input,K213686,input,AUDIO_OR_VIDEO
K213686:output,K213686,output,DETECTION_OR_ALERT
K213686:output,K213686,output,SEGMENTATION_OR_LOCALIZATION
K213686:user,K213686,user,OTHER_PHYSICIAN
K213686:setting,K213686,setting,MONITORING
K213686:setting,K213686,setting,PROCEDURAL_OR_OPERATING_ROOM
K213686:setting,K213686,setting,SCREENING
K213686:action,K213686,action,INTERPRETATION_OR_DIAGNOSIS
K213693:input,K213693,input,MEDICAL_IMAGE
K213693:output,K213693,output,RECONSTRUCTION_OR_ENHANCEMENT
K213693:user,K213693,user,OTHER_PHYSICIAN
K213693:setting,K213693,setting,DIAGNOSTIC_INTERPRETATION
K213693:action,K213693,action,INTERPRETATION_OR_DIAGNOSIS
K213693:action,K213693,action,WORKFLOW_OR_DOCUMENTATION
K213706:input,K213706,input,MEDICAL_IMAGE
K213706:output,K213706,output,DOCUMENTATION_OR_SUMMARY
K213706:output,K213706,output,MEASUREMENT_OR_QUANTIFICATION
K213706:output,K213706,output,SEGMENTATION_OR_LOCALIZATION
K213706:user,K213706,user,OTHER_CLINICIAN
K213706:user,K213706,user,RADIOLOGIST
K213706:setting,K213706,setting,DIAGNOSTIC_INTERPRETATION
K213706:action,K213706,action,INTERPRETATION_OR_DIAGNOSIS
K213706:action,K213706,action,WORKFLOW_OR_DOCUMENTATION
K213713:input,K213713,input,MEDICAL_IMAGE
K213713:output,K213713,output,MEASUREMENT_OR_QUANTIFICATION
K213713:output,K213713,output,SEGMENTATION_OR_LOCALIZATION
K213713:user,K213713,user,OTHER_PHYSICIAN
K213713:user,K213713,user,RADIOLOGIST
K213713:setting,K213713,setting,ACUTE_TRIAGE_OR_EMERGENCY
K213713:setting,K213713,setting,DIAGNOSTIC_INTERPRETATION
K213713:setting,K213713,setting,MONITORING
K213713:action,K213713,action,INTERPRETATION_OR_DIAGNOSIS
K213713:action,K213713,action,MONITORING_OR_FOLLOW_UP
K213717:input,K213717,input,MEDICAL_IMAGE
K213717:output,K213717,output,RECONSTRUCTION_OR_ENHANCEMENT
K213717:setting,K213717,setting,OTHER
K213717:action,K213717,action,WORKFLOW_OR_DOCUMENTATION
K213721:input,K213721,input,MEDICAL_IMAGE
K213721:output,K213721,output,DETECTION_OR_ALERT
K213721:output,K213721,output,OTHER
K213721:user,K213721,user,OTHER_CLINICIAN
K213721:user,K213721,user,OTHER_PHYSICIAN
K213721:setting,K213721,setting,OTHER
K213721:action,K213721,action,TRIAGE_OR_PRIORITIZATION
K213725:input,K213725,input,MEDICAL_IMAGE
K213725:output,K213725,output,DOCUMENTATION_OR_SUMMARY
K213725:output,K213725,output,MEASUREMENT_OR_QUANTIFICATION
K213725:output,K213725,output,SEGMENTATION_OR_LOCALIZATION
K213725:user,K213725,user,OTHER_PHYSICIAN
K213725:setting,K213725,setting,DIAGNOSTIC_INTERPRETATION
K213725:setting,K213725,setting,MONITORING
K213725:action,K213725,action,INTERPRETATION_OR_DIAGNOSIS
K213725:action,K213725,action,MONITORING_OR_FOLLOW_UP
K213725:action,K213725,action,WORKFLOW_OR_DOCUMENTATION
K213737:input,K213737,input,MEDICAL_IMAGE
K213737:output,K213737,output,DOCUMENTATION_OR_SUMMARY
K213737:output,K213737,output,MEASUREMENT_OR_QUANTIFICATION
K213737:output,K213737,output,SEGMENTATION_OR_LOCALIZATION
K213737:user,K213737,user,OTHER_CLINICIAN
K213737:user,K213737,user,RADIOLOGIST
K213737:setting,K213737,setting,DIAGNOSTIC_INTERPRETATION
K213737:setting,K213737,setting,MONITORING
K213737:action,K213737,action,INTERPRETATION_OR_DIAGNOSIS
K213737:action,K213737,action,MONITORING_OR_FOLLOW_UP
K213737:action,K213737,action,WORKFLOW_OR_DOCUMENTATION
K213760:input,K213760,input,MEDICAL_IMAGE
K213760:output,K213760,output,MEASUREMENT_OR_QUANTIFICATION
K213760:output,K213760,output,SEGMENTATION_OR_LOCALIZATION
K213760:user,K213760,user,OTHER_CLINICIAN
K213760:user,K213760,user,RADIOLOGIST
K213760:setting,K213760,setting,DIAGNOSTIC_INTERPRETATION
K213760:setting,K213760,setting,OTHER
K213760:action,K213760,action,INTERPRETATION_OR_DIAGNOSIS
K213776:input,K213776,input,MEDICAL_IMAGE
K213776:output,K213776,output,CLASSIFICATION_OR_DIAGNOSIS
K213776:output,K213776,output,DOCUMENTATION_OR_SUMMARY
K213776:output,K213776,output,MEASUREMENT_OR_QUANTIFICATION
K213776:user,K213776,user,OTHER_PHYSICIAN
K213776:user,K213776,user,RADIOLOGIST
K213776:setting,K213776,setting,DIAGNOSTIC_INTERPRETATION
K213776:setting,K213776,setting,MONITORING
K213776:setting,K213776,setting,SCREENING
K213776:action,K213776,action,INTERPRETATION_OR_DIAGNOSIS
K213776:action,K213776,action,MONITORING_OR_FOLLOW_UP
K213794:input,K213794,input,AUDIO_OR_VIDEO
K213794:input,K213794,input,PHYSIOLOGICAL_SIGNAL
K213794:output,K213794,output,CLASSIFICATION_OR_DIAGNOSIS
K213794:output,K213794,output,DETECTION_OR_ALERT
K213794:output,K213794,output,OTHER
K213794:user,K213794,user,OTHER_CLINICIAN
K213794:setting,K213794,setting,DIAGNOSTIC_INTERPRETATION
K213794:setting,K213794,setting,OTHER
K213794:action,K213794,action,INTERPRETATION_OR_DIAGNOSIS
K213795:input,K213795,input,MEDICAL_IMAGE
K213795:output,K213795,output,DETECTION_OR_ALERT
K213795:output,K213795,output,MEASUREMENT_OR_QUANTIFICATION
K213795:output,K213795,output,SEGMENTATION_OR_LOCALIZATION
K213795:user,K213795,user,OTHER_PHYSICIAN
K213795:setting,K213795,setting,DIAGNOSTIC_INTERPRETATION
K213795:action,K213795,action,INTERPRETATION_OR_DIAGNOSIS
K213857:input,K213857,input,MEDICAL_IMAGE
K213857:output,K213857,output,MEASUREMENT_OR_QUANTIFICATION
K213857:output,K213857,output,OTHER
K213857:output,K213857,output,RECOMMENDATION_OR_PLANNING
K213857:output,K213857,output,SEGMENTATION_OR_LOCALIZATION
K213857:user,K213857,user,OTHER_CLINICIAN
K213857:setting,K213857,setting,DIAGNOSTIC_INTERPRETATION
K213857:setting,K213857,setting,OTHER
K213857:action,K213857,action,INTERPRETATION_OR_DIAGNOSIS
K213857:action,K213857,action,TREATMENT_OR_PROCEDURE_PLANNING
K213882:input,K213882,input,PHYSIOLOGICAL_SIGNAL
K213882:output,K213882,output,CLASSIFICATION_OR_DIAGNOSIS
K213882:output,K213882,output,MEASUREMENT_OR_QUANTIFICATION
K213882:user,K213882,user,OTHER_CLINICIAN
K213882:setting,K213882,setting,DIAGNOSTIC_INTERPRETATION
K213882:setting,K213882,setting,OTHER
K213882:action,K213882,action,INTERPRETATION_OR_DIAGNOSIS
K213886:input,K213886,input,MEDICAL_IMAGE
K213886:output,K213886,output,DETECTION_OR_ALERT
K213886:output,K213886,output,OTHER
K213886:user,K213886,user,OTHER_CLINICIAN
K213886:user,K213886,user,OTHER_PHYSICIAN
K213886:setting,K213886,setting,ACUTE_TRIAGE_OR_EMERGENCY
K213886:setting,K213886,setting,OTHER
K213886:action,K213886,action,TRIAGE_OR_PRIORITIZATION
K213938:input,K213938,input,MEDICAL_IMAGE
K213938:output,K213938,output,RECONSTRUCTION_OR_ENHANCEMENT
K213938:setting,K213938,setting,OTHER
K213938:action,K213938,action,WORKFLOW_OR_DOCUMENTATION
K213941:input,K213941,input,MEDICAL_IMAGE
K213941:output,K213941,output,DETECTION_OR_ALERT
K213941:user,K213941,user,OTHER_CLINICIAN
K213941:setting,K213941,setting,ACUTE_TRIAGE_OR_EMERGENCY
K213941:setting,K213941,setting,OTHER
K213941:action,K213941,action,TRIAGE_OR_PRIORITIZATION
K213944:input,K213944,input,MEDICAL_IMAGE
K213944:output,K213944,output,CLASSIFICATION_OR_DIAGNOSIS
K213944:output,K213944,output,DETECTION_OR_ALERT
K213944:output,K213944,output,MEASUREMENT_OR_QUANTIFICATION
K213944:output,K213944,output,SEGMENTATION_OR_LOCALIZATION
K213944:user,K213944,user,OTHER_CLINICIAN
K213944:setting,K213944,setting,DIAGNOSTIC_INTERPRETATION
K213944:setting,K213944,setting,OTHER
K213944:action,K213944,action,INTERPRETATION_OR_DIAGNOSIS
K213960:input,K213960,input,MEDICAL_IMAGE
K213960:output,K213960,output,DETECTION_OR_ALERT
K213960:output,K213960,output,DOCUMENTATION_OR_SUMMARY
K213960:output,K213960,output,MEASUREMENT_OR_QUANTIFICATION
K213960:output,K213960,output,RECOMMENDATION_OR_PLANNING
K213960:output,K213960,output,SEGMENTATION_OR_LOCALIZATION
K213960:user,K213960,user,OTHER_CLINICIAN
K213960:user,K213960,user,OTHER_PHYSICIAN
K213960:user,K213960,user,TECHNOLOGIST_OR_OPERATOR
K213960:setting,K213960,setting,DIAGNOSTIC_INTERPRETATION
K213960:setting,K213960,setting,MONITORING
K213960:setting,K213960,setting,OTHER
K213960:action,K213960,action,INTERPRETATION_OR_DIAGNOSIS
K213960:action,K213960,action,MONITORING_OR_FOLLOW_UP
K213960:action,K213960,action,WORKFLOW_OR_DOCUMENTATION
K213971:input,K213971,input,PHYSIOLOGICAL_SIGNAL
K213971:output,K213971,output,DOCUMENTATION_OR_SUMMARY
K213971:output,K213971,output,MEASUREMENT_OR_QUANTIFICATION
K213971:user,K213971,user,PATIENT_OR_CAREGIVER
K213971:setting,K213971,setting,HOME_OR_CONSUMER
K213971:setting,K213971,setting,MONITORING
K213971:action,K213971,action,MONITORING_OR_FOLLOW_UP
K213971:action,K213971,action,PATIENT_SELF_MANAGEMENT
K213976:input,K213976,input,MEDICAL_IMAGE
K213976:output,K213976,output,SEGMENTATION_OR_LOCALIZATION
K213976:user,K213976,user,OTHER_CLINICIAN
K213976:setting,K213976,setting,MONITORING
K213976:setting,K213976,setting,OTHER
K213976:action,K213976,action,MONITORING_OR_FOLLOW_UP
K213976:action,K213976,action,TREATMENT_OR_PROCEDURE_PLANNING
K213998:input,K213998,input,MEDICAL_IMAGE
K213998:output,K213998,output,DOCUMENTATION_OR_SUMMARY
K213998:output,K213998,output,MEASUREMENT_OR_QUANTIFICATION
K213998:output,K213998,output,OTHER
K213998:output,K213998,output,SEGMENTATION_OR_LOCALIZATION
K213998:user,K213998,user,OTHER_CLINICIAN
K213998:user,K213998,user,OTHER_PHYSICIAN
K213998:setting,K213998,setting,DIAGNOSTIC_INTERPRETATION
K213998:setting,K213998,setting,MONITORING
K213998:setting,K213998,setting,OTHER
K213998:action,K213998,action,INTERPRETATION_OR_DIAGNOSIS
K213998:action,K213998,action,MONITORING_OR_FOLLOW_UP
K213998:action,K213998,action,WORKFLOW_OR_DOCUMENTATION
K213999:input,K213999,input,MEDICAL_IMAGE
K213999:output,K213999,output,RECONSTRUCTION_OR_ENHANCEMENT
K213999:setting,K213999,setting,OTHER
K213999:action,K213999,action,WORKFLOW_OR_DOCUMENTATION
K214019:input,K214019,input,MEDICAL_IMAGE
K214019:output,K214019,output,SEGMENTATION_OR_LOCALIZATION
K214019:user,K214019,user,OTHER_PHYSICIAN
K214019:user,K214019,user,TECHNOLOGIST_OR_OPERATOR
K214019:setting,K214019,setting,DIAGNOSTIC_INTERPRETATION
K214019:action,K214019,action,INTERPRETATION_OR_DIAGNOSIS
K214036:input,K214036,input,CLINICAL_TABULAR_OR_TEXT
K214036:input,K214036,input,MEDICAL_IMAGE
K214036:output,K214036,output,CLASSIFICATION_OR_DIAGNOSIS
K214036:output,K214036,output,DOCUMENTATION_OR_SUMMARY
K214036:output,K214036,output,MEASUREMENT_OR_QUANTIFICATION
K214036:output,K214036,output,RECONSTRUCTION_OR_ENHANCEMENT
K214036:output,K214036,output,RISK_SCORE_OR_PREDICTION
K214036:output,K214036,output,SEGMENTATION_OR_LOCALIZATION
K214036:user,K214036,user,OTHER_PHYSICIAN
K214036:setting,K214036,setting,DIAGNOSTIC_INTERPRETATION
K214036:setting,K214036,setting,MONITORING
K214036:setting,K214036,setting,SCREENING
K214036:action,K214036,action,INTERPRETATION_OR_DIAGNOSIS
K214036:action,K214036,action,MONITORING_OR_FOLLOW_UP
K214036:action,K214036,action,WORKFLOW_OR_DOCUMENTATION
K214043:input,K214043,input,MEDICAL_IMAGE
K214043:output,K214043,output,DETECTION_OR_ALERT
K214043:output,K214043,output,OTHER
K214043:user,K214043,user,OTHER_CLINICIAN
K214043:user,K214043,user,OTHER_PHYSICIAN
K214043:setting,K214043,setting,ACUTE_TRIAGE_OR_EMERGENCY
K214043:setting,K214043,setting,OTHER
K214043:action,K214043,action,TRIAGE_OR_PRIORITIZATION
K214081:input,K214081,input,MEDICAL_IMAGE
K214081:output,K214081,output,RECONSTRUCTION_OR_ENHANCEMENT
K214081:user,K214081,user,TECHNOLOGIST_OR_OPERATOR
K214081:setting,K214081,setting,OTHER
K214081:action,K214081,action,TREATMENT_OR_PROCEDURE_PLANNING
K220013:input,K220013,input,MEDICAL_IMAGE
K220013:output,K220013,output,CLASSIFICATION_OR_DIAGNOSIS
K220013:output,K220013,output,DETECTION_OR_ALERT
K220013:output,K220013,output,MEASUREMENT_OR_QUANTIFICATION
K220013:user,K220013,user,LABORATORY_PROFESSIONAL
K220013:user,K220013,user,TECHNOLOGIST_OR_OPERATOR
K220013:setting,K220013,setting,LABORATORY
K220013:action,K220013,action,INTERPRETATION_OR_DIAGNOSIS
K220034:input,K220034,input,MEDICAL_IMAGE
K220034:output,K220034,output,DOCUMENTATION_OR_SUMMARY
K220034:output,K220034,output,MEASUREMENT_OR_QUANTIFICATION
K220034:output,K220034,output,SEGMENTATION_OR_LOCALIZATION
K220034:user,K220034,user,OTHER_PHYSICIAN
K220034:user,K220034,user,RADIOLOGIST
K220034:setting,K220034,setting,DIAGNOSTIC_INTERPRETATION
K220034:setting,K220034,setting,OTHER
K220034:action,K220034,action,INTERPRETATION_OR_DIAGNOSIS
K220034:action,K220034,action,TREATMENT_OR_PROCEDURE_PLANNING
K220043:input,K220043,input,MEDICAL_IMAGE
K220043:output,K220043,output,CLASSIFICATION_OR_DIAGNOSIS
K220043:output,K220043,output,DOCUMENTATION_OR_SUMMARY
K220043:output,K220043,output,MEASUREMENT_OR_QUANTIFICATION
K220043:output,K220043,output,SEGMENTATION_OR_LOCALIZATION
K220043:user,K220043,user,OTHER_CLINICIAN
K220043:setting,K220043,setting,DIAGNOSTIC_INTERPRETATION
K220043:setting,K220043,setting,OTHER
K220043:action,K220043,action,INTERPRETATION_OR_DIAGNOSIS
K220043:action,K220043,action,WORKFLOW_OR_DOCUMENTATION
K220068:input,K220068,input,MEDICAL_IMAGE
K220068:output,K220068,output,DETECTION_OR_ALERT
K220068:output,K220068,output,MEASUREMENT_OR_QUANTIFICATION
K220068:output,K220068,output,SEGMENTATION_OR_LOCALIZATION
K220068:user,K220068,user,OTHER_CLINICIAN
K220068:setting,K220068,setting,DIAGNOSTIC_INTERPRETATION
K220068:setting,K220068,setting,OTHER
K220068:action,K220068,action,INTERPRETATION_OR_DIAGNOSIS
K220068:action,K220068,action,WORKFLOW_OR_DOCUMENTATION
K220080:input,K220080,input,MEDICAL_IMAGE
K220080:output,K220080,output,DETECTION_OR_ALERT
K220080:output,K220080,output,DOCUMENTATION_OR_SUMMARY
K220080:user,K220080,user,OTHER_PHYSICIAN
K220080:user,K220080,user,RADIOLOGIST
K220080:setting,K220080,setting,SCREENING
K220080:action,K220080,action,TRIAGE_OR_PRIORITIZATION
K220105:input,K220105,input,MEDICAL_IMAGE
K220105:output,K220105,output,DETECTION_OR_ALERT
K220105:output,K220105,output,DOCUMENTATION_OR_SUMMARY
K220105:output,K220105,output,RISK_SCORE_OR_PREDICTION
K220105:output,K220105,output,SEGMENTATION_OR_LOCALIZATION
K220105:user,K220105,user,OTHER_PHYSICIAN
K220105:user,K220105,user,RADIOLOGIST
K220105:setting,K220105,setting,DIAGNOSTIC_INTERPRETATION
K220105:setting,K220105,setting,SCREENING
K220105:action,K220105,action,INTERPRETATION_OR_DIAGNOSIS
K220141:input,K220141,input,MEDICAL_IMAGE
K220141:output,K220141,output,RECOMMENDATION_OR_PLANNING
K220141:output,K220141,output,SEGMENTATION_OR_LOCALIZATION
K220141:user,K220141,user,OTHER_CLINICIAN
K220141:setting,K220141,setting,OTHER
K220141:action,K220141,action,TREATMENT_OR_PROCEDURE_PLANNING
K220164:input,K220164,input,MEDICAL_IMAGE
K220164:output,K220164,output,CLASSIFICATION_OR_DIAGNOSIS
K220164:output,K220164,output,DETECTION_OR_ALERT
K220164:output,K220164,output,SEGMENTATION_OR_LOCALIZATION
K220164:user,K220164,user,OTHER_PHYSICIAN
K220164:user,K220164,user,RADIOLOGIST
K220164:setting,K220164,setting,ACUTE_TRIAGE_OR_EMERGENCY
K220164:setting,K220164,setting,DIAGNOSTIC_INTERPRETATION
K220164:action,K220164,action,INTERPRETATION_OR_DIAGNOSIS
K220192:input,K220192,input,MEDICAL_IMAGE
K220192:output,K220192,output,RECOMMENDATION_OR_PLANNING
K220192:output,K220192,output,SEGMENTATION_OR_LOCALIZATION
K220192:setting,K220192,setting,OTHER
K220192:action,K220192,action,WORKFLOW_OR_DOCUMENTATION
K220264:input,K220264,input,MEDICAL_IMAGE
K220264:output,K220264,output,SEGMENTATION_OR_LOCALIZATION
K220264:user,K220264,user,OTHER_CLINICIAN
K220264:user,K220264,user,OTHER_PHYSICIAN
K220264:setting,K220264,setting,OTHER
K220264:action,K220264,action,TREATMENT_OR_PROCEDURE_PLANNING
K220332:input,K220332,input,MEDICAL_IMAGE
K220332:output,K220332,output,RECONSTRUCTION_OR_ENHANCEMENT
K220332:user,K220332,user,OTHER_PHYSICIAN
K220332:setting,K220332,setting,DIAGNOSTIC_INTERPRETATION
K220332:action,K220332,action,INTERPRETATION_OR_DIAGNOSIS
K220349:input,K220349,input,MEDICAL_IMAGE
K220349:output,K220349,output,MEASUREMENT_OR_QUANTIFICATION
K220349:output,K220349,output,RECONSTRUCTION_OR_ENHANCEMENT
K220349:output,K220349,output,SEGMENTATION_OR_LOCALIZATION
K220349:user,K220349,user,OTHER_CLINICIAN
K220349:user,K220349,user,OTHER_PHYSICIAN
K220349:setting,K220349,setting,DIAGNOSTIC_INTERPRETATION
K220349:action,K220349,action,INTERPRETATION_OR_DIAGNOSIS
K220349:action,K220349,action,MONITORING_OR_FOLLOW_UP
K220349:action,K220349,action,TREATMENT_OR_PROCEDURE_PLANNING
K220358:input,K220358,input,MEDICAL_IMAGE
K220358:output,K220358,output,CLASSIFICATION_OR_DIAGNOSIS
K220358:output,K220358,output,MEASUREMENT_OR_QUANTIFICATION
K220358:output,K220358,output,OTHER
K220358:output,K220358,output,SEGMENTATION_OR_LOCALIZATION
K220358:user,K220358,user,OTHER_CLINICIAN
K220358:setting,K220358,setting,DIAGNOSTIC_INTERPRETATION
K220358:setting,K220358,setting,OTHER
K220358:action,K220358,action,INTERPRETATION_OR_DIAGNOSIS
K220358:action,K220358,action,WORKFLOW_OR_DOCUMENTATION
K220408:input,K220408,input,MEDICAL_IMAGE
K220408:output,K220408,output,SEGMENTATION_OR_LOCALIZATION
K220408:user,K220408,user,OTHER_CLINICIAN
K220408:setting,K220408,setting,OTHER
K220408:action,K220408,action,TREATMENT_OR_PROCEDURE_PLANNING
K220416:input,K220416,input,MEDICAL_IMAGE
K220416:output,K220416,output,RECONSTRUCTION_OR_ENHANCEMENT
K220416:user,K220416,user,TECHNOLOGIST_OR_OPERATOR
K220416:setting,K220416,setting,OTHER
K220416:action,K220416,action,WORKFLOW_OR_DOCUMENTATION
K220437:input,K220437,input,MEDICAL_IMAGE
K220437:output,K220437,output,DOCUMENTATION_OR_SUMMARY
K220437:output,K220437,output,MEASUREMENT_OR_QUANTIFICATION
K220437:output,K220437,output,SEGMENTATION_OR_LOCALIZATION
K220437:user,K220437,user,OTHER
K220437:user,K220437,user,OTHER_PHYSICIAN
K220437:user,K220437,user,RADIOLOGIST
K220437:setting,K220437,setting,DIAGNOSTIC_INTERPRETATION
K220437:setting,K220437,setting,OTHER
K220437:action,K220437,action,INTERPRETATION_OR_DIAGNOSIS
K220437:action,K220437,action,MONITORING_OR_FOLLOW_UP
K220439:input,K220439,input,MEDICAL_IMAGE
K220439:output,K220439,output,DETECTION_OR_ALERT
K220439:user,K220439,user,OTHER_PHYSICIAN
K220439:setting,K220439,setting,ACUTE_TRIAGE_OR_EMERGENCY
K220439:setting,K220439,setting,DIAGNOSTIC_INTERPRETATION
K220439:action,K220439,action,INTERPRETATION_OR_DIAGNOSIS
K220439:action,K220439,action,TRIAGE_OR_PRIORITIZATION
K220446:input,K220446,input,MEDICAL_IMAGE
K220446:output,K220446,output,CLASSIFICATION_OR_DIAGNOSIS
K220446:user,K220446,user,OTHER_CLINICIAN
K220446:setting,K220446,setting,DIAGNOSTIC_INTERPRETATION
K220446:setting,K220446,setting,OUTPATIENT
K220446:action,K220446,action,WORKFLOW_OR_DOCUMENTATION
K220497:input,K220497,input,MEDICAL_IMAGE
K220497:output,K220497,output,CLASSIFICATION_OR_DIAGNOSIS
K220497:output,K220497,output,DOCUMENTATION_OR_SUMMARY
K220497:output,K220497,output,MEASUREMENT_OR_QUANTIFICATION
K220497:output,K220497,output,SEGMENTATION_OR_LOCALIZATION
K220497:user,K220497,user,OTHER_PHYSICIAN
K220497:user,K220497,user,RADIOLOGIST
K220497:setting,K220497,setting,DIAGNOSTIC_INTERPRETATION
K220497:action,K220497,action,INTERPRETATION_OR_DIAGNOSIS
K220497:action,K220497,action,WORKFLOW_OR_DOCUMENTATION
K220499:input,K220499,input,MEDICAL_IMAGE
K220499:output,K220499,output,DETECTION_OR_ALERT
K220499:user,K220499,user,OTHER_CLINICIAN
K220499:setting,K220499,setting,ACUTE_TRIAGE_OR_EMERGENCY
K220499:setting,K220499,setting,DIAGNOSTIC_INTERPRETATION
K220499:action,K220499,action,INTERPRETATION_OR_DIAGNOSIS
K220499:action,K220499,action,TRIAGE_OR_PRIORITIZATION
K220590:input,K220590,input,MEDICAL_IMAGE
K220590:output,K220590,output,DOCUMENTATION_OR_SUMMARY
K220590:output,K220590,output,MEASUREMENT_OR_QUANTIFICATION
K220590:output,K220590,output,SEGMENTATION_OR_LOCALIZATION
K220590:user,K220590,user,OTHER
K220590:user,K220590,user,OTHER_CLINICIAN
K220590:setting,K220590,setting,DIAGNOSTIC_INTERPRETATION
K220590:setting,K220590,setting,OTHER
K220590:setting,K220590,setting,OUTPATIENT
K220590:action,K220590,action,INTERPRETATION_OR_DIAGNOSIS
K220590:action,K220590,action,WORKFLOW_OR_DOCUMENTATION
K220598:input,K220598,input,MEDICAL_IMAGE
K220598:output,K220598,output,SEGMENTATION_OR_LOCALIZATION
K220598:user,K220598,user,OTHER_CLINICIAN
K220598:setting,K220598,setting,OTHER
K220598:action,K220598,action,TREATMENT_OR_PROCEDURE_PLANNING
K220619:input,K220619,input,MEDICAL_IMAGE
K220619:output,K220619,output,MEASUREMENT_OR_QUANTIFICATION
K220619:output,K220619,output,SEGMENTATION_OR_LOCALIZATION
K220619:user,K220619,user,OTHER_CLINICIAN
K220619:user,K220619,user,OTHER_PHYSICIAN
K220619:setting,K220619,setting,DIAGNOSTIC_INTERPRETATION
K220619:setting,K220619,setting,OUTPATIENT
K220619:setting,K220619,setting,PROCEDURAL_OR_OPERATING_ROOM
K220619:action,K220619,action,INTERPRETATION_OR_DIAGNOSIS
K220624:input,K220624,input,MEDICAL_IMAGE
K220624:output,K220624,output,DOCUMENTATION_OR_SUMMARY
K220624:output,K220624,output,MEASUREMENT_OR_QUANTIFICATION
K220624:setting,K220624,setting,OTHER
K220624:action,K220624,action,OTHER
K220709:input,K220709,input,MEDICAL_IMAGE
K220709:output,K220709,output,DETECTION_OR_ALERT
K220709:user,K220709,user,OTHER_PHYSICIAN
K220709:setting,K220709,setting,ACUTE_TRIAGE_OR_EMERGENCY
K220709:setting,K220709,setting,DIAGNOSTIC_INTERPRETATION
K220709:action,K220709,action,INTERPRETATION_OR_DIAGNOSIS
K220709:action,K220709,action,TRIAGE_OR_PRIORITIZATION
K220766:input,K220766,input,AUDIO_OR_VIDEO
K220766:input,K220766,input,CLINICAL_TABULAR_OR_TEXT
K220766:input,K220766,input,MULTIMODAL
K220766:output,K220766,output,CLASSIFICATION_OR_DIAGNOSIS
K220766:output,K220766,output,DETECTION_OR_ALERT
K220766:user,K220766,user,OTHER_CLINICIAN
K220766:setting,K220766,setting,DIAGNOSTIC_INTERPRETATION
K220766:action,K220766,action,INTERPRETATION_OR_DIAGNOSIS
K220783:input,K220783,input,MEDICAL_IMAGE
K220783:output,K220783,output,MEASUREMENT_OR_QUANTIFICATION
K220783:output,K220783,output,SEGMENTATION_OR_LOCALIZATION
K220783:user,K220783,user,OTHER_CLINICIAN
K220783:user,K220783,user,OTHER_PHYSICIAN
K220783:setting,K220783,setting,DIAGNOSTIC_INTERPRETATION
K220783:setting,K220783,setting,OTHER
K220783:action,K220783,action,INTERPRETATION_OR_DIAGNOSIS
K220783:action,K220783,action,TREATMENT_OR_PROCEDURE_PLANNING
K220786:input,K220786,input,MULTIMODAL
K220786:input,K220786,input,OTHER
K220786:input,K220786,input,PHYSIOLOGICAL_SIGNAL
K220786:output,K220786,output,CLASSIFICATION_OR_DIAGNOSIS
K220786:output,K220786,output,SEGMENTATION_OR_LOCALIZATION
K220786:user,K220786,user,OTHER_PHYSICIAN
K220786:setting,K220786,setting,PROCEDURAL_OR_OPERATING_ROOM
K220786:action,K220786,action,OTHER
K220786:action,K220786,action,WORKFLOW_OR_DOCUMENTATION
K220800:input,K220800,input,MEDICAL_IMAGE
K220800:output,K220800,output,DETECTION_OR_ALERT
K220800:output,K220800,output,SEGMENTATION_OR_LOCALIZATION
K220800:user,K220800,user,OTHER_CLINICIAN
K220800:setting,K220800,setting,OUTPATIENT
K220800:setting,K220800,setting,PROCEDURAL_OR_OPERATING_ROOM
K220800:action,K220800,action,TREATMENT_OR_PROCEDURE_PLANNING
K220813:input,K220813,input,MEDICAL_IMAGE
K220813:output,K220813,output,RECONSTRUCTION_OR_ENHANCEMENT
K220813:output,K220813,output,SEGMENTATION_OR_LOCALIZATION
K220813:user,K220813,user,OTHER_CLINICIAN
K220813:user,K220813,user,OTHER_PHYSICIAN
K220813:user,K220813,user,RADIOLOGIST
K220813:setting,K220813,setting,OTHER
K220813:action,K220813,action,TREATMENT_OR_PROCEDURE_PLANNING
K220815:input,K220815,input,MEDICAL_IMAGE
K220815:output,K220815,output,DOCUMENTATION_OR_SUMMARY
K220815:output,K220815,output,MEASUREMENT_OR_QUANTIFICATION
K220815:output,K220815,output,SEGMENTATION_OR_LOCALIZATION
K220815:user,K220815,user,OTHER_PHYSICIAN
K220815:setting,K220815,setting,DIAGNOSTIC_INTERPRETATION
K220815:action,K220815,action,INTERPRETATION_OR_DIAGNOSIS
K220848:input,K220848,input,MEDICAL_IMAGE
K220848:output,K220848,output,DETECTION_OR_ALERT
K220848:output,K220848,output,SEGMENTATION_OR_LOCALIZATION
K220848:user,K220848,user,OTHER_CLINICIAN
K220848:setting,K220848,setting,OUTPATIENT
K220848:setting,K220848,setting,PROCEDURAL_OR_OPERATING_ROOM
K220848:action,K220848,action,TREATMENT_OR_PROCEDURE_PLANNING
K220851:input,K220851,input,MEDICAL_IMAGE
K220851:output,K220851,output,DETECTION_OR_ALERT
K220851:output,K220851,output,SEGMENTATION_OR_LOCALIZATION
K220851:user,K220851,user,OTHER_CLINICIAN
K220851:setting,K220851,setting,OUTPATIENT
K220851:setting,K220851,setting,PROCEDURAL_OR_OPERATING_ROOM
K220851:action,K220851,action,TREATMENT_OR_PROCEDURE_PLANNING
K220882:input,K220882,input,MEDICAL_IMAGE
K220882:output,K220882,output,MEASUREMENT_OR_QUANTIFICATION
K220882:output,K220882,output,SEGMENTATION_OR_LOCALIZATION
K220882:user,K220882,user,OTHER_CLINICIAN
K220882:user,K220882,user,OTHER_PHYSICIAN
K220882:setting,K220882,setting,DIAGNOSTIC_INTERPRETATION
K220882:setting,K220882,setting,OUTPATIENT
K220882:setting,K220882,setting,PROCEDURAL_OR_OPERATING_ROOM
K220882:action,K220882,action,INTERPRETATION_OR_DIAGNOSIS
K220899:input,K220899,input,AUDIO_OR_VIDEO
K220899:output,K220899,output,MEASUREMENT_OR_QUANTIFICATION
K220899:user,K220899,user,OTHER
K220899:setting,K220899,setting,MONITORING
K220899:setting,K220899,setting,OTHER
K220899:action,K220899,action,MONITORING_OR_FOLLOW_UP
K220928:input,K220928,input,MEDICAL_IMAGE
K220928:output,K220928,output,DETECTION_OR_ALERT
K220928:output,K220928,output,SEGMENTATION_OR_LOCALIZATION
K220928:user,K220928,user,OTHER_CLINICIAN
K220928:setting,K220928,setting,DIAGNOSTIC_INTERPRETATION
K220928:action,K220928,action,INTERPRETATION_OR_DIAGNOSIS
K220928:action,K220928,action,TREATMENT_OR_PROCEDURE_PLANNING
K220939:input,K220939,input,MEDICAL_IMAGE
K220939:output,K220939,output,RECONSTRUCTION_OR_ENHANCEMENT
K220939:user,K220939,user,OTHER_CLINICIAN
K220939:user,K220939,user,OTHER_PHYSICIAN
K220939:setting,K220939,setting,DIAGNOSTIC_INTERPRETATION
K220939:action,K220939,action,INTERPRETATION_OR_DIAGNOSIS
K220940:input,K220940,input,MEDICAL_IMAGE
K220940:output,K220940,output,MEASUREMENT_OR_QUANTIFICATION
K220940:output,K220940,output,SEGMENTATION_OR_LOCALIZATION
K220940:user,K220940,user,OTHER_PHYSICIAN
K220940:setting,K220940,setting,DIAGNOSTIC_INTERPRETATION
K220940:action,K220940,action,INTERPRETATION_OR_DIAGNOSIS
K220940:action,K220940,action,WORKFLOW_OR_DOCUMENTATION
K220956:input,K220956,input,MEDICAL_IMAGE
K220956:output,K220956,output,CLASSIFICATION_OR_DIAGNOSIS
K220956:output,K220956,output,DOCUMENTATION_OR_SUMMARY
K220956:output,K220956,output,MEASUREMENT_OR_QUANTIFICATION
K220956:output,K220956,output,SEGMENTATION_OR_LOCALIZATION
K220956:user,K220956,user,OTHER_CLINICIAN
K220956:user,K220956,user,OTHER_PHYSICIAN
K220956:user,K220956,user,TECHNOLOGIST_OR_OPERATOR
K220956:setting,K220956,setting,DIAGNOSTIC_INTERPRETATION
K220956:action,K220956,action,INTERPRETATION_OR_DIAGNOSIS
K220956:action,K220956,action,WORKFLOW_OR_DOCUMENTATION
K220961:input,K220961,input,MEDICAL_IMAGE
K220961:output,K220961,output,RECONSTRUCTION_OR_ENHANCEMENT
K220961:setting,K220961,setting,OTHER
K220961:action,K220961,action,WORKFLOW_OR_DOCUMENTATION
K220975:input,K220975,input,MEDICAL_IMAGE
K220975:output,K220975,output,DETECTION_OR_ALERT
K220975:output,K220975,output,SEGMENTATION_OR_LOCALIZATION
K220975:user,K220975,user,OTHER_CLINICIAN
K220975:setting,K220975,setting,DIAGNOSTIC_INTERPRETATION
K220975:setting,K220975,setting,OUTPATIENT
K220975:action,K220975,action,INTERPRETATION_OR_DIAGNOSIS
K220986:input,K220986,input,MEDICAL_IMAGE
K220986:output,K220986,output,RECONSTRUCTION_OR_ENHANCEMENT
K220986:user,K220986,user,OTHER_PHYSICIAN
K220986:setting,K220986,setting,DIAGNOSTIC_INTERPRETATION
K220986:action,K220986,action,INTERPRETATION_OR_DIAGNOSIS
K221100:input,K221100,input,MEDICAL_IMAGE
K221100:output,K221100,output,DOCUMENTATION_OR_SUMMARY
K221100:output,K221100,output,MEASUREMENT_OR_QUANTIFICATION
K221100:output,K221100,output,SEGMENTATION_OR_LOCALIZATION
K221100:user,K221100,user,OTHER_PHYSICIAN
K221100:user,K221100,user,RADIOLOGIST
K221100:setting,K221100,setting,DIAGNOSTIC_INTERPRETATION
K221100:action,K221100,action,INTERPRETATION_OR_DIAGNOSIS
K221106:input,K221106,input,MEDICAL_IMAGE
K221106:output,K221106,output,DOCUMENTATION_OR_SUMMARY
K221106:output,K221106,output,MEASUREMENT_OR_QUANTIFICATION
K221106:output,K221106,output,SEGMENTATION_OR_LOCALIZATION
K221106:user,K221106,user,OTHER_CLINICIAN
K221106:setting,K221106,setting,DIAGNOSTIC_INTERPRETATION
K221106:action,K221106,action,INTERPRETATION_OR_DIAGNOSIS
K221106:action,K221106,action,WORKFLOW_OR_DOCUMENTATION
K221147:input,K221147,input,MEDICAL_IMAGE
K221147:output,K221147,output,MEASUREMENT_OR_QUANTIFICATION
K221147:output,K221147,output,SEGMENTATION_OR_LOCALIZATION
K221147:user,K221147,user,OTHER_CLINICIAN
K221147:setting,K221147,setting,DIAGNOSTIC_INTERPRETATION
K221147:setting,K221147,setting,OUTPATIENT
K221147:setting,K221147,setting,PROCEDURAL_OR_OPERATING_ROOM
K221147:action,K221147,action,INTERPRETATION_OR_DIAGNOSIS
K221148:input,K221148,input,MEDICAL_IMAGE
K221148:output,K221148,output,MEASUREMENT_OR_QUANTIFICATION
K221148:output,K221148,output,SEGMENTATION_OR_LOCALIZATION
K221148:user,K221148,user,OTHER_CLINICIAN
K221148:setting,K221148,setting,DIAGNOSTIC_INTERPRETATION
K221148:setting,K221148,setting,OTHER
K221148:setting,K221148,setting,OUTPATIENT
K221148:setting,K221148,setting,PROCEDURAL_OR_OPERATING_ROOM
K221148:action,K221148,action,INTERPRETATION_OR_DIAGNOSIS
K221179:input,K221179,input,PHYSIOLOGICAL_SIGNAL
K221179:output,K221179,output,CLASSIFICATION_OR_DIAGNOSIS
K221179:output,K221179,output,DETECTION_OR_ALERT
K221179:output,K221179,output,DOCUMENTATION_OR_SUMMARY
K221179:output,K221179,output,MEASUREMENT_OR_QUANTIFICATION
K221179:user,K221179,user,OTHER_CLINICIAN
K221179:user,K221179,user,OTHER_PHYSICIAN
K221179:setting,K221179,setting,DIAGNOSTIC_INTERPRETATION
K221179:setting,K221179,setting,OUTPATIENT
K221179:action,K221179,action,INTERPRETATION_OR_DIAGNOSIS
K221179:action,K221179,action,WORKFLOW_OR_DOCUMENTATION
K221183:input,K221183,input,MEDICAL_IMAGE
K221183:output,K221183,output,CLASSIFICATION_OR_DIAGNOSIS
K221183:output,K221183,output,DOCUMENTATION_OR_SUMMARY
K221183:user,K221183,user,OTHER_CLINICIAN
K221183:setting,K221183,setting,OUTPATIENT
K221183:setting,K221183,setting,SCREENING
K221183:action,K221183,action,INTERPRETATION_OR_DIAGNOSIS
K221203:input,K221203,input,CLINICAL_TABULAR_OR_TEXT
K221203:input,K221203,input,PHYSIOLOGICAL_SIGNAL
K221203:output,K221203,output,CLASSIFICATION_OR_DIAGNOSIS
K221203:output,K221203,output,RISK_SCORE_OR_PREDICTION
K221203:user,K221203,user,OTHER_CLINICIAN
K221203:setting,K221203,setting,MONITORING
K221203:action,K221203,action,MONITORING_OR_FOLLOW_UP
K221219:input,K221219,input,MEDICAL_IMAGE
K221219:output,K221219,output,CLASSIFICATION_OR_DIAGNOSIS
K221219:output,K221219,output,DOCUMENTATION_OR_SUMMARY
K221219:output,K221219,output,MEASUREMENT_OR_QUANTIFICATION
K221219:output,K221219,output,SEGMENTATION_OR_LOCALIZATION
K221219:user,K221219,user,OTHER_PHYSICIAN
K221219:setting,K221219,setting,DIAGNOSTIC_INTERPRETATION
K221219:action,K221219,action,INTERPRETATION_OR_DIAGNOSIS
K221219:action,K221219,action,WORKFLOW_OR_DOCUMENTATION
K221240:input,K221240,input,MEDICAL_IMAGE
K221240:output,K221240,output,DETECTION_OR_ALERT
K221240:user,K221240,user,OTHER_PHYSICIAN
K221240:setting,K221240,setting,ACUTE_TRIAGE_OR_EMERGENCY
K221240:setting,K221240,setting,DIAGNOSTIC_INTERPRETATION
K221240:action,K221240,action,INTERPRETATION_OR_DIAGNOSIS
K221240:action,K221240,action,TRIAGE_OR_PRIORITIZATION
K221241:input,K221241,input,MEDICAL_IMAGE
K221241:output,K221241,output,DETECTION_OR_ALERT
K221241:user,K221241,user,RADIOLOGIST
K221241:setting,K221241,setting,ACUTE_TRIAGE_OR_EMERGENCY
K221241:setting,K221241,setting,DIAGNOSTIC_INTERPRETATION
K221241:action,K221241,action,INTERPRETATION_OR_DIAGNOSIS
K221241:action,K221241,action,TRIAGE_OR_PRIORITIZATION
K221248:input,K221248,input,MEDICAL_IMAGE
K221248:output,K221248,output,DETECTION_OR_ALERT
K221248:user,K221248,user,RADIOLOGIST
K221248:setting,K221248,setting,ACUTE_TRIAGE_OR_EMERGENCY
K221248:setting,K221248,setting,DIAGNOSTIC_INTERPRETATION
K221248:action,K221248,action,INTERPRETATION_OR_DIAGNOSIS
K221248:action,K221248,action,TRIAGE_OR_PRIORITIZATION
K221305:input,K221305,input,MEDICAL_IMAGE
K221305:output,K221305,output,SEGMENTATION_OR_LOCALIZATION
K221305:user,K221305,user,OTHER_CLINICIAN
K221305:setting,K221305,setting,OTHER
K221305:action,K221305,action,TREATMENT_OR_PROCEDURE_PLANNING
K221309:input,K221309,input,MEDICAL_IMAGE
K221309:output,K221309,output,CLASSIFICATION_OR_DIAGNOSIS
K221309:output,K221309,output,DOCUMENTATION_OR_SUMMARY
K221309:output,K221309,output,MEASUREMENT_OR_QUANTIFICATION
K221309:output,K221309,output,SEGMENTATION_OR_LOCALIZATION
K221309:user,K221309,user,LABORATORY_PROFESSIONAL
K221309:user,K221309,user,TECHNOLOGIST_OR_OPERATOR
K221309:setting,K221309,setting,LABORATORY
K221309:action,K221309,action,INTERPRETATION_OR_DIAGNOSIS
K221309:action,K221309,action,WORKFLOW_OR_DOCUMENTATION
K221314:input,K221314,input,MEDICAL_IMAGE
K221314:output,K221314,output,DETECTION_OR_ALERT
K221314:user,K221314,user,OTHER_PHYSICIAN
K221314:setting,K221314,setting,ACUTE_TRIAGE_OR_EMERGENCY
K221314:setting,K221314,setting,DIAGNOSTIC_INTERPRETATION
K221314:action,K221314,action,INTERPRETATION_OR_DIAGNOSIS
K221314:action,K221314,action,TRIAGE_OR_PRIORITIZATION
K221330:input,K221330,input,MEDICAL_IMAGE
K221330:output,K221330,output,DETECTION_OR_ALERT
K221330:user,K221330,user,OTHER_PHYSICIAN
K221330:setting,K221330,setting,ACUTE_TRIAGE_OR_EMERGENCY
K221330:setting,K221330,setting,DIAGNOSTIC_INTERPRETATION
K221330:action,K221330,action,INTERPRETATION_OR_DIAGNOSIS
K221330:action,K221330,action,TRIAGE_OR_PRIORITIZATION
K221347:input,K221347,input,MEDICAL_IMAGE
K221347:output,K221347,output,CLASSIFICATION_OR_DIAGNOSIS
K221347:output,K221347,output,DETECTION_OR_ALERT
K221347:output,K221347,output,SEGMENTATION_OR_LOCALIZATION
K221347:user,K221347,user,OTHER_PHYSICIAN
K221347:setting,K221347,setting,DIAGNOSTIC_INTERPRETATION
K221347:setting,K221347,setting,SCREENING
K221347:action,K221347,action,INTERPRETATION_OR_DIAGNOSIS
K221393:input,K221393,input,MEDICAL_IMAGE
K221393:output,K221393,output,RECONSTRUCTION_OR_ENHANCEMENT
K221393:user,K221393,user,OTHER_PHYSICIAN
K221393:user,K221393,user,TECHNOLOGIST_OR_OPERATOR
K221393:setting,K221393,setting,ACUTE_TRIAGE_OR_EMERGENCY
K221393:setting,K221393,setting,DIAGNOSTIC_INTERPRETATION
K221393:setting,K221393,setting,INPATIENT
K221393:action,K221393,action,INTERPRETATION_OR_DIAGNOSIS
K221432:input,K221432,input,MEDICAL_IMAGE
K221432:output,K221432,output,SEGMENTATION_OR_LOCALIZATION
K221432:user,K221432,user,OTHER
K221432:user,K221432,user,OTHER_PHYSICIAN
K221432:setting,K221432,setting,OTHER
K221432:setting,K221432,setting,PROCEDURAL_OR_OPERATING_ROOM
K221432:action,K221432,action,TREATMENT_OR_PROCEDURE_PLANNING
K221449:input,K221449,input,MEDICAL_IMAGE
K221449:output,K221449,output,CLASSIFICATION_OR_DIAGNOSIS
K221449:output,K221449,output,DETECTION_OR_ALERT
K221449:output,K221449,output,DOCUMENTATION_OR_SUMMARY
K221449:output,K221449,output,SEGMENTATION_OR_LOCALIZATION
K221449:user,K221449,user,OTHER_PHYSICIAN
K221449:user,K221449,user,RADIOLOGIST
K221449:setting,K221449,setting,DIAGNOSTIC_INTERPRETATION
K221449:setting,K221449,setting,SCREENING
K221449:action,K221449,action,INTERPRETATION_OR_DIAGNOSIS
K221449:action,K221449,action,WORKFLOW_OR_DOCUMENTATION
K221456:input,K221456,input,MEDICAL_IMAGE
K221456:output,K221456,output,DETECTION_OR_ALERT
K221456:user,K221456,user,RADIOLOGIST
K221456:setting,K221456,setting,ACUTE_TRIAGE_OR_EMERGENCY
K221456:setting,K221456,setting,DIAGNOSTIC_INTERPRETATION
K221456:action,K221456,action,INTERPRETATION_OR_DIAGNOSIS
K221456:action,K221456,action,TRIAGE_OR_PRIORITIZATION
K221463:input,K221463,input,MEDICAL_IMAGE
K221463:output,K221463,output,MEASUREMENT_OR_QUANTIFICATION
K221463:output,K221463,output,SEGMENTATION_OR_LOCALIZATION
K221463:user,K221463,user,OTHER_PHYSICIAN
K221463:setting,K221463,setting,DIAGNOSTIC_INTERPRETATION
K221463:action,K221463,action,INTERPRETATION_OR_DIAGNOSIS
K221552:input,K221552,input,MEDICAL_IMAGE
K221552:output,K221552,output,DETECTION_OR_ALERT
K221552:user,K221552,user,OTHER_CLINICIAN
K221552:user,K221552,user,RADIOLOGIST
K221552:setting,K221552,setting,ACUTE_TRIAGE_OR_EMERGENCY
K221552:setting,K221552,setting,DIAGNOSTIC_INTERPRETATION
K221552:action,K221552,action,INTERPRETATION_OR_DIAGNOSIS
K221552:action,K221552,action,TRIAGE_OR_PRIORITIZATION
K221564:input,K221564,input,MEDICAL_IMAGE
K221564:output,K221564,output,CLASSIFICATION_OR_DIAGNOSIS
K221564:output,K221564,output,DOCUMENTATION_OR_SUMMARY
K221564:output,K221564,output,MEASUREMENT_OR_QUANTIFICATION
K221564:output,K221564,output,SEGMENTATION_OR_LOCALIZATION
K221564:user,K221564,user,OTHER_PHYSICIAN
K221564:setting,K221564,setting,DIAGNOSTIC_INTERPRETATION
K221564:action,K221564,action,INTERPRETATION_OR_DIAGNOSIS
K221592:input,K221592,input,MEDICAL_IMAGE
K221592:output,K221592,output,DETECTION_OR_ALERT
K221592:output,K221592,output,SEGMENTATION_OR_LOCALIZATION
K221592:user,K221592,user,RADIOLOGIST
K221592:setting,K221592,setting,DIAGNOSTIC_INTERPRETATION
K221592:setting,K221592,setting,SCREENING
K221592:action,K221592,action,INTERPRETATION_OR_DIAGNOSIS
K221599:input,K221599,input,MEDICAL_IMAGE
K221599:output,K221599,output,DETECTION_OR_ALERT
K221599:output,K221599,output,MEASUREMENT_OR_QUANTIFICATION
K221599:output,K221599,output,SEGMENTATION_OR_LOCALIZATION
K221599:user,K221599,user,OTHER_CLINICIAN
K221599:setting,K221599,setting,DIAGNOSTIC_INTERPRETATION
K221599:setting,K221599,setting,OUTPATIENT
K221599:action,K221599,action,INTERPRETATION_OR_DIAGNOSIS
K221624:input,K221624,input,CLINICAL_TABULAR_OR_TEXT
K221624:input,K221624,input,MEDICAL_IMAGE
K221624:input,K221624,input,MULTIMODAL
K221624:output,K221624,output,CLASSIFICATION_OR_DIAGNOSIS
K221624:output,K221624,output,MEASUREMENT_OR_QUANTIFICATION
K221624:output,K221624,output,SEGMENTATION_OR_LOCALIZATION
K221624:user,K221624,user,OTHER_PHYSICIAN
K221624:user,K221624,user,RADIOLOGIST
K221624:setting,K221624,setting,DIAGNOSTIC_INTERPRETATION
K221624:setting,K221624,setting,PROCEDURAL_OR_OPERATING_ROOM
K221624:action,K221624,action,INTERPRETATION_OR_DIAGNOSIS
K221624:action,K221624,action,TREATMENT_OR_PROCEDURE_PLANNING
K221632:input,K221632,input,MEDICAL_IMAGE
K221632:output,K221632,output,DOCUMENTATION_OR_SUMMARY
K221632:output,K221632,output,MEASUREMENT_OR_QUANTIFICATION
K221632:output,K221632,output,SEGMENTATION_OR_LOCALIZATION
K221632:user,K221632,user,OTHER_CLINICIAN
K221632:setting,K221632,setting,DIAGNOSTIC_INTERPRETATION
K221632:action,K221632,action,INTERPRETATION_OR_DIAGNOSIS
K221632:action,K221632,action,MONITORING_OR_FOLLOW_UP
K221680:input,K221680,input,MEDICAL_IMAGE
K221680:output,K221680,output,MEASUREMENT_OR_QUANTIFICATION
K221680:output,K221680,output,RECONSTRUCTION_OR_ENHANCEMENT
K221680:output,K221680,output,SEGMENTATION_OR_LOCALIZATION
K221680:user,K221680,user,OTHER_CLINICIAN
K221680:user,K221680,user,OTHER_PHYSICIAN
K221680:setting,K221680,setting,DIAGNOSTIC_INTERPRETATION
K221680:setting,K221680,setting,MONITORING
K221680:action,K221680,action,INTERPRETATION_OR_DIAGNOSIS
K221680:action,K221680,action,MONITORING_OR_FOLLOW_UP
K221680:action,K221680,action,TREATMENT_OR_PROCEDURE_PLANNING
K221706:input,K221706,input,MEDICAL_IMAGE
K221706:output,K221706,output,RECONSTRUCTION_OR_ENHANCEMENT
K221706:output,K221706,output,SEGMENTATION_OR_LOCALIZATION
K221706:user,K221706,user,OTHER
K221706:setting,K221706,setting,OTHER
K221706:action,K221706,action,MONITORING_OR_FOLLOW_UP
K221706:action,K221706,action,TREATMENT_OR_PROCEDURE_PLANNING
K221716:input,K221716,input,MEDICAL_IMAGE
K221716:output,K221716,output,DETECTION_OR_ALERT
K221716:user,K221716,user,RADIOLOGIST
K221716:setting,K221716,setting,ACUTE_TRIAGE_OR_EMERGENCY
K221716:setting,K221716,setting,DIAGNOSTIC_INTERPRETATION
K221716:action,K221716,action,INTERPRETATION_OR_DIAGNOSIS
K221716:action,K221716,action,TRIAGE_OR_PRIORITIZATION
K221727:input,K221727,input,MEDICAL_IMAGE
K221727:output,K221727,output,RECONSTRUCTION_OR_ENHANCEMENT
K221727:output,K221727,output,SEGMENTATION_OR_LOCALIZATION
K221727:user,K221727,user,OTHER_PHYSICIAN
K221727:user,K221727,user,TECHNOLOGIST_OR_OPERATOR
K221727:setting,K221727,setting,DIAGNOSTIC_INTERPRETATION
K221727:action,K221727,action,INTERPRETATION_OR_DIAGNOSIS
K221738:input,K221738,input,MEDICAL_IMAGE
K221738:output,K221738,output,DOCUMENTATION_OR_SUMMARY
K221738:output,K221738,output,MEASUREMENT_OR_QUANTIFICATION
K221738:output,K221738,output,SEGMENTATION_OR_LOCALIZATION
K221738:user,K221738,user,OTHER_CLINICIAN
K221738:setting,K221738,setting,DIAGNOSTIC_INTERPRETATION
K221738:action,K221738,action,INTERPRETATION_OR_DIAGNOSIS
K221738:action,K221738,action,MONITORING_OR_FOLLOW_UP
K221762:input,K221762,input,MEDICAL_IMAGE
K221762:output,K221762,output,RECONSTRUCTION_OR_ENHANCEMENT
K221762:user,K221762,user,OTHER_PHYSICIAN
K221762:user,K221762,user,RADIOLOGIST
K221762:setting,K221762,setting,DIAGNOSTIC_INTERPRETATION
K221762:setting,K221762,setting,OUTPATIENT
K221762:action,K221762,action,INTERPRETATION_OR_DIAGNOSIS
K221772:input,K221772,input,PHYSIOLOGICAL_SIGNAL
K221772:output,K221772,output,CLASSIFICATION_OR_DIAGNOSIS
K221772:output,K221772,output,DOCUMENTATION_OR_SUMMARY
K221772:user,K221772,user,OTHER_CLINICIAN
K221772:user,K221772,user,PATIENT_OR_CAREGIVER
K221772:setting,K221772,setting,HOME_OR_CONSUMER
K221772:setting,K221772,setting,MONITORING
K221772:setting,K221772,setting,OUTPATIENT
K221772:action,K221772,action,MONITORING_OR_FOLLOW_UP
K221868:input,K221868,input,MEDICAL_IMAGE
K221868:output,K221868,output,DETECTION_OR_ALERT
K221868:user,K221868,user,RADIOLOGIST
K221868:setting,K221868,setting,ACUTE_TRIAGE_OR_EMERGENCY
K221868:setting,K221868,setting,DIAGNOSTIC_INTERPRETATION
K221868:action,K221868,action,INTERPRETATION_OR_DIAGNOSIS
K221868:action,K221868,action,TRIAGE_OR_PRIORITIZATION
K221892:input,K221892,input,AUDIO_OR_VIDEO
K221892:input,K221892,input,MEDICAL_IMAGE
K221892:output,K221892,output,DOCUMENTATION_OR_SUMMARY
K221892:output,K221892,output,MEASUREMENT_OR_QUANTIFICATION
K221892:output,K221892,output,SEGMENTATION_OR_LOCALIZATION
K221892:user,K221892,user,OTHER_CLINICIAN
K221892:setting,K221892,setting,PROCEDURAL_OR_OPERATING_ROOM
K221892:action,K221892,action,OTHER
K221921:input,K221921,input,MEDICAL_IMAGE
K221921:output,K221921,output,DETECTION_OR_ALERT
K221921:output,K221921,output,MEASUREMENT_OR_QUANTIFICATION
K221921:output,K221921,output,SEGMENTATION_OR_LOCALIZATION
K221921:user,K221921,user,OTHER_CLINICIAN
K221921:setting,K221921,setting,DIAGNOSTIC_INTERPRETATION
K221921:action,K221921,action,INTERPRETATION_OR_DIAGNOSIS
K221923:input,K221923,input,MEDICAL_IMAGE
K221923:output,K221923,output,RECONSTRUCTION_OR_ENHANCEMENT
K221923:user,K221923,user,OTHER_PHYSICIAN
K221923:user,K221923,user,TECHNOLOGIST_OR_OPERATOR
K221923:setting,K221923,setting,ACUTE_TRIAGE_OR_EMERGENCY
K221923:setting,K221923,setting,DIAGNOSTIC_INTERPRETATION
K221923:setting,K221923,setting,INPATIENT
K221923:action,K221923,action,INTERPRETATION_OR_DIAGNOSIS
K222036:input,K222036,input,MEDICAL_IMAGE
K222036:output,K222036,output,CLASSIFICATION_OR_DIAGNOSIS
K222036:output,K222036,output,DOCUMENTATION_OR_SUMMARY
K222036:output,K222036,output,MEASUREMENT_OR_QUANTIFICATION
K222036:output,K222036,output,SEGMENTATION_OR_LOCALIZATION
K222036:user,K222036,user,OTHER_PHYSICIAN
K222036:user,K222036,user,RADIOLOGIST
K222036:setting,K222036,setting,DIAGNOSTIC_INTERPRETATION
K222036:action,K222036,action,INTERPRETATION_OR_DIAGNOSIS
K222036:action,K222036,action,MONITORING_OR_FOLLOW_UP
K222070:input,K222070,input,AUDIO_OR_VIDEO
K222070:input,K222070,input,MEDICAL_IMAGE
K222070:output,K222070,output,DETECTION_OR_ALERT
K222070:output,K222070,output,RECONSTRUCTION_OR_ENHANCEMENT
K222070:user,K222070,user,OTHER_PHYSICIAN
K222070:setting,K222070,setting,PROCEDURAL_OR_OPERATING_ROOM
K222070:action,K222070,action,TREATMENT_OR_PROCEDURE_PLANNING
K222076:input,K222076,input,MEDICAL_IMAGE
K222076:output,K222076,output,DETECTION_OR_ALERT
K222076:user,K222076,user,RADIOLOGIST
K222076:setting,K222076,setting,ACUTE_TRIAGE_OR_EMERGENCY
K222076:setting,K222076,setting,DIAGNOSTIC_INTERPRETATION
K222076:action,K222076,action,INTERPRETATION_OR_DIAGNOSIS
K222076:action,K222076,action,TRIAGE_OR_PRIORITIZATION
K222174:input,K222174,input,MEDICAL_IMAGE
K222174:output,K222174,output,DOCUMENTATION_OR_SUMMARY
K222174:output,K222174,output,MEASUREMENT_OR_QUANTIFICATION
K222174:user,K222174,user,RADIOLOGIST
K222174:setting,K222174,setting,DIAGNOSTIC_INTERPRETATION
K222174:action,K222174,action,INTERPRETATION_OR_DIAGNOSIS
K222174:action,K222174,action,WORKFLOW_OR_DOCUMENTATION
K222176:input,K222176,input,MEDICAL_IMAGE
K222176:output,K222176,output,CLASSIFICATION_OR_DIAGNOSIS
K222176:output,K222176,output,DETECTION_OR_ALERT
K222176:output,K222176,output,DOCUMENTATION_OR_SUMMARY
K222176:output,K222176,output,SEGMENTATION_OR_LOCALIZATION
K222176:user,K222176,user,OTHER_CLINICIAN
K222176:user,K222176,user,RADIOLOGIST
K222176:setting,K222176,setting,ACUTE_TRIAGE_OR_EMERGENCY
K222176:setting,K222176,setting,DIAGNOSTIC_INTERPRETATION
K222176:setting,K222176,setting,OUTPATIENT
K222176:action,K222176,action,INTERPRETATION_OR_DIAGNOSIS
K222179:input,K222179,input,MEDICAL_IMAGE
K222179:output,K222179,output,DETECTION_OR_ALERT
K222179:user,K222179,user,OTHER_CLINICIAN
K222179:setting,K222179,setting,DIAGNOSTIC_INTERPRETATION
K222179:setting,K222179,setting,OTHER
K222179:action,K222179,action,TRIAGE_OR_PRIORITIZATION
K222268:input,K222268,input,MEDICAL_IMAGE
K222268:output,K222268,output,DETECTION_OR_ALERT
K222268:user,K222268,user,OTHER_CLINICIAN
K222268:setting,K222268,setting,DIAGNOSTIC_INTERPRETATION
K222268:setting,K222268,setting,OTHER
K222268:action,K222268,action,TRIAGE_OR_PRIORITIZATION
K222275:input,K222275,input,MEDICAL_IMAGE
K222275:output,K222275,output,CLASSIFICATION_OR_DIAGNOSIS
K222275:output,K222275,output,DOCUMENTATION_OR_SUMMARY
K222275:user,K222275,user,OTHER_PHYSICIAN
K222275:user,K222275,user,RADIOLOGIST
K222275:setting,K222275,setting,DIAGNOSTIC_INTERPRETATION
K222275:setting,K222275,setting,SCREENING
K222275:action,K222275,action,INTERPRETATION_OR_DIAGNOSIS
K222277:input,K222277,input,MEDICAL_IMAGE
K222277:output,K222277,output,DETECTION_OR_ALERT
K222277:user,K222277,user,OTHER_PHYSICIAN
K222277:setting,K222277,setting,DIAGNOSTIC_INTERPRETATION
K222277:setting,K222277,setting,OTHER
K222277:action,K222277,action,TRIAGE_OR_PRIORITIZATION
K222312:input,K222312,input,MEDICAL_IMAGE
K222312:input,K222312,input,OTHER
K222312:output,K222312,output,MEASUREMENT_OR_QUANTIFICATION
K222312:output,K222312,output,RECOMMENDATION_OR_PLANNING
K222312:output,K222312,output,SEGMENTATION_OR_LOCALIZATION
K222312:user,K222312,user,OTHER_CLINICIAN
K222312:setting,K222312,setting,PROCEDURAL_OR_OPERATING_ROOM
K222312:action,K222312,action,TREATMENT_OR_PROCEDURE_PLANNING
K222329:input,K222329,input,MEDICAL_IMAGE
K222329:output,K222329,output,DETECTION_OR_ALERT
K222329:user,K222329,user,OTHER_PHYSICIAN
K222329:setting,K222329,setting,DIAGNOSTIC_INTERPRETATION
K222329:setting,K222329,setting,OTHER
K222329:action,K222329,action,TRIAGE_OR_PRIORITIZATION
K222360:input,K222360,input,MEDICAL_IMAGE
K222360:output,K222360,output,CLASSIFICATION_OR_DIAGNOSIS
K222360:output,K222360,output,DETECTION_OR_ALERT
K222360:output,K222360,output,DOCUMENTATION_OR_SUMMARY
K222360:output,K222360,output,MEASUREMENT_OR_QUANTIFICATION
K222360:output,K222360,output,SEGMENTATION_OR_LOCALIZATION
K222360:user,K222360,user,OTHER_PHYSICIAN
K222360:user,K222360,user,RADIOLOGIST
K222360:setting,K222360,setting,DIAGNOSTIC_INTERPRETATION
K222360:action,K222360,action,INTERPRETATION_OR_DIAGNOSIS
K222360:action,K222360,action,WORKFLOW_OR_DOCUMENTATION
K222361:input,K222361,input,MEDICAL_IMAGE
K222361:output,K222361,output,DETECTION_OR_ALERT
K222361:output,K222361,output,DOCUMENTATION_OR_SUMMARY
K222361:output,K222361,output,MEASUREMENT_OR_QUANTIFICATION
K222361:output,K222361,output,SEGMENTATION_OR_LOCALIZATION
K222361:user,K222361,user,OTHER_PHYSICIAN
K222361:user,K222361,user,RADIOLOGIST
K222361:setting,K222361,setting,DIAGNOSTIC_INTERPRETATION
K222361:action,K222361,action,INTERPRETATION_OR_DIAGNOSIS
K222361:action,K222361,action,WORKFLOW_OR_DOCUMENTATION
K222389:input,K222389,input,PHYSIOLOGICAL_SIGNAL
K222389:output,K222389,output,CLASSIFICATION_OR_DIAGNOSIS
K222389:output,K222389,output,DETECTION_OR_ALERT
K222389:output,K222389,output,DOCUMENTATION_OR_SUMMARY
K222389:output,K222389,output,MEASUREMENT_OR_QUANTIFICATION
K222389:user,K222389,user,OTHER_CLINICIAN
K222389:user,K222389,user,TECHNOLOGIST_OR_OPERATOR
K222389:setting,K222389,setting,DIAGNOSTIC_INTERPRETATION
K222389:setting,K222389,setting,MONITORING
K222389:action,K222389,action,INTERPRETATION_OR_DIAGNOSIS
K222389:action,K222389,action,MONITORING_OR_FOLLOW_UP
K222406:input,K222406,input,MEDICAL_IMAGE
K222406:output,K222406,output,MEASUREMENT_OR_QUANTIFICATION
K222406:output,K222406,output,SEGMENTATION_OR_LOCALIZATION
K222406:user,K222406,user,OTHER_CLINICIAN
K222406:setting,K222406,setting,DIAGNOSTIC_INTERPRETATION
K222406:setting,K222406,setting,OTHER
K222406:action,K222406,action,INTERPRETATION_OR_DIAGNOSIS
K222428:input,K222428,input,MEDICAL_IMAGE
K222428:output,K222428,output,MEASUREMENT_OR_QUANTIFICATION
K222428:user,K222428,user,OTHER_CLINICIAN
K222428:setting,K222428,setting,DIAGNOSTIC_INTERPRETATION
K222428:setting,K222428,setting,OTHER
K222428:action,K222428,action,INTERPRETATION_OR_DIAGNOSIS
K222458:input,K222458,input,MEDICAL_IMAGE
K222458:output,K222458,output,SEGMENTATION_OR_LOCALIZATION
K222458:user,K222458,user,OTHER_PHYSICIAN
K222458:user,K222458,user,RADIOLOGIST
K222458:setting,K222458,setting,OTHER
K222458:setting,K222458,setting,PROCEDURAL_OR_OPERATING_ROOM
K222458:action,K222458,action,OTHER
K222458:action,K222458,action,TREATMENT_OR_PROCEDURE_PLANNING
K222579:input,K222579,input,PHYSIOLOGICAL_SIGNAL
K222579:output,K222579,output,CLASSIFICATION_OR_DIAGNOSIS
K222579:output,K222579,output,MEASUREMENT_OR_QUANTIFICATION
K222579:user,K222579,user,OTHER_CLINICIAN
K222579:setting,K222579,setting,DIAGNOSTIC_INTERPRETATION
K222579:setting,K222579,setting,HOME_OR_CONSUMER
K222579:setting,K222579,setting,OTHER
K222579:action,K222579,action,INTERPRETATION_OR_DIAGNOSIS
K222593:input,K222593,input,MEDICAL_IMAGE
K222593:output,K222593,output,RECONSTRUCTION_OR_ENHANCEMENT
K222593:output,K222593,output,SEGMENTATION_OR_LOCALIZATION
K222593:user,K222593,user,OTHER_PHYSICIAN
K222593:setting,K222593,setting,MONITORING
K222593:setting,K222593,setting,PROCEDURAL_OR_OPERATING_ROOM
K222593:action,K222593,action,MONITORING_OR_FOLLOW_UP
K222593:action,K222593,action,TREATMENT_OR_PROCEDURE_PLANNING
K222676:input,K222676,input,MEDICAL_IMAGE
K222676:output,K222676,output,SEGMENTATION_OR_LOCALIZATION
K222676:user,K222676,user,OTHER_CLINICIAN
K222676:user,K222676,user,TECHNOLOGIST_OR_OPERATOR
K222676:setting,K222676,setting,OTHER
K222676:setting,K222676,setting,PROCEDURAL_OR_OPERATING_ROOM
K222676:action,K222676,action,OTHER
K222676:action,K222676,action,TREATMENT_OR_PROCEDURE_PLANNING
K222692:input,K222692,input,MEDICAL_IMAGE
K222692:output,K222692,output,DETECTION_OR_ALERT
K222692:user,K222692,user,OTHER_PHYSICIAN
K222692:setting,K222692,setting,DIAGNOSTIC_INTERPRETATION
K222692:setting,K222692,setting,OTHER
K222692:action,K222692,action,TRIAGE_OR_PRIORITIZATION
K222728:input,K222728,input,MEDICAL_IMAGE
K222728:output,K222728,output,RECOMMENDATION_OR_PLANNING
K222728:output,K222728,output,SEGMENTATION_OR_LOCALIZATION
K222728:setting,K222728,setting,PROCEDURAL_OR_OPERATING_ROOM
K222728:action,K222728,action,TREATMENT_OR_PROCEDURE_PLANNING
K222745:input,K222745,input,MEDICAL_IMAGE
K222745:output,K222745,output,SEGMENTATION_OR_LOCALIZATION
K222745:user,K222745,user,TECHNOLOGIST_OR_OPERATOR
K222745:setting,K222745,setting,DIAGNOSTIC_INTERPRETATION
K222745:setting,K222745,setting,OTHER
K222745:setting,K222745,setting,PROCEDURAL_OR_OPERATING_ROOM
K222745:action,K222745,action,INTERPRETATION_OR_DIAGNOSIS
K222745:action,K222745,action,TREATMENT_OR_PROCEDURE_PLANNING
K222746:input,K222746,input,MEDICAL_IMAGE
K222746:output,K222746,output,DETECTION_OR_ALERT
K222746:output,K222746,output,SEGMENTATION_OR_LOCALIZATION
K222746:user,K222746,user,OTHER_CLINICIAN
K222746:setting,K222746,setting,DIAGNOSTIC_INTERPRETATION
K222746:setting,K222746,setting,OUTPATIENT
K222746:action,K222746,action,INTERPRETATION_OR_DIAGNOSIS
K222755:input,K222755,input,MEDICAL_IMAGE
K222755:output,K222755,output,RECONSTRUCTION_OR_ENHANCEMENT
K222755:user,K222755,user,OTHER_PHYSICIAN
K222755:setting,K222755,setting,DIAGNOSTIC_INTERPRETATION
K222755:action,K222755,action,INTERPRETATION_OR_DIAGNOSIS
K222803:input,K222803,input,OTHER
K222803:output,K222803,output,RECOMMENDATION_OR_PLANNING
K222803:user,K222803,user,OTHER_CLINICIAN
K222803:user,K222803,user,OTHER_PHYSICIAN
K222803:setting,K222803,setting,OTHER
K222803:setting,K222803,setting,OUTPATIENT
K222803:setting,K222803,setting,PROCEDURAL_OR_OPERATING_ROOM
K222803:action,K222803,action,TREATMENT_OR_PROCEDURE_PLANNING
K222819:input,K222819,input,MEDICAL_IMAGE
K222819:output,K222819,output,RECONSTRUCTION_OR_ENHANCEMENT
K222819:user,K222819,user,OTHER_PHYSICIAN
K222819:setting,K222819,setting,OTHER
K222819:action,K222819,action,OTHER
K222884:input,K222884,input,MEDICAL_IMAGE
K222884:output,K222884,output,DETECTION_OR_ALERT
K222884:user,K222884,user,OTHER_CLINICIAN
K222884:setting,K222884,setting,DIAGNOSTIC_INTERPRETATION
K222884:setting,K222884,setting,OTHER
K222884:action,K222884,action,TRIAGE_OR_PRIORITIZATION
K222921:input,K222921,input,MEDICAL_IMAGE
K222921:output,K222921,output,MEASUREMENT_OR_QUANTIFICATION
K222921:user,K222921,user,OTHER_CLINICIAN
K222921:user,K222921,user,PATIENT_OR_CAREGIVER
K222921:setting,K222921,setting,DIAGNOSTIC_INTERPRETATION
K222921:setting,K222921,setting,HOME_OR_CONSUMER
K222921:action,K222921,action,INTERPRETATION_OR_DIAGNOSIS
K222970:input,K222970,input,MEDICAL_IMAGE
K222970:output,K222970,output,CLASSIFICATION_OR_DIAGNOSIS
K222970:output,K222970,output,MEASUREMENT_OR_QUANTIFICATION
K222970:setting,K222970,setting,OTHER
K222970:action,K222970,action,INTERPRETATION_OR_DIAGNOSIS
K222970:action,K222970,action,WORKFLOW_OR_DOCUMENTATION
K223028:input,K223028,input,MEDICAL_IMAGE
K223028:output,K223028,output,RECONSTRUCTION_OR_ENHANCEMENT
K223028:setting,K223028,setting,OTHER
K223028:setting,K223028,setting,SCREENING
K223028:action,K223028,action,INTERPRETATION_OR_DIAGNOSIS
K223032:input,K223032,input,MEDICAL_IMAGE
K223032:input,K223032,input,MULTIMODAL
K223032:output,K223032,output,RECONSTRUCTION_OR_ENHANCEMENT
K223032:output,K223032,output,SEGMENTATION_OR_LOCALIZATION
K223032:user,K223032,user,OTHER_PHYSICIAN
K223032:user,K223032,user,RADIOLOGIST
K223032:setting,K223032,setting,PROCEDURAL_OR_OPERATING_ROOM
K223032:action,K223032,action,TREATMENT_OR_PROCEDURE_PLANNING
K223042:input,K223042,input,MEDICAL_IMAGE
K223042:output,K223042,output,DETECTION_OR_ALERT
K223042:user,K223042,user,OTHER_PHYSICIAN
K223042:setting,K223042,setting,ACUTE_TRIAGE_OR_EMERGENCY
K223042:setting,K223042,setting,DIAGNOSTIC_INTERPRETATION
K223042:action,K223042,action,TRIAGE_OR_PRIORITIZATION
K223073:input,K223073,input,PHYSIOLOGICAL_SIGNAL
K223073:output,K223073,output,CLASSIFICATION_OR_DIAGNOSIS
K223073:output,K223073,output,MEASUREMENT_OR_QUANTIFICATION
K223073:output,K223073,output,RISK_SCORE_OR_PREDICTION
K223073:user,K223073,user,OTHER_CLINICIAN
K223073:setting,K223073,setting,MONITORING
K223073:setting,K223073,setting,OTHER
K223073:action,K223073,action,MONITORING_OR_FOLLOW_UP
K223106:input,K223106,input,MEDICAL_IMAGE
K223106:output,K223106,output,SEGMENTATION_OR_LOCALIZATION
K223106:setting,K223106,setting,PROCEDURAL_OR_OPERATING_ROOM
K223106:action,K223106,action,TREATMENT_OR_PROCEDURE_PLANNING
K223133:input,K223133,input,MEDICAL_IMAGE
K223133:output,K223133,output,DETECTION_OR_ALERT
K223133:output,K223133,output,SEGMENTATION_OR_LOCALIZATION
K223133:user,K223133,user,OTHER_PHYSICIAN
K223133:user,K223133,user,RADIOLOGIST
K223133:setting,K223133,setting,ACUTE_TRIAGE_OR_EMERGENCY
K223133:setting,K223133,setting,DIAGNOSTIC_INTERPRETATION
K223133:setting,K223133,setting,OUTPATIENT
K223133:action,K223133,action,INTERPRETATION_OR_DIAGNOSIS
K223180:input,K223180,input,MEDICAL_IMAGE
K223180:output,K223180,output,CLASSIFICATION_OR_DIAGNOSIS
K223180:output,K223180,output,DOCUMENTATION_OR_SUMMARY
K223180:output,K223180,output,MEASUREMENT_OR_QUANTIFICATION
K223180:output,K223180,output,SEGMENTATION_OR_LOCALIZATION
K223180:user,K223180,user,OTHER_PHYSICIAN
K223180:setting,K223180,setting,DIAGNOSTIC_INTERPRETATION
K223180:setting,K223180,setting,OTHER
K223180:setting,K223180,setting,OUTPATIENT
K223180:action,K223180,action,INTERPRETATION_OR_DIAGNOSIS
K223212:input,K223212,input,MEDICAL_IMAGE
K223212:output,K223212,output,RECONSTRUCTION_OR_ENHANCEMENT
K223212:setting,K223212,setting,DIAGNOSTIC_INTERPRETATION
K223212:action,K223212,action,WORKFLOW_OR_DOCUMENTATION
K223240:input,K223240,input,MEDICAL_IMAGE
K223240:output,K223240,output,DETECTION_OR_ALERT
K223240:user,K223240,user,OTHER_CLINICIAN
K223240:setting,K223240,setting,DIAGNOSTIC_INTERPRETATION
K223240:setting,K223240,setting,OTHER
K223240:action,K223240,action,TRIAGE_OR_PRIORITIZATION
K223247:input,K223247,input,MEDICAL_IMAGE
K223247:output,K223247,output,RECONSTRUCTION_OR_ENHANCEMENT
K223247:user,K223247,user,OTHER_PHYSICIAN
K223247:setting,K223247,setting,ACUTE_TRIAGE_OR_EMERGENCY
K223247:setting,K223247,setting,DIAGNOSTIC_INTERPRETATION
K223247:setting,K223247,setting,INPATIENT
K223247:setting,K223247,setting,OTHER
K223247:action,K223247,action,INTERPRETATION_OR_DIAGNOSIS
K223268:input,K223268,input,MEDICAL_IMAGE
K223268:output,K223268,output,DOCUMENTATION_OR_SUMMARY
K223268:output,K223268,output,MEASUREMENT_OR_QUANTIFICATION
K223268:output,K223268,output,SEGMENTATION_OR_LOCALIZATION
K223268:user,K223268,user,OTHER_PHYSICIAN
K223268:setting,K223268,setting,DIAGNOSTIC_INTERPRETATION
K223268:action,K223268,action,INTERPRETATION_OR_DIAGNOSIS
K223287:input,K223287,input,MEDICAL_IMAGE
K223287:output,K223287,output,CLASSIFICATION_OR_DIAGNOSIS
K223287:output,K223287,output,MEASUREMENT_OR_QUANTIFICATION
K223287:output,K223287,output,SEGMENTATION_OR_LOCALIZATION
K223287:user,K223287,user,OTHER_CLINICIAN
K223287:setting,K223287,setting,DIAGNOSTIC_INTERPRETATION
K223287:setting,K223287,setting,OTHER
K223287:action,K223287,action,INTERPRETATION_OR_DIAGNOSIS
K223287:action,K223287,action,WORKFLOW_OR_DOCUMENTATION
K223288:input,K223288,input,MEDICAL_IMAGE
K223288:output,K223288,output,OTHER
K223288:output,K223288,output,SEGMENTATION_OR_LOCALIZATION
K223288:user,K223288,user,OTHER_PHYSICIAN
K223288:setting,K223288,setting,PROCEDURAL_OR_OPERATING_ROOM
K223288:action,K223288,action,OTHER
K223288:action,K223288,action,WORKFLOW_OR_DOCUMENTATION
K223296:input,K223296,input,MEDICAL_IMAGE
K223296:output,K223296,output,MEASUREMENT_OR_QUANTIFICATION
K223296:output,K223296,output,SEGMENTATION_OR_LOCALIZATION
K223296:user,K223296,user,OTHER_CLINICIAN
K223296:setting,K223296,setting,DIAGNOSTIC_INTERPRETATION
K223296:setting,K223296,setting,OUTPATIENT
K223296:action,K223296,action,INTERPRETATION_OR_DIAGNOSIS
K223311:input,K223311,input,MEDICAL_IMAGE
K223311:output,K223311,output,CONTROL_OR_AUTOMATION
K223311:output,K223311,output,RECONSTRUCTION_OR_ENHANCEMENT
K223311:setting,K223311,setting,DIAGNOSTIC_INTERPRETATION
K223311:setting,K223311,setting,OTHER
K223311:setting,K223311,setting,SCREENING
K223311:action,K223311,action,INTERPRETATION_OR_DIAGNOSIS
K223311:action,K223311,action,THERAPY_DOSE_OR_DEVICE_CONTROL
K223311:action,K223311,action,WORKFLOW_OR_DOCUMENTATION
K223325:input,K223325,input,MEDICAL_IMAGE
K223325:output,K223325,output,RECONSTRUCTION_OR_ENHANCEMENT
K223325:user,K223325,user,OTHER_CLINICIAN
K223325:setting,K223325,setting,DIAGNOSTIC_INTERPRETATION
K223325:setting,K223325,setting,MONITORING
K223325:setting,K223325,setting,PROCEDURAL_OR_OPERATING_ROOM
K223325:action,K223325,action,INTERPRETATION_OR_DIAGNOSIS
K223325:action,K223325,action,MONITORING_OR_FOLLOW_UP
K223325:action,K223325,action,TREATMENT_OR_PROCEDURE_PLANNING
K223343:input,K223343,input,MEDICAL_IMAGE
K223343:output,K223343,output,RECONSTRUCTION_OR_ENHANCEMENT
K223343:user,K223343,user,OTHER_PHYSICIAN
K223343:setting,K223343,setting,DIAGNOSTIC_INTERPRETATION
K223343:setting,K223343,setting,PROCEDURAL_OR_OPERATING_ROOM
K223343:action,K223343,action,INTERPRETATION_OR_DIAGNOSIS
K223343:action,K223343,action,OTHER
K223347:input,K223347,input,MEDICAL_IMAGE
K223347:output,K223347,output,CLASSIFICATION_OR_DIAGNOSIS
K223347:output,K223347,output,MEASUREMENT_OR_QUANTIFICATION
K223347:output,K223347,output,RECOMMENDATION_OR_PLANNING
K223347:user,K223347,user,OTHER_CLINICIAN
K223347:setting,K223347,setting,OTHER
K223347:action,K223347,action,WORKFLOW_OR_DOCUMENTATION
K223357:input,K223357,input,MEDICAL_IMAGE
K223357:output,K223357,output,CLASSIFICATION_OR_DIAGNOSIS
K223357:user,K223357,user,OTHER_CLINICIAN
K223357:user,K223357,user,TECHNOLOGIST_OR_OPERATOR
K223357:setting,K223357,setting,SCREENING
K223357:action,K223357,action,INTERPRETATION_OR_DIAGNOSIS
K223387:input,K223387,input,MEDICAL_IMAGE
K223387:output,K223387,output,CLASSIFICATION_OR_DIAGNOSIS
K223387:output,K223387,output,DETECTION_OR_ALERT
K223387:output,K223387,output,MEASUREMENT_OR_QUANTIFICATION
K223387:output,K223387,output,SEGMENTATION_OR_LOCALIZATION
K223387:user,K223387,user,OTHER_CLINICIAN
K223387:setting,K223387,setting,DIAGNOSTIC_INTERPRETATION
K223387:setting,K223387,setting,OTHER
K223387:setting,K223387,setting,OUTPATIENT
K223387:action,K223387,action,INTERPRETATION_OR_DIAGNOSIS
K223387:action,K223387,action,WORKFLOW_OR_DOCUMENTATION
K223396:input,K223396,input,MEDICAL_IMAGE
K223396:output,K223396,output,DOCUMENTATION_OR_SUMMARY
K223396:output,K223396,output,MEASUREMENT_OR_QUANTIFICATION
K223396:output,K223396,output,SEGMENTATION_OR_LOCALIZATION
K223396:user,K223396,user,OTHER_CLINICIAN
K223396:setting,K223396,setting,DIAGNOSTIC_INTERPRETATION
K223396:action,K223396,action,INTERPRETATION_OR_DIAGNOSIS
K223424:input,K223424,input,MEDICAL_IMAGE
K223424:output,K223424,output,RECONSTRUCTION_OR_ENHANCEMENT
K223424:output,K223424,output,SEGMENTATION_OR_LOCALIZATION
K223424:user,K223424,user,OTHER_PHYSICIAN
K223424:setting,K223424,setting,DIAGNOSTIC_INTERPRETATION
K223424:action,K223424,action,INTERPRETATION_OR_DIAGNOSIS
K223424:action,K223424,action,WORKFLOW_OR_DOCUMENTATION
K223426:input,K223426,input,MEDICAL_IMAGE
K223426:output,K223426,output,OTHER
K223426:output,K223426,output,RECONSTRUCTION_OR_ENHANCEMENT
K223426:output,K223426,output,SEGMENTATION_OR_LOCALIZATION
K223426:user,K223426,user,OTHER_PHYSICIAN
K223426:setting,K223426,setting,DIAGNOSTIC_INTERPRETATION
K223426:action,K223426,action,INTERPRETATION_OR_DIAGNOSIS
K223426:action,K223426,action,WORKFLOW_OR_DOCUMENTATION
K223443:input,K223443,input,MEDICAL_IMAGE
K223443:output,K223443,output,DETECTION_OR_ALERT
K223443:user,K223443,user,OTHER_PHYSICIAN
K223443:setting,K223443,setting,DIAGNOSTIC_INTERPRETATION
K223443:setting,K223443,setting,OTHER
K223443:action,K223443,action,TRIAGE_OR_PRIORITIZATION
K223458:input,K223458,input,MEDICAL_IMAGE
K223458:output,K223458,output,RECONSTRUCTION_OR_ENHANCEMENT
K223458:user,K223458,user,OTHER_CLINICIAN
K223458:user,K223458,user,OTHER_PHYSICIAN
K223458:setting,K223458,setting,DIAGNOSTIC_INTERPRETATION
K223458:setting,K223458,setting,OTHER
K223458:setting,K223458,setting,PROCEDURAL_OR_OPERATING_ROOM
K223458:action,K223458,action,INTERPRETATION_OR_DIAGNOSIS
K223458:action,K223458,action,TREATMENT_OR_PROCEDURE_PLANNING
K223473:input,K223473,input,AUDIO_OR_VIDEO
K223473:input,K223473,input,MEDICAL_IMAGE
K223473:output,K223473,output,DETECTION_OR_ALERT
K223473:output,K223473,output,SEGMENTATION_OR_LOCALIZATION
K223473:user,K223473,user,OTHER_PHYSICIAN
K223473:setting,K223473,setting,MONITORING
K223473:setting,K223473,setting,PROCEDURAL_OR_OPERATING_ROOM
K223473:setting,K223473,setting,SCREENING
K223473:action,K223473,action,INTERPRETATION_OR_DIAGNOSIS
K223490:input,K223490,input,MEDICAL_IMAGE
K223490:output,K223490,output,SEGMENTATION_OR_LOCALIZATION
K223490:user,K223490,user,OTHER_PHYSICIAN
K223490:setting,K223490,setting,PROCEDURAL_OR_OPERATING_ROOM
K223490:action,K223490,action,TREATMENT_OR_PROCEDURE_PLANNING
K223491:input,K223491,input,MEDICAL_IMAGE
K223491:output,K223491,output,DETECTION_OR_ALERT
K223491:output,K223491,output,OTHER
K223491:output,K223491,output,SEGMENTATION_OR_LOCALIZATION
K223491:user,K223491,user,OTHER_CLINICIAN
K223491:user,K223491,user,RADIOLOGIST
K223491:setting,K223491,setting,DIAGNOSTIC_INTERPRETATION
K223491:setting,K223491,setting,OTHER
K223491:action,K223491,action,INTERPRETATION_OR_DIAGNOSIS
K223491:action,K223491,action,TRIAGE_OR_PRIORITIZATION
K223501:input,K223501,input,MEDICAL_IMAGE
K223501:output,K223501,output,OTHER
K223501:output,K223501,output,SEGMENTATION_OR_LOCALIZATION
K223501:user,K223501,user,OTHER_PHYSICIAN
K223501:setting,K223501,setting,DIAGNOSTIC_INTERPRETATION
K223501:setting,K223501,setting,SCREENING
K223501:action,K223501,action,INTERPRETATION_OR_DIAGNOSIS
K223501:action,K223501,action,WORKFLOW_OR_DOCUMENTATION
K223502:input,K223502,input,MEDICAL_IMAGE
K223502:output,K223502,output,MEASUREMENT_OR_QUANTIFICATION
K223502:output,K223502,output,SEGMENTATION_OR_LOCALIZATION
K223502:user,K223502,user,OTHER_PHYSICIAN
K223502:user,K223502,user,RADIOLOGIST
K223502:setting,K223502,setting,DIAGNOSTIC_INTERPRETATION
K223502:setting,K223502,setting,OTHER
K223502:action,K223502,action,INTERPRETATION_OR_DIAGNOSIS
K223504:input,K223504,input,PHYSIOLOGICAL_SIGNAL
K223504:output,K223504,output,CLASSIFICATION_OR_DIAGNOSIS
K223504:output,K223504,output,DETECTION_OR_ALERT
K223504:user,K223504,user,OTHER_CLINICIAN
K223504:setting,K223504,setting,ACUTE_TRIAGE_OR_EMERGENCY
K223504:setting,K223504,setting,MONITORING
K223504:action,K223504,action,INTERPRETATION_OR_DIAGNOSIS
K223504:action,K223504,action,TREATMENT_OR_PROCEDURE_PLANNING
K223514:input,K223514,input,MEDICAL_IMAGE
K223514:output,K223514,output,RECONSTRUCTION_OR_ENHANCEMENT
K223514:output,K223514,output,SEGMENTATION_OR_LOCALIZATION
K223514:user,K223514,user,OTHER_CLINICIAN
K223514:setting,K223514,setting,DIAGNOSTIC_INTERPRETATION
K223514:action,K223514,action,INTERPRETATION_OR_DIAGNOSIS
K223514:action,K223514,action,WORKFLOW_OR_DOCUMENTATION
K223516:input,K223516,input,DEVICE_TELEMETRY_OR_OPERATIONAL
K223516:input,K223516,input,PHYSIOLOGICAL_SIGNAL
K223516:output,K223516,output,CLASSIFICATION_OR_DIAGNOSIS
K223516:output,K223516,output,MEASUREMENT_OR_QUANTIFICATION
K223516:output,K223516,output,SEGMENTATION_OR_LOCALIZATION
K223516:user,K223516,user,OTHER_PHYSICIAN
K223516:setting,K223516,setting,PROCEDURAL_OR_OPERATING_ROOM
K223516:action,K223516,action,OTHER
K223516:action,K223516,action,WORKFLOW_OR_DOCUMENTATION
K223523:input,K223523,input,MEDICAL_IMAGE
K223523:output,K223523,output,RECONSTRUCTION_OR_ENHANCEMENT
K223523:setting,K223523,setting,DIAGNOSTIC_INTERPRETATION
K223523:action,K223523,action,WORKFLOW_OR_DOCUMENTATION
K223539:input,K223539,input,PHYSIOLOGICAL_SIGNAL
K223539:output,K223539,output,CLASSIFICATION_OR_DIAGNOSIS
K223539:output,K223539,output,DOCUMENTATION_OR_SUMMARY
K223539:output,K223539,output,MEASUREMENT_OR_QUANTIFICATION
K223539:user,K223539,user,OTHER_CLINICIAN
K223539:setting,K223539,setting,HOME_OR_CONSUMER
K223539:setting,K223539,setting,MONITORING
K223539:setting,K223539,setting,OTHER
K223539:action,K223539,action,INTERPRETATION_OR_DIAGNOSIS
K223552:input,K223552,input,MEDICAL_IMAGE
K223552:output,K223552,output,SEGMENTATION_OR_LOCALIZATION
K223552:user,K223552,user,OTHER_PHYSICIAN
K223552:setting,K223552,setting,PROCEDURAL_OR_OPERATING_ROOM
K223552:action,K223552,action,OTHER
K223553:input,K223553,input,MEDICAL_IMAGE
K223553:output,K223553,output,MEASUREMENT_OR_QUANTIFICATION
K223553:output,K223553,output,RECOMMENDATION_OR_PLANNING
K223553:output,K223553,output,SEGMENTATION_OR_LOCALIZATION
K223553:setting,K223553,setting,OTHER
K223553:setting,K223553,setting,PROCEDURAL_OR_OPERATING_ROOM
K223553:action,K223553,action,TREATMENT_OR_PROCEDURE_PLANNING
K223556:input,K223556,input,MEDICAL_IMAGE
K223556:output,K223556,output,MEASUREMENT_OR_QUANTIFICATION
K223556:output,K223556,output,RECONSTRUCTION_OR_ENHANCEMENT
K223556:output,K223556,output,SEGMENTATION_OR_LOCALIZATION
K223556:user,K223556,user,OTHER_PHYSICIAN
K223556:setting,K223556,setting,DIAGNOSTIC_INTERPRETATION
K223556:action,K223556,action,INTERPRETATION_OR_DIAGNOSIS
K223621:input,K223621,input,MEDICAL_IMAGE
K223621:output,K223621,output,CLASSIFICATION_OR_DIAGNOSIS
K223621:output,K223621,output,DOCUMENTATION_OR_SUMMARY
K223621:output,K223621,output,MEASUREMENT_OR_QUANTIFICATION
K223621:output,K223621,output,SEGMENTATION_OR_LOCALIZATION
K223621:user,K223621,user,OTHER_PHYSICIAN
K223621:user,K223621,user,RADIOLOGIST
K223621:user,K223621,user,TECHNOLOGIST_OR_OPERATOR
K223621:setting,K223621,setting,DIAGNOSTIC_INTERPRETATION
K223621:action,K223621,action,INTERPRETATION_OR_DIAGNOSIS
K223622:input,K223622,input,AUDIO_OR_VIDEO
K223622:output,K223622,output,MEASUREMENT_OR_QUANTIFICATION
K223622:user,K223622,user,PATIENT_OR_CAREGIVER
K223622:setting,K223622,setting,MONITORING
K223622:setting,K223622,setting,OTHER
K223622:action,K223622,action,MONITORING_OR_FOLLOW_UP
K223622:action,K223622,action,REFERRAL_OR_ESCALATION
K223623:input,K223623,input,MEDICAL_IMAGE
K223623:output,K223623,output,RECONSTRUCTION_OR_ENHANCEMENT
K223623:user,K223623,user,RADIOLOGIST
K223623:setting,K223623,setting,DIAGNOSTIC_INTERPRETATION
K223623:setting,K223623,setting,OTHER
K223623:setting,K223623,setting,OUTPATIENT
K223623:action,K223623,action,WORKFLOW_OR_DOCUMENTATION
K223630:input,K223630,input,PHYSIOLOGICAL_SIGNAL
K223630:output,K223630,output,CLASSIFICATION_OR_DIAGNOSIS
K223630:output,K223630,output,DETECTION_OR_ALERT
K223630:setting,K223630,setting,MONITORING
K223630:action,K223630,action,MONITORING_OR_FOLLOW_UP
K223630:action,K223630,action,WORKFLOW_OR_DOCUMENTATION
K223639:input,K223639,input,MEDICAL_IMAGE
K223639:output,K223639,output,MEASUREMENT_OR_QUANTIFICATION
K223639:output,K223639,output,SEGMENTATION_OR_LOCALIZATION
K223639:user,K223639,user,OTHER_PHYSICIAN
K223639:setting,K223639,setting,OTHER
K223639:setting,K223639,setting,PROCEDURAL_OR_OPERATING_ROOM
K223639:action,K223639,action,OTHER
K223639:action,K223639,action,TREATMENT_OR_PROCEDURE_PLANNING
K223646:input,K223646,input,MEDICAL_IMAGE
K223646:output,K223646,output,DOCUMENTATION_OR_SUMMARY
K223646:output,K223646,output,MEASUREMENT_OR_QUANTIFICATION
K223646:output,K223646,output,SEGMENTATION_OR_LOCALIZATION
K223646:user,K223646,user,OTHER_CLINICIAN
K223646:setting,K223646,setting,DIAGNOSTIC_INTERPRETATION
K223646:action,K223646,action,INTERPRETATION_OR_DIAGNOSIS
K223659:input,K223659,input,MEDICAL_IMAGE
K223659:output,K223659,output,DOCUMENTATION_OR_SUMMARY
K223659:output,K223659,output,MEASUREMENT_OR_QUANTIFICATION
K223659:output,K223659,output,SEGMENTATION_OR_LOCALIZATION
K223659:user,K223659,user,OTHER_PHYSICIAN
K223659:setting,K223659,setting,DIAGNOSTIC_INTERPRETATION
K223659:setting,K223659,setting,LABORATORY
K223659:setting,K223659,setting,OTHER
K223659:action,K223659,action,INTERPRETATION_OR_DIAGNOSIS
K223659:action,K223659,action,WORKFLOW_OR_DOCUMENTATION
K223724:input,K223724,input,MEDICAL_IMAGE
K223724:input,K223724,input,OTHER
K223724:output,K223724,output,MEASUREMENT_OR_QUANTIFICATION
K223724:output,K223724,output,RECOMMENDATION_OR_PLANNING
K223724:output,K223724,output,SEGMENTATION_OR_LOCALIZATION
K223724:user,K223724,user,OTHER_CLINICIAN
K223724:setting,K223724,setting,PROCEDURAL_OR_OPERATING_ROOM
K223724:action,K223724,action,TREATMENT_OR_PROCEDURE_PLANNING
K223726:input,K223726,input,MEDICAL_IMAGE
K223726:output,K223726,output,RECONSTRUCTION_OR_ENHANCEMENT
K223726:user,K223726,user,OTHER_PHYSICIAN
K223726:setting,K223726,setting,DIAGNOSTIC_INTERPRETATION
K223726:action,K223726,action,OTHER
K223734:input,K223734,input,MEDICAL_IMAGE
K223734:output,K223734,output,SEGMENTATION_OR_LOCALIZATION
K223734:user,K223734,user,OTHER_PHYSICIAN
K223734:setting,K223734,setting,PROCEDURAL_OR_OPERATING_ROOM
K223734:action,K223734,action,OTHER
K223734:action,K223734,action,WORKFLOW_OR_DOCUMENTATION
K223738:input,K223738,input,PHYSIOLOGICAL_SIGNAL
K223738:output,K223738,output,CONTROL_OR_AUTOMATION
K223738:output,K223738,output,OTHER
K223738:user,K223738,user,OTHER_CLINICIAN
K223738:user,K223738,user,PATIENT_OR_CAREGIVER
K223738:setting,K223738,setting,HOME_OR_CONSUMER
K223738:setting,K223738,setting,OTHER
K223738:action,K223738,action,PATIENT_SELF_MANAGEMENT
K223738:action,K223738,action,THERAPY_DOSE_OR_DEVICE_CONTROL
K223754:input,K223754,input,MEDICAL_IMAGE
K223754:output,K223754,output,DETECTION_OR_ALERT
K223754:user,K223754,user,OTHER_CLINICIAN
K223754:user,K223754,user,RADIOLOGIST
K223754:setting,K223754,setting,DIAGNOSTIC_INTERPRETATION
K223754:action,K223754,action,TRIAGE_OR_PRIORITIZATION
K223757:input,K223757,input,MEDICAL_IMAGE
K223757:output,K223757,output,RECONSTRUCTION_OR_ENHANCEMENT
K223757:output,K223757,output,SEGMENTATION_OR_LOCALIZATION
K223757:user,K223757,user,OTHER_CLINICIAN
K223757:setting,K223757,setting,DIAGNOSTIC_INTERPRETATION
K223757:setting,K223757,setting,OTHER
K223757:setting,K223757,setting,OUTPATIENT
K223757:setting,K223757,setting,PROCEDURAL_OR_OPERATING_ROOM
K223757:action,K223757,action,INTERPRETATION_OR_DIAGNOSIS
K223757:action,K223757,action,TREATMENT_OR_PROCEDURE_PLANNING
K223771:input,K223771,input,AUDIO_OR_VIDEO
K223771:input,K223771,input,MEDICAL_IMAGE
K223771:output,K223771,output,CLASSIFICATION_OR_DIAGNOSIS
K223771:output,K223771,output,DETECTION_OR_ALERT
K223771:output,K223771,output,MEASUREMENT_OR_QUANTIFICATION
K223771:output,K223771,output,SEGMENTATION_OR_LOCALIZATION
K223771:user,K223771,user,OTHER_CLINICIAN
K223771:setting,K223771,setting,DIAGNOSTIC_INTERPRETATION
K223771:setting,K223771,setting,INPATIENT
K223771:setting,K223771,setting,MONITORING
K223771:setting,K223771,setting,OTHER
K223771:action,K223771,action,INTERPRETATION_OR_DIAGNOSIS
K223771:action,K223771,action,MONITORING_OR_FOLLOW_UP
K223774:input,K223774,input,MEDICAL_IMAGE
K223774:output,K223774,output,SEGMENTATION_OR_LOCALIZATION
K223774:user,K223774,user,OTHER_CLINICIAN
K223774:setting,K223774,setting,MONITORING
K223774:setting,K223774,setting,PROCEDURAL_OR_OPERATING_ROOM
K223774:action,K223774,action,MONITORING_OR_FOLLOW_UP
K223774:action,K223774,action,TREATMENT_OR_PROCEDURE_PLANNING
K223811:input,K223811,input,MEDICAL_IMAGE
K223811:output,K223811,output,DETECTION_OR_ALERT
K223811:output,K223811,output,SEGMENTATION_OR_LOCALIZATION
K223811:user,K223811,user,OTHER_PHYSICIAN
K223811:setting,K223811,setting,DIAGNOSTIC_INTERPRETATION
K223811:action,K223811,action,INTERPRETATION_OR_DIAGNOSIS
K223830:input,K223830,input,MEDICAL_IMAGE
K223830:output,K223830,output,MEASUREMENT_OR_QUANTIFICATION
K223830:output,K223830,output,SEGMENTATION_OR_LOCALIZATION
K223830:user,K223830,user,OTHER_CLINICIAN
K223830:setting,K223830,setting,DIAGNOSTIC_INTERPRETATION
K223830:setting,K223830,setting,OTHER
K223830:setting,K223830,setting,OUTPATIENT
K223830:action,K223830,action,INTERPRETATION_OR_DIAGNOSIS
K223830:action,K223830,action,WORKFLOW_OR_DOCUMENTATION
K223855:input,K223855,input,MEDICAL_IMAGE
K223855:output,K223855,output,DOCUMENTATION_OR_SUMMARY
K223855:output,K223855,output,MEASUREMENT_OR_QUANTIFICATION
K223855:output,K223855,output,RECONSTRUCTION_OR_ENHANCEMENT
K223855:output,K223855,output,SEGMENTATION_OR_LOCALIZATION
K223855:user,K223855,user,OTHER
K223855:user,K223855,user,OTHER_CLINICIAN
K223855:setting,K223855,setting,PROCEDURAL_OR_OPERATING_ROOM
K223855:action,K223855,action,TREATMENT_OR_PROCEDURE_PLANNING
K223864:input,K223864,input,MEDICAL_IMAGE
K223864:output,K223864,output,SEGMENTATION_OR_LOCALIZATION
K223864:user,K223864,user,OTHER_PHYSICIAN
K223864:setting,K223864,setting,PROCEDURAL_OR_OPERATING_ROOM
K223864:action,K223864,action,OTHER
K223864:action,K223864,action,WORKFLOW_OR_DOCUMENTATION
K223905:input,K223905,input,PHYSIOLOGICAL_SIGNAL
K223905:output,K223905,output,CLASSIFICATION_OR_DIAGNOSIS
K223905:user,K223905,user,OTHER_CLINICIAN
K223905:setting,K223905,setting,DIAGNOSTIC_INTERPRETATION
K223905:action,K223905,action,INTERPRETATION_OR_DIAGNOSIS
K230020:input,K230020,input,MEDICAL_IMAGE
K230020:output,K230020,output,DETECTION_OR_ALERT
K230020:user,K230020,user,OTHER_CLINICIAN
K230020:setting,K230020,setting,DIAGNOSTIC_INTERPRETATION
K230020:setting,K230020,setting,OTHER
K230020:action,K230020,action,TRIAGE_OR_PRIORITIZATION
K230023:input,K230023,input,MEDICAL_IMAGE
K230023:output,K230023,output,RECONSTRUCTION_OR_ENHANCEMENT
K230023:output,K230023,output,SEGMENTATION_OR_LOCALIZATION
K230023:user,K230023,user,OTHER_CLINICIAN
K230023:user,K230023,user,OTHER_PHYSICIAN
K230023:user,K230023,user,RADIOLOGIST
K230023:setting,K230023,setting,OTHER
K230023:setting,K230023,setting,PROCEDURAL_OR_OPERATING_ROOM
K230023:action,K230023,action,TREATMENT_OR_PROCEDURE_PLANNING
K230039:input,K230039,input,MEDICAL_IMAGE
K230039:output,K230039,output,SEGMENTATION_OR_LOCALIZATION
K230039:user,K230039,user,OTHER_PHYSICIAN
K230039:user,K230039,user,TECHNOLOGIST_OR_OPERATOR
K230039:setting,K230039,setting,DIAGNOSTIC_INTERPRETATION
K230039:setting,K230039,setting,OTHER
K230039:action,K230039,action,INTERPRETATION_OR_DIAGNOSIS
K230039:action,K230039,action,WORKFLOW_OR_DOCUMENTATION
K230045:input,K230045,input,MEDICAL_IMAGE
K230045:output,K230045,output,MEASUREMENT_OR_QUANTIFICATION
K230045:output,K230045,output,SEGMENTATION_OR_LOCALIZATION
K230045:user,K230045,user,OTHER_CLINICIAN
K230045:user,K230045,user,OTHER_PHYSICIAN
K230045:setting,K230045,setting,PROCEDURAL_OR_OPERATING_ROOM
K230045:action,K230045,action,OTHER
K230074:input,K230074,input,MEDICAL_IMAGE
K230074:output,K230074,output,DETECTION_OR_ALERT
K230074:user,K230074,user,RADIOLOGIST
K230074:setting,K230074,setting,DIAGNOSTIC_INTERPRETATION
K230074:setting,K230074,setting,OTHER
K230074:action,K230074,action,TRIAGE_OR_PRIORITIZATION
K230082:input,K230082,input,MEDICAL_IMAGE
K230082:output,K230082,output,SEGMENTATION_OR_LOCALIZATION
K230082:user,K230082,user,OTHER_CLINICIAN
K230082:user,K230082,user,OTHER_PHYSICIAN
K230082:setting,K230082,setting,PROCEDURAL_OR_OPERATING_ROOM
K230082:action,K230082,action,TREATMENT_OR_PROCEDURE_PLANNING
K230084:input,K230084,input,MEDICAL_IMAGE
K230084:output,K230084,output,CLASSIFICATION_OR_DIAGNOSIS
K230084:output,K230084,output,MEASUREMENT_OR_QUANTIFICATION
K230084:output,K230084,output,SEGMENTATION_OR_LOCALIZATION
K230084:user,K230084,user,OTHER_CLINICIAN
K230084:setting,K230084,setting,DIAGNOSTIC_INTERPRETATION
K230084:setting,K230084,setting,OTHER
K230084:setting,K230084,setting,OUTPATIENT
K230084:action,K230084,action,INTERPRETATION_OR_DIAGNOSIS
K230085:input,K230085,input,MEDICAL_IMAGE
K230085:output,K230085,output,DETECTION_OR_ALERT
K230085:output,K230085,output,SEGMENTATION_OR_LOCALIZATION
K230085:user,K230085,user,OTHER_PHYSICIAN
K230085:setting,K230085,setting,DIAGNOSTIC_INTERPRETATION
K230085:action,K230085,action,INTERPRETATION_OR_DIAGNOSIS
K230096:input,K230096,input,MEDICAL_IMAGE
K230096:output,K230096,output,CLASSIFICATION_OR_DIAGNOSIS
K230096:output,K230096,output,DETECTION_OR_ALERT
K230096:output,K230096,output,OTHER
K230096:output,K230096,output,SEGMENTATION_OR_LOCALIZATION
K230096:user,K230096,user,OTHER_PHYSICIAN
K230096:user,K230096,user,RADIOLOGIST
K230096:setting,K230096,setting,DIAGNOSTIC_INTERPRETATION
K230096:setting,K230096,setting,SCREENING
K230096:action,K230096,action,INTERPRETATION_OR_DIAGNOSIS
K230112:input,K230112,input,MEDICAL_IMAGE
K230112:output,K230112,output,DOCUMENTATION_OR_SUMMARY
K230112:output,K230112,output,MEASUREMENT_OR_QUANTIFICATION
K230112:output,K230112,output,RISK_SCORE_OR_PREDICTION
K230112:output,K230112,output,SEGMENTATION_OR_LOCALIZATION
K230112:user,K230112,user,OTHER_PHYSICIAN
K230112:setting,K230112,setting,DIAGNOSTIC_INTERPRETATION
K230112:setting,K230112,setting,INPATIENT
K230112:setting,K230112,setting,OUTPATIENT
K230112:setting,K230112,setting,SCREENING
K230112:action,K230112,action,INTERPRETATION_OR_DIAGNOSIS
K230144:input,K230144,input,MEDICAL_IMAGE
K230144:output,K230144,output,DETECTION_OR_ALERT
K230144:output,K230144,output,MEASUREMENT_OR_QUANTIFICATION
K230144:output,K230144,output,SEGMENTATION_OR_LOCALIZATION
K230144:user,K230144,user,OTHER_CLINICIAN
K230144:setting,K230144,setting,DIAGNOSTIC_INTERPRETATION
K230144:action,K230144,action,INTERPRETATION_OR_DIAGNOSIS
K230150:input,K230150,input,MEDICAL_IMAGE
K230150:output,K230150,output,RECONSTRUCTION_OR_ENHANCEMENT
K230150:output,K230150,output,SEGMENTATION_OR_LOCALIZATION
K230150:user,K230150,user,OTHER_CLINICIAN
K230150:setting,K230150,setting,PROCEDURAL_OR_OPERATING_ROOM
K230150:action,K230150,action,TREATMENT_OR_PROCEDURE_PLANNING
K230179:input,K230179,input,MEDICAL_IMAGE
K230179:output,K230179,output,CLASSIFICATION_OR_DIAGNOSIS
K230179:output,K230179,output,MEASUREMENT_OR_QUANTIFICATION
K230179:output,K230179,output,SEGMENTATION_OR_LOCALIZATION
K230179:user,K230179,user,OTHER_CLINICIAN
K230179:setting,K230179,setting,DIAGNOSTIC_INTERPRETATION
K230179:setting,K230179,setting,OTHER
K230179:setting,K230179,setting,PROCEDURAL_OR_OPERATING_ROOM
K230179:action,K230179,action,INTERPRETATION_OR_DIAGNOSIS
K230197:input,K230197,input,MEDICAL_IMAGE
K230197:output,K230197,output,RECONSTRUCTION_OR_ENHANCEMENT
K230197:user,K230197,user,OTHER_PHYSICIAN
K230197:user,K230197,user,RADIOLOGIST
K230197:setting,K230197,setting,DIAGNOSTIC_INTERPRETATION
K230197:setting,K230197,setting,OTHER
K230197:setting,K230197,setting,OUTPATIENT
K230197:action,K230197,action,INTERPRETATION_OR_DIAGNOSIS
K230208:input,K230208,input,MEDICAL_IMAGE
K230208:output,K230208,output,RECONSTRUCTION_OR_ENHANCEMENT
K230208:user,K230208,user,OTHER_PHYSICIAN
K230208:setting,K230208,setting,ACUTE_TRIAGE_OR_EMERGENCY
K230208:setting,K230208,setting,DIAGNOSTIC_INTERPRETATION
K230208:setting,K230208,setting,INPATIENT
K230208:setting,K230208,setting,OTHER
K230208:action,K230208,action,INTERPRETATION_OR_DIAGNOSIS
K230209:input,K230209,input,AUDIO_OR_VIDEO
K230209:input,K230209,input,MEDICAL_IMAGE
K230209:output,K230209,output,CLASSIFICATION_OR_DIAGNOSIS
K230209:output,K230209,output,DOCUMENTATION_OR_SUMMARY
K230209:output,K230209,output,MEASUREMENT_OR_QUANTIFICATION
K230209:output,K230209,output,SEGMENTATION_OR_LOCALIZATION
K230209:user,K230209,user,OTHER_PHYSICIAN
K230209:setting,K230209,setting,DIAGNOSTIC_INTERPRETATION
K230209:setting,K230209,setting,OTHER
K230209:setting,K230209,setting,OUTPATIENT
K230209:action,K230209,action,INTERPRETATION_OR_DIAGNOSIS
K230209:action,K230209,action,WORKFLOW_OR_DOCUMENTATION
K230220:input,K230220,input,MEDICAL_IMAGE
K230220:output,K230220,output,RECOMMENDATION_OR_PLANNING
K230220:output,K230220,output,RECONSTRUCTION_OR_ENHANCEMENT
K230220:setting,K230220,setting,OTHER
K230220:action,K230220,action,OTHER
K230220:action,K230220,action,WORKFLOW_OR_DOCUMENTATION
K230223:input,K230223,input,MEDICAL_IMAGE
K230223:output,K230223,output,CLASSIFICATION_OR_DIAGNOSIS
K230223:output,K230223,output,DOCUMENTATION_OR_SUMMARY
K230223:output,K230223,output,MEASUREMENT_OR_QUANTIFICATION
K230223:output,K230223,output,SEGMENTATION_OR_LOCALIZATION
K230223:user,K230223,user,OTHER_PHYSICIAN
K230223:user,K230223,user,RADIOLOGIST
K230223:setting,K230223,setting,DIAGNOSTIC_INTERPRETATION
K230223:setting,K230223,setting,SCREENING
K230223:action,K230223,action,INTERPRETATION_OR_DIAGNOSIS
K230252:input,K230252,input,MEDICAL_IMAGE
K230252:output,K230252,output,MEASUREMENT_OR_QUANTIFICATION
K230252:output,K230252,output,RECOMMENDATION_OR_PLANNING
K230252:user,K230252,user,OTHER_CLINICIAN
K230252:setting,K230252,setting,PROCEDURAL_OR_OPERATING_ROOM
K230252:action,K230252,action,TREATMENT_OR_PROCEDURE_PLANNING
K230264:input,K230264,input,MEDICAL_IMAGE
K230264:output,K230264,output,RECONSTRUCTION_OR_ENHANCEMENT
K230264:user,K230264,user,RADIOLOGIST
K230264:setting,K230264,setting,DIAGNOSTIC_INTERPRETATION
K230264:setting,K230264,setting,OTHER
K230264:setting,K230264,setting,OUTPATIENT
K230264:action,K230264,action,INTERPRETATION_OR_DIAGNOSIS
K230273:input,K230273,input,PHYSIOLOGICAL_SIGNAL
K230273:output,K230273,output,DETECTION_OR_ALERT
K230273:user,K230273,user,OTHER_PHYSICIAN
K230273:setting,K230273,setting,MONITORING
K230273:setting,K230273,setting,PROCEDURAL_OR_OPERATING_ROOM
K230273:action,K230273,action,MONITORING_OR_FOLLOW_UP
K230292:input,K230292,input,PHYSIOLOGICAL_SIGNAL
K230292:output,K230292,output,CLASSIFICATION_OR_DIAGNOSIS
K230292:output,K230292,output,DETECTION_OR_ALERT
K230292:output,K230292,output,DOCUMENTATION_OR_SUMMARY
K230292:output,K230292,output,MEASUREMENT_OR_QUANTIFICATION
K230292:user,K230292,user,OTHER_CLINICIAN
K230292:user,K230292,user,PATIENT_OR_CAREGIVER
K230292:setting,K230292,setting,HOME_OR_CONSUMER
K230292:setting,K230292,setting,MONITORING
K230292:action,K230292,action,MONITORING_OR_FOLLOW_UP
K230292:action,K230292,action,PATIENT_SELF_MANAGEMENT
K230292:action,K230292,action,REFERRAL_OR_ESCALATION
K230337:input,K230337,input,PHYSIOLOGICAL_SIGNAL
K230337:output,K230337,output,CLASSIFICATION_OR_DIAGNOSIS
K230337:output,K230337,output,MEASUREMENT_OR_QUANTIFICATION
K230337:user,K230337,user,OTHER_CLINICIAN
K230337:setting,K230337,setting,DIAGNOSTIC_INTERPRETATION
K230337:setting,K230337,setting,OTHER
K230337:action,K230337,action,INTERPRETATION_OR_DIAGNOSIS
K230346:input,K230346,input,MEDICAL_IMAGE
K230346:output,K230346,output,MEASUREMENT_OR_QUANTIFICATION
K230346:output,K230346,output,SEGMENTATION_OR_LOCALIZATION
K230346:user,K230346,user,OTHER_CLINICIAN
K230346:setting,K230346,setting,DIAGNOSTIC_INTERPRETATION
K230346:setting,K230346,setting,OTHER
K230346:setting,K230346,setting,OUTPATIENT
K230346:action,K230346,action,INTERPRETATION_OR_DIAGNOSIS
K230346:action,K230346,action,WORKFLOW_OR_DOCUMENTATION
K230355:input,K230355,input,MEDICAL_IMAGE
K230355:output,K230355,output,RECOMMENDATION_OR_PLANNING
K230355:output,K230355,output,RECONSTRUCTION_OR_ENHANCEMENT
K230355:user,K230355,user,OTHER_PHYSICIAN
K230355:user,K230355,user,TECHNOLOGIST_OR_OPERATOR
K230355:setting,K230355,setting,DIAGNOSTIC_INTERPRETATION
K230355:action,K230355,action,INTERPRETATION_OR_DIAGNOSIS
K230355:action,K230355,action,WORKFLOW_OR_DOCUMENTATION
K230365:input,K230365,input,AUDIO_OR_VIDEO
K230365:input,K230365,input,MEDICAL_IMAGE
K230365:output,K230365,output,CLASSIFICATION_OR_DIAGNOSIS
K230365:output,K230365,output,DETECTION_OR_ALERT
K230365:user,K230365,user,OTHER_PHYSICIAN
K230365:user,K230365,user,TECHNOLOGIST_OR_OPERATOR
K230365:setting,K230365,setting,DIAGNOSTIC_INTERPRETATION
K230365:action,K230365,action,INTERPRETATION_OR_DIAGNOSIS
K230365:action,K230365,action,WORKFLOW_OR_DOCUMENTATION
K230370:input,K230370,input,MEDICAL_IMAGE
K230370:output,K230370,output,RECONSTRUCTION_OR_ENHANCEMENT
K230370:setting,K230370,setting,DIAGNOSTIC_INTERPRETATION
K230370:setting,K230370,setting,PROCEDURAL_OR_OPERATING_ROOM
K230370:action,K230370,action,INTERPRETATION_OR_DIAGNOSIS
K230370:action,K230370,action,TREATMENT_OR_PROCEDURE_PLANNING
K230497:input,K230497,input,MEDICAL_IMAGE
K230497:output,K230497,output,DOCUMENTATION_OR_SUMMARY
K230497:output,K230497,output,MEASUREMENT_OR_QUANTIFICATION
K230497:output,K230497,output,SEGMENTATION_OR_LOCALIZATION
K230497:user,K230497,user,OTHER_CLINICIAN
K230497:setting,K230497,setting,DIAGNOSTIC_INTERPRETATION
K230497:action,K230497,action,INTERPRETATION_OR_DIAGNOSIS
K230497:action,K230497,action,WORKFLOW_OR_DOCUMENTATION
K230534:input,K230534,input,MEDICAL_IMAGE
K230534:output,K230534,output,MEASUREMENT_OR_QUANTIFICATION
K230534:output,K230534,output,SEGMENTATION_OR_LOCALIZATION
K230534:user,K230534,user,OTHER_CLINICIAN
K230534:user,K230534,user,RADIOLOGIST
K230534:setting,K230534,setting,DIAGNOSTIC_INTERPRETATION
K230534:action,K230534,action,INTERPRETATION_OR_DIAGNOSIS
K230552:input,K230552,input,MEDICAL_IMAGE
K230552:output,K230552,output,MEASUREMENT_OR_QUANTIFICATION
K230552:output,K230552,output,RECONSTRUCTION_OR_ENHANCEMENT
K230552:user,K230552,user,OTHER_PHYSICIAN
K230552:user,K230552,user,TECHNOLOGIST_OR_OPERATOR
K230552:setting,K230552,setting,DIAGNOSTIC_INTERPRETATION
K230552:setting,K230552,setting,OTHER
K230552:action,K230552,action,INTERPRETATION_OR_DIAGNOSIS
K230553:input,K230553,input,PHYSIOLOGICAL_SIGNAL
K230553:output,K230553,output,CLASSIFICATION_OR_DIAGNOSIS
K230553:output,K230553,output,DETECTION_OR_ALERT
K230553:output,K230553,output,DOCUMENTATION_OR_SUMMARY
K230553:setting,K230553,setting,MONITORING
K230553:action,K230553,action,MONITORING_OR_FOLLOW_UP
K230575:input,K230575,input,MEDICAL_IMAGE
K230575:output,K230575,output,SEGMENTATION_OR_LOCALIZATION
K230575:user,K230575,user,OTHER_CLINICIAN
K230575:user,K230575,user,OTHER_PHYSICIAN
K230575:setting,K230575,setting,MONITORING
K230575:setting,K230575,setting,PROCEDURAL_OR_OPERATING_ROOM
K230575:action,K230575,action,MONITORING_OR_FOLLOW_UP
K230575:action,K230575,action,TREATMENT_OR_PROCEDURE_PLANNING
K230658:input,K230658,input,AUDIO_OR_VIDEO
K230658:output,K230658,output,DETECTION_OR_ALERT
K230658:output,K230658,output,SEGMENTATION_OR_LOCALIZATION
K230658:user,K230658,user,OTHER_PHYSICIAN
K230658:setting,K230658,setting,MONITORING
K230658:setting,K230658,setting,PROCEDURAL_OR_OPERATING_ROOM
K230658:setting,K230658,setting,SCREENING
K230658:action,K230658,action,INTERPRETATION_OR_DIAGNOSIS
K230685:input,K230685,input,MEDICAL_IMAGE
K230685:output,K230685,output,SEGMENTATION_OR_LOCALIZATION
K230685:user,K230685,user,OTHER_CLINICIAN
K230685:setting,K230685,setting,PROCEDURAL_OR_OPERATING_ROOM
K230685:action,K230685,action,TREATMENT_OR_PROCEDURE_PLANNING
K230751:input,K230751,input,AUDIO_OR_VIDEO
K230751:output,K230751,output,DETECTION_OR_ALERT
K230751:user,K230751,user,OTHER_PHYSICIAN
K230751:setting,K230751,setting,MONITORING
K230751:setting,K230751,setting,PROCEDURAL_OR_OPERATING_ROOM
K230751:setting,K230751,setting,SCREENING
K230751:action,K230751,action,INTERPRETATION_OR_DIAGNOSIS
K230772:input,K230772,input,MEDICAL_IMAGE
K230772:output,K230772,output,DOCUMENTATION_OR_SUMMARY
K230772:output,K230772,output,MEASUREMENT_OR_QUANTIFICATION
K230772:output,K230772,output,RECONSTRUCTION_OR_ENHANCEMENT
K230772:output,K230772,output,SEGMENTATION_OR_LOCALIZATION
K230772:user,K230772,user,OTHER_CLINICIAN
K230772:setting,K230772,setting,DIAGNOSTIC_INTERPRETATION
K230772:action,K230772,action,INTERPRETATION_OR_DIAGNOSIS
K230807:input,K230807,input,MEDICAL_IMAGE
K230807:output,K230807,output,RECONSTRUCTION_OR_ENHANCEMENT
K230807:setting,K230807,setting,OTHER
K230807:action,K230807,action,OTHER
K230807:action,K230807,action,WORKFLOW_OR_DOCUMENTATION
K230812:input,K230812,input,PHYSIOLOGICAL_SIGNAL
K230812:output,K230812,output,CLASSIFICATION_OR_DIAGNOSIS
K230812:output,K230812,output,DOCUMENTATION_OR_SUMMARY
K230812:output,K230812,output,MEASUREMENT_OR_QUANTIFICATION
K230812:user,K230812,user,OTHER_CLINICIAN
K230812:user,K230812,user,PATIENT_OR_CAREGIVER
K230812:setting,K230812,setting,HOME_OR_CONSUMER
K230812:setting,K230812,setting,MONITORING
K230812:setting,K230812,setting,OTHER
K230812:setting,K230812,setting,OUTPATIENT
K230812:action,K230812,action,MONITORING_OR_FOLLOW_UP
K230812:action,K230812,action,PATIENT_SELF_MANAGEMENT
K230823:input,K230823,input,AUDIO_OR_VIDEO
K230823:output,K230823,output,CLASSIFICATION_OR_DIAGNOSIS
K230823:output,K230823,output,DETECTION_OR_ALERT
K230823:user,K230823,user,OTHER_CLINICIAN
K230823:user,K230823,user,OTHER_PHYSICIAN
K230823:setting,K230823,setting,DIAGNOSTIC_INTERPRETATION
K230823:setting,K230823,setting,OTHER
K230823:action,K230823,action,INTERPRETATION_OR_DIAGNOSIS
K230842:input,K230842,input,CLINICAL_TABULAR_OR_TEXT
K230842:input,K230842,input,MULTIMODAL
K230842:input,K230842,input,PHYSIOLOGICAL_SIGNAL
K230842:output,K230842,output,DETECTION_OR_ALERT
K230842:output,K230842,output,RISK_SCORE_OR_PREDICTION
K230842:user,K230842,user,OTHER_CLINICIAN
K230842:setting,K230842,setting,MONITORING
K230842:action,K230842,action,MONITORING_OR_FOLLOW_UP
K230842:action,K230842,action,OTHER
K230850:input,K230850,input,MEDICAL_IMAGE
K230850:output,K230850,output,RECOMMENDATION_OR_PLANNING
K230850:output,K230850,output,SEGMENTATION_OR_LOCALIZATION
K230850:user,K230850,user,OTHER_PHYSICIAN
K230850:setting,K230850,setting,PROCEDURAL_OR_OPERATING_ROOM
K230850:action,K230850,action,TREATMENT_OR_PROCEDURE_PLANNING
K230854:input,K230854,input,MEDICAL_IMAGE
K230854:output,K230854,output,RECONSTRUCTION_OR_ENHANCEMENT
K230854:user,K230854,user,TECHNOLOGIST_OR_OPERATOR
K230854:setting,K230854,setting,OTHER
K230854:setting,K230854,setting,OUTPATIENT
K230854:action,K230854,action,OTHER
K230854:action,K230854,action,WORKFLOW_OR_DOCUMENTATION
K230899:input,K230899,input,MEDICAL_IMAGE
K230899:output,K230899,output,DETECTION_OR_ALERT
K230899:user,K230899,user,OTHER_CLINICIAN
K230899:user,K230899,user,RADIOLOGIST
K230899:setting,K230899,setting,DIAGNOSTIC_INTERPRETATION
K230899:action,K230899,action,TRIAGE_OR_PRIORITIZATION
K230913:input,K230913,input,MEDICAL_IMAGE
K230913:output,K230913,output,DOCUMENTATION_OR_SUMMARY
K230913:output,K230913,output,MEASUREMENT_OR_QUANTIFICATION
K230913:output,K230913,output,RECONSTRUCTION_OR_ENHANCEMENT
K230913:user,K230913,user,OTHER_PHYSICIAN
K230913:user,K230913,user,RADIOLOGIST
K230913:setting,K230913,setting,MONITORING
K230913:setting,K230913,setting,OTHER
K230913:action,K230913,action,MONITORING_OR_FOLLOW_UP
K230913:action,K230913,action,OTHER
K230977:input,K230977,input,MEDICAL_IMAGE
K230977:output,K230977,output,RECONSTRUCTION_OR_ENHANCEMENT
K230977:output,K230977,output,SEGMENTATION_OR_LOCALIZATION
K230977:user,K230977,user,OTHER_PHYSICIAN
K230977:user,K230977,user,RADIOLOGIST
K230977:setting,K230977,setting,PROCEDURAL_OR_OPERATING_ROOM
K230977:action,K230977,action,THERAPY_DOSE_OR_DEVICE_CONTROL
K230977:action,K230977,action,TREATMENT_OR_PROCEDURE_PLANNING
K231001:input,K231001,input,MEDICAL_IMAGE
K231001:output,K231001,output,CLASSIFICATION_OR_DIAGNOSIS
K231001:output,K231001,output,DETECTION_OR_ALERT
K231001:output,K231001,output,SEGMENTATION_OR_LOCALIZATION
K231001:user,K231001,user,RADIOLOGIST
K231001:setting,K231001,setting,DIAGNOSTIC_INTERPRETATION
K231001:action,K231001,action,INTERPRETATION_OR_DIAGNOSIS
K231010:input,K231010,input,PHYSIOLOGICAL_SIGNAL
K231010:output,K231010,output,CLASSIFICATION_OR_DIAGNOSIS
K231010:output,K231010,output,MEASUREMENT_OR_QUANTIFICATION
K231010:user,K231010,user,OTHER_CLINICIAN
K231010:user,K231010,user,OTHER_PHYSICIAN
K231010:user,K231010,user,TECHNOLOGIST_OR_OPERATOR
K231010:setting,K231010,setting,ACUTE_TRIAGE_OR_EMERGENCY
K231010:setting,K231010,setting,DIAGNOSTIC_INTERPRETATION
K231010:setting,K231010,setting,OTHER
K231010:setting,K231010,setting,OUTPATIENT
K231010:action,K231010,action,INTERPRETATION_OR_DIAGNOSIS
K231025:input,K231025,input,MEDICAL_IMAGE
K231025:output,K231025,output,DETECTION_OR_ALERT
K231025:user,K231025,user,OTHER_CLINICIAN
K231025:user,K231025,user,RADIOLOGIST
K231025:setting,K231025,setting,DIAGNOSTIC_INTERPRETATION
K231025:action,K231025,action,TRIAGE_OR_PRIORITIZATION
K231038:input,K231038,input,PHYSIOLOGICAL_SIGNAL
K231038:output,K231038,output,DETECTION_OR_ALERT
K231038:output,K231038,output,RISK_SCORE_OR_PREDICTION
K231038:user,K231038,user,OTHER_CLINICIAN
K231038:user,K231038,user,OTHER_PHYSICIAN
K231038:setting,K231038,setting,MONITORING
K231038:setting,K231038,setting,OTHER
K231038:setting,K231038,setting,PROCEDURAL_OR_OPERATING_ROOM
K231038:action,K231038,action,MONITORING_OR_FOLLOW_UP
K231068:input,K231068,input,PHYSIOLOGICAL_SIGNAL
K231068:output,K231068,output,CLASSIFICATION_OR_DIAGNOSIS
K231068:output,K231068,output,DETECTION_OR_ALERT
K231068:output,K231068,output,OTHER
K231068:user,K231068,user,OTHER_CLINICIAN
K231068:user,K231068,user,OTHER_PHYSICIAN
K231068:setting,K231068,setting,DIAGNOSTIC_INTERPRETATION
K231068:setting,K231068,setting,LABORATORY
K231068:setting,K231068,setting,OTHER
K231068:action,K231068,action,INTERPRETATION_OR_DIAGNOSIS
K231068:action,K231068,action,WORKFLOW_OR_DOCUMENTATION
K231094:input,K231094,input,MEDICAL_IMAGE
K231094:output,K231094,output,DETECTION_OR_ALERT
K231094:user,K231094,user,OTHER_CLINICIAN
K231094:setting,K231094,setting,DIAGNOSTIC_INTERPRETATION
K231094:setting,K231094,setting,OTHER
K231094:action,K231094,action,TRIAGE_OR_PRIORITIZATION
K231130:input,K231130,input,MEDICAL_IMAGE
K231130:output,K231130,output,MEASUREMENT_OR_QUANTIFICATION
K231130:output,K231130,output,RECONSTRUCTION_OR_ENHANCEMENT
K231130:output,K231130,output,SEGMENTATION_OR_LOCALIZATION
K231130:user,K231130,user,OTHER_PHYSICIAN
K231130:setting,K231130,setting,DIAGNOSTIC_INTERPRETATION
K231130:setting,K231130,setting,PROCEDURAL_OR_OPERATING_ROOM
K231130:action,K231130,action,INTERPRETATION_OR_DIAGNOSIS
K231130:action,K231130,action,TREATMENT_OR_PROCEDURE_PLANNING
K231143:input,K231143,input,AUDIO_OR_VIDEO
K231143:output,K231143,output,DETECTION_OR_ALERT
K231143:output,K231143,output,SEGMENTATION_OR_LOCALIZATION
K231143:user,K231143,user,OTHER_PHYSICIAN
K231143:setting,K231143,setting,MONITORING
K231143:setting,K231143,setting,PROCEDURAL_OR_OPERATING_ROOM
K231143:setting,K231143,setting,SCREENING
K231143:action,K231143,action,INTERPRETATION_OR_DIAGNOSIS
K231149:input,K231149,input,MEDICAL_IMAGE
K231149:output,K231149,output,DOCUMENTATION_OR_SUMMARY
K231149:output,K231149,output,MEASUREMENT_OR_QUANTIFICATION
K231149:output,K231149,output,SEGMENTATION_OR_LOCALIZATION
K231149:user,K231149,user,OTHER_CLINICIAN
K231149:user,K231149,user,OTHER_PHYSICIAN
K231149:setting,K231149,setting,DIAGNOSTIC_INTERPRETATION
K231149:setting,K231149,setting,OTHER
K231149:setting,K231149,setting,OUTPATIENT
K231149:action,K231149,action,INTERPRETATION_OR_DIAGNOSIS
K231157:input,K231157,input,MEDICAL_IMAGE
K231157:output,K231157,output,DETECTION_OR_ALERT
K231157:output,K231157,output,SEGMENTATION_OR_LOCALIZATION
K231157:user,K231157,user,RADIOLOGIST
K231157:setting,K231157,setting,DIAGNOSTIC_INTERPRETATION
K231157:action,K231157,action,INTERPRETATION_OR_DIAGNOSIS
K231173:input,K231173,input,PHYSIOLOGICAL_SIGNAL
K231173:output,K231173,output,DETECTION_OR_ALERT
K231173:output,K231173,output,DOCUMENTATION_OR_SUMMARY
K231173:user,K231173,user,PATIENT_OR_CAREGIVER
K231173:setting,K231173,setting,HOME_OR_CONSUMER
K231173:setting,K231173,setting,MONITORING
K231173:setting,K231173,setting,SCREENING
K231173:action,K231173,action,PATIENT_SELF_MANAGEMENT
K231173:action,K231173,action,REFERRAL_OR_ESCALATION
K231195:input,K231195,input,MEDICAL_IMAGE
K231195:output,K231195,output,DETECTION_OR_ALERT
K231195:user,K231195,user,OTHER_CLINICIAN
K231195:user,K231195,user,OTHER_PHYSICIAN
K231195:setting,K231195,setting,ACUTE_TRIAGE_OR_EMERGENCY
K231195:setting,K231195,setting,DIAGNOSTIC_INTERPRETATION
K231195:setting,K231195,setting,OTHER
K231195:action,K231195,action,TRIAGE_OR_PRIORITIZATION
K231207:input,K231207,input,DEVICE_TELEMETRY_OR_OPERATIONAL
K231207:input,K231207,input,MEDICAL_IMAGE
K231207:input,K231207,input,PHYSIOLOGICAL_SIGNAL
K231207:output,K231207,output,CLASSIFICATION_OR_DIAGNOSIS
K231207:output,K231207,output,DETECTION_OR_ALERT
K231207:output,K231207,output,RECONSTRUCTION_OR_ENHANCEMENT
K231207:output,K231207,output,SEGMENTATION_OR_LOCALIZATION
K231207:setting,K231207,setting,PROCEDURAL_OR_OPERATING_ROOM
K231207:action,K231207,action,OTHER
K231207:action,K231207,action,WORKFLOW_OR_DOCUMENTATION
K231281:input,K231281,input,MEDICAL_IMAGE
K231281:output,K231281,output,RECONSTRUCTION_OR_ENHANCEMENT
K231281:user,K231281,user,OTHER_PHYSICIAN
K231281:setting,K231281,setting,OTHER
K231281:action,K231281,action,OTHER
K231324:input,K231324,input,MEDICAL_IMAGE
K231324:output,K231324,output,DOCUMENTATION_OR_SUMMARY
K231324:output,K231324,output,MEASUREMENT_OR_QUANTIFICATION
K231324:output,K231324,output,SEGMENTATION_OR_LOCALIZATION
K231324:user,K231324,user,OTHER
K231324:user,K231324,user,OTHER_PHYSICIAN
K231324:user,K231324,user,RADIOLOGIST
K231324:setting,K231324,setting,PROCEDURAL_OR_OPERATING_ROOM
K231324:action,K231324,action,TREATMENT_OR_PROCEDURE_PLANNING
K231335:input,K231335,input,CLINICAL_TABULAR_OR_TEXT
K231335:output,K231335,output,CLASSIFICATION_OR_DIAGNOSIS
K231335:user,K231335,user,OTHER_CLINICIAN
K231335:setting,K231335,setting,DIAGNOSTIC_INTERPRETATION
K231335:action,K231335,action,INTERPRETATION_OR_DIAGNOSIS
K231355:input,K231355,input,PHYSIOLOGICAL_SIGNAL
K231355:output,K231355,output,CLASSIFICATION_OR_DIAGNOSIS
K231355:output,K231355,output,DETECTION_OR_ALERT
K231355:output,K231355,output,MEASUREMENT_OR_QUANTIFICATION
K231355:user,K231355,user,OTHER_CLINICIAN
K231355:setting,K231355,setting,DIAGNOSTIC_INTERPRETATION
K231355:action,K231355,action,INTERPRETATION_OR_DIAGNOSIS
K231384:input,K231384,input,MEDICAL_IMAGE
K231384:output,K231384,output,DETECTION_OR_ALERT
K231384:user,K231384,user,OTHER_CLINICIAN
K231384:setting,K231384,setting,DIAGNOSTIC_INTERPRETATION
K231384:setting,K231384,setting,OTHER
K231384:action,K231384,action,TRIAGE_OR_PRIORITIZATION
K231396:input,K231396,input,MEDICAL_IMAGE
K231396:output,K231396,output,DOCUMENTATION_OR_SUMMARY
K231396:output,K231396,output,MEASUREMENT_OR_QUANTIFICATION
K231396:output,K231396,output,SEGMENTATION_OR_LOCALIZATION
K231396:user,K231396,user,OTHER_CLINICIAN
K231396:setting,K231396,setting,DIAGNOSTIC_INTERPRETATION
K231396:setting,K231396,setting,MONITORING
K231396:setting,K231396,setting,PROCEDURAL_OR_OPERATING_ROOM
K231396:action,K231396,action,INTERPRETATION_OR_DIAGNOSIS
K231396:action,K231396,action,TREATMENT_OR_PROCEDURE_PLANNING
K231398:input,K231398,input,MEDICAL_IMAGE
K231398:output,K231398,output,DOCUMENTATION_OR_SUMMARY
K231398:output,K231398,output,MEASUREMENT_OR_QUANTIFICATION
K231398:output,K231398,output,SEGMENTATION_OR_LOCALIZATION
K231398:user,K231398,user,OTHER_CLINICIAN
K231398:user,K231398,user,OTHER_PHYSICIAN
K231398:setting,K231398,setting,DIAGNOSTIC_INTERPRETATION
K231398:setting,K231398,setting,MONITORING
K231398:setting,K231398,setting,OTHER
K231398:action,K231398,action,INTERPRETATION_OR_DIAGNOSIS
K231398:action,K231398,action,MONITORING_OR_FOLLOW_UP
K231459:input,K231459,input,MEDICAL_IMAGE
K231459:output,K231459,output,CLASSIFICATION_OR_DIAGNOSIS
K231459:output,K231459,output,DOCUMENTATION_OR_SUMMARY
K231459:output,K231459,output,MEASUREMENT_OR_QUANTIFICATION
K231459:output,K231459,output,SEGMENTATION_OR_LOCALIZATION
K231459:user,K231459,user,OTHER_PHYSICIAN
K231459:user,K231459,user,RADIOLOGIST
K231459:setting,K231459,setting,DIAGNOSTIC_INTERPRETATION
K231459:setting,K231459,setting,SCREENING
K231459:action,K231459,action,INTERPRETATION_OR_DIAGNOSIS
K231459:action,K231459,action,OTHER
K231470:input,K231470,input,MEDICAL_IMAGE
K231470:output,K231470,output,CLASSIFICATION_OR_DIAGNOSIS
K231470:output,K231470,output,DETECTION_OR_ALERT
K231470:output,K231470,output,OTHER
K231470:output,K231470,output,SEGMENTATION_OR_LOCALIZATION
K231470:user,K231470,user,OTHER_PHYSICIAN
K231470:setting,K231470,setting,DIAGNOSTIC_INTERPRETATION
K231470:setting,K231470,setting,SCREENING
K231470:action,K231470,action,INTERPRETATION_OR_DIAGNOSIS
K231560:input,K231560,input,MEDICAL_IMAGE
K231560:output,K231560,output,RECONSTRUCTION_OR_ENHANCEMENT
K231560:user,K231560,user,OTHER_PHYSICIAN
K231560:setting,K231560,setting,DIAGNOSTIC_INTERPRETATION
K231560:action,K231560,action,INTERPRETATION_OR_DIAGNOSIS
K231570:input,K231570,input,MEDICAL_IMAGE
K231570:output,K231570,output,DOCUMENTATION_OR_SUMMARY
K231570:output,K231570,output,MEASUREMENT_OR_QUANTIFICATION
K231570:user,K231570,user,OTHER_CLINICIAN
K231570:user,K231570,user,OTHER_PHYSICIAN
K231570:user,K231570,user,RADIOLOGIST
K231570:setting,K231570,setting,DIAGNOSTIC_INTERPRETATION
K231570:action,K231570,action,INTERPRETATION_OR_DIAGNOSIS
K231587:input,K231587,input,MEDICAL_IMAGE
K231587:output,K231587,output,RECONSTRUCTION_OR_ENHANCEMENT
K231587:user,K231587,user,OTHER_PHYSICIAN
K231587:setting,K231587,setting,DIAGNOSTIC_INTERPRETATION
K231587:action,K231587,action,INTERPRETATION_OR_DIAGNOSIS
K231617:input,K231617,input,MEDICAL_IMAGE
K231617:output,K231617,output,RECONSTRUCTION_OR_ENHANCEMENT
K231617:user,K231617,user,OTHER_CLINICIAN
K231617:user,K231617,user,OTHER_PHYSICIAN
K231617:setting,K231617,setting,DIAGNOSTIC_INTERPRETATION
K231617:action,K231617,action,INTERPRETATION_OR_DIAGNOSIS
K231631:input,K231631,input,MEDICAL_IMAGE
K231631:output,K231631,output,CLASSIFICATION_OR_DIAGNOSIS
K231631:output,K231631,output,DOCUMENTATION_OR_SUMMARY
K231631:output,K231631,output,SEGMENTATION_OR_LOCALIZATION
K231631:user,K231631,user,OTHER_PHYSICIAN
K231631:setting,K231631,setting,DIAGNOSTIC_INTERPRETATION
K231631:action,K231631,action,INTERPRETATION_OR_DIAGNOSIS
K231642:input,K231642,input,MEDICAL_IMAGE
K231642:input,K231642,input,MULTIMODAL
K231642:output,K231642,output,DOCUMENTATION_OR_SUMMARY
K231642:output,K231642,output,MEASUREMENT_OR_QUANTIFICATION
K231642:user,K231642,user,OTHER_CLINICIAN
K231642:setting,K231642,setting,DIAGNOSTIC_INTERPRETATION
K231642:action,K231642,action,INTERPRETATION_OR_DIAGNOSIS
K231668:input,K231668,input,MEDICAL_IMAGE
K231668:output,K231668,output,DOCUMENTATION_OR_SUMMARY
K231668:output,K231668,output,MEASUREMENT_OR_QUANTIFICATION
K231668:output,K231668,output,SEGMENTATION_OR_LOCALIZATION
K231668:user,K231668,user,OTHER_CLINICIAN
K231668:setting,K231668,setting,DIAGNOSTIC_INTERPRETATION
K231668:action,K231668,action,INTERPRETATION_OR_DIAGNOSIS
K231677:input,K231677,input,MEDICAL_IMAGE
K231677:output,K231677,output,MEASUREMENT_OR_QUANTIFICATION
K231677:output,K231677,output,SEGMENTATION_OR_LOCALIZATION
K231677:user,K231677,user,OTHER_CLINICIAN
K231677:user,K231677,user,OTHER_PHYSICIAN
K231677:setting,K231677,setting,OTHER
K231678:input,K231678,input,MEDICAL_IMAGE
K231678:output,K231678,output,DETECTION_OR_ALERT
K231678:output,K231678,output,SEGMENTATION_OR_LOCALIZATION
K231678:user,K231678,user,OTHER_CLINICIAN
K231678:setting,K231678,setting,DIAGNOSTIC_INTERPRETATION
K231678:action,K231678,action,INTERPRETATION_OR_DIAGNOSIS
K231683:input,K231683,input,MEDICAL_IMAGE
K231683:output,K231683,output,SEGMENTATION_OR_LOCALIZATION
K231683:user,K231683,user,OTHER_PHYSICIAN
K231683:user,K231683,user,RADIOLOGIST
K231683:user,K231683,user,TECHNOLOGIST_OR_OPERATOR
K231683:setting,K231683,setting,PROCEDURAL_OR_OPERATING_ROOM
K231683:action,K231683,action,TREATMENT_OR_PROCEDURE_PLANNING
K231690:input,K231690,input,MEDICAL_IMAGE
K231690:output,K231690,output,DOCUMENTATION_OR_SUMMARY
K231690:output,K231690,output,MEASUREMENT_OR_QUANTIFICATION
K231690:output,K231690,output,SEGMENTATION_OR_LOCALIZATION
K231690:user,K231690,user,OTHER_PHYSICIAN
K231690:user,K231690,user,RADIOLOGIST
K231690:setting,K231690,setting,DIAGNOSTIC_INTERPRETATION
K231690:setting,K231690,setting,MONITORING
K231690:action,K231690,action,INTERPRETATION_OR_DIAGNOSIS
K231690:action,K231690,action,MONITORING_OR_FOLLOW_UP
K231748:input,K231748,input,MEDICAL_IMAGE
K231748:output,K231748,output,RECONSTRUCTION_OR_ENHANCEMENT
K231748:user,K231748,user,OTHER_CLINICIAN
K231748:setting,K231748,setting,DIAGNOSTIC_INTERPRETATION
K231748:setting,K231748,setting,MONITORING
K231748:setting,K231748,setting,PROCEDURAL_OR_OPERATING_ROOM
K231748:action,K231748,action,INTERPRETATION_OR_DIAGNOSIS
K231748:action,K231748,action,MONITORING_OR_FOLLOW_UP
K231748:action,K231748,action,TREATMENT_OR_PROCEDURE_PLANNING
K231764:input,K231764,input,MEDICAL_IMAGE
K231764:output,K231764,output,MEASUREMENT_OR_QUANTIFICATION
K231764:output,K231764,output,SEGMENTATION_OR_LOCALIZATION
K231764:user,K231764,user,OTHER_CLINICIAN
K231764:setting,K231764,setting,OTHER
K231764:action,K231764,action,WORKFLOW_OR_DOCUMENTATION
K231765:input,K231765,input,MEDICAL_IMAGE
K231765:output,K231765,output,SEGMENTATION_OR_LOCALIZATION
K231765:user,K231765,user,OTHER_CLINICIAN
K231765:setting,K231765,setting,MONITORING
K231765:setting,K231765,setting,PROCEDURAL_OR_OPERATING_ROOM
K231765:action,K231765,action,MONITORING_OR_FOLLOW_UP
K231765:action,K231765,action,TREATMENT_OR_PROCEDURE_PLANNING
K231767:input,K231767,input,MEDICAL_IMAGE
K231767:output,K231767,output,DETECTION_OR_ALERT
K231767:user,K231767,user,OTHER_CLINICIAN
K231767:setting,K231767,setting,ACUTE_TRIAGE_OR_EMERGENCY
K231767:action,K231767,action,TRIAGE_OR_PRIORITIZATION
K231772:input,K231772,input,MEDICAL_IMAGE
K231772:output,K231772,output,SEGMENTATION_OR_LOCALIZATION
K231772:user,K231772,user,OTHER_CLINICIAN
K231772:setting,K231772,setting,PROCEDURAL_OR_OPERATING_ROOM
K231772:action,K231772,action,TREATMENT_OR_PROCEDURE_PLANNING
K231779:input,K231779,input,PHYSIOLOGICAL_SIGNAL
K231779:output,K231779,output,DETECTION_OR_ALERT
K231779:user,K231779,user,OTHER_PHYSICIAN
K231779:setting,K231779,setting,DIAGNOSTIC_INTERPRETATION
K231779:action,K231779,action,INTERPRETATION_OR_DIAGNOSIS
K231805:input,K231805,input,MEDICAL_IMAGE
K231805:output,K231805,output,DETECTION_OR_ALERT
K231805:output,K231805,output,SEGMENTATION_OR_LOCALIZATION
K231805:user,K231805,user,OTHER_PHYSICIAN
K231805:user,K231805,user,RADIOLOGIST
K231805:setting,K231805,setting,DIAGNOSTIC_INTERPRETATION
K231805:action,K231805,action,INTERPRETATION_OR_DIAGNOSIS
K231837:input,K231837,input,MEDICAL_IMAGE
K231837:output,K231837,output,DETECTION_OR_ALERT
K231837:user,K231837,user,OTHER_PHYSICIAN
K231837:setting,K231837,setting,ACUTE_TRIAGE_OR_EMERGENCY
K231837:action,K231837,action,TRIAGE_OR_PRIORITIZATION
K231855:input,K231855,input,MEDICAL_IMAGE
K231855:output,K231855,output,SEGMENTATION_OR_LOCALIZATION
K231855:user,K231855,user,OTHER
K231855:setting,K231855,setting,PROCEDURAL_OR_OPERATING_ROOM
K231855:action,K231855,action,TREATMENT_OR_PROCEDURE_PLANNING
K231871:input,K231871,input,MEDICAL_IMAGE
K231871:output,K231871,output,DETECTION_OR_ALERT
K231871:user,K231871,user,OTHER_PHYSICIAN
K231871:setting,K231871,setting,ACUTE_TRIAGE_OR_EMERGENCY
K231871:action,K231871,action,TRIAGE_OR_PRIORITIZATION
K231898:input,K231898,input,MEDICAL_IMAGE
K231898:output,K231898,output,DETECTION_OR_ALERT
K231898:output,K231898,output,MEASUREMENT_OR_QUANTIFICATION
K231898:output,K231898,output,OTHER
K231898:output,K231898,output,RECOMMENDATION_OR_PLANNING
K231898:output,K231898,output,SEGMENTATION_OR_LOCALIZATION
K231898:user,K231898,user,OTHER_CLINICIAN
K231898:setting,K231898,setting,DIAGNOSTIC_INTERPRETATION
K231898:setting,K231898,setting,PROCEDURAL_OR_OPERATING_ROOM
K231898:action,K231898,action,INTERPRETATION_OR_DIAGNOSIS
K231898:action,K231898,action,TREATMENT_OR_PROCEDURE_PLANNING
K231898:action,K231898,action,WORKFLOW_OR_DOCUMENTATION
K231917:input,K231917,input,MEDICAL_IMAGE
K231917:output,K231917,output,MEASUREMENT_OR_QUANTIFICATION
K231917:output,K231917,output,SEGMENTATION_OR_LOCALIZATION
K231917:user,K231917,user,OTHER_CLINICIAN
K231917:setting,K231917,setting,DIAGNOSTIC_INTERPRETATION
K231917:action,K231917,action,INTERPRETATION_OR_DIAGNOSIS
K231928:input,K231928,input,MEDICAL_IMAGE
K231928:output,K231928,output,SEGMENTATION_OR_LOCALIZATION
K231928:user,K231928,user,OTHER_CLINICIAN
K231928:user,K231928,user,OTHER_PHYSICIAN
K231928:setting,K231928,setting,PROCEDURAL_OR_OPERATING_ROOM
K231928:action,K231928,action,TREATMENT_OR_PROCEDURE_PLANNING
K231929:input,K231929,input,MEDICAL_IMAGE
K231929:output,K231929,output,DOCUMENTATION_OR_SUMMARY
K231929:output,K231929,output,MEASUREMENT_OR_QUANTIFICATION
K231929:output,K231929,output,SEGMENTATION_OR_LOCALIZATION
K231929:user,K231929,user,OTHER_PHYSICIAN
K231929:user,K231929,user,RADIOLOGIST
K231929:setting,K231929,setting,DIAGNOSTIC_INTERPRETATION
K231929:setting,K231929,setting,MONITORING
K231929:action,K231929,action,INTERPRETATION_OR_DIAGNOSIS
K231929:action,K231929,action,MONITORING_OR_FOLLOW_UP
K231955:input,K231955,input,MEDICAL_IMAGE
K231955:output,K231955,output,SEGMENTATION_OR_LOCALIZATION
K231955:user,K231955,user,OTHER
K231955:setting,K231955,setting,OTHER
K231955:action,K231955,action,WORKFLOW_OR_DOCUMENTATION
K231965:input,K231965,input,MEDICAL_IMAGE
K231965:output,K231965,output,CLASSIFICATION_OR_DIAGNOSIS
K231965:output,K231965,output,CONTROL_OR_AUTOMATION
K231965:output,K231965,output,DOCUMENTATION_OR_SUMMARY
K231965:output,K231965,output,MEASUREMENT_OR_QUANTIFICATION
K231965:output,K231965,output,SEGMENTATION_OR_LOCALIZATION
K231965:user,K231965,user,OTHER_CLINICIAN
K231965:setting,K231965,setting,DIAGNOSTIC_INTERPRETATION
K231965:setting,K231965,setting,OTHER
K231965:action,K231965,action,INTERPRETATION_OR_DIAGNOSIS
K231965:action,K231965,action,WORKFLOW_OR_DOCUMENTATION
K231966:input,K231966,input,MEDICAL_IMAGE
K231966:output,K231966,output,CLASSIFICATION_OR_DIAGNOSIS
K231966:output,K231966,output,MEASUREMENT_OR_QUANTIFICATION
K231966:output,K231966,output,RECOMMENDATION_OR_PLANNING
K231966:user,K231966,user,OTHER_PHYSICIAN
K231966:setting,K231966,setting,DIAGNOSTIC_INTERPRETATION
K231966:setting,K231966,setting,OTHER
K231966:action,K231966,action,INTERPRETATION_OR_DIAGNOSIS
K231966:action,K231966,action,WORKFLOW_OR_DOCUMENTATION
K231989:input,K231989,input,MEDICAL_IMAGE
K231989:output,K231989,output,CLASSIFICATION_OR_DIAGNOSIS
K231989:output,K231989,output,MEASUREMENT_OR_QUANTIFICATION
K231989:output,K231989,output,RECOMMENDATION_OR_PLANNING
K231989:user,K231989,user,OTHER_CLINICIAN
K231989:setting,K231989,setting,DIAGNOSTIC_INTERPRETATION
K231989:setting,K231989,setting,OTHER
K231989:action,K231989,action,INTERPRETATION_OR_DIAGNOSIS
K231989:action,K231989,action,WORKFLOW_OR_DOCUMENTATION
K232000:input,K232000,input,MEDICAL_IMAGE
K232000:output,K232000,output,MEASUREMENT_OR_QUANTIFICATION
K232000:output,K232000,output,SEGMENTATION_OR_LOCALIZATION
K232000:user,K232000,user,OTHER_PHYSICIAN
K232000:user,K232000,user,RADIOLOGIST
K232000:user,K232000,user,TECHNOLOGIST_OR_OPERATOR
K232000:setting,K232000,setting,DIAGNOSTIC_INTERPRETATION
K232000:setting,K232000,setting,PROCEDURAL_OR_OPERATING_ROOM
K232000:action,K232000,action,INTERPRETATION_OR_DIAGNOSIS
K232000:action,K232000,action,TREATMENT_OR_PROCEDURE_PLANNING
K232023:input,K232023,input,AUDIO_OR_VIDEO
K232023:output,K232023,output,MEASUREMENT_OR_QUANTIFICATION
K232023:output,K232023,output,SEGMENTATION_OR_LOCALIZATION
K232023:user,K232023,user,OTHER_CLINICIAN
K232023:user,K232023,user,PATIENT_OR_CAREGIVER
K232023:setting,K232023,setting,HOME_OR_CONSUMER
K232023:setting,K232023,setting,MONITORING
K232023:setting,K232023,setting,SCREENING
K232023:action,K232023,action,MONITORING_OR_FOLLOW_UP
K232023:action,K232023,action,PATIENT_SELF_MANAGEMENT
K232035:input,K232035,input,PHYSIOLOGICAL_SIGNAL
K232035:output,K232035,output,CLASSIFICATION_OR_DIAGNOSIS
K232035:output,K232035,output,MEASUREMENT_OR_QUANTIFICATION
K232035:output,K232035,output,RECONSTRUCTION_OR_ENHANCEMENT
K232035:user,K232035,user,OTHER_CLINICIAN
K232035:user,K232035,user,OTHER_PHYSICIAN
K232035:user,K232035,user,TECHNOLOGIST_OR_OPERATOR
K232035:setting,K232035,setting,ACUTE_TRIAGE_OR_EMERGENCY
K232035:setting,K232035,setting,DIAGNOSTIC_INTERPRETATION
K232035:setting,K232035,setting,OTHER
K232035:action,K232035,action,INTERPRETATION_OR_DIAGNOSIS
K232045:input,K232045,input,MEDICAL_IMAGE
K232045:output,K232045,output,SEGMENTATION_OR_LOCALIZATION
K232045:user,K232045,user,OTHER_PHYSICIAN
K232045:user,K232045,user,RADIOLOGIST
K232045:setting,K232045,setting,PROCEDURAL_OR_OPERATING_ROOM
K232045:action,K232045,action,TREATMENT_OR_PROCEDURE_PLANNING
K232083:input,K232083,input,MEDICAL_IMAGE
K232083:output,K232083,output,DOCUMENTATION_OR_SUMMARY
K232083:output,K232083,output,MEASUREMENT_OR_QUANTIFICATION
K232083:output,K232083,output,SEGMENTATION_OR_LOCALIZATION
K232083:user,K232083,user,OTHER_PHYSICIAN
K232083:setting,K232083,setting,DIAGNOSTIC_INTERPRETATION
K232083:setting,K232083,setting,MONITORING
K232083:action,K232083,action,INTERPRETATION_OR_DIAGNOSIS
K232083:action,K232083,action,MONITORING_OR_FOLLOW_UP
K232096:input,K232096,input,MEDICAL_IMAGE
K232096:output,K232096,output,CLASSIFICATION_OR_DIAGNOSIS
K232096:output,K232096,output,MEASUREMENT_OR_QUANTIFICATION
K232096:user,K232096,user,OTHER_CLINICIAN
K232096:user,K232096,user,RADIOLOGIST
K232096:setting,K232096,setting,OTHER
K232096:action,K232096,action,OTHER
K232140:input,K232140,input,MEDICAL_IMAGE
K232140:output,K232140,output,SEGMENTATION_OR_LOCALIZATION
K232140:user,K232140,user,OTHER_PHYSICIAN
K232140:setting,K232140,setting,PROCEDURAL_OR_OPERATING_ROOM
K232140:action,K232140,action,TREATMENT_OR_PROCEDURE_PLANNING
K232145:input,K232145,input,MEDICAL_IMAGE
K232145:output,K232145,output,CONTROL_OR_AUTOMATION
K232145:output,K232145,output,MEASUREMENT_OR_QUANTIFICATION
K232145:output,K232145,output,SEGMENTATION_OR_LOCALIZATION
K232145:user,K232145,user,OTHER_CLINICIAN
K232145:setting,K232145,setting,DIAGNOSTIC_INTERPRETATION
K232145:action,K232145,action,INTERPRETATION_OR_DIAGNOSIS
K232145:action,K232145,action,WORKFLOW_OR_DOCUMENTATION
K232148:input,K232148,input,MEDICAL_IMAGE
K232148:output,K232148,output,SEGMENTATION_OR_LOCALIZATION
K232148:user,K232148,user,OTHER_PHYSICIAN
K232148:setting,K232148,setting,PROCEDURAL_OR_OPERATING_ROOM
K232148:action,K232148,action,TREATMENT_OR_PROCEDURE_PLANNING
K232156:input,K232156,input,MEDICAL_IMAGE
K232156:output,K232156,output,MEASUREMENT_OR_QUANTIFICATION
K232156:output,K232156,output,SEGMENTATION_OR_LOCALIZATION
K232156:user,K232156,user,OTHER_CLINICIAN
K232156:user,K232156,user,OTHER_PHYSICIAN
K232156:user,K232156,user,RADIOLOGIST
K232156:setting,K232156,setting,DIAGNOSTIC_INTERPRETATION
K232156:action,K232156,action,INTERPRETATION_OR_DIAGNOSIS
K232231:input,K232231,input,MEDICAL_IMAGE
K232231:output,K232231,output,DOCUMENTATION_OR_SUMMARY
K232231:output,K232231,output,MEASUREMENT_OR_QUANTIFICATION
K232231:output,K232231,output,SEGMENTATION_OR_LOCALIZATION
K232231:user,K232231,user,OTHER_CLINICIAN
K232231:setting,K232231,setting,DIAGNOSTIC_INTERPRETATION
K232231:setting,K232231,setting,MONITORING
K232231:action,K232231,action,INTERPRETATION_OR_DIAGNOSIS
K232231:action,K232231,action,MONITORING_OR_FOLLOW_UP
K232237:input,K232237,input,AUDIO_OR_VIDEO
K232237:output,K232237,output,DETECTION_OR_ALERT
K232237:user,K232237,user,OTHER_CLINICIAN
K232237:user,K232237,user,PATIENT_OR_CAREGIVER
K232237:setting,K232237,setting,DIAGNOSTIC_INTERPRETATION
K232237:setting,K232237,setting,HOME_OR_CONSUMER
K232237:action,K232237,action,INTERPRETATION_OR_DIAGNOSIS
K232237:action,K232237,action,REFERRAL_OR_ESCALATION
K232250:input,K232250,input,MEDICAL_IMAGE
K232250:output,K232250,output,MEASUREMENT_OR_QUANTIFICATION
K232250:setting,K232250,setting,PROCEDURAL_OR_OPERATING_ROOM
K232250:action,K232250,action,MONITORING_OR_FOLLOW_UP
K232257:input,K232257,input,MEDICAL_IMAGE
K232257:output,K232257,output,MEASUREMENT_OR_QUANTIFICATION
K232257:output,K232257,output,SEGMENTATION_OR_LOCALIZATION
K232257:user,K232257,user,OTHER_CLINICIAN
K232257:setting,K232257,setting,OTHER
K232257:action,K232257,action,INTERPRETATION_OR_DIAGNOSIS
K232305:input,K232305,input,MEDICAL_IMAGE
K232305:output,K232305,output,DOCUMENTATION_OR_SUMMARY
K232305:output,K232305,output,MEASUREMENT_OR_QUANTIFICATION
K232305:output,K232305,output,SEGMENTATION_OR_LOCALIZATION
K232305:user,K232305,user,OTHER_CLINICIAN
K232305:setting,K232305,setting,DIAGNOSTIC_INTERPRETATION
K232305:setting,K232305,setting,MONITORING
K232305:action,K232305,action,INTERPRETATION_OR_DIAGNOSIS
K232305:action,K232305,action,MONITORING_OR_FOLLOW_UP
K232322:input,K232322,input,MEDICAL_IMAGE
K232322:output,K232322,output,RECONSTRUCTION_OR_ENHANCEMENT
K232322:user,K232322,user,OTHER_PHYSICIAN
K232322:setting,K232322,setting,DIAGNOSTIC_INTERPRETATION
K232322:action,K232322,action,INTERPRETATION_OR_DIAGNOSIS
K232331:input,K232331,input,MEDICAL_IMAGE
K232331:output,K232331,output,MEASUREMENT_OR_QUANTIFICATION
K232331:output,K232331,output,SEGMENTATION_OR_LOCALIZATION
K232331:user,K232331,user,OTHER_PHYSICIAN
K232331:user,K232331,user,TECHNOLOGIST_OR_OPERATOR
K232331:setting,K232331,setting,DIAGNOSTIC_INTERPRETATION
K232331:action,K232331,action,INTERPRETATION_OR_DIAGNOSIS
K232363:input,K232363,input,MEDICAL_IMAGE
K232363:output,K232363,output,DOCUMENTATION_OR_SUMMARY
K232363:output,K232363,output,MEASUREMENT_OR_QUANTIFICATION
K232363:output,K232363,output,SEGMENTATION_OR_LOCALIZATION
K232363:user,K232363,user,OTHER_PHYSICIAN
K232363:setting,K232363,setting,DIAGNOSTIC_INTERPRETATION
K232363:action,K232363,action,INTERPRETATION_OR_DIAGNOSIS
K232367:input,K232367,input,MEDICAL_IMAGE
K232367:output,K232367,output,DETECTION_OR_ALERT
K232367:output,K232367,output,SEGMENTATION_OR_LOCALIZATION
K232367:user,K232367,user,OTHER_PHYSICIAN
K232367:setting,K232367,setting,SCREENING
K232367:action,K232367,action,INTERPRETATION_OR_DIAGNOSIS
K232381:input,K232381,input,MEDICAL_IMAGE
K232381:output,K232381,output,CLASSIFICATION_OR_DIAGNOSIS
K232381:output,K232381,output,RECOMMENDATION_OR_PLANNING
K232381:user,K232381,user,OTHER_CLINICIAN
K232381:setting,K232381,setting,ACUTE_TRIAGE_OR_EMERGENCY
K232381:setting,K232381,setting,DIAGNOSTIC_INTERPRETATION
K232381:setting,K232381,setting,INPATIENT
K232381:setting,K232381,setting,OUTPATIENT
K232381:setting,K232381,setting,PROCEDURAL_OR_OPERATING_ROOM
K232381:action,K232381,action,WORKFLOW_OR_DOCUMENTATION
K232384:input,K232384,input,MEDICAL_IMAGE
K232384:output,K232384,output,DETECTION_OR_ALERT
K232384:output,K232384,output,MEASUREMENT_OR_QUANTIFICATION
K232384:output,K232384,output,SEGMENTATION_OR_LOCALIZATION
K232384:user,K232384,user,OTHER_CLINICIAN
K232384:setting,K232384,setting,DIAGNOSTIC_INTERPRETATION
K232384:setting,K232384,setting,OTHER
K232384:action,K232384,action,INTERPRETATION_OR_DIAGNOSIS
K232384:action,K232384,action,WORKFLOW_OR_DOCUMENTATION
K232410:input,K232410,input,MEDICAL_IMAGE
K232410:output,K232410,output,DETECTION_OR_ALERT
K232410:user,K232410,user,OTHER_PHYSICIAN
K232410:setting,K232410,setting,ACUTE_TRIAGE_OR_EMERGENCY
K232410:action,K232410,action,TRIAGE_OR_PRIORITIZATION
K232412:input,K232412,input,MEDICAL_IMAGE
K232412:output,K232412,output,DOCUMENTATION_OR_SUMMARY
K232412:output,K232412,output,MEASUREMENT_OR_QUANTIFICATION
K232412:output,K232412,output,SEGMENTATION_OR_LOCALIZATION
K232412:user,K232412,user,OTHER_PHYSICIAN
K232412:setting,K232412,setting,DIAGNOSTIC_INTERPRETATION
K232412:setting,K232412,setting,MONITORING
K232412:action,K232412,action,INTERPRETATION_OR_DIAGNOSIS
K232412:action,K232412,action,MONITORING_OR_FOLLOW_UP
K232416:input,K232416,input,MEDICAL_IMAGE
K232416:output,K232416,output,CLASSIFICATION_OR_DIAGNOSIS
K232416:output,K232416,output,MEASUREMENT_OR_QUANTIFICATION
K232416:user,K232416,user,LABORATORY_PROFESSIONAL
K232416:user,K232416,user,TECHNOLOGIST_OR_OPERATOR
K232416:setting,K232416,setting,LABORATORY
K232416:action,K232416,action,INTERPRETATION_OR_DIAGNOSIS
K232431:input,K232431,input,MEDICAL_IMAGE
K232431:output,K232431,output,DETECTION_OR_ALERT
K232431:user,K232431,user,OTHER
K232431:user,K232431,user,RADIOLOGIST
K232431:setting,K232431,setting,ACUTE_TRIAGE_OR_EMERGENCY
K232431:action,K232431,action,TRIAGE_OR_PRIORITIZATION
K232436:input,K232436,input,MEDICAL_IMAGE
K232436:output,K232436,output,DETECTION_OR_ALERT
K232436:user,K232436,user,RADIOLOGIST
K232436:setting,K232436,setting,ACUTE_TRIAGE_OR_EMERGENCY
K232436:action,K232436,action,TRIAGE_OR_PRIORITIZATION
K232440:input,K232440,input,MEDICAL_IMAGE
K232440:output,K232440,output,MEASUREMENT_OR_QUANTIFICATION
K232440:output,K232440,output,SEGMENTATION_OR_LOCALIZATION
K232440:user,K232440,user,OTHER_CLINICIAN
K232440:setting,K232440,setting,DIAGNOSTIC_INTERPRETATION
K232440:action,K232440,action,INTERPRETATION_OR_DIAGNOSIS
K232479:input,K232479,input,MEDICAL_IMAGE
K232479:input,K232479,input,MULTIMODAL
K232479:output,K232479,output,MEASUREMENT_OR_QUANTIFICATION
K232479:output,K232479,output,RECOMMENDATION_OR_PLANNING
K232479:output,K232479,output,RECONSTRUCTION_OR_ENHANCEMENT
K232479:output,K232479,output,SEGMENTATION_OR_LOCALIZATION
K232479:user,K232479,user,OTHER_CLINICIAN
K232479:user,K232479,user,OTHER_PHYSICIAN
K232479:setting,K232479,setting,PROCEDURAL_OR_OPERATING_ROOM
K232479:action,K232479,action,TREATMENT_OR_PROCEDURE_PLANNING
K232491:input,K232491,input,MEDICAL_IMAGE
K232491:output,K232491,output,CONTROL_OR_AUTOMATION
K232491:output,K232491,output,RECONSTRUCTION_OR_ENHANCEMENT
K232491:setting,K232491,setting,DIAGNOSTIC_INTERPRETATION
K232491:setting,K232491,setting,OTHER
K232491:action,K232491,action,INTERPRETATION_OR_DIAGNOSIS
K232491:action,K232491,action,THERAPY_DOSE_OR_DEVICE_CONTROL
K232496:input,K232496,input,MEDICAL_IMAGE
K232496:output,K232496,output,DETECTION_OR_ALERT
K232496:user,K232496,user,OTHER_CLINICIAN
K232496:setting,K232496,setting,ACUTE_TRIAGE_OR_EMERGENCY
K232496:action,K232496,action,TRIAGE_OR_PRIORITIZATION
K232500:input,K232500,input,MEDICAL_IMAGE
K232500:output,K232500,output,MEASUREMENT_OR_QUANTIFICATION
K232500:output,K232500,output,SEGMENTATION_OR_LOCALIZATION
K232500:user,K232500,user,OTHER_CLINICIAN
K232500:setting,K232500,setting,DIAGNOSTIC_INTERPRETATION
K232500:setting,K232500,setting,OTHER
K232500:action,K232500,action,INTERPRETATION_OR_DIAGNOSIS
K232501:input,K232501,input,MEDICAL_IMAGE
K232501:output,K232501,output,DETECTION_OR_ALERT
K232501:output,K232501,output,DOCUMENTATION_OR_SUMMARY
K232501:output,K232501,output,MEASUREMENT_OR_QUANTIFICATION
K232501:output,K232501,output,SEGMENTATION_OR_LOCALIZATION
K232501:user,K232501,user,OTHER_CLINICIAN
K232501:setting,K232501,setting,DIAGNOSTIC_INTERPRETATION
K232501:action,K232501,action,INTERPRETATION_OR_DIAGNOSIS
K232526:input,K232526,input,MEDICAL_IMAGE
K232526:output,K232526,output,RECONSTRUCTION_OR_ENHANCEMENT
K232526:setting,K232526,setting,PROCEDURAL_OR_OPERATING_ROOM
K232526:action,K232526,action,OTHER
K232535:input,K232535,input,MEDICAL_IMAGE
K232535:output,K232535,output,RECONSTRUCTION_OR_ENHANCEMENT
K232535:user,K232535,user,OTHER_PHYSICIAN
K232535:setting,K232535,setting,DIAGNOSTIC_INTERPRETATION
K232535:action,K232535,action,INTERPRETATION_OR_DIAGNOSIS
K232613:input,K232613,input,MEDICAL_IMAGE
K232613:output,K232613,output,DOCUMENTATION_OR_SUMMARY
K232613:output,K232613,output,MEASUREMENT_OR_QUANTIFICATION
K232613:output,K232613,output,SEGMENTATION_OR_LOCALIZATION
K232613:user,K232613,user,OTHER_CLINICIAN
K232613:user,K232613,user,OTHER_PHYSICIAN
K232613:setting,K232613,setting,DIAGNOSTIC_INTERPRETATION
K232613:setting,K232613,setting,OTHER
K232613:action,K232613,action,INTERPRETATION_OR_DIAGNOSIS
K232616:input,K232616,input,DEVICE_TELEMETRY_OR_OPERATIONAL
K232616:input,K232616,input,MULTIMODAL
K232616:input,K232616,input,PHYSIOLOGICAL_SIGNAL
K232616:output,K232616,output,DETECTION_OR_ALERT
K232616:output,K232616,output,MEASUREMENT_OR_QUANTIFICATION
K232616:output,K232616,output,SEGMENTATION_OR_LOCALIZATION
K232616:user,K232616,user,TECHNOLOGIST_OR_OPERATOR
K232616:setting,K232616,setting,PROCEDURAL_OR_OPERATING_ROOM
K232616:action,K232616,action,INTERPRETATION_OR_DIAGNOSIS
K232616:action,K232616,action,WORKFLOW_OR_DOCUMENTATION
K232661:input,K232661,input,MEDICAL_IMAGE
K232661:output,K232661,output,DOCUMENTATION_OR_SUMMARY
K232661:output,K232661,output,MEASUREMENT_OR_QUANTIFICATION
K232661:user,K232661,user,OTHER_CLINICIAN
K232661:user,K232661,user,OTHER_PHYSICIAN
K232661:setting,K232661,setting,DIAGNOSTIC_INTERPRETATION
K232661:action,K232661,action,INTERPRETATION_OR_DIAGNOSIS
K232686:input,K232686,input,CLINICAL_TABULAR_OR_TEXT
K232686:input,K232686,input,MULTIMODAL
K232686:input,K232686,input,PHYSIOLOGICAL_SIGNAL
K232686:output,K232686,output,CLASSIFICATION_OR_DIAGNOSIS
K232686:output,K232686,output,DOCUMENTATION_OR_SUMMARY
K232686:user,K232686,user,OTHER_CLINICIAN
K232686:user,K232686,user,OTHER_PHYSICIAN
K232686:setting,K232686,setting,DIAGNOSTIC_INTERPRETATION
K232686:setting,K232686,setting,OTHER
K232686:setting,K232686,setting,OUTPATIENT
K232686:action,K232686,action,INTERPRETATION_OR_DIAGNOSIS
K232698:input,K232698,input,MEDICAL_IMAGE
K232698:input,K232698,input,MULTIMODAL
K232698:output,K232698,output,MEASUREMENT_OR_QUANTIFICATION
K232698:output,K232698,output,OTHER
K232698:user,K232698,user,OTHER_CLINICIAN
K232698:setting,K232698,setting,PROCEDURAL_OR_OPERATING_ROOM
K232698:action,K232698,action,TREATMENT_OR_PROCEDURE_PLANNING
K232699:input,K232699,input,PHYSIOLOGICAL_SIGNAL
K232699:output,K232699,output,DETECTION_OR_ALERT
K232699:user,K232699,user,OTHER_CLINICIAN
K232699:user,K232699,user,OTHER_PHYSICIAN
K232699:setting,K232699,setting,ACUTE_TRIAGE_OR_EMERGENCY
K232699:setting,K232699,setting,OTHER
K232699:setting,K232699,setting,SCREENING
K232699:action,K232699,action,INTERPRETATION_OR_DIAGNOSIS
K232712:input,K232712,input,MEDICAL_IMAGE
K232712:input,K232712,input,MULTIMODAL
K232712:output,K232712,output,MEASUREMENT_OR_QUANTIFICATION
K232712:output,K232712,output,RECONSTRUCTION_OR_ENHANCEMENT
K232712:user,K232712,user,OTHER_CLINICIAN
K232712:setting,K232712,setting,DIAGNOSTIC_INTERPRETATION
K232712:action,K232712,action,INTERPRETATION_OR_DIAGNOSIS
K232751:input,K232751,input,MEDICAL_IMAGE
K232751:output,K232751,output,DETECTION_OR_ALERT
K232751:user,K232751,user,OTHER_PHYSICIAN
K232751:setting,K232751,setting,ACUTE_TRIAGE_OR_EMERGENCY
K232751:action,K232751,action,TRIAGE_OR_PRIORITIZATION
K232760:input,K232760,input,MEDICAL_IMAGE
K232760:output,K232760,output,RECONSTRUCTION_OR_ENHANCEMENT
K232760:user,K232760,user,OTHER_PHYSICIAN
K232760:user,K232760,user,TECHNOLOGIST_OR_OPERATOR
K232760:setting,K232760,setting,ACUTE_TRIAGE_OR_EMERGENCY
K232760:setting,K232760,setting,DIAGNOSTIC_INTERPRETATION
K232760:setting,K232760,setting,INPATIENT
K232760:setting,K232760,setting,OTHER
K232760:action,K232760,action,INTERPRETATION_OR_DIAGNOSIS
K232765:input,K232765,input,MEDICAL_IMAGE
K232765:output,K232765,output,RECONSTRUCTION_OR_ENHANCEMENT
K232765:user,K232765,user,OTHER_PHYSICIAN
K232765:setting,K232765,setting,DIAGNOSTIC_INTERPRETATION
K232765:action,K232765,action,INTERPRETATION_OR_DIAGNOSIS
K232787:input,K232787,input,MEDICAL_IMAGE
K232787:output,K232787,output,SEGMENTATION_OR_LOCALIZATION
K232787:user,K232787,user,OTHER_CLINICIAN
K232787:setting,K232787,setting,PROCEDURAL_OR_OPERATING_ROOM
K232787:action,K232787,action,TREATMENT_OR_PROCEDURE_PLANNING
K232799:input,K232799,input,MEDICAL_IMAGE
K232799:output,K232799,output,RECONSTRUCTION_OR_ENHANCEMENT
K232799:output,K232799,output,SEGMENTATION_OR_LOCALIZATION
K232799:user,K232799,user,OTHER_CLINICIAN
K232799:setting,K232799,setting,PROCEDURAL_OR_OPERATING_ROOM
K232799:action,K232799,action,TREATMENT_OR_PROCEDURE_PLANNING
K232808:input,K232808,input,MEDICAL_IMAGE
K232808:output,K232808,output,MEASUREMENT_OR_QUANTIFICATION
K232808:user,K232808,user,OTHER
K232808:user,K232808,user,OTHER_CLINICIAN
K232808:setting,K232808,setting,ACUTE_TRIAGE_OR_EMERGENCY
K232808:setting,K232808,setting,DIAGNOSTIC_INTERPRETATION
K232808:setting,K232808,setting,HOME_OR_CONSUMER
K232808:setting,K232808,setting,OTHER
K232808:action,K232808,action,INTERPRETATION_OR_DIAGNOSIS
K232835:input,K232835,input,MEDICAL_IMAGE
K232835:output,K232835,output,RECONSTRUCTION_OR_ENHANCEMENT
K232835:user,K232835,user,OTHER_PHYSICIAN
K232835:setting,K232835,setting,DIAGNOSTIC_INTERPRETATION
K232835:action,K232835,action,INTERPRETATION_OR_DIAGNOSIS
K232841:input,K232841,input,MEDICAL_IMAGE
K232841:output,K232841,output,SEGMENTATION_OR_LOCALIZATION
K232841:user,K232841,user,OTHER
K232841:setting,K232841,setting,DIAGNOSTIC_INTERPRETATION
K232841:setting,K232841,setting,OTHER
K232841:setting,K232841,setting,PROCEDURAL_OR_OPERATING_ROOM
K232841:action,K232841,action,INTERPRETATION_OR_DIAGNOSIS
K232841:action,K232841,action,TREATMENT_OR_PROCEDURE_PLANNING
K232856:input,K232856,input,MEDICAL_IMAGE
K232856:output,K232856,output,MEASUREMENT_OR_QUANTIFICATION
K232856:output,K232856,output,OTHER
K232856:output,K232856,output,SEGMENTATION_OR_LOCALIZATION
K232856:user,K232856,user,OTHER_PHYSICIAN
K232856:user,K232856,user,RADIOLOGIST
K232856:user,K232856,user,TECHNOLOGIST_OR_OPERATOR
K232856:setting,K232856,setting,DIAGNOSTIC_INTERPRETATION
K232856:setting,K232856,setting,MONITORING
K232856:action,K232856,action,INTERPRETATION_OR_DIAGNOSIS
K232856:action,K232856,action,MONITORING_OR_FOLLOW_UP
K232899:input,K232899,input,MEDICAL_IMAGE
K232899:output,K232899,output,SEGMENTATION_OR_LOCALIZATION
K232899:user,K232899,user,OTHER_CLINICIAN
K232899:setting,K232899,setting,PROCEDURAL_OR_OPERATING_ROOM
K232899:action,K232899,action,TREATMENT_OR_PROCEDURE_PLANNING
K232915:input,K232915,input,MULTIMODAL
K232915:input,K232915,input,PHYSIOLOGICAL_SIGNAL
K232915:output,K232915,output,DETECTION_OR_ALERT
K232915:output,K232915,output,MEASUREMENT_OR_QUANTIFICATION
K232915:user,K232915,user,OTHER_CLINICIAN
K232915:user,K232915,user,PATIENT_OR_CAREGIVER
K232915:setting,K232915,setting,HOME_OR_CONSUMER
K232915:setting,K232915,setting,MONITORING
K232915:setting,K232915,setting,OTHER
K232915:action,K232915,action,MONITORING_OR_FOLLOW_UP
K232915:action,K232915,action,REFERRAL_OR_ESCALATION
K232923:input,K232923,input,MEDICAL_IMAGE
K232923:output,K232923,output,SEGMENTATION_OR_LOCALIZATION
K232923:user,K232923,user,OTHER_CLINICIAN
K232923:user,K232923,user,OTHER_PHYSICIAN
K232923:setting,K232923,setting,PROCEDURAL_OR_OPERATING_ROOM
K232923:action,K232923,action,TREATMENT_OR_PROCEDURE_PLANNING
K232928:input,K232928,input,MEDICAL_IMAGE
K232928:output,K232928,output,MEASUREMENT_OR_QUANTIFICATION
K232928:output,K232928,output,SEGMENTATION_OR_LOCALIZATION
K232928:user,K232928,user,OTHER_CLINICIAN
K232928:setting,K232928,setting,PROCEDURAL_OR_OPERATING_ROOM
K232928:action,K232928,action,TREATMENT_OR_PROCEDURE_PLANNING
K233030:input,K233030,input,MEDICAL_IMAGE
K233030:output,K233030,output,RECONSTRUCTION_OR_ENHANCEMENT
K233030:user,K233030,user,OTHER_PHYSICIAN
K233030:user,K233030,user,RADIOLOGIST
K233030:setting,K233030,setting,DIAGNOSTIC_INTERPRETATION
K233030:setting,K233030,setting,OUTPATIENT
K233030:action,K233030,action,INTERPRETATION_OR_DIAGNOSIS
K233080:input,K233080,input,MEDICAL_IMAGE
K233080:output,K233080,output,DETECTION_OR_ALERT
K233080:output,K233080,output,MEASUREMENT_OR_QUANTIFICATION
K233080:output,K233080,output,SEGMENTATION_OR_LOCALIZATION
K233080:user,K233080,user,OTHER_CLINICIAN
K233080:setting,K233080,setting,DIAGNOSTIC_INTERPRETATION
K233080:action,K233080,action,INTERPRETATION_OR_DIAGNOSIS
K233108:input,K233108,input,MEDICAL_IMAGE
K233108:output,K233108,output,DETECTION_OR_ALERT
K233108:user,K233108,user,OTHER_PHYSICIAN
K233108:user,K233108,user,RADIOLOGIST
K233108:setting,K233108,setting,SCREENING
K233108:action,K233108,action,TRIAGE_OR_PRIORITIZATION
K233112:input,K233112,input,MEDICAL_IMAGE
K233112:output,K233112,output,MEASUREMENT_OR_QUANTIFICATION
K233112:output,K233112,output,SEGMENTATION_OR_LOCALIZATION
K233112:user,K233112,user,OTHER_CLINICIAN
K233112:setting,K233112,setting,ACUTE_TRIAGE_OR_EMERGENCY
K233112:setting,K233112,setting,DIAGNOSTIC_INTERPRETATION
K233112:setting,K233112,setting,OTHER
K233112:setting,K233112,setting,OUTPATIENT
K233112:action,K233112,action,INTERPRETATION_OR_DIAGNOSIS
K233176:input,K233176,input,MEDICAL_IMAGE
K233176:output,K233176,output,SEGMENTATION_OR_LOCALIZATION
K233176:user,K233176,user,OTHER_PHYSICIAN
K233176:setting,K233176,setting,DIAGNOSTIC_INTERPRETATION
K233176:setting,K233176,setting,OTHER
K233176:action,K233176,action,WORKFLOW_OR_DOCUMENTATION
K233186:input,K233186,input,MEDICAL_IMAGE
K233186:output,K233186,output,DOCUMENTATION_OR_SUMMARY
K233186:output,K233186,output,MEASUREMENT_OR_QUANTIFICATION
K233186:output,K233186,output,SEGMENTATION_OR_LOCALIZATION
K233186:setting,K233186,setting,DIAGNOSTIC_INTERPRETATION
K233186:setting,K233186,setting,OTHER
K233186:action,K233186,action,INTERPRETATION_OR_DIAGNOSIS
K233195:input,K233195,input,MEDICAL_IMAGE
K233195:output,K233195,output,MEASUREMENT_OR_QUANTIFICATION
K233195:output,K233195,output,OTHER
K233195:user,K233195,user,OTHER_CLINICIAN
K233195:user,K233195,user,OTHER_PHYSICIAN
K233195:setting,K233195,setting,DIAGNOSTIC_INTERPRETATION
K233195:setting,K233195,setting,OTHER
K233195:setting,K233195,setting,PROCEDURAL_OR_OPERATING_ROOM
K233195:action,K233195,action,INTERPRETATION_OR_DIAGNOSIS
K233195:action,K233195,action,TREATMENT_OR_PROCEDURE_PLANNING
K233196:input,K233196,input,MEDICAL_IMAGE
K233196:output,K233196,output,DOCUMENTATION_OR_SUMMARY
K233196:output,K233196,output,MEASUREMENT_OR_QUANTIFICATION
K233196:output,K233196,output,SEGMENTATION_OR_LOCALIZATION
K233196:user,K233196,user,OTHER_PHYSICIAN
K233196:user,K233196,user,RADIOLOGIST
K233196:setting,K233196,setting,DIAGNOSTIC_INTERPRETATION
K233196:action,K233196,action,INTERPRETATION_OR_DIAGNOSIS
K233209:input,K233209,input,MEDICAL_IMAGE
K233209:output,K233209,output,MEASUREMENT_OR_QUANTIFICATION
K233209:output,K233209,output,SEGMENTATION_OR_LOCALIZATION
K233209:setting,K233209,setting,DIAGNOSTIC_INTERPRETATION
K233209:setting,K233209,setting,OTHER
K233209:setting,K233209,setting,PROCEDURAL_OR_OPERATING_ROOM
K233209:action,K233209,action,INTERPRETATION_OR_DIAGNOSIS
K233209:action,K233209,action,TREATMENT_OR_PROCEDURE_PLANNING
K233211:input,K233211,input,CLINICAL_TABULAR_OR_TEXT
K233211:input,K233211,input,MEDICAL_IMAGE
K233211:input,K233211,input,MULTIMODAL
K233211:output,K233211,output,MEASUREMENT_OR_QUANTIFICATION
K233211:output,K233211,output,RISK_SCORE_OR_PREDICTION
K233211:output,K233211,output,SEGMENTATION_OR_LOCALIZATION
K233211:user,K233211,user,OTHER_CLINICIAN
K233211:user,K233211,user,OTHER_PHYSICIAN
K233211:user,K233211,user,RADIOLOGIST
K233211:setting,K233211,setting,DIAGNOSTIC_INTERPRETATION
K233211:action,K233211,action,INTERPRETATION_OR_DIAGNOSIS
K233216:input,K233216,input,CLINICAL_TABULAR_OR_TEXT
K233216:input,K233216,input,MULTIMODAL
K233216:input,K233216,input,PHYSIOLOGICAL_SIGNAL
K233216:output,K233216,output,DETECTION_OR_ALERT
K233216:output,K233216,output,RISK_SCORE_OR_PREDICTION
K233216:user,K233216,user,OTHER_CLINICIAN
K233216:setting,K233216,setting,ACUTE_TRIAGE_OR_EMERGENCY
K233216:setting,K233216,setting,INPATIENT
K233216:setting,K233216,setting,MONITORING
K233216:setting,K233216,setting,PROCEDURAL_OR_OPERATING_ROOM
K233216:action,K233216,action,MONITORING_OR_FOLLOW_UP
K233243:input,K233243,input,MEDICAL_IMAGE
K233243:output,K233243,output,DOCUMENTATION_OR_SUMMARY
K233243:output,K233243,output,MEASUREMENT_OR_QUANTIFICATION
K233243:output,K233243,output,RECOMMENDATION_OR_PLANNING
K233243:output,K233243,output,SEGMENTATION_OR_LOCALIZATION
K233243:user,K233243,user,OTHER_PHYSICIAN
K233243:setting,K233243,setting,PROCEDURAL_OR_OPERATING_ROOM
K233243:action,K233243,action,TREATMENT_OR_PROCEDURE_PLANNING
K233247:input,K233247,input,MEDICAL_IMAGE
K233247:output,K233247,output,DETECTION_OR_ALERT
K233247:user,K233247,user,OTHER_CLINICIAN
K233247:setting,K233247,setting,ACUTE_TRIAGE_OR_EMERGENCY
K233247:setting,K233247,setting,OTHER
K233247:action,K233247,action,TRIAGE_OR_PRIORITIZATION
K233249:input,K233249,input,PHYSIOLOGICAL_SIGNAL
K233249:output,K233249,output,RISK_SCORE_OR_PREDICTION
K233249:user,K233249,user,OTHER_CLINICIAN
K233249:setting,K233249,setting,ACUTE_TRIAGE_OR_EMERGENCY
K233249:setting,K233249,setting,MONITORING
K233249:setting,K233249,setting,OTHER
K233249:action,K233249,action,REFERRAL_OR_ESCALATION
K233249:action,K233249,action,TRIAGE_OR_PRIORITIZATION
K233253:input,K233253,input,CLINICAL_TABULAR_OR_TEXT
K233253:output,K233253,output,DETECTION_OR_ALERT
K233253:output,K233253,output,RISK_SCORE_OR_PREDICTION
K233253:user,K233253,user,OTHER_CLINICIAN
K233253:user,K233253,user,OTHER_PHYSICIAN
K233253:setting,K233253,setting,INPATIENT
K233253:setting,K233253,setting,MONITORING
K233253:action,K233253,action,MONITORING_OR_FOLLOW_UP
K233253:action,K233253,action,WORKFLOW_OR_DOCUMENTATION
K233334:input,K233334,input,MEDICAL_IMAGE
K233334:output,K233334,output,RECONSTRUCTION_OR_ENHANCEMENT
K233334:user,K233334,user,OTHER_PHYSICIAN
K233334:setting,K233334,setting,DIAGNOSTIC_INTERPRETATION
K233334:action,K233334,action,INTERPRETATION_OR_DIAGNOSIS
K233342:input,K233342,input,MEDICAL_IMAGE
K233342:output,K233342,output,MEASUREMENT_OR_QUANTIFICATION
K233342:output,K233342,output,SEGMENTATION_OR_LOCALIZATION
K233342:user,K233342,user,OTHER_CLINICIAN
K233342:user,K233342,user,RADIOLOGIST
K233342:setting,K233342,setting,ACUTE_TRIAGE_OR_EMERGENCY
K233342:setting,K233342,setting,DIAGNOSTIC_INTERPRETATION
K233342:setting,K233342,setting,OTHER
K233342:action,K233342,action,INTERPRETATION_OR_DIAGNOSIS
K233409:input,K233409,input,AUDIO_OR_VIDEO
K233409:input,K233409,input,MULTIMODAL
K233409:input,K233409,input,PHYSIOLOGICAL_SIGNAL
K233409:output,K233409,output,CLASSIFICATION_OR_DIAGNOSIS
K233409:user,K233409,user,OTHER_CLINICIAN
K233409:user,K233409,user,TECHNOLOGIST_OR_OPERATOR
K233409:setting,K233409,setting,SCREENING
K233409:action,K233409,action,REFERRAL_OR_ESCALATION
K233438:input,K233438,input,PHYSIOLOGICAL_SIGNAL
K233438:output,K233438,output,CLASSIFICATION_OR_DIAGNOSIS
K233438:user,K233438,user,OTHER_PHYSICIAN
K233438:user,K233438,user,TECHNOLOGIST_OR_OPERATOR
K233438:setting,K233438,setting,DIAGNOSTIC_INTERPRETATION
K233438:setting,K233438,setting,OTHER
K233438:action,K233438,action,INTERPRETATION_OR_DIAGNOSIS
K233457:input,K233457,input,MEDICAL_IMAGE
K233457:output,K233457,output,OTHER
K233457:output,K233457,output,SEGMENTATION_OR_LOCALIZATION
K233457:user,K233457,user,OTHER_PHYSICIAN
K233457:user,K233457,user,RADIOLOGIST
K233457:user,K233457,user,TECHNOLOGIST_OR_OPERATOR
K233457:setting,K233457,setting,OTHER
K233457:setting,K233457,setting,PROCEDURAL_OR_OPERATING_ROOM
K233457:action,K233457,action,TREATMENT_OR_PROCEDURE_PLANNING
K233512:input,K233512,input,MEDICAL_IMAGE
K233512:output,K233512,output,MEASUREMENT_OR_QUANTIFICATION
K233512:output,K233512,output,OTHER
K233512:user,K233512,user,OTHER_PHYSICIAN
K233512:user,K233512,user,TECHNOLOGIST_OR_OPERATOR
K233512:setting,K233512,setting,ACUTE_TRIAGE_OR_EMERGENCY
K233512:setting,K233512,setting,DIAGNOSTIC_INTERPRETATION
K233512:setting,K233512,setting,OTHER
K233512:setting,K233512,setting,PROCEDURAL_OR_OPERATING_ROOM
K233512:action,K233512,action,INTERPRETATION_OR_DIAGNOSIS
K233512:action,K233512,action,TREATMENT_OR_PROCEDURE_PLANNING
K233543:input,K233543,input,MEDICAL_IMAGE
K233543:output,K233543,output,CONTROL_OR_AUTOMATION
K233543:output,K233543,output,RECONSTRUCTION_OR_ENHANCEMENT
K233543:user,K233543,user,OTHER_CLINICIAN
K233543:user,K233543,user,TECHNOLOGIST_OR_OPERATOR
K233543:setting,K233543,setting,DIAGNOSTIC_INTERPRETATION
K233543:action,K233543,action,THERAPY_DOSE_OR_DEVICE_CONTROL
K233543:action,K233543,action,WORKFLOW_OR_DOCUMENTATION
K233549:input,K233549,input,CLINICAL_TABULAR_OR_TEXT
K233549:input,K233549,input,MULTIMODAL
K233549:input,K233549,input,PHYSIOLOGICAL_SIGNAL
K233549:output,K233549,output,RISK_SCORE_OR_PREDICTION
K233549:user,K233549,user,OTHER_CLINICIAN
K233549:setting,K233549,setting,OTHER
K233549:setting,K233549,setting,SCREENING
K233549:action,K233549,action,MONITORING_OR_FOLLOW_UP
K233549:action,K233549,action,REFERRAL_OR_ESCALATION
K233568:input,K233568,input,MEDICAL_IMAGE
K233568:output,K233568,output,MEASUREMENT_OR_QUANTIFICATION
K233568:output,K233568,output,OTHER
K233568:output,K233568,output,SEGMENTATION_OR_LOCALIZATION
K233568:user,K233568,user,OTHER
K233568:user,K233568,user,OTHER_CLINICIAN
K233568:setting,K233568,setting,OTHER
K233568:setting,K233568,setting,PROCEDURAL_OR_OPERATING_ROOM
K233568:action,K233568,action,OTHER
K233568:action,K233568,action,TREATMENT_OR_PROCEDURE_PLANNING
K233582:input,K233582,input,MEDICAL_IMAGE
K233582:output,K233582,output,MEASUREMENT_OR_QUANTIFICATION
K233582:output,K233582,output,OTHER
K233582:user,K233582,user,OTHER_PHYSICIAN
K233582:user,K233582,user,TECHNOLOGIST_OR_OPERATOR
K233582:setting,K233582,setting,ACUTE_TRIAGE_OR_EMERGENCY
K233582:setting,K233582,setting,DIAGNOSTIC_INTERPRETATION
K233582:setting,K233582,setting,PROCEDURAL_OR_OPERATING_ROOM
K233582:action,K233582,action,INTERPRETATION_OR_DIAGNOSIS
K233582:action,K233582,action,TREATMENT_OR_PROCEDURE_PLANNING
K233590:input,K233590,input,MEDICAL_IMAGE
K233590:output,K233590,output,DOCUMENTATION_OR_SUMMARY
K233590:output,K233590,output,SEGMENTATION_OR_LOCALIZATION
K233590:user,K233590,user,OTHER_CLINICIAN
K233590:setting,K233590,setting,OTHER
K233590:action,K233590,action,WORKFLOW_OR_DOCUMENTATION
K233618:input,K233618,input,AUDIO_OR_VIDEO
K233618:output,K233618,output,CLASSIFICATION_OR_DIAGNOSIS
K233618:output,K233618,output,DOCUMENTATION_OR_SUMMARY
K233618:user,K233618,user,OTHER_CLINICIAN
K233618:setting,K233618,setting,INPATIENT
K233618:setting,K233618,setting,MONITORING
K233618:setting,K233618,setting,OTHER
K233618:action,K233618,action,MONITORING_OR_FOLLOW_UP
K233650:input,K233650,input,MEDICAL_IMAGE
K233650:output,K233650,output,CONTROL_OR_AUTOMATION
K233650:output,K233650,output,RECONSTRUCTION_OR_ENHANCEMENT
K233650:output,K233650,output,SEGMENTATION_OR_LOCALIZATION
K233650:user,K233650,user,OTHER_PHYSICIAN
K233650:user,K233650,user,RADIOLOGIST
K233650:user,K233650,user,TECHNOLOGIST_OR_OPERATOR
K233650:setting,K233650,setting,DIAGNOSTIC_INTERPRETATION
K233650:setting,K233650,setting,OTHER
K233650:setting,K233650,setting,PROCEDURAL_OR_OPERATING_ROOM
K233650:action,K233650,action,INTERPRETATION_OR_DIAGNOSIS
K233650:action,K233650,action,WORKFLOW_OR_DOCUMENTATION
K233657:input,K233657,input,MEDICAL_IMAGE
K233657:output,K233657,output,CONTROL_OR_AUTOMATION
K233657:output,K233657,output,RECONSTRUCTION_OR_ENHANCEMENT
K233657:output,K233657,output,SEGMENTATION_OR_LOCALIZATION
K233657:user,K233657,user,OTHER_PHYSICIAN
K233657:user,K233657,user,RADIOLOGIST
K233657:user,K233657,user,TECHNOLOGIST_OR_OPERATOR
K233657:setting,K233657,setting,DIAGNOSTIC_INTERPRETATION
K233657:setting,K233657,setting,PROCEDURAL_OR_OPERATING_ROOM
K233657:action,K233657,action,INTERPRETATION_OR_DIAGNOSIS
K233657:action,K233657,action,WORKFLOW_OR_DOCUMENTATION
K233666:input,K233666,input,CLINICAL_TABULAR_OR_TEXT
K233666:input,K233666,input,MULTIMODAL
K233666:input,K233666,input,PHYSIOLOGICAL_SIGNAL
K233666:output,K233666,output,CLASSIFICATION_OR_DIAGNOSIS
K233666:output,K233666,output,DOCUMENTATION_OR_SUMMARY
K233666:user,K233666,user,OTHER_CLINICIAN
K233666:user,K233666,user,OTHER_PHYSICIAN
K233666:setting,K233666,setting,DIAGNOSTIC_INTERPRETATION
K233666:setting,K233666,setting,OTHER
K233666:setting,K233666,setting,OUTPATIENT
K233666:action,K233666,action,INTERPRETATION_OR_DIAGNOSIS
K233673:input,K233673,input,MEDICAL_IMAGE
K233673:output,K233673,output,DETECTION_OR_ALERT
K233673:output,K233673,output,MEASUREMENT_OR_QUANTIFICATION
K233673:output,K233673,output,RECONSTRUCTION_OR_ENHANCEMENT
K233673:user,K233673,user,OTHER_PHYSICIAN
K233673:setting,K233673,setting,DIAGNOSTIC_INTERPRETATION
K233673:action,K233673,action,INTERPRETATION_OR_DIAGNOSIS
K233673:action,K233673,action,WORKFLOW_OR_DOCUMENTATION
K233676:input,K233676,input,CLINICAL_TABULAR_OR_TEXT
K233676:input,K233676,input,MEDICAL_IMAGE
K233676:input,K233676,input,MULTIMODAL
K233676:output,K233676,output,DOCUMENTATION_OR_SUMMARY
K233676:output,K233676,output,MEASUREMENT_OR_QUANTIFICATION
K233676:output,K233676,output,SEGMENTATION_OR_LOCALIZATION
K233676:user,K233676,user,OTHER_CLINICIAN
K233676:user,K233676,user,OTHER_PHYSICIAN
K233676:user,K233676,user,TECHNOLOGIST_OR_OPERATOR
K233676:setting,K233676,setting,DIAGNOSTIC_INTERPRETATION
K233676:action,K233676,action,INTERPRETATION_OR_DIAGNOSIS
K233676:action,K233676,action,WORKFLOW_OR_DOCUMENTATION
K233687:input,K233687,input,MEDICAL_IMAGE
K233687:output,K233687,output,CONTROL_OR_AUTOMATION
K233687:output,K233687,output,RECONSTRUCTION_OR_ENHANCEMENT
K233687:user,K233687,user,OTHER_PHYSICIAN
K233687:setting,K233687,setting,DIAGNOSTIC_INTERPRETATION
K233687:action,K233687,action,INTERPRETATION_OR_DIAGNOSIS
K233687:action,K233687,action,WORKFLOW_OR_DOCUMENTATION
K233698:input,K233698,input,MEDICAL_IMAGE
K233698:output,K233698,output,RECONSTRUCTION_OR_ENHANCEMENT
K233698:setting,K233698,setting,DIAGNOSTIC_INTERPRETATION
K233698:action,K233698,action,INTERPRETATION_OR_DIAGNOSIS
K233731:input,K233731,input,MEDICAL_IMAGE
K233731:output,K233731,output,DOCUMENTATION_OR_SUMMARY
K233731:output,K233731,output,MEASUREMENT_OR_QUANTIFICATION
K233731:output,K233731,output,OTHER
K233731:output,K233731,output,SEGMENTATION_OR_LOCALIZATION
K233731:user,K233731,user,OTHER_CLINICIAN
K233731:setting,K233731,setting,DIAGNOSTIC_INTERPRETATION
K233731:setting,K233731,setting,MONITORING
K233731:setting,K233731,setting,PROCEDURAL_OR_OPERATING_ROOM
K233731:action,K233731,action,INTERPRETATION_OR_DIAGNOSIS
K233731:action,K233731,action,MONITORING_OR_FOLLOW_UP
K233731:action,K233731,action,TREATMENT_OR_PROCEDURE_PLANNING
K233738:input,K233738,input,MEDICAL_IMAGE
K233738:output,K233738,output,DETECTION_OR_ALERT
K233738:output,K233738,output,SEGMENTATION_OR_LOCALIZATION
K233738:user,K233738,user,OTHER_CLINICIAN
K233738:setting,K233738,setting,DIAGNOSTIC_INTERPRETATION
K233738:setting,K233738,setting,OUTPATIENT
K233738:action,K233738,action,INTERPRETATION_OR_DIAGNOSIS
K233753:input,K233753,input,MEDICAL_IMAGE
K233753:output,K233753,output,MEASUREMENT_OR_QUANTIFICATION
K233753:output,K233753,output,SEGMENTATION_OR_LOCALIZATION
K233753:user,K233753,user,OTHER_PHYSICIAN
K233753:user,K233753,user,RADIOLOGIST
K233753:setting,K233753,setting,DIAGNOSTIC_INTERPRETATION
K233753:setting,K233753,setting,MONITORING
K233753:action,K233753,action,INTERPRETATION_OR_DIAGNOSIS
K233753:action,K233753,action,MONITORING_OR_FOLLOW_UP
K233755:input,K233755,input,PHYSIOLOGICAL_SIGNAL
K233755:output,K233755,output,CLASSIFICATION_OR_DIAGNOSIS
K233755:output,K233755,output,MEASUREMENT_OR_QUANTIFICATION
K233755:output,K233755,output,OTHER
K233755:user,K233755,user,OTHER_CLINICIAN
K233755:user,K233755,user,OTHER_PHYSICIAN
K233755:setting,K233755,setting,DIAGNOSTIC_INTERPRETATION
K233755:setting,K233755,setting,HOME_OR_CONSUMER
K233755:setting,K233755,setting,MONITORING
K233755:setting,K233755,setting,OTHER
K233755:action,K233755,action,INTERPRETATION_OR_DIAGNOSIS
K233755:action,K233755,action,MONITORING_OR_FOLLOW_UP
K233788:input,K233788,input,MEDICAL_IMAGE
K233788:output,K233788,output,CONTROL_OR_AUTOMATION
K233788:user,K233788,user,OTHER_CLINICIAN
K233788:user,K233788,user,OTHER_PHYSICIAN
K233788:user,K233788,user,TECHNOLOGIST_OR_OPERATOR
K233788:setting,K233788,setting,DIAGNOSTIC_INTERPRETATION
K233788:setting,K233788,setting,OTHER
K233788:action,K233788,action,WORKFLOW_OR_DOCUMENTATION
K233822:input,K233822,input,MEDICAL_IMAGE
K233822:output,K233822,output,DOCUMENTATION_OR_SUMMARY
K233822:output,K233822,output,MEASUREMENT_OR_QUANTIFICATION
K233822:output,K233822,output,SEGMENTATION_OR_LOCALIZATION
K233822:user,K233822,user,OTHER_CLINICIAN
K233822:setting,K233822,setting,DIAGNOSTIC_INTERPRETATION
K233822:setting,K233822,setting,MONITORING
K233822:action,K233822,action,INTERPRETATION_OR_DIAGNOSIS
K233822:action,K233822,action,MONITORING_OR_FOLLOW_UP
K233826:input,K233826,input,MEDICAL_IMAGE
K233826:output,K233826,output,CLASSIFICATION_OR_DIAGNOSIS
K233826:output,K233826,output,MEASUREMENT_OR_QUANTIFICATION
K233826:output,K233826,output,SEGMENTATION_OR_LOCALIZATION
K233826:user,K233826,user,OTHER_CLINICIAN
K233826:setting,K233826,setting,DIAGNOSTIC_INTERPRETATION
K233826:setting,K233826,setting,OTHER
K233826:action,K233826,action,INTERPRETATION_OR_DIAGNOSIS
K233826:action,K233826,action,WORKFLOW_OR_DOCUMENTATION
K233864:input,K233864,input,PHYSIOLOGICAL_SIGNAL
K233864:output,K233864,output,DETECTION_OR_ALERT
K233864:output,K233864,output,DOCUMENTATION_OR_SUMMARY
K233864:output,K233864,output,MEASUREMENT_OR_QUANTIFICATION
K233864:user,K233864,user,OTHER_CLINICIAN
K233864:user,K233864,user,PATIENT_OR_CAREGIVER
K233864:setting,K233864,setting,HOME_OR_CONSUMER
K233864:setting,K233864,setting,MONITORING
K233864:setting,K233864,setting,OTHER
K233864:action,K233864,action,INTERPRETATION_OR_DIAGNOSIS
K233864:action,K233864,action,MONITORING_OR_FOLLOW_UP
K233925:input,K233925,input,MEDICAL_IMAGE
K233925:input,K233925,input,MULTIMODAL
K233925:output,K233925,output,OTHER
K233925:output,K233925,output,SEGMENTATION_OR_LOCALIZATION
K233925:user,K233925,user,OTHER_CLINICIAN
K233925:setting,K233925,setting,PROCEDURAL_OR_OPERATING_ROOM
K233925:action,K233925,action,TREATMENT_OR_PROCEDURE_PLANNING
K233955:input,K233955,input,MEDICAL_IMAGE
K233955:output,K233955,output,MEASUREMENT_OR_QUANTIFICATION
K233955:output,K233955,output,SEGMENTATION_OR_LOCALIZATION
K233955:user,K233955,user,OTHER_CLINICIAN
K233955:setting,K233955,setting,DIAGNOSTIC_INTERPRETATION
K233955:setting,K233955,setting,OTHER
K233955:action,K233955,action,INTERPRETATION_OR_DIAGNOSIS
K233964:input,K233964,input,MEDICAL_IMAGE
K233964:output,K233964,output,DETECTION_OR_ALERT
K233964:output,K233964,output,SEGMENTATION_OR_LOCALIZATION
K233964:user,K233964,user,OTHER_PHYSICIAN
K233964:setting,K233964,setting,MONITORING
K233964:setting,K233964,setting,PROCEDURAL_OR_OPERATING_ROOM
K233964:setting,K233964,setting,SCREENING
K233964:action,K233964,action,INTERPRETATION_OR_DIAGNOSIS
K233968:input,K233968,input,MEDICAL_IMAGE
K233968:output,K233968,output,DETECTION_OR_ALERT
K233968:user,K233968,user,RADIOLOGIST
K233968:setting,K233968,setting,ACUTE_TRIAGE_OR_EMERGENCY
K233968:setting,K233968,setting,OTHER
K233968:action,K233968,action,TRIAGE_OR_PRIORITIZATION
K233977:input,K233977,input,MEDICAL_IMAGE
K233977:output,K233977,output,MEASUREMENT_OR_QUANTIFICATION
K233977:output,K233977,output,SEGMENTATION_OR_LOCALIZATION
K233977:user,K233977,user,OTHER_CLINICIAN
K233977:setting,K233977,setting,DIAGNOSTIC_INTERPRETATION
K233977:setting,K233977,setting,OTHER
K233977:action,K233977,action,INTERPRETATION_OR_DIAGNOSIS
K233977:action,K233977,action,WORKFLOW_OR_DOCUMENTATION
K233984:input,K233984,input,PHYSIOLOGICAL_SIGNAL
K233984:output,K233984,output,RECOMMENDATION_OR_PLANNING
K233984:output,K233984,output,RISK_SCORE_OR_PREDICTION
K233984:user,K233984,user,OTHER_CLINICIAN
K233984:setting,K233984,setting,MONITORING
K233984:setting,K233984,setting,PROCEDURAL_OR_OPERATING_ROOM
K233984:action,K233984,action,TREATMENT_OR_PROCEDURE_PLANNING
K233992:input,K233992,input,MEDICAL_IMAGE
K233992:output,K233992,output,OTHER
K233992:output,K233992,output,SEGMENTATION_OR_LOCALIZATION
K233992:user,K233992,user,OTHER_PHYSICIAN
K233992:setting,K233992,setting,PROCEDURAL_OR_OPERATING_ROOM
K233992:action,K233992,action,TREATMENT_OR_PROCEDURE_PLANNING
K233998:input,K233998,input,MEDICAL_IMAGE
K233998:input,K233998,input,MULTIMODAL
K233998:output,K233998,output,CLASSIFICATION_OR_DIAGNOSIS
K233998:output,K233998,output,DOCUMENTATION_OR_SUMMARY
K233998:output,K233998,output,MEASUREMENT_OR_QUANTIFICATION
K233998:output,K233998,output,SEGMENTATION_OR_LOCALIZATION
K233998:user,K233998,user,OTHER_CLINICIAN
K233998:user,K233998,user,OTHER_PHYSICIAN
K233998:user,K233998,user,RADIOLOGIST
K233998:user,K233998,user,TECHNOLOGIST_OR_OPERATOR
K233998:setting,K233998,setting,DIAGNOSTIC_INTERPRETATION
K233998:setting,K233998,setting,MONITORING
K233998:action,K233998,action,INTERPRETATION_OR_DIAGNOSIS
K233998:action,K233998,action,MONITORING_OR_FOLLOW_UP
K233998:action,K233998,action,REFERRAL_OR_ESCALATION
K234009:input,K234009,input,MEDICAL_IMAGE
K234009:output,K234009,output,OTHER
K234009:output,K234009,output,SEGMENTATION_OR_LOCALIZATION
K234009:setting,K234009,setting,DIAGNOSTIC_INTERPRETATION
K234009:setting,K234009,setting,PROCEDURAL_OR_OPERATING_ROOM
K234009:action,K234009,action,INTERPRETATION_OR_DIAGNOSIS
K234009:action,K234009,action,TREATMENT_OR_PROCEDURE_PLANNING
K234042:input,K234042,input,MEDICAL_IMAGE
K234042:output,K234042,output,MEASUREMENT_OR_QUANTIFICATION
K234042:user,K234042,user,RADIOLOGIST
K234042:setting,K234042,setting,DIAGNOSTIC_INTERPRETATION
K234042:setting,K234042,setting,OTHER
K234042:action,K234042,action,INTERPRETATION_OR_DIAGNOSIS
K234047:input,K234047,input,MEDICAL_IMAGE
K234047:input,K234047,input,MULTIMODAL
K234047:output,K234047,output,OTHER
K234047:setting,K234047,setting,PROCEDURAL_OR_OPERATING_ROOM
K234047:action,K234047,action,OTHER
K234047:action,K234047,action,WORKFLOW_OR_DOCUMENTATION
K234068:input,K234068,input,MEDICAL_IMAGE
K234068:input,K234068,input,MULTIMODAL
K234068:output,K234068,output,MEASUREMENT_OR_QUANTIFICATION
K234068:output,K234068,output,RECONSTRUCTION_OR_ENHANCEMENT
K234068:output,K234068,output,SEGMENTATION_OR_LOCALIZATION
K234068:user,K234068,user,OTHER_CLINICIAN
K234068:user,K234068,user,OTHER_PHYSICIAN
K234068:setting,K234068,setting,MONITORING
K234068:setting,K234068,setting,OTHER
K234068:setting,K234068,setting,PROCEDURAL_OR_OPERATING_ROOM
K234068:action,K234068,action,MONITORING_OR_FOLLOW_UP
K234068:action,K234068,action,TREATMENT_OR_PROCEDURE_PLANNING
K234141:input,K234141,input,MEDICAL_IMAGE
K234141:output,K234141,output,CLASSIFICATION_OR_DIAGNOSIS
K234141:output,K234141,output,DOCUMENTATION_OR_SUMMARY
K234141:output,K234141,output,MEASUREMENT_OR_QUANTIFICATION
K234141:user,K234141,user,OTHER_PHYSICIAN
K234141:setting,K234141,setting,DIAGNOSTIC_INTERPRETATION
K234141:setting,K234141,setting,OTHER
K234141:action,K234141,action,INTERPRETATION_OR_DIAGNOSIS
K234141:action,K234141,action,REFERRAL_OR_ESCALATION
K234154:input,K234154,input,MEDICAL_IMAGE
K234154:output,K234154,output,DETECTION_OR_ALERT
K234154:output,K234154,output,RECONSTRUCTION_OR_ENHANCEMENT
K234154:user,K234154,user,TECHNOLOGIST_OR_OPERATOR
K234154:setting,K234154,setting,DIAGNOSTIC_INTERPRETATION
K234154:setting,K234154,setting,OTHER
K234154:action,K234154,action,INTERPRETATION_OR_DIAGNOSIS
K234154:action,K234154,action,WORKFLOW_OR_DOCUMENTATION
K240003:input,K240003,input,MEDICAL_IMAGE
K240003:output,K240003,output,DETECTION_OR_ALERT
K240003:output,K240003,output,SEGMENTATION_OR_LOCALIZATION
K240003:user,K240003,user,OTHER_CLINICIAN
K240003:setting,K240003,setting,DIAGNOSTIC_INTERPRETATION
K240003:action,K240003,action,INTERPRETATION_OR_DIAGNOSIS
K240013:input,K240013,input,MEDICAL_IMAGE
K240013:output,K240013,output,CLASSIFICATION_OR_DIAGNOSIS
K240013:output,K240013,output,DOCUMENTATION_OR_SUMMARY
K240013:user,K240013,user,OTHER_CLINICIAN
K240013:setting,K240013,setting,DIAGNOSTIC_INTERPRETATION
K240013:action,K240013,action,INTERPRETATION_OR_DIAGNOSIS
K240036:input,K240036,input,CLINICAL_TABULAR_OR_TEXT
K240036:input,K240036,input,DEVICE_TELEMETRY_OR_OPERATIONAL
K240036:input,K240036,input,MEDICAL_IMAGE
K240036:input,K240036,input,MULTIMODAL
K240036:output,K240036,output,DOCUMENTATION_OR_SUMMARY
K240036:output,K240036,output,MEASUREMENT_OR_QUANTIFICATION
K240036:output,K240036,output,RISK_SCORE_OR_PREDICTION
K240036:output,K240036,output,SEGMENTATION_OR_LOCALIZATION
K240036:user,K240036,user,OTHER_CLINICIAN
K240036:user,K240036,user,OTHER_PHYSICIAN
K240036:setting,K240036,setting,DIAGNOSTIC_INTERPRETATION
K240036:setting,K240036,setting,MONITORING
K240036:setting,K240036,setting,OTHER
K240036:action,K240036,action,INTERPRETATION_OR_DIAGNOSIS
K240036:action,K240036,action,MONITORING_OR_FOLLOW_UP
K240036:action,K240036,action,WORKFLOW_OR_DOCUMENTATION
K240044:input,K240044,input,AUDIO_OR_VIDEO
K240044:output,K240044,output,DETECTION_OR_ALERT
K240044:output,K240044,output,SEGMENTATION_OR_LOCALIZATION
K240044:user,K240044,user,OTHER_PHYSICIAN
K240044:setting,K240044,setting,PROCEDURAL_OR_OPERATING_ROOM
K240044:setting,K240044,setting,SCREENING
K240044:action,K240044,action,INTERPRETATION_OR_DIAGNOSIS
K240058:input,K240058,input,MEDICAL_IMAGE
K240058:output,K240058,output,CLASSIFICATION_OR_DIAGNOSIS
K240058:user,K240058,user,OTHER_CLINICIAN
K240058:setting,K240058,setting,OTHER
K240058:setting,K240058,setting,SCREENING
K240058:action,K240058,action,INTERPRETATION_OR_DIAGNOSIS
K240062:input,K240062,input,MEDICAL_IMAGE
K240062:output,K240062,output,OTHER
K240062:output,K240062,output,SEGMENTATION_OR_LOCALIZATION
K240062:user,K240062,user,OTHER_PHYSICIAN
K240062:setting,K240062,setting,PROCEDURAL_OR_OPERATING_ROOM
K240062:action,K240062,action,OTHER
K240062:action,K240062,action,TREATMENT_OR_PROCEDURE_PLANNING
K240094:input,K240094,input,MEDICAL_IMAGE
K240094:output,K240094,output,OTHER
K240094:output,K240094,output,SEGMENTATION_OR_LOCALIZATION
K240094:user,K240094,user,OTHER_CLINICIAN
K240094:user,K240094,user,OTHER_PHYSICIAN
K240094:setting,K240094,setting,OTHER
K240094:setting,K240094,setting,PROCEDURAL_OR_OPERATING_ROOM
K240094:action,K240094,action,TREATMENT_OR_PROCEDURE_PLANNING
K240172:input,K240172,input,MEDICAL_IMAGE
K240172:output,K240172,output,MEASUREMENT_OR_QUANTIFICATION
K240172:output,K240172,output,OTHER
K240172:user,K240172,user,OTHER_PHYSICIAN
K240172:setting,K240172,setting,PROCEDURAL_OR_OPERATING_ROOM
K240172:action,K240172,action,TREATMENT_OR_PROCEDURE_PLANNING
K240200:input,K240200,input,MEDICAL_IMAGE
K240200:output,K240200,output,SEGMENTATION_OR_LOCALIZATION
K240200:user,K240200,user,OTHER_CLINICIAN
K240200:user,K240200,user,OTHER_PHYSICIAN
K240200:setting,K240200,setting,PROCEDURAL_OR_OPERATING_ROOM
K240200:action,K240200,action,TREATMENT_OR_PROCEDURE_PLANNING
K240238:input,K240238,input,MEDICAL_IMAGE
K240238:output,K240238,output,CONTROL_OR_AUTOMATION
K240238:output,K240238,output,RECONSTRUCTION_OR_ENHANCEMENT
K240238:user,K240238,user,OTHER_PHYSICIAN
K240238:user,K240238,user,TECHNOLOGIST_OR_OPERATOR
K240238:setting,K240238,setting,DIAGNOSTIC_INTERPRETATION
K240238:setting,K240238,setting,OTHER
K240238:action,K240238,action,INTERPRETATION_OR_DIAGNOSIS
K240238:action,K240238,action,THERAPY_DOSE_OR_DEVICE_CONTROL
K240238:action,K240238,action,WORKFLOW_OR_DOCUMENTATION
K240285:input,K240285,input,PHYSIOLOGICAL_SIGNAL
K240285:output,K240285,output,CLASSIFICATION_OR_DIAGNOSIS
K240285:output,K240285,output,DOCUMENTATION_OR_SUMMARY
K240285:output,K240285,output,MEASUREMENT_OR_QUANTIFICATION
K240285:user,K240285,user,OTHER_CLINICIAN
K240285:user,K240285,user,PATIENT_OR_CAREGIVER
K240285:setting,K240285,setting,DIAGNOSTIC_INTERPRETATION
K240285:setting,K240285,setting,HOME_OR_CONSUMER
K240285:setting,K240285,setting,MONITORING
K240285:setting,K240285,setting,OUTPATIENT
K240285:action,K240285,action,INTERPRETATION_OR_DIAGNOSIS
K240290:input,K240290,input,MEDICAL_IMAGE
K240290:output,K240290,output,RECONSTRUCTION_OR_ENHANCEMENT
K240290:user,K240290,user,RADIOLOGIST
K240290:setting,K240290,setting,DIAGNOSTIC_INTERPRETATION
K240290:setting,K240290,setting,OTHER
K240290:action,K240290,action,INTERPRETATION_OR_DIAGNOSIS
K240291:input,K240291,input,MEDICAL_IMAGE
K240291:output,K240291,output,DETECTION_OR_ALERT
K240291:user,K240291,user,OTHER_PHYSICIAN
K240291:user,K240291,user,RADIOLOGIST
K240291:setting,K240291,setting,ACUTE_TRIAGE_OR_EMERGENCY
K240291:setting,K240291,setting,OTHER
K240291:action,K240291,action,TRIAGE_OR_PRIORITIZATION
K240301:input,K240301,input,MEDICAL_IMAGE
K240301:input,K240301,input,MULTIMODAL
K240301:output,K240301,output,CLASSIFICATION_OR_DIAGNOSIS
K240301:output,K240301,output,DETECTION_OR_ALERT
K240301:output,K240301,output,DOCUMENTATION_OR_SUMMARY
K240301:output,K240301,output,MEASUREMENT_OR_QUANTIFICATION
K240301:output,K240301,output,SEGMENTATION_OR_LOCALIZATION
K240301:user,K240301,user,RADIOLOGIST
K240301:setting,K240301,setting,DIAGNOSTIC_INTERPRETATION
K240301:setting,K240301,setting,SCREENING
K240301:action,K240301,action,INTERPRETATION_OR_DIAGNOSIS
K240301:action,K240301,action,WORKFLOW_OR_DOCUMENTATION
K240353:input,K240353,input,MEDICAL_IMAGE
K240353:output,K240353,output,DETECTION_OR_ALERT
K240353:user,K240353,user,OTHER_CLINICIAN
K240353:user,K240353,user,OTHER_PHYSICIAN
K240353:user,K240353,user,RADIOLOGIST
K240353:setting,K240353,setting,ACUTE_TRIAGE_OR_EMERGENCY
K240353:action,K240353,action,TRIAGE_OR_PRIORITIZATION
K240369:input,K240369,input,MEDICAL_IMAGE
K240369:output,K240369,output,CLASSIFICATION_OR_DIAGNOSIS
K240369:output,K240369,output,MEASUREMENT_OR_QUANTIFICATION
K240369:output,K240369,output,SEGMENTATION_OR_LOCALIZATION
K240369:user,K240369,user,OTHER_PHYSICIAN
K240369:setting,K240369,setting,DIAGNOSTIC_INTERPRETATION
K240369:setting,K240369,setting,OTHER
K240369:action,K240369,action,INTERPRETATION_OR_DIAGNOSIS
K240398:input,K240398,input,CLINICAL_TABULAR_OR_TEXT
K240398:input,K240398,input,DEVICE_TELEMETRY_OR_OPERATIONAL
K240398:input,K240398,input,MEDICAL_IMAGE
K240398:input,K240398,input,MULTIMODAL
K240398:output,K240398,output,MEASUREMENT_OR_QUANTIFICATION
K240398:output,K240398,output,RECOMMENDATION_OR_PLANNING
K240398:output,K240398,output,RECONSTRUCTION_OR_ENHANCEMENT
K240398:output,K240398,output,SEGMENTATION_OR_LOCALIZATION
K240398:user,K240398,user,OTHER_CLINICIAN
K240398:setting,K240398,setting,MONITORING
K240398:setting,K240398,setting,PROCEDURAL_OR_OPERATING_ROOM
K240398:action,K240398,action,MONITORING_OR_FOLLOW_UP
K240398:action,K240398,action,TREATMENT_OR_PROCEDURE_PLANNING
K240406:input,K240406,input,MEDICAL_IMAGE
K240406:output,K240406,output,CLASSIFICATION_OR_DIAGNOSIS
K240406:output,K240406,output,DETECTION_OR_ALERT
K240406:user,K240406,user,OTHER_PHYSICIAN
K240406:user,K240406,user,TECHNOLOGIST_OR_OPERATOR
K240406:setting,K240406,setting,DIAGNOSTIC_INTERPRETATION
K240406:setting,K240406,setting,OTHER
K240406:action,K240406,action,INTERPRETATION_OR_DIAGNOSIS
K240406:action,K240406,action,WORKFLOW_OR_DOCUMENTATION
K240408:input,K240408,input,PHYSIOLOGICAL_SIGNAL
K240408:output,K240408,output,DETECTION_OR_ALERT
K240408:output,K240408,output,MEASUREMENT_OR_QUANTIFICATION
K240408:output,K240408,output,OTHER
K240408:user,K240408,user,OTHER_CLINICIAN
K240408:user,K240408,user,OTHER_PHYSICIAN
K240408:setting,K240408,setting,MONITORING
K240408:setting,K240408,setting,OTHER
K240408:action,K240408,action,INTERPRETATION_OR_DIAGNOSIS
K240408:action,K240408,action,MONITORING_OR_FOLLOW_UP
K240411:input,K240411,input,MEDICAL_IMAGE
K240411:output,K240411,output,OTHER
K240411:output,K240411,output,SEGMENTATION_OR_LOCALIZATION
K240411:user,K240411,user,OTHER_PHYSICIAN
K240411:setting,K240411,setting,DIAGNOSTIC_INTERPRETATION
K240411:setting,K240411,setting,OTHER
K240411:action,K240411,action,INTERPRETATION_OR_DIAGNOSIS
K240417:input,K240417,input,MEDICAL_IMAGE
K240417:output,K240417,output,CLASSIFICATION_OR_DIAGNOSIS
K240417:output,K240417,output,DETECTION_OR_ALERT
K240417:output,K240417,output,SEGMENTATION_OR_LOCALIZATION
K240417:user,K240417,user,RADIOLOGIST
K240417:setting,K240417,setting,DIAGNOSTIC_INTERPRETATION
K240417:setting,K240417,setting,SCREENING
K240417:action,K240417,action,INTERPRETATION_OR_DIAGNOSIS
K240465:input,K240465,input,MEDICAL_IMAGE
K240465:output,K240465,output,RECONSTRUCTION_OR_ENHANCEMENT
K240465:user,K240465,user,OTHER_PHYSICIAN
K240465:setting,K240465,setting,DIAGNOSTIC_INTERPRETATION
K240465:setting,K240465,setting,PROCEDURAL_OR_OPERATING_ROOM
K240465:action,K240465,action,INTERPRETATION_OR_DIAGNOSIS
K240465:action,K240465,action,OTHER
K240516:input,K240516,input,MEDICAL_IMAGE
K240516:output,K240516,output,MEASUREMENT_OR_QUANTIFICATION
K240516:output,K240516,output,SEGMENTATION_OR_LOCALIZATION
K240516:user,K240516,user,OTHER_CLINICIAN
K240516:setting,K240516,setting,DIAGNOSTIC_INTERPRETATION
K240516:setting,K240516,setting,OTHER
K240516:setting,K240516,setting,OUTPATIENT
K240516:action,K240516,action,INTERPRETATION_OR_DIAGNOSIS
K240553:input,K240553,input,MEDICAL_IMAGE
K240553:output,K240553,output,MEASUREMENT_OR_QUANTIFICATION
K240553:output,K240553,output,OTHER
K240553:setting,K240553,setting,DIAGNOSTIC_INTERPRETATION
K240553:setting,K240553,setting,OTHER
K240553:action,K240553,action,INTERPRETATION_OR_DIAGNOSIS
K240554:input,K240554,input,MEDICAL_IMAGE
K240554:output,K240554,output,CLASSIFICATION_OR_DIAGNOSIS
K240554:output,K240554,output,DETECTION_OR_ALERT
K240554:output,K240554,output,DOCUMENTATION_OR_SUMMARY
K240554:output,K240554,output,MEASUREMENT_OR_QUANTIFICATION
K240554:output,K240554,output,SEGMENTATION_OR_LOCALIZATION
K240554:user,K240554,user,RADIOLOGIST
K240554:setting,K240554,setting,DIAGNOSTIC_INTERPRETATION
K240554:setting,K240554,setting,MONITORING
K240554:setting,K240554,setting,OTHER
K240554:setting,K240554,setting,SCREENING
K240554:action,K240554,action,INTERPRETATION_OR_DIAGNOSIS
K240554:action,K240554,action,MONITORING_OR_FOLLOW_UP
K240555:input,K240555,input,AUDIO_OR_VIDEO
K240555:output,K240555,output,DETECTION_OR_ALERT
K240555:user,K240555,user,OTHER_CLINICIAN
K240555:user,K240555,user,PATIENT_OR_CAREGIVER
K240555:setting,K240555,setting,DIAGNOSTIC_INTERPRETATION
K240555:setting,K240555,setting,HOME_OR_CONSUMER
K240555:setting,K240555,setting,OTHER
K240555:action,K240555,action,INTERPRETATION_OR_DIAGNOSIS
K240555:action,K240555,action,REFERRAL_OR_ESCALATION
K240582:input,K240582,input,MEDICAL_IMAGE
K240582:output,K240582,output,MEASUREMENT_OR_QUANTIFICATION
K240582:output,K240582,output,SEGMENTATION_OR_LOCALIZATION
K240582:user,K240582,user,OTHER_CLINICIAN
K240582:setting,K240582,setting,DIAGNOSTIC_INTERPRETATION
K240582:setting,K240582,setting,PROCEDURAL_OR_OPERATING_ROOM
K240582:action,K240582,action,INTERPRETATION_OR_DIAGNOSIS
K240582:action,K240582,action,TREATMENT_OR_PROCEDURE_PLANNING
K240612:input,K240612,input,MEDICAL_IMAGE
K240612:output,K240612,output,DETECTION_OR_ALERT
K240612:user,K240612,user,OTHER_CLINICIAN
K240612:setting,K240612,setting,DIAGNOSTIC_INTERPRETATION
K240612:action,K240612,action,INTERPRETATION_OR_DIAGNOSIS
K240612:action,K240612,action,TRIAGE_OR_PRIORITIZATION
K240631:input,K240631,input,MEDICAL_IMAGE
K240631:output,K240631,output,SEGMENTATION_OR_LOCALIZATION
K240631:user,K240631,user,OTHER_CLINICIAN
K240631:setting,K240631,setting,DIAGNOSTIC_INTERPRETATION
K240631:setting,K240631,setting,OUTPATIENT
K240631:action,K240631,action,INTERPRETATION_OR_DIAGNOSIS
K240642:input,K240642,input,MEDICAL_IMAGE
K240642:output,K240642,output,MEASUREMENT_OR_QUANTIFICATION
K240642:output,K240642,output,SEGMENTATION_OR_LOCALIZATION
K240642:user,K240642,user,OTHER_CLINICIAN
K240642:setting,K240642,setting,DIAGNOSTIC_INTERPRETATION
K240642:setting,K240642,setting,OUTPATIENT
K240642:setting,K240642,setting,PROCEDURAL_OR_OPERATING_ROOM
K240642:action,K240642,action,INTERPRETATION_OR_DIAGNOSIS
K240642:action,K240642,action,TREATMENT_OR_PROCEDURE_PLANNING
K240645:input,K240645,input,MEDICAL_IMAGE
K240645:output,K240645,output,MEASUREMENT_OR_QUANTIFICATION
K240645:user,K240645,user,OTHER_PHYSICIAN
K240645:setting,K240645,setting,DIAGNOSTIC_INTERPRETATION
K240645:setting,K240645,setting,OUTPATIENT
K240645:action,K240645,action,INTERPRETATION_OR_DIAGNOSIS
K240680:input,K240680,input,MEDICAL_IMAGE
K240680:output,K240680,output,MEASUREMENT_OR_QUANTIFICATION
K240680:output,K240680,output,SEGMENTATION_OR_LOCALIZATION
K240680:user,K240680,user,OTHER_CLINICIAN
K240680:user,K240680,user,OTHER_PHYSICIAN
K240680:user,K240680,user,RADIOLOGIST
K240680:setting,K240680,setting,DIAGNOSTIC_INTERPRETATION
K240680:setting,K240680,setting,MONITORING
K240680:action,K240680,action,INTERPRETATION_OR_DIAGNOSIS
K240680:action,K240680,action,MONITORING_OR_FOLLOW_UP
K240697:input,K240697,input,MEDICAL_IMAGE
K240697:output,K240697,output,CLASSIFICATION_OR_DIAGNOSIS
K240697:output,K240697,output,DOCUMENTATION_OR_SUMMARY
K240697:output,K240697,output,SEGMENTATION_OR_LOCALIZATION
K240697:user,K240697,user,OTHER_PHYSICIAN
K240697:user,K240697,user,TECHNOLOGIST_OR_OPERATOR
K240697:setting,K240697,setting,DIAGNOSTIC_INTERPRETATION
K240697:action,K240697,action,INTERPRETATION_OR_DIAGNOSIS
K240697:action,K240697,action,WORKFLOW_OR_DOCUMENTATION
K240704:input,K240704,input,MEDICAL_IMAGE
K240704:output,K240704,output,MEASUREMENT_OR_QUANTIFICATION
K240704:user,K240704,user,OTHER_CLINICIAN
K240704:user,K240704,user,OTHER_PHYSICIAN
K240704:setting,K240704,setting,DIAGNOSTIC_INTERPRETATION
K240704:action,K240704,action,INTERPRETATION_OR_DIAGNOSIS
K240712:input,K240712,input,MEDICAL_IMAGE
K240712:output,K240712,output,CLASSIFICATION_OR_DIAGNOSIS
K240712:output,K240712,output,DETECTION_OR_ALERT
K240712:output,K240712,output,MEASUREMENT_OR_QUANTIFICATION
K240712:output,K240712,output,SEGMENTATION_OR_LOCALIZATION
K240712:user,K240712,user,RADIOLOGIST
K240712:setting,K240712,setting,DIAGNOSTIC_INTERPRETATION
K240712:setting,K240712,setting,MONITORING
K240712:action,K240712,action,INTERPRETATION_OR_DIAGNOSIS
K240712:action,K240712,action,MONITORING_OR_FOLLOW_UP
K240736:input,K240736,input,MEDICAL_IMAGE
K240736:output,K240736,output,MEASUREMENT_OR_QUANTIFICATION
K240736:output,K240736,output,SEGMENTATION_OR_LOCALIZATION
K240736:user,K240736,user,OTHER_CLINICIAN
K240736:setting,K240736,setting,DIAGNOSTIC_INTERPRETATION
K240736:setting,K240736,setting,OUTPATIENT
K240736:setting,K240736,setting,PROCEDURAL_OR_OPERATING_ROOM
K240736:action,K240736,action,INTERPRETATION_OR_DIAGNOSIS
K240736:action,K240736,action,TREATMENT_OR_PROCEDURE_PLANNING
K240740:input,K240740,input,MEDICAL_IMAGE
K240740:output,K240740,output,MEASUREMENT_OR_QUANTIFICATION
K240740:output,K240740,output,SEGMENTATION_OR_LOCALIZATION
K240740:user,K240740,user,OTHER_PHYSICIAN
K240740:user,K240740,user,RADIOLOGIST
K240740:setting,K240740,setting,DIAGNOSTIC_INTERPRETATION
K240740:setting,K240740,setting,MONITORING
K240740:action,K240740,action,INTERPRETATION_OR_DIAGNOSIS
K240740:action,K240740,action,MONITORING_OR_FOLLOW_UP
K240769:input,K240769,input,MEDICAL_IMAGE
K240769:output,K240769,output,CLASSIFICATION_OR_DIAGNOSIS
K240769:output,K240769,output,MEASUREMENT_OR_QUANTIFICATION
K240769:setting,K240769,setting,OTHER
K240769:action,K240769,action,OTHER
K240773:input,K240773,input,MEDICAL_IMAGE
K240773:output,K240773,output,SEGMENTATION_OR_LOCALIZATION
K240773:user,K240773,user,OTHER_PHYSICIAN
K240773:setting,K240773,setting,PROCEDURAL_OR_OPERATING_ROOM
K240773:action,K240773,action,TREATMENT_OR_PROCEDURE_PLANNING
K240781:input,K240781,input,AUDIO_OR_VIDEO
K240781:output,K240781,output,DETECTION_OR_ALERT
K240781:output,K240781,output,SEGMENTATION_OR_LOCALIZATION
K240781:user,K240781,user,OTHER_PHYSICIAN
K240781:setting,K240781,setting,MONITORING
K240781:setting,K240781,setting,PROCEDURAL_OR_OPERATING_ROOM
K240781:setting,K240781,setting,SCREENING
K240781:action,K240781,action,INTERPRETATION_OR_DIAGNOSIS
K240791:input,K240791,input,MEDICAL_IMAGE
K240791:output,K240791,output,MEASUREMENT_OR_QUANTIFICATION
K240791:output,K240791,output,SEGMENTATION_OR_LOCALIZATION
K240791:user,K240791,user,OTHER_PHYSICIAN
K240791:user,K240791,user,RADIOLOGIST
K240791:user,K240791,user,TECHNOLOGIST_OR_OPERATOR
K240791:setting,K240791,setting,DIAGNOSTIC_INTERPRETATION
K240791:setting,K240791,setting,PROCEDURAL_OR_OPERATING_ROOM
K240791:action,K240791,action,INTERPRETATION_OR_DIAGNOSIS
K240791:action,K240791,action,TREATMENT_OR_PROCEDURE_PLANNING
K240793:input,K240793,input,MEDICAL_IMAGE
K240793:output,K240793,output,DOCUMENTATION_OR_SUMMARY
K240793:output,K240793,output,MEASUREMENT_OR_QUANTIFICATION
K240793:output,K240793,output,SEGMENTATION_OR_LOCALIZATION
K240793:user,K240793,user,OTHER_PHYSICIAN
K240793:user,K240793,user,RADIOLOGIST
K240793:setting,K240793,setting,DIAGNOSTIC_INTERPRETATION
K240793:action,K240793,action,INTERPRETATION_OR_DIAGNOSIS
K240793:action,K240793,action,WORKFLOW_OR_DOCUMENTATION
K240795:input,K240795,input,PHYSIOLOGICAL_SIGNAL
K240795:output,K240795,output,CLASSIFICATION_OR_DIAGNOSIS
K240795:user,K240795,user,OTHER_CLINICIAN
K240795:user,K240795,user,PATIENT_OR_CAREGIVER
K240795:setting,K240795,setting,HOME_OR_CONSUMER
K240795:action,K240795,action,INTERPRETATION_OR_DIAGNOSIS
K240795:action,K240795,action,REFERRAL_OR_ESCALATION
K240845:input,K240845,input,MEDICAL_IMAGE
K240845:output,K240845,output,DETECTION_OR_ALERT
K240845:output,K240845,output,SEGMENTATION_OR_LOCALIZATION
K240845:user,K240845,user,OTHER_PHYSICIAN
K240845:user,K240845,user,RADIOLOGIST
K240845:setting,K240845,setting,DIAGNOSTIC_INTERPRETATION
K240845:action,K240845,action,INTERPRETATION_OR_DIAGNOSIS
K240850:input,K240850,input,MEDICAL_IMAGE
K240850:output,K240850,output,CLASSIFICATION_OR_DIAGNOSIS
K240850:output,K240850,output,MEASUREMENT_OR_QUANTIFICATION
K240850:user,K240850,user,OTHER_PHYSICIAN
K240850:user,K240850,user,TECHNOLOGIST_OR_OPERATOR
K240850:setting,K240850,setting,DIAGNOSTIC_INTERPRETATION
K240850:setting,K240850,setting,OUTPATIENT
K240850:action,K240850,action,INTERPRETATION_OR_DIAGNOSIS
K240850:action,K240850,action,WORKFLOW_OR_DOCUMENTATION
K240860:input,K240860,input,MEDICAL_IMAGE
K240860:output,K240860,output,CLASSIFICATION_OR_DIAGNOSIS
K240860:user,K240860,user,OTHER_PHYSICIAN
K240860:setting,K240860,setting,SCREENING
K240860:action,K240860,action,INTERPRETATION_OR_DIAGNOSIS
K240860:action,K240860,action,REFERRAL_OR_ESCALATION
K240926:input,K240926,input,MEDICAL_IMAGE
K240926:output,K240926,output,SEGMENTATION_OR_LOCALIZATION
K240926:user,K240926,user,OTHER_CLINICIAN
K240926:user,K240926,user,OTHER_PHYSICIAN
K240926:setting,K240926,setting,PROCEDURAL_OR_OPERATING_ROOM
K240926:action,K240926,action,TREATMENT_OR_PROCEDURE_PLANNING
K240929:input,K240929,input,PHYSIOLOGICAL_SIGNAL
K240929:output,K240929,output,DETECTION_OR_ALERT
K240929:output,K240929,output,MEASUREMENT_OR_QUANTIFICATION
K240929:user,K240929,user,PATIENT_OR_CAREGIVER
K240929:setting,K240929,setting,HOME_OR_CONSUMER
K240929:setting,K240929,setting,SCREENING
K240942:input,K240942,input,MEDICAL_IMAGE
K240942:output,K240942,output,DETECTION_OR_ALERT
K240942:user,K240942,user,OTHER_PHYSICIAN
K240942:setting,K240942,setting,ACUTE_TRIAGE_OR_EMERGENCY
K240942:setting,K240942,setting,DIAGNOSTIC_INTERPRETATION
K240942:action,K240942,action,INTERPRETATION_OR_DIAGNOSIS
K240942:action,K240942,action,TRIAGE_OR_PRIORITIZATION
K240943:input,K240943,input,MEDICAL_IMAGE
K240943:output,K240943,output,RECONSTRUCTION_OR_ENHANCEMENT
K240943:setting,K240943,setting,PROCEDURAL_OR_OPERATING_ROOM
K240943:action,K240943,action,TREATMENT_OR_PROCEDURE_PLANNING
K240944:input,K240944,input,MEDICAL_IMAGE
K240944:output,K240944,output,RECONSTRUCTION_OR_ENHANCEMENT
K240944:user,K240944,user,OTHER_PHYSICIAN
K240944:setting,K240944,setting,ACUTE_TRIAGE_OR_EMERGENCY
K240944:setting,K240944,setting,DIAGNOSTIC_INTERPRETATION
K240944:setting,K240944,setting,INPATIENT
K240944:setting,K240944,setting,OUTPATIENT
K240944:action,K240944,action,INTERPRETATION_OR_DIAGNOSIS
K240953:input,K240953,input,MEDICAL_IMAGE
K240953:output,K240953,output,DETECTION_OR_ALERT
K240953:output,K240953,output,MEASUREMENT_OR_QUANTIFICATION
K240953:user,K240953,user,OTHER_CLINICIAN
K240953:setting,K240953,setting,DIAGNOSTIC_INTERPRETATION
K240953:setting,K240953,setting,OTHER
K240953:action,K240953,action,INTERPRETATION_OR_DIAGNOSIS
K240953:action,K240953,action,OTHER
K240980:input,K240980,input,MEDICAL_IMAGE
K240980:output,K240980,output,MEASUREMENT_OR_QUANTIFICATION
K240980:output,K240980,output,SEGMENTATION_OR_LOCALIZATION
K240980:user,K240980,user,OTHER_PHYSICIAN
K240980:user,K240980,user,TECHNOLOGIST_OR_OPERATOR
K240980:setting,K240980,setting,DIAGNOSTIC_INTERPRETATION
K240980:setting,K240980,setting,OUTPATIENT
K240980:action,K240980,action,INTERPRETATION_OR_DIAGNOSIS
K240993:input,K240993,input,PHYSIOLOGICAL_SIGNAL
K240993:output,K240993,output,DETECTION_OR_ALERT
K240993:output,K240993,output,MEASUREMENT_OR_QUANTIFICATION
K240993:user,K240993,user,OTHER_CLINICIAN
K240993:user,K240993,user,OTHER_PHYSICIAN
K240993:setting,K240993,setting,ACUTE_TRIAGE_OR_EMERGENCY
K240993:setting,K240993,setting,MONITORING
K240993:action,K240993,action,INTERPRETATION_OR_DIAGNOSIS
K240993:action,K240993,action,MONITORING_OR_FOLLOW_UP
K240993:action,K240993,action,TREATMENT_OR_PROCEDURE_PLANNING
K241009:input,K241009,input,PHYSIOLOGICAL_SIGNAL
K241009:output,K241009,output,DETECTION_OR_ALERT
K241009:output,K241009,output,DOCUMENTATION_OR_SUMMARY
K241009:output,K241009,output,MEASUREMENT_OR_QUANTIFICATION
K241009:user,K241009,user,OTHER_CLINICIAN
K241009:setting,K241009,setting,MONITORING
K241009:action,K241009,action,INTERPRETATION_OR_DIAGNOSIS
K241009:action,K241009,action,MONITORING_OR_FOLLOW_UP
K241029:input,K241029,input,MEDICAL_IMAGE
K241029:output,K241029,output,MEASUREMENT_OR_QUANTIFICATION
K241029:output,K241029,output,SEGMENTATION_OR_LOCALIZATION
K241029:user,K241029,user,OTHER_CLINICIAN
K241029:user,K241029,user,RADIOLOGIST
K241029:setting,K241029,setting,DIAGNOSTIC_INTERPRETATION
K241029:setting,K241029,setting,OUTPATIENT
K241029:action,K241029,action,INTERPRETATION_OR_DIAGNOSIS
K241038:input,K241038,input,MEDICAL_IMAGE
K241038:output,K241038,output,MEASUREMENT_OR_QUANTIFICATION
K241038:output,K241038,output,SEGMENTATION_OR_LOCALIZATION
K241038:user,K241038,user,OTHER_CLINICIAN
K241038:user,K241038,user,OTHER_PHYSICIAN
K241038:setting,K241038,setting,DIAGNOSTIC_INTERPRETATION
K241038:action,K241038,action,INTERPRETATION_OR_DIAGNOSIS
K241079:input,K241079,input,MEDICAL_IMAGE
K241079:output,K241079,output,RECONSTRUCTION_OR_ENHANCEMENT
K241079:user,K241079,user,OTHER_CLINICIAN
K241079:user,K241079,user,RADIOLOGIST
K241079:user,K241079,user,TECHNOLOGIST_OR_OPERATOR
K241079:setting,K241079,setting,DIAGNOSTIC_INTERPRETATION
K241079:setting,K241079,setting,SCREENING
K241079:action,K241079,action,INTERPRETATION_OR_DIAGNOSIS
K241079:action,K241079,action,OTHER
K241083:input,K241083,input,MEDICAL_IMAGE
K241083:output,K241083,output,SEGMENTATION_OR_LOCALIZATION
K241083:user,K241083,user,OTHER_PHYSICIAN
K241083:user,K241083,user,RADIOLOGIST
K241083:setting,K241083,setting,PROCEDURAL_OR_OPERATING_ROOM
K241083:action,K241083,action,TREATMENT_OR_PROCEDURE_PLANNING
K241098:input,K241098,input,MEDICAL_IMAGE
K241098:output,K241098,output,DOCUMENTATION_OR_SUMMARY
K241098:output,K241098,output,MEASUREMENT_OR_QUANTIFICATION
K241098:output,K241098,output,SEGMENTATION_OR_LOCALIZATION
K241098:user,K241098,user,OTHER_PHYSICIAN
K241098:user,K241098,user,RADIOLOGIST
K241098:setting,K241098,setting,DIAGNOSTIC_INTERPRETATION
K241098:setting,K241098,setting,OTHER
K241098:action,K241098,action,INTERPRETATION_OR_DIAGNOSIS
K241098:action,K241098,action,MONITORING_OR_FOLLOW_UP
K241108:input,K241108,input,MEDICAL_IMAGE
K241108:output,K241108,output,DOCUMENTATION_OR_SUMMARY
K241108:output,K241108,output,MEASUREMENT_OR_QUANTIFICATION
K241108:output,K241108,output,SEGMENTATION_OR_LOCALIZATION
K241108:user,K241108,user,OTHER_PHYSICIAN
K241108:user,K241108,user,RADIOLOGIST
K241108:setting,K241108,setting,DIAGNOSTIC_INTERPRETATION
K241108:action,K241108,action,INTERPRETATION_OR_DIAGNOSIS
K241108:action,K241108,action,TREATMENT_OR_PROCEDURE_PLANNING
K241108:action,K241108,action,WORKFLOW_OR_DOCUMENTATION
K241112:input,K241112,input,MEDICAL_IMAGE
K241112:output,K241112,output,MEASUREMENT_OR_QUANTIFICATION
K241112:user,K241112,user,OTHER_CLINICIAN
K241112:user,K241112,user,RADIOLOGIST
K241112:setting,K241112,setting,DIAGNOSTIC_INTERPRETATION
K241112:action,K241112,action,INTERPRETATION_OR_DIAGNOSIS
K241121:input,K241121,input,MEDICAL_IMAGE
K241121:output,K241121,output,MEASUREMENT_OR_QUANTIFICATION
K241121:output,K241121,output,RECONSTRUCTION_OR_ENHANCEMENT
K241121:user,K241121,user,RADIOLOGIST
K241121:setting,K241121,setting,DIAGNOSTIC_INTERPRETATION
K241121:setting,K241121,setting,OUTPATIENT
K241121:action,K241121,action,INTERPRETATION_OR_DIAGNOSIS
K241166:input,K241166,input,MEDICAL_IMAGE
K241166:output,K241166,output,RECOMMENDATION_OR_PLANNING
K241166:output,K241166,output,RECONSTRUCTION_OR_ENHANCEMENT
K241166:user,K241166,user,OTHER_CLINICIAN
K241166:setting,K241166,setting,DIAGNOSTIC_INTERPRETATION
K241166:setting,K241166,setting,OTHER
K241166:action,K241166,action,INTERPRETATION_OR_DIAGNOSIS
K241166:action,K241166,action,OTHER
K241197:input,K241197,input,PHYSIOLOGICAL_SIGNAL
K241197:output,K241197,output,CLASSIFICATION_OR_DIAGNOSIS
K241197:output,K241197,output,DETECTION_OR_ALERT
K241197:output,K241197,output,MEASUREMENT_OR_QUANTIFICATION
K241197:user,K241197,user,OTHER_CLINICIAN
K241197:user,K241197,user,OTHER_PHYSICIAN
K241197:user,K241197,user,TECHNOLOGIST_OR_OPERATOR
K241197:setting,K241197,setting,DIAGNOSTIC_INTERPRETATION
K241197:setting,K241197,setting,MONITORING
K241197:setting,K241197,setting,OUTPATIENT
K241197:action,K241197,action,INTERPRETATION_OR_DIAGNOSIS
K241200:input,K241200,input,MEDICAL_IMAGE
K241200:output,K241200,output,RECONSTRUCTION_OR_ENHANCEMENT
K241200:setting,K241200,setting,DIAGNOSTIC_INTERPRETATION
K241200:action,K241200,action,INTERPRETATION_OR_DIAGNOSIS
K241200:action,K241200,action,TREATMENT_OR_PROCEDURE_PLANNING
K241211:input,K241211,input,MEDICAL_IMAGE
K241211:output,K241211,output,DETECTION_OR_ALERT
K241211:output,K241211,output,DOCUMENTATION_OR_SUMMARY
K241211:output,K241211,output,MEASUREMENT_OR_QUANTIFICATION
K241211:output,K241211,output,SEGMENTATION_OR_LOCALIZATION
K241211:user,K241211,user,OTHER_PHYSICIAN
K241211:user,K241211,user,RADIOLOGIST
K241211:setting,K241211,setting,DIAGNOSTIC_INTERPRETATION
K241211:action,K241211,action,INTERPRETATION_OR_DIAGNOSIS
K241211:action,K241211,action,WORKFLOW_OR_DOCUMENTATION
K241222:input,K241222,input,DEVICE_TELEMETRY_OR_OPERATIONAL
K241222:input,K241222,input,MEDICAL_IMAGE
K241222:input,K241222,input,MULTIMODAL
K241222:output,K241222,output,DOCUMENTATION_OR_SUMMARY
K241222:output,K241222,output,MEASUREMENT_OR_QUANTIFICATION
K241222:output,K241222,output,SEGMENTATION_OR_LOCALIZATION
K241222:user,K241222,user,OTHER_CLINICIAN
K241222:setting,K241222,setting,DIAGNOSTIC_INTERPRETATION
K241222:action,K241222,action,INTERPRETATION_OR_DIAGNOSIS
K241232:input,K241232,input,MEDICAL_IMAGE
K241232:output,K241232,output,CLASSIFICATION_OR_DIAGNOSIS
K241232:output,K241232,output,DETECTION_OR_ALERT
K241232:output,K241232,output,MEASUREMENT_OR_QUANTIFICATION
K241232:output,K241232,output,SEGMENTATION_OR_LOCALIZATION
K241232:user,K241232,user,LABORATORY_PROFESSIONAL
K241232:user,K241232,user,OTHER_PHYSICIAN
K241232:setting,K241232,setting,DIAGNOSTIC_INTERPRETATION
K241232:setting,K241232,setting,LABORATORY
K241232:action,K241232,action,INTERPRETATION_OR_DIAGNOSIS
K241245:input,K241245,input,CLINICAL_TABULAR_OR_TEXT
K241245:output,K241245,output,CLASSIFICATION_OR_DIAGNOSIS
K241245:output,K241245,output,DOCUMENTATION_OR_SUMMARY
K241245:user,K241245,user,OTHER_PHYSICIAN
K241245:setting,K241245,setting,DIAGNOSTIC_INTERPRETATION
K241245:action,K241245,action,INTERPRETATION_OR_DIAGNOSIS
K241245:action,K241245,action,WORKFLOW_OR_DOCUMENTATION
K241280:input,K241280,input,MEDICAL_IMAGE
K241280:output,K241280,output,DOCUMENTATION_OR_SUMMARY
K241280:output,K241280,output,MEASUREMENT_OR_QUANTIFICATION
K241280:output,K241280,output,SEGMENTATION_OR_LOCALIZATION
K241280:user,K241280,user,OTHER_CLINICIAN
K241280:user,K241280,user,OTHER_PHYSICIAN
K241280:setting,K241280,setting,DIAGNOSTIC_INTERPRETATION
K241280:action,K241280,action,INTERPRETATION_OR_DIAGNOSIS
K241292:input,K241292,input,MEDICAL_IMAGE
K241292:output,K241292,output,SEGMENTATION_OR_LOCALIZATION
K241292:user,K241292,user,OTHER_PHYSICIAN
K241292:setting,K241292,setting,PROCEDURAL_OR_OPERATING_ROOM
K241292:action,K241292,action,TREATMENT_OR_PROCEDURE_PLANNING
K241312:input,K241312,input,MEDICAL_IMAGE
K241312:output,K241312,output,SEGMENTATION_OR_LOCALIZATION
K241312:user,K241312,user,OTHER_CLINICIAN
K241312:user,K241312,user,OTHER_PHYSICIAN
K241312:setting,K241312,setting,DIAGNOSTIC_INTERPRETATION
K241312:action,K241312,action,INTERPRETATION_OR_DIAGNOSIS
K241312:action,K241312,action,TREATMENT_OR_PROCEDURE_PLANNING
K241329:input,K241329,input,MEDICAL_IMAGE
K241329:output,K241329,output,RECONSTRUCTION_OR_ENHANCEMENT
K241329:user,K241329,user,RADIOLOGIST
K241329:user,K241329,user,TECHNOLOGIST_OR_OPERATOR
K241329:setting,K241329,setting,DIAGNOSTIC_INTERPRETATION
K241329:setting,K241329,setting,OUTPATIENT
K241329:action,K241329,action,INTERPRETATION_OR_DIAGNOSIS
K241331:input,K241331,input,MEDICAL_IMAGE
K241331:output,K241331,output,MEASUREMENT_OR_QUANTIFICATION
K241331:output,K241331,output,SEGMENTATION_OR_LOCALIZATION
K241331:user,K241331,user,OTHER_PHYSICIAN
K241331:setting,K241331,setting,OTHER
K241331:action,K241331,action,OTHER
K241350:input,K241350,input,MEDICAL_IMAGE
K241350:output,K241350,output,RECONSTRUCTION_OR_ENHANCEMENT
K241350:setting,K241350,setting,OTHER
K241380:input,K241380,input,MEDICAL_IMAGE
K241380:output,K241380,output,CLASSIFICATION_OR_DIAGNOSIS
K241380:output,K241380,output,DOCUMENTATION_OR_SUMMARY
K241380:output,K241380,output,OTHER
K241380:output,K241380,output,SEGMENTATION_OR_LOCALIZATION
K241380:user,K241380,user,OTHER_PHYSICIAN
K241380:user,K241380,user,RADIOLOGIST
K241380:user,K241380,user,TECHNOLOGIST_OR_OPERATOR
K241380:setting,K241380,setting,OTHER
K241380:setting,K241380,setting,SCREENING
K241380:action,K241380,action,OTHER
K241390:input,K241390,input,PHYSIOLOGICAL_SIGNAL
K241390:output,K241390,output,DETECTION_OR_ALERT
K241390:user,K241390,user,OTHER_CLINICIAN
K241390:user,K241390,user,OTHER_PHYSICIAN
K241390:setting,K241390,setting,DIAGNOSTIC_INTERPRETATION
K241390:action,K241390,action,INTERPRETATION_OR_DIAGNOSIS
K241430:input,K241430,input,MEDICAL_IMAGE
K241430:output,K241430,output,DOCUMENTATION_OR_SUMMARY
K241430:output,K241430,output,MEASUREMENT_OR_QUANTIFICATION
K241430:user,K241430,user,OTHER_CLINICIAN
K241430:user,K241430,user,OTHER_PHYSICIAN
K241430:user,K241430,user,TECHNOLOGIST_OR_OPERATOR
K241430:setting,K241430,setting,DIAGNOSTIC_INTERPRETATION
K241430:action,K241430,action,INTERPRETATION_OR_DIAGNOSIS
K241430:action,K241430,action,WORKFLOW_OR_DOCUMENTATION
K241439:input,K241439,input,MEDICAL_IMAGE
K241439:output,K241439,output,DETECTION_OR_ALERT
K241439:user,K241439,user,OTHER_CLINICIAN
K241439:user,K241439,user,RADIOLOGIST
K241439:setting,K241439,setting,ACUTE_TRIAGE_OR_EMERGENCY
K241439:setting,K241439,setting,DIAGNOSTIC_INTERPRETATION
K241439:action,K241439,action,INTERPRETATION_OR_DIAGNOSIS
K241439:action,K241439,action,TRIAGE_OR_PRIORITIZATION
K241440:input,K241440,input,MEDICAL_IMAGE
K241440:output,K241440,output,CLASSIFICATION_OR_DIAGNOSIS
K241440:output,K241440,output,MEASUREMENT_OR_QUANTIFICATION
K241440:output,K241440,output,SEGMENTATION_OR_LOCALIZATION
K241440:user,K241440,user,OTHER_CLINICIAN
K241440:user,K241440,user,OTHER_PHYSICIAN
K241440:user,K241440,user,RADIOLOGIST
K241440:setting,K241440,setting,DIAGNOSTIC_INTERPRETATION
K241440:setting,K241440,setting,INPATIENT
K241440:setting,K241440,setting,OUTPATIENT
K241440:setting,K241440,setting,SCREENING
K241440:action,K241440,action,INTERPRETATION_OR_DIAGNOSIS
K241480:input,K241480,input,MEDICAL_IMAGE
K241480:output,K241480,output,DETECTION_OR_ALERT
K241480:user,K241480,user,OTHER_CLINICIAN
K241480:user,K241480,user,OTHER_PHYSICIAN
K241480:setting,K241480,setting,ACUTE_TRIAGE_OR_EMERGENCY
K241480:setting,K241480,setting,DIAGNOSTIC_INTERPRETATION
K241480:action,K241480,action,INTERPRETATION_OR_DIAGNOSIS
K241480:action,K241480,action,TRIAGE_OR_PRIORITIZATION
K241481:input,K241481,input,MEDICAL_IMAGE
K241481:output,K241481,output,SEGMENTATION_OR_LOCALIZATION
K241481:user,K241481,user,OTHER_PHYSICIAN
K241481:setting,K241481,setting,PROCEDURAL_OR_OPERATING_ROOM
K241481:action,K241481,action,TREATMENT_OR_PROCEDURE_PLANNING
K241490:input,K241490,input,MEDICAL_IMAGE
K241490:output,K241490,output,SEGMENTATION_OR_LOCALIZATION
K241490:user,K241490,user,OTHER_CLINICIAN
K241490:setting,K241490,setting,OTHER
K241490:action,K241490,action,TREATMENT_OR_PROCEDURE_PLANNING
K241508:input,K241508,input,AUDIO_OR_VIDEO
K241508:output,K241508,output,DETECTION_OR_ALERT
K241508:output,K241508,output,SEGMENTATION_OR_LOCALIZATION
K241508:user,K241508,user,OTHER_PHYSICIAN
K241508:setting,K241508,setting,MONITORING
K241508:setting,K241508,setting,PROCEDURAL_OR_OPERATING_ROOM
K241508:setting,K241508,setting,SCREENING
K241508:action,K241508,action,INTERPRETATION_OR_DIAGNOSIS
K241543:input,K241543,input,MEDICAL_IMAGE
K241543:output,K241543,output,MEASUREMENT_OR_QUANTIFICATION
K241543:output,K241543,output,SEGMENTATION_OR_LOCALIZATION
K241543:user,K241543,user,OTHER_PHYSICIAN
K241543:user,K241543,user,TECHNOLOGIST_OR_OPERATOR
K241543:setting,K241543,setting,DIAGNOSTIC_INTERPRETATION
K241543:setting,K241543,setting,OUTPATIENT
K241543:action,K241543,action,INTERPRETATION_OR_DIAGNOSIS
K241543:action,K241543,action,TREATMENT_OR_PROCEDURE_PLANNING
K241561:input,K241561,input,MEDICAL_IMAGE
K241561:output,K241561,output,CLASSIFICATION_OR_DIAGNOSIS
K241561:user,K241561,user,RADIOLOGIST
K241561:setting,K241561,setting,DIAGNOSTIC_INTERPRETATION
K241561:setting,K241561,setting,SCREENING
K241561:action,K241561,action,INTERPRETATION_OR_DIAGNOSIS
K241582:input,K241582,input,MEDICAL_IMAGE
K241582:input,K241582,input,PHYSIOLOGICAL_SIGNAL
K241582:output,K241582,output,CLASSIFICATION_OR_DIAGNOSIS
K241582:output,K241582,output,MEASUREMENT_OR_QUANTIFICATION
K241582:output,K241582,output,OTHER
K241582:output,K241582,output,SEGMENTATION_OR_LOCALIZATION
K241582:user,K241582,user,OTHER_CLINICIAN
K241582:user,K241582,user,OTHER_PHYSICIAN
K241582:user,K241582,user,TECHNOLOGIST_OR_OPERATOR
K241582:setting,K241582,setting,DIAGNOSTIC_INTERPRETATION
K241582:setting,K241582,setting,OTHER
K241582:action,K241582,action,INTERPRETATION_OR_DIAGNOSIS
K241582:action,K241582,action,OTHER
K241585:input,K241585,input,MEDICAL_IMAGE
K241585:input,K241585,input,MULTIMODAL
K241585:output,K241585,output,RECONSTRUCTION_OR_ENHANCEMENT
K241585:user,K241585,user,OTHER_CLINICIAN
K241585:setting,K241585,setting,DIAGNOSTIC_INTERPRETATION
K241585:setting,K241585,setting,MONITORING
K241585:action,K241585,action,INTERPRETATION_OR_DIAGNOSIS
K241585:action,K241585,action,MONITORING_OR_FOLLOW_UP
K241585:action,K241585,action,TREATMENT_OR_PROCEDURE_PLANNING
K241593:input,K241593,input,MEDICAL_IMAGE
K241593:output,K241593,output,DOCUMENTATION_OR_SUMMARY
K241593:output,K241593,output,MEASUREMENT_OR_QUANTIFICATION
K241593:user,K241593,user,OTHER_CLINICIAN
K241593:setting,K241593,setting,DIAGNOSTIC_INTERPRETATION
K241593:action,K241593,action,INTERPRETATION_OR_DIAGNOSIS
K241596:input,K241596,input,MEDICAL_IMAGE
K241596:output,K241596,output,RECONSTRUCTION_OR_ENHANCEMENT
K241596:user,K241596,user,OTHER_CLINICIAN
K241596:user,K241596,user,OTHER_PHYSICIAN
K241596:setting,K241596,setting,DIAGNOSTIC_INTERPRETATION
K241596:setting,K241596,setting,MONITORING
K241596:action,K241596,action,INTERPRETATION_OR_DIAGNOSIS
K241596:action,K241596,action,MONITORING_OR_FOLLOW_UP
K241596:action,K241596,action,TREATMENT_OR_PROCEDURE_PLANNING
K241620:input,K241620,input,MEDICAL_IMAGE
K241620:output,K241620,output,CLASSIFICATION_OR_DIAGNOSIS
K241620:output,K241620,output,DETECTION_OR_ALERT
K241620:output,K241620,output,SEGMENTATION_OR_LOCALIZATION
K241620:user,K241620,user,OTHER_PHYSICIAN
K241620:user,K241620,user,RADIOLOGIST
K241620:setting,K241620,setting,DIAGNOSTIC_INTERPRETATION
K241620:action,K241620,action,INTERPRETATION_OR_DIAGNOSIS
K241633:input,K241633,input,AUDIO_OR_VIDEO
K241633:output,K241633,output,MEASUREMENT_OR_QUANTIFICATION
K241633:setting,K241633,setting,HOME_OR_CONSUMER
K241633:setting,K241633,setting,MONITORING
K241633:setting,K241633,setting,OUTPATIENT
K241659:input,K241659,input,MEDICAL_IMAGE
K241659:output,K241659,output,CLASSIFICATION_OR_DIAGNOSIS
K241659:output,K241659,output,MEASUREMENT_OR_QUANTIFICATION
K241659:output,K241659,output,SEGMENTATION_OR_LOCALIZATION
K241659:user,K241659,user,OTHER_CLINICIAN
K241659:user,K241659,user,OTHER_PHYSICIAN
K241659:user,K241659,user,TECHNOLOGIST_OR_OPERATOR
K241659:setting,K241659,setting,DIAGNOSTIC_INTERPRETATION
K241659:setting,K241659,setting,OUTPATIENT
K241659:action,K241659,action,INTERPRETATION_OR_DIAGNOSIS
K241665:input,K241665,input,MEDICAL_IMAGE
K241665:output,K241665,output,RECONSTRUCTION_OR_ENHANCEMENT
K241665:user,K241665,user,OTHER_CLINICIAN
K241665:user,K241665,user,OTHER_PHYSICIAN
K241665:setting,K241665,setting,DIAGNOSTIC_INTERPRETATION
K241665:setting,K241665,setting,MONITORING
K241665:action,K241665,action,INTERPRETATION_OR_DIAGNOSIS
K241665:action,K241665,action,MONITORING_OR_FOLLOW_UP
K241665:action,K241665,action,TREATMENT_OR_PROCEDURE_PLANNING
K241676:input,K241676,input,LAB_SPECIMEN_OR_OMICS
K241676:output,K241676,output,CLASSIFICATION_OR_DIAGNOSIS
K241676:output,K241676,output,RISK_SCORE_OR_PREDICTION
K241676:setting,K241676,setting,ACUTE_TRIAGE_OR_EMERGENCY
K241676:setting,K241676,setting,LABORATORY
K241676:action,K241676,action,INTERPRETATION_OR_DIAGNOSIS
K241676:action,K241676,action,OTHER
K241681:input,K241681,input,MEDICAL_IMAGE
K241681:output,K241681,output,RECONSTRUCTION_OR_ENHANCEMENT
K241681:user,K241681,user,OTHER_CLINICIAN
K241681:setting,K241681,setting,DIAGNOSTIC_INTERPRETATION
K241681:setting,K241681,setting,OUTPATIENT
K241681:action,K241681,action,INTERPRETATION_OR_DIAGNOSIS
K241681:action,K241681,action,OTHER
K241684:input,K241684,input,MEDICAL_IMAGE
K241684:output,K241684,output,CLASSIFICATION_OR_DIAGNOSIS
K241684:output,K241684,output,DETECTION_OR_ALERT
K241684:output,K241684,output,DOCUMENTATION_OR_SUMMARY
K241684:user,K241684,user,OTHER_CLINICIAN
K241684:setting,K241684,setting,OTHER
K241684:action,K241684,action,WORKFLOW_OR_DOCUMENTATION
K241696:input,K241696,input,MEDICAL_IMAGE
K241696:output,K241696,output,MEASUREMENT_OR_QUANTIFICATION
K241696:output,K241696,output,SEGMENTATION_OR_LOCALIZATION
K241696:user,K241696,user,OTHER_PHYSICIAN
K241696:setting,K241696,setting,PROCEDURAL_OR_OPERATING_ROOM
K241696:action,K241696,action,TREATMENT_OR_PROCEDURE_PLANNING
K241719:input,K241719,input,MEDICAL_IMAGE
K241719:output,K241719,output,DETECTION_OR_ALERT
K241719:user,K241719,user,OTHER_PHYSICIAN
K241719:setting,K241719,setting,ACUTE_TRIAGE_OR_EMERGENCY
K241719:setting,K241719,setting,DIAGNOSTIC_INTERPRETATION
K241719:action,K241719,action,INTERPRETATION_OR_DIAGNOSIS
K241719:action,K241719,action,TRIAGE_OR_PRIORITIZATION
K241725:input,K241725,input,MEDICAL_IMAGE
K241725:output,K241725,output,DETECTION_OR_ALERT
K241725:output,K241725,output,SEGMENTATION_OR_LOCALIZATION
K241725:user,K241725,user,OTHER_CLINICIAN
K241725:setting,K241725,setting,DIAGNOSTIC_INTERPRETATION
K241725:action,K241725,action,INTERPRETATION_OR_DIAGNOSIS
K241727:input,K241727,input,MEDICAL_IMAGE
K241727:output,K241727,output,DETECTION_OR_ALERT
K241727:user,K241727,user,OTHER_PHYSICIAN
K241727:setting,K241727,setting,ACUTE_TRIAGE_OR_EMERGENCY
K241727:setting,K241727,setting,DIAGNOSTIC_INTERPRETATION
K241727:action,K241727,action,INTERPRETATION_OR_DIAGNOSIS
K241727:action,K241727,action,TRIAGE_OR_PRIORITIZATION
K241747:input,K241747,input,MEDICAL_IMAGE
K241747:output,K241747,output,DETECTION_OR_ALERT
K241747:output,K241747,output,DOCUMENTATION_OR_SUMMARY
K241747:output,K241747,output,RISK_SCORE_OR_PREDICTION
K241747:output,K241747,output,SEGMENTATION_OR_LOCALIZATION
K241747:user,K241747,user,RADIOLOGIST
K241747:setting,K241747,setting,DIAGNOSTIC_INTERPRETATION
K241747:setting,K241747,setting,SCREENING
K241747:action,K241747,action,INTERPRETATION_OR_DIAGNOSIS
K241770:input,K241770,input,MEDICAL_IMAGE
K241770:output,K241770,output,DETECTION_OR_ALERT
K241770:output,K241770,output,MEASUREMENT_OR_QUANTIFICATION
K241770:output,K241770,output,RISK_SCORE_OR_PREDICTION
K241770:output,K241770,output,SEGMENTATION_OR_LOCALIZATION
K241770:user,K241770,user,RADIOLOGIST
K241770:setting,K241770,setting,DIAGNOSTIC_INTERPRETATION
K241770:action,K241770,action,INTERPRETATION_OR_DIAGNOSIS
K241831:input,K241831,input,MEDICAL_IMAGE
K241831:output,K241831,output,DETECTION_OR_ALERT
K241831:output,K241831,output,RISK_SCORE_OR_PREDICTION
K241831:output,K241831,output,SEGMENTATION_OR_LOCALIZATION
K241831:user,K241831,user,OTHER_PHYSICIAN
K241831:setting,K241831,setting,DIAGNOSTIC_INTERPRETATION
K241831:setting,K241831,setting,SCREENING
K241831:action,K241831,action,INTERPRETATION_OR_DIAGNOSIS
K241837:input,K241837,input,MEDICAL_IMAGE
K241837:output,K241837,output,SEGMENTATION_OR_LOCALIZATION
K241837:user,K241837,user,OTHER_CLINICIAN
K241837:user,K241837,user,OTHER_PHYSICIAN
K241837:setting,K241837,setting,OTHER
K241837:action,K241837,action,MONITORING_OR_FOLLOW_UP
K241837:action,K241837,action,TREATMENT_OR_PROCEDURE_PLANNING
K241847:input,K241847,input,MEDICAL_IMAGE
K241847:output,K241847,output,DOCUMENTATION_OR_SUMMARY
K241847:output,K241847,output,MEASUREMENT_OR_QUANTIFICATION
K241847:output,K241847,output,SEGMENTATION_OR_LOCALIZATION
K241847:user,K241847,user,OTHER_PHYSICIAN
K241847:setting,K241847,setting,DIAGNOSTIC_INTERPRETATION
K241847:action,K241847,action,INTERPRETATION_OR_DIAGNOSIS
K241887:input,K241887,input,AUDIO_OR_VIDEO
K241887:input,K241887,input,MEDICAL_IMAGE
K241887:output,K241887,output,DETECTION_OR_ALERT
K241887:output,K241887,output,SEGMENTATION_OR_LOCALIZATION
K241887:user,K241887,user,OTHER_PHYSICIAN
K241887:setting,K241887,setting,MONITORING
K241887:setting,K241887,setting,PROCEDURAL_OR_OPERATING_ROOM
K241887:setting,K241887,setting,SCREENING
K241887:action,K241887,action,INTERPRETATION_OR_DIAGNOSIS
K241891:input,K241891,input,MEDICAL_IMAGE
K241891:output,K241891,output,CLASSIFICATION_OR_DIAGNOSIS
K241891:output,K241891,output,DETECTION_OR_ALERT
K241891:user,K241891,user,OTHER_CLINICIAN
K241891:setting,K241891,setting,DIAGNOSTIC_INTERPRETATION
K241891:setting,K241891,setting,OUTPATIENT
K241891:action,K241891,action,INTERPRETATION_OR_DIAGNOSIS
K241891:action,K241891,action,REFERRAL_OR_ESCALATION
K241922:input,K241922,input,MEDICAL_IMAGE
K241922:output,K241922,output,MEASUREMENT_OR_QUANTIFICATION
K241922:output,K241922,output,SEGMENTATION_OR_LOCALIZATION
K241922:user,K241922,user,OTHER_CLINICIAN
K241922:user,K241922,user,OTHER_PHYSICIAN
K241922:setting,K241922,setting,DIAGNOSTIC_INTERPRETATION
K241922:setting,K241922,setting,OUTPATIENT
K241922:action,K241922,action,INTERPRETATION_OR_DIAGNOSIS
K241923:input,K241923,input,MEDICAL_IMAGE
K241923:output,K241923,output,DETECTION_OR_ALERT
K241923:user,K241923,user,RADIOLOGIST
K241923:setting,K241923,setting,ACUTE_TRIAGE_OR_EMERGENCY
K241923:setting,K241923,setting,DIAGNOSTIC_INTERPRETATION
K241923:action,K241923,action,TRIAGE_OR_PRIORITIZATION
K241949:input,K241949,input,MEDICAL_IMAGE
K241949:output,K241949,output,CLASSIFICATION_OR_DIAGNOSIS
K241949:output,K241949,output,MEASUREMENT_OR_QUANTIFICATION
K241949:output,K241949,output,SEGMENTATION_OR_LOCALIZATION
K241949:user,K241949,user,OTHER_CLINICIAN
K241949:setting,K241949,setting,DIAGNOSTIC_INTERPRETATION
K241949:action,K241949,action,INTERPRETATION_OR_DIAGNOSIS
K241960:input,K241960,input,PHYSIOLOGICAL_SIGNAL
K241960:output,K241960,output,CLASSIFICATION_OR_DIAGNOSIS
K241960:output,K241960,output,DETECTION_OR_ALERT
K241960:output,K241960,output,MEASUREMENT_OR_QUANTIFICATION
K241960:user,K241960,user,OTHER_CLINICIAN
K241960:setting,K241960,setting,DIAGNOSTIC_INTERPRETATION
K241960:setting,K241960,setting,HOME_OR_CONSUMER
K241960:setting,K241960,setting,MONITORING
K241960:setting,K241960,setting,OUTPATIENT
K241960:action,K241960,action,INTERPRETATION_OR_DIAGNOSIS
K241960:action,K241960,action,MONITORING_OR_FOLLOW_UP
K241961:input,K241961,input,MEDICAL_IMAGE
K241961:output,K241961,output,RECOMMENDATION_OR_PLANNING
K241961:output,K241961,output,SEGMENTATION_OR_LOCALIZATION
K241961:setting,K241961,setting,PROCEDURAL_OR_OPERATING_ROOM
K241961:action,K241961,action,INTERPRETATION_OR_DIAGNOSIS
K241961:action,K241961,action,TREATMENT_OR_PROCEDURE_PLANNING
K241971:input,K241971,input,MEDICAL_IMAGE
K241971:output,K241971,output,CLASSIFICATION_OR_DIAGNOSIS
K241971:output,K241971,output,MEASUREMENT_OR_QUANTIFICATION
K241971:output,K241971,output,RECONSTRUCTION_OR_ENHANCEMENT
K241971:output,K241971,output,SEGMENTATION_OR_LOCALIZATION
K241971:user,K241971,user,OTHER_CLINICIAN
K241971:setting,K241971,setting,DIAGNOSTIC_INTERPRETATION
K241971:setting,K241971,setting,OUTPATIENT
K241971:action,K241971,action,INTERPRETATION_OR_DIAGNOSIS
K241971:action,K241971,action,WORKFLOW_OR_DOCUMENTATION
K241982:input,K241982,input,MEDICAL_IMAGE
K241982:output,K241982,output,RECONSTRUCTION_OR_ENHANCEMENT
K241982:user,K241982,user,TECHNOLOGIST_OR_OPERATOR
K241982:setting,K241982,setting,OTHER
K241982:action,K241982,action,WORKFLOW_OR_DOCUMENTATION
K241984:input,K241984,input,MEDICAL_IMAGE
K241984:output,K241984,output,DOCUMENTATION_OR_SUMMARY
K241984:output,K241984,output,MEASUREMENT_OR_QUANTIFICATION
K241984:output,K241984,output,RECOMMENDATION_OR_PLANNING
K241984:output,K241984,output,RECONSTRUCTION_OR_ENHANCEMENT
K241984:output,K241984,output,SEGMENTATION_OR_LOCALIZATION
K241984:user,K241984,user,OTHER_CLINICIAN
K241984:user,K241984,user,OTHER_PHYSICIAN
K241984:user,K241984,user,RADIOLOGIST
K241984:setting,K241984,setting,PROCEDURAL_OR_OPERATING_ROOM
K241984:action,K241984,action,TREATMENT_OR_PROCEDURE_PLANNING
K242020:input,K242020,input,MEDICAL_IMAGE
K242020:output,K242020,output,MEASUREMENT_OR_QUANTIFICATION
K242020:output,K242020,output,RECOMMENDATION_OR_PLANNING
K242020:output,K242020,output,SEGMENTATION_OR_LOCALIZATION
K242020:user,K242020,user,OTHER_CLINICIAN
K242020:setting,K242020,setting,DIAGNOSTIC_INTERPRETATION
K242020:setting,K242020,setting,OUTPATIENT
K242020:action,K242020,action,INTERPRETATION_OR_DIAGNOSIS
K242020:action,K242020,action,WORKFLOW_OR_DOCUMENTATION
K242054:input,K242054,input,MEDICAL_IMAGE
K242054:output,K242054,output,SEGMENTATION_OR_LOCALIZATION
K242054:user,K242054,user,OTHER_CLINICIAN
K242054:setting,K242054,setting,PROCEDURAL_OR_OPERATING_ROOM
K242054:action,K242054,action,TREATMENT_OR_PROCEDURE_PLANNING
K242062:input,K242062,input,MEDICAL_IMAGE
K242062:output,K242062,output,MEASUREMENT_OR_QUANTIFICATION
K242062:output,K242062,output,SEGMENTATION_OR_LOCALIZATION
K242062:setting,K242062,setting,OTHER
K242062:action,K242062,action,OTHER
K242094:input,K242094,input,PHYSIOLOGICAL_SIGNAL
K242094:output,K242094,output,CLASSIFICATION_OR_DIAGNOSIS
K242094:output,K242094,output,DOCUMENTATION_OR_SUMMARY
K242094:output,K242094,output,MEASUREMENT_OR_QUANTIFICATION
K242094:user,K242094,user,OTHER_CLINICIAN
K242094:setting,K242094,setting,DIAGNOSTIC_INTERPRETATION
K242094:setting,K242094,setting,HOME_OR_CONSUMER
K242094:setting,K242094,setting,MONITORING
K242094:action,K242094,action,INTERPRETATION_OR_DIAGNOSIS
K242123:input,K242123,input,MEDICAL_IMAGE
K242123:output,K242123,output,MEASUREMENT_OR_QUANTIFICATION
K242123:output,K242123,output,RECONSTRUCTION_OR_ENHANCEMENT
K242123:output,K242123,output,SEGMENTATION_OR_LOCALIZATION
K242123:user,K242123,user,OTHER_CLINICIAN
K242123:user,K242123,user,OTHER_PHYSICIAN
K242123:user,K242123,user,RADIOLOGIST
K242123:user,K242123,user,TECHNOLOGIST_OR_OPERATOR
K242123:setting,K242123,setting,DIAGNOSTIC_INTERPRETATION
K242123:action,K242123,action,INTERPRETATION_OR_DIAGNOSIS
K242129:input,K242129,input,PHYSIOLOGICAL_SIGNAL
K242129:output,K242129,output,CLASSIFICATION_OR_DIAGNOSIS
K242129:output,K242129,output,DETECTION_OR_ALERT
K242129:user,K242129,user,OTHER_CLINICIAN
K242129:user,K242129,user,TECHNOLOGIST_OR_OPERATOR
K242129:setting,K242129,setting,MONITORING
K242129:setting,K242129,setting,OUTPATIENT
K242129:action,K242129,action,MONITORING_OR_FOLLOW_UP
K242130:input,K242130,input,MEDICAL_IMAGE
K242130:output,K242130,output,CLASSIFICATION_OR_DIAGNOSIS
K242130:output,K242130,output,DOCUMENTATION_OR_SUMMARY
K242130:output,K242130,output,RISK_SCORE_OR_PREDICTION
K242130:user,K242130,user,OTHER_PHYSICIAN
K242130:user,K242130,user,TECHNOLOGIST_OR_OPERATOR
K242130:setting,K242130,setting,DIAGNOSTIC_INTERPRETATION
K242130:action,K242130,action,INTERPRETATION_OR_DIAGNOSIS
K242130:action,K242130,action,WORKFLOW_OR_DOCUMENTATION
K242166:input,K242166,input,MEDICAL_IMAGE
K242166:output,K242166,output,SEGMENTATION_OR_LOCALIZATION
K242166:user,K242166,user,OTHER_CLINICIAN
K242166:user,K242166,user,OTHER_PHYSICIAN
K242166:user,K242166,user,RADIOLOGIST
K242166:user,K242166,user,TECHNOLOGIST_OR_OPERATOR
K242166:setting,K242166,setting,HOME_OR_CONSUMER
K242166:setting,K242166,setting,PROCEDURAL_OR_OPERATING_ROOM
K242166:action,K242166,action,MONITORING_OR_FOLLOW_UP
K242166:action,K242166,action,TREATMENT_OR_PROCEDURE_PLANNING
K242168:input,K242168,input,AUDIO_OR_VIDEO
K242168:input,K242168,input,MEDICAL_IMAGE
K242168:output,K242168,output,OTHER
K242168:user,K242168,user,OTHER_CLINICIAN
K242168:setting,K242168,setting,OTHER
K242168:action,K242168,action,WORKFLOW_OR_DOCUMENTATION
K242171:input,K242171,input,MEDICAL_IMAGE
K242171:output,K242171,output,DETECTION_OR_ALERT
K242171:output,K242171,output,SEGMENTATION_OR_LOCALIZATION
K242171:user,K242171,user,OTHER_CLINICIAN
K242171:user,K242171,user,RADIOLOGIST
K242171:setting,K242171,setting,ACUTE_TRIAGE_OR_EMERGENCY
K242171:setting,K242171,setting,DIAGNOSTIC_INTERPRETATION
K242171:setting,K242171,setting,OUTPATIENT
K242171:action,K242171,action,INTERPRETATION_OR_DIAGNOSIS
K242188:input,K242188,input,MEDICAL_IMAGE
K242188:output,K242188,output,CLASSIFICATION_OR_DIAGNOSIS
K242188:output,K242188,output,MEASUREMENT_OR_QUANTIFICATION
K242188:output,K242188,output,SEGMENTATION_OR_LOCALIZATION
K242188:user,K242188,user,OTHER_PHYSICIAN
K242188:setting,K242188,setting,DIAGNOSTIC_INTERPRETATION
K242188:action,K242188,action,INTERPRETATION_OR_DIAGNOSIS
K242203:input,K242203,input,MEDICAL_IMAGE
K242203:output,K242203,output,MEASUREMENT_OR_QUANTIFICATION
K242203:user,K242203,user,RADIOLOGIST
K242203:setting,K242203,setting,DIAGNOSTIC_INTERPRETATION
K242203:action,K242203,action,INTERPRETATION_OR_DIAGNOSIS
K242215:input,K242215,input,MEDICAL_IMAGE
K242215:output,K242215,output,DOCUMENTATION_OR_SUMMARY
K242215:output,K242215,output,MEASUREMENT_OR_QUANTIFICATION
K242215:output,K242215,output,SEGMENTATION_OR_LOCALIZATION
K242215:user,K242215,user,OTHER_CLINICIAN
K242215:setting,K242215,setting,DIAGNOSTIC_INTERPRETATION
K242215:action,K242215,action,INTERPRETATION_OR_DIAGNOSIS
K242240:input,K242240,input,MEDICAL_IMAGE
K242240:output,K242240,output,DOCUMENTATION_OR_SUMMARY
K242240:output,K242240,output,MEASUREMENT_OR_QUANTIFICATION
K242240:user,K242240,user,OTHER_PHYSICIAN
K242240:user,K242240,user,RADIOLOGIST
K242240:user,K242240,user,TECHNOLOGIST_OR_OPERATOR
K242240:setting,K242240,setting,DIAGNOSTIC_INTERPRETATION
K242240:action,K242240,action,INTERPRETATION_OR_DIAGNOSIS
K242240:action,K242240,action,TREATMENT_OR_PROCEDURE_PLANNING
K242270:input,K242270,input,MEDICAL_IMAGE
K242270:output,K242270,output,DETECTION_OR_ALERT
K242270:user,K242270,user,OTHER_CLINICIAN
K242270:setting,K242270,setting,PROCEDURAL_OR_OPERATING_ROOM
K242275:input,K242275,input,MEDICAL_IMAGE
K242275:output,K242275,output,MEASUREMENT_OR_QUANTIFICATION
K242275:user,K242275,user,OTHER_PHYSICIAN
K242275:user,K242275,user,RADIOLOGIST
K242275:user,K242275,user,TECHNOLOGIST_OR_OPERATOR
K242275:setting,K242275,setting,DIAGNOSTIC_INTERPRETATION
K242275:action,K242275,action,INTERPRETATION_OR_DIAGNOSIS
K242292:input,K242292,input,MEDICAL_IMAGE
K242292:output,K242292,output,DETECTION_OR_ALERT
K242292:user,K242292,user,RADIOLOGIST
K242292:setting,K242292,setting,ACUTE_TRIAGE_OR_EMERGENCY
K242292:action,K242292,action,TRIAGE_OR_PRIORITIZATION
K242295:input,K242295,input,MEDICAL_IMAGE
K242295:output,K242295,output,CLASSIFICATION_OR_DIAGNOSIS
K242295:output,K242295,output,DETECTION_OR_ALERT
K242295:user,K242295,user,OTHER_CLINICIAN
K242295:setting,K242295,setting,DIAGNOSTIC_INTERPRETATION
K242295:action,K242295,action,INTERPRETATION_OR_DIAGNOSIS
K242323:input,K242323,input,AUDIO_OR_VIDEO
K242323:output,K242323,output,CONTROL_OR_AUTOMATION
K242323:user,K242323,user,OTHER_PHYSICIAN
K242323:setting,K242323,setting,PROCEDURAL_OR_OPERATING_ROOM
K242323:action,K242323,action,THERAPY_DOSE_OR_DEVICE_CONTROL
K242334:input,K242334,input,MEDICAL_IMAGE
K242334:output,K242334,output,RECONSTRUCTION_OR_ENHANCEMENT
K242334:user,K242334,user,RADIOLOGIST
K242334:setting,K242334,setting,OTHER
K242338:input,K242338,input,MEDICAL_IMAGE
K242338:output,K242338,output,DOCUMENTATION_OR_SUMMARY
K242338:output,K242338,output,MEASUREMENT_OR_QUANTIFICATION
K242338:output,K242338,output,SEGMENTATION_OR_LOCALIZATION
K242338:user,K242338,user,OTHER_CLINICIAN
K242338:setting,K242338,setting,DIAGNOSTIC_INTERPRETATION
K242338:action,K242338,action,INTERPRETATION_OR_DIAGNOSIS
K242338:action,K242338,action,TREATMENT_OR_PROCEDURE_PLANNING
K242342:input,K242342,input,AUDIO_OR_VIDEO
K242342:output,K242342,output,CLASSIFICATION_OR_DIAGNOSIS
K242342:output,K242342,output,DETECTION_OR_ALERT
K242342:output,K242342,output,DOCUMENTATION_OR_SUMMARY
K242342:user,K242342,user,OTHER_PHYSICIAN
K242342:setting,K242342,setting,DIAGNOSTIC_INTERPRETATION
K242342:action,K242342,action,INTERPRETATION_OR_DIAGNOSIS
K242359:input,K242359,input,AUDIO_OR_VIDEO
K242359:output,K242359,output,MEASUREMENT_OR_QUANTIFICATION
K242359:setting,K242359,setting,DIAGNOSTIC_INTERPRETATION
K242359:action,K242359,action,INTERPRETATION_OR_DIAGNOSIS
K242388:input,K242388,input,AUDIO_OR_VIDEO
K242388:input,K242388,input,MEDICAL_IMAGE
K242388:output,K242388,output,MEASUREMENT_OR_QUANTIFICATION
K242388:user,K242388,user,TECHNOLOGIST_OR_OPERATOR
K242388:setting,K242388,setting,LABORATORY
K242388:action,K242388,action,INTERPRETATION_OR_DIAGNOSIS
K242403:input,K242403,input,MEDICAL_IMAGE
K242403:output,K242403,output,RECONSTRUCTION_OR_ENHANCEMENT
K242403:user,K242403,user,OTHER_PHYSICIAN
K242403:setting,K242403,setting,OTHER
K242437:input,K242437,input,MEDICAL_IMAGE
K242437:output,K242437,output,DETECTION_OR_ALERT
K242437:output,K242437,output,MEASUREMENT_OR_QUANTIFICATION
K242437:output,K242437,output,SEGMENTATION_OR_LOCALIZATION
K242437:user,K242437,user,OTHER_CLINICIAN
K242437:setting,K242437,setting,DIAGNOSTIC_INTERPRETATION
K242437:action,K242437,action,INTERPRETATION_OR_DIAGNOSIS
K242444:input,K242444,input,MEDICAL_IMAGE
K242444:output,K242444,output,MEASUREMENT_OR_QUANTIFICATION
K242444:output,K242444,output,OTHER
K242444:user,K242444,user,OTHER_CLINICIAN
K242444:setting,K242444,setting,DIAGNOSTIC_INTERPRETATION
K242444:action,K242444,action,INTERPRETATION_OR_DIAGNOSIS
K242447:input,K242447,input,PHYSIOLOGICAL_SIGNAL
K242447:output,K242447,output,CLASSIFICATION_OR_DIAGNOSIS
K242447:output,K242447,output,MEASUREMENT_OR_QUANTIFICATION
K242447:user,K242447,user,OTHER_PHYSICIAN
K242447:setting,K242447,setting,DIAGNOSTIC_INTERPRETATION
K242447:setting,K242447,setting,HOME_OR_CONSUMER
K242447:action,K242447,action,INTERPRETATION_OR_DIAGNOSIS
K242447:action,K242447,action,MONITORING_OR_FOLLOW_UP
K242461:input,K242461,input,MEDICAL_IMAGE
K242461:output,K242461,output,SEGMENTATION_OR_LOCALIZATION
K242461:user,K242461,user,OTHER_CLINICIAN
K242461:setting,K242461,setting,PROCEDURAL_OR_OPERATING_ROOM
K242461:action,K242461,action,TREATMENT_OR_PROCEDURE_PLANNING
K242467:input,K242467,input,MEDICAL_IMAGE
K242467:output,K242467,output,DETECTION_OR_ALERT
K242467:output,K242467,output,DOCUMENTATION_OR_SUMMARY
K242467:user,K242467,user,OTHER_CLINICIAN
K242467:setting,K242467,setting,DIAGNOSTIC_INTERPRETATION
K242467:action,K242467,action,INTERPRETATION_OR_DIAGNOSIS
K242467:action,K242467,action,REFERRAL_OR_ESCALATION
K242500:input,K242500,input,MEDICAL_IMAGE
K242500:output,K242500,output,MEASUREMENT_OR_QUANTIFICATION
K242500:output,K242500,output,SEGMENTATION_OR_LOCALIZATION
K242500:user,K242500,user,OTHER_CLINICIAN
K242500:user,K242500,user,OTHER_PHYSICIAN
K242500:user,K242500,user,RADIOLOGIST
K242500:setting,K242500,setting,PROCEDURAL_OR_OPERATING_ROOM
K242500:action,K242500,action,MONITORING_OR_FOLLOW_UP
K242500:action,K242500,action,TREATMENT_OR_PROCEDURE_PLANNING
K242511:input,K242511,input,AUDIO_OR_VIDEO
K242511:input,K242511,input,MEDICAL_IMAGE
K242511:output,K242511,output,DETECTION_OR_ALERT
K242511:output,K242511,output,MEASUREMENT_OR_QUANTIFICATION
K242511:output,K242511,output,OTHER
K242511:output,K242511,output,SEGMENTATION_OR_LOCALIZATION
K242511:user,K242511,user,OTHER_CLINICIAN
K242511:setting,K242511,setting,DIAGNOSTIC_INTERPRETATION
K242511:action,K242511,action,INTERPRETATION_OR_DIAGNOSIS
K242522:input,K242522,input,MEDICAL_IMAGE
K242522:output,K242522,output,DETECTION_OR_ALERT
K242522:output,K242522,output,SEGMENTATION_OR_LOCALIZATION
K242522:user,K242522,user,OTHER_CLINICIAN
K242522:setting,K242522,setting,DIAGNOSTIC_INTERPRETATION
K242522:action,K242522,action,INTERPRETATION_OR_DIAGNOSIS
K242523:input,K242523,input,MEDICAL_IMAGE
K242523:output,K242523,output,MEASUREMENT_OR_QUANTIFICATION
K242523:output,K242523,output,OTHER
K242523:user,K242523,user,OTHER_CLINICIAN
K242523:setting,K242523,setting,DIAGNOSTIC_INTERPRETATION
K242523:action,K242523,action,INTERPRETATION_OR_DIAGNOSIS
K242551:input,K242551,input,MEDICAL_IMAGE
K242551:output,K242551,output,MEASUREMENT_OR_QUANTIFICATION
K242551:user,K242551,user,OTHER_CLINICIAN
K242551:setting,K242551,setting,DIAGNOSTIC_INTERPRETATION
K242551:action,K242551,action,INTERPRETATION_OR_DIAGNOSIS
K242583:input,K242583,input,PHYSIOLOGICAL_SIGNAL
K242583:output,K242583,output,CLASSIFICATION_OR_DIAGNOSIS
K242583:output,K242583,output,DETECTION_OR_ALERT
K242583:output,K242583,output,DOCUMENTATION_OR_SUMMARY
K242583:user,K242583,user,OTHER_CLINICIAN
K242583:user,K242583,user,OTHER_PHYSICIAN
K242583:user,K242583,user,TECHNOLOGIST_OR_OPERATOR
K242583:setting,K242583,setting,DIAGNOSTIC_INTERPRETATION
K242583:action,K242583,action,INTERPRETATION_OR_DIAGNOSIS
K242594:input,K242594,input,AUDIO_OR_VIDEO
K242594:input,K242594,input,MEDICAL_IMAGE
K242594:output,K242594,output,MEASUREMENT_OR_QUANTIFICATION
K242594:output,K242594,output,OTHER
K242594:output,K242594,output,SEGMENTATION_OR_LOCALIZATION
K242594:user,K242594,user,OTHER_PHYSICIAN
K242594:user,K242594,user,RADIOLOGIST
K242594:user,K242594,user,TECHNOLOGIST_OR_OPERATOR
K242594:setting,K242594,setting,DIAGNOSTIC_INTERPRETATION
K242594:action,K242594,action,INTERPRETATION_OR_DIAGNOSIS
K242594:action,K242594,action,WORKFLOW_OR_DOCUMENTATION
K242600:input,K242600,input,MEDICAL_IMAGE
K242600:output,K242600,output,DETECTION_OR_ALERT
K242600:output,K242600,output,SEGMENTATION_OR_LOCALIZATION
K242600:user,K242600,user,OTHER_CLINICIAN
K242600:setting,K242600,setting,DIAGNOSTIC_INTERPRETATION
K242600:action,K242600,action,INTERPRETATION_OR_DIAGNOSIS
K242607:input,K242607,input,MEDICAL_IMAGE
K242607:output,K242607,output,DOCUMENTATION_OR_SUMMARY
K242607:output,K242607,output,MEASUREMENT_OR_QUANTIFICATION
K242607:output,K242607,output,SEGMENTATION_OR_LOCALIZATION
K242607:user,K242607,user,RADIOLOGIST
K242607:setting,K242607,setting,DIAGNOSTIC_INTERPRETATION
K242607:action,K242607,action,INTERPRETATION_OR_DIAGNOSIS
K242607:action,K242607,action,WORKFLOW_OR_DOCUMENTATION
K242624:input,K242624,input,MEDICAL_IMAGE
K242624:output,K242624,output,MEASUREMENT_OR_QUANTIFICATION
K242624:output,K242624,output,SEGMENTATION_OR_LOCALIZATION
K242624:setting,K242624,setting,DIAGNOSTIC_INTERPRETATION
K242624:setting,K242624,setting,PROCEDURAL_OR_OPERATING_ROOM
K242624:action,K242624,action,INTERPRETATION_OR_DIAGNOSIS
K242624:action,K242624,action,TREATMENT_OR_PROCEDURE_PLANNING
K242652:input,K242652,input,MEDICAL_IMAGE
K242652:output,K242652,output,CLASSIFICATION_OR_DIAGNOSIS
K242652:output,K242652,output,DETECTION_OR_ALERT
K242652:output,K242652,output,RISK_SCORE_OR_PREDICTION
K242652:output,K242652,output,SEGMENTATION_OR_LOCALIZATION
K242652:user,K242652,user,OTHER_PHYSICIAN
K242652:setting,K242652,setting,SCREENING
K242652:action,K242652,action,INTERPRETATION_OR_DIAGNOSIS
K242683:input,K242683,input,MEDICAL_IMAGE
K242683:output,K242683,output,CLASSIFICATION_OR_DIAGNOSIS
K242683:output,K242683,output,DETECTION_OR_ALERT
K242683:output,K242683,output,SEGMENTATION_OR_LOCALIZATION
K242683:user,K242683,user,OTHER_PHYSICIAN
K242683:user,K242683,user,RADIOLOGIST
K242683:setting,K242683,setting,DIAGNOSTIC_INTERPRETATION
K242683:action,K242683,action,INTERPRETATION_OR_DIAGNOSIS
K242729:input,K242729,input,MEDICAL_IMAGE
K242729:output,K242729,output,SEGMENTATION_OR_LOCALIZATION
K242729:user,K242729,user,OTHER_CLINICIAN
K242729:setting,K242729,setting,PROCEDURAL_OR_OPERATING_ROOM
K242729:action,K242729,action,TREATMENT_OR_PROCEDURE_PLANNING
K242737:input,K242737,input,PHYSIOLOGICAL_SIGNAL
K242737:output,K242737,output,MEASUREMENT_OR_QUANTIFICATION
K242737:user,K242737,user,OTHER
K242737:user,K242737,user,OTHER_CLINICIAN
K242737:setting,K242737,setting,HOME_OR_CONSUMER
K242737:setting,K242737,setting,MONITORING
K242737:action,K242737,action,MONITORING_OR_FOLLOW_UP
K242745:input,K242745,input,MEDICAL_IMAGE
K242745:output,K242745,output,SEGMENTATION_OR_LOCALIZATION
K242745:user,K242745,user,OTHER_CLINICIAN
K242745:setting,K242745,setting,PROCEDURAL_OR_OPERATING_ROOM
K242745:action,K242745,action,TREATMENT_OR_PROCEDURE_PLANNING
K242748:input,K242748,input,CLINICAL_TABULAR_OR_TEXT
K242748:output,K242748,output,OTHER
K242748:output,K242748,output,RECOMMENDATION_OR_PLANNING
K242748:user,K242748,user,OTHER_CLINICIAN
K242748:user,K242748,user,OTHER_PHYSICIAN
K242748:setting,K242748,setting,PROCEDURAL_OR_OPERATING_ROOM
K242748:action,K242748,action,TREATMENT_OR_PROCEDURE_PLANNING
K242748:action,K242748,action,WORKFLOW_OR_DOCUMENTATION
K242781:input,K242781,input,MEDICAL_IMAGE
K242781:output,K242781,output,MEASUREMENT_OR_QUANTIFICATION
K242781:output,K242781,output,SEGMENTATION_OR_LOCALIZATION
K242781:user,K242781,user,OTHER_CLINICIAN
K242781:user,K242781,user,OTHER_PHYSICIAN
K242781:setting,K242781,setting,DIAGNOSTIC_INTERPRETATION
K242781:action,K242781,action,INTERPRETATION_OR_DIAGNOSIS
K242798:input,K242798,input,AUDIO_OR_VIDEO
K242798:output,K242798,output,DETECTION_OR_ALERT
K242798:output,K242798,output,MEASUREMENT_OR_QUANTIFICATION
K242798:user,K242798,user,OTHER_CLINICIAN
K242798:setting,K242798,setting,MONITORING
K242798:setting,K242798,setting,PROCEDURAL_OR_OPERATING_ROOM
K242798:action,K242798,action,MONITORING_OR_FOLLOW_UP
K242800:input,K242800,input,MEDICAL_IMAGE
K242800:output,K242800,output,MEASUREMENT_OR_QUANTIFICATION
K242800:user,K242800,user,OTHER_CLINICIAN
K242800:setting,K242800,setting,DIAGNOSTIC_INTERPRETATION
K242800:action,K242800,action,INTERPRETATION_OR_DIAGNOSIS
K242807:input,K242807,input,AUDIO_OR_VIDEO
K242807:output,K242807,output,CONTROL_OR_AUTOMATION
K242807:output,K242807,output,OTHER
K242807:output,K242807,output,RECOMMENDATION_OR_PLANNING
K242807:user,K242807,user,OTHER_CLINICIAN
K242807:setting,K242807,setting,OTHER
K242807:action,K242807,action,WORKFLOW_OR_DOCUMENTATION
K242821:input,K242821,input,MEDICAL_IMAGE
K242821:output,K242821,output,DETECTION_OR_ALERT
K242821:user,K242821,user,OTHER_CLINICIAN
K242821:setting,K242821,setting,ACUTE_TRIAGE_OR_EMERGENCY
K242821:action,K242821,action,TRIAGE_OR_PRIORITIZATION
K242822:input,K242822,input,MEDICAL_IMAGE
K242822:output,K242822,output,RECOMMENDATION_OR_PLANNING
K242822:output,K242822,output,SEGMENTATION_OR_LOCALIZATION
K242822:user,K242822,user,OTHER_CLINICIAN
K242822:user,K242822,user,OTHER_PHYSICIAN
K242822:setting,K242822,setting,PROCEDURAL_OR_OPERATING_ROOM
K242822:action,K242822,action,TREATMENT_OR_PROCEDURE_PLANNING
K242830:input,K242830,input,AUDIO_OR_VIDEO
K242830:input,K242830,input,MEDICAL_IMAGE
K242830:output,K242830,output,MEASUREMENT_OR_QUANTIFICATION
K242830:user,K242830,user,OTHER_CLINICIAN
K242830:user,K242830,user,PATIENT_OR_CAREGIVER
K242830:setting,K242830,setting,DIAGNOSTIC_INTERPRETATION
K242830:setting,K242830,setting,HOME_OR_CONSUMER
K242830:setting,K242830,setting,LABORATORY
K242830:action,K242830,action,INTERPRETATION_OR_DIAGNOSIS
K242830:action,K242830,action,PATIENT_SELF_MANAGEMENT
K242837:input,K242837,input,MEDICAL_IMAGE
K242837:output,K242837,output,DETECTION_OR_ALERT
K242837:user,K242837,user,OTHER_CLINICIAN
K242837:setting,K242837,setting,ACUTE_TRIAGE_OR_EMERGENCY
K242837:action,K242837,action,TRIAGE_OR_PRIORITIZATION
K242838:input,K242838,input,MEDICAL_IMAGE
K242838:output,K242838,output,DETECTION_OR_ALERT
K242838:output,K242838,output,MEASUREMENT_OR_QUANTIFICATION
K242838:user,K242838,user,OTHER_PHYSICIAN
K242838:user,K242838,user,RADIOLOGIST
K242838:user,K242838,user,TECHNOLOGIST_OR_OPERATOR
K242838:setting,K242838,setting,ACUTE_TRIAGE_OR_EMERGENCY
K242838:setting,K242838,setting,DIAGNOSTIC_INTERPRETATION
K242838:action,K242838,action,INTERPRETATION_OR_DIAGNOSIS
K242838:action,K242838,action,TRIAGE_OR_PRIORITIZATION
K242919:input,K242919,input,MEDICAL_IMAGE
K242919:output,K242919,output,DETECTION_OR_ALERT
K242919:output,K242919,output,SEGMENTATION_OR_LOCALIZATION
K242919:user,K242919,user,RADIOLOGIST
K242919:setting,K242919,setting,DIAGNOSTIC_INTERPRETATION
K242919:action,K242919,action,INTERPRETATION_OR_DIAGNOSIS
K242925:input,K242925,input,MEDICAL_IMAGE
K242925:output,K242925,output,SEGMENTATION_OR_LOCALIZATION
K242925:user,K242925,user,OTHER_CLINICIAN
K242925:setting,K242925,setting,PROCEDURAL_OR_OPERATING_ROOM
K242925:action,K242925,action,TREATMENT_OR_PROCEDURE_PLANNING
K242967:input,K242967,input,PHYSIOLOGICAL_SIGNAL
K242967:output,K242967,output,CONTROL_OR_AUTOMATION
K242967:output,K242967,output,DETECTION_OR_ALERT
K242967:user,K242967,user,PATIENT_OR_CAREGIVER
K242967:setting,K242967,setting,HOME_OR_CONSUMER
K242967:action,K242967,action,REFERRAL_OR_ESCALATION
K242994:input,K242994,input,MEDICAL_IMAGE
K242994:output,K242994,output,SEGMENTATION_OR_LOCALIZATION
K242994:user,K242994,user,OTHER_CLINICIAN
K242994:setting,K242994,setting,PROCEDURAL_OR_OPERATING_ROOM
K242994:action,K242994,action,TREATMENT_OR_PROCEDURE_PLANNING
K243038:input,K243038,input,MEDICAL_IMAGE
K243038:output,K243038,output,DOCUMENTATION_OR_SUMMARY
K243038:output,K243038,output,MEASUREMENT_OR_QUANTIFICATION
K243038:output,K243038,output,SEGMENTATION_OR_LOCALIZATION
K243038:user,K243038,user,OTHER_CLINICIAN
K243038:user,K243038,user,OTHER_PHYSICIAN
K243038:user,K243038,user,RADIOLOGIST
K243038:setting,K243038,setting,DIAGNOSTIC_INTERPRETATION
K243038:action,K243038,action,INTERPRETATION_OR_DIAGNOSIS
K243038:action,K243038,action,WORKFLOW_OR_DOCUMENTATION
K243065:input,K243065,input,AUDIO_OR_VIDEO
K243065:output,K243065,output,CONTROL_OR_AUTOMATION
K243065:output,K243065,output,OTHER
K243065:output,K243065,output,RECOMMENDATION_OR_PLANNING
K243065:user,K243065,user,OTHER_CLINICIAN
K243065:setting,K243065,setting,OTHER
K243065:action,K243065,action,WORKFLOW_OR_DOCUMENTATION
K243122:input,K243122,input,MEDICAL_IMAGE
K243122:output,K243122,output,MEASUREMENT_OR_QUANTIFICATION
K243122:output,K243122,output,OTHER
K243122:output,K243122,output,RECONSTRUCTION_OR_ENHANCEMENT
K243122:user,K243122,user,OTHER_PHYSICIAN
K243122:setting,K243122,setting,DIAGNOSTIC_INTERPRETATION
K243122:setting,K243122,setting,OTHER
K243122:action,K243122,action,INTERPRETATION_OR_DIAGNOSIS
K243122:action,K243122,action,WORKFLOW_OR_DOCUMENTATION
K243144:input,K243144,input,MEDICAL_IMAGE
K243144:output,K243144,output,CLASSIFICATION_OR_DIAGNOSIS
K243144:output,K243144,output,MEASUREMENT_OR_QUANTIFICATION
K243144:user,K243144,user,LABORATORY_PROFESSIONAL
K243144:user,K243144,user,TECHNOLOGIST_OR_OPERATOR
K243144:setting,K243144,setting,LABORATORY
K243144:action,K243144,action,INTERPRETATION_OR_DIAGNOSIS
K243145:input,K243145,input,MEDICAL_IMAGE
K243145:output,K243145,output,DETECTION_OR_ALERT
K243145:user,K243145,user,OTHER_PHYSICIAN
K243145:user,K243145,user,RADIOLOGIST
K243145:setting,K243145,setting,ACUTE_TRIAGE_OR_EMERGENCY
K243145:action,K243145,action,TRIAGE_OR_PRIORITIZATION
K243158:input,K243158,input,MEDICAL_IMAGE
K243158:output,K243158,output,SEGMENTATION_OR_LOCALIZATION
K243158:user,K243158,user,OTHER_CLINICIAN
K243158:setting,K243158,setting,PROCEDURAL_OR_OPERATING_ROOM
K243158:action,K243158,action,TREATMENT_OR_PROCEDURE_PLANNING
K243189:input,K243189,input,MEDICAL_IMAGE
K243189:output,K243189,output,MEASUREMENT_OR_QUANTIFICATION
K243189:output,K243189,output,SEGMENTATION_OR_LOCALIZATION
K243189:user,K243189,user,OTHER_PHYSICIAN
K243189:setting,K243189,setting,DIAGNOSTIC_INTERPRETATION
K243189:action,K243189,action,INTERPRETATION_OR_DIAGNOSIS
K243209:input,K243209,input,CLINICAL_TABULAR_OR_TEXT
K243209:input,K243209,input,MEDICAL_IMAGE
K243209:output,K243209,output,MEASUREMENT_OR_QUANTIFICATION
K243209:output,K243209,output,SEGMENTATION_OR_LOCALIZATION
K243209:user,K243209,user,OTHER_PHYSICIAN
K243209:user,K243209,user,TECHNOLOGIST_OR_OPERATOR
K243209:setting,K243209,setting,DIAGNOSTIC_INTERPRETATION
K243209:setting,K243209,setting,PROCEDURAL_OR_OPERATING_ROOM
K243209:action,K243209,action,INTERPRETATION_OR_DIAGNOSIS
K243209:action,K243209,action,TREATMENT_OR_PROCEDURE_PLANNING
K243229:input,K243229,input,MEDICAL_IMAGE
K243229:output,K243229,output,DETECTION_OR_ALERT
K243229:output,K243229,output,MEASUREMENT_OR_QUANTIFICATION
K243229:output,K243229,output,SEGMENTATION_OR_LOCALIZATION
K243229:user,K243229,user,OTHER_PHYSICIAN
K243229:setting,K243229,setting,DIAGNOSTIC_INTERPRETATION
K243229:action,K243229,action,INTERPRETATION_OR_DIAGNOSIS
K243230:input,K243230,input,MEDICAL_IMAGE
K243230:output,K243230,output,MEASUREMENT_OR_QUANTIFICATION
K243230:output,K243230,output,SEGMENTATION_OR_LOCALIZATION
K243230:user,K243230,user,OTHER_CLINICIAN
K243230:setting,K243230,setting,DIAGNOSTIC_INTERPRETATION
K243230:action,K243230,action,INTERPRETATION_OR_DIAGNOSIS
K243234:input,K243234,input,MEDICAL_IMAGE
K243234:output,K243234,output,DETECTION_OR_ALERT
K243234:output,K243234,output,MEASUREMENT_OR_QUANTIFICATION
K243234:output,K243234,output,SEGMENTATION_OR_LOCALIZATION
K243234:user,K243234,user,OTHER_CLINICIAN
K243234:setting,K243234,setting,DIAGNOSTIC_INTERPRETATION
K243234:action,K243234,action,INTERPRETATION_OR_DIAGNOSIS
K243235:input,K243235,input,AUDIO_OR_VIDEO
K243235:output,K243235,output,MEASUREMENT_OR_QUANTIFICATION
K243235:output,K243235,output,OTHER
K243235:setting,K243235,setting,DIAGNOSTIC_INTERPRETATION
K243235:action,K243235,action,INTERPRETATION_OR_DIAGNOSIS
K243239:input,K243239,input,AUDIO_OR_VIDEO
K243239:output,K243239,output,DETECTION_OR_ALERT
K243239:output,K243239,output,SEGMENTATION_OR_LOCALIZATION
K243239:user,K243239,user,OTHER_CLINICIAN
K243239:setting,K243239,setting,ACUTE_TRIAGE_OR_EMERGENCY
K243239:action,K243239,action,INTERPRETATION_OR_DIAGNOSIS
K243250:input,K243250,input,MEDICAL_IMAGE
K243250:output,K243250,output,RECONSTRUCTION_OR_ENHANCEMENT
K243250:user,K243250,user,RADIOLOGIST
K243250:user,K243250,user,TECHNOLOGIST_OR_OPERATOR
K243250:setting,K243250,setting,OTHER
K243253:input,K243253,input,MEDICAL_IMAGE
K243253:output,K243253,output,MEASUREMENT_OR_QUANTIFICATION
K243253:user,K243253,user,OTHER_CLINICIAN
K243253:setting,K243253,setting,OTHER
K243253:action,K243253,action,WORKFLOW_OR_DOCUMENTATION
K243268:input,K243268,input,PHYSIOLOGICAL_SIGNAL
K243268:output,K243268,output,CLASSIFICATION_OR_DIAGNOSIS
K243268:output,K243268,output,MEASUREMENT_OR_QUANTIFICATION
K243268:user,K243268,user,OTHER_CLINICIAN
K243268:user,K243268,user,PATIENT_OR_CAREGIVER
K243268:setting,K243268,setting,DIAGNOSTIC_INTERPRETATION
K243268:setting,K243268,setting,HOME_OR_CONSUMER
K243268:action,K243268,action,INTERPRETATION_OR_DIAGNOSIS
K243292:input,K243292,input,MEDICAL_IMAGE
K243292:output,K243292,output,DOCUMENTATION_OR_SUMMARY
K243292:output,K243292,output,MEASUREMENT_OR_QUANTIFICATION
K243292:output,K243292,output,SEGMENTATION_OR_LOCALIZATION
K243292:user,K243292,user,OTHER_PHYSICIAN
K243292:setting,K243292,setting,PROCEDURAL_OR_OPERATING_ROOM
K243292:action,K243292,action,TREATMENT_OR_PROCEDURE_PLANNING
K243294:input,K243294,input,MEDICAL_IMAGE
K243294:output,K243294,output,MEASUREMENT_OR_QUANTIFICATION
K243294:output,K243294,output,SEGMENTATION_OR_LOCALIZATION
K243294:user,K243294,user,OTHER_PHYSICIAN
K243294:user,K243294,user,TECHNOLOGIST_OR_OPERATOR
K243294:setting,K243294,setting,DIAGNOSTIC_INTERPRETATION
K243294:action,K243294,action,INTERPRETATION_OR_DIAGNOSIS
K243294:action,K243294,action,TREATMENT_OR_PROCEDURE_PLANNING
K243331:input,K243331,input,AUDIO_OR_VIDEO
K243331:output,K243331,output,MEASUREMENT_OR_QUANTIFICATION
K243331:user,K243331,user,OTHER_CLINICIAN
K243331:setting,K243331,setting,DIAGNOSTIC_INTERPRETATION
K243331:action,K243331,action,INTERPRETATION_OR_DIAGNOSIS
K243335:input,K243335,input,MEDICAL_IMAGE
K243335:output,K243335,output,RECONSTRUCTION_OR_ENHANCEMENT
K243335:user,K243335,user,OTHER_PHYSICIAN
K243335:setting,K243335,setting,DIAGNOSTIC_INTERPRETATION
K243335:action,K243335,action,INTERPRETATION_OR_DIAGNOSIS
K243341:input,K243341,input,MEDICAL_IMAGE
K243341:output,K243341,output,DETECTION_OR_ALERT
K243341:output,K243341,output,DOCUMENTATION_OR_SUMMARY
K243341:output,K243341,output,OTHER
K243341:output,K243341,output,SEGMENTATION_OR_LOCALIZATION
K243341:user,K243341,user,OTHER_PHYSICIAN
K243341:user,K243341,user,RADIOLOGIST
K243341:setting,K243341,setting,DIAGNOSTIC_INTERPRETATION
K243341:action,K243341,action,INTERPRETATION_OR_DIAGNOSIS
K243341:action,K243341,action,WORKFLOW_OR_DOCUMENTATION
K243348:input,K243348,input,MEDICAL_IMAGE
K243348:output,K243348,output,MEASUREMENT_OR_QUANTIFICATION
K243348:user,K243348,user,OTHER_CLINICIAN
K243348:user,K243348,user,PATIENT_OR_CAREGIVER
K243348:setting,K243348,setting,HOME_OR_CONSUMER
K243348:setting,K243348,setting,MONITORING
K243348:setting,K243348,setting,OTHER
K243348:action,K243348,action,MONITORING_OR_FOLLOW_UP
K243349:input,K243349,input,PHYSIOLOGICAL_SIGNAL
K243349:output,K243349,output,CLASSIFICATION_OR_DIAGNOSIS
K243349:output,K243349,output,DETECTION_OR_ALERT
K243349:output,K243349,output,DOCUMENTATION_OR_SUMMARY
K243349:output,K243349,output,MEASUREMENT_OR_QUANTIFICATION
K243349:user,K243349,user,OTHER_CLINICIAN
K243349:user,K243349,user,TECHNOLOGIST_OR_OPERATOR
K243349:setting,K243349,setting,MONITORING
K243349:setting,K243349,setting,OUTPATIENT
K243349:action,K243349,action,INTERPRETATION_OR_DIAGNOSIS
K243349:action,K243349,action,MONITORING_OR_FOLLOW_UP
K243350:input,K243350,input,MEDICAL_IMAGE
K243350:output,K243350,output,RECONSTRUCTION_OR_ENHANCEMENT
K243350:output,K243350,output,SEGMENTATION_OR_LOCALIZATION
K243350:user,K243350,user,OTHER_PHYSICIAN
K243350:setting,K243350,setting,DIAGNOSTIC_INTERPRETATION
K243350:setting,K243350,setting,MONITORING
K243350:setting,K243350,setting,PROCEDURAL_OR_OPERATING_ROOM
K243350:action,K243350,action,INTERPRETATION_OR_DIAGNOSIS
K243350:action,K243350,action,MONITORING_OR_FOLLOW_UP
K243350:action,K243350,action,TREATMENT_OR_PROCEDURE_PLANNING
K243350:action,K243350,action,WORKFLOW_OR_DOCUMENTATION
K243363:input,K243363,input,MEDICAL_IMAGE
K243363:output,K243363,output,DETECTION_OR_ALERT
K243363:user,K243363,user,OTHER_CLINICIAN
K243363:setting,K243363,setting,ACUTE_TRIAGE_OR_EMERGENCY
K243363:action,K243363,action,TRIAGE_OR_PRIORITIZATION
K243376:input,K243376,input,AUDIO_OR_VIDEO
K243376:input,K243376,input,MEDICAL_IMAGE
K243376:output,K243376,output,CONTROL_OR_AUTOMATION
K243376:output,K243376,output,OTHER
K243376:setting,K243376,setting,PROCEDURAL_OR_OPERATING_ROOM
K243376:action,K243376,action,THERAPY_DOSE_OR_DEVICE_CONTROL
K243376:action,K243376,action,WORKFLOW_OR_DOCUMENTATION
K243378:input,K243378,input,MEDICAL_IMAGE
K243378:output,K243378,output,MEASUREMENT_OR_QUANTIFICATION
K243378:output,K243378,output,SEGMENTATION_OR_LOCALIZATION
K243378:user,K243378,user,OTHER_CLINICIAN
K243378:setting,K243378,setting,DIAGNOSTIC_INTERPRETATION
K243378:action,K243378,action,INTERPRETATION_OR_DIAGNOSIS
K243397:input,K243397,input,MEDICAL_IMAGE
K243397:output,K243397,output,MEASUREMENT_OR_QUANTIFICATION
K243397:output,K243397,output,OTHER
K243397:output,K243397,output,RECONSTRUCTION_OR_ENHANCEMENT
K243397:user,K243397,user,OTHER_PHYSICIAN
K243397:setting,K243397,setting,DIAGNOSTIC_INTERPRETATION
K243397:setting,K243397,setting,OTHER
K243397:action,K243397,action,INTERPRETATION_OR_DIAGNOSIS
K243397:action,K243397,action,WORKFLOW_OR_DOCUMENTATION
K243446:input,K243446,input,MEDICAL_IMAGE
K243446:output,K243446,output,RECONSTRUCTION_OR_ENHANCEMENT
K243446:user,K243446,user,OTHER_PHYSICIAN
K243446:setting,K243446,setting,DIAGNOSTIC_INTERPRETATION
K243446:setting,K243446,setting,MONITORING
K243446:setting,K243446,setting,PROCEDURAL_OR_OPERATING_ROOM
K243446:action,K243446,action,INTERPRETATION_OR_DIAGNOSIS
K243446:action,K243446,action,MONITORING_OR_FOLLOW_UP
K243446:action,K243446,action,TREATMENT_OR_PROCEDURE_PLANNING
K243481:input,K243481,input,MEDICAL_IMAGE
K243481:output,K243481,output,SEGMENTATION_OR_LOCALIZATION
K243481:user,K243481,user,OTHER_PHYSICIAN
K243481:user,K243481,user,TECHNOLOGIST_OR_OPERATOR
K243481:setting,K243481,setting,PROCEDURAL_OR_OPERATING_ROOM
K243481:action,K243481,action,THERAPY_DOSE_OR_DEVICE_CONTROL
K243481:action,K243481,action,TREATMENT_OR_PROCEDURE_PLANNING
K243523:input,K243523,input,MEDICAL_IMAGE
K243523:output,K243523,output,RECOMMENDATION_OR_PLANNING
K243523:user,K243523,user,TECHNOLOGIST_OR_OPERATOR
K243523:setting,K243523,setting,OTHER
K243523:action,K243523,action,WORKFLOW_OR_DOCUMENTATION
K243547:input,K243547,input,MEDICAL_IMAGE
K243547:output,K243547,output,CONTROL_OR_AUTOMATION
K243547:output,K243547,output,MEASUREMENT_OR_QUANTIFICATION
K243547:output,K243547,output,OTHER
K243547:output,K243547,output,RECOMMENDATION_OR_PLANNING
K243547:output,K243547,output,RECONSTRUCTION_OR_ENHANCEMENT
K243547:output,K243547,output,SEGMENTATION_OR_LOCALIZATION
K243547:user,K243547,user,OTHER_PHYSICIAN
K243547:user,K243547,user,TECHNOLOGIST_OR_OPERATOR
K243547:setting,K243547,setting,DIAGNOSTIC_INTERPRETATION
K243547:setting,K243547,setting,OTHER
K243547:action,K243547,action,INTERPRETATION_OR_DIAGNOSIS
K243547:action,K243547,action,THERAPY_DOSE_OR_DEVICE_CONTROL
K243547:action,K243547,action,WORKFLOW_OR_DOCUMENTATION
K243548:input,K243548,input,MEDICAL_IMAGE
K243548:output,K243548,output,DETECTION_OR_ALERT
K243548:user,K243548,user,OTHER_CLINICIAN
K243548:setting,K243548,setting,ACUTE_TRIAGE_OR_EMERGENCY
K243548:action,K243548,action,TRIAGE_OR_PRIORITIZATION
K243558:input,K243558,input,CLINICAL_TABULAR_OR_TEXT
K243558:output,K243558,output,CLASSIFICATION_OR_DIAGNOSIS
K243558:user,K243558,user,OTHER_CLINICIAN
K243558:setting,K243558,setting,DIAGNOSTIC_INTERPRETATION
K243558:action,K243558,action,INTERPRETATION_OR_DIAGNOSIS
K243567:input,K243567,input,AUDIO_OR_VIDEO
K243567:output,K243567,output,DETECTION_OR_ALERT
K243567:user,K243567,user,OTHER_CLINICIAN
K243567:user,K243567,user,PATIENT_OR_CAREGIVER
K243567:setting,K243567,setting,DIAGNOSTIC_INTERPRETATION
K243567:setting,K243567,setting,HOME_OR_CONSUMER
K243567:action,K243567,action,INTERPRETATION_OR_DIAGNOSIS
K243611:input,K243611,input,MEDICAL_IMAGE
K243611:output,K243611,output,DETECTION_OR_ALERT
K243611:user,K243611,user,OTHER_CLINICIAN
K243611:user,K243611,user,OTHER_PHYSICIAN
K243611:user,K243611,user,RADIOLOGIST
K243611:setting,K243611,setting,ACUTE_TRIAGE_OR_EMERGENCY
K243611:action,K243611,action,REFERRAL_OR_ESCALATION
K243611:action,K243611,action,TRIAGE_OR_PRIORITIZATION
K243614:input,K243614,input,MEDICAL_IMAGE
K243614:output,K243614,output,DETECTION_OR_ALERT
K243614:user,K243614,user,OTHER_PHYSICIAN
K243614:setting,K243614,setting,DIAGNOSTIC_INTERPRETATION
K243614:action,K243614,action,INTERPRETATION_OR_DIAGNOSIS
K243617:input,K243617,input,MEDICAL_IMAGE
K243617:output,K243617,output,RECOMMENDATION_OR_PLANNING
K243617:output,K243617,output,RECONSTRUCTION_OR_ENHANCEMENT
K243617:setting,K243617,setting,DIAGNOSTIC_INTERPRETATION
K243617:setting,K243617,setting,SCREENING
K243617:action,K243617,action,INTERPRETATION_OR_DIAGNOSIS
K243617:action,K243617,action,WORKFLOW_OR_DOCUMENTATION
K243620:input,K243620,input,MEDICAL_IMAGE
K243620:output,K243620,output,RECONSTRUCTION_OR_ENHANCEMENT
K243620:user,K243620,user,OTHER_CLINICIAN
K243620:setting,K243620,setting,DIAGNOSTIC_INTERPRETATION
K243620:setting,K243620,setting,OTHER
K243620:setting,K243620,setting,PROCEDURAL_OR_OPERATING_ROOM
K243620:action,K243620,action,INTERPRETATION_OR_DIAGNOSIS
K243628:input,K243628,input,MEDICAL_IMAGE
K243628:output,K243628,output,RECONSTRUCTION_OR_ENHANCEMENT
K243628:user,K243628,user,OTHER_CLINICIAN
K243628:setting,K243628,setting,DIAGNOSTIC_INTERPRETATION
K243628:setting,K243628,setting,OTHER
K243628:setting,K243628,setting,PROCEDURAL_OR_OPERATING_ROOM
K243628:action,K243628,action,INTERPRETATION_OR_DIAGNOSIS
K243633:input,K243633,input,MEDICAL_IMAGE
K243633:output,K243633,output,DETECTION_OR_ALERT
K243633:output,K243633,output,DOCUMENTATION_OR_SUMMARY
K243633:output,K243633,output,MEASUREMENT_OR_QUANTIFICATION
K243633:output,K243633,output,RECONSTRUCTION_OR_ENHANCEMENT
K243633:output,K243633,output,SEGMENTATION_OR_LOCALIZATION
K243633:user,K243633,user,OTHER_CLINICIAN
K243633:user,K243633,user,OTHER_PHYSICIAN
K243633:setting,K243633,setting,PROCEDURAL_OR_OPERATING_ROOM
K243633:action,K243633,action,TREATMENT_OR_PROCEDURE_PLANNING
K243647:input,K243647,input,MEDICAL_IMAGE
K243647:output,K243647,output,RECONSTRUCTION_OR_ENHANCEMENT
K243647:output,K243647,output,SEGMENTATION_OR_LOCALIZATION
K243647:user,K243647,user,OTHER_CLINICIAN
K243647:user,K243647,user,OTHER_PHYSICIAN
K243647:user,K243647,user,RADIOLOGIST
K243647:user,K243647,user,TECHNOLOGIST_OR_OPERATOR
K243647:setting,K243647,setting,DIAGNOSTIC_INTERPRETATION
K243647:setting,K243647,setting,PROCEDURAL_OR_OPERATING_ROOM
K243647:action,K243647,action,INTERPRETATION_OR_DIAGNOSIS
K243647:action,K243647,action,TREATMENT_OR_PROCEDURE_PLANNING
K243647:action,K243647,action,WORKFLOW_OR_DOCUMENTATION
K243651:input,K243651,input,MEDICAL_IMAGE
K243651:output,K243651,output,RECONSTRUCTION_OR_ENHANCEMENT
K243651:output,K243651,output,SEGMENTATION_OR_LOCALIZATION
K243651:user,K243651,user,RADIOLOGIST
K243651:setting,K243651,setting,DIAGNOSTIC_INTERPRETATION
K243651:action,K243651,action,INTERPRETATION_OR_DIAGNOSIS
K243657:input,K243657,input,MEDICAL_IMAGE
K243657:output,K243657,output,MEASUREMENT_OR_QUANTIFICATION
K243657:output,K243657,output,RECOMMENDATION_OR_PLANNING
K243657:output,K243657,output,SEGMENTATION_OR_LOCALIZATION
K243657:user,K243657,user,OTHER_PHYSICIAN
K243657:setting,K243657,setting,PROCEDURAL_OR_OPERATING_ROOM
K243657:action,K243657,action,THERAPY_DOSE_OR_DEVICE_CONTROL
K243657:action,K243657,action,TREATMENT_OR_PROCEDURE_PLANNING
K243667:input,K243667,input,MEDICAL_IMAGE
K243667:output,K243667,output,RECONSTRUCTION_OR_ENHANCEMENT
K243667:user,K243667,user,OTHER_CLINICIAN
K243667:setting,K243667,setting,DIAGNOSTIC_INTERPRETATION
K243667:setting,K243667,setting,OTHER
K243667:action,K243667,action,INTERPRETATION_OR_DIAGNOSIS
K243667:action,K243667,action,WORKFLOW_OR_DOCUMENTATION
K243672:input,K243672,input,MEDICAL_IMAGE
K243672:output,K243672,output,DOCUMENTATION_OR_SUMMARY
K243672:output,K243672,output,MEASUREMENT_OR_QUANTIFICATION
K243672:output,K243672,output,SEGMENTATION_OR_LOCALIZATION
K243672:user,K243672,user,OTHER_CLINICIAN
K243672:user,K243672,user,OTHER_PHYSICIAN
K243672:setting,K243672,setting,DIAGNOSTIC_INTERPRETATION
K243672:setting,K243672,setting,MONITORING
K243672:setting,K243672,setting,PROCEDURAL_OR_OPERATING_ROOM
K243672:action,K243672,action,INTERPRETATION_OR_DIAGNOSIS
K243672:action,K243672,action,MONITORING_OR_FOLLOW_UP
K243672:action,K243672,action,TREATMENT_OR_PROCEDURE_PLANNING
K243672:action,K243672,action,WORKFLOW_OR_DOCUMENTATION
K243679:input,K243679,input,MEDICAL_IMAGE
K243679:output,K243679,output,CLASSIFICATION_OR_DIAGNOSIS
K243679:output,K243679,output,DETECTION_OR_ALERT
K243679:output,K243679,output,DOCUMENTATION_OR_SUMMARY
K243679:output,K243679,output,MEASUREMENT_OR_QUANTIFICATION
K243679:output,K243679,output,RISK_SCORE_OR_PREDICTION
K243679:output,K243679,output,SEGMENTATION_OR_LOCALIZATION
K243679:user,K243679,user,OTHER_PHYSICIAN
K243679:user,K243679,user,RADIOLOGIST
K243679:setting,K243679,setting,DIAGNOSTIC_INTERPRETATION
K243679:setting,K243679,setting,SCREENING
K243679:action,K243679,action,INTERPRETATION_OR_DIAGNOSIS
K243679:action,K243679,action,WORKFLOW_OR_DOCUMENTATION
K243681:input,K243681,input,MEDICAL_IMAGE
K243681:output,K243681,output,MEASUREMENT_OR_QUANTIFICATION
K243681:output,K243681,output,RECONSTRUCTION_OR_ENHANCEMENT
K243681:user,K243681,user,OTHER_CLINICIAN
K243681:setting,K243681,setting,DIAGNOSTIC_INTERPRETATION
K243681:setting,K243681,setting,OTHER
K243681:action,K243681,action,INTERPRETATION_OR_DIAGNOSIS
K243684:input,K243684,input,AUDIO_OR_VIDEO
K243684:input,K243684,input,MEDICAL_IMAGE
K243684:output,K243684,output,CLASSIFICATION_OR_DIAGNOSIS
K243684:output,K243684,output,DOCUMENTATION_OR_SUMMARY
K243684:output,K243684,output,OTHER
K243684:user,K243684,user,OTHER_CLINICIAN
K243684:user,K243684,user,OTHER_PHYSICIAN
K243684:user,K243684,user,TECHNOLOGIST_OR_OPERATOR
K243684:setting,K243684,setting,DIAGNOSTIC_INTERPRETATION
K243684:setting,K243684,setting,OTHER
K243684:action,K243684,action,INTERPRETATION_OR_DIAGNOSIS
K243684:action,K243684,action,WORKFLOW_OR_DOCUMENTATION
K243685:input,K243685,input,MEDICAL_IMAGE
K243685:output,K243685,output,CLASSIFICATION_OR_DIAGNOSIS
K243685:output,K243685,output,DOCUMENTATION_OR_SUMMARY
K243685:user,K243685,user,OTHER_PHYSICIAN
K243685:user,K243685,user,RADIOLOGIST
K243685:setting,K243685,setting,DIAGNOSTIC_INTERPRETATION
K243685:setting,K243685,setting,SCREENING
K243685:action,K243685,action,INTERPRETATION_OR_DIAGNOSIS
K243687:input,K243687,input,AUDIO_OR_VIDEO
K243687:output,K243687,output,DOCUMENTATION_OR_SUMMARY
K243687:output,K243687,output,MEASUREMENT_OR_QUANTIFICATION
K243687:user,K243687,user,OTHER_CLINICIAN
K243687:setting,K243687,setting,MONITORING
K243687:setting,K243687,setting,OTHER
K243687:action,K243687,action,MONITORING_OR_FOLLOW_UP
K243687:action,K243687,action,WORKFLOW_OR_DOCUMENTATION
K243688:input,K243688,input,MEDICAL_IMAGE
K243688:output,K243688,output,DETECTION_OR_ALERT
K243688:output,K243688,output,DOCUMENTATION_OR_SUMMARY
K243688:output,K243688,output,RISK_SCORE_OR_PREDICTION
K243688:output,K243688,output,SEGMENTATION_OR_LOCALIZATION
K243688:user,K243688,user,OTHER_PHYSICIAN
K243688:user,K243688,user,RADIOLOGIST
K243688:setting,K243688,setting,DIAGNOSTIC_INTERPRETATION
K243688:setting,K243688,setting,SCREENING
K243688:action,K243688,action,INTERPRETATION_OR_DIAGNOSIS
K243689:input,K243689,input,CLINICAL_TABULAR_OR_TEXT
K243689:input,K243689,input,MEDICAL_IMAGE
K243689:output,K243689,output,CLASSIFICATION_OR_DIAGNOSIS
K243689:output,K243689,output,DETECTION_OR_ALERT
K243689:output,K243689,output,DOCUMENTATION_OR_SUMMARY
K243689:output,K243689,output,MEASUREMENT_OR_QUANTIFICATION
K243689:output,K243689,output,RECONSTRUCTION_OR_ENHANCEMENT
K243689:output,K243689,output,RISK_SCORE_OR_PREDICTION
K243689:output,K243689,output,SEGMENTATION_OR_LOCALIZATION
K243689:user,K243689,user,OTHER_PHYSICIAN
K243689:setting,K243689,setting,DIAGNOSTIC_INTERPRETATION
K243689:setting,K243689,setting,MONITORING
K243689:setting,K243689,setting,SCREENING
K243689:action,K243689,action,INTERPRETATION_OR_DIAGNOSIS
K243689:action,K243689,action,MONITORING_OR_FOLLOW_UP
K243689:action,K243689,action,WORKFLOW_OR_DOCUMENTATION
K243696:input,K243696,input,CLINICAL_TABULAR_OR_TEXT
K243696:input,K243696,input,MEDICAL_IMAGE
K243696:output,K243696,output,MEASUREMENT_OR_QUANTIFICATION
K243696:output,K243696,output,RISK_SCORE_OR_PREDICTION
K243696:output,K243696,output,SEGMENTATION_OR_LOCALIZATION
K243696:user,K243696,user,OTHER_CLINICIAN
K243696:user,K243696,user,OTHER_PHYSICIAN
K243696:user,K243696,user,RADIOLOGIST
K243696:setting,K243696,setting,DIAGNOSTIC_INTERPRETATION
K243696:action,K243696,action,INTERPRETATION_OR_DIAGNOSIS
K243702:input,K243702,input,MEDICAL_IMAGE
K243702:output,K243702,output,MEASUREMENT_OR_QUANTIFICATION
K243702:user,K243702,user,OTHER_CLINICIAN
K243702:setting,K243702,setting,DIAGNOSTIC_INTERPRETATION
K243702:setting,K243702,setting,OTHER
K243702:action,K243702,action,INTERPRETATION_OR_DIAGNOSIS
K243705:input,K243705,input,MEDICAL_IMAGE
K243705:output,K243705,output,CLASSIFICATION_OR_DIAGNOSIS
K243705:output,K243705,output,DOCUMENTATION_OR_SUMMARY
K243705:user,K243705,user,OTHER_PHYSICIAN
K243705:user,K243705,user,RADIOLOGIST
K243705:setting,K243705,setting,DIAGNOSTIC_INTERPRETATION
K243705:setting,K243705,setting,SCREENING
K243705:action,K243705,action,INTERPRETATION_OR_DIAGNOSIS
K243743:input,K243743,input,CLINICAL_TABULAR_OR_TEXT
K243743:input,K243743,input,PHYSIOLOGICAL_SIGNAL
K243743:output,K243743,output,CLASSIFICATION_OR_DIAGNOSIS
K243743:output,K243743,output,DETECTION_OR_ALERT
K243743:output,K243743,output,DOCUMENTATION_OR_SUMMARY
K243743:output,K243743,output,OTHER
K243743:output,K243743,output,SEGMENTATION_OR_LOCALIZATION
K243743:user,K243743,user,OTHER_CLINICIAN
K243743:user,K243743,user,OTHER_PHYSICIAN
K243743:setting,K243743,setting,DIAGNOSTIC_INTERPRETATION
K243743:setting,K243743,setting,INPATIENT
K243743:setting,K243743,setting,MONITORING
K243743:setting,K243743,setting,OUTPATIENT
K243743:action,K243743,action,INTERPRETATION_OR_DIAGNOSIS
K243743:action,K243743,action,WORKFLOW_OR_DOCUMENTATION
K243762:input,K243762,input,MEDICAL_IMAGE
K243762:output,K243762,output,SEGMENTATION_OR_LOCALIZATION
K243762:user,K243762,user,OTHER_CLINICIAN
K243762:setting,K243762,setting,DIAGNOSTIC_INTERPRETATION
K243762:setting,K243762,setting,PROCEDURAL_OR_OPERATING_ROOM
K243762:action,K243762,action,INTERPRETATION_OR_DIAGNOSIS
K243762:action,K243762,action,TREATMENT_OR_PROCEDURE_PLANNING
K243762:action,K243762,action,WORKFLOW_OR_DOCUMENTATION
K243769:input,K243769,input,AUDIO_OR_VIDEO
K243769:input,K243769,input,MEDICAL_IMAGE
K243769:input,K243769,input,PHYSIOLOGICAL_SIGNAL
K243769:output,K243769,output,DOCUMENTATION_OR_SUMMARY
K243769:output,K243769,output,MEASUREMENT_OR_QUANTIFICATION
K243769:output,K243769,output,RECONSTRUCTION_OR_ENHANCEMENT
K243769:output,K243769,output,SEGMENTATION_OR_LOCALIZATION
K243769:user,K243769,user,OTHER
K243769:user,K243769,user,OTHER_CLINICIAN
K243769:user,K243769,user,OTHER_PHYSICIAN
K243769:setting,K243769,setting,DIAGNOSTIC_INTERPRETATION
K243769:setting,K243769,setting,PROCEDURAL_OR_OPERATING_ROOM
K243769:action,K243769,action,INTERPRETATION_OR_DIAGNOSIS
K243779:input,K243779,input,MEDICAL_IMAGE
K243779:output,K243779,output,MEASUREMENT_OR_QUANTIFICATION
K243779:output,K243779,output,SEGMENTATION_OR_LOCALIZATION
K243779:user,K243779,user,OTHER_CLINICIAN
K243779:user,K243779,user,OTHER_PHYSICIAN
K243779:setting,K243779,setting,DIAGNOSTIC_INTERPRETATION
K243779:action,K243779,action,INTERPRETATION_OR_DIAGNOSIS
K243793:input,K243793,input,AUDIO_OR_VIDEO
K243793:output,K243793,output,MEASUREMENT_OR_QUANTIFICATION
K243793:output,K243793,output,OTHER
K243793:user,K243793,user,OTHER_CLINICIAN
K243793:user,K243793,user,OTHER_PHYSICIAN
K243793:user,K243793,user,TECHNOLOGIST_OR_OPERATOR
K243793:setting,K243793,setting,DIAGNOSTIC_INTERPRETATION
K243793:setting,K243793,setting,OTHER
K243793:action,K243793,action,INTERPRETATION_OR_DIAGNOSIS
K243793:action,K243793,action,WORKFLOW_OR_DOCUMENTATION
K243794:input,K243794,input,AUDIO_OR_VIDEO
K243794:input,K243794,input,PHYSIOLOGICAL_SIGNAL
K243794:output,K243794,output,MEASUREMENT_OR_QUANTIFICATION
K243794:output,K243794,output,SEGMENTATION_OR_LOCALIZATION
K243794:user,K243794,user,OTHER_CLINICIAN
K243794:user,K243794,user,OTHER_PHYSICIAN
K243794:user,K243794,user,TECHNOLOGIST_OR_OPERATOR
K243794:setting,K243794,setting,DIAGNOSTIC_INTERPRETATION
K243794:setting,K243794,setting,OTHER
K243794:action,K243794,action,INTERPRETATION_OR_DIAGNOSIS
K243794:action,K243794,action,WORKFLOW_OR_DOCUMENTATION
K243808:input,K243808,input,MEDICAL_IMAGE
K243808:output,K243808,output,DETECTION_OR_ALERT
K243808:user,K243808,user,OTHER_CLINICIAN
K243808:setting,K243808,setting,ACUTE_TRIAGE_OR_EMERGENCY
K243808:action,K243808,action,TRIAGE_OR_PRIORITIZATION
K243810:input,K243810,input,MEDICAL_IMAGE
K243810:output,K243810,output,SEGMENTATION_OR_LOCALIZATION
K243810:user,K243810,user,OTHER_CLINICIAN
K243810:user,K243810,user,OTHER_PHYSICIAN
K243810:setting,K243810,setting,MONITORING
K243810:setting,K243810,setting,PROCEDURAL_OR_OPERATING_ROOM
K243810:action,K243810,action,MONITORING_OR_FOLLOW_UP
K243812:input,K243812,input,PHYSIOLOGICAL_SIGNAL
K243812:output,K243812,output,DETECTION_OR_ALERT
K243812:output,K243812,output,MEASUREMENT_OR_QUANTIFICATION
K243812:output,K243812,output,SEGMENTATION_OR_LOCALIZATION
K243812:user,K243812,user,OTHER_PHYSICIAN
K243812:setting,K243812,setting,PROCEDURAL_OR_OPERATING_ROOM
K243812:action,K243812,action,WORKFLOW_OR_DOCUMENTATION
K243831:input,K243831,input,MEDICAL_IMAGE
K243831:output,K243831,output,DETECTION_OR_ALERT
K243831:output,K243831,output,SEGMENTATION_OR_LOCALIZATION
K243831:user,K243831,user,RADIOLOGIST
K243831:setting,K243831,setting,DIAGNOSTIC_INTERPRETATION
K243831:action,K243831,action,INTERPRETATION_OR_DIAGNOSIS
K243851:input,K243851,input,AUDIO_OR_VIDEO
K243851:output,K243851,output,RISK_SCORE_OR_PREDICTION
K243851:user,K243851,user,LABORATORY_PROFESSIONAL
K243851:user,K243851,user,OTHER_CLINICIAN
K243851:setting,K243851,setting,LABORATORY
K243851:setting,K243851,setting,PROCEDURAL_OR_OPERATING_ROOM
K243851:action,K243851,action,TREATMENT_OR_PROCEDURE_PLANNING
K243853:input,K243853,input,MEDICAL_IMAGE
K243853:output,K243853,output,MEASUREMENT_OR_QUANTIFICATION
K243853:output,K243853,output,SEGMENTATION_OR_LOCALIZATION
K243853:user,K243853,user,OTHER_CLINICIAN
K243853:setting,K243853,setting,DIAGNOSTIC_INTERPRETATION
K243853:action,K243853,action,INTERPRETATION_OR_DIAGNOSIS
K243859:input,K243859,input,MEDICAL_IMAGE
K243859:output,K243859,output,DOCUMENTATION_OR_SUMMARY
K243859:output,K243859,output,MEASUREMENT_OR_QUANTIFICATION
K243859:output,K243859,output,RECONSTRUCTION_OR_ENHANCEMENT
K243859:output,K243859,output,SEGMENTATION_OR_LOCALIZATION
K243859:user,K243859,user,OTHER_CLINICIAN
K243859:user,K243859,user,OTHER_PHYSICIAN
K243859:setting,K243859,setting,DIAGNOSTIC_INTERPRETATION
K243859:setting,K243859,setting,MONITORING
K243859:setting,K243859,setting,OTHER
K243859:action,K243859,action,INTERPRETATION_OR_DIAGNOSIS
K243859:action,K243859,action,MONITORING_OR_FOLLOW_UP
K243862:input,K243862,input,AUDIO_OR_VIDEO
K243862:output,K243862,output,MEASUREMENT_OR_QUANTIFICATION
K243862:output,K243862,output,OTHER
K243862:setting,K243862,setting,DIAGNOSTIC_INTERPRETATION
K243862:setting,K243862,setting,OTHER
K243862:action,K243862,action,INTERPRETATION_OR_DIAGNOSIS
K243862:action,K243862,action,WORKFLOW_OR_DOCUMENTATION
K243863:input,K243863,input,MEDICAL_IMAGE
K243863:output,K243863,output,DOCUMENTATION_OR_SUMMARY
K243863:output,K243863,output,MEASUREMENT_OR_QUANTIFICATION
K243863:output,K243863,output,SEGMENTATION_OR_LOCALIZATION
K243863:user,K243863,user,OTHER_PHYSICIAN
K243863:user,K243863,user,RADIOLOGIST
K243863:setting,K243863,setting,DIAGNOSTIC_INTERPRETATION
K243863:action,K243863,action,INTERPRETATION_OR_DIAGNOSIS
K243863:action,K243863,action,WORKFLOW_OR_DOCUMENTATION
K243866:input,K243866,input,AUDIO_OR_VIDEO
K243866:input,K243866,input,MEDICAL_IMAGE
K243866:output,K243866,output,DETECTION_OR_ALERT
K243866:output,K243866,output,DOCUMENTATION_OR_SUMMARY
K243866:user,K243866,user,OTHER_CLINICIAN
K243866:user,K243866,user,OTHER_PHYSICIAN
K243866:setting,K243866,setting,DIAGNOSTIC_INTERPRETATION
K243866:setting,K243866,setting,SCREENING
K243866:action,K243866,action,INTERPRETATION_OR_DIAGNOSIS
K243866:action,K243866,action,REFERRAL_OR_ESCALATION
K243878:input,K243878,input,MEDICAL_IMAGE
K243878:output,K243878,output,RECONSTRUCTION_OR_ENHANCEMENT
K243878:output,K243878,output,SEGMENTATION_OR_LOCALIZATION
K243878:user,K243878,user,OTHER_CLINICIAN
K243878:user,K243878,user,TECHNOLOGIST_OR_OPERATOR
K243878:setting,K243878,setting,DIAGNOSTIC_INTERPRETATION
K243878:action,K243878,action,INTERPRETATION_OR_DIAGNOSIS
K243878:action,K243878,action,WORKFLOW_OR_DOCUMENTATION
K243884:input,K243884,input,AUDIO_OR_VIDEO
K243884:output,K243884,output,SEGMENTATION_OR_LOCALIZATION
K243884:user,K243884,user,OTHER_PHYSICIAN
K243884:setting,K243884,setting,PROCEDURAL_OR_OPERATING_ROOM
K243884:action,K243884,action,THERAPY_DOSE_OR_DEVICE_CONTROL
K243891:input,K243891,input,PHYSIOLOGICAL_SIGNAL
K243891:output,K243891,output,CLASSIFICATION_OR_DIAGNOSIS
K243891:output,K243891,output,MEASUREMENT_OR_QUANTIFICATION
K243891:user,K243891,user,OTHER_CLINICIAN
K243891:user,K243891,user,TECHNOLOGIST_OR_OPERATOR
K243891:setting,K243891,setting,DIAGNOSTIC_INTERPRETATION
K243891:action,K243891,action,INTERPRETATION_OR_DIAGNOSIS
K243893:input,K243893,input,MEDICAL_IMAGE
K243893:output,K243893,output,DETECTION_OR_ALERT
K243893:output,K243893,output,MEASUREMENT_OR_QUANTIFICATION
K243893:output,K243893,output,SEGMENTATION_OR_LOCALIZATION
K243893:user,K243893,user,OTHER_CLINICIAN
K243893:setting,K243893,setting,DIAGNOSTIC_INTERPRETATION
K243893:action,K243893,action,INTERPRETATION_OR_DIAGNOSIS
K243919:input,K243919,input,MEDICAL_IMAGE
K243919:output,K243919,output,MEASUREMENT_OR_QUANTIFICATION
K243919:output,K243919,output,SEGMENTATION_OR_LOCALIZATION
K243919:setting,K243919,setting,MONITORING
K243919:setting,K243919,setting,PROCEDURAL_OR_OPERATING_ROOM
K243919:action,K243919,action,MONITORING_OR_FOLLOW_UP
K243933:input,K243933,input,MEDICAL_IMAGE
K243933:output,K243933,output,MEASUREMENT_OR_QUANTIFICATION
K243933:output,K243933,output,RECONSTRUCTION_OR_ENHANCEMENT
K243933:output,K243933,output,SEGMENTATION_OR_LOCALIZATION
K243933:user,K243933,user,OTHER_CLINICIAN
K243933:user,K243933,user,TECHNOLOGIST_OR_OPERATOR
K243933:setting,K243933,setting,PROCEDURAL_OR_OPERATING_ROOM
K243933:action,K243933,action,TREATMENT_OR_PROCEDURE_PLANNING
K243937:input,K243937,input,MEDICAL_IMAGE
K243937:output,K243937,output,MEASUREMENT_OR_QUANTIFICATION
K243937:output,K243937,output,SEGMENTATION_OR_LOCALIZATION
K243937:user,K243937,user,OTHER_CLINICIAN
K243937:setting,K243937,setting,OTHER
K243937:setting,K243937,setting,PROCEDURAL_OR_OPERATING_ROOM
K243937:action,K243937,action,TREATMENT_OR_PROCEDURE_PLANNING
K243950:input,K243950,input,MEDICAL_IMAGE
K243950:output,K243950,output,MEASUREMENT_OR_QUANTIFICATION
K243950:output,K243950,output,RECOMMENDATION_OR_PLANNING
K243950:output,K243950,output,RECONSTRUCTION_OR_ENHANCEMENT
K243950:output,K243950,output,SEGMENTATION_OR_LOCALIZATION
K243950:user,K243950,user,OTHER_PHYSICIAN
K243950:setting,K243950,setting,PROCEDURAL_OR_OPERATING_ROOM
K243950:action,K243950,action,THERAPY_DOSE_OR_DEVICE_CONTROL
K243950:action,K243950,action,TREATMENT_OR_PROCEDURE_PLANNING
K243955:input,K243955,input,MEDICAL_IMAGE
K243955:output,K243955,output,DOCUMENTATION_OR_SUMMARY
K243955:output,K243955,output,MEASUREMENT_OR_QUANTIFICATION
K243955:output,K243955,output,RECOMMENDATION_OR_PLANNING
K243955:output,K243955,output,RECONSTRUCTION_OR_ENHANCEMENT
K243955:output,K243955,output,SEGMENTATION_OR_LOCALIZATION
K243955:user,K243955,user,OTHER_PHYSICIAN
K243955:setting,K243955,setting,PROCEDURAL_OR_OPERATING_ROOM
K243955:action,K243955,action,THERAPY_DOSE_OR_DEVICE_CONTROL
K243955:action,K243955,action,TREATMENT_OR_PROCEDURE_PLANNING
K243989:input,K243989,input,MEDICAL_IMAGE
K243989:output,K243989,output,RECONSTRUCTION_OR_ENHANCEMENT
K243989:output,K243989,output,SEGMENTATION_OR_LOCALIZATION
K243989:user,K243989,user,OTHER_CLINICIAN
K243989:setting,K243989,setting,DIAGNOSTIC_INTERPRETATION
K243989:action,K243989,action,INTERPRETATION_OR_DIAGNOSIS
K244002:input,K244002,input,AUDIO_OR_VIDEO
K244002:output,K244002,output,RECONSTRUCTION_OR_ENHANCEMENT
K244002:user,K244002,user,OTHER_PHYSICIAN
K244002:setting,K244002,setting,DIAGNOSTIC_INTERPRETATION
K244002:setting,K244002,setting,PROCEDURAL_OR_OPERATING_ROOM
K244002:action,K244002,action,INTERPRETATION_OR_DIAGNOSIS
K244023:input,K244023,input,AUDIO_OR_VIDEO
K244023:output,K244023,output,DETECTION_OR_ALERT
K244023:output,K244023,output,SEGMENTATION_OR_LOCALIZATION
K244023:user,K244023,user,OTHER_PHYSICIAN
K244023:setting,K244023,setting,MONITORING
K244023:setting,K244023,setting,PROCEDURAL_OR_OPERATING_ROOM
K244023:setting,K244023,setting,SCREENING
K244023:action,K244023,action,INTERPRETATION_OR_DIAGNOSIS
K244027:input,K244027,input,PHYSIOLOGICAL_SIGNAL
K244027:output,K244027,output,CLASSIFICATION_OR_DIAGNOSIS
K244027:output,K244027,output,DOCUMENTATION_OR_SUMMARY
K244027:output,K244027,output,MEASUREMENT_OR_QUANTIFICATION
K244027:output,K244027,output,OTHER
K244027:user,K244027,user,OTHER_CLINICIAN
K244027:setting,K244027,setting,DIAGNOSTIC_INTERPRETATION
K244027:setting,K244027,setting,HOME_OR_CONSUMER
K244027:setting,K244027,setting,OTHER
K244027:action,K244027,action,INTERPRETATION_OR_DIAGNOSIS
K244027:action,K244027,action,WORKFLOW_OR_DOCUMENTATION
K250003:input,K250003,input,LAB_SPECIMEN_OR_OMICS
K250003:output,K250003,output,CLASSIFICATION_OR_DIAGNOSIS
K250003:user,K250003,user,OTHER_CLINICIAN
K250003:setting,K250003,setting,DIAGNOSTIC_INTERPRETATION
K250003:action,K250003,action,INTERPRETATION_OR_DIAGNOSIS
K250023:input,K250023,input,MEDICAL_IMAGE
K250023:output,K250023,output,DOCUMENTATION_OR_SUMMARY
K250023:output,K250023,output,MEASUREMENT_OR_QUANTIFICATION
K250023:output,K250023,output,RECOMMENDATION_OR_PLANNING
K250023:output,K250023,output,RECONSTRUCTION_OR_ENHANCEMENT
K250023:output,K250023,output,SEGMENTATION_OR_LOCALIZATION
K250023:user,K250023,user,OTHER_CLINICIAN
K250023:user,K250023,user,OTHER_PHYSICIAN
K250023:setting,K250023,setting,DIAGNOSTIC_INTERPRETATION
K250023:setting,K250023,setting,OTHER
K250023:setting,K250023,setting,PROCEDURAL_OR_OPERATING_ROOM
K250023:action,K250023,action,INTERPRETATION_OR_DIAGNOSIS
K250023:action,K250023,action,TREATMENT_OR_PROCEDURE_PLANNING
K250035:input,K250035,input,MEDICAL_IMAGE
K250035:output,K250035,output,SEGMENTATION_OR_LOCALIZATION
K250035:user,K250035,user,OTHER_CLINICIAN
K250035:setting,K250035,setting,MONITORING
K250035:setting,K250035,setting,PROCEDURAL_OR_OPERATING_ROOM
K250035:action,K250035,action,MONITORING_OR_FOLLOW_UP
K250035:action,K250035,action,TREATMENT_OR_PROCEDURE_PLANNING
K250035:action,K250035,action,WORKFLOW_OR_DOCUMENTATION
K250042:input,K250042,input,MEDICAL_IMAGE
K250042:output,K250042,output,DOCUMENTATION_OR_SUMMARY
K250042:output,K250042,output,MEASUREMENT_OR_QUANTIFICATION
K250042:output,K250042,output,RECOMMENDATION_OR_PLANNING
K250042:output,K250042,output,RECONSTRUCTION_OR_ENHANCEMENT
K250042:output,K250042,output,SEGMENTATION_OR_LOCALIZATION
K250042:user,K250042,user,OTHER_CLINICIAN
K250042:user,K250042,user,OTHER_PHYSICIAN
K250042:setting,K250042,setting,OTHER
K250042:setting,K250042,setting,PROCEDURAL_OR_OPERATING_ROOM
K250042:action,K250042,action,TREATMENT_OR_PROCEDURE_PLANNING
K250064:input,K250064,input,CLINICAL_TABULAR_OR_TEXT
K250064:input,K250064,input,MEDICAL_IMAGE
K250064:output,K250064,output,MEASUREMENT_OR_QUANTIFICATION
K250064:output,K250064,output,RECOMMENDATION_OR_PLANNING
K250064:user,K250064,user,OTHER_CLINICIAN
K250064:user,K250064,user,OTHER_PHYSICIAN
K250064:setting,K250064,setting,PROCEDURAL_OR_OPERATING_ROOM
K250064:action,K250064,action,TREATMENT_OR_PROCEDURE_PLANNING
K250086:input,K250086,input,MEDICAL_IMAGE
K250086:output,K250086,output,MEASUREMENT_OR_QUANTIFICATION
K250086:output,K250086,output,RECOMMENDATION_OR_PLANNING
K250086:output,K250086,output,RECONSTRUCTION_OR_ENHANCEMENT
K250086:output,K250086,output,SEGMENTATION_OR_LOCALIZATION
K250086:user,K250086,user,OTHER_PHYSICIAN
K250086:setting,K250086,setting,PROCEDURAL_OR_OPERATING_ROOM
K250086:action,K250086,action,THERAPY_DOSE_OR_DEVICE_CONTROL
K250086:action,K250086,action,TREATMENT_OR_PROCEDURE_PLANNING
K250087:input,K250087,input,MEDICAL_IMAGE
K250087:output,K250087,output,MEASUREMENT_OR_QUANTIFICATION
K250087:output,K250087,output,RECOMMENDATION_OR_PLANNING
K250087:output,K250087,output,SEGMENTATION_OR_LOCALIZATION
K250087:user,K250087,user,OTHER
K250087:user,K250087,user,OTHER_CLINICIAN
K250087:user,K250087,user,OTHER_PHYSICIAN
K250087:setting,K250087,setting,DIAGNOSTIC_INTERPRETATION
K250087:setting,K250087,setting,OTHER
K250087:action,K250087,action,INTERPRETATION_OR_DIAGNOSIS
K250087:action,K250087,action,WORKFLOW_OR_DOCUMENTATION
K250096:input,K250096,input,PHYSIOLOGICAL_SIGNAL
K250096:output,K250096,output,CONTROL_OR_AUTOMATION
K250096:user,K250096,user,PATIENT_OR_CAREGIVER
K250096:setting,K250096,setting,HOME_OR_CONSUMER
K250096:setting,K250096,setting,MONITORING
K250096:action,K250096,action,PATIENT_SELF_MANAGEMENT
K250096:action,K250096,action,THERAPY_DOSE_OR_DEVICE_CONTROL
K250119:input,K250119,input,CLINICAL_TABULAR_OR_TEXT
K250119:input,K250119,input,PHYSIOLOGICAL_SIGNAL
K250119:output,K250119,output,DETECTION_OR_ALERT
K250119:user,K250119,user,OTHER_CLINICIAN
K250119:setting,K250119,setting,DIAGNOSTIC_INTERPRETATION
K250119:setting,K250119,setting,OTHER
K250119:action,K250119,action,INTERPRETATION_OR_DIAGNOSIS
K250119:action,K250119,action,REFERRAL_OR_ESCALATION
K250151:input,K250151,input,AUDIO_OR_VIDEO
K250151:output,K250151,output,DETECTION_OR_ALERT
K250151:output,K250151,output,DOCUMENTATION_OR_SUMMARY
K250151:user,K250151,user,OTHER_CLINICIAN
K250151:user,K250151,user,OTHER_PHYSICIAN
K250151:user,K250151,user,TECHNOLOGIST_OR_OPERATOR
K250151:setting,K250151,setting,DIAGNOSTIC_INTERPRETATION
K250151:action,K250151,action,INTERPRETATION_OR_DIAGNOSIS
K250151:action,K250151,action,REFERRAL_OR_ESCALATION
K250151:action,K250151,action,WORKFLOW_OR_DOCUMENTATION
K250221:input,K250221,input,MEDICAL_IMAGE
K250221:output,K250221,output,CLASSIFICATION_OR_DIAGNOSIS
K250221:output,K250221,output,DOCUMENTATION_OR_SUMMARY
K250221:output,K250221,output,MEASUREMENT_OR_QUANTIFICATION
K250221:output,K250221,output,SEGMENTATION_OR_LOCALIZATION
K250221:user,K250221,user,OTHER_CLINICIAN
K250221:user,K250221,user,OTHER_PHYSICIAN
K250221:setting,K250221,setting,ACUTE_TRIAGE_OR_EMERGENCY
K250221:setting,K250221,setting,DIAGNOSTIC_INTERPRETATION
K250221:action,K250221,action,INTERPRETATION_OR_DIAGNOSIS
K250221:action,K250221,action,WORKFLOW_OR_DOCUMENTATION
K250226:input,K250226,input,MEDICAL_IMAGE
K250226:output,K250226,output,MEASUREMENT_OR_QUANTIFICATION
K250226:output,K250226,output,SEGMENTATION_OR_LOCALIZATION
K250226:user,K250226,user,OTHER_CLINICIAN
K250226:setting,K250226,setting,DIAGNOSTIC_INTERPRETATION
K250226:action,K250226,action,INTERPRETATION_OR_DIAGNOSIS
K250233:input,K250233,input,PHYSIOLOGICAL_SIGNAL
K250233:output,K250233,output,MEASUREMENT_OR_QUANTIFICATION
K250233:output,K250233,output,OTHER
K250233:user,K250233,user,PATIENT_OR_CAREGIVER
K250233:setting,K250233,setting,MONITORING
K250233:setting,K250233,setting,OTHER
K250233:action,K250233,action,MONITORING_OR_FOLLOW_UP
K250233:action,K250233,action,PATIENT_SELF_MANAGEMENT
K250236:input,K250236,input,MEDICAL_IMAGE
K250236:output,K250236,output,RECONSTRUCTION_OR_ENHANCEMENT
K250236:user,K250236,user,OTHER_PHYSICIAN
K250236:user,K250236,user,TECHNOLOGIST_OR_OPERATOR
K250236:setting,K250236,setting,ACUTE_TRIAGE_OR_EMERGENCY
K250236:setting,K250236,setting,DIAGNOSTIC_INTERPRETATION
K250236:setting,K250236,setting,INPATIENT
K250236:setting,K250236,setting,OTHER
K250236:setting,K250236,setting,OUTPATIENT
K250236:action,K250236,action,INTERPRETATION_OR_DIAGNOSIS
K250237:input,K250237,input,MEDICAL_IMAGE
K250237:output,K250237,output,DOCUMENTATION_OR_SUMMARY
K250237:output,K250237,output,MEASUREMENT_OR_QUANTIFICATION
K250237:output,K250237,output,RECONSTRUCTION_OR_ENHANCEMENT
K250237:output,K250237,output,SEGMENTATION_OR_LOCALIZATION
K250237:user,K250237,user,OTHER_CLINICIAN
K250237:setting,K250237,setting,DIAGNOSTIC_INTERPRETATION
K250237:setting,K250237,setting,PROCEDURAL_OR_OPERATING_ROOM
K250237:action,K250237,action,INTERPRETATION_OR_DIAGNOSIS
K250237:action,K250237,action,TREATMENT_OR_PROCEDURE_PLANNING
K250237:action,K250237,action,WORKFLOW_OR_DOCUMENTATION
K250246:input,K250246,input,MEDICAL_IMAGE
K250246:output,K250246,output,DOCUMENTATION_OR_SUMMARY
K250246:output,K250246,output,MEASUREMENT_OR_QUANTIFICATION
K250246:output,K250246,output,RECOMMENDATION_OR_PLANNING
K250246:output,K250246,output,RECONSTRUCTION_OR_ENHANCEMENT
K250246:output,K250246,output,SEGMENTATION_OR_LOCALIZATION
K250246:user,K250246,user,OTHER_PHYSICIAN
K250246:user,K250246,user,TECHNOLOGIST_OR_OPERATOR
K250246:setting,K250246,setting,DIAGNOSTIC_INTERPRETATION
K250246:setting,K250246,setting,OTHER
K250246:action,K250246,action,INTERPRETATION_OR_DIAGNOSIS
K250246:action,K250246,action,WORKFLOW_OR_DOCUMENTATION
K250248:input,K250248,input,MEDICAL_IMAGE
K250248:output,K250248,output,DETECTION_OR_ALERT
K250248:user,K250248,user,OTHER_CLINICIAN
K250248:user,K250248,user,OTHER_PHYSICIAN
K250248:setting,K250248,setting,ACUTE_TRIAGE_OR_EMERGENCY
K250248:action,K250248,action,TRIAGE_OR_PRIORITIZATION
K250255:input,K250255,input,MEDICAL_IMAGE
K250255:output,K250255,output,RECONSTRUCTION_OR_ENHANCEMENT
K250255:output,K250255,output,SEGMENTATION_OR_LOCALIZATION
K250255:user,K250255,user,OTHER_PHYSICIAN
K250255:setting,K250255,setting,PROCEDURAL_OR_OPERATING_ROOM
K250255:action,K250255,action,THERAPY_DOSE_OR_DEVICE_CONTROL
K250255:action,K250255,action,TREATMENT_OR_PROCEDURE_PLANNING
K250264:input,K250264,input,MEDICAL_IMAGE
K250264:output,K250264,output,DETECTION_OR_ALERT
K250264:output,K250264,output,SEGMENTATION_OR_LOCALIZATION
K250264:user,K250264,user,OTHER_CLINICIAN
K250264:setting,K250264,setting,DIAGNOSTIC_INTERPRETATION
K250264:action,K250264,action,INTERPRETATION_OR_DIAGNOSIS
K250268:input,K250268,input,MEDICAL_IMAGE
K250268:output,K250268,output,MEASUREMENT_OR_QUANTIFICATION
K250268:output,K250268,output,RECONSTRUCTION_OR_ENHANCEMENT
K250268:user,K250268,user,OTHER_CLINICIAN
K250268:user,K250268,user,OTHER_PHYSICIAN
K250268:setting,K250268,setting,MONITORING
K250268:setting,K250268,setting,PROCEDURAL_OR_OPERATING_ROOM
K250268:action,K250268,action,MONITORING_OR_FOLLOW_UP
K250268:action,K250268,action,OTHER
K250288:input,K250288,input,MEDICAL_IMAGE
K250288:output,K250288,output,SEGMENTATION_OR_LOCALIZATION
K250288:user,K250288,user,OTHER_CLINICIAN
K250288:user,K250288,user,OTHER_PHYSICIAN
K250288:setting,K250288,setting,OTHER
K250288:action,K250288,action,WORKFLOW_OR_DOCUMENTATION
K250290:input,K250290,input,MEDICAL_IMAGE
K250290:output,K250290,output,DOCUMENTATION_OR_SUMMARY
K250290:output,K250290,output,MEASUREMENT_OR_QUANTIFICATION
K250290:output,K250290,output,RECOMMENDATION_OR_PLANNING
K250290:output,K250290,output,RECONSTRUCTION_OR_ENHANCEMENT
K250290:output,K250290,output,SEGMENTATION_OR_LOCALIZATION
K250290:user,K250290,user,OTHER_CLINICIAN
K250290:user,K250290,user,OTHER_PHYSICIAN
K250290:setting,K250290,setting,OTHER
K250290:setting,K250290,setting,PROCEDURAL_OR_OPERATING_ROOM
K250290:action,K250290,action,TREATMENT_OR_PROCEDURE_PLANNING
K250328:input,K250328,input,MEDICAL_IMAGE
K250328:output,K250328,output,MEASUREMENT_OR_QUANTIFICATION
K250328:user,K250328,user,OTHER_CLINICIAN
K250328:user,K250328,user,OTHER_PHYSICIAN
K250328:setting,K250328,setting,DIAGNOSTIC_INTERPRETATION
K250328:setting,K250328,setting,OTHER
K250328:action,K250328,action,INTERPRETATION_OR_DIAGNOSIS
K250330:input,K250330,input,MEDICAL_IMAGE
K250330:output,K250330,output,MEASUREMENT_OR_QUANTIFICATION
K250330:output,K250330,output,SEGMENTATION_OR_LOCALIZATION
K250330:user,K250330,user,OTHER_PHYSICIAN
K250330:setting,K250330,setting,MONITORING
K250330:setting,K250330,setting,PROCEDURAL_OR_OPERATING_ROOM
K250330:action,K250330,action,MONITORING_OR_FOLLOW_UP
K250330:action,K250330,action,TREATMENT_OR_PROCEDURE_PLANNING
K250337:input,K250337,input,MEDICAL_IMAGE
K250337:output,K250337,output,DOCUMENTATION_OR_SUMMARY
K250337:output,K250337,output,MEASUREMENT_OR_QUANTIFICATION
K250337:output,K250337,output,RECONSTRUCTION_OR_ENHANCEMENT
K250337:output,K250337,output,SEGMENTATION_OR_LOCALIZATION
K250337:user,K250337,user,OTHER_CLINICIAN
K250337:user,K250337,user,TECHNOLOGIST_OR_OPERATOR
K250337:setting,K250337,setting,DIAGNOSTIC_INTERPRETATION
K250337:setting,K250337,setting,MONITORING
K250337:setting,K250337,setting,PROCEDURAL_OR_OPERATING_ROOM
K250337:action,K250337,action,INTERPRETATION_OR_DIAGNOSIS
K250337:action,K250337,action,MONITORING_OR_FOLLOW_UP
K250337:action,K250337,action,TREATMENT_OR_PROCEDURE_PLANNING
K250354:input,K250354,input,MEDICAL_IMAGE
K250354:output,K250354,output,DOCUMENTATION_OR_SUMMARY
K250354:output,K250354,output,MEASUREMENT_OR_QUANTIFICATION
K250354:output,K250354,output,SEGMENTATION_OR_LOCALIZATION
K250354:user,K250354,user,OTHER_CLINICIAN
K250354:user,K250354,user,OTHER_PHYSICIAN
K250354:user,K250354,user,RADIOLOGIST
K250354:setting,K250354,setting,DIAGNOSTIC_INTERPRETATION
K250354:action,K250354,action,INTERPRETATION_OR_DIAGNOSIS
K250354:action,K250354,action,WORKFLOW_OR_DOCUMENTATION
K250367:input,K250367,input,MEDICAL_IMAGE
K250367:output,K250367,output,CLASSIFICATION_OR_DIAGNOSIS
K250367:output,K250367,output,DOCUMENTATION_OR_SUMMARY
K250367:output,K250367,output,MEASUREMENT_OR_QUANTIFICATION
K250367:output,K250367,output,SEGMENTATION_OR_LOCALIZATION
K250367:user,K250367,user,OTHER_PHYSICIAN
K250367:user,K250367,user,RADIOLOGIST
K250367:setting,K250367,setting,DIAGNOSTIC_INTERPRETATION
K250367:action,K250367,action,INTERPRETATION_OR_DIAGNOSIS
K250367:action,K250367,action,WORKFLOW_OR_DOCUMENTATION
K250369:input,K250369,input,MEDICAL_IMAGE
K250369:output,K250369,output,RECONSTRUCTION_OR_ENHANCEMENT
K250369:output,K250369,output,SEGMENTATION_OR_LOCALIZATION
K250369:user,K250369,user,OTHER_PHYSICIAN
K250369:user,K250369,user,TECHNOLOGIST_OR_OPERATOR
K250369:setting,K250369,setting,DIAGNOSTIC_INTERPRETATION
K250369:setting,K250369,setting,OTHER
K250369:setting,K250369,setting,PROCEDURAL_OR_OPERATING_ROOM
K250369:action,K250369,action,INTERPRETATION_OR_DIAGNOSIS
K250369:action,K250369,action,TREATMENT_OR_PROCEDURE_PLANNING
K250370:input,K250370,input,MEDICAL_IMAGE
K250370:output,K250370,output,CONTROL_OR_AUTOMATION
K250370:output,K250370,output,RECOMMENDATION_OR_PLANNING
K250370:output,K250370,output,RECONSTRUCTION_OR_ENHANCEMENT
K250370:user,K250370,user,TECHNOLOGIST_OR_OPERATOR
K250370:setting,K250370,setting,DIAGNOSTIC_INTERPRETATION
K250370:setting,K250370,setting,OTHER
K250370:action,K250370,action,THERAPY_DOSE_OR_DEVICE_CONTROL
K250370:action,K250370,action,WORKFLOW_OR_DOCUMENTATION
K250416:input,K250416,input,MEDICAL_IMAGE
K250416:output,K250416,output,DOCUMENTATION_OR_SUMMARY
K250416:output,K250416,output,MEASUREMENT_OR_QUANTIFICATION
K250416:output,K250416,output,SEGMENTATION_OR_LOCALIZATION
K250416:user,K250416,user,OTHER_CLINICIAN
K250416:user,K250416,user,RADIOLOGIST
K250416:user,K250416,user,TECHNOLOGIST_OR_OPERATOR
K250416:setting,K250416,setting,DIAGNOSTIC_INTERPRETATION
K250416:setting,K250416,setting,OTHER
K250416:action,K250416,action,INTERPRETATION_OR_DIAGNOSIS
K250416:action,K250416,action,WORKFLOW_OR_DOCUMENTATION
K250427:input,K250427,input,MEDICAL_IMAGE
K250427:output,K250427,output,SEGMENTATION_OR_LOCALIZATION
K250427:user,K250427,user,OTHER_CLINICIAN
K250427:user,K250427,user,OTHER_PHYSICIAN
K250427:setting,K250427,setting,PROCEDURAL_OR_OPERATING_ROOM
K250427:action,K250427,action,TREATMENT_OR_PROCEDURE_PLANNING
K250427:action,K250427,action,WORKFLOW_OR_DOCUMENTATION
K250436:input,K250436,input,MEDICAL_IMAGE
K250436:output,K250436,output,RECONSTRUCTION_OR_ENHANCEMENT
K250436:user,K250436,user,OTHER_CLINICIAN
K250436:user,K250436,user,OTHER_PHYSICIAN
K250436:setting,K250436,setting,DIAGNOSTIC_INTERPRETATION
K250436:action,K250436,action,INTERPRETATION_OR_DIAGNOSIS
K250440:input,K250440,input,DEVICE_TELEMETRY_OR_OPERATIONAL
K250440:input,K250440,input,MEDICAL_IMAGE
K250440:output,K250440,output,MEASUREMENT_OR_QUANTIFICATION
K250440:output,K250440,output,RECOMMENDATION_OR_PLANNING
K250440:output,K250440,output,SEGMENTATION_OR_LOCALIZATION
K250440:user,K250440,user,OTHER_CLINICIAN
K250440:user,K250440,user,OTHER_PHYSICIAN
K250440:setting,K250440,setting,PROCEDURAL_OR_OPERATING_ROOM
K250440:action,K250440,action,THERAPY_DOSE_OR_DEVICE_CONTROL
K250440:action,K250440,action,TREATMENT_OR_PROCEDURE_PLANNING
K250443:input,K250443,input,MEDICAL_IMAGE
K250443:output,K250443,output,RECONSTRUCTION_OR_ENHANCEMENT
K250443:user,K250443,user,OTHER_CLINICIAN
K250443:user,K250443,user,OTHER_PHYSICIAN
K250443:setting,K250443,setting,DIAGNOSTIC_INTERPRETATION
K250443:action,K250443,action,INTERPRETATION_OR_DIAGNOSIS
K250484:input,K250484,input,AUDIO_OR_VIDEO
K250484:input,K250484,input,DEVICE_TELEMETRY_OR_OPERATIONAL
K250484:input,K250484,input,MEDICAL_IMAGE
K250484:input,K250484,input,MULTIMODAL
K250484:output,K250484,output,DOCUMENTATION_OR_SUMMARY
K250484:output,K250484,output,MEASUREMENT_OR_QUANTIFICATION
K250484:output,K250484,output,RECONSTRUCTION_OR_ENHANCEMENT
K250484:output,K250484,output,SEGMENTATION_OR_LOCALIZATION
K250484:user,K250484,user,OTHER_CLINICIAN
K250484:user,K250484,user,OTHER_PHYSICIAN
K250484:setting,K250484,setting,DIAGNOSTIC_INTERPRETATION
K250484:setting,K250484,setting,MONITORING
K250484:action,K250484,action,INTERPRETATION_OR_DIAGNOSIS
K250484:action,K250484,action,MONITORING_OR_FOLLOW_UP
K250484:action,K250484,action,WORKFLOW_OR_DOCUMENTATION
K250507:input,K250507,input,PHYSIOLOGICAL_SIGNAL
K250507:output,K250507,output,DETECTION_OR_ALERT
K250507:user,K250507,user,PATIENT_OR_CAREGIVER
K250507:setting,K250507,setting,HOME_OR_CONSUMER
K250507:setting,K250507,setting,SCREENING
K250507:action,K250507,action,REFERRAL_OR_ESCALATION
K250515:input,K250515,input,PHYSIOLOGICAL_SIGNAL
K250515:output,K250515,output,DETECTION_OR_ALERT
K250515:output,K250515,output,MEASUREMENT_OR_QUANTIFICATION
K250515:user,K250515,user,OTHER_CLINICIAN
K250515:user,K250515,user,PATIENT_OR_CAREGIVER
K250515:setting,K250515,setting,HOME_OR_CONSUMER
K250515:setting,K250515,setting,MONITORING
K250515:setting,K250515,setting,OTHER
K250515:action,K250515,action,MONITORING_OR_FOLLOW_UP
K250515:action,K250515,action,REFERRAL_OR_ESCALATION
K250525:input,K250525,input,MEDICAL_IMAGE
K250525:output,K250525,output,DETECTION_OR_ALERT
K250525:output,K250525,output,SEGMENTATION_OR_LOCALIZATION
K250525:user,K250525,user,OTHER_CLINICIAN
K250525:setting,K250525,setting,DIAGNOSTIC_INTERPRETATION
K250525:action,K250525,action,INTERPRETATION_OR_DIAGNOSIS
K250543:input,K250543,input,AUDIO_OR_VIDEO
K250543:input,K250543,input,MEDICAL_IMAGE
K250543:output,K250543,output,OTHER
K250543:user,K250543,user,OTHER_CLINICIAN
K250543:setting,K250543,setting,OTHER
K250543:action,K250543,action,WORKFLOW_OR_DOCUMENTATION
K250569:input,K250569,input,PHYSIOLOGICAL_SIGNAL
K250569:output,K250569,output,DETECTION_OR_ALERT
K250569:output,K250569,output,DOCUMENTATION_OR_SUMMARY
K250569:output,K250569,output,MEASUREMENT_OR_QUANTIFICATION
K250569:user,K250569,user,OTHER_CLINICIAN
K250569:user,K250569,user,OTHER_PHYSICIAN
K250569:setting,K250569,setting,DIAGNOSTIC_INTERPRETATION
K250569:action,K250569,action,INTERPRETATION_OR_DIAGNOSIS
K250569:action,K250569,action,WORKFLOW_OR_DOCUMENTATION
K250649:input,K250649,input,PHYSIOLOGICAL_SIGNAL
K250649:output,K250649,output,DETECTION_OR_ALERT
K250649:user,K250649,user,OTHER_CLINICIAN
K250649:user,K250649,user,OTHER_PHYSICIAN
K250649:setting,K250649,setting,ACUTE_TRIAGE_OR_EMERGENCY
K250649:setting,K250649,setting,OUTPATIENT
K250649:setting,K250649,setting,SCREENING
K250649:action,K250649,action,INTERPRETATION_OR_DIAGNOSIS
K250649:action,K250649,action,REFERRAL_OR_ESCALATION
K250650:input,K250650,input,MEDICAL_IMAGE
K250650:output,K250650,output,RECONSTRUCTION_OR_ENHANCEMENT
K250650:setting,K250650,setting,DIAGNOSTIC_INTERPRETATION
K250650:setting,K250650,setting,PROCEDURAL_OR_OPERATING_ROOM
K250650:action,K250650,action,INTERPRETATION_OR_DIAGNOSIS
K250650:action,K250650,action,TREATMENT_OR_PROCEDURE_PLANNING
K250652:input,K250652,input,PHYSIOLOGICAL_SIGNAL
K250652:output,K250652,output,DETECTION_OR_ALERT
K250652:user,K250652,user,OTHER_CLINICIAN
K250652:user,K250652,user,OTHER_PHYSICIAN
K250652:setting,K250652,setting,ACUTE_TRIAGE_OR_EMERGENCY
K250652:setting,K250652,setting,OUTPATIENT
K250652:setting,K250652,setting,SCREENING
K250652:action,K250652,action,INTERPRETATION_OR_DIAGNOSIS
K250652:action,K250652,action,REFERRAL_OR_ESCALATION
K250655:input,K250655,input,AUDIO_OR_VIDEO
K250655:input,K250655,input,MEDICAL_IMAGE
K250655:output,K250655,output,DETECTION_OR_ALERT
K250655:output,K250655,output,DOCUMENTATION_OR_SUMMARY
K250655:output,K250655,output,SEGMENTATION_OR_LOCALIZATION
K250655:user,K250655,user,OTHER_CLINICIAN
K250655:setting,K250655,setting,DIAGNOSTIC_INTERPRETATION
K250655:setting,K250655,setting,MONITORING
K250655:action,K250655,action,INTERPRETATION_OR_DIAGNOSIS
K250655:action,K250655,action,REFERRAL_OR_ESCALATION
K250655:action,K250655,action,WORKFLOW_OR_DOCUMENTATION
K250660:input,K250660,input,AUDIO_OR_VIDEO
K250660:input,K250660,input,MEDICAL_IMAGE
K250660:output,K250660,output,CONTROL_OR_AUTOMATION
K250660:output,K250660,output,RECONSTRUCTION_OR_ENHANCEMENT
K250660:user,K250660,user,OTHER_CLINICIAN
K250660:user,K250660,user,TECHNOLOGIST_OR_OPERATOR
K250660:setting,K250660,setting,DIAGNOSTIC_INTERPRETATION
K250660:setting,K250660,setting,OTHER
K250660:action,K250660,action,THERAPY_DOSE_OR_DEVICE_CONTROL
K250660:action,K250660,action,WORKFLOW_OR_DOCUMENTATION
K250662:input,K250662,input,MEDICAL_IMAGE
K250662:output,K250662,output,DETECTION_OR_ALERT
K250662:output,K250662,output,DOCUMENTATION_OR_SUMMARY
K250662:output,K250662,output,MEASUREMENT_OR_QUANTIFICATION
K250662:output,K250662,output,SEGMENTATION_OR_LOCALIZATION
K250662:user,K250662,user,OTHER_CLINICIAN
K250662:user,K250662,user,OTHER_PHYSICIAN
K250662:user,K250662,user,RADIOLOGIST
K250662:setting,K250662,setting,DIAGNOSTIC_INTERPRETATION
K250662:setting,K250662,setting,OTHER
K250662:action,K250662,action,INTERPRETATION_OR_DIAGNOSIS
K250662:action,K250662,action,WORKFLOW_OR_DOCUMENTATION
K250670:input,K250670,input,AUDIO_OR_VIDEO
K250670:input,K250670,input,MEDICAL_IMAGE
K250670:output,K250670,output,CLASSIFICATION_OR_DIAGNOSIS
K250670:output,K250670,output,DOCUMENTATION_OR_SUMMARY
K250670:output,K250670,output,MEASUREMENT_OR_QUANTIFICATION
K250670:output,K250670,output,SEGMENTATION_OR_LOCALIZATION
K250670:setting,K250670,setting,DIAGNOSTIC_INTERPRETATION
K250670:action,K250670,action,INTERPRETATION_OR_DIAGNOSIS
K250670:action,K250670,action,WORKFLOW_OR_DOCUMENTATION
K250685:input,K250685,input,MEDICAL_IMAGE
K250685:output,K250685,output,DETECTION_OR_ALERT
K250685:user,K250685,user,OTHER_CLINICIAN
K250685:user,K250685,user,OTHER_PHYSICIAN
K250685:setting,K250685,setting,ACUTE_TRIAGE_OR_EMERGENCY
K250685:action,K250685,action,TRIAGE_OR_PRIORITIZATION
K250686:input,K250686,input,MEDICAL_IMAGE
K250686:output,K250686,output,DOCUMENTATION_OR_SUMMARY
K250686:output,K250686,output,MEASUREMENT_OR_QUANTIFICATION
K250686:output,K250686,output,SEGMENTATION_OR_LOCALIZATION
K250686:user,K250686,user,OTHER_CLINICIAN
K250686:user,K250686,user,TECHNOLOGIST_OR_OPERATOR
K250686:setting,K250686,setting,DIAGNOSTIC_INTERPRETATION
K250686:action,K250686,action,INTERPRETATION_OR_DIAGNOSIS
K250686:action,K250686,action,WORKFLOW_OR_DOCUMENTATION
K250694:input,K250694,input,MEDICAL_IMAGE
K250694:output,K250694,output,DETECTION_OR_ALERT
K250694:user,K250694,user,RADIOLOGIST
K250694:setting,K250694,setting,ACUTE_TRIAGE_OR_EMERGENCY
K250694:setting,K250694,setting,OTHER
K250694:action,K250694,action,TRIAGE_OR_PRIORITIZATION
K250738:input,K250738,input,AUDIO_OR_VIDEO
K250738:input,K250738,input,MEDICAL_IMAGE
K250738:output,K250738,output,CONTROL_OR_AUTOMATION
K250738:output,K250738,output,RECONSTRUCTION_OR_ENHANCEMENT
K250738:user,K250738,user,OTHER_CLINICIAN
K250738:user,K250738,user,TECHNOLOGIST_OR_OPERATOR
K250738:setting,K250738,setting,DIAGNOSTIC_INTERPRETATION
K250738:setting,K250738,setting,OTHER
K250738:action,K250738,action,THERAPY_DOSE_OR_DEVICE_CONTROL
K250738:action,K250738,action,WORKFLOW_OR_DOCUMENTATION
K250749:input,K250749,input,PHYSIOLOGICAL_SIGNAL
K250749:output,K250749,output,MEASUREMENT_OR_QUANTIFICATION
K250749:output,K250749,output,OTHER
K250749:output,K250749,output,SEGMENTATION_OR_LOCALIZATION
K250749:user,K250749,user,OTHER_CLINICIAN
K250749:user,K250749,user,OTHER_PHYSICIAN
K250749:user,K250749,user,TECHNOLOGIST_OR_OPERATOR
K250749:setting,K250749,setting,PROCEDURAL_OR_OPERATING_ROOM
K250749:action,K250749,action,INTERPRETATION_OR_DIAGNOSIS
K250753:input,K250753,input,MEDICAL_IMAGE
K250753:output,K250753,output,DETECTION_OR_ALERT
K250753:output,K250753,output,SEGMENTATION_OR_LOCALIZATION
K250753:user,K250753,user,OTHER_CLINICIAN
K250753:setting,K250753,setting,DIAGNOSTIC_INTERPRETATION
K250753:action,K250753,action,INTERPRETATION_OR_DIAGNOSIS
K250754:input,K250754,input,MEDICAL_IMAGE
K250754:output,K250754,output,DETECTION_OR_ALERT
K250754:output,K250754,output,SEGMENTATION_OR_LOCALIZATION
K250754:user,K250754,user,OTHER_PHYSICIAN
K250754:setting,K250754,setting,DIAGNOSTIC_INTERPRETATION
K250754:setting,K250754,setting,SCREENING
K250754:action,K250754,action,INTERPRETATION_OR_DIAGNOSIS
K250755:input,K250755,input,MEDICAL_IMAGE
K250755:output,K250755,output,RECONSTRUCTION_OR_ENHANCEMENT
K250755:output,K250755,output,SEGMENTATION_OR_LOCALIZATION
K250755:user,K250755,user,OTHER_CLINICIAN
K250755:setting,K250755,setting,DIAGNOSTIC_INTERPRETATION
K250755:action,K250755,action,INTERPRETATION_OR_DIAGNOSIS
K250755:action,K250755,action,WORKFLOW_OR_DOCUMENTATION
K250780:input,K250780,input,MEDICAL_IMAGE
K250780:output,K250780,output,RECONSTRUCTION_OR_ENHANCEMENT
K250780:setting,K250780,setting,PROCEDURAL_OR_OPERATING_ROOM
K250780:action,K250780,action,TREATMENT_OR_PROCEDURE_PLANNING
K250780:action,K250780,action,WORKFLOW_OR_DOCUMENTATION
K250788:input,K250788,input,MEDICAL_IMAGE
K250788:output,K250788,output,RECONSTRUCTION_OR_ENHANCEMENT
K250788:user,K250788,user,TECHNOLOGIST_OR_OPERATOR
K250788:setting,K250788,setting,DIAGNOSTIC_INTERPRETATION
K250788:setting,K250788,setting,OTHER
K250788:action,K250788,action,INTERPRETATION_OR_DIAGNOSIS
K250788:action,K250788,action,WORKFLOW_OR_DOCUMENTATION
K250818:input,K250818,input,MEDICAL_IMAGE
K250818:output,K250818,output,OTHER
K250818:output,K250818,output,SEGMENTATION_OR_LOCALIZATION
K250818:user,K250818,user,OTHER_CLINICIAN
K250818:setting,K250818,setting,PROCEDURAL_OR_OPERATING_ROOM
K250818:action,K250818,action,TREATMENT_OR_PROCEDURE_PLANNING
K250818:action,K250818,action,WORKFLOW_OR_DOCUMENTATION
K250831:input,K250831,input,MEDICAL_IMAGE
K250831:output,K250831,output,DETECTION_OR_ALERT
K250831:user,K250831,user,OTHER_CLINICIAN
K250831:setting,K250831,setting,ACUTE_TRIAGE_OR_EMERGENCY
K250831:setting,K250831,setting,OTHER
K250831:action,K250831,action,TRIAGE_OR_PRIORITIZATION
K250877:input,K250877,input,MEDICAL_IMAGE
K250877:output,K250877,output,RECONSTRUCTION_OR_ENHANCEMENT
K250877:output,K250877,output,SEGMENTATION_OR_LOCALIZATION
K250877:user,K250877,user,OTHER_PHYSICIAN
K250877:user,K250877,user,TECHNOLOGIST_OR_OPERATOR
K250877:setting,K250877,setting,PROCEDURAL_OR_OPERATING_ROOM
K250877:action,K250877,action,THERAPY_DOSE_OR_DEVICE_CONTROL
K250877:action,K250877,action,TREATMENT_OR_PROCEDURE_PLANNING
K250882:input,K250882,input,PHYSIOLOGICAL_SIGNAL
K250882:output,K250882,output,CLASSIFICATION_OR_DIAGNOSIS
K250882:output,K250882,output,DOCUMENTATION_OR_SUMMARY
K250882:output,K250882,output,MEASUREMENT_OR_QUANTIFICATION
K250882:user,K250882,user,OTHER_CLINICIAN
K250882:setting,K250882,setting,DIAGNOSTIC_INTERPRETATION
K250882:setting,K250882,setting,HOME_OR_CONSUMER
K250882:setting,K250882,setting,OTHER
K250882:action,K250882,action,INTERPRETATION_OR_DIAGNOSIS
K250882:action,K250882,action,WORKFLOW_OR_DOCUMENTATION
K250886:input,K250886,input,AUDIO_OR_VIDEO
K250886:input,K250886,input,MEDICAL_IMAGE
K250886:output,K250886,output,CLASSIFICATION_OR_DIAGNOSIS
K250886:output,K250886,output,OTHER
K250886:user,K250886,user,OTHER_CLINICIAN
K250886:user,K250886,user,OTHER_PHYSICIAN
K250886:user,K250886,user,TECHNOLOGIST_OR_OPERATOR
K250886:setting,K250886,setting,DIAGNOSTIC_INTERPRETATION
K250886:setting,K250886,setting,OTHER
K250886:setting,K250886,setting,OUTPATIENT
K250886:action,K250886,action,INTERPRETATION_OR_DIAGNOSIS
K250886:action,K250886,action,WORKFLOW_OR_DOCUMENTATION
K250901:input,K250901,input,MEDICAL_IMAGE
K250901:output,K250901,output,RECONSTRUCTION_OR_ENHANCEMENT
K250901:user,K250901,user,OTHER_PHYSICIAN
K250901:setting,K250901,setting,DIAGNOSTIC_INTERPRETATION
K250901:action,K250901,action,INTERPRETATION_OR_DIAGNOSIS
K250902:input,K250902,input,MEDICAL_IMAGE
K250902:output,K250902,output,DOCUMENTATION_OR_SUMMARY
K250902:output,K250902,output,MEASUREMENT_OR_QUANTIFICATION
K250902:output,K250902,output,SEGMENTATION_OR_LOCALIZATION
K250902:user,K250902,user,OTHER_CLINICIAN
K250902:setting,K250902,setting,DIAGNOSTIC_INTERPRETATION
K250902:setting,K250902,setting,PROCEDURAL_OR_OPERATING_ROOM
K250902:action,K250902,action,INTERPRETATION_OR_DIAGNOSIS
K250902:action,K250902,action,TREATMENT_OR_PROCEDURE_PLANNING
K250914:input,K250914,input,MEDICAL_IMAGE
K250914:output,K250914,output,DOCUMENTATION_OR_SUMMARY
K250914:output,K250914,output,MEASUREMENT_OR_QUANTIFICATION
K250914:user,K250914,user,RADIOLOGIST
K250914:setting,K250914,setting,DIAGNOSTIC_INTERPRETATION
K250914:setting,K250914,setting,OTHER
K250914:action,K250914,action,INTERPRETATION_OR_DIAGNOSIS
K250932:input,K250932,input,PHYSIOLOGICAL_SIGNAL
K250932:output,K250932,output,CLASSIFICATION_OR_DIAGNOSIS
K250932:output,K250932,output,DETECTION_OR_ALERT
K250932:output,K250932,output,MEASUREMENT_OR_QUANTIFICATION
K250932:user,K250932,user,OTHER
K250932:user,K250932,user,OTHER_CLINICIAN
K250932:user,K250932,user,OTHER_PHYSICIAN
K250932:user,K250932,user,TECHNOLOGIST_OR_OPERATOR
K250932:setting,K250932,setting,DIAGNOSTIC_INTERPRETATION
K250932:setting,K250932,setting,MONITORING
K250932:action,K250932,action,INTERPRETATION_OR_DIAGNOSIS
K250941:input,K250941,input,MEDICAL_IMAGE
K250941:output,K250941,output,RECONSTRUCTION_OR_ENHANCEMENT
K250941:output,K250941,output,SEGMENTATION_OR_LOCALIZATION
K250941:setting,K250941,setting,DIAGNOSTIC_INTERPRETATION
K250941:setting,K250941,setting,MONITORING
K250941:setting,K250941,setting,PROCEDURAL_OR_OPERATING_ROOM
K250941:setting,K250941,setting,SCREENING
K250941:action,K250941,action,INTERPRETATION_OR_DIAGNOSIS
K250941:action,K250941,action,MONITORING_OR_FOLLOW_UP
K250941:action,K250941,action,TREATMENT_OR_PROCEDURE_PLANNING
K250941:action,K250941,action,WORKFLOW_OR_DOCUMENTATION
K250959:input,K250959,input,MEDICAL_IMAGE
K250959:output,K250959,output,CLASSIFICATION_OR_DIAGNOSIS
K250959:output,K250959,output,DETECTION_OR_ALERT
K250959:output,K250959,output,DOCUMENTATION_OR_SUMMARY
K250959:output,K250959,output,OTHER
K250959:user,K250959,user,OTHER_CLINICIAN
K250959:user,K250959,user,OTHER_PHYSICIAN
K250959:user,K250959,user,TECHNOLOGIST_OR_OPERATOR
K250959:setting,K250959,setting,DIAGNOSTIC_INTERPRETATION
K250959:setting,K250959,setting,OUTPATIENT
K250959:setting,K250959,setting,SCREENING
K250959:action,K250959,action,INTERPRETATION_OR_DIAGNOSIS
K250959:action,K250959,action,WORKFLOW_OR_DOCUMENTATION
K250984:input,K250984,input,AUDIO_OR_VIDEO
K250984:output,K250984,output,CONTROL_OR_AUTOMATION
K250984:output,K250984,output,DETECTION_OR_ALERT
K250984:output,K250984,output,SEGMENTATION_OR_LOCALIZATION
K250984:user,K250984,user,OTHER_PHYSICIAN
K250984:setting,K250984,setting,PROCEDURAL_OR_OPERATING_ROOM
K250984:action,K250984,action,THERAPY_DOSE_OR_DEVICE_CONTROL
K250984:action,K250984,action,WORKFLOW_OR_DOCUMENTATION
K250999:input,K250999,input,MEDICAL_IMAGE
K250999:output,K250999,output,CLASSIFICATION_OR_DIAGNOSIS
K250999:output,K250999,output,MEASUREMENT_OR_QUANTIFICATION
K250999:output,K250999,output,SEGMENTATION_OR_LOCALIZATION
K250999:user,K250999,user,OTHER_CLINICIAN
K250999:user,K250999,user,TECHNOLOGIST_OR_OPERATOR
K250999:setting,K250999,setting,DIAGNOSTIC_INTERPRETATION
K250999:setting,K250999,setting,OTHER
K250999:setting,K250999,setting,OUTPATIENT
K250999:action,K250999,action,INTERPRETATION_OR_DIAGNOSIS
K250999:action,K250999,action,WORKFLOW_OR_DOCUMENTATION
K251002:input,K251002,input,MEDICAL_IMAGE
K251002:output,K251002,output,DETECTION_OR_ALERT
K251002:output,K251002,output,MEASUREMENT_OR_QUANTIFICATION
K251002:output,K251002,output,SEGMENTATION_OR_LOCALIZATION
K251002:user,K251002,user,OTHER_CLINICIAN
K251002:setting,K251002,setting,DIAGNOSTIC_INTERPRETATION
K251002:setting,K251002,setting,OTHER
K251002:setting,K251002,setting,OUTPATIENT
K251002:action,K251002,action,INTERPRETATION_OR_DIAGNOSIS
K251002:action,K251002,action,WORKFLOW_OR_DOCUMENTATION
K251009:input,K251009,input,MEDICAL_IMAGE
K251009:output,K251009,output,DOCUMENTATION_OR_SUMMARY
K251009:output,K251009,output,MEASUREMENT_OR_QUANTIFICATION
K251009:output,K251009,output,SEGMENTATION_OR_LOCALIZATION
K251009:user,K251009,user,OTHER_CLINICIAN
K251009:user,K251009,user,OTHER_PHYSICIAN
K251009:user,K251009,user,RADIOLOGIST
K251009:setting,K251009,setting,DIAGNOSTIC_INTERPRETATION
K251009:action,K251009,action,INTERPRETATION_OR_DIAGNOSIS
K251009:action,K251009,action,WORKFLOW_OR_DOCUMENTATION
K251027:input,K251027,input,MEDICAL_IMAGE
K251027:output,K251027,output,CLASSIFICATION_OR_DIAGNOSIS
K251027:output,K251027,output,DETECTION_OR_ALERT
K251027:output,K251027,output,DOCUMENTATION_OR_SUMMARY
K251027:output,K251027,output,MEASUREMENT_OR_QUANTIFICATION
K251027:output,K251027,output,SEGMENTATION_OR_LOCALIZATION
K251027:user,K251027,user,OTHER_CLINICIAN
K251027:user,K251027,user,OTHER_PHYSICIAN
K251027:setting,K251027,setting,DIAGNOSTIC_INTERPRETATION
K251027:action,K251027,action,INTERPRETATION_OR_DIAGNOSIS
K251027:action,K251027,action,WORKFLOW_OR_DOCUMENTATION
K251029:input,K251029,input,MEDICAL_IMAGE
K251029:input,K251029,input,PHYSIOLOGICAL_SIGNAL
K251029:output,K251029,output,DETECTION_OR_ALERT
K251029:output,K251029,output,MEASUREMENT_OR_QUANTIFICATION
K251029:output,K251029,output,RECOMMENDATION_OR_PLANNING
K251029:output,K251029,output,RECONSTRUCTION_OR_ENHANCEMENT
K251029:output,K251029,output,SEGMENTATION_OR_LOCALIZATION
K251029:user,K251029,user,OTHER_PHYSICIAN
K251029:user,K251029,user,TECHNOLOGIST_OR_OPERATOR
K251029:setting,K251029,setting,DIAGNOSTIC_INTERPRETATION
K251029:setting,K251029,setting,OTHER
K251029:action,K251029,action,INTERPRETATION_OR_DIAGNOSIS
K251029:action,K251029,action,THERAPY_DOSE_OR_DEVICE_CONTROL
K251029:action,K251029,action,WORKFLOW_OR_DOCUMENTATION
K251059:input,K251059,input,MEDICAL_IMAGE
K251059:output,K251059,output,MEASUREMENT_OR_QUANTIFICATION
K251059:output,K251059,output,OTHER
K251059:output,K251059,output,RECONSTRUCTION_OR_ENHANCEMENT
K251059:user,K251059,user,OTHER_PHYSICIAN
K251059:user,K251059,user,RADIOLOGIST
K251059:user,K251059,user,TECHNOLOGIST_OR_OPERATOR
K251059:setting,K251059,setting,DIAGNOSTIC_INTERPRETATION
K251059:setting,K251059,setting,MONITORING
K251059:action,K251059,action,INTERPRETATION_OR_DIAGNOSIS
K251059:action,K251059,action,MONITORING_OR_FOLLOW_UP
K251059:action,K251059,action,WORKFLOW_OR_DOCUMENTATION
K251071:input,K251071,input,AUDIO_OR_VIDEO
K251071:output,K251071,output,CLASSIFICATION_OR_DIAGNOSIS
K251071:output,K251071,output,DETECTION_OR_ALERT
K251071:output,K251071,output,DOCUMENTATION_OR_SUMMARY
K251071:user,K251071,user,OTHER_PHYSICIAN
K251071:setting,K251071,setting,DIAGNOSTIC_INTERPRETATION
K251071:setting,K251071,setting,SCREENING
K251071:action,K251071,action,INTERPRETATION_OR_DIAGNOSIS
K251071:action,K251071,action,REFERRAL_OR_ESCALATION
K251072:input,K251072,input,MEDICAL_IMAGE
K251072:output,K251072,output,CLASSIFICATION_OR_DIAGNOSIS
K251072:output,K251072,output,DOCUMENTATION_OR_SUMMARY
K251072:output,K251072,output,RECONSTRUCTION_OR_ENHANCEMENT
K251072:output,K251072,output,SEGMENTATION_OR_LOCALIZATION
K251072:user,K251072,user,OTHER_CLINICIAN
K251072:user,K251072,user,RADIOLOGIST
K251072:setting,K251072,setting,DIAGNOSTIC_INTERPRETATION
K251072:setting,K251072,setting,OTHER
K251072:action,K251072,action,INTERPRETATION_OR_DIAGNOSIS
K251072:action,K251072,action,OTHER
K251072:action,K251072,action,WORKFLOW_OR_DOCUMENTATION
K251078:input,K251078,input,MEDICAL_IMAGE
K251078:output,K251078,output,DOCUMENTATION_OR_SUMMARY
K251078:output,K251078,output,MEASUREMENT_OR_QUANTIFICATION
K251078:output,K251078,output,SEGMENTATION_OR_LOCALIZATION
K251078:setting,K251078,setting,DIAGNOSTIC_INTERPRETATION
K251078:setting,K251078,setting,PROCEDURAL_OR_OPERATING_ROOM
K251078:action,K251078,action,INTERPRETATION_OR_DIAGNOSIS
K251078:action,K251078,action,REFERRAL_OR_ESCALATION
K251078:action,K251078,action,TREATMENT_OR_PROCEDURE_PLANNING
K251082:input,K251082,input,MEDICAL_IMAGE
K251082:output,K251082,output,SEGMENTATION_OR_LOCALIZATION
K251082:user,K251082,user,OTHER_CLINICIAN
K251082:user,K251082,user,OTHER_PHYSICIAN
K251082:setting,K251082,setting,PROCEDURAL_OR_OPERATING_ROOM
K251082:action,K251082,action,TREATMENT_OR_PROCEDURE_PLANNING
K251096:input,K251096,input,MEDICAL_IMAGE
K251096:output,K251096,output,DOCUMENTATION_OR_SUMMARY
K251096:output,K251096,output,MEASUREMENT_OR_QUANTIFICATION
K251096:output,K251096,output,RECOMMENDATION_OR_PLANNING
K251096:output,K251096,output,RECONSTRUCTION_OR_ENHANCEMENT
K251096:output,K251096,output,SEGMENTATION_OR_LOCALIZATION
K251096:user,K251096,user,OTHER_CLINICIAN
K251096:user,K251096,user,OTHER_PHYSICIAN
K251096:setting,K251096,setting,OTHER
K251096:setting,K251096,setting,PROCEDURAL_OR_OPERATING_ROOM
K251096:action,K251096,action,TREATMENT_OR_PROCEDURE_PLANNING
K251106:input,K251106,input,MEDICAL_IMAGE
K251106:output,K251106,output,CLASSIFICATION_OR_DIAGNOSIS
K251106:output,K251106,output,MEASUREMENT_OR_QUANTIFICATION
K251106:output,K251106,output,SEGMENTATION_OR_LOCALIZATION
K251106:user,K251106,user,OTHER_CLINICIAN
K251106:user,K251106,user,OTHER_PHYSICIAN
K251106:setting,K251106,setting,OTHER
K251106:setting,K251106,setting,PROCEDURAL_OR_OPERATING_ROOM
K251106:action,K251106,action,TREATMENT_OR_PROCEDURE_PLANNING
K251106:action,K251106,action,WORKFLOW_OR_DOCUMENTATION
K251110:input,K251110,input,AUDIO_OR_VIDEO
K251110:input,K251110,input,MEDICAL_IMAGE
K251110:output,K251110,output,MEASUREMENT_OR_QUANTIFICATION
K251110:output,K251110,output,SEGMENTATION_OR_LOCALIZATION
K251110:user,K251110,user,OTHER_CLINICIAN
K251110:user,K251110,user,OTHER_PHYSICIAN
K251110:user,K251110,user,TECHNOLOGIST_OR_OPERATOR
K251110:setting,K251110,setting,DIAGNOSTIC_INTERPRETATION
K251110:setting,K251110,setting,OTHER
K251110:setting,K251110,setting,OUTPATIENT
K251110:action,K251110,action,INTERPRETATION_OR_DIAGNOSIS
K251110:action,K251110,action,WORKFLOW_OR_DOCUMENTATION
K251126:input,K251126,input,AUDIO_OR_VIDEO
K251126:output,K251126,output,DETECTION_OR_ALERT
K251126:output,K251126,output,SEGMENTATION_OR_LOCALIZATION
K251126:user,K251126,user,OTHER_PHYSICIAN
K251126:setting,K251126,setting,MONITORING
K251126:setting,K251126,setting,PROCEDURAL_OR_OPERATING_ROOM
K251126:setting,K251126,setting,SCREENING
K251126:action,K251126,action,INTERPRETATION_OR_DIAGNOSIS
K251151:input,K251151,input,MEDICAL_IMAGE
K251151:output,K251151,output,DETECTION_OR_ALERT
K251151:output,K251151,output,DOCUMENTATION_OR_SUMMARY
K251151:user,K251151,user,OTHER_CLINICIAN
K251151:setting,K251151,setting,ACUTE_TRIAGE_OR_EMERGENCY
K251151:setting,K251151,setting,OTHER
K251151:action,K251151,action,TRIAGE_OR_PRIORITIZATION
K251153:input,K251153,input,MEDICAL_IMAGE
K251153:output,K251153,output,SEGMENTATION_OR_LOCALIZATION
K251153:user,K251153,user,OTHER_CLINICIAN
K251153:user,K251153,user,TECHNOLOGIST_OR_OPERATOR
K251153:setting,K251153,setting,DIAGNOSTIC_INTERPRETATION
K251153:setting,K251153,setting,OTHER
K251153:action,K251153,action,WORKFLOW_OR_DOCUMENTATION
K251167:input,K251167,input,AUDIO_OR_VIDEO
K251167:input,K251167,input,MEDICAL_IMAGE
K251167:output,K251167,output,CLASSIFICATION_OR_DIAGNOSIS
K251167:output,K251167,output,CONTROL_OR_AUTOMATION
K251167:output,K251167,output,OTHER
K251167:output,K251167,output,RECOMMENDATION_OR_PLANNING
K251167:output,K251167,output,SEGMENTATION_OR_LOCALIZATION
K251167:user,K251167,user,TECHNOLOGIST_OR_OPERATOR
K251167:setting,K251167,setting,OTHER
K251167:action,K251167,action,THERAPY_DOSE_OR_DEVICE_CONTROL
K251167:action,K251167,action,WORKFLOW_OR_DOCUMENTATION
K251169:input,K251169,input,MEDICAL_IMAGE
K251169:output,K251169,output,MEASUREMENT_OR_QUANTIFICATION
K251169:output,K251169,output,RECONSTRUCTION_OR_ENHANCEMENT
K251169:output,K251169,output,SEGMENTATION_OR_LOCALIZATION
K251169:user,K251169,user,OTHER_PHYSICIAN
K251169:user,K251169,user,TECHNOLOGIST_OR_OPERATOR
K251169:setting,K251169,setting,DIAGNOSTIC_INTERPRETATION
K251169:setting,K251169,setting,OTHER
K251169:setting,K251169,setting,OUTPATIENT
K251169:setting,K251169,setting,PROCEDURAL_OR_OPERATING_ROOM
K251169:action,K251169,action,INTERPRETATION_OR_DIAGNOSIS
K251169:action,K251169,action,WORKFLOW_OR_DOCUMENTATION
K251195:input,K251195,input,MEDICAL_IMAGE
K251195:output,K251195,output,DETECTION_OR_ALERT
K251195:user,K251195,user,OTHER_CLINICIAN
K251195:user,K251195,user,RADIOLOGIST
K251195:setting,K251195,setting,ACUTE_TRIAGE_OR_EMERGENCY
K251195:setting,K251195,setting,OTHER
K251195:action,K251195,action,TRIAGE_OR_PRIORITIZATION
K251200:input,K251200,input,AUDIO_OR_VIDEO
K251200:output,K251200,output,MEASUREMENT_OR_QUANTIFICATION
K251200:user,K251200,user,OTHER
K251200:setting,K251200,setting,MONITORING
K251200:setting,K251200,setting,OTHER
K251200:action,K251200,action,MONITORING_OR_FOLLOW_UP
K251203:input,K251203,input,MEDICAL_IMAGE
K251203:output,K251203,output,DETECTION_OR_ALERT
K251203:output,K251203,output,MEASUREMENT_OR_QUANTIFICATION
K251203:output,K251203,output,SEGMENTATION_OR_LOCALIZATION
K251203:user,K251203,user,RADIOLOGIST
K251203:setting,K251203,setting,DIAGNOSTIC_INTERPRETATION
K251203:setting,K251203,setting,SCREENING
K251203:action,K251203,action,INTERPRETATION_OR_DIAGNOSIS
K251218:input,K251218,input,PHYSIOLOGICAL_SIGNAL
K251218:output,K251218,output,DOCUMENTATION_OR_SUMMARY
K251218:output,K251218,output,MEASUREMENT_OR_QUANTIFICATION
K251218:output,K251218,output,SEGMENTATION_OR_LOCALIZATION
K251218:user,K251218,user,OTHER_CLINICIAN
K251218:user,K251218,user,OTHER_PHYSICIAN
K251218:setting,K251218,setting,DIAGNOSTIC_INTERPRETATION
K251218:setting,K251218,setting,HOME_OR_CONSUMER
K251218:setting,K251218,setting,INPATIENT
K251218:setting,K251218,setting,MONITORING
K251218:setting,K251218,setting,OTHER
K251218:setting,K251218,setting,OUTPATIENT
K251218:action,K251218,action,INTERPRETATION_OR_DIAGNOSIS
K251218:action,K251218,action,MONITORING_OR_FOLLOW_UP
K251218:action,K251218,action,WORKFLOW_OR_DOCUMENTATION
K251221:input,K251221,input,PHYSIOLOGICAL_SIGNAL
K251221:output,K251221,output,CLASSIFICATION_OR_DIAGNOSIS
K251221:output,K251221,output,OTHER
K251221:user,K251221,user,OTHER_CLINICIAN
K251221:user,K251221,user,OTHER_PHYSICIAN
K251221:setting,K251221,setting,DIAGNOSTIC_INTERPRETATION
K251221:setting,K251221,setting,MONITORING
K251221:action,K251221,action,INTERPRETATION_OR_DIAGNOSIS
K251221:action,K251221,action,MONITORING_OR_FOLLOW_UP
K251221:action,K251221,action,WORKFLOW_OR_DOCUMENTATION
K251276:input,K251276,input,MEDICAL_IMAGE
K251276:output,K251276,output,RECONSTRUCTION_OR_ENHANCEMENT
K251276:user,K251276,user,OTHER_PHYSICIAN
K251276:setting,K251276,setting,ACUTE_TRIAGE_OR_EMERGENCY
K251276:setting,K251276,setting,DIAGNOSTIC_INTERPRETATION
K251276:setting,K251276,setting,INPATIENT
K251276:setting,K251276,setting,OTHER
K251276:setting,K251276,setting,OUTPATIENT
K251276:action,K251276,action,INTERPRETATION_OR_DIAGNOSIS
K251293:input,K251293,input,AUDIO_OR_VIDEO
K251293:output,K251293,output,CLASSIFICATION_OR_DIAGNOSIS
K251293:output,K251293,output,DETECTION_OR_ALERT
K251293:user,K251293,user,OTHER_CLINICIAN
K251293:setting,K251293,setting,DIAGNOSTIC_INTERPRETATION
K251293:setting,K251293,setting,OUTPATIENT
K251293:action,K251293,action,INTERPRETATION_OR_DIAGNOSIS
K251306:input,K251306,input,MEDICAL_IMAGE
K251306:output,K251306,output,SEGMENTATION_OR_LOCALIZATION
K251306:user,K251306,user,OTHER_CLINICIAN
K251306:user,K251306,user,OTHER_PHYSICIAN
K251306:setting,K251306,setting,PROCEDURAL_OR_OPERATING_ROOM
K251306:action,K251306,action,TREATMENT_OR_PROCEDURE_PLANNING
K251306:action,K251306,action,WORKFLOW_OR_DOCUMENTATION
K251316:input,K251316,input,DEVICE_TELEMETRY_OR_OPERATIONAL
K251316:input,K251316,input,MEDICAL_IMAGE
K251316:output,K251316,output,CONTROL_OR_AUTOMATION
K251316:output,K251316,output,MEASUREMENT_OR_QUANTIFICATION
K251316:output,K251316,output,RECOMMENDATION_OR_PLANNING
K251316:output,K251316,output,SEGMENTATION_OR_LOCALIZATION
K251316:user,K251316,user,OTHER_PHYSICIAN
K251316:setting,K251316,setting,PROCEDURAL_OR_OPERATING_ROOM
K251316:action,K251316,action,THERAPY_DOSE_OR_DEVICE_CONTROL
K251316:action,K251316,action,TREATMENT_OR_PROCEDURE_PLANNING
K251322:input,K251322,input,MEDICAL_IMAGE
K251322:output,K251322,output,MEASUREMENT_OR_QUANTIFICATION
K251322:output,K251322,output,RECOMMENDATION_OR_PLANNING
K251322:output,K251322,output,SEGMENTATION_OR_LOCALIZATION
K251322:user,K251322,user,OTHER
K251322:user,K251322,user,OTHER_CLINICIAN
K251322:user,K251322,user,OTHER_PHYSICIAN
K251322:setting,K251322,setting,ACUTE_TRIAGE_OR_EMERGENCY
K251322:setting,K251322,setting,DIAGNOSTIC_INTERPRETATION
K251322:setting,K251322,setting,HOME_OR_CONSUMER
K251322:setting,K251322,setting,OTHER
K251322:setting,K251322,setting,OUTPATIENT
K251322:action,K251322,action,INTERPRETATION_OR_DIAGNOSIS
K251322:action,K251322,action,WORKFLOW_OR_DOCUMENTATION
K251342:input,K251342,input,MEDICAL_IMAGE
K251342:output,K251342,output,MEASUREMENT_OR_QUANTIFICATION
K251342:output,K251342,output,RECONSTRUCTION_OR_ENHANCEMENT
K251342:user,K251342,user,OTHER_PHYSICIAN
K251342:setting,K251342,setting,DIAGNOSTIC_INTERPRETATION
K251342:action,K251342,action,INTERPRETATION_OR_DIAGNOSIS
K251342:action,K251342,action,WORKFLOW_OR_DOCUMENTATION
K251351:input,K251351,input,MEDICAL_IMAGE
K251351:output,K251351,output,OTHER
K251351:output,K251351,output,SEGMENTATION_OR_LOCALIZATION
K251351:user,K251351,user,OTHER_CLINICIAN
K251351:setting,K251351,setting,OTHER
K251351:setting,K251351,setting,PROCEDURAL_OR_OPERATING_ROOM
K251351:action,K251351,action,MONITORING_OR_FOLLOW_UP
K251351:action,K251351,action,TREATMENT_OR_PROCEDURE_PLANNING
K251351:action,K251351,action,WORKFLOW_OR_DOCUMENTATION
K251355:input,K251355,input,MEDICAL_IMAGE
K251355:output,K251355,output,DOCUMENTATION_OR_SUMMARY
K251355:output,K251355,output,MEASUREMENT_OR_QUANTIFICATION
K251355:output,K251355,output,SEGMENTATION_OR_LOCALIZATION
K251355:user,K251355,user,OTHER_PHYSICIAN
K251355:setting,K251355,setting,DIAGNOSTIC_INTERPRETATION
K251355:setting,K251355,setting,PROCEDURAL_OR_OPERATING_ROOM
K251355:action,K251355,action,INTERPRETATION_OR_DIAGNOSIS
K251355:action,K251355,action,TREATMENT_OR_PROCEDURE_PLANNING
K251368:input,K251368,input,AUDIO_OR_VIDEO
K251368:input,K251368,input,MEDICAL_IMAGE
K251368:output,K251368,output,CLASSIFICATION_OR_DIAGNOSIS
K251368:output,K251368,output,DOCUMENTATION_OR_SUMMARY
K251368:output,K251368,output,MEASUREMENT_OR_QUANTIFICATION
K251368:output,K251368,output,OTHER
K251368:output,K251368,output,SEGMENTATION_OR_LOCALIZATION
K251368:user,K251368,user,OTHER_CLINICIAN
K251368:user,K251368,user,OTHER_PHYSICIAN
K251368:user,K251368,user,RADIOLOGIST
K251368:user,K251368,user,TECHNOLOGIST_OR_OPERATOR
K251368:setting,K251368,setting,DIAGNOSTIC_INTERPRETATION
K251368:setting,K251368,setting,SCREENING
K251368:action,K251368,action,INTERPRETATION_OR_DIAGNOSIS
K251368:action,K251368,action,WORKFLOW_OR_DOCUMENTATION
K251370:input,K251370,input,MEDICAL_IMAGE
K251370:output,K251370,output,OTHER
K251370:output,K251370,output,RECONSTRUCTION_OR_ENHANCEMENT
K251370:user,K251370,user,OTHER_CLINICIAN
K251370:setting,K251370,setting,DIAGNOSTIC_INTERPRETATION
K251370:setting,K251370,setting,MONITORING
K251370:setting,K251370,setting,PROCEDURAL_OR_OPERATING_ROOM
K251370:action,K251370,action,INTERPRETATION_OR_DIAGNOSIS
K251370:action,K251370,action,MONITORING_OR_FOLLOW_UP
K251370:action,K251370,action,TREATMENT_OR_PROCEDURE_PLANNING
K251386:input,K251386,input,MEDICAL_IMAGE
K251386:output,K251386,output,CONTROL_OR_AUTOMATION
K251386:output,K251386,output,RECOMMENDATION_OR_PLANNING
K251386:output,K251386,output,RECONSTRUCTION_OR_ENHANCEMENT
K251386:user,K251386,user,OTHER_PHYSICIAN
K251386:setting,K251386,setting,DIAGNOSTIC_INTERPRETATION
K251386:setting,K251386,setting,OTHER
K251386:action,K251386,action,INTERPRETATION_OR_DIAGNOSIS
K251386:action,K251386,action,THERAPY_DOSE_OR_DEVICE_CONTROL
K251386:action,K251386,action,WORKFLOW_OR_DOCUMENTATION
K251397:input,K251397,input,MEDICAL_IMAGE
K251397:output,K251397,output,RECONSTRUCTION_OR_ENHANCEMENT
K251397:user,K251397,user,OTHER_PHYSICIAN
K251397:user,K251397,user,TECHNOLOGIST_OR_OPERATOR
K251397:setting,K251397,setting,DIAGNOSTIC_INTERPRETATION
K251397:setting,K251397,setting,PROCEDURAL_OR_OPERATING_ROOM
K251397:action,K251397,action,INTERPRETATION_OR_DIAGNOSIS
K251397:action,K251397,action,TREATMENT_OR_PROCEDURE_PLANNING
K251399:input,K251399,input,MEDICAL_IMAGE
K251399:output,K251399,output,CONTROL_OR_AUTOMATION
K251399:output,K251399,output,RECOMMENDATION_OR_PLANNING
K251399:output,K251399,output,RECONSTRUCTION_OR_ENHANCEMENT
K251399:user,K251399,user,OTHER_PHYSICIAN
K251399:user,K251399,user,TECHNOLOGIST_OR_OPERATOR
K251399:setting,K251399,setting,DIAGNOSTIC_INTERPRETATION
K251399:setting,K251399,setting,OTHER
K251399:action,K251399,action,INTERPRETATION_OR_DIAGNOSIS
K251399:action,K251399,action,WORKFLOW_OR_DOCUMENTATION
K251406:input,K251406,input,MEDICAL_IMAGE
K251406:output,K251406,output,DETECTION_OR_ALERT
K251406:user,K251406,user,OTHER_CLINICIAN
K251406:setting,K251406,setting,ACUTE_TRIAGE_OR_EMERGENCY
K251406:setting,K251406,setting,OTHER
K251406:action,K251406,action,TRIAGE_OR_PRIORITIZATION
K251408:input,K251408,input,MEDICAL_IMAGE
K251408:output,K251408,output,CLASSIFICATION_OR_DIAGNOSIS
K251408:output,K251408,output,DETECTION_OR_ALERT
K251408:output,K251408,output,DOCUMENTATION_OR_SUMMARY
K251408:user,K251408,user,OTHER_PHYSICIAN
K251408:user,K251408,user,RADIOLOGIST
K251408:setting,K251408,setting,DIAGNOSTIC_INTERPRETATION
K251408:setting,K251408,setting,OTHER
K251408:setting,K251408,setting,SCREENING
K251408:action,K251408,action,INTERPRETATION_OR_DIAGNOSIS
K251408:action,K251408,action,REFERRAL_OR_ESCALATION
K251416:input,K251416,input,AUDIO_OR_VIDEO
K251416:input,K251416,input,MEDICAL_IMAGE
K251416:output,K251416,output,CLASSIFICATION_OR_DIAGNOSIS
K251416:output,K251416,output,OTHER
K251416:output,K251416,output,RECOMMENDATION_OR_PLANNING
K251416:user,K251416,user,OTHER_CLINICIAN
K251416:setting,K251416,setting,OTHER
K251416:action,K251416,action,WORKFLOW_OR_DOCUMENTATION
K251455:input,K251455,input,AUDIO_OR_VIDEO
K251455:input,K251455,input,MEDICAL_IMAGE
K251455:output,K251455,output,CLASSIFICATION_OR_DIAGNOSIS
K251455:output,K251455,output,OTHER
K251455:user,K251455,user,OTHER_CLINICIAN
K251455:user,K251455,user,OTHER_PHYSICIAN
K251455:user,K251455,user,TECHNOLOGIST_OR_OPERATOR
K251455:setting,K251455,setting,DIAGNOSTIC_INTERPRETATION
K251455:setting,K251455,setting,OTHER
K251455:setting,K251455,setting,OUTPATIENT
K251455:action,K251455,action,INTERPRETATION_OR_DIAGNOSIS
K251455:action,K251455,action,WORKFLOW_OR_DOCUMENTATION
K251456:input,K251456,input,AUDIO_OR_VIDEO
K251456:input,K251456,input,MEDICAL_IMAGE
K251456:output,K251456,output,CLASSIFICATION_OR_DIAGNOSIS
K251456:output,K251456,output,DOCUMENTATION_OR_SUMMARY
K251456:output,K251456,output,OTHER
K251456:user,K251456,user,OTHER_CLINICIAN
K251456:user,K251456,user,OTHER_PHYSICIAN
K251456:user,K251456,user,TECHNOLOGIST_OR_OPERATOR
K251456:setting,K251456,setting,DIAGNOSTIC_INTERPRETATION
K251456:setting,K251456,setting,OTHER
K251456:setting,K251456,setting,SCREENING
K251456:action,K251456,action,INTERPRETATION_OR_DIAGNOSIS
K251456:action,K251456,action,WORKFLOW_OR_DOCUMENTATION
K251474:input,K251474,input,MEDICAL_IMAGE
K251474:output,K251474,output,CLASSIFICATION_OR_DIAGNOSIS
K251474:output,K251474,output,DETECTION_OR_ALERT
K251474:output,K251474,output,DOCUMENTATION_OR_SUMMARY
K251474:output,K251474,output,MEASUREMENT_OR_QUANTIFICATION
K251474:output,K251474,output,RISK_SCORE_OR_PREDICTION
K251474:output,K251474,output,SEGMENTATION_OR_LOCALIZATION
K251474:user,K251474,user,RADIOLOGIST
K251474:setting,K251474,setting,DIAGNOSTIC_INTERPRETATION
K251474:setting,K251474,setting,MONITORING
K251474:setting,K251474,setting,SCREENING
K251474:action,K251474,action,INTERPRETATION_OR_DIAGNOSIS
K251474:action,K251474,action,MONITORING_OR_FOLLOW_UP
K251481:input,K251481,input,MEDICAL_IMAGE
K251481:output,K251481,output,CLASSIFICATION_OR_DIAGNOSIS
K251481:output,K251481,output,OTHER
K251481:user,K251481,user,OTHER_CLINICIAN
K251481:user,K251481,user,OTHER_PHYSICIAN
K251481:setting,K251481,setting,DIAGNOSTIC_INTERPRETATION
K251481:setting,K251481,setting,OTHER
K251481:action,K251481,action,INTERPRETATION_OR_DIAGNOSIS
K251481:action,K251481,action,WORKFLOW_OR_DOCUMENTATION
K251483:input,K251483,input,MEDICAL_IMAGE
K251483:output,K251483,output,DOCUMENTATION_OR_SUMMARY
K251483:output,K251483,output,MEASUREMENT_OR_QUANTIFICATION
K251483:output,K251483,output,SEGMENTATION_OR_LOCALIZATION
K251483:user,K251483,user,OTHER_CLINICIAN
K251483:setting,K251483,setting,DIAGNOSTIC_INTERPRETATION
K251483:setting,K251483,setting,MONITORING
K251483:action,K251483,action,INTERPRETATION_OR_DIAGNOSIS
K251483:action,K251483,action,MONITORING_OR_FOLLOW_UP
K251483:action,K251483,action,WORKFLOW_OR_DOCUMENTATION
K251494:input,K251494,input,AUDIO_OR_VIDEO
K251494:input,K251494,input,PHYSIOLOGICAL_SIGNAL
K251494:output,K251494,output,CLASSIFICATION_OR_DIAGNOSIS
K251494:output,K251494,output,DETECTION_OR_ALERT
K251494:output,K251494,output,MEASUREMENT_OR_QUANTIFICATION
K251494:output,K251494,output,OTHER
K251494:user,K251494,user,OTHER_CLINICIAN
K251494:setting,K251494,setting,DIAGNOSTIC_INTERPRETATION
K251494:action,K251494,action,INTERPRETATION_OR_DIAGNOSIS
K251506:input,K251506,input,AUDIO_OR_VIDEO
K251506:output,K251506,output,CLASSIFICATION_OR_DIAGNOSIS
K251506:output,K251506,output,DETECTION_OR_ALERT
K251506:output,K251506,output,DOCUMENTATION_OR_SUMMARY
K251506:user,K251506,user,OTHER_CLINICIAN
K251506:setting,K251506,setting,MONITORING
K251506:setting,K251506,setting,OTHER
K251506:action,K251506,action,INTERPRETATION_OR_DIAGNOSIS
K251506:action,K251506,action,MONITORING_OR_FOLLOW_UP
K251506:action,K251506,action,TRIAGE_OR_PRIORITIZATION
K251511:input,K251511,input,CLINICAL_TABULAR_OR_TEXT
K251511:input,K251511,input,MEDICAL_IMAGE
K251511:output,K251511,output,CLASSIFICATION_OR_DIAGNOSIS
K251511:output,K251511,output,DETECTION_OR_ALERT
K251511:output,K251511,output,MEASUREMENT_OR_QUANTIFICATION
K251511:user,K251511,user,LABORATORY_PROFESSIONAL
K251511:setting,K251511,setting,LABORATORY
K251511:action,K251511,action,INTERPRETATION_OR_DIAGNOSIS
K251511:action,K251511,action,WORKFLOW_OR_DOCUMENTATION
K251514:input,K251514,input,MEDICAL_IMAGE
K251514:output,K251514,output,CLASSIFICATION_OR_DIAGNOSIS
K251514:output,K251514,output,DOCUMENTATION_OR_SUMMARY
K251514:output,K251514,output,MEASUREMENT_OR_QUANTIFICATION
K251514:output,K251514,output,RECONSTRUCTION_OR_ENHANCEMENT
K251514:output,K251514,output,SEGMENTATION_OR_LOCALIZATION
K251514:user,K251514,user,OTHER_CLINICIAN
K251514:setting,K251514,setting,DIAGNOSTIC_INTERPRETATION
K251514:setting,K251514,setting,PROCEDURAL_OR_OPERATING_ROOM
K251514:action,K251514,action,INTERPRETATION_OR_DIAGNOSIS
K251514:action,K251514,action,TREATMENT_OR_PROCEDURE_PLANNING
K251518:input,K251518,input,DEVICE_TELEMETRY_OR_OPERATIONAL
K251518:input,K251518,input,PHYSIOLOGICAL_SIGNAL
K251518:output,K251518,output,CLASSIFICATION_OR_DIAGNOSIS
K251518:output,K251518,output,DETECTION_OR_ALERT
K251518:output,K251518,output,MEASUREMENT_OR_QUANTIFICATION
K251518:output,K251518,output,OTHER
K251518:output,K251518,output,SEGMENTATION_OR_LOCALIZATION
K251518:user,K251518,user,OTHER
K251518:user,K251518,user,OTHER_CLINICIAN
K251518:user,K251518,user,OTHER_PHYSICIAN
K251518:setting,K251518,setting,PROCEDURAL_OR_OPERATING_ROOM
K251518:action,K251518,action,INTERPRETATION_OR_DIAGNOSIS
K251518:action,K251518,action,WORKFLOW_OR_DOCUMENTATION
K251527:input,K251527,input,MEDICAL_IMAGE
K251527:output,K251527,output,DOCUMENTATION_OR_SUMMARY
K251527:output,K251527,output,MEASUREMENT_OR_QUANTIFICATION
K251527:output,K251527,output,SEGMENTATION_OR_LOCALIZATION
K251527:user,K251527,user,OTHER_CLINICIAN
K251527:setting,K251527,setting,DIAGNOSTIC_INTERPRETATION
K251527:setting,K251527,setting,MONITORING
K251527:action,K251527,action,INTERPRETATION_OR_DIAGNOSIS
K251527:action,K251527,action,MONITORING_OR_FOLLOW_UP
K251527:action,K251527,action,WORKFLOW_OR_DOCUMENTATION
K251528:input,K251528,input,MEDICAL_IMAGE
K251528:output,K251528,output,MEASUREMENT_OR_QUANTIFICATION
K251528:output,K251528,output,SEGMENTATION_OR_LOCALIZATION
K251528:user,K251528,user,OTHER_PHYSICIAN
K251528:user,K251528,user,RADIOLOGIST
K251528:user,K251528,user,TECHNOLOGIST_OR_OPERATOR
K251528:setting,K251528,setting,DIAGNOSTIC_INTERPRETATION
K251528:setting,K251528,setting,MONITORING
K251528:setting,K251528,setting,PROCEDURAL_OR_OPERATING_ROOM
K251528:action,K251528,action,INTERPRETATION_OR_DIAGNOSIS
K251528:action,K251528,action,MONITORING_OR_FOLLOW_UP
K251528:action,K251528,action,TREATMENT_OR_PROCEDURE_PLANNING
K251528:action,K251528,action,WORKFLOW_OR_DOCUMENTATION
K251532:input,K251532,input,CLINICAL_TABULAR_OR_TEXT
K251532:input,K251532,input,MEDICAL_IMAGE
K251532:output,K251532,output,MEASUREMENT_OR_QUANTIFICATION
K251532:output,K251532,output,RECOMMENDATION_OR_PLANNING
K251532:output,K251532,output,RECONSTRUCTION_OR_ENHANCEMENT
K251532:output,K251532,output,SEGMENTATION_OR_LOCALIZATION
K251532:user,K251532,user,OTHER
K251532:user,K251532,user,OTHER_CLINICIAN
K251532:user,K251532,user,OTHER_PHYSICIAN
K251532:setting,K251532,setting,DIAGNOSTIC_INTERPRETATION
K251532:setting,K251532,setting,PROCEDURAL_OR_OPERATING_ROOM
K251532:action,K251532,action,INTERPRETATION_OR_DIAGNOSIS
K251532:action,K251532,action,TREATMENT_OR_PROCEDURE_PLANNING
K251533:input,K251533,input,MEDICAL_IMAGE
K251533:output,K251533,output,DETECTION_OR_ALERT
K251533:output,K251533,output,DOCUMENTATION_OR_SUMMARY
K251533:user,K251533,user,OTHER_CLINICIAN
K251533:setting,K251533,setting,ACUTE_TRIAGE_OR_EMERGENCY
K251533:setting,K251533,setting,OTHER
K251533:action,K251533,action,TRIAGE_OR_PRIORITIZATION
K251558:input,K251558,input,MEDICAL_IMAGE
K251558:output,K251558,output,SEGMENTATION_OR_LOCALIZATION
K251558:user,K251558,user,OTHER_PHYSICIAN
K251558:setting,K251558,setting,PROCEDURAL_OR_OPERATING_ROOM
K251558:action,K251558,action,TREATMENT_OR_PROCEDURE_PLANNING
K251590:input,K251590,input,MEDICAL_IMAGE
K251590:output,K251590,output,DETECTION_OR_ALERT
K251590:user,K251590,user,OTHER_CLINICIAN
K251590:user,K251590,user,OTHER_PHYSICIAN
K251590:user,K251590,user,RADIOLOGIST
K251590:setting,K251590,setting,ACUTE_TRIAGE_OR_EMERGENCY
K251590:setting,K251590,setting,OTHER
K251590:action,K251590,action,TRIAGE_OR_PRIORITIZATION
K251602:input,K251602,input,AUDIO_OR_VIDEO
K251602:input,K251602,input,MEDICAL_IMAGE
K251602:output,K251602,output,RECONSTRUCTION_OR_ENHANCEMENT
K251602:setting,K251602,setting,DIAGNOSTIC_INTERPRETATION
K251602:setting,K251602,setting,PROCEDURAL_OR_OPERATING_ROOM
K251602:action,K251602,action,INTERPRETATION_OR_DIAGNOSIS
K251602:action,K251602,action,TREATMENT_OR_PROCEDURE_PLANNING
K251610:input,K251610,input,MEDICAL_IMAGE
K251610:output,K251610,output,DETECTION_OR_ALERT
K251610:user,K251610,user,OTHER_CLINICIAN
K251610:user,K251610,user,OTHER_PHYSICIAN
K251610:user,K251610,user,RADIOLOGIST
K251610:setting,K251610,setting,ACUTE_TRIAGE_OR_EMERGENCY
K251610:setting,K251610,setting,OTHER
K251610:action,K251610,action,TRIAGE_OR_PRIORITIZATION
K251629:input,K251629,input,CLINICAL_TABULAR_OR_TEXT
K251629:output,K251629,output,RECOMMENDATION_OR_PLANNING
K251629:output,K251629,output,RISK_SCORE_OR_PREDICTION
K251629:user,K251629,user,OTHER
K251629:user,K251629,user,OTHER_CLINICIAN
K251629:user,K251629,user,OTHER_PHYSICIAN
K251629:user,K251629,user,TECHNOLOGIST_OR_OPERATOR
K251629:setting,K251629,setting,PROCEDURAL_OR_OPERATING_ROOM
K251629:action,K251629,action,TREATMENT_OR_PROCEDURE_PLANNING
K251639:input,K251639,input,DEVICE_TELEMETRY_OR_OPERATIONAL
K251639:input,K251639,input,MEDICAL_IMAGE
K251639:output,K251639,output,RECONSTRUCTION_OR_ENHANCEMENT
K251639:output,K251639,output,SEGMENTATION_OR_LOCALIZATION
K251639:user,K251639,user,OTHER_PHYSICIAN
K251639:setting,K251639,setting,PROCEDURAL_OR_OPERATING_ROOM
K251639:action,K251639,action,TREATMENT_OR_PROCEDURE_PLANNING
K251656:input,K251656,input,MEDICAL_IMAGE
K251656:output,K251656,output,CLASSIFICATION_OR_DIAGNOSIS
K251656:output,K251656,output,DETECTION_OR_ALERT
K251656:output,K251656,output,DOCUMENTATION_OR_SUMMARY
K251656:output,K251656,output,MEASUREMENT_OR_QUANTIFICATION
K251656:output,K251656,output,RECONSTRUCTION_OR_ENHANCEMENT
K251656:output,K251656,output,SEGMENTATION_OR_LOCALIZATION
K251656:user,K251656,user,OTHER_CLINICIAN
K251656:user,K251656,user,OTHER_PHYSICIAN
K251656:setting,K251656,setting,DIAGNOSTIC_INTERPRETATION
K251656:action,K251656,action,INTERPRETATION_OR_DIAGNOSIS
K251656:action,K251656,action,WORKFLOW_OR_DOCUMENTATION
K251657:output,K251657,output,RECOMMENDATION_OR_PLANNING
K251657:user,K251657,user,OTHER_CLINICIAN
K251657:user,K251657,user,PATIENT_OR_CAREGIVER
K251657:setting,K251657,setting,HOME_OR_CONSUMER
K251657:setting,K251657,setting,OTHER
K251657:action,K251657,action,PATIENT_SELF_MANAGEMENT
K251673:input,K251673,input,MEDICAL_IMAGE
K251673:output,K251673,output,DETECTION_OR_ALERT
K251673:output,K251673,output,SEGMENTATION_OR_LOCALIZATION
K251673:user,K251673,user,OTHER_CLINICIAN
K251673:setting,K251673,setting,OTHER
K251673:setting,K251673,setting,OUTPATIENT
K251673:setting,K251673,setting,PROCEDURAL_OR_OPERATING_ROOM
K251673:action,K251673,action,TREATMENT_OR_PROCEDURE_PLANNING
K251673:action,K251673,action,WORKFLOW_OR_DOCUMENTATION
K251682:input,K251682,input,MEDICAL_IMAGE
K251682:output,K251682,output,MEASUREMENT_OR_QUANTIFICATION
K251682:output,K251682,output,SEGMENTATION_OR_LOCALIZATION
K251682:user,K251682,user,OTHER_CLINICIAN
K251682:setting,K251682,setting,DIAGNOSTIC_INTERPRETATION
K251682:action,K251682,action,INTERPRETATION_OR_DIAGNOSIS
K251747:input,K251747,input,MEDICAL_IMAGE
K251747:output,K251747,output,MEASUREMENT_OR_QUANTIFICATION
K251747:output,K251747,output,SEGMENTATION_OR_LOCALIZATION
K251747:user,K251747,user,OTHER
K251747:user,K251747,user,OTHER_CLINICIAN
K251747:user,K251747,user,OTHER_PHYSICIAN
K251747:setting,K251747,setting,DIAGNOSTIC_INTERPRETATION
K251747:setting,K251747,setting,PROCEDURAL_OR_OPERATING_ROOM
K251747:action,K251747,action,INTERPRETATION_OR_DIAGNOSIS
K251747:action,K251747,action,TREATMENT_OR_PROCEDURE_PLANNING
K251763:input,K251763,input,MEDICAL_IMAGE
K251763:output,K251763,output,RECONSTRUCTION_OR_ENHANCEMENT
K251763:output,K251763,output,SEGMENTATION_OR_LOCALIZATION
K251763:user,K251763,user,OTHER
K251763:user,K251763,user,OTHER_CLINICIAN
K251763:setting,K251763,setting,OTHER
K251763:setting,K251763,setting,PROCEDURAL_OR_OPERATING_ROOM
K251763:action,K251763,action,TREATMENT_OR_PROCEDURE_PLANNING
K251763:action,K251763,action,WORKFLOW_OR_DOCUMENTATION
K251766:input,K251766,input,MEDICAL_IMAGE
K251766:output,K251766,output,MEASUREMENT_OR_QUANTIFICATION
K251766:output,K251766,output,RECONSTRUCTION_OR_ENHANCEMENT
K251766:output,K251766,output,SEGMENTATION_OR_LOCALIZATION
K251766:user,K251766,user,OTHER_CLINICIAN
K251766:user,K251766,user,OTHER_PHYSICIAN
K251766:setting,K251766,setting,DIAGNOSTIC_INTERPRETATION
K251766:setting,K251766,setting,PROCEDURAL_OR_OPERATING_ROOM
K251766:action,K251766,action,INTERPRETATION_OR_DIAGNOSIS
K251766:action,K251766,action,TREATMENT_OR_PROCEDURE_PLANNING
K251769:input,K251769,input,MEDICAL_IMAGE
K251769:output,K251769,output,RISK_SCORE_OR_PREDICTION
K251769:user,K251769,user,RADIOLOGIST
K251769:setting,K251769,setting,DIAGNOSTIC_INTERPRETATION
K251769:setting,K251769,setting,MONITORING
K251769:setting,K251769,setting,OTHER
K251769:setting,K251769,setting,OUTPATIENT
K251769:action,K251769,action,INTERPRETATION_OR_DIAGNOSIS
K251769:action,K251769,action,MONITORING_OR_FOLLOW_UP
K251822:input,K251822,input,MEDICAL_IMAGE
K251822:output,K251822,output,RECONSTRUCTION_OR_ENHANCEMENT
K251822:user,K251822,user,OTHER_CLINICIAN
K251822:user,K251822,user,OTHER_PHYSICIAN
K251822:setting,K251822,setting,DIAGNOSTIC_INTERPRETATION
K251822:setting,K251822,setting,PROCEDURAL_OR_OPERATING_ROOM
K251822:action,K251822,action,INTERPRETATION_OR_DIAGNOSIS
K251822:action,K251822,action,TREATMENT_OR_PROCEDURE_PLANNING
K251837:input,K251837,input,MEDICAL_IMAGE
K251837:output,K251837,output,CLASSIFICATION_OR_DIAGNOSIS
K251837:output,K251837,output,DOCUMENTATION_OR_SUMMARY
K251837:output,K251837,output,MEASUREMENT_OR_QUANTIFICATION
K251837:output,K251837,output,SEGMENTATION_OR_LOCALIZATION
K251837:user,K251837,user,OTHER_PHYSICIAN
K251837:user,K251837,user,RADIOLOGIST
K251837:setting,K251837,setting,DIAGNOSTIC_INTERPRETATION
K251837:action,K251837,action,INTERPRETATION_OR_DIAGNOSIS
K251837:action,K251837,action,WORKFLOW_OR_DOCUMENTATION
K251839:input,K251839,input,MEDICAL_IMAGE
K251839:output,K251839,output,MEASUREMENT_OR_QUANTIFICATION
K251839:output,K251839,output,RECONSTRUCTION_OR_ENHANCEMENT
K251839:user,K251839,user,OTHER_CLINICIAN
K251839:user,K251839,user,OTHER_PHYSICIAN
K251839:setting,K251839,setting,DIAGNOSTIC_INTERPRETATION
K251839:setting,K251839,setting,MONITORING
K251839:setting,K251839,setting,PROCEDURAL_OR_OPERATING_ROOM
K251839:setting,K251839,setting,SCREENING
K251839:action,K251839,action,INTERPRETATION_OR_DIAGNOSIS
K251839:action,K251839,action,MONITORING_OR_FOLLOW_UP
K251839:action,K251839,action,TREATMENT_OR_PROCEDURE_PLANNING
K251873:input,K251873,input,MEDICAL_IMAGE
K251873:output,K251873,output,DETECTION_OR_ALERT
K251873:output,K251873,output,DOCUMENTATION_OR_SUMMARY
K251873:output,K251873,output,RISK_SCORE_OR_PREDICTION
K251873:output,K251873,output,SEGMENTATION_OR_LOCALIZATION
K251873:user,K251873,user,OTHER_PHYSICIAN
K251873:user,K251873,user,RADIOLOGIST
K251873:setting,K251873,setting,DIAGNOSTIC_INTERPRETATION
K251873:setting,K251873,setting,SCREENING
K251873:action,K251873,action,INTERPRETATION_OR_DIAGNOSIS
K251901:input,K251901,input,MEDICAL_IMAGE
K251901:output,K251901,output,RECONSTRUCTION_OR_ENHANCEMENT
K251901:user,K251901,user,OTHER
K251901:user,K251901,user,TECHNOLOGIST_OR_OPERATOR
K251901:setting,K251901,setting,DIAGNOSTIC_INTERPRETATION
K251901:setting,K251901,setting,OTHER
K251901:setting,K251901,setting,OUTPATIENT
K251901:action,K251901,action,INTERPRETATION_OR_DIAGNOSIS
K251901:action,K251901,action,WORKFLOW_OR_DOCUMENTATION
K251931:input,K251931,input,MEDICAL_IMAGE
K251931:output,K251931,output,DOCUMENTATION_OR_SUMMARY
K251931:output,K251931,output,MEASUREMENT_OR_QUANTIFICATION
K251931:output,K251931,output,RECOMMENDATION_OR_PLANNING
K251931:output,K251931,output,SEGMENTATION_OR_LOCALIZATION
K251931:user,K251931,user,OTHER_PHYSICIAN
K251931:setting,K251931,setting,OTHER
K251931:setting,K251931,setting,PROCEDURAL_OR_OPERATING_ROOM
K251931:action,K251931,action,MONITORING_OR_FOLLOW_UP
K251931:action,K251931,action,TREATMENT_OR_PROCEDURE_PLANNING
K251934:input,K251934,input,MEDICAL_IMAGE
K251934:output,K251934,output,CLASSIFICATION_OR_DIAGNOSIS
K251934:output,K251934,output,DETECTION_OR_ALERT
K251934:output,K251934,output,SEGMENTATION_OR_LOCALIZATION
K251934:user,K251934,user,OTHER_PHYSICIAN
K251934:user,K251934,user,RADIOLOGIST
K251934:setting,K251934,setting,DIAGNOSTIC_INTERPRETATION
K251934:action,K251934,action,INTERPRETATION_OR_DIAGNOSIS
K251936:input,K251936,input,PHYSIOLOGICAL_SIGNAL
K251936:output,K251936,output,CLASSIFICATION_OR_DIAGNOSIS
K251936:output,K251936,output,DETECTION_OR_ALERT
K251936:user,K251936,user,OTHER_CLINICIAN
K251936:setting,K251936,setting,INPATIENT
K251936:setting,K251936,setting,MONITORING
K251936:setting,K251936,setting,SCREENING
K251936:action,K251936,action,INTERPRETATION_OR_DIAGNOSIS
K251936:action,K251936,action,MONITORING_OR_FOLLOW_UP
K251963:input,K251963,input,CLINICAL_TABULAR_OR_TEXT
K251963:input,K251963,input,MEDICAL_IMAGE
K251963:output,K251963,output,CLASSIFICATION_OR_DIAGNOSIS
K251963:output,K251963,output,MEASUREMENT_OR_QUANTIFICATION
K251963:output,K251963,output,SEGMENTATION_OR_LOCALIZATION
K251963:user,K251963,user,OTHER_PHYSICIAN
K251963:setting,K251963,setting,DIAGNOSTIC_INTERPRETATION
K251963:setting,K251963,setting,OTHER
K251963:setting,K251963,setting,OUTPATIENT
K251963:action,K251963,action,INTERPRETATION_OR_DIAGNOSIS
K251963:action,K251963,action,WORKFLOW_OR_DOCUMENTATION
K251983:input,K251983,input,MEDICAL_IMAGE
K251983:output,K251983,output,DETECTION_OR_ALERT
K251983:user,K251983,user,OTHER_CLINICIAN
K251983:setting,K251983,setting,ACUTE_TRIAGE_OR_EMERGENCY
K251983:setting,K251983,setting,OTHER
K251983:action,K251983,action,TRIAGE_OR_PRIORITIZATION
K251985:input,K251985,input,CLINICAL_TABULAR_OR_TEXT
K251985:input,K251985,input,MEDICAL_IMAGE
K251985:output,K251985,output,CLASSIFICATION_OR_DIAGNOSIS
K251985:output,K251985,output,MEASUREMENT_OR_QUANTIFICATION
K251985:output,K251985,output,SEGMENTATION_OR_LOCALIZATION
K251985:user,K251985,user,OTHER_PHYSICIAN
K251985:setting,K251985,setting,DIAGNOSTIC_INTERPRETATION
K251985:setting,K251985,setting,OTHER
K251985:setting,K251985,setting,OUTPATIENT
K251985:action,K251985,action,INTERPRETATION_OR_DIAGNOSIS
K251985:action,K251985,action,WORKFLOW_OR_DOCUMENTATION
K251987:input,K251987,input,MEDICAL_IMAGE
K251987:output,K251987,output,DOCUMENTATION_OR_SUMMARY
K251987:output,K251987,output,MEASUREMENT_OR_QUANTIFICATION
K251987:output,K251987,output,RECONSTRUCTION_OR_ENHANCEMENT
K251987:output,K251987,output,SEGMENTATION_OR_LOCALIZATION
K251987:user,K251987,user,OTHER_CLINICIAN
K251987:user,K251987,user,OTHER_PHYSICIAN
K251987:user,K251987,user,RADIOLOGIST
K251987:setting,K251987,setting,DIAGNOSTIC_INTERPRETATION
K251987:setting,K251987,setting,MONITORING
K251987:action,K251987,action,INTERPRETATION_OR_DIAGNOSIS
K251987:action,K251987,action,MONITORING_OR_FOLLOW_UP
K252002:input,K252002,input,CLINICAL_TABULAR_OR_TEXT
K252002:input,K252002,input,DEVICE_TELEMETRY_OR_OPERATIONAL
K252002:input,K252002,input,MEDICAL_IMAGE
K252002:output,K252002,output,DOCUMENTATION_OR_SUMMARY
K252002:output,K252002,output,MEASUREMENT_OR_QUANTIFICATION
K252002:output,K252002,output,RECOMMENDATION_OR_PLANNING
K252002:output,K252002,output,SEGMENTATION_OR_LOCALIZATION
K252002:user,K252002,user,OTHER
K252002:user,K252002,user,OTHER_CLINICIAN
K252002:setting,K252002,setting,OTHER
K252002:setting,K252002,setting,PROCEDURAL_OR_OPERATING_ROOM
K252002:action,K252002,action,TREATMENT_OR_PROCEDURE_PLANNING
K252007:input,K252007,input,AUDIO_OR_VIDEO
K252007:input,K252007,input,MEDICAL_IMAGE
K252007:output,K252007,output,CLASSIFICATION_OR_DIAGNOSIS
K252007:output,K252007,output,DETECTION_OR_ALERT
K252007:output,K252007,output,DOCUMENTATION_OR_SUMMARY
K252007:user,K252007,user,OTHER_CLINICIAN
K252007:user,K252007,user,OTHER_PHYSICIAN
K252007:setting,K252007,setting,ACUTE_TRIAGE_OR_EMERGENCY
K252007:setting,K252007,setting,DIAGNOSTIC_INTERPRETATION
K252007:setting,K252007,setting,INPATIENT
K252007:setting,K252007,setting,OTHER
K252007:setting,K252007,setting,OUTPATIENT
K252007:action,K252007,action,INTERPRETATION_OR_DIAGNOSIS
K252018:input,K252018,input,MEDICAL_IMAGE
K252018:output,K252018,output,CLASSIFICATION_OR_DIAGNOSIS
K252018:output,K252018,output,DETECTION_OR_ALERT
K252018:output,K252018,output,MEASUREMENT_OR_QUANTIFICATION
K252018:output,K252018,output,SEGMENTATION_OR_LOCALIZATION
K252018:user,K252018,user,OTHER_CLINICIAN
K252018:user,K252018,user,TECHNOLOGIST_OR_OPERATOR
K252018:setting,K252018,setting,DIAGNOSTIC_INTERPRETATION
K252018:setting,K252018,setting,OTHER
K252018:setting,K252018,setting,OUTPATIENT
K252018:action,K252018,action,INTERPRETATION_OR_DIAGNOSIS
K252018:action,K252018,action,WORKFLOW_OR_DOCUMENTATION
K252029:input,K252029,input,MEDICAL_IMAGE
K252029:output,K252029,output,DOCUMENTATION_OR_SUMMARY
K252029:output,K252029,output,MEASUREMENT_OR_QUANTIFICATION
K252029:output,K252029,output,SEGMENTATION_OR_LOCALIZATION
K252029:user,K252029,user,OTHER_CLINICIAN
K252029:user,K252029,user,OTHER_PHYSICIAN
K252029:user,K252029,user,RADIOLOGIST
K252029:setting,K252029,setting,MONITORING
K252029:setting,K252029,setting,OTHER
K252029:setting,K252029,setting,SCREENING
K252029:action,K252029,action,MONITORING_OR_FOLLOW_UP
K252029:action,K252029,action,REFERRAL_OR_ESCALATION
K252041:input,K252041,input,MEDICAL_IMAGE
K252041:output,K252041,output,CLASSIFICATION_OR_DIAGNOSIS
K252041:output,K252041,output,DOCUMENTATION_OR_SUMMARY
K252041:user,K252041,user,OTHER_CLINICIAN
K252041:setting,K252041,setting,DIAGNOSTIC_INTERPRETATION
K252041:setting,K252041,setting,OTHER
K252041:setting,K252041,setting,OUTPATIENT
K252041:action,K252041,action,INTERPRETATION_OR_DIAGNOSIS
K252041:action,K252041,action,REFERRAL_OR_ESCALATION
K252054:input,K252054,input,DEVICE_TELEMETRY_OR_OPERATIONAL
K252054:input,K252054,input,MEDICAL_IMAGE
K252054:output,K252054,output,MEASUREMENT_OR_QUANTIFICATION
K252054:output,K252054,output,RECOMMENDATION_OR_PLANNING
K252054:output,K252054,output,RECONSTRUCTION_OR_ENHANCEMENT
K252054:output,K252054,output,SEGMENTATION_OR_LOCALIZATION
K252054:user,K252054,user,OTHER_PHYSICIAN
K252054:setting,K252054,setting,PROCEDURAL_OR_OPERATING_ROOM
K252054:action,K252054,action,TREATMENT_OR_PROCEDURE_PLANNING
K252054:action,K252054,action,WORKFLOW_OR_DOCUMENTATION
K252074:input,K252074,input,MEDICAL_IMAGE
K252074:output,K252074,output,RECONSTRUCTION_OR_ENHANCEMENT
K252074:user,K252074,user,OTHER_CLINICIAN
K252074:user,K252074,user,OTHER_PHYSICIAN
K252074:setting,K252074,setting,DIAGNOSTIC_INTERPRETATION
K252074:setting,K252074,setting,OTHER
K252074:action,K252074,action,INTERPRETATION_OR_DIAGNOSIS
K252076:input,K252076,input,AUDIO_OR_VIDEO
K252076:input,K252076,input,PHYSIOLOGICAL_SIGNAL
K252076:output,K252076,output,OTHER
K252076:user,K252076,user,OTHER_CLINICIAN
K252076:user,K252076,user,OTHER_PHYSICIAN
K252076:setting,K252076,setting,DIAGNOSTIC_INTERPRETATION
K252076:setting,K252076,setting,OTHER
K252076:action,K252076,action,INTERPRETATION_OR_DIAGNOSIS
K252076:action,K252076,action,TREATMENT_OR_PROCEDURE_PLANNING
K252084:input,K252084,input,MEDICAL_IMAGE
K252084:output,K252084,output,DOCUMENTATION_OR_SUMMARY
K252084:output,K252084,output,MEASUREMENT_OR_QUANTIFICATION
K252084:output,K252084,output,SEGMENTATION_OR_LOCALIZATION
K252084:user,K252084,user,OTHER_CLINICIAN
K252084:setting,K252084,setting,DIAGNOSTIC_INTERPRETATION
K252084:action,K252084,action,INTERPRETATION_OR_DIAGNOSIS
K252084:action,K252084,action,WORKFLOW_OR_DOCUMENTATION
K252086:input,K252086,input,MEDICAL_IMAGE
K252086:output,K252086,output,DETECTION_OR_ALERT
K252086:output,K252086,output,DOCUMENTATION_OR_SUMMARY
K252086:output,K252086,output,MEASUREMENT_OR_QUANTIFICATION
K252086:output,K252086,output,SEGMENTATION_OR_LOCALIZATION
K252086:user,K252086,user,OTHER_CLINICIAN
K252086:setting,K252086,setting,DIAGNOSTIC_INTERPRETATION
K252086:action,K252086,action,INTERPRETATION_OR_DIAGNOSIS
K252086:action,K252086,action,WORKFLOW_OR_DOCUMENTATION
K252089:input,K252089,input,AUDIO_OR_VIDEO
K252089:output,K252089,output,CLASSIFICATION_OR_DIAGNOSIS
K252089:output,K252089,output,MEASUREMENT_OR_QUANTIFICATION
K252089:output,K252089,output,OTHER
K252089:user,K252089,user,OTHER_CLINICIAN
K252089:user,K252089,user,PATIENT_OR_CAREGIVER
K252089:setting,K252089,setting,DIAGNOSTIC_INTERPRETATION
K252089:setting,K252089,setting,HOME_OR_CONSUMER
K252089:setting,K252089,setting,OTHER
K252089:action,K252089,action,INTERPRETATION_OR_DIAGNOSIS
K252089:action,K252089,action,WORKFLOW_OR_DOCUMENTATION
K252091:input,K252091,input,MEDICAL_IMAGE
K252091:output,K252091,output,RECONSTRUCTION_OR_ENHANCEMENT
K252091:output,K252091,output,SEGMENTATION_OR_LOCALIZATION
K252091:user,K252091,user,OTHER_CLINICIAN
K252091:user,K252091,user,OTHER_PHYSICIAN
K252091:user,K252091,user,TECHNOLOGIST_OR_OPERATOR
K252091:setting,K252091,setting,PROCEDURAL_OR_OPERATING_ROOM
K252091:action,K252091,action,TREATMENT_OR_PROCEDURE_PLANNING
K252091:action,K252091,action,WORKFLOW_OR_DOCUMENTATION
K252099:input,K252099,input,MEDICAL_IMAGE
K252099:output,K252099,output,RECONSTRUCTION_OR_ENHANCEMENT
K252099:user,K252099,user,OTHER_PHYSICIAN
K252099:setting,K252099,setting,DIAGNOSTIC_INTERPRETATION
K252099:setting,K252099,setting,PROCEDURAL_OR_OPERATING_ROOM
K252099:action,K252099,action,INTERPRETATION_OR_DIAGNOSIS
K252099:action,K252099,action,TREATMENT_OR_PROCEDURE_PLANNING
K252103:input,K252103,input,MEDICAL_IMAGE
K252103:output,K252103,output,MEASUREMENT_OR_QUANTIFICATION
K252103:output,K252103,output,RECONSTRUCTION_OR_ENHANCEMENT
K252103:output,K252103,output,SEGMENTATION_OR_LOCALIZATION
K252103:user,K252103,user,OTHER
K252103:user,K252103,user,OTHER_CLINICIAN
K252103:user,K252103,user,OTHER_PHYSICIAN
K252103:setting,K252103,setting,DIAGNOSTIC_INTERPRETATION
K252103:setting,K252103,setting,PROCEDURAL_OR_OPERATING_ROOM
K252103:action,K252103,action,INTERPRETATION_OR_DIAGNOSIS
K252103:action,K252103,action,TREATMENT_OR_PROCEDURE_PLANNING
K252105:input,K252105,input,AUDIO_OR_VIDEO
K252105:input,K252105,input,CLINICAL_TABULAR_OR_TEXT
K252105:input,K252105,input,MEDICAL_IMAGE
K252105:output,K252105,output,CLASSIFICATION_OR_DIAGNOSIS
K252105:output,K252105,output,DOCUMENTATION_OR_SUMMARY
K252105:output,K252105,output,MEASUREMENT_OR_QUANTIFICATION
K252105:output,K252105,output,SEGMENTATION_OR_LOCALIZATION
K252105:user,K252105,user,OTHER_PHYSICIAN
K252105:user,K252105,user,TECHNOLOGIST_OR_OPERATOR
K252105:setting,K252105,setting,DIAGNOSTIC_INTERPRETATION
K252105:action,K252105,action,INTERPRETATION_OR_DIAGNOSIS
K252105:action,K252105,action,WORKFLOW_OR_DOCUMENTATION
K252148:input,K252148,input,AUDIO_OR_VIDEO
K252148:input,K252148,input,MEDICAL_IMAGE
K252148:output,K252148,output,DOCUMENTATION_OR_SUMMARY
K252148:output,K252148,output,MEASUREMENT_OR_QUANTIFICATION
K252148:user,K252148,user,OTHER_CLINICIAN
K252148:setting,K252148,setting,OTHER
K252148:action,K252148,action,OTHER
K252148:action,K252148,action,WORKFLOW_OR_DOCUMENTATION
K252178:input,K252178,input,AUDIO_OR_VIDEO
K252178:output,K252178,output,DETECTION_OR_ALERT
K252178:output,K252178,output,OTHER
K252178:output,K252178,output,SEGMENTATION_OR_LOCALIZATION
K252178:user,K252178,user,OTHER_CLINICIAN
K252178:user,K252178,user,OTHER_PHYSICIAN
K252178:setting,K252178,setting,MONITORING
K252178:setting,K252178,setting,PROCEDURAL_OR_OPERATING_ROOM
K252178:setting,K252178,setting,SCREENING
K252178:action,K252178,action,INTERPRETATION_OR_DIAGNOSIS
K252188:input,K252188,input,MEDICAL_IMAGE
K252188:output,K252188,output,RECONSTRUCTION_OR_ENHANCEMENT
K252188:user,K252188,user,OTHER_CLINICIAN
K252188:setting,K252188,setting,OTHER
K252188:setting,K252188,setting,PROCEDURAL_OR_OPERATING_ROOM
K252188:action,K252188,action,TREATMENT_OR_PROCEDURE_PLANNING
K252188:action,K252188,action,WORKFLOW_OR_DOCUMENTATION
K252204:input,K252204,input,CLINICAL_TABULAR_OR_TEXT
K252204:input,K252204,input,MULTIMODAL
K252204:input,K252204,input,PHYSIOLOGICAL_SIGNAL
K252204:output,K252204,output,MEASUREMENT_OR_QUANTIFICATION
K252204:user,K252204,user,OTHER_CLINICIAN
K252204:setting,K252204,setting,OTHER
K252204:setting,K252204,setting,OUTPATIENT
K252204:action,K252204,action,OTHER
K252214:input,K252214,input,MEDICAL_IMAGE
K252214:output,K252214,output,DETECTION_OR_ALERT
K252214:output,K252214,output,MEASUREMENT_OR_QUANTIFICATION
K252214:output,K252214,output,RECOMMENDATION_OR_PLANNING
K252214:output,K252214,output,SEGMENTATION_OR_LOCALIZATION
K252214:user,K252214,user,OTHER_PHYSICIAN
K252214:setting,K252214,setting,PROCEDURAL_OR_OPERATING_ROOM
K252214:action,K252214,action,TREATMENT_OR_PROCEDURE_PLANNING
K252217:input,K252217,input,MEDICAL_IMAGE
K252217:output,K252217,output,DOCUMENTATION_OR_SUMMARY
K252217:output,K252217,output,MEASUREMENT_OR_QUANTIFICATION
K252217:output,K252217,output,RECONSTRUCTION_OR_ENHANCEMENT
K252217:output,K252217,output,SEGMENTATION_OR_LOCALIZATION
K252217:user,K252217,user,OTHER_PHYSICIAN
K252217:setting,K252217,setting,DIAGNOSTIC_INTERPRETATION
K252217:action,K252217,action,INTERPRETATION_OR_DIAGNOSIS
K252235:input,K252235,input,AUDIO_OR_VIDEO
K252235:input,K252235,input,MEDICAL_IMAGE
K252235:output,K252235,output,CLASSIFICATION_OR_DIAGNOSIS
K252235:output,K252235,output,DETECTION_OR_ALERT
K252235:output,K252235,output,MEASUREMENT_OR_QUANTIFICATION
K252235:output,K252235,output,SEGMENTATION_OR_LOCALIZATION
K252235:user,K252235,user,OTHER_CLINICIAN
K252235:user,K252235,user,OTHER_PHYSICIAN
K252235:setting,K252235,setting,MONITORING
K252235:setting,K252235,setting,PROCEDURAL_OR_OPERATING_ROOM
K252235:action,K252235,action,MONITORING_OR_FOLLOW_UP
K252235:action,K252235,action,TREATMENT_OR_PROCEDURE_PLANNING
K252261:input,K252261,input,MEDICAL_IMAGE
K252261:output,K252261,output,CLASSIFICATION_OR_DIAGNOSIS
K252261:output,K252261,output,DOCUMENTATION_OR_SUMMARY
K252261:output,K252261,output,MEASUREMENT_OR_QUANTIFICATION
K252261:output,K252261,output,RECONSTRUCTION_OR_ENHANCEMENT
K252261:output,K252261,output,SEGMENTATION_OR_LOCALIZATION
K252261:user,K252261,user,OTHER
K252261:user,K252261,user,OTHER_PHYSICIAN
K252261:user,K252261,user,RADIOLOGIST
K252261:setting,K252261,setting,DIAGNOSTIC_INTERPRETATION
K252261:setting,K252261,setting,MONITORING
K252261:setting,K252261,setting,OTHER
K252261:setting,K252261,setting,OUTPATIENT
K252261:action,K252261,action,INTERPRETATION_OR_DIAGNOSIS
K252261:action,K252261,action,MONITORING_OR_FOLLOW_UP
K252261:action,K252261,action,TREATMENT_OR_PROCEDURE_PLANNING
K252282:input,K252282,input,MEDICAL_IMAGE
K252282:output,K252282,output,MEASUREMENT_OR_QUANTIFICATION
K252282:setting,K252282,setting,PROCEDURAL_OR_OPERATING_ROOM
K252282:action,K252282,action,MONITORING_OR_FOLLOW_UP
K252284:input,K252284,input,AUDIO_OR_VIDEO
K252284:input,K252284,input,CLINICAL_TABULAR_OR_TEXT
K252284:input,K252284,input,MULTIMODAL
K252284:output,K252284,output,CLASSIFICATION_OR_DIAGNOSIS
K252284:output,K252284,output,DETECTION_OR_ALERT
K252284:output,K252284,output,MEASUREMENT_OR_QUANTIFICATION
K252284:user,K252284,user,OTHER_CLINICIAN
K252284:setting,K252284,setting,DIAGNOSTIC_INTERPRETATION
K252284:setting,K252284,setting,MONITORING
K252284:setting,K252284,setting,OTHER
K252284:action,K252284,action,INTERPRETATION_OR_DIAGNOSIS
K252284:action,K252284,action,MONITORING_OR_FOLLOW_UP
K252294:input,K252294,input,AUDIO_OR_VIDEO
K252294:input,K252294,input,MEDICAL_IMAGE
K252294:output,K252294,output,CLASSIFICATION_OR_DIAGNOSIS
K252294:output,K252294,output,DETECTION_OR_ALERT
K252294:output,K252294,output,DOCUMENTATION_OR_SUMMARY
K252294:user,K252294,user,OTHER_PHYSICIAN
K252294:setting,K252294,setting,DIAGNOSTIC_INTERPRETATION
K252294:setting,K252294,setting,SCREENING
K252294:action,K252294,action,INTERPRETATION_OR_DIAGNOSIS
K252294:action,K252294,action,REFERRAL_OR_ESCALATION
K252298:input,K252298,input,MEDICAL_IMAGE
K252298:output,K252298,output,DOCUMENTATION_OR_SUMMARY
K252298:output,K252298,output,MEASUREMENT_OR_QUANTIFICATION
K252298:output,K252298,output,SEGMENTATION_OR_LOCALIZATION
K252298:user,K252298,user,OTHER_CLINICIAN
K252298:user,K252298,user,OTHER_PHYSICIAN
K252298:user,K252298,user,RADIOLOGIST
K252298:setting,K252298,setting,DIAGNOSTIC_INTERPRETATION
K252298:setting,K252298,setting,MONITORING
K252298:action,K252298,action,INTERPRETATION_OR_DIAGNOSIS
K252298:action,K252298,action,MONITORING_OR_FOLLOW_UP
K252304:input,K252304,input,DEVICE_TELEMETRY_OR_OPERATIONAL
K252304:input,K252304,input,MEDICAL_IMAGE
K252304:output,K252304,output,RECOMMENDATION_OR_PLANNING
K252304:output,K252304,output,RECONSTRUCTION_OR_ENHANCEMENT
K252304:output,K252304,output,SEGMENTATION_OR_LOCALIZATION
K252304:user,K252304,user,OTHER_CLINICIAN
K252304:user,K252304,user,OTHER_PHYSICIAN
K252304:user,K252304,user,RADIOLOGIST
K252304:user,K252304,user,TECHNOLOGIST_OR_OPERATOR
K252304:setting,K252304,setting,OTHER
K252304:setting,K252304,setting,PROCEDURAL_OR_OPERATING_ROOM
K252304:action,K252304,action,TREATMENT_OR_PROCEDURE_PLANNING
K252304:action,K252304,action,WORKFLOW_OR_DOCUMENTATION
K252328:input,K252328,input,AUDIO_OR_VIDEO
K252328:input,K252328,input,MEDICAL_IMAGE
K252328:output,K252328,output,CLASSIFICATION_OR_DIAGNOSIS
K252328:output,K252328,output,MEASUREMENT_OR_QUANTIFICATION
K252328:output,K252328,output,OTHER
K252328:output,K252328,output,SEGMENTATION_OR_LOCALIZATION
K252328:user,K252328,user,OTHER_CLINICIAN
K252328:setting,K252328,setting,DIAGNOSTIC_INTERPRETATION
K252328:setting,K252328,setting,OTHER
K252328:setting,K252328,setting,OUTPATIENT
K252328:action,K252328,action,INTERPRETATION_OR_DIAGNOSIS
K252328:action,K252328,action,WORKFLOW_OR_DOCUMENTATION
K252330:input,K252330,input,PHYSIOLOGICAL_SIGNAL
K252330:output,K252330,output,CLASSIFICATION_OR_DIAGNOSIS
K252330:output,K252330,output,DETECTION_OR_ALERT
K252330:output,K252330,output,DOCUMENTATION_OR_SUMMARY
K252330:output,K252330,output,MEASUREMENT_OR_QUANTIFICATION
K252330:user,K252330,user,OTHER_CLINICIAN
K252330:setting,K252330,setting,DIAGNOSTIC_INTERPRETATION
K252330:setting,K252330,setting,HOME_OR_CONSUMER
K252330:setting,K252330,setting,MONITORING
K252330:setting,K252330,setting,OTHER
K252330:setting,K252330,setting,OUTPATIENT
K252330:action,K252330,action,INTERPRETATION_OR_DIAGNOSIS
K252330:action,K252330,action,MONITORING_OR_FOLLOW_UP
K252360:input,K252360,input,PHYSIOLOGICAL_SIGNAL
K252360:output,K252360,output,CLASSIFICATION_OR_DIAGNOSIS
K252360:user,K252360,user,OTHER_CLINICIAN
K252360:user,K252360,user,OTHER_PHYSICIAN
K252360:setting,K252360,setting,DIAGNOSTIC_INTERPRETATION
K252360:setting,K252360,setting,OTHER
K252360:action,K252360,action,INTERPRETATION_OR_DIAGNOSIS
K252360:action,K252360,action,REFERRAL_OR_ESCALATION
K252362:input,K252362,input,MEDICAL_IMAGE
K252362:output,K252362,output,DOCUMENTATION_OR_SUMMARY
K252362:output,K252362,output,MEASUREMENT_OR_QUANTIFICATION
K252362:output,K252362,output,SEGMENTATION_OR_LOCALIZATION
K252362:user,K252362,user,OTHER
K252362:user,K252362,user,OTHER_CLINICIAN
K252362:user,K252362,user,RADIOLOGIST
K252362:setting,K252362,setting,DIAGNOSTIC_INTERPRETATION
K252362:setting,K252362,setting,OTHER
K252362:setting,K252362,setting,OUTPATIENT
K252362:action,K252362,action,INTERPRETATION_OR_DIAGNOSIS
K252366:input,K252366,input,MEDICAL_IMAGE
K252366:output,K252366,output,CLASSIFICATION_OR_DIAGNOSIS
K252366:output,K252366,output,DETECTION_OR_ALERT
K252366:user,K252366,user,OTHER_CLINICIAN
K252366:setting,K252366,setting,ACUTE_TRIAGE_OR_EMERGENCY
K252366:setting,K252366,setting,OTHER
K252366:action,K252366,action,TRIAGE_OR_PRIORITIZATION
K252371:input,K252371,input,AUDIO_OR_VIDEO
K252371:input,K252371,input,MEDICAL_IMAGE
K252371:output,K252371,output,CLASSIFICATION_OR_DIAGNOSIS
K252371:output,K252371,output,RECONSTRUCTION_OR_ENHANCEMENT
K252371:user,K252371,user,OTHER_PHYSICIAN
K252371:user,K252371,user,TECHNOLOGIST_OR_OPERATOR
K252371:setting,K252371,setting,DIAGNOSTIC_INTERPRETATION
K252371:setting,K252371,setting,OTHER
K252371:action,K252371,action,INTERPRETATION_OR_DIAGNOSIS
K252371:action,K252371,action,WORKFLOW_OR_DOCUMENTATION
K252379:input,K252379,input,MEDICAL_IMAGE
K252379:output,K252379,output,RECONSTRUCTION_OR_ENHANCEMENT
K252379:setting,K252379,setting,DIAGNOSTIC_INTERPRETATION
K252379:action,K252379,action,INTERPRETATION_OR_DIAGNOSIS
K252379:action,K252379,action,WORKFLOW_OR_DOCUMENTATION
K252421:input,K252421,input,MEDICAL_IMAGE
K252421:output,K252421,output,DETECTION_OR_ALERT
K252421:user,K252421,user,OTHER_CLINICIAN
K252421:setting,K252421,setting,ACUTE_TRIAGE_OR_EMERGENCY
K252421:setting,K252421,setting,OTHER
K252421:action,K252421,action,TRIAGE_OR_PRIORITIZATION
K252433:input,K252433,input,AUDIO_OR_VIDEO
K252433:input,K252433,input,MEDICAL_IMAGE
K252433:output,K252433,output,CLASSIFICATION_OR_DIAGNOSIS
K252433:output,K252433,output,DETECTION_OR_ALERT
K252433:output,K252433,output,OTHER
K252433:output,K252433,output,SEGMENTATION_OR_LOCALIZATION
K252433:user,K252433,user,OTHER_CLINICIAN
K252433:user,K252433,user,OTHER_PHYSICIAN
K252433:user,K252433,user,TECHNOLOGIST_OR_OPERATOR
K252433:setting,K252433,setting,DIAGNOSTIC_INTERPRETATION
K252433:setting,K252433,setting,SCREENING
K252433:action,K252433,action,INTERPRETATION_OR_DIAGNOSIS
K252433:action,K252433,action,WORKFLOW_OR_DOCUMENTATION
K252452:input,K252452,input,MEDICAL_IMAGE
K252452:output,K252452,output,DOCUMENTATION_OR_SUMMARY
K252452:output,K252452,output,MEASUREMENT_OR_QUANTIFICATION
K252452:output,K252452,output,RECOMMENDATION_OR_PLANNING
K252452:output,K252452,output,SEGMENTATION_OR_LOCALIZATION
K252452:user,K252452,user,OTHER_CLINICIAN
K252452:user,K252452,user,OTHER_PHYSICIAN
K252452:setting,K252452,setting,OTHER
K252452:setting,K252452,setting,PROCEDURAL_OR_OPERATING_ROOM
K252452:action,K252452,action,TREATMENT_OR_PROCEDURE_PLANNING
K252482:input,K252482,input,MEDICAL_IMAGE
K252482:output,K252482,output,CLASSIFICATION_OR_DIAGNOSIS
K252482:output,K252482,output,DETECTION_OR_ALERT
K252482:user,K252482,user,OTHER_PHYSICIAN
K252482:setting,K252482,setting,OTHER
K252482:setting,K252482,setting,SCREENING
K252482:action,K252482,action,TRIAGE_OR_PRIORITIZATION
K252496:input,K252496,input,MEDICAL_IMAGE
K252496:output,K252496,output,DOCUMENTATION_OR_SUMMARY
K252496:output,K252496,output,MEASUREMENT_OR_QUANTIFICATION
K252496:output,K252496,output,SEGMENTATION_OR_LOCALIZATION
K252496:user,K252496,user,OTHER_CLINICIAN
K252496:user,K252496,user,OTHER_PHYSICIAN
K252496:setting,K252496,setting,DIAGNOSTIC_INTERPRETATION
K252496:setting,K252496,setting,MONITORING
K252496:action,K252496,action,INTERPRETATION_OR_DIAGNOSIS
K252496:action,K252496,action,MONITORING_OR_FOLLOW_UP
K252497:input,K252497,input,PHYSIOLOGICAL_SIGNAL
K252497:output,K252497,output,CLASSIFICATION_OR_DIAGNOSIS
K252497:output,K252497,output,DOCUMENTATION_OR_SUMMARY
K252497:output,K252497,output,MEASUREMENT_OR_QUANTIFICATION
K252497:user,K252497,user,OTHER_CLINICIAN
K252497:setting,K252497,setting,DIAGNOSTIC_INTERPRETATION
K252497:setting,K252497,setting,HOME_OR_CONSUMER
K252497:setting,K252497,setting,OTHER
K252497:setting,K252497,setting,OUTPATIENT
K252497:action,K252497,action,INTERPRETATION_OR_DIAGNOSIS
K252500:input,K252500,input,AUDIO_OR_VIDEO
K252500:input,K252500,input,DEVICE_TELEMETRY_OR_OPERATIONAL
K252500:input,K252500,input,MEDICAL_IMAGE
K252500:output,K252500,output,DETECTION_OR_ALERT
K252500:output,K252500,output,RECOMMENDATION_OR_PLANNING
K252500:output,K252500,output,RECONSTRUCTION_OR_ENHANCEMENT
K252500:output,K252500,output,SEGMENTATION_OR_LOCALIZATION
K252500:user,K252500,user,OTHER
K252500:user,K252500,user,OTHER_PHYSICIAN
K252500:setting,K252500,setting,OTHER
K252500:setting,K252500,setting,PROCEDURAL_OR_OPERATING_ROOM
K252500:action,K252500,action,TREATMENT_OR_PROCEDURE_PLANNING
K252500:action,K252500,action,WORKFLOW_OR_DOCUMENTATION
K252504:input,K252504,input,PHYSIOLOGICAL_SIGNAL
K252504:output,K252504,output,DOCUMENTATION_OR_SUMMARY
K252504:output,K252504,output,MEASUREMENT_OR_QUANTIFICATION
K252504:output,K252504,output,OTHER
K252504:user,K252504,user,OTHER_CLINICIAN
K252504:user,K252504,user,OTHER_PHYSICIAN
K252504:setting,K252504,setting,DIAGNOSTIC_INTERPRETATION
K252504:setting,K252504,setting,OTHER
K252504:action,K252504,action,INTERPRETATION_OR_DIAGNOSIS
K252538:input,K252538,input,MEDICAL_IMAGE
K252538:output,K252538,output,MEASUREMENT_OR_QUANTIFICATION
K252538:output,K252538,output,RECONSTRUCTION_OR_ENHANCEMENT
K252538:output,K252538,output,SEGMENTATION_OR_LOCALIZATION
K252538:user,K252538,user,OTHER_CLINICIAN
K252538:user,K252538,user,OTHER_PHYSICIAN
K252538:user,K252538,user,RADIOLOGIST
K252538:setting,K252538,setting,DIAGNOSTIC_INTERPRETATION
K252538:setting,K252538,setting,PROCEDURAL_OR_OPERATING_ROOM
K252538:action,K252538,action,INTERPRETATION_OR_DIAGNOSIS
K252538:action,K252538,action,TREATMENT_OR_PROCEDURE_PLANNING
K252539:input,K252539,input,MEDICAL_IMAGE
K252539:output,K252539,output,DOCUMENTATION_OR_SUMMARY
K252539:output,K252539,output,MEASUREMENT_OR_QUANTIFICATION
K252539:output,K252539,output,SEGMENTATION_OR_LOCALIZATION
K252539:user,K252539,user,OTHER_CLINICIAN
K252539:setting,K252539,setting,DIAGNOSTIC_INTERPRETATION
K252539:action,K252539,action,INTERPRETATION_OR_DIAGNOSIS
K252539:action,K252539,action,WORKFLOW_OR_DOCUMENTATION
K252557:input,K252557,input,AUDIO_OR_VIDEO
K252557:input,K252557,input,MEDICAL_IMAGE
K252557:output,K252557,output,CLASSIFICATION_OR_DIAGNOSIS
K252557:output,K252557,output,OTHER
K252557:user,K252557,user,OTHER_CLINICIAN
K252557:setting,K252557,setting,DIAGNOSTIC_INTERPRETATION
K252557:setting,K252557,setting,OTHER
K252557:action,K252557,action,INTERPRETATION_OR_DIAGNOSIS
K252557:action,K252557,action,WORKFLOW_OR_DOCUMENTATION
K252586:input,K252586,input,AUDIO_OR_VIDEO
K252586:output,K252586,output,DETECTION_OR_ALERT
K252586:output,K252586,output,SEGMENTATION_OR_LOCALIZATION
K252586:user,K252586,user,OTHER_PHYSICIAN
K252586:setting,K252586,setting,PROCEDURAL_OR_OPERATING_ROOM
K252586:setting,K252586,setting,SCREENING
K252586:action,K252586,action,INTERPRETATION_OR_DIAGNOSIS
K252589:input,K252589,input,PHYSIOLOGICAL_SIGNAL
K252589:output,K252589,output,CLASSIFICATION_OR_DIAGNOSIS
K252589:output,K252589,output,MEASUREMENT_OR_QUANTIFICATION
K252589:user,K252589,user,OTHER_CLINICIAN
K252589:user,K252589,user,OTHER_PHYSICIAN
K252589:user,K252589,user,TECHNOLOGIST_OR_OPERATOR
K252589:setting,K252589,setting,ACUTE_TRIAGE_OR_EMERGENCY
K252589:setting,K252589,setting,DIAGNOSTIC_INTERPRETATION
K252589:setting,K252589,setting,OTHER
K252589:setting,K252589,setting,OUTPATIENT
K252589:action,K252589,action,INTERPRETATION_OR_DIAGNOSIS
K252595:input,K252595,input,AUDIO_OR_VIDEO
K252595:output,K252595,output,DETECTION_OR_ALERT
K252595:output,K252595,output,DOCUMENTATION_OR_SUMMARY
K252595:output,K252595,output,MEASUREMENT_OR_QUANTIFICATION
K252595:output,K252595,output,SEGMENTATION_OR_LOCALIZATION
K252595:user,K252595,user,OTHER_CLINICIAN
K252595:user,K252595,user,OTHER_PHYSICIAN
K252595:setting,K252595,setting,DIAGNOSTIC_INTERPRETATION
K252595:setting,K252595,setting,HOME_OR_CONSUMER
K252595:setting,K252595,setting,MONITORING
K252595:setting,K252595,setting,OTHER
K252595:action,K252595,action,INTERPRETATION_OR_DIAGNOSIS
K252595:action,K252595,action,MONITORING_OR_FOLLOW_UP
K252634:input,K252634,input,MEDICAL_IMAGE
K252634:output,K252634,output,DOCUMENTATION_OR_SUMMARY
K252634:output,K252634,output,MEASUREMENT_OR_QUANTIFICATION
K252634:output,K252634,output,SEGMENTATION_OR_LOCALIZATION
K252634:user,K252634,user,OTHER_CLINICIAN
K252634:user,K252634,user,OTHER_PHYSICIAN
K252634:user,K252634,user,RADIOLOGIST
K252634:user,K252634,user,TECHNOLOGIST_OR_OPERATOR
K252634:setting,K252634,setting,DIAGNOSTIC_INTERPRETATION
K252634:setting,K252634,setting,OTHER
K252634:setting,K252634,setting,PROCEDURAL_OR_OPERATING_ROOM
K252634:action,K252634,action,INTERPRETATION_OR_DIAGNOSIS
K252665:input,K252665,input,MEDICAL_IMAGE
K252665:output,K252665,output,DOCUMENTATION_OR_SUMMARY
K252665:output,K252665,output,MEASUREMENT_OR_QUANTIFICATION
K252665:output,K252665,output,RECONSTRUCTION_OR_ENHANCEMENT
K252665:output,K252665,output,SEGMENTATION_OR_LOCALIZATION
K252665:user,K252665,user,OTHER_CLINICIAN
K252665:user,K252665,user,OTHER_PHYSICIAN
K252665:setting,K252665,setting,OTHER
K252665:setting,K252665,setting,OUTPATIENT
K252665:setting,K252665,setting,PROCEDURAL_OR_OPERATING_ROOM
K252665:action,K252665,action,TREATMENT_OR_PROCEDURE_PLANNING
K252670:input,K252670,input,MEDICAL_IMAGE
K252670:output,K252670,output,DOCUMENTATION_OR_SUMMARY
K252670:output,K252670,output,MEASUREMENT_OR_QUANTIFICATION
K252670:output,K252670,output,SEGMENTATION_OR_LOCALIZATION
K252670:user,K252670,user,OTHER_PHYSICIAN
K252670:user,K252670,user,RADIOLOGIST
K252670:setting,K252670,setting,DIAGNOSTIC_INTERPRETATION
K252670:action,K252670,action,INTERPRETATION_OR_DIAGNOSIS
K252838:input,K252838,input,MEDICAL_IMAGE
K252838:output,K252838,output,RECONSTRUCTION_OR_ENHANCEMENT
K252838:user,K252838,user,OTHER_CLINICIAN
K252838:user,K252838,user,OTHER_PHYSICIAN
K252838:setting,K252838,setting,DIAGNOSTIC_INTERPRETATION
K252838:setting,K252838,setting,PROCEDURAL_OR_OPERATING_ROOM
K252838:action,K252838,action,INTERPRETATION_OR_DIAGNOSIS
K252838:action,K252838,action,TREATMENT_OR_PROCEDURE_PLANNING
K252838:action,K252838,action,WORKFLOW_OR_DOCUMENTATION
K252842:input,K252842,input,PHYSIOLOGICAL_SIGNAL
K252842:output,K252842,output,CLASSIFICATION_OR_DIAGNOSIS
K252842:user,K252842,user,OTHER
K252842:user,K252842,user,OTHER_CLINICIAN
K252842:user,K252842,user,TECHNOLOGIST_OR_OPERATOR
K252842:setting,K252842,setting,MONITORING
K252842:setting,K252842,setting,PROCEDURAL_OR_OPERATING_ROOM
K252856:input,K252856,input,MEDICAL_IMAGE
K252856:output,K252856,output,DOCUMENTATION_OR_SUMMARY
K252856:output,K252856,output,MEASUREMENT_OR_QUANTIFICATION
K252856:output,K252856,output,RECOMMENDATION_OR_PLANNING
K252856:output,K252856,output,SEGMENTATION_OR_LOCALIZATION
K252856:user,K252856,user,OTHER_CLINICIAN
K252856:user,K252856,user,OTHER_PHYSICIAN
K252856:setting,K252856,setting,OTHER
K252856:setting,K252856,setting,PROCEDURAL_OR_OPERATING_ROOM
K252856:action,K252856,action,TREATMENT_OR_PROCEDURE_PLANNING
K252922:input,K252922,input,MEDICAL_IMAGE
K252922:output,K252922,output,MEASUREMENT_OR_QUANTIFICATION
K252922:output,K252922,output,SEGMENTATION_OR_LOCALIZATION
K252922:user,K252922,user,OTHER_CLINICIAN
K252922:setting,K252922,setting,OTHER
K252922:setting,K252922,setting,PROCEDURAL_OR_OPERATING_ROOM
K252922:action,K252922,action,TREATMENT_OR_PROCEDURE_PLANNING
K252922:action,K252922,action,WORKFLOW_OR_DOCUMENTATION
K252934:input,K252934,input,MEDICAL_IMAGE
K252934:output,K252934,output,DETECTION_OR_ALERT
K252934:output,K252934,output,DOCUMENTATION_OR_SUMMARY
K252934:output,K252934,output,RECONSTRUCTION_OR_ENHANCEMENT
K252934:output,K252934,output,SEGMENTATION_OR_LOCALIZATION
K252934:user,K252934,user,OTHER_CLINICIAN
K252934:setting,K252934,setting,DIAGNOSTIC_INTERPRETATION
K252934:action,K252934,action,INTERPRETATION_OR_DIAGNOSIS
K252970:input,K252970,input,MEDICAL_IMAGE
K252970:output,K252970,output,DETECTION_OR_ALERT
K252970:user,K252970,user,OTHER_CLINICIAN
K252970:setting,K252970,setting,ACUTE_TRIAGE_OR_EMERGENCY
K252970:setting,K252970,setting,OTHER
K252970:action,K252970,action,TRIAGE_OR_PRIORITIZATION
K252972:input,K252972,input,DEVICE_TELEMETRY_OR_OPERATIONAL
K252972:input,K252972,input,MEDICAL_IMAGE
K252972:output,K252972,output,RECONSTRUCTION_OR_ENHANCEMENT
K252972:output,K252972,output,SEGMENTATION_OR_LOCALIZATION
K252972:setting,K252972,setting,PROCEDURAL_OR_OPERATING_ROOM
K252972:action,K252972,action,TREATMENT_OR_PROCEDURE_PLANNING
K252972:action,K252972,action,WORKFLOW_OR_DOCUMENTATION
K252984:input,K252984,input,AUDIO_OR_VIDEO
K252984:input,K252984,input,CLINICAL_TABULAR_OR_TEXT
K252984:input,K252984,input,PHYSIOLOGICAL_SIGNAL
K252984:output,K252984,output,CLASSIFICATION_OR_DIAGNOSIS
K252984:output,K252984,output,DETECTION_OR_ALERT
K252984:output,K252984,output,DOCUMENTATION_OR_SUMMARY
K252984:output,K252984,output,MEASUREMENT_OR_QUANTIFICATION
K252984:user,K252984,user,OTHER_CLINICIAN
K252984:user,K252984,user,PATIENT_OR_CAREGIVER
K252984:setting,K252984,setting,HOME_OR_CONSUMER
K252984:setting,K252984,setting,INPATIENT
K252984:setting,K252984,setting,MONITORING
K252984:setting,K252984,setting,OUTPATIENT
K252984:action,K252984,action,MONITORING_OR_FOLLOW_UP
K252984:action,K252984,action,WORKFLOW_OR_DOCUMENTATION
K252992:input,K252992,input,AUDIO_OR_VIDEO
K252992:output,K252992,output,CONTROL_OR_AUTOMATION
K252992:output,K252992,output,RECOMMENDATION_OR_PLANNING
K252992:user,K252992,user,TECHNOLOGIST_OR_OPERATOR
K252992:setting,K252992,setting,DIAGNOSTIC_INTERPRETATION
K252992:action,K252992,action,THERAPY_DOSE_OR_DEVICE_CONTROL
K252992:action,K252992,action,WORKFLOW_OR_DOCUMENTATION
K253009:input,K253009,input,MEDICAL_IMAGE
K253009:output,K253009,output,DETECTION_OR_ALERT
K253009:output,K253009,output,SEGMENTATION_OR_LOCALIZATION
K253009:user,K253009,user,OTHER_CLINICIAN
K253009:setting,K253009,setting,DIAGNOSTIC_INTERPRETATION
K253009:action,K253009,action,INTERPRETATION_OR_DIAGNOSIS
K253023:input,K253023,input,MEDICAL_IMAGE
K253023:output,K253023,output,OTHER
K253023:output,K253023,output,RECONSTRUCTION_OR_ENHANCEMENT
K253023:user,K253023,user,OTHER_CLINICIAN
K253023:user,K253023,user,OTHER_PHYSICIAN
K253023:setting,K253023,setting,DIAGNOSTIC_INTERPRETATION
K253023:action,K253023,action,INTERPRETATION_OR_DIAGNOSIS
K253023:action,K253023,action,WORKFLOW_OR_DOCUMENTATION
K253057:input,K253057,input,MEDICAL_IMAGE
K253057:output,K253057,output,DOCUMENTATION_OR_SUMMARY
K253057:output,K253057,output,MEASUREMENT_OR_QUANTIFICATION
K253057:output,K253057,output,SEGMENTATION_OR_LOCALIZATION
K253057:user,K253057,user,OTHER_CLINICIAN
K253057:setting,K253057,setting,DIAGNOSTIC_INTERPRETATION
K253057:action,K253057,action,INTERPRETATION_OR_DIAGNOSIS
K253057:action,K253057,action,MONITORING_OR_FOLLOW_UP
K253057:action,K253057,action,WORKFLOW_OR_DOCUMENTATION
K253091:input,K253091,input,CLINICAL_TABULAR_OR_TEXT
K253091:input,K253091,input,MEDICAL_IMAGE
K253091:output,K253091,output,MEASUREMENT_OR_QUANTIFICATION
K253091:output,K253091,output,RECOMMENDATION_OR_PLANNING
K253091:output,K253091,output,RECONSTRUCTION_OR_ENHANCEMENT
K253091:output,K253091,output,SEGMENTATION_OR_LOCALIZATION
K253091:user,K253091,user,OTHER_CLINICIAN
K253091:user,K253091,user,OTHER_PHYSICIAN
K253091:setting,K253091,setting,OTHER
K253091:action,K253091,action,MONITORING_OR_FOLLOW_UP
K253091:action,K253091,action,TREATMENT_OR_PROCEDURE_PLANNING
K253091:action,K253091,action,WORKFLOW_OR_DOCUMENTATION
K253141:input,K253141,input,PHYSIOLOGICAL_SIGNAL
K253141:output,K253141,output,CLASSIFICATION_OR_DIAGNOSIS
K253141:output,K253141,output,DETECTION_OR_ALERT
K253141:output,K253141,output,MEASUREMENT_OR_QUANTIFICATION
K253141:user,K253141,user,OTHER_CLINICIAN
K253141:user,K253141,user,OTHER_PHYSICIAN
K253141:user,K253141,user,TECHNOLOGIST_OR_OPERATOR
K253141:setting,K253141,setting,DIAGNOSTIC_INTERPRETATION
K253141:setting,K253141,setting,MONITORING
K253141:action,K253141,action,INTERPRETATION_OR_DIAGNOSIS
K253141:action,K253141,action,WORKFLOW_OR_DOCUMENTATION
K253265:input,K253265,input,MEDICAL_IMAGE
K253265:output,K253265,output,DETECTION_OR_ALERT
K253265:user,K253265,user,OTHER_CLINICIAN
K253265:setting,K253265,setting,ACUTE_TRIAGE_OR_EMERGENCY
K253265:action,K253265,action,TRIAGE_OR_PRIORITIZATION
K253269:input,K253269,input,MEDICAL_IMAGE
K253269:output,K253269,output,RECOMMENDATION_OR_PLANNING
K253269:output,K253269,output,SEGMENTATION_OR_LOCALIZATION
K253269:user,K253269,user,OTHER_PHYSICIAN
K253269:setting,K253269,setting,PROCEDURAL_OR_OPERATING_ROOM
K253269:action,K253269,action,TREATMENT_OR_PROCEDURE_PLANNING
K253270:input,K253270,input,MEDICAL_IMAGE
K253270:output,K253270,output,SEGMENTATION_OR_LOCALIZATION
K253270:user,K253270,user,OTHER_CLINICIAN
K253270:setting,K253270,setting,OTHER
K253270:action,K253270,action,MONITORING_OR_FOLLOW_UP
K253270:action,K253270,action,TREATMENT_OR_PROCEDURE_PLANNING
K253270:action,K253270,action,WORKFLOW_OR_DOCUMENTATION
K253366:input,K253366,input,MEDICAL_IMAGE
K253366:input,K253366,input,PHYSIOLOGICAL_SIGNAL
K253366:output,K253366,output,CLASSIFICATION_OR_DIAGNOSIS
K253366:output,K253366,output,MEASUREMENT_OR_QUANTIFICATION
K253366:output,K253366,output,SEGMENTATION_OR_LOCALIZATION
K253366:user,K253366,user,OTHER_PHYSICIAN
K253366:setting,K253366,setting,DIAGNOSTIC_INTERPRETATION
K253366:action,K253366,action,INTERPRETATION_OR_DIAGNOSIS
K253366:action,K253366,action,WORKFLOW_OR_DOCUMENTATION
K253370:input,K253370,input,MEDICAL_IMAGE
K253370:input,K253370,input,PHYSIOLOGICAL_SIGNAL
K253370:output,K253370,output,MEASUREMENT_OR_QUANTIFICATION
K253370:output,K253370,output,SEGMENTATION_OR_LOCALIZATION
K253370:user,K253370,user,OTHER_PHYSICIAN
K253370:setting,K253370,setting,DIAGNOSTIC_INTERPRETATION
K253370:action,K253370,action,INTERPRETATION_OR_DIAGNOSIS
K253370:action,K253370,action,WORKFLOW_OR_DOCUMENTATION
K253379:input,K253379,input,MEDICAL_IMAGE
K253379:output,K253379,output,SEGMENTATION_OR_LOCALIZATION
K253379:user,K253379,user,OTHER_PHYSICIAN
K253379:setting,K253379,setting,OTHER
K253379:action,K253379,action,TREATMENT_OR_PROCEDURE_PLANNING
K253379:action,K253379,action,WORKFLOW_OR_DOCUMENTATION
K253381:input,K253381,input,MEDICAL_IMAGE
K253381:output,K253381,output,RECOMMENDATION_OR_PLANNING
K253381:output,K253381,output,SEGMENTATION_OR_LOCALIZATION
K253381:user,K253381,user,OTHER_PHYSICIAN
K253381:setting,K253381,setting,PROCEDURAL_OR_OPERATING_ROOM
K253381:action,K253381,action,TREATMENT_OR_PROCEDURE_PLANNING
K253413:input,K253413,input,MEDICAL_IMAGE
K253413:output,K253413,output,MEASUREMENT_OR_QUANTIFICATION
K253413:output,K253413,output,RECONSTRUCTION_OR_ENHANCEMENT
K253413:user,K253413,user,OTHER_CLINICIAN
K253413:user,K253413,user,TECHNOLOGIST_OR_OPERATOR
K253413:setting,K253413,setting,DIAGNOSTIC_INTERPRETATION
K253413:action,K253413,action,INTERPRETATION_OR_DIAGNOSIS
K253442:input,K253442,input,PHYSIOLOGICAL_SIGNAL
K253442:output,K253442,output,CLASSIFICATION_OR_DIAGNOSIS
K253442:output,K253442,output,MEASUREMENT_OR_QUANTIFICATION
K253442:user,K253442,user,OTHER_CLINICIAN
K253442:user,K253442,user,TECHNOLOGIST_OR_OPERATOR
K253442:setting,K253442,setting,DIAGNOSTIC_INTERPRETATION
K253442:action,K253442,action,INTERPRETATION_OR_DIAGNOSIS
K253442:action,K253442,action,REFERRAL_OR_ESCALATION
K253489:input,K253489,input,MEDICAL_IMAGE
K253489:output,K253489,output,RECONSTRUCTION_OR_ENHANCEMENT
K253489:user,K253489,user,OTHER_PHYSICIAN
K253489:user,K253489,user,TECHNOLOGIST_OR_OPERATOR
K253489:setting,K253489,setting,ACUTE_TRIAGE_OR_EMERGENCY
K253489:setting,K253489,setting,DIAGNOSTIC_INTERPRETATION
K253489:setting,K253489,setting,INPATIENT
K253489:setting,K253489,setting,OUTPATIENT
K253489:action,K253489,action,INTERPRETATION_OR_DIAGNOSIS
K253489:action,K253489,action,WORKFLOW_OR_DOCUMENTATION
K253516:input,K253516,input,PHYSIOLOGICAL_SIGNAL
K253516:output,K253516,output,CLASSIFICATION_OR_DIAGNOSIS
K253516:output,K253516,output,DETECTION_OR_ALERT
K253516:user,K253516,user,OTHER_CLINICIAN
K253516:user,K253516,user,OTHER_PHYSICIAN
K253516:setting,K253516,setting,MONITORING
K253516:action,K253516,action,INTERPRETATION_OR_DIAGNOSIS
K253516:action,K253516,action,MONITORING_OR_FOLLOW_UP
K253516:action,K253516,action,WORKFLOW_OR_DOCUMENTATION
K253520:input,K253520,input,MEDICAL_IMAGE
K253520:output,K253520,output,RECONSTRUCTION_OR_ENHANCEMENT
K253520:setting,K253520,setting,DIAGNOSTIC_INTERPRETATION
K253520:setting,K253520,setting,SCREENING
K253520:action,K253520,action,INTERPRETATION_OR_DIAGNOSIS
K253520:action,K253520,action,WORKFLOW_OR_DOCUMENTATION
K253532:input,K253532,input,MEDICAL_IMAGE
K253532:output,K253532,output,RECONSTRUCTION_OR_ENHANCEMENT
K253532:user,K253532,user,OTHER_CLINICIAN
K253532:user,K253532,user,OTHER_PHYSICIAN
K253532:setting,K253532,setting,DIAGNOSTIC_INTERPRETATION
K253532:action,K253532,action,INTERPRETATION_OR_DIAGNOSIS
K253532:action,K253532,action,WORKFLOW_OR_DOCUMENTATION
K253535:input,K253535,input,CLINICAL_TABULAR_OR_TEXT
K253535:input,K253535,input,MEDICAL_IMAGE
K253535:output,K253535,output,DOCUMENTATION_OR_SUMMARY
K253535:output,K253535,output,MEASUREMENT_OR_QUANTIFICATION
K253535:user,K253535,user,OTHER_PHYSICIAN
K253535:user,K253535,user,TECHNOLOGIST_OR_OPERATOR
K253535:setting,K253535,setting,DIAGNOSTIC_INTERPRETATION
K253535:action,K253535,action,INTERPRETATION_OR_DIAGNOSIS
K253535:action,K253535,action,WORKFLOW_OR_DOCUMENTATION
K253551:input,K253551,input,MEDICAL_IMAGE
K253551:output,K253551,output,MEASUREMENT_OR_QUANTIFICATION
K253551:output,K253551,output,SEGMENTATION_OR_LOCALIZATION
K253551:user,K253551,user,OTHER_PHYSICIAN
K253551:setting,K253551,setting,PROCEDURAL_OR_OPERATING_ROOM
K253551:action,K253551,action,TREATMENT_OR_PROCEDURE_PLANNING
K253551:action,K253551,action,WORKFLOW_OR_DOCUMENTATION
K253564:input,K253564,input,MEDICAL_IMAGE
K253564:output,K253564,output,RECONSTRUCTION_OR_ENHANCEMENT
K253564:output,K253564,output,SEGMENTATION_OR_LOCALIZATION
K253564:user,K253564,user,OTHER_CLINICIAN
K253564:user,K253564,user,OTHER_PHYSICIAN
K253564:setting,K253564,setting,DIAGNOSTIC_INTERPRETATION
K253564:action,K253564,action,INTERPRETATION_OR_DIAGNOSIS
K253564:action,K253564,action,MONITORING_OR_FOLLOW_UP
K253564:action,K253564,action,TREATMENT_OR_PROCEDURE_PLANNING
K253574:input,K253574,input,AUDIO_OR_VIDEO
K253574:input,K253574,input,MEDICAL_IMAGE
K253574:output,K253574,output,RECOMMENDATION_OR_PLANNING
K253574:output,K253574,output,RECONSTRUCTION_OR_ENHANCEMENT
K253574:user,K253574,user,OTHER_PHYSICIAN
K253574:user,K253574,user,RADIOLOGIST
K253574:user,K253574,user,TECHNOLOGIST_OR_OPERATOR
K253574:setting,K253574,setting,DIAGNOSTIC_INTERPRETATION
K253574:action,K253574,action,INTERPRETATION_OR_DIAGNOSIS
K253574:action,K253574,action,THERAPY_DOSE_OR_DEVICE_CONTROL
K253574:action,K253574,action,TREATMENT_OR_PROCEDURE_PLANNING
K253574:action,K253574,action,WORKFLOW_OR_DOCUMENTATION
K253578:input,K253578,input,MEDICAL_IMAGE
K253578:output,K253578,output,DETECTION_OR_ALERT
K253578:user,K253578,user,OTHER_CLINICIAN
K253578:user,K253578,user,RADIOLOGIST
K253578:setting,K253578,setting,ACUTE_TRIAGE_OR_EMERGENCY
K253578:setting,K253578,setting,DIAGNOSTIC_INTERPRETATION
K253578:action,K253578,action,INTERPRETATION_OR_DIAGNOSIS
K253578:action,K253578,action,TRIAGE_OR_PRIORITIZATION
K253584:input,K253584,input,MEDICAL_IMAGE
K253584:output,K253584,output,RECONSTRUCTION_OR_ENHANCEMENT
K253584:setting,K253584,setting,DIAGNOSTIC_INTERPRETATION
K253584:setting,K253584,setting,PROCEDURAL_OR_OPERATING_ROOM
K253584:action,K253584,action,INTERPRETATION_OR_DIAGNOSIS
K253584:action,K253584,action,TREATMENT_OR_PROCEDURE_PLANNING
K253593:input,K253593,input,MEDICAL_IMAGE
K253593:output,K253593,output,MEASUREMENT_OR_QUANTIFICATION
K253593:output,K253593,output,SEGMENTATION_OR_LOCALIZATION
K253593:user,K253593,user,OTHER_CLINICIAN
K253593:setting,K253593,setting,DIAGNOSTIC_INTERPRETATION
K253593:setting,K253593,setting,OUTPATIENT
K253593:action,K253593,action,INTERPRETATION_OR_DIAGNOSIS
K253595:input,K253595,input,MEDICAL_IMAGE
K253595:output,K253595,output,MEASUREMENT_OR_QUANTIFICATION
K253595:user,K253595,user,OTHER_CLINICIAN
K253595:setting,K253595,setting,DIAGNOSTIC_INTERPRETATION
K253595:setting,K253595,setting,OUTPATIENT
K253595:action,K253595,action,INTERPRETATION_OR_DIAGNOSIS
K253595:action,K253595,action,WORKFLOW_OR_DOCUMENTATION
K253614:input,K253614,input,DEVICE_TELEMETRY_OR_OPERATIONAL
K253614:input,K253614,input,MEDICAL_IMAGE
K253614:output,K253614,output,MEASUREMENT_OR_QUANTIFICATION
K253614:output,K253614,output,RECONSTRUCTION_OR_ENHANCEMENT
K253614:output,K253614,output,SEGMENTATION_OR_LOCALIZATION
K253614:user,K253614,user,OTHER_PHYSICIAN
K253614:setting,K253614,setting,PROCEDURAL_OR_OPERATING_ROOM
K253614:action,K253614,action,TREATMENT_OR_PROCEDURE_PLANNING
K253625:input,K253625,input,MEDICAL_IMAGE
K253625:output,K253625,output,RECONSTRUCTION_OR_ENHANCEMENT
K253625:user,K253625,user,OTHER_PHYSICIAN
K253625:setting,K253625,setting,DIAGNOSTIC_INTERPRETATION
K253625:action,K253625,action,INTERPRETATION_OR_DIAGNOSIS
K253648:input,K253648,input,MEDICAL_IMAGE
K253648:output,K253648,output,RECOMMENDATION_OR_PLANNING
K253648:output,K253648,output,RECONSTRUCTION_OR_ENHANCEMENT
K253648:user,K253648,user,OTHER_PHYSICIAN
K253648:user,K253648,user,TECHNOLOGIST_OR_OPERATOR
K253648:setting,K253648,setting,DIAGNOSTIC_INTERPRETATION
K253648:action,K253648,action,INTERPRETATION_OR_DIAGNOSIS
K253648:action,K253648,action,WORKFLOW_OR_DOCUMENTATION
K253649:input,K253649,input,MEDICAL_IMAGE
K253649:output,K253649,output,RECONSTRUCTION_OR_ENHANCEMENT
K253649:user,K253649,user,OTHER_CLINICIAN
K253649:setting,K253649,setting,DIAGNOSTIC_INTERPRETATION
K253649:action,K253649,action,INTERPRETATION_OR_DIAGNOSIS
K253664:input,K253664,input,AUDIO_OR_VIDEO
K253664:input,K253664,input,MEDICAL_IMAGE
K253664:output,K253664,output,DETECTION_OR_ALERT
K253664:output,K253664,output,SEGMENTATION_OR_LOCALIZATION
K253664:user,K253664,user,OTHER_PHYSICIAN
K253664:setting,K253664,setting,PROCEDURAL_OR_OPERATING_ROOM
K253664:setting,K253664,setting,SCREENING
K253664:action,K253664,action,INTERPRETATION_OR_DIAGNOSIS
K253664:action,K253664,action,MONITORING_OR_FOLLOW_UP
K253668:input,K253668,input,PHYSIOLOGICAL_SIGNAL
K253668:output,K253668,output,CLASSIFICATION_OR_DIAGNOSIS
K253668:output,K253668,output,DETECTION_OR_ALERT
K253668:output,K253668,output,DOCUMENTATION_OR_SUMMARY
K253668:output,K253668,output,MEASUREMENT_OR_QUANTIFICATION
K253668:user,K253668,user,OTHER_PHYSICIAN
K253668:user,K253668,user,TECHNOLOGIST_OR_OPERATOR
K253668:setting,K253668,setting,HOME_OR_CONSUMER
K253668:setting,K253668,setting,LABORATORY
K253668:setting,K253668,setting,MONITORING
K253668:action,K253668,action,INTERPRETATION_OR_DIAGNOSIS
K253668:action,K253668,action,WORKFLOW_OR_DOCUMENTATION
K253686:input,K253686,input,MEDICAL_IMAGE
K253686:output,K253686,output,RECONSTRUCTION_OR_ENHANCEMENT
K253686:setting,K253686,setting,DIAGNOSTIC_INTERPRETATION
K253686:action,K253686,action,INTERPRETATION_OR_DIAGNOSIS
K253686:action,K253686,action,WORKFLOW_OR_DOCUMENTATION
K253735:input,K253735,input,MEDICAL_IMAGE
K253735:output,K253735,output,MEASUREMENT_OR_QUANTIFICATION
K253735:output,K253735,output,RECOMMENDATION_OR_PLANNING
K253735:output,K253735,output,SEGMENTATION_OR_LOCALIZATION
K253735:setting,K253735,setting,DIAGNOSTIC_INTERPRETATION
K253735:action,K253735,action,INTERPRETATION_OR_DIAGNOSIS
K253735:action,K253735,action,TREATMENT_OR_PROCEDURE_PLANNING
K253775:input,K253775,input,MEDICAL_IMAGE
K253775:output,K253775,output,MEASUREMENT_OR_QUANTIFICATION
K253775:output,K253775,output,RECONSTRUCTION_OR_ENHANCEMENT
K253775:user,K253775,user,OTHER_CLINICIAN
K253775:user,K253775,user,TECHNOLOGIST_OR_OPERATOR
K253775:setting,K253775,setting,DIAGNOSTIC_INTERPRETATION
K253775:setting,K253775,setting,OUTPATIENT
K253775:action,K253775,action,INTERPRETATION_OR_DIAGNOSIS
K253775:action,K253775,action,WORKFLOW_OR_DOCUMENTATION
K253779:input,K253779,input,AUDIO_OR_VIDEO
K253779:input,K253779,input,MEDICAL_IMAGE
K253779:output,K253779,output,RECOMMENDATION_OR_PLANNING
K253779:output,K253779,output,RECONSTRUCTION_OR_ENHANCEMENT
K253779:output,K253779,output,SEGMENTATION_OR_LOCALIZATION
K253779:user,K253779,user,OTHER_PHYSICIAN
K253779:setting,K253779,setting,DIAGNOSTIC_INTERPRETATION
K253779:action,K253779,action,INTERPRETATION_OR_DIAGNOSIS
K253779:action,K253779,action,WORKFLOW_OR_DOCUMENTATION
K253780:input,K253780,input,AUDIO_OR_VIDEO
K253780:input,K253780,input,MEDICAL_IMAGE
K253780:output,K253780,output,RECOMMENDATION_OR_PLANNING
K253780:output,K253780,output,SEGMENTATION_OR_LOCALIZATION
K253780:user,K253780,user,TECHNOLOGIST_OR_OPERATOR
K253780:setting,K253780,setting,DIAGNOSTIC_INTERPRETATION
K253780:action,K253780,action,WORKFLOW_OR_DOCUMENTATION
K253796:input,K253796,input,MEDICAL_IMAGE
K253796:output,K253796,output,CLASSIFICATION_OR_DIAGNOSIS
K253796:output,K253796,output,DETECTION_OR_ALERT
K253796:output,K253796,output,DOCUMENTATION_OR_SUMMARY
K253796:output,K253796,output,RISK_SCORE_OR_PREDICTION
K253796:output,K253796,output,SEGMENTATION_OR_LOCALIZATION
K253796:user,K253796,user,OTHER_PHYSICIAN
K253796:setting,K253796,setting,DIAGNOSTIC_INTERPRETATION
K253796:setting,K253796,setting,SCREENING
K253796:action,K253796,action,INTERPRETATION_OR_DIAGNOSIS
K253796:action,K253796,action,WORKFLOW_OR_DOCUMENTATION
K253818:input,K253818,input,MEDICAL_IMAGE
K253818:output,K253818,output,DETECTION_OR_ALERT
K253818:user,K253818,user,OTHER_CLINICIAN
K253818:setting,K253818,setting,ACUTE_TRIAGE_OR_EMERGENCY
K253818:setting,K253818,setting,DIAGNOSTIC_INTERPRETATION
K253818:action,K253818,action,INTERPRETATION_OR_DIAGNOSIS
K253818:action,K253818,action,TRIAGE_OR_PRIORITIZATION
K253944:input,K253944,input,MEDICAL_IMAGE
K253944:output,K253944,output,DOCUMENTATION_OR_SUMMARY
K253944:output,K253944,output,MEASUREMENT_OR_QUANTIFICATION
K253944:output,K253944,output,SEGMENTATION_OR_LOCALIZATION
K253944:user,K253944,user,OTHER_CLINICIAN
K253944:setting,K253944,setting,DIAGNOSTIC_INTERPRETATION
K253944:action,K253944,action,INTERPRETATION_OR_DIAGNOSIS
K253944:action,K253944,action,WORKFLOW_OR_DOCUMENTATION
K254001:input,K254001,input,MEDICAL_IMAGE
K254001:output,K254001,output,RECONSTRUCTION_OR_ENHANCEMENT
K254001:user,K254001,user,OTHER_CLINICIAN
K254001:setting,K254001,setting,DIAGNOSTIC_INTERPRETATION
K254001:action,K254001,action,INTERPRETATION_OR_DIAGNOSIS
K254001:action,K254001,action,MONITORING_OR_FOLLOW_UP
K254016:input,K254016,input,MEDICAL_IMAGE
K254016:output,K254016,output,MEASUREMENT_OR_QUANTIFICATION
K254016:output,K254016,output,SEGMENTATION_OR_LOCALIZATION
K254016:user,K254016,user,OTHER_CLINICIAN
K254016:user,K254016,user,OTHER_PHYSICIAN
K254016:user,K254016,user,TECHNOLOGIST_OR_OPERATOR
K254016:setting,K254016,setting,DIAGNOSTIC_INTERPRETATION
K254016:action,K254016,action,INTERPRETATION_OR_DIAGNOSIS
K254016:action,K254016,action,MONITORING_OR_FOLLOW_UP
K254016:action,K254016,action,WORKFLOW_OR_DOCUMENTATION
K254161:input,K254161,input,AUDIO_OR_VIDEO
K254161:input,K254161,input,MEDICAL_IMAGE
K254161:output,K254161,output,CLASSIFICATION_OR_DIAGNOSIS
K254161:output,K254161,output,DOCUMENTATION_OR_SUMMARY
K254161:output,K254161,output,MEASUREMENT_OR_QUANTIFICATION
K254161:user,K254161,user,OTHER_PHYSICIAN
K254161:setting,K254161,setting,DIAGNOSTIC_INTERPRETATION
K254161:action,K254161,action,INTERPRETATION_OR_DIAGNOSIS
K254161:action,K254161,action,REFERRAL_OR_ESCALATION
K254207:input,K254207,input,CLINICAL_TABULAR_OR_TEXT
K254207:input,K254207,input,MEDICAL_IMAGE
K254207:output,K254207,output,DOCUMENTATION_OR_SUMMARY
K254207:output,K254207,output,MEASUREMENT_OR_QUANTIFICATION
K254207:output,K254207,output,RECOMMENDATION_OR_PLANNING
K254207:output,K254207,output,SEGMENTATION_OR_LOCALIZATION
K254207:user,K254207,user,OTHER_CLINICIAN
K254207:user,K254207,user,OTHER_PHYSICIAN
K254207:setting,K254207,setting,DIAGNOSTIC_INTERPRETATION
K254207:action,K254207,action,INTERPRETATION_OR_DIAGNOSIS
K254207:action,K254207,action,MONITORING_OR_FOLLOW_UP
K254207:action,K254207,action,TREATMENT_OR_PROCEDURE_PLANNING
K260078:input,K260078,input,MEDICAL_IMAGE
K260078:output,K260078,output,RECONSTRUCTION_OR_ENHANCEMENT
K260078:user,K260078,user,OTHER_PHYSICIAN
K260078:setting,K260078,setting,DIAGNOSTIC_INTERPRETATION
K260078:action,K260078,action,INTERPRETATION_OR_DIAGNOSIS
K260104:input,K260104,input,MEDICAL_IMAGE
K260104:output,K260104,output,SEGMENTATION_OR_LOCALIZATION
K260104:user,K260104,user,OTHER_PHYSICIAN
K260104:user,K260104,user,TECHNOLOGIST_OR_OPERATOR
K260104:setting,K260104,setting,OTHER
K260104:action,K260104,action,TREATMENT_OR_PROCEDURE_PLANNING
K260104:action,K260104,action,WORKFLOW_OR_DOCUMENTATION
K260166:input,K260166,input,MEDICAL_IMAGE
K260166:output,K260166,output,DETECTION_OR_ALERT
K260166:output,K260166,output,MEASUREMENT_OR_QUANTIFICATION
K260166:output,K260166,output,SEGMENTATION_OR_LOCALIZATION
K260166:user,K260166,user,OTHER_PHYSICIAN
K260166:setting,K260166,setting,DIAGNOSTIC_INTERPRETATION
K260166:action,K260166,action,INTERPRETATION_OR_DIAGNOSIS
K260167:input,K260167,input,MEDICAL_IMAGE
K260167:output,K260167,output,DETECTION_OR_ALERT
K260167:output,K260167,output,MEASUREMENT_OR_QUANTIFICATION
K260167:output,K260167,output,SEGMENTATION_OR_LOCALIZATION
K260167:user,K260167,user,OTHER_PHYSICIAN
K260167:setting,K260167,setting,DIAGNOSTIC_INTERPRETATION
K260167:action,K260167,action,INTERPRETATION_OR_DIAGNOSIS
K260169:input,K260169,input,MEDICAL_IMAGE
K260169:output,K260169,output,CLASSIFICATION_OR_DIAGNOSIS
K260169:output,K260169,output,DOCUMENTATION_OR_SUMMARY
K260169:output,K260169,output,MEASUREMENT_OR_QUANTIFICATION
K260169:output,K260169,output,SEGMENTATION_OR_LOCALIZATION
K260169:user,K260169,user,OTHER_PHYSICIAN
K260169:user,K260169,user,RADIOLOGIST
K260169:user,K260169,user,TECHNOLOGIST_OR_OPERATOR
K260169:setting,K260169,setting,DIAGNOSTIC_INTERPRETATION
K260169:action,K260169,action,INTERPRETATION_OR_DIAGNOSIS
K260169:action,K260169,action,MONITORING_OR_FOLLOW_UP
K260169:action,K260169,action,TREATMENT_OR_PROCEDURE_PLANNING
K260169:action,K260169,action,WORKFLOW_OR_DOCUMENTATION
K260217:input,K260217,input,AUDIO_OR_VIDEO
K260217:input,K260217,input,MEDICAL_IMAGE
K260217:output,K260217,output,CLASSIFICATION_OR_DIAGNOSIS
K260217:output,K260217,output,DETECTION_OR_ALERT
K260217:output,K260217,output,MEASUREMENT_OR_QUANTIFICATION
K260217:user,K260217,user,OTHER_CLINICIAN
K260217:setting,K260217,setting,DIAGNOSTIC_INTERPRETATION
K260217:action,K260217,action,INTERPRETATION_OR_DIAGNOSIS
K260217:action,K260217,action,WORKFLOW_OR_DOCUMENTATION
K260265:input,K260265,input,MEDICAL_IMAGE
K260265:output,K260265,output,RECONSTRUCTION_OR_ENHANCEMENT
K260265:user,K260265,user,OTHER_CLINICIAN
K260265:user,K260265,user,OTHER_PHYSICIAN
K260265:setting,K260265,setting,DIAGNOSTIC_INTERPRETATION
K260265:action,K260265,action,INTERPRETATION_OR_DIAGNOSIS
K260265:action,K260265,action,WORKFLOW_OR_DOCUMENTATION
K260509:input,K260509,input,MEDICAL_IMAGE
K260509:output,K260509,output,RECONSTRUCTION_OR_ENHANCEMENT
K260509:output,K260509,output,SEGMENTATION_OR_LOCALIZATION
K260509:user,K260509,user,OTHER_CLINICIAN
K260509:setting,K260509,setting,OTHER
K260509:action,K260509,action,TREATMENT_OR_PROCEDURE_PLANNING
K260509:action,K260509,action,WORKFLOW_OR_DOCUMENTATION
K260673:input,K260673,input,MEDICAL_IMAGE
K260673:output,K260673,output,CLASSIFICATION_OR_DIAGNOSIS
K260673:output,K260673,output,MEASUREMENT_OR_QUANTIFICATION
K260673:output,K260673,output,SEGMENTATION_OR_LOCALIZATION
K260673:user,K260673,user,OTHER_PHYSICIAN
K260673:setting,K260673,setting,DIAGNOSTIC_INTERPRETATION
K260673:action,K260673,action,INTERPRETATION_OR_DIAGNOSIS
K260673:action,K260673,action,WORKFLOW_OR_DOCUMENTATION
K260746:input,K260746,input,MEDICAL_IMAGE
K260746:output,K260746,output,RECONSTRUCTION_OR_ENHANCEMENT
K260746:user,K260746,user,OTHER_CLINICIAN
K260746:user,K260746,user,TECHNOLOGIST_OR_OPERATOR
K260746:setting,K260746,setting,DIAGNOSTIC_INTERPRETATION
K260746:action,K260746,action,INTERPRETATION_OR_DIAGNOSIS
K260746:action,K260746,action,WORKFLOW_OR_DOCUMENTATION
K955841:input,K955841,input,PHYSIOLOGICAL_SIGNAL
K955841:output,K955841,output,CLASSIFICATION_OR_DIAGNOSIS
K955841:output,K955841,output,DETECTION_OR_ALERT
K955841:output,K955841,output,DOCUMENTATION_OR_SUMMARY
K955841:user,K955841,user,OTHER_CLINICIAN
K955841:user,K955841,user,OTHER_PHYSICIAN
K955841:user,K955841,user,TECHNOLOGIST_OR_OPERATOR
K955841:setting,K955841,setting,DIAGNOSTIC_INTERPRETATION
K955841:setting,K955841,setting,HOME_OR_CONSUMER
K955841:setting,K955841,setting,MONITORING
K955841:action,K955841,action,INTERPRETATION_OR_DIAGNOSIS
K955841:action,K955841,action,WORKFLOW_OR_DOCUMENTATION
P000041:input,P000041,input,MEDICAL_IMAGE
P000041:output,P000041,output,DETECTION_OR_ALERT
P000041:output,P000041,output,SEGMENTATION_OR_LOCALIZATION
P000041:user,P000041,user,RADIOLOGIST
P000041:user,P000041,user,TECHNOLOGIST_OR_OPERATOR
P000041:setting,P000041,setting,DIAGNOSTIC_INTERPRETATION
P000041:action,P000041,action,INTERPRETATION_OR_DIAGNOSIS
P000041:action,P000041,action,REFERRAL_OR_ESCALATION
P010034:input,P010034,input,MEDICAL_IMAGE
P010034:output,P010034,output,DETECTION_OR_ALERT
P010034:output,P010034,output,SEGMENTATION_OR_LOCALIZATION
P010034:user,P010034,user,RADIOLOGIST
P010034:setting,P010034,setting,SCREENING
P010034:action,P010034,action,INTERPRETATION_OR_DIAGNOSIS
P040028:input,P040028,input,MULTIMODAL
P040028:output,P040028,output,RISK_SCORE_OR_PREDICTION
P040028:output,P040028,output,SEGMENTATION_OR_LOCALIZATION
P040028:user,P040028,user,OTHER_CLINICIAN
P040028:setting,P040028,setting,PROCEDURAL_OR_OPERATING_ROOM
P040028:action,P040028,action,TREATMENT_OR_PROCEDURE_PLANNING
P090012:input,P090012,input,MEDICAL_IMAGE
P090012:output,P090012,output,CLASSIFICATION_OR_DIAGNOSIS
P090012:user,P090012,user,OTHER_PHYSICIAN
P090012:setting,P090012,setting,DIAGNOSTIC_INTERPRETATION
P090012:action,P090012,action,INTERPRETATION_OR_DIAGNOSIS
P090012:action,P090012,action,REFERRAL_OR_ESCALATION
P110014:input,P110014,input,LAB_SPECIMEN_OR_OMICS
P110014:input,P110014,input,OTHER
P110014:output,P110014,output,CLASSIFICATION_OR_DIAGNOSIS
P110014:user,P110014,user,OTHER_PHYSICIAN
P110014:setting,P110014,setting,PROCEDURAL_OR_OPERATING_ROOM
P110014:action,P110014,action,INTERPRETATION_OR_DIAGNOSIS
P110014:action,P110014,action,TREATMENT_OR_PROCEDURE_PLANNING
P130020/S005:input,P130020/S005,input,MEDICAL_IMAGE
P130020/S005:output,P130020/S005,output,RECONSTRUCTION_OR_ENHANCEMENT
P140011/S008:input,P140011/S008,input,MEDICAL_IMAGE
P140011/S008:output,P140011/S008,output,RECONSTRUCTION_OR_ENHANCEMENT
P150043:input,P150043,input,MEDICAL_IMAGE
P150043:output,P150043,output,DETECTION_OR_ALERT
P150043:output,P150043,output,RECONSTRUCTION_OR_ENHANCEMENT
P150043:output,P150043,output,SEGMENTATION_OR_LOCALIZATION
P150043:user,P150043,user,OTHER_PHYSICIAN
P150043:user,P150043,user,TECHNOLOGIST_OR_OPERATOR
P150043:setting,P150043,setting,SCREENING
P150043:action,P150043,action,INTERPRETATION_OR_DIAGNOSIS
P150043:action,P150043,action,WORKFLOW_OR_DOCUMENTATION
P150046:input,P150046,input,PHYSIOLOGICAL_SIGNAL
P150046:output,P150046,output,CLASSIFICATION_OR_DIAGNOSIS
P150046:output,P150046,output,MEASUREMENT_OR_QUANTIFICATION
P150046:user,P150046,user,OTHER_PHYSICIAN
P150046:user,P150046,user,TECHNOLOGIST_OR_OPERATOR
P150046:setting,P150046,setting,DIAGNOSTIC_INTERPRETATION
P150046:action,P150046,action,INTERPRETATION_OR_DIAGNOSIS
P150046:action,P150046,action,REFERRAL_OR_ESCALATION
P160009:input,P160009,input,MEDICAL_IMAGE
P160009:output,P160009,output,DETECTION_OR_ALERT
P160009:output,P160009,output,DOCUMENTATION_OR_SUMMARY
P160009:output,P160009,output,RECONSTRUCTION_OR_ENHANCEMENT
P160009:user,P160009,user,RADIOLOGIST
P160009:setting,P160009,setting,DIAGNOSTIC_INTERPRETATION
P160009:action,P160009,action,INTERPRETATION_OR_DIAGNOSIS
P160009:action,P160009,action,WORKFLOW_OR_DOCUMENTATION
P200003:input,P200003,input,CLINICAL_TABULAR_OR_TEXT
P200003:output,P200003,output,RISK_SCORE_OR_PREDICTION
P200003:user,P200003,user,RADIOLOGIST
P200003:setting,P200003,setting,DIAGNOSTIC_INTERPRETATION
P200003:action,P200003,action,INTERPRETATION_OR_DIAGNOSIS
P210011:input,P210011,input,LAB_SPECIMEN_OR_OMICS
P210011:output,P210011,output,CLASSIFICATION_OR_DIAGNOSIS
P210011:output,P210011,output,DOCUMENTATION_OR_SUMMARY
P210011:user,P210011,user,LABORATORY_PROFESSIONAL
P210011:user,P210011,user,OTHER_CLINICIAN
P210011:setting,P210011,setting,LABORATORY
P210011:action,P210011,action,INTERPRETATION_OR_DIAGNOSIS
P210011:action,P210011,action,REFERRAL_OR_ESCALATION
P210015:input,P210015,input,PHYSIOLOGICAL_SIGNAL
P210015:output,P210015,output,CLASSIFICATION_OR_DIAGNOSIS
P210015:output,P210015,output,CONTROL_OR_AUTOMATION
P210015:output,P210015,output,RECOMMENDATION_OR_PLANNING
P210015:user,P210015,user,OTHER
P210015:setting,P210015,setting,ACUTE_TRIAGE_OR_EMERGENCY
P210015:action,P210015,action,THERAPY_DOSE_OR_DEVICE_CONTROL
P210015:action,P210015,action,TREATMENT_OR_PROCEDURE_PLANNING
P230022:input,P230022,input,PHYSIOLOGICAL_SIGNAL
P230022:output,P230022,output,CLASSIFICATION_OR_DIAGNOSIS
P230022:output,P230022,output,CONTROL_OR_AUTOMATION
P230022:output,P230022,output,DETECTION_OR_ALERT
P230022:user,P230022,user,PATIENT_OR_CAREGIVER
P230022:setting,P230022,setting,HOME_OR_CONSUMER
P230022:setting,P230022,setting,MONITORING
P230022:action,P230022,action,THERAPY_DOSE_OR_DEVICE_CONTROL
P250008:input,P250008,input,MEDICAL_IMAGE
P250008:output,P250008,output,DETECTION_OR_ALERT
P250008:output,P250008,output,SEGMENTATION_OR_LOCALIZATION
P250008:user,P250008,user,OTHER_PHYSICIAN
P250008:setting,P250008,setting,PROCEDURAL_OR_OPERATING_ROOM
P250008:action,P250008,action,INTERPRETATION_OR_DIAGNOSIS
P250008:action,P250008,action,TREATMENT_OR_PROCEDURE_PLANNING
P970058:input,P970058,input,MEDICAL_IMAGE
P970058:output,P970058,output,DETECTION_OR_ALERT
P970058:output,P970058,output,SEGMENTATION_OR_LOCALIZATION
P970058:user,P970058,user,RADIOLOGIST
P970058:setting,P970058,setting,SCREENING
P970058:action,P970058,action,INTERPRETATION_OR_DIAGNOSIS
P980025:input,P980025,input,MEDICAL_IMAGE
P980025:output,P980025,output,CLASSIFICATION_OR_DIAGNOSIS
P980025:setting,P980025,setting,DIAGNOSTIC_INTERPRETATION
P980025:action,P980025,action,INTERPRETATION_OR_DIAGNOSIS
