source_record_id,subject_submission_number,source_url,source_document_type,document_sha256,text_sha256,retrieval_date,retrieval_status,record_origin
SRC00001,K254207,https://www.accessdata.fda.gov/scripts/cdrh/cfdocs/cfpmn/pmn.cfm?ID=K254207,fda_database_entry_html,74699f28bbcad554db61597e1fc401e2fa5a6775e3bc47e2abf3915ecb394a15,02c012787680cd45d6e8f4f2cc8f220784683ee73d10ba78d635db81bdce84b2,2026-06-30T13:06:35+00:00,success,LEGACY_SOURCE_MANIFEST
SRC00002,K254207,https://www.accessdata.fda.gov/cdrh_docs/pdf25/K254207.pdf,510k_summary_pdf,35ee215ce5114afdeec73393032686d36c6afc6681667af8797ed02a27b64540,3d896ed667a6393a949c306be1b8b4f7b80a3af73b6586c9bf7ee00dcfa395b4,2026-06-30T13:06:35+00:00,success,LEGACY_SOURCE_MANIFEST
SRC00003,K252360,https://www.accessdata.fda.gov/scripts/cdrh/cfdocs/cfpmn/pmn.cfm?ID=K252360,fda_database_entry_html,e56628bebc0c334dde60e71e20aad4739df9d612b8db474e34edbbe14f007872,6d2e1cd4de7af27b3f9511ad83b36e76527684b052e8395d6dd04855f56b8afe,2026-06-30T13:06:35+00:00,success,LEGACY_SOURCE_MANIFEST
SRC00004,K252360,https://www.accessdata.fda.gov/cdrh_docs/pdf25/K252360.pdf,510k_summary_pdf,baa24227cdf949a659bece9926c8855b9d2f23f0a320a506cb60c6ac61bce702,d64ae1416be8ca7b7cb9a5530605c9e028f4f00da81ae42d03c5844b489a70ec,2026-06-30T13:06:35+00:00,success,LEGACY_SOURCE_MANIFEST
SRC00005,K253649,https://www.accessdata.fda.gov/scripts/cdrh/cfdocs/cfpmn/pmn.cfm?ID=K253649,fda_database_entry_html,e426537a9423954d6ac8a97323d2f642fc2368d5a97b42700dadd8efd76d2b6b,a35b56df134a9647be67fb5fba0467900e50caec4752fb6c9f94ab5ef6ec9ed8,2026-06-30T13:06:35+00:00,success,LEGACY_SOURCE_MANIFEST
SRC00006,K253649,https://www.accessdata.fda.gov/cdrh_docs/pdf25/K253649.pdf,510k_summary_pdf,1da8c140a2eb8b39a2403ea5b2acbf8f58af4fd7b3f64c3e3af4fb78fb920eae,e914187bfbd6c7d081070679ef1a85c8fda29fa1d5c8bc5c28a628732bb25691,2026-06-30T13:06:35+00:00,success,LEGACY_SOURCE_MANIFEST
SRC00007,K252148,https://www.accessdata.fda.gov/scripts/cdrh/cfdocs/cfpmn/pmn.cfm?ID=K252148,fda_database_entry_html,bde5046646947fe1fa5a8e66ade7c6cc04641d7697e02578f35b7596d46d85b7,60e4c1712a9b9b8fdb9400af766440df251a80239c5a1384cefd7aa58ca8d0eb,2026-06-30T13:06:35+00:00,success,LEGACY_SOURCE_MANIFEST
SRC00008,K252148,https://www.accessdata.fda.gov/cdrh_docs/pdf25/K252148.pdf,510k_summary_pdf,e3f452be2e73e126f8914f1976a3f34926757df7a6105f8707189253990688cd,1a087724fcd390fc9750b6636145f3e9a4e85abf4fd28e7b42380d2d26d1102f,2026-06-30T13:06:35+00:00,success,LEGACY_SOURCE_MANIFEST
SRC00009,K254161,https://www.accessdata.fda.gov/scripts/cdrh/cfdocs/cfpmn/pmn.cfm?ID=K254161,fda_database_entry_html,817c0d1beacadbc83084d7bf5bd6bacf8f986004a2e12837f7b58f4265e93c52,917cb259b9c701e64d023b1ba6fb6a95c1d25d6111b9a06d5f3a73bd1c5854f3,2026-06-30T13:06:35+00:00,success,LEGACY_SOURCE_MANIFEST
SRC00010,K254161,https://www.accessdata.fda.gov/cdrh_docs/pdf25/K254161.pdf,510k_summary_pdf,b67c71ebcd84964fc8e8d1f134cd35f96741d2068228ea0c267f7cd9e73d8eb1,5f144f381f3961f3dd4f5e72cb83094e49041b57e6c43e15b3ba345cad667e46,2026-06-30T13:06:35+00:00,success,LEGACY_SOURCE_MANIFEST
SRC00011,K253595,https://www.accessdata.fda.gov/scripts/cdrh/cfdocs/cfpmn/pmn.cfm?ID=K253595,fda_database_entry_html,7b1d725cef3647c05f715f5c41087d24b70841a9f73482ede17a26846ebeb0f2,a9d66d147cc8174da25efaf8f60f391da627dff4cfae340d15c830503e42708b,2026-06-30T13:06:35+00:00,success,LEGACY_SOURCE_MANIFEST
SRC00012,K253595,https://www.accessdata.fda.gov/cdrh_docs/pdf25/K253595.pdf,510k_summary_pdf,695930206940645d301256b917d48f8d1e2f3dae54bf80baa0c7f3c0cf39cbf1,b072b8dba2743ac1df626c5eb2a49e8a7051df3991fd1a48b0aa4f2fcbaa40d3,2026-06-30T13:06:35+00:00,success,LEGACY_SOURCE_MANIFEST
SRC00013,K253625,https://www.accessdata.fda.gov/scripts/cdrh/cfdocs/cfpmn/pmn.cfm?ID=K253625,fda_database_entry_html,3a196d50f23174607a9dc1a8829a3e4e7c974f59d346c0d488245c7908cd3182,c085975755e11257e21bf5be1698a182ab9ff93f2a46278cf4852938b70dfb77,2026-06-30T13:06:35+00:00,success,LEGACY_SOURCE_MANIFEST
SRC00014,K253625,https://www.accessdata.fda.gov/cdrh_docs/pdf25/K253625.pdf,510k_summary_pdf,267880143c9e29a3f9403632ca1d98e64e9d01014ca7dff9078503ede1602c1d,dec44003f7f552e702eb36cae120fedd4af32b04140a45b979d7215ecc690f94,2026-06-30T13:06:35+00:00,success,LEGACY_SOURCE_MANIFEST
SRC00015,K260746,https://www.accessdata.fda.gov/scripts/cdrh/cfdocs/cfpmn/pmn.cfm?ID=K260746,fda_database_entry_html,a207ad15186b9563b24bec70c7d0a45b1f9be110268f9f2745e0e7e38e8c4ece,db11ea483a77b38066a977f2ac55452502cc9d8f3a507c977c32568c0afcea85,2026-06-30T13:06:35+00:00,success,LEGACY_SOURCE_MANIFEST
SRC00016,K260746,https://www.accessdata.fda.gov/cdrh_docs/pdf26/K260746.pdf,510k_summary_pdf,15f2802f39cbcbf1a3dd15d8e81a875a9f64f18f8fde3dc13c3fbdbe6de0c986,bb84235a4fe19d39765b85520041b511ef1259e384505cdbcb75925eec70c1b5,2026-06-30T13:06:35+00:00,success,LEGACY_SOURCE_MANIFEST
SRC00017,K253270,https://www.accessdata.fda.gov/scripts/cdrh/cfdocs/cfpmn/pmn.cfm?ID=K253270,fda_database_entry_html,f1d19727a1cd5fcb69e3304a9ebabc243ce9be5a2263349bfbe29bbcf0140d3f,9071eef7d5f9d2473714cfc00f18b4df0d10f29f43a036d7cc123bf355997234,2026-06-30T13:06:35+00:00,success,LEGACY_SOURCE_MANIFEST
SRC00018,K253270,https://www.accessdata.fda.gov/cdrh_docs/pdf25/K253270.pdf,510k_summary_pdf,810e1a5ec294282d5bae70a94a6625d29b6033f1afa242f31d5a290cab71a45b,9a9d1a4b8f39bfdb81622928f4cb86e0f57e954d25aa104f7861475cb7d56bf0,2026-06-30T13:06:35+00:00,success,LEGACY_SOURCE_MANIFEST
SRC00019,K253379,https://www.accessdata.fda.gov/scripts/cdrh/cfdocs/cfpmn/pmn.cfm?ID=K253379,fda_database_entry_html,469c5a31ee63ccb53666dafb6145ef78a8e8686b879fcf16daa83fc2ad31460e,2a2607531285aa416343b7d15027de6421621fdb0ab3657c0a0a1d7fda46d12c,2026-06-30T13:06:35+00:00,success,LEGACY_SOURCE_MANIFEST
SRC00020,K253379,https://www.accessdata.fda.gov/cdrh_docs/pdf25/K253379.pdf,510k_summary_pdf,f1af0ba950be220aa2890ba3294c358a681aabd66a1fd325b43ab79c475243a7,d5626b8b7cdeab5e79eb8f1b8262a4d49d384bced1dc350c8bbafbe876ba5054,2026-06-30T13:06:35+00:00,success,LEGACY_SOURCE_MANIFEST
SRC00021,K253796,https://www.accessdata.fda.gov/scripts/cdrh/cfdocs/cfpmn/pmn.cfm?ID=K253796,fda_database_entry_html,17ef542efe567ac1d345d1ed417ace77069a6c335a4b3a80b63d692bb3cfc8f7,35cd7c200797469dd206d74b040fcaccb6ed012240988cd8ed16ba5ed0d8cce7,2026-06-30T13:06:35+00:00,success,LEGACY_SOURCE_MANIFEST
SRC00022,K253796,https://www.accessdata.fda.gov/cdrh_docs/pdf25/K253796.pdf,510k_summary_pdf,8ae048d6fae25ec388e63febac2826040d0251d91f0af12d531c8893b692d797,b7882cd98f2bcc670425968490cf1301ba6c17348e1a2d6e3aef1abd4ddbf6a5,2026-06-30T13:06:35+00:00,success,LEGACY_SOURCE_MANIFEST
SRC00023,K253775,https://www.accessdata.fda.gov/scripts/cdrh/cfdocs/cfpmn/pmn.cfm?ID=K253775,fda_database_entry_html,1bc4fdb8f891d8a055902936f074e044a692f247cd5503bc2675cb18f1c82774,8b36055c30c2dfbdb9a4977ade2ee1c270c952083c7aad9b854076c579eec10f,2026-06-30T13:06:35+00:00,success,LEGACY_SOURCE_MANIFEST
SRC00024,K253775,https://www.accessdata.fda.gov/cdrh_docs/pdf25/K253775.pdf,510k_summary_pdf,c1b9e4dc45a429e946f292637c799c43c6b041ab69363830d8d4beba11ca06dd,6879d4814c51d24e67c233eb919013d76e4fa95d7d353839b60440580ef9a3cd,2026-06-30T13:06:35+00:00,success,LEGACY_SOURCE_MANIFEST
SRC00025,K252099,https://www.accessdata.fda.gov/scripts/cdrh/cfdocs/cfpmn/pmn.cfm?ID=K252099,fda_database_entry_html,5c40a904e94b8db44e1f02b816a812ef5f5a6bb76406f5c438e28e20cd8ce663,420f9e1853cfd3aae12c4c2ee156809ee0ae211047aedef8f4bf9189051a7dd7,2026-06-30T13:06:35+00:00,success,LEGACY_SOURCE_MANIFEST
SRC00026,K252099,https://www.accessdata.fda.gov/cdrh_docs/pdf25/K252099.pdf,510k_summary_pdf,ba96286812a2598b35ebf15b141c1b516f475fb7532e09339c0d1cfb8d20dc8d,d41fa6e5fa7dfb45d8da5e292087a7ce1285b7c1b9fcb0cac697ae58cdbb046d,2026-06-30T13:06:35+00:00,success,LEGACY_SOURCE_MANIFEST
SRC00027,K252421,https://www.accessdata.fda.gov/scripts/cdrh/cfdocs/cfpmn/pmn.cfm?ID=K252421,fda_database_entry_html,d2cf3f43f0ab8160883d32ac2520e0ed822b4694c6e9c13189fc5a380e0f5881,a4ea5d5c9950fa9c1ea78f0cdd8ca99d70fa01c94796ef1da757ef09e94387ac,2026-06-30T13:06:35+00:00,success,LEGACY_SOURCE_MANIFEST
SRC00028,K252421,https://www.accessdata.fda.gov/cdrh_docs/pdf25/K252421.pdf,510k_summary_pdf,0d1bd05839a53104cc8bde9ba776c3fcdcb5ead8613ff112fa005116a0eb3c7f,ffdc55411f789c8ec3c7a0a771026ace7832cbe224c9a01f189d2895483fd0c8,2026-06-30T13:06:35+00:00,success,LEGACY_SOURCE_MANIFEST
SRC00029,K260673,https://www.accessdata.fda.gov/scripts/cdrh/cfdocs/cfpmn/pmn.cfm?ID=K260673,fda_database_entry_html,b7b1b09ceceed31556918c7e687710ced4fcbde5a65c85edb3e58397a716eb47,92388091c2f22630de93316cd6059c7cc7e984f46298aedd830575c83b88450b,2026-06-30T13:06:35+00:00,success,LEGACY_SOURCE_MANIFEST
SRC00030,K260673,https://www.accessdata.fda.gov/cdrh_docs/pdf26/K260673.pdf,510k_summary_pdf,bc62f0b3750db7c3fe96c6ad454480610babac5b7725a1de6514ab90ad3b24c5,71861f1502faba770f994c763619e1dedb2767265a944d00c6a8897a8bc95014,2026-06-30T13:06:35+00:00,success,LEGACY_SOURCE_MANIFEST
SRC00031,K252992,https://www.accessdata.fda.gov/scripts/cdrh/cfdocs/cfpmn/pmn.cfm?ID=K252992,fda_database_entry_html,ca08641876981a9174359d93213faa4fa59127e260cd393dd153a2cd4584d268,2d21e9bf979584d0d4398dedc09184bcabd8c0f71be641ca5876dd0dc2e715af,2026-06-30T13:06:35+00:00,success,LEGACY_SOURCE_MANIFEST
SRC00032,K252992,https://www.accessdata.fda.gov/cdrh_docs/pdf25/K252992.pdf,510k_summary_pdf,863220939ff7bd1a7f2102642d92c0534ee8fa17e0e759d941b6082610ae2981,ad9b5f1744985ff839ef4296c22c0f0427a640366b50ad9f20f581f80ea60e9c,2026-06-30T13:06:35+00:00,success,LEGACY_SOURCE_MANIFEST
SRC00033,K253686,https://www.accessdata.fda.gov/scripts/cdrh/cfdocs/cfpmn/pmn.cfm?ID=K253686,fda_database_entry_html,0308e379794aee4609bca1a5976485c3873d952d74579495b78375768fa128b1,7ecfe5f5b27f00233d76d16f3bcc67f89ccfbc9d2f87ae944de0d1e68f4421b9,2026-06-30T13:06:35+00:00,success,LEGACY_SOURCE_MANIFEST
SRC00034,K253686,https://www.accessdata.fda.gov/cdrh_docs/pdf25/K253686.pdf,510k_summary_pdf,631813c88d35d3c9548c5bb9206fa88d5a87607181209065e32533a59dcf6709,e0f455f25859fa91120b7d25a7e36045372b70247ee42555bd16dc8f8c3b38a4,2026-06-30T13:06:35+00:00,success,LEGACY_SOURCE_MANIFEST
SRC00035,K253520,https://www.accessdata.fda.gov/scripts/cdrh/cfdocs/cfpmn/pmn.cfm?ID=K253520,fda_database_entry_html,994022a87b64a3e60552f1eaac0fbb009c13efcf32da14857629617d0cd8f124,2fc7e97b11f3766f5012664a06b6a3dfcacd27e92c9d1e08684c01d17ad93596,2026-06-30T13:06:35+00:00,success,LEGACY_SOURCE_MANIFEST
SRC00036,K253520,https://www.accessdata.fda.gov/cdrh_docs/pdf25/K253520.pdf,510k_summary_pdf,79398fd3a7684942d89bf0f656694000ca870fb6f5ca4cb5b039fe1c5de04acd,4c03bf85b0eebf827a1a70d88654c951255393f8cd3f90874d8e02f216c33cf3,2026-06-30T13:06:35+00:00,success,LEGACY_SOURCE_MANIFEST
SRC00037,K253574,https://www.accessdata.fda.gov/scripts/cdrh/cfdocs/cfpmn/pmn.cfm?ID=K253574,fda_database_entry_html,b6c4896743642bd298b64891d429a11c616bebfe06e7110a5d6f69040b446168,a3e0d0db558d7ba781682b9f24ab4fddc75b73eb57211026d8b8d8b2e89caadc,2026-06-30T13:06:35+00:00,success,LEGACY_SOURCE_MANIFEST
SRC00038,K253574,https://www.accessdata.fda.gov/cdrh_docs/pdf25/K253574.pdf,510k_summary_pdf,00846096f821f88a54a05c93ca83f1f0e61bfa028deb25c92c667d6a589d7b80,4efeba339deba949ebfad86d77863d0393ea9520cb45707e4a64997b96fed7e6,2026-06-30T13:06:35+00:00,success,LEGACY_SOURCE_MANIFEST
SRC00039,K260509,https://www.accessdata.fda.gov/scripts/cdrh/cfdocs/cfpmn/pmn.cfm?ID=K260509,fda_database_entry_html,5859c0ad2d3ea6a9ba6313cf905f940dba150ca9579ca14d38b31ca18e34e483,bab6cd5d65ffe2c50221587d6eaaebbb455a35066320a1749d64224887f61159,2026-06-30T13:06:35+00:00,success,LEGACY_SOURCE_MANIFEST
SRC00040,K260509,https://www.accessdata.fda.gov/cdrh_docs/pdf26/K260509.pdf,510k_summary_pdf,70d640bfc0df8a65513832ca37245bc2c193a5fe3f37881e9cea8ccb4d45d33a,66ae005441c236157f01afa9205928d11ba34a1984e3f164f06233cd3c50d5d8,2026-06-30T13:06:35+00:00,success,LEGACY_SOURCE_MANIFEST
SRC00041,K252304,https://www.accessdata.fda.gov/scripts/cdrh/cfdocs/cfpmn/pmn.cfm?ID=K252304,fda_database_entry_html,d36634ecc15f604a78c7094fefa5cdd4e65032c2516465dfc276dda786417374,192993a77efd89cbcc42e767daeb132864a6f4ea03148a9487ccd053f7131bd4,2026-06-30T13:06:35+00:00,success,LEGACY_SOURCE_MANIFEST
SRC00042,K252304,https://www.accessdata.fda.gov/cdrh_docs/pdf25/K252304.pdf,510k_summary_pdf,a1cbeb3ee1d5e8ed33e81f34a7c95e276852acde10592312aa74c74c422910e4,406df1e60a182e0da3a9ded0975be439af63e2ef33e577f00d6a78ec229cce2a,2026-06-30T13:06:40+00:00,success,LEGACY_SOURCE_MANIFEST
SRC00043,DEN250014,https://www.accessdata.fda.gov/scripts/cdrh/cfdocs/cfpmn/denovo.cfm?ID=DEN250014,fda_database_entry_html,944937f366fecc2518faba3c8c08f0438d80d50cd304e35e6df183107200dc92,f19bbea076cd96d28b8012b124f8fe2a5e7bdaab18ed9684fa1d4755b1b8740d,2026-06-30T13:06:35+00:00,success,LEGACY_SOURCE_MANIFEST
SRC00044,DEN250014,https://www.accessdata.fda.gov/cdrh_docs/pdf25/DEN250014.pdf,approval_order_pdf,de1744c37d9eac222ffbb75df8306ba4d06bf7fe7464dd75a0729d4baec38a90,5218b801f5fbf81a179bbd406c9c2146eda9e74ec7da5f62ef20523f0fa7f5d4,2026-06-30T13:06:45+00:00,success,LEGACY_SOURCE_MANIFEST
SRC00045,DEN250014,http://www.accessdata.fda.gov/cdrh_docs/reviews/DEN250014.pdf,de_novo_summary_pdf,bc60245e10ed40726a9d952ba5c6a947557438e17acabf9063f7dbac6e119723,a581c71897f85b910ca7a9e43b3cafae230db9589e601c077fb84a4a0e333d76,2026-06-30T13:06:52+00:00,success,LEGACY_SOURCE_MANIFEST
SRC00046,K253614,https://www.accessdata.fda.gov/scripts/cdrh/cfdocs/cfpmn/pmn.cfm?ID=K253614,fda_database_entry_html,5a5f097d87d4be83ac164f1734a6f7453f9ab016c4dae90cd7e7c50385beff6e,3c9adfe84627d87d6a23da2b21579913ef6d74d6c754be7fc3cab6f4c3875a48,2026-06-30T13:06:35+00:00,success,LEGACY_SOURCE_MANIFEST
SRC00047,K253614,https://www.accessdata.fda.gov/cdrh_docs/pdf25/K253614.pdf,510k_summary_pdf,10fbe378d3c31d6c8675fae593ca00b6d1c961201df399bd945257da568f6908,5a74a0d5227a1573d0906d894240dfdfca44ef8ea156dbf77ceff5973f579397,2026-06-30T13:06:39+00:00,success,LEGACY_SOURCE_MANIFEST
SRC00048,K252282,https://www.accessdata.fda.gov/scripts/cdrh/cfdocs/cfpmn/pmn.cfm?ID=K252282,fda_database_entry_html,20f7f6c5ad45efadec3eb0715c57826ab7db84e55be17cd15527a6474cbd458a,864c43c52e0774e7761d539de77c8d79d814b30c40bb6544236b43894ef7b011,2026-06-30T13:06:35+00:00,success,LEGACY_SOURCE_MANIFEST
SRC00049,K252282,https://www.accessdata.fda.gov/cdrh_docs/pdf25/K252282.pdf,510k_summary_pdf,21c553c8d6e5fc67caf16edbe4607474b3ccd0c19a433d00bc573927ac08cb70,cc93ccd739ff924f5f4f3c0ce148e493ebbaf050c08da0f37a2fbe9bc9e995f7,2026-06-30T13:06:40+00:00,success,LEGACY_SOURCE_MANIFEST
SRC00050,K253944,https://www.accessdata.fda.gov/scripts/cdrh/cfdocs/cfpmn/pmn.cfm?ID=K253944,fda_database_entry_html,6da25d2644202dc9375234f5c2a808dfc0ba7f88588c816d9f3a5d061bbcd847,154802d35f553181c45eeb77be8cd4edf50677d424662dbe4abf53dfc55533db,2026-06-30T13:06:48+00:00,success,LEGACY_SOURCE_MANIFEST
SRC00051,K253944,https://www.accessdata.fda.gov/cdrh_docs/pdf25/K253944.pdf,510k_summary_pdf,290947cef01ef6b55902f413b7f9f43c604284e820b19546b048274b71651c34,8174541dbb0f781f9bd9b298b99b042da2276a3ce3fddaeb9b7a7fc5cb4bad33,2026-06-30T13:06:50+00:00,success,LEGACY_SOURCE_MANIFEST
SRC00052,K252433,https://www.accessdata.fda.gov/scripts/cdrh/cfdocs/cfpmn/pmn.cfm?ID=K252433,fda_database_entry_html,d47bd69ab3e9e6865a68d1d5bf241c06b4a7f7a5a95e8fe25a0401209f5d8340,f3e86ab973ed30765417b47bdae64420859c4f8dda3189e4692822aebcbff4de,2026-06-30T13:06:59+00:00,success,LEGACY_SOURCE_MANIFEST
SRC00053,K252433,https://www.accessdata.fda.gov/cdrh_docs/pdf25/K252433.pdf,510k_summary_pdf,6daa67237e496b207d130ccef33f2991605478dda33a5a7678ef42da676df307,6e262db2461dcd06a7cd750e773cf276b080b31f2f79ccd8ee972187f979accd,2026-06-30T13:07:03+00:00,success,LEGACY_SOURCE_MANIFEST
SRC00054,K252261,https://www.accessdata.fda.gov/scripts/cdrh/cfdocs/cfpmn/pmn.cfm?ID=K252261,fda_database_entry_html,8d235deeb3f9c3e0bac1b9fc8d56aa070cc61259c57053c5a6af82839bb713ec,5147c42f3d0cabdac0e730e59cbf931e0ca27415cf15c292650be82c50845ffc,2026-06-30T13:07:00+00:00,success,LEGACY_SOURCE_MANIFEST
SRC00055,K252261,https://www.accessdata.fda.gov/cdrh_docs/pdf25/K252261.pdf,510k_summary_pdf,ae38404b4f0162aa6d8afb73597e5da8c5c58d629636566213536610b271df65,70aead5bbe6eafdbf6e6994d4ffa80c4c51bb099d2b9901a5a68ffc43f63e982,2026-06-30T13:07:04+00:00,success,LEGACY_SOURCE_MANIFEST
SRC00056,K260078,https://www.accessdata.fda.gov/scripts/cdrh/cfdocs/cfpmn/pmn.cfm?ID=K260078,fda_database_entry_html,91ba8f3e3dffefc7fe5a5b518972222741be61927995d71099d600bd1f6bc7f0,a233c1799e36870db859dda8c371b285c97a475e42b5ecb7cab663e6ea7e6f23,2026-06-30T13:07:07+00:00,success,LEGACY_SOURCE_MANIFEST
SRC00057,K260078,https://www.accessdata.fda.gov/cdrh_docs/pdf26/K260078.pdf,510k_summary_pdf,b9a26b0249795b2c5158d07dfd50a10156696d0f33afbdcf3eacbd47b1437d5e,0a8c91b891fd8a84db2424c1aa9edadfd491b943fab62192ae986abf9e603bee,2026-06-30T13:07:10+00:00,success,LEGACY_SOURCE_MANIFEST
SRC00058,K252089,https://www.accessdata.fda.gov/scripts/cdrh/cfdocs/cfpmn/pmn.cfm?ID=K252089,fda_database_entry_html,fc54217e08dbbd192b3f88eb0525004754b506763587dcb1e3edf66f8a9e73a7,885fa56227b65fa067d7f18fc44886b2ca057fb064b2f62a0fe52791ab70aec9,2026-06-30T13:07:10+00:00,success,LEGACY_SOURCE_MANIFEST
SRC00059,K252089,https://www.accessdata.fda.gov/cdrh_docs/pdf25/K252089.pdf,510k_summary_pdf,11c818fbbc64042c5f804afbb2e978ed59d26a1eabe3cef1835950936c69d9bd,c28c8189c3eae920a42296473e382bb33e176bd6c97299b545f6c555ef3be89a,2026-06-30T13:07:12+00:00,success,LEGACY_SOURCE_MANIFEST
SRC00060,K250655,https://www.accessdata.fda.gov/scripts/cdrh/cfdocs/cfpmn/pmn.cfm?ID=K250655,fda_database_entry_html,efe6b0f15ad580008bfd4a0d84b4e347caa9e627b1d76868323b9e18c86c627f,df3e1c5d1226d6d425772582fd25db5bc9d7725a47a09c2dcad10807eea98685,2026-06-30T13:07:14+00:00,success,LEGACY_SOURCE_MANIFEST
SRC00061,K250655,https://www.accessdata.fda.gov/cdrh_docs/pdf25/K250655.pdf,510k_summary_pdf,4bc1340a711c5c397091479bef148fa4bec03e25543313d28630f855fd71c707,c92bb828e1d309de8fcb3cbcba93eb072228f42198062b424150925bd7c48259,2026-06-30T13:07:15+00:00,success,LEGACY_SOURCE_MANIFEST
SRC00062,K253584,https://www.accessdata.fda.gov/scripts/cdrh/cfdocs/cfpmn/pmn.cfm?ID=K253584,fda_database_entry_html,14d20e2b9094e04b8d1910bb102c1eacd2cb100826fa6842983133c5980ed4e3,12211a69ef4af5181ef4381d3cdc1ae3d596bcaaafe184f76cbc379dfa17b02a,2026-06-30T13:07:15+00:00,success,LEGACY_SOURCE_MANIFEST
SRC00063,K253584,https://www.accessdata.fda.gov/cdrh_docs/pdf25/K253584.pdf,510k_summary_pdf,aaa546022b565ec43f54cbd4592eaaaa0b80ae3942f720d4791e1f1198e63a47,f41fdfd2d647d776b38ef8d23f5cb622ea42aeba9602b537a69a21061b529bc0,2026-06-30T13:07:18+00:00,success,LEGACY_SOURCE_MANIFEST
SRC00064,K253413,https://www.accessdata.fda.gov/scripts/cdrh/cfdocs/cfpmn/pmn.cfm?ID=K253413,fda_database_entry_html,8b580d6410864b1c56b30a249d11d91900529d27ee7e95133bbbb1f2f808c69b,6157573cdeb559eb93896fa4c536a865bddae065fa08175a0f89762b09aec7d3,2026-06-30T13:07:16+00:00,success,LEGACY_SOURCE_MANIFEST
SRC00065,K253413,https://www.accessdata.fda.gov/cdrh_docs/pdf25/K253413.pdf,510k_summary_pdf,1833eb8717cd42120b170cd8bd2b2e587f8b52d74ae8d276b064d47d660684e6,3ea7ff99ec9a55b96f01f31ecf013f13075788f94c8a5911777790441ca4326b,2026-06-30T13:07:21+00:00,success,LEGACY_SOURCE_MANIFEST
SRC00066,K253668,https://www.accessdata.fda.gov/scripts/cdrh/cfdocs/cfpmn/pmn.cfm?ID=K253668,fda_database_entry_html,1eb143302c4f688d230472ab5ea0d3571f32fd22cc56f8be79be7d9377d2930f,575c7b4b0e7bf0dcfb3b1d9b66ae18333dd5db02da77b3cdc3cf71ed929da9e3,2026-06-30T13:07:23+00:00,success,LEGACY_SOURCE_MANIFEST
SRC00067,K253668,https://www.accessdata.fda.gov/cdrh_docs/pdf25/K253668.pdf,510k_summary_pdf,f8c3bfe2c6a17f8579cc1cdc9dcd8057e454c5f08e7c41aba6b1ea0f6a9b94bc,0be3440c3b2e1bc2b3dd446895178992d307b265508b442a43662f7365728533,2026-06-30T13:07:26+00:00,success,LEGACY_SOURCE_MANIFEST
SRC00068,K260166,https://www.accessdata.fda.gov/scripts/cdrh/cfdocs/cfpmn/pmn.cfm?ID=K260166,fda_database_entry_html,b7596baded6281d9ac282aba1e3c506ef584e6aa04058060a3ceb9156aed5c4b,6df1a2d12d42c4876fe76aa7ce2dc4fb4a14689fbf56bc16fa56bbd0ecfff5a9,2026-06-30T13:07:24+00:00,success,LEGACY_SOURCE_MANIFEST
SRC00069,K260166,https://www.accessdata.fda.gov/cdrh_docs/pdf26/K260166.pdf,510k_summary_pdf,6fb25428667e011cc8acbdfa2730ac2b0938cd81e4c57387e409c309f4a42c23,4d89b07d8448c512d73af6e9459e68d6ffd7d339ccc3cf7e3c13891dc4dfe44e,2026-06-30T13:07:27+00:00,success,LEGACY_SOURCE_MANIFEST
SRC00070,K260167,https://www.accessdata.fda.gov/scripts/cdrh/cfdocs/cfpmn/pmn.cfm?ID=K260167,fda_database_entry_html,c1a4fbd8b9531832d6f1d1119790c84d0e363f4225b7217973cfdea2439c475b,343d563917dc1eedab5bd054ba05308a0cf6203717d840e78b5117e2a6544b2f,2026-06-30T13:07:25+00:00,success,LEGACY_SOURCE_MANIFEST
SRC00071,K260167,https://www.accessdata.fda.gov/cdrh_docs/pdf26/K260167.pdf,510k_summary_pdf,f7ffab60ec6e11eb95a91fd4166506bdcc29e44e453e2d73d7c629813286cada,374801f78b2888d6f169068aa841f6d94bb960182cb64a888cb90253a1c7a861,2026-06-30T13:07:29+00:00,success,LEGACY_SOURCE_MANIFEST
SRC00072,K253551,https://www.accessdata.fda.gov/scripts/cdrh/cfdocs/cfpmn/pmn.cfm?ID=K253551,fda_database_entry_html,e84f1b1b65bc61ba1f2afd34b2aa8e07fc2f9d37f88672e35f5a3470cb00b52b,6b5295d219a2584c24a4e4ff2b1648e7d197cf8640eb3487a22b2b14e7a6e9b5,2026-06-30T13:07:26+00:00,success,LEGACY_SOURCE_MANIFEST
SRC00073,K253551,https://www.accessdata.fda.gov/cdrh_docs/pdf25/K253551.pdf,510k_summary_pdf,a619645137cf874098e6886d1c6c43dcb8bee005377ff770a8ac1f7fad771035,d755a3ec83d0e9a36c157dc7ad560f057554d080d03b1a3b258f75819baea475,2026-06-30T13:07:29+00:00,success,LEGACY_SOURCE_MANIFEST
SRC00074,K253442,https://www.accessdata.fda.gov/scripts/cdrh/cfdocs/cfpmn/pmn.cfm?ID=K253442,fda_database_entry_html,f4eab21ebe6969eeeae2c17004e98fdca13ee81a8ef9c42ba212ed4abff7abb9,176eabc612a38da89a834a83b4895737032385acb81d387f6430aa7d5051b4ee,2026-06-30T13:07:34+00:00,success,LEGACY_SOURCE_MANIFEST
SRC00075,K253442,https://www.accessdata.fda.gov/cdrh_docs/pdf25/K253442.pdf,510k_summary_pdf,7148ff299ff40c494cbc10a5c700a0df59d7cecb549da28c60a7e37403197600,8797c5057baedc52eda55c4b449b7a8d2bbb73aa9d64a33c2e6bbeff0a580f0c,2026-06-30T13:07:38+00:00,success,LEGACY_SOURCE_MANIFEST
SRC00076,K252538,https://www.accessdata.fda.gov/scripts/cdrh/cfdocs/cfpmn/pmn.cfm?ID=K252538,fda_database_entry_html,37c16e5a5ed7d716ef776b7c56bf433c873c8112c98926dd69102a54d075e93e,09e42245a3c9750441cfda6fdc80d5c43d6f502356733793c772b0be5f987cfa,2026-06-30T13:07:37+00:00,success,LEGACY_SOURCE_MANIFEST
SRC00077,K252538,https://www.accessdata.fda.gov/cdrh_docs/pdf25/K252538.pdf,510k_summary_pdf,db29794d62d3a2637016cd6e33d46986fb0a840944a393e92031f039d089b353,4e32dd795364ec5338a4030b9e3550fba0afea09119c807139f759ef3add9623,2026-06-30T13:07:42+00:00,success,LEGACY_SOURCE_MANIFEST
SRC00078,K260169,https://www.accessdata.fda.gov/scripts/cdrh/cfdocs/cfpmn/pmn.cfm?ID=K260169,fda_database_entry_html,1673b18816ea76068d42e8e4274b3a1b47b9657142d1032c0ddcfc06408353d5,344abcd03df62881419db71703b8af64c1784f2ae22c5f8137abaeb471188fb0,2026-06-30T13:07:45+00:00,success,LEGACY_SOURCE_MANIFEST
SRC00079,K260169,https://www.accessdata.fda.gov/cdrh_docs/pdf26/K260169.pdf,510k_summary_pdf,8eca5c3309eea7ca8acd7956a831b7605d2d33396c212998a7095b57848957c4,c209ea1d88c2380b239c84f7c4bba7353dadabfc750057187ac1e1b2af2000ee,2026-06-30T13:07:49+00:00,success,LEGACY_SOURCE_MANIFEST
SRC00080,K251901,https://www.accessdata.fda.gov/scripts/cdrh/cfdocs/cfpmn/pmn.cfm?ID=K251901,fda_database_entry_html,f324be53cb39e768cb46ae2f8b3e3c05161916993f8b59e679cbc8b77e9e51f7,816dbe95cbb8d242ecf564aa8addfe6c81fa5a9196c21fb7acb819ac7d09b5fb,2026-06-30T13:07:52+00:00,success,LEGACY_SOURCE_MANIFEST
SRC00081,K251901,https://www.accessdata.fda.gov/cdrh_docs/pdf25/K251901.pdf,510k_summary_pdf,d6140dbf557dd13ce28b29eb06d80777de791c2178c1225e80b4257ac22b2dba,7845244be73ad781f2b52df492bd9ed7760a45c946773025681f08f5af49a180,2026-06-30T13:07:52+00:00,success,LEGACY_SOURCE_MANIFEST
SRC00082,K253898,https://www.accessdata.fda.gov/scripts/cdrh/cfdocs/cfpmn/pmn.cfm?ID=K253898,fda_database_entry_html,61013e20a1bb6f2a5f39b14ea59d4920615d54978039c80ea3c8de673982cb59,a36d215c58eb3610b1e2c21195be0d85dace20a1f6b3366e3cdaf4c82deba3c9,2026-06-30T13:07:54+00:00,success,LEGACY_SOURCE_MANIFEST
SRC00083,K253898,https://www.accessdata.fda.gov/cdrh_docs/pdf25/K253898.pdf,510k_summary_pdf,e0ac9119be49c7557ea00756937c3fb9b15eb4a4b4b50e9e4d2ceeba296d90f8,265b2a80acc6a6b83730ba321a5f840b2933090f7253d96dc64cf3df12b3b173,2026-06-30T13:07:56+00:00,success,LEGACY_SOURCE_MANIFEST
SRC00084,P250008,https://www.accessdata.fda.gov/scripts/cdrh/cfdocs/cfpma/pma.cfm?id=P250008,fda_database_entry_html,fa313026099182391bca236f3d81bb0852a80763c00bb7b25ed80e7e27118aef,aa2bd2b7c8b1bb48ae84034fb1496ba06af058b97a649a3deb326463eaa13b0b,2026-06-30T13:07:54+00:00,success,LEGACY_SOURCE_MANIFEST
SRC00085,P250008,https://www.accessdata.fda.gov/cdrh_docs/pdf25/P250008A.pdf,approval_order_pdf,9acc7f59ad96eae1fb9357274397c9d942506c87bd3c33fa2b191ceb35d81957,74b1a0c4ee2efcbe8c9c22f415efc50cf23afa490f59ef05bf038905c5efef17,2026-06-30T13:08:00+00:00,success,LEGACY_SOURCE_MANIFEST
SRC00086,P250008,https://www.accessdata.fda.gov/cdrh_docs/pdf25/P250008B.pdf,pma_ssed_pdf,8a883919a132fbc45810219b15d5529c2774a885166ed3037927ba154da73931,77e37d01dd2fba718d18a8cf555f1f66126ff354a61f6f29ae74eb88c99192e8,2026-06-30T13:08:12+00:00,success,LEGACY_SOURCE_MANIFEST
SRC00087,P250008,https://www.accessdata.fda.gov/cdrh_docs/pdf25/P250008D.pdf,labeling_pdf,18c1391f5b9a0b73ce2afbfa8951ad0fd7492737a738e5c5111e4b711b454900,3e9527b5b93b8b32ae3d2afe3e47d8ca3a972a0e6462f26a16b152ff25d17b43,2026-06-30T13:08:23+00:00,success,LEGACY_SOURCE_MANIFEST
SRC00088,K253818,https://www.accessdata.fda.gov/scripts/cdrh/cfdocs/cfpmn/pmn.cfm?ID=K253818,fda_database_entry_html,78749efd48dd025e68aac64ac5b9909b43fee371d7789c87a1cab27ae3fa8f3f,8fcd123ad60ae98b580968fc592d80ef96b55799a7a1a51027114c6f56ed95a2,2026-06-30T13:08:03+00:00,success,LEGACY_SOURCE_MANIFEST
SRC00089,K253818,https://www.accessdata.fda.gov/cdrh_docs/pdf25/K253818.pdf,510k_summary_pdf,f273082958089b8ab12c062ad78d06ac3dce705a86cd5b08d2bb8c5160d83c6e,43a24e74d49bf32eb49a008b0bdee7056cb2829802aec25c262fe0e9b7f75851,2026-06-30T13:08:05+00:00,success,LEGACY_SOURCE_MANIFEST
SRC00090,K253593,https://www.accessdata.fda.gov/scripts/cdrh/cfdocs/cfpmn/pmn.cfm?ID=K253593,fda_database_entry_html,ddfdec8d461755dc79c9abfb44d72406f3486933919a357c7cc202c635c93e9f,eceb2ef939a198ec5a82ab07a06a62a627ff6de6be63897523f7a091767ba832,2026-06-30T13:08:13+00:00,success,LEGACY_SOURCE_MANIFEST
SRC00091,K253593,https://www.accessdata.fda.gov/cdrh_docs/pdf25/K253593.pdf,510k_summary_pdf,f74db3f42f64d53e917fbb2c2ffef892ba7dc8526603be0871b0dea17ee86e70,fc41b89e57550e437619cb55fc02ed95404918e87c5e610cce6403d8d68cb94c,2026-06-30T13:08:17+00:00,success,LEGACY_SOURCE_MANIFEST
SRC00092,K253535,https://www.accessdata.fda.gov/scripts/cdrh/cfdocs/cfpmn/pmn.cfm?ID=K253535,fda_database_entry_html,f0800258e40f724cf120cd6999439f1d785b137784ce6c0814dad325d2b90571,47332361e5868c255c75758593c9e60c39da255b843f06cec99cb1c685031c0b,2026-06-30T13:08:14+00:00,success,LEGACY_SOURCE_MANIFEST
SRC00093,K253535,https://www.accessdata.fda.gov/cdrh_docs/pdf25/K253535.pdf,510k_summary_pdf,c7b3abe4ab4eeadb9d2ebf456a5d42f04933f0cfa5b1e3c17cf0475e67eebfe2,aa75277f80b27e0e22ed70f20b17941a334be4d9e15d35b7c83bda75e90815ce,2026-06-30T13:08:17+00:00,success,LEGACY_SOURCE_MANIFEST
SRC00094,K253578,https://www.accessdata.fda.gov/scripts/cdrh/cfdocs/cfpmn/pmn.cfm?ID=K253578,fda_database_entry_html,8f77eaeb0b551197abac1bf989dfd7065f43321df0ac6e7999156bb2aee067c4,4a0c6c28ef34b50fe15c6c39518fe9302b9e45c38a8091032d8f2cad5fd5ccb1,2026-06-30T13:08:21+00:00,success,LEGACY_SOURCE_MANIFEST
SRC00095,K253578,https://www.accessdata.fda.gov/cdrh_docs/pdf25/K253578.pdf,510k_summary_pdf,9367b274a23ed067284424de7f18153dc217ba3bca560c3a72b43e89342ee505,5f50bf4809fdbe1a6dc8162657b66bd3720c502d8e45828cb9ee5fad72ff11d1,2026-06-30T13:08:22+00:00,success,LEGACY_SOURCE_MANIFEST
SRC00096,K260217,https://www.accessdata.fda.gov/scripts/cdrh/cfdocs/cfpmn/pmn.cfm?ID=K260217,fda_database_entry_html,df61fe75c5de75484029d2706b67b9126f18a7d2b48b3fe3310522f104e480de,c0d936530733c61d8cff5c0efe25918eda06e6949f73e4a9c9373da4932bf51b,2026-06-30T13:08:32+00:00,success,LEGACY_SOURCE_MANIFEST
SRC00097,K260217,https://www.accessdata.fda.gov/cdrh_docs/pdf26/K260217.pdf,510k_summary_pdf,f0ec05c1847007b8c0cfafd3f001a7bb0ff87c37b7dd5b36c6aadbdbed117c4b,81576a9593146d8f3009fcdd28704579896e893360a121d276863a92dffdbcd1,2026-06-30T13:08:34+00:00,success,LEGACY_SOURCE_MANIFEST
SRC00098,K253648,https://www.accessdata.fda.gov/scripts/cdrh/cfdocs/cfpmn/pmn.cfm?ID=K253648,fda_database_entry_html,93610f58e70f11650c3a8d5a3535a71d387cc03be404d4d9af8975cb9cd3ce30,49534ce9ce25a699e0acb7940f616f6a13172fc763d0a7d7e8bbbe9d35b1cd1f,2026-06-30T13:08:37+00:00,success,LEGACY_SOURCE_MANIFEST
SRC00099,K253648,https://www.accessdata.fda.gov/cdrh_docs/pdf25/K253648.pdf,510k_summary_pdf,cfb63939fe838f80879f170c45e27afbab7ce68ee98a591e7c98990b47b71492,e80ed2ee3ad27b560dd6d5288daf35c70584b3bcabed02e0a6b1cebc74bf7f5b,2026-06-30T13:08:40+00:00,success,LEGACY_SOURCE_MANIFEST
SRC00100,K260265,https://www.accessdata.fda.gov/scripts/cdrh/cfdocs/cfpmn/pmn.cfm?ID=K260265,fda_database_entry_html,d2ec4d417291b9faed68d674bc85b8ed96ba9e82605b7ba7c1f6fc47a213ed7b,dabecab6b01de320a9b4814d77f0a5c5074306a376547721b5ef051d7289dc7c,2026-06-30T13:08:41+00:00,success,LEGACY_SOURCE_MANIFEST
SRC00101,K260265,https://www.accessdata.fda.gov/cdrh_docs/pdf26/K260265.pdf,510k_summary_pdf,c3a655e0c3f63b4bc0b34997a1bad26df2f17172d84bb91b70414ad5b60080ac,c123665a428d6dd087b7603e8063752d37c2dd5a63831001d37d2340c2b4c4f6,2026-06-30T13:08:46+00:00,success,LEGACY_SOURCE_MANIFEST
SRC00102,K252972,https://www.accessdata.fda.gov/scripts/cdrh/cfdocs/cfpmn/pmn.cfm?ID=K252972,fda_database_entry_html,17dcb83fd8d55f0322259ce83b56979e18c0c32a5dc8df526ed5d579b0c1378e,a30a1330379d3034506d9bbad6b5ccdf0d049b2c8dd1414254b1d50019d757d0,2026-06-30T13:08:48+00:00,success,LEGACY_SOURCE_MANIFEST
SRC00103,K252972,https://www.accessdata.fda.gov/cdrh_docs/pdf25/K252972.pdf,510k_summary_pdf,efe3e8e91c13c9217207feb85a8f52534fdea9383ef7815985ceb50549be49cd,65113def38f128459811c28fad3b37c206732ae1f5d3e165b9be03e59b05b87f,2026-06-30T13:08:50+00:00,success,LEGACY_SOURCE_MANIFEST
SRC00104,K252500,https://www.accessdata.fda.gov/scripts/cdrh/cfdocs/cfpmn/pmn.cfm?ID=K252500,fda_database_entry_html,78117cacf0bbeeaf1ee7a254279c50cda2e0731d544e648d35d2d61367d459c5,11883d6d47e0892e1bf6675002db9adbf6353d201a98882f7281414ac5eddb0c,2026-06-30T13:08:56+00:00,success,LEGACY_SOURCE_MANIFEST
SRC00105,K252500,https://www.accessdata.fda.gov/cdrh_docs/pdf25/K252500.pdf,510k_summary_pdf,0c47317526e2c0440b4e001296f07d28e82562679600ce199813f7e9098a8d5d,190a728f75ac6d6d250484beea5dd8aae95cd00524f7979f142b0803086e61bf,2026-06-30T13:08:57+00:00,success,LEGACY_SOURCE_MANIFEST
SRC00106,K252002,https://www.accessdata.fda.gov/scripts/cdrh/cfdocs/cfpmn/pmn.cfm?ID=K252002,fda_database_entry_html,04c7aabd6ccc201269e9e6bc0bf5afcb2e4781962933b203be0427f9964ab09e,1d707576502673a9b67aaa2f2fde58e89d380da060b4046ba06aaf9645bbeb57,2026-06-30T13:08:59+00:00,success,LEGACY_SOURCE_MANIFEST
SRC00107,K252002,https://www.accessdata.fda.gov/cdrh_docs/pdf25/K252002.pdf,510k_summary_pdf,c6ada9ddb189792331c6f2aeb23116ddba037e4ba2ec9d9de8517bfd10c775a8,a16f671cacb6c1bfa76d8d6ae7a5fe6781086be3ff47981f9ce2e7ee8c14c0b2,2026-06-30T13:09:02+00:00,success,LEGACY_SOURCE_MANIFEST
SRC00108,K250233,https://www.accessdata.fda.gov/scripts/cdrh/cfdocs/cfpmn/pmn.cfm?ID=K250233,fda_database_entry_html,2cc9164220995bde5d52fd16b377f265ea461516d1b5e61795e86ec342410e30,e76183b236d0d0b99fe05dcc78b8994bfdb907bf544148965afb142b2a1af535,2026-06-30T13:09:01+00:00,success,LEGACY_SOURCE_MANIFEST
SRC00109,K250233,https://www.accessdata.fda.gov/cdrh_docs/pdf25/K250233.pdf,510k_summary_pdf,438b05b4ec16d89ad073381f945bf2253c32f1bc830e018e67fc667e076004c7,0ccc8df97cd563fff293da4b09cb7a5bc64cff14f39704013361f3b410964455,2026-06-30T13:09:03+00:00,success,LEGACY_SOURCE_MANIFEST
SRC00110,K253564,https://www.accessdata.fda.gov/scripts/cdrh/cfdocs/cfpmn/pmn.cfm?ID=K253564,fda_database_entry_html,ce446fb5dc2fb3bccdc999beb273d1aca2c106d4eb2ac5c1bc510df8133a80e5,e68f2b0c6226fe80fd1f9f127308ca4328d6c0cc32123b3fba19e14db11c8e27,2026-06-30T13:09:05+00:00,success,LEGACY_SOURCE_MANIFEST
SRC00111,K253564,https://www.accessdata.fda.gov/cdrh_docs/pdf25/K253564.pdf,510k_summary_pdf,53e0788857a2933c7fc77fde6807146b18ac5d0a022d650f163a5a1bb773e435,6125c346bd4b540f73a8a7e89fc19181931a4dac8b6b6ea3489203c3ef942338,2026-06-30T13:09:06+00:00,success,LEGACY_SOURCE_MANIFEST
SRC00112,K253381,https://www.accessdata.fda.gov/scripts/cdrh/cfdocs/cfpmn/pmn.cfm?ID=K253381,fda_database_entry_html,cc8e9a4a1b748df044963cffd79cb5481ab6dcff061fbd554cccede42e6c31ea,d04601153f38ca311ffa776506a2448438bfc9fde72653370b792519492f4d70,2026-06-30T13:09:07+00:00,success,LEGACY_SOURCE_MANIFEST
SRC00113,K253381,https://www.accessdata.fda.gov/cdrh_docs/pdf25/K253381.pdf,510k_summary_pdf,585477c9f1b134fdb76bf37b179c1217b39db4253575efd3812af3c4891cb85d,aaefe4865b32f406a098bb1279112e32776b781aeb8da7ff9dd997214a49785c,2026-06-30T13:09:10+00:00,success,LEGACY_SOURCE_MANIFEST
SRC00114,DEN250007,https://www.accessdata.fda.gov/scripts/cdrh/cfdocs/cfpmn/denovo.cfm?ID=DEN250007,fda_database_entry_html,ff13bc7bedd951ec471fd95135ca6af88031a98458a9659d84ffcd59701870ed,9377253d33407d964ac2f1ec437077ed635a889802a3254b01143fb2b8ae3572,2026-06-30T13:09:14+00:00,success,LEGACY_SOURCE_MANIFEST
SRC00115,DEN250007,https://www.accessdata.fda.gov/cdrh_docs/pdf25/DEN250007.pdf,approval_order_pdf,2f868246be0988f80059e2c98130ee01b86c82cce084b89972c37c803f3b7ef0,d4b970f3b99d2b06b36e64bb2dedc5d59c30aa25aa95d4386bcb547f54c82583,2026-06-30T13:09:15+00:00,success,LEGACY_SOURCE_MANIFEST
SRC00116,K252084,https://www.accessdata.fda.gov/scripts/cdrh/cfdocs/cfpmn/pmn.cfm?ID=K252084,fda_database_entry_html,99f8087c467865cf46b3f932c094944bb688089d06627863af0e2ab491a36166,af1a9fb6389e2e6a07ac4c67385239993e27d2ec54c0d3d1f593ecb32aefb8e0,2026-06-30T13:09:21+00:00,success,LEGACY_SOURCE_MANIFEST
SRC00117,K252084,https://www.accessdata.fda.gov/cdrh_docs/pdf25/K252084.pdf,510k_summary_pdf,e97da9d2dfba37408b44e4a4383b3f6de3afb0a21cdc7cfd3eb3853c08cd432d,22f1dff3c6651d5960b33928ed7b187bcab8273defdfa5e80941b52fbdcdf772,2026-06-30T13:09:34+00:00,success,LEGACY_SOURCE_MANIFEST
SRC00118,K254016,https://www.accessdata.fda.gov/scripts/cdrh/cfdocs/cfpmn/pmn.cfm?ID=K254016,fda_database_entry_html,07df86546d6577cbc3212ffb550a1e2e4d5a57aae370b3d77957a9cc757a2122,eadd09ca23c965f8ed6442a75ddecb4cb4a03f09410bca0e78166161467c9526,2026-06-30T13:09:21+00:00,success,LEGACY_SOURCE_MANIFEST
SRC00119,K254016,https://www.accessdata.fda.gov/cdrh_docs/pdf25/K254016.pdf,510k_summary_pdf,6b8f478c06e9619a7f7932b2da768189b69971623436025c1659e6aecaf95bce,04cc8e9480ee58ddfe0dd8ceb5d566301910736681f2e5aac97c1ccc75700b3b,2026-06-30T13:09:27+00:00,success,LEGACY_SOURCE_MANIFEST
SRC00120,K252076,https://www.accessdata.fda.gov/scripts/cdrh/cfdocs/cfpmn/pmn.cfm?ID=K252076,fda_database_entry_html,900c180af63a0c3113509864794cc24ce6493e29186845bec321c537c20bb58e,2bac963e9e601c87eaee5a79ba4eb8f1bc486e9a2f235e434abf7d9a94bdc4d2,2026-06-30T13:09:21+00:00,success,LEGACY_SOURCE_MANIFEST
SRC00121,K252076,https://www.accessdata.fda.gov/cdrh_docs/pdf25/K252076.pdf,510k_summary_pdf,7736929309cc22b1eaa7fd6c2c71be463e8c47a79e81fd8279f34c3a6d9676df,ebccd57f38e2ebacf927e42919a2c07d14360700b55f0f55752f311200bfc86a,2026-06-30T13:09:24+00:00,success,LEGACY_SOURCE_MANIFEST
SRC00122,K251218,https://www.accessdata.fda.gov/scripts/cdrh/cfdocs/cfpmn/pmn.cfm?ID=K251218,fda_database_entry_html,cdc1a05d2d9f851c7c5738cfce8d26f4de1a2275ea1355a7cf531cc1122f96c1,685604f40b8e1bdc3b0e6033b3632959f7a66d2098e6a1de069e6613f7a37fa5,2026-06-30T13:09:23+00:00,success,LEGACY_SOURCE_MANIFEST
SRC00123,K251218,https://www.accessdata.fda.gov/cdrh_docs/pdf25/K251218.pdf,510k_summary_pdf,9b066b43c162f5c141c57b0b7b1cb9e1e422c9cee9e46865e2a45a1e1693b21f,ac7decfa6c0c0d35f729418e769ac33d2b29ba2ecd40a764b10e5dafe62200eb,2026-06-30T13:09:25+00:00,success,LEGACY_SOURCE_MANIFEST
SRC00124,K243348,https://www.accessdata.fda.gov/scripts/cdrh/cfdocs/cfpmn/pmn.cfm?ID=K243348,fda_database_entry_html,e6479e1e83a81f3bcf5ed98f5e1bbbde06352eef796ac39689dd143d3079077d,0c7abc3725431bc6edf549c45e54e7d58e2cfb6ee00d6e4a24824785c9f47d8e,2026-06-30T13:09:29+00:00,success,LEGACY_SOURCE_MANIFEST
SRC00125,K243348,https://www.accessdata.fda.gov/cdrh_docs/pdf24/K243348.pdf,510k_summary_pdf,4899576fdc0d5dc161a59398be628caa48cb249cc987f55369b5e0263a1189fd,42c6f0b59b07118c929d0ffd815b03f31a4ebcb885b6c23cecacd98d9e0a3633,2026-06-30T13:09:34+00:00,success,LEGACY_SOURCE_MANIFEST
SRC00126,K243348,http://www.accessdata.fda.gov/cdrh_docs/reviews/K243348.pdf,510k_summary_pdf,4899576fdc0d5dc161a59398be628caa48cb249cc987f55369b5e0263a1189fd,42c6f0b59b07118c929d0ffd815b03f31a4ebcb885b6c23cecacd98d9e0a3633,2026-06-30T13:09:46+00:00,success,LEGACY_SOURCE_MANIFEST
SRC00127,K251474,https://www.accessdata.fda.gov/scripts/cdrh/cfdocs/cfpmn/pmn.cfm?ID=K251474,fda_database_entry_html,c06991cde68ea09e7600bd7b38c68232ab087e726d5bb275bbdaeb1308667509,ba8a50688d7b3a770ee31af65f113f69fc9dc3ac73f0828c9c3d7c10aacd960d,2026-06-30T13:09:35+00:00,success,LEGACY_SOURCE_MANIFEST
SRC00128,K251474,https://www.accessdata.fda.gov/cdrh_docs/pdf25/K251474.pdf,510k_summary_pdf,28d675d8f7801098b5c9335d85399ce20f5aa8ed6cc9bf25b39eee43d5639369,c18f14dae58eea64b0cb3dab0bb790acfeef56ff94ad114bac96fd97ed021c48,2026-06-30T13:09:41+00:00,success,LEGACY_SOURCE_MANIFEST
SRC00129,K253780,https://www.accessdata.fda.gov/scripts/cdrh/cfdocs/cfpmn/pmn.cfm?ID=K253780,fda_database_entry_html,9c67a1cf79e65083c4da41114f31bf060c14dc2ab5d2589cb4fa0528d189177a,4b8369631624089a714007d85db8bd74ee23b9b62d4280da72bcfcb4c6b7f679,2026-06-30T13:09:44+00:00,success,LEGACY_SOURCE_MANIFEST
SRC00130,K253780,https://www.accessdata.fda.gov/cdrh_docs/pdf25/K253780.pdf,510k_summary_pdf,a28f31f76c6b4ff18dba2c7d49f3d72f26923b182f7cd881b8f4468c9a9db77f,f7a1dffcd21c0c5e130e584e65843f5b45b19ecc560af8a79b8a608379d0566e,2026-06-30T13:09:45+00:00,success,LEGACY_SOURCE_MANIFEST
SRC00131,K253779,https://www.accessdata.fda.gov/scripts/cdrh/cfdocs/cfpmn/pmn.cfm?ID=K253779,fda_database_entry_html,aff0f25a48d3e0b02de17881ddc15b5c00aa6f2a2d2aabaca2f2c73266287cc7,9045491920d8f78b5c2824b77edc55eb802dc8d32726ffe554c72862fe3bd673,2026-06-30T13:09:46+00:00,success,LEGACY_SOURCE_MANIFEST
SRC00132,K253779,https://www.accessdata.fda.gov/cdrh_docs/pdf25/K253779.pdf,510k_summary_pdf,7f3216a1e8628ea38665d08d9b9cdd5bcc6f77df4a7aa27c828b6d89217447dd,e7d29d44790dde6d34a0aad2d02038608bb8c813bd9a64fea8f5124828ca5769,2026-06-30T13:09:49+00:00,success,LEGACY_SOURCE_MANIFEST
SRC00133,K260104,https://www.accessdata.fda.gov/scripts/cdrh/cfdocs/cfpmn/pmn.cfm?ID=K260104,fda_database_entry_html,ea4c6db1e67263824582fa3aaff3bac6c2c04d72c34a93fffeba46ecaee71ba1,b0156aad67747531fff2f9badd013facab4dc289cf437a8f52264a209d288a60,2026-06-30T13:09:48+00:00,success,LEGACY_SOURCE_MANIFEST
SRC00134,K260104,https://www.accessdata.fda.gov/cdrh_docs/pdf26/K260104.pdf,510k_summary_pdf,3f1a65f217af53b82be677070cd00aca91cdff4a52ca247de9540383839e6a27,d1fc31abbf2e21064865b377f7bf8e6db2c1a8b8d7d16fa9e6ef1075b0387887,2026-06-30T13:09:50+00:00,success,LEGACY_SOURCE_MANIFEST
SRC00135,K251200,https://www.accessdata.fda.gov/scripts/cdrh/cfdocs/cfpmn/pmn.cfm?ID=K251200,fda_database_entry_html,0c9d271b1d3a7ee72771fc1f79f041f7af61e9df8242eedcedba9c40d8b9cbde,4574d158aefb2b3a3c079b590cb91f81b253b1a1632858d3862a7b045f809ba0,2026-06-30T13:09:53+00:00,success,LEGACY_SOURCE_MANIFEST
SRC00136,K251200,https://www.accessdata.fda.gov/cdrh_docs/pdf25/K251200.pdf,510k_summary_pdf,0aac85089bbdfd9897ffb322856c1c2d2ad19b77d301c5b619db69572587cc1c,390c9845475845b2d4f409082bf2011095daaedb33d1a641c3633f4147356549,2026-06-30T13:09:57+00:00,success,LEGACY_SOURCE_MANIFEST
SRC00137,K251769,https://www.accessdata.fda.gov/scripts/cdrh/cfdocs/cfpmn/pmn.cfm?ID=K251769,fda_database_entry_html,1d4c5e4f0769b53be1dff1c52051dfb9aa1c3fe7978a570f83cf63ce06675f51,d2a97ee623588bbe304cc17746bc6f4d174d0d83b0892b232d3faeb1a30990e9,2026-06-30T13:09:55+00:00,success,LEGACY_SOURCE_MANIFEST
SRC00138,K251769,https://www.accessdata.fda.gov/cdrh_docs/pdf25/K251769.pdf,510k_summary_pdf,6b953b8bd9cfb58e8eecf9ec2f4aafeff7ab6a5c973901342fe6d13aa6633798,e94d526392adf58b375c1bde7903d7b4092bf819c430fb69a907d1c3018f43f1,2026-06-30T13:09:57+00:00,success,LEGACY_SOURCE_MANIFEST
SRC00139,K252091,https://www.accessdata.fda.gov/scripts/cdrh/cfdocs/cfpmn/pmn.cfm?ID=K252091,fda_database_entry_html,d58a2954b647e71109b293651ce1a4a66f02172b34307759397319590a1c2359,33dffdfb549b73f19d9a58c2a2c738be83404db2f37d99aed485d43984d80fa6,2026-06-30T13:09:58+00:00,success,LEGACY_SOURCE_MANIFEST
SRC00140,K252091,https://www.accessdata.fda.gov/cdrh_docs/pdf25/K252091.pdf,510k_summary_pdf,d99b7602b94fb91e0ecb4edb2fa1785f962723baa1c4c7e35cf770a8093949b6,5d97f07465a52a24aac5ab3a4f15a9abe3e4756b53e0ef0a2f913240ba9d2440,2026-06-30T13:10:01+00:00,success,LEGACY_SOURCE_MANIFEST
SRC00141,K252496,https://www.accessdata.fda.gov/scripts/cdrh/cfdocs/cfpmn/pmn.cfm?ID=K252496,fda_database_entry_html,90d4ae4b2f0847f9bf22d3ffda20757558c42364d9d497ad30e418f6f87cdda0,2f3651f4cc126f7a57980093eb6cb43f9d6905d576d317bfee61fc774ff4dda6,2026-06-30T13:10:02+00:00,success,LEGACY_SOURCE_MANIFEST
SRC00142,K252496,https://www.accessdata.fda.gov/cdrh_docs/pdf25/K252496.pdf,510k_summary_pdf,8db14a78040f438fa8e1df61104e7c78c5130d3b48e60b572cc1eed3eaeb5ae5,ba3036384c78714d9f2bdc8f6bc0fb589672d836786d283c73d6fdd73c39aa4c,2026-06-30T13:10:04+00:00,success,LEGACY_SOURCE_MANIFEST
SRC00143,K251306,https://www.accessdata.fda.gov/scripts/cdrh/cfdocs/cfpmn/pmn.cfm?ID=K251306,fda_database_entry_html,ab7d8d9f8fdf3bddc87ce5eb6b9d45cbef922134c745c6caef504699883493cc,8f2464e0e7b2a25f8a2f035e1baccaaf39295e304162b9676d567b17f3c8bb0c,2026-06-30T13:10:06+00:00,success,LEGACY_SOURCE_MANIFEST
SRC00144,K251306,https://www.accessdata.fda.gov/cdrh_docs/pdf25/K251306.pdf,510k_summary_pdf,3abe4055b156b3b30178013ebc4212aede2aa88e092ba158022845d6f728298a,758e72826a2a966b073f1fe8ea6ae5f604680b3bb5258d0905ba8a8464e8abc7,2026-06-30T13:10:09+00:00,success,LEGACY_SOURCE_MANIFEST
SRC00145,K251195,https://www.accessdata.fda.gov/scripts/cdrh/cfdocs/cfpmn/pmn.cfm?ID=K251195,fda_database_entry_html,2aa3f6888ddb140e64855a78f9a28967d16eb7985a94449f150fc6f8c8069274,d193f7f188ecc438b6589d86e78691b9338a754c151e56f932c0c61114830426,2026-06-30T13:10:16+00:00,success,LEGACY_SOURCE_MANIFEST
SRC00146,K251195,https://www.accessdata.fda.gov/cdrh_docs/pdf25/K251195.pdf,510k_summary_pdf,86e11cbe6673ed5cf67481eb6370d80342306f274f7301de931a0508cae42f8b,f94b1209ca03acc22d4d03b40980444dbc7c623ddcb14b9d10867d0b1c704a6d,2026-06-30T13:10:19+00:00,success,LEGACY_SOURCE_MANIFEST
SRC00147,K243349,https://www.accessdata.fda.gov/scripts/cdrh/cfdocs/cfpmn/pmn.cfm?ID=K243349,fda_database_entry_html,043e2120ae95fa944a2c12c77074e03ba391b84fb96a4efb5d7432eb9362af19,fe4c2eacfad31b6a24e82c02945b766d6341ea04edae64def0bf924aebe5a698,2026-06-30T13:10:24+00:00,success,LEGACY_SOURCE_MANIFEST
SRC00148,K243349,https://www.accessdata.fda.gov/cdrh_docs/pdf24/K243349.pdf,510k_summary_pdf,5d866decdaf3666d6cbc9220a1ce4c579585a17c41c51bbf751a95941890fda3,86936131297367bd826cc8f1c8d2a66c3806e38b34d7ac5efd10f684d477a9a7,2026-06-30T13:10:31+00:00,success,LEGACY_SOURCE_MANIFEST
SRC00149,K251351,https://www.accessdata.fda.gov/scripts/cdrh/cfdocs/cfpmn/pmn.cfm?ID=K251351,fda_database_entry_html,6d05a677aeb7b9e4c88981c33fbb883a84355b84504db9da598e3775471d1f1f,1be0419ff696a199effbf4da84bdb172576fa4dfed5f420f078b77c1a1743768,2026-06-30T13:10:35+00:00,success,LEGACY_SOURCE_MANIFEST
SRC00150,K251351,https://www.accessdata.fda.gov/cdrh_docs/pdf25/K251351.pdf,510k_summary_pdf,66e4112c9112da90424828f14dd3ce8e91038a4f1a09ef57443acbb1c11eaf78,e85795a5e5370a3cc90ed091661744f9b7e8562837d43d243693fb75f828d966,2026-06-30T13:10:38+00:00,success,LEGACY_SOURCE_MANIFEST
SRC00151,K252984,https://www.accessdata.fda.gov/scripts/cdrh/cfdocs/cfpmn/pmn.cfm?ID=K252984,fda_database_entry_html,a9b8d9212d9bf32e837b0fc736643af14e506578e036baf0d2071d6b6df990a8,f02104bd1b749d7fcc491a651fb9cc11ed8cfc610aaa9bb60b3ec07d76107820,2026-06-30T13:10:42+00:00,success,LEGACY_SOURCE_MANIFEST
SRC00152,K252984,https://www.accessdata.fda.gov/cdrh_docs/pdf25/K252984.pdf,510k_summary_pdf,54ef908cb58f48e80ccf272897d41c0c447b11bbb52ad94ba0b52b141a90f0fd,933e33ba617de09b4fceea60cdd46e029c9849a89249d4a9bf7ac245a067e000,2026-06-30T13:10:45+00:00,success,LEGACY_SOURCE_MANIFEST
SRC00153,K251511,https://www.accessdata.fda.gov/scripts/cdrh/cfdocs/cfpmn/pmn.cfm?ID=K251511,fda_database_entry_html,1b6ffb735a3be8ecb69c31bf9679728b98d730edf9e38a13726b394c8c18948e,b9061f7a9c05910d8657960d3d3339be1ead3848184082d0de5191c6f290558a,2026-06-30T13:10:48+00:00,success,LEGACY_SOURCE_MANIFEST
SRC00154,K251511,https://www.accessdata.fda.gov/cdrh_docs/pdf25/K251511.pdf,510k_summary_pdf,cc98d46e7066d22516405a5f167b0884487ede11f8b9de3f0f416a9db927f58f,7f35f36bc01714f23c5a07293fd90302a198b698492a5cf62f98b661224c28e6,2026-06-30T13:11:04+00:00,success,LEGACY_SOURCE_MANIFEST
SRC00155,K251511,http://www.accessdata.fda.gov/cdrh_docs/reviews/K251511.pdf,510k_summary_pdf,cc98d46e7066d22516405a5f167b0884487ede11f8b9de3f0f416a9db927f58f,7f35f36bc01714f23c5a07293fd90302a198b698492a5cf62f98b661224c28e6,2026-06-30T13:11:11+00:00,success,LEGACY_SOURCE_MANIFEST
SRC00156,K253735,https://www.accessdata.fda.gov/scripts/cdrh/cfdocs/cfpmn/pmn.cfm?ID=K253735,fda_database_entry_html,6a37b0525f9b14bdc30b35e315c305504003470434ab719c249667e7c24932ce,f5764209e6603e3aad24ae5495b2fc1fcdd78c9b2192ac70027286193f48e122,2026-06-30T13:10:55+00:00,success,LEGACY_SOURCE_MANIFEST
SRC00157,K253735,https://www.accessdata.fda.gov/cdrh_docs/pdf25/K253735.pdf,510k_summary_pdf,db4940c2fb259dc7094df8128e6c05aba744352ce47ca005e0d3dce796e71f60,d71486a38d0e25d92f26c7ff32cff53d0bcaba142fb7b1c6f313200dc0bcf23c,2026-06-30T13:11:02+00:00,success,LEGACY_SOURCE_MANIFEST
SRC00158,K253057,https://www.accessdata.fda.gov/scripts/cdrh/cfdocs/cfpmn/pmn.cfm?ID=K253057,fda_database_entry_html,b811642fb7d5b230ba49a94085cd09c2c0738c7126ac7d1d0b3964ff3888d347,bf323606ffc9011e4ef8651d8f59c4e1ccff62ba2e2a9f81a6402755fe481307,2026-06-30T13:11:09+00:00,success,LEGACY_SOURCE_MANIFEST
SRC00159,K253057,https://www.accessdata.fda.gov/cdrh_docs/pdf25/K253057.pdf,510k_summary_pdf,1b68fb50e042afe04e0bd721be5e7c87510f96c859e96b4a7b09a092515b8ec0,4c89ae364d295e0d7374e7dcbf024ce582ce5451768af5a6144005f88213fb93,2026-06-30T13:11:11+00:00,success,LEGACY_SOURCE_MANIFEST
SRC00160,K253173,https://www.accessdata.fda.gov/scripts/cdrh/cfdocs/cfpmn/pmn.cfm?ID=K253173,fda_database_entry_html,4f8c710c98f4034063dcb3a323c97f0ddb00d64b15c3a60923967a7916d82280,39c49a6cc4fac78d98f2c21a301be0df86dd4111ba8a9905b0ccc13f5aa586b7,2026-06-30T13:11:10+00:00,success,LEGACY_SOURCE_MANIFEST
SRC00161,K253173,https://www.accessdata.fda.gov/cdrh_docs/pdf25/K253173.pdf,510k_summary_pdf,f5948933ce04d43b5757bad8c2f70238dd2a1a158c2c5c5d8033b7541e1816cd,be318b4965a2f6e644c13676f275a46b9f141240d0f2f1d6a39ceedf63852114,2026-06-30T13:11:12+00:00,success,LEGACY_SOURCE_MANIFEST
SRC00162,K251934,https://www.accessdata.fda.gov/scripts/cdrh/cfdocs/cfpmn/pmn.cfm?ID=K251934,fda_database_entry_html,646a296c47baa28848f9bf8ac163124e91b5d7deb5414c7a43273ec0bb5dfde6,128686e37c13c75bd38eaceca277098e6ec1d874b9fe346ce7d84bbaad1ae090,2026-06-30T13:11:11+00:00,success,LEGACY_SOURCE_MANIFEST
SRC00163,K251934,https://www.accessdata.fda.gov/cdrh_docs/pdf25/K251934.pdf,510k_summary_pdf,baf2dff54db6d77e35a252852a5414343f2aea3ea73b39c5ac17b4405f4f1838,6715b1fc8bf5cc605179e5f12be7ad01af9d915ba0b5d99dbdb60bc2efe6a5d2,2026-06-30T13:11:14+00:00,success,LEGACY_SOURCE_MANIFEST
SRC00164,K252634,https://www.accessdata.fda.gov/scripts/cdrh/cfdocs/cfpmn/pmn.cfm?ID=K252634,fda_database_entry_html,1a5b9fe3548c3d5000ffa73f02da53c5f664b0ce1de22b715dc162b2a05ed1f8,106cc2b1c72d51ba9a91d51b638bed9c27ac50c6099e7acda0d8270d90537ba0,2026-06-30T13:11:20+00:00,success,LEGACY_SOURCE_MANIFEST
SRC00165,K252634,https://www.accessdata.fda.gov/cdrh_docs/pdf25/K252634.pdf,510k_summary_pdf,6109c513f349b3e5cba33341a01d9cfa79af7e611b51b7487ced67aa1e8dd07b,5aa0eee8f76d094661efebaf88b8e8b2949670ae7db99140cdc16ba67d6cb4e4,2026-06-30T13:11:22+00:00,success,LEGACY_SOURCE_MANIFEST
SRC00166,K252934,https://www.accessdata.fda.gov/scripts/cdrh/cfdocs/cfpmn/pmn.cfm?ID=K252934,fda_database_entry_html,c3fdbb552940b1041876f04835e6d359d67990a2817497e00c3feed9fe284b88,68ef9ded2f3b00616987369f6f72e96ba70c2fac9f78d542ed6b65b12c386479,2026-06-30T13:11:22+00:00,success,LEGACY_SOURCE_MANIFEST
SRC00167,K252934,https://www.accessdata.fda.gov/cdrh_docs/pdf25/K252934.pdf,510k_summary_pdf,cede4702099f72d60cebb3917a72bf802929bc5b8a4be9757cff1e89fcedf146,fa4ab2a041a7ec7f8ee98e9e86dfff848de7d5a5bbe9b5213e1aa3665548446b,2026-06-30T13:11:24+00:00,success,LEGACY_SOURCE_MANIFEST
SRC00168,K253023,https://www.accessdata.fda.gov/scripts/cdrh/cfdocs/cfpmn/pmn.cfm?ID=K253023,fda_database_entry_html,97bdf899b29d31bc5597e2a8a061f4ff6e4e5e726275299bc5c2c0ec610c50b0,90b7e5619f33e51570f743384c72e7f656fb2790eaa4796f3511201f0042c642,2026-06-30T13:11:23+00:00,success,LEGACY_SOURCE_MANIFEST
SRC00169,K253023,https://www.accessdata.fda.gov/cdrh_docs/pdf25/K253023.pdf,510k_summary_pdf,e926b9f671276728bfcd6375ae0849f96dd4f9132a3d9ed31044019105e25401,fe5ac0cbfb2fa8c8579acc835e070ecc672e1cdac075431d66e524674241d75f,2026-06-30T13:11:28+00:00,success,LEGACY_SOURCE_MANIFEST
SRC00170,K252188,https://www.accessdata.fda.gov/scripts/cdrh/cfdocs/cfpmn/pmn.cfm?ID=K252188,fda_database_entry_html,84b81dc4ac932bd91286ff6798b3d543e8ecd075b246fab5fe908c801e6d7405,260e044e34b4d3b8b2320be5167d4e381fb81f910e52b5d36148fcc84014e813,2026-06-30T13:11:25+00:00,success,LEGACY_SOURCE_MANIFEST
SRC00171,K252188,https://www.accessdata.fda.gov/cdrh_docs/pdf25/K252188.pdf,510k_summary_pdf,3a09ee9357491b9ffa6f08e50e82954a32fd4f8c7ae5c21eda3a4d3084ffc52a,c95324d29abb5056accb5d93e35b232d2b8be5fef400756e62f04d7c4b007d3c,2026-06-30T13:11:28+00:00,success,LEGACY_SOURCE_MANIFEST
SRC00172,K254001,https://www.accessdata.fda.gov/scripts/cdrh/cfdocs/cfpmn/pmn.cfm?ID=K254001,fda_database_entry_html,7fee17730279237f8e8c78534abd5fa4d45f62f482a4ced0548e2dee673a3593,15172f535501f3cfb040c38a87ae83e80d38194c790520291c5831c5bcb22836,2026-06-30T13:11:33+00:00,success,LEGACY_SOURCE_MANIFEST
SRC00173,K254001,https://www.accessdata.fda.gov/cdrh_docs/pdf25/K254001.pdf,510k_summary_pdf,37690b0fe63e609cbd255b8eb4064222d78046858ca36bf7999586d1df983b02,69d9f0f69a93b2104be7d9a115a125760a4cbd64c6f4f948bbc3c20b4ddb1ff0,2026-06-30T13:11:37+00:00,success,LEGACY_SOURCE_MANIFEST
SRC00174,K251558,https://www.accessdata.fda.gov/scripts/cdrh/cfdocs/cfpmn/pmn.cfm?ID=K251558,fda_database_entry_html,3c822783934666c9ac2eb7e7786368418c0ad40ef8e6d7af6630588979d86cd6,63fd42d0dd3c1e5fc268b335bd82841e641478408126509240d80a7451890e39,2026-06-30T13:11:34+00:00,success,LEGACY_SOURCE_MANIFEST
SRC00175,K251558,https://www.accessdata.fda.gov/cdrh_docs/pdf25/K251558.pdf,510k_summary_pdf,d9b2127785c17551d7ff7ee71436be68803b3337a69d27714ee1cb1a753a741d,b0046001e488c802d6499c14fd0903e3512209c5b72f5c7956c5537d4cc48a65,2026-06-30T13:11:37+00:00,success,LEGACY_SOURCE_MANIFEST
SRC00176,K252842,https://www.accessdata.fda.gov/scripts/cdrh/cfdocs/cfpmn/pmn.cfm?ID=K252842,fda_database_entry_html,adbe4a2432168cb9368070d47d126382351768df712c2f2b9b9f0ab2a38859ac,83ec3847316e7f76ee41c266f6fa4c358eef33efb0bc470b77b0b79267c7a2f4,2026-06-30T13:11:37+00:00,success,LEGACY_SOURCE_MANIFEST
SRC00177,K252842,https://www.accessdata.fda.gov/cdrh_docs/pdf25/K252842.pdf,510k_summary_pdf,d4fa534522920e2b47880880848342d31dde0dc67c3511b3faa9fae2e6c02eec,0ce66811d7adbe6d1c226dc4bc63dc8298c30f42a0641dce8ca248f055970fd3,2026-06-30T13:11:42+00:00,success,LEGACY_SOURCE_MANIFEST
SRC00178,K252589,https://www.accessdata.fda.gov/scripts/cdrh/cfdocs/cfpmn/pmn.cfm?ID=K252589,fda_database_entry_html,84311a414b4d036cea0b67778dd4ecdcf61aafaee8166d93c5c7cd3443c141e4,6d350ca1337d49fbf33bc40006e00c418e6401c32e0a53604bd98ad63d17e1e6,2026-06-30T13:11:45+00:00,success,LEGACY_SOURCE_MANIFEST
SRC00179,K252589,https://www.accessdata.fda.gov/cdrh_docs/pdf25/K252589.pdf,510k_summary_pdf,261ebeb72bce58f6ebfca47affc3ef5e618483df7ce009ad5cdc6ddbc85af03b,2f032ed3216a2f7d5c5ae81b322063f04e0150843dbe47aa75211f818771a896,2026-06-30T13:11:49+00:00,success,LEGACY_SOURCE_MANIFEST
SRC00180,K253370,https://www.accessdata.fda.gov/scripts/cdrh/cfdocs/cfpmn/pmn.cfm?ID=K253370,fda_database_entry_html,f898792bf545361f655ff71945388f8e238df63c5f0a8a07fe0bc0e6be224a5e,8b6ba43e09b602ce6af3d8f86c9cb1f6803aa231c73b595e1894960b4780bdde,2026-06-30T13:11:50+00:00,success,LEGACY_SOURCE_MANIFEST
SRC00181,K253370,https://www.accessdata.fda.gov/cdrh_docs/pdf25/K253370.pdf,510k_summary_pdf,198bdfc224d3efb2b3364b08ccdc7e341a779606a93118ee02c70070f23469c3,b338d5bfb4d955d72a68156441f6807ca6c08ff0b2918aac65315a66bc41a7b2,2026-06-30T13:11:51+00:00,success,LEGACY_SOURCE_MANIFEST
SRC00182,K253009,https://www.accessdata.fda.gov/scripts/cdrh/cfdocs/cfpmn/pmn.cfm?ID=K253009,fda_database_entry_html,9ae4df92cc64a5723f3f51f796eee79a45f154178914f8f7ad14cbbd235cd886,2c07da2da2c980ef1e13d09606628151d18d4d3b886a7d8779694a77e06f255e,2026-06-30T13:11:52+00:00,success,LEGACY_SOURCE_MANIFEST
SRC00183,K253009,https://www.accessdata.fda.gov/cdrh_docs/pdf25/K253009.pdf,510k_summary_pdf,fd9bfa1c0e92f284c8a24adf19463db6d1fc56ac38ec66756d6689af00af569f,9a126368a9f92ed79f02e861351e569e1e3ad7c88f8562527dc02f7a3f91b239,2026-06-30T13:11:57+00:00,success,LEGACY_SOURCE_MANIFEST
SRC00184,K252970,https://www.accessdata.fda.gov/scripts/cdrh/cfdocs/cfpmn/pmn.cfm?ID=K252970,fda_database_entry_html,0659251521f989fdfa5ce0da79ee724962e4f2f22ca17dbe9274a12727ed41fe,7915a9d6315730717cef51a237154615da8c6e58150265c9c81961d75a656f5a,2026-06-30T13:12:10+00:00,success,LEGACY_SOURCE_MANIFEST
SRC00185,K252970,https://www.accessdata.fda.gov/cdrh_docs/pdf25/K252970.pdf,510k_summary_pdf,552b18fb56353c980532ceff8e9d9c84bcd13ad72d89e1c6b762e59fd5ab813c,6cb67ae8f31a04364865656c2a723a05f1dd58185745ae769a56dc3ab8e05a32,2026-06-30T13:12:13+00:00,success,LEGACY_SOURCE_MANIFEST
SRC00186,K253366,https://www.accessdata.fda.gov/scripts/cdrh/cfdocs/cfpmn/pmn.cfm?ID=K253366,fda_database_entry_html,1167643495563dfadcb516b0141a297be0a8809ac75c4878dd6cd3a1d29f5f21,45f98522bda6166854ba2abb49987433f9cfde244c35a376ac625cf656d04472,2026-06-30T13:12:17+00:00,success,LEGACY_SOURCE_MANIFEST
SRC00187,K253366,https://www.accessdata.fda.gov/cdrh_docs/pdf25/K253366.pdf,510k_summary_pdf,c6edadb1d8008c44268efc1e5742923212aedc1494735aac913f0b025850c74b,a34eafdd4d6abf4f711dc628fd4335d21979c3dbc971ed236bc49ef4b6bf55b2,2026-06-30T13:12:22+00:00,success,LEGACY_SOURCE_MANIFEST
SRC00188,K252018,https://www.accessdata.fda.gov/scripts/cdrh/cfdocs/cfpmn/pmn.cfm?ID=K252018,fda_database_entry_html,64422a13c75ed086237ec2efd6f4a01cb3597a33993b6e72c5274b04cc7ca0ed,e299d5c759ac975d0979c0bc35998a79d27454b84d6f42f5fafccf0c25c46a11,2026-06-30T13:12:32+00:00,success,LEGACY_SOURCE_MANIFEST
SRC00189,K252018,https://www.accessdata.fda.gov/cdrh_docs/pdf25/K252018.pdf,510k_summary_pdf,814242deda9367e9739c4efa242cfeb56f1c87310b64eea69252735ac1e5d87e,f260f8a1eb6274b8f990e4a985426ad012b86615a58ac83e6bed7c79217dd69a,2026-06-30T13:12:35+00:00,success,LEGACY_SOURCE_MANIFEST
SRC00190,K253532,https://www.accessdata.fda.gov/scripts/cdrh/cfdocs/cfpmn/pmn.cfm?ID=K253532,fda_database_entry_html,722f442b983061696f36357398cb31180e63958f42cfe10e4189c1c67d53fd82,da604c528f421dada2c46e79e6a7b909c9b701959010deb8632d588e2970968a,2026-06-30T13:12:38+00:00,success,LEGACY_SOURCE_MANIFEST
SRC00191,K253532,https://www.accessdata.fda.gov/cdrh_docs/pdf25/K253532.pdf,510k_summary_pdf,a52cb72dd296ca0973f61c8dad823fcd170434e83b44ab30f671d1fe8b5bc1a1,2d8d854a6c24949e0786861c968ae09771f4f27bc54b35c3619b9c1764b708d1,2026-06-30T13:12:43+00:00,success,LEGACY_SOURCE_MANIFEST
SRC00192,K252379,https://www.accessdata.fda.gov/scripts/cdrh/cfdocs/cfpmn/pmn.cfm?ID=K252379,fda_database_entry_html,0f9f7ec465e3f0eaad0ec9f8fe1b8ddafaed6a10f0d0e74bba847c763741ec84,920682fcd5a2424f3192b4b6ee7f0c83089764302127a5e41eea433db826f4cc,2026-06-30T13:12:43+00:00,success,LEGACY_SOURCE_MANIFEST
SRC00193,K252379,https://www.accessdata.fda.gov/cdrh_docs/pdf25/K252379.pdf,510k_summary_pdf,a924a2b96fa7975329d767fd7896fa39c5508acb0d582e2ca9c7ebe23d1ea2de,392eb0988065a0e5ef99e531ea7d93cc24821e8a79130571a014b08a86c852fd,2026-06-30T13:12:44+00:00,success,LEGACY_SOURCE_MANIFEST
SRC00194,K253091,https://www.accessdata.fda.gov/scripts/cdrh/cfdocs/cfpmn/pmn.cfm?ID=K253091,fda_database_entry_html,8e320594711f52151be6b62a73ffd070b9bff6ceeef817e6c8a8b3c36e03ffab,407cea583f8f1d47b95769d04942d59142c99310b5cd80a3994066708c1fe627,2026-06-30T13:12:59+00:00,success,LEGACY_SOURCE_MANIFEST
SRC00195,K253091,https://www.accessdata.fda.gov/cdrh_docs/pdf25/K253091.pdf,510k_summary_pdf,520abfd590ad651e65a6741c2d8e2445205df668b47af8c3ab03329ee824c37b,a81bb1ba9a482f634a105a2421c1438cf8b769fa823b32932dee69d0285631d3,2026-06-30T13:13:01+00:00,success,LEGACY_SOURCE_MANIFEST
SRC00196,K252856,https://www.accessdata.fda.gov/scripts/cdrh/cfdocs/cfpmn/pmn.cfm?ID=K252856,fda_database_entry_html,ad104ebe3e90fb04e82bdd240bc1ef91faabd12a4f3f40cd688764013af19583,27445387658249df8d5fe7e95a7ec5749860f7f4e674d515d322b21c83d82001,2026-06-30T13:13:00+00:00,success,LEGACY_SOURCE_MANIFEST
SRC00197,K252856,https://www.accessdata.fda.gov/cdrh_docs/pdf25/K252856.pdf,510k_summary_pdf,d3f51f59299219b22e6f8e9bcd051427edea9c78f15b7355d633f9cbd663612a,4a068d4cea0afef18ca77e534d43719041f821663ff0523fc0bd039e4b1f0854,2026-06-30T13:13:05+00:00,success,LEGACY_SOURCE_MANIFEST
SRC00198,K253664,https://www.accessdata.fda.gov/scripts/cdrh/cfdocs/cfpmn/pmn.cfm?ID=K253664,fda_database_entry_html,4ad148ae383e71ab1b7acbed509678f6b34d4de972b833795939d586895bc5ff,1e21cde99d38e2d6f5afe38ae263731cd30cc06ccf989a46e96b7728012708b1,2026-06-30T13:13:08+00:00,success,LEGACY_SOURCE_MANIFEST
SRC00199,K253664,https://www.accessdata.fda.gov/cdrh_docs/pdf25/K253664.pdf,510k_summary_pdf,d6ab7aea578a9ba034f0faf4070baa8c11cf12628b34bd8f8dd0172f72fbcae0,f63d969bca3a4259686145b791d28593413fa69e708b7977243e6a1d17b3e6a7,2026-06-30T13:13:15+00:00,success,LEGACY_SOURCE_MANIFEST
SRC00200,K250959,https://www.accessdata.fda.gov/scripts/cdrh/cfdocs/cfpmn/pmn.cfm?ID=K250959,fda_database_entry_html,3dd11d0a6010c66598acf8c4bf84d02bcb6bae18ac8a4d0b983a349e161875c2,c494c944e7d0687f2d9005aa14975ec60d10f2f919c8e819fc840ca69c27b217,2026-06-30T13:13:11+00:00,success,LEGACY_SOURCE_MANIFEST
SRC00201,K250959,https://www.accessdata.fda.gov/cdrh_docs/pdf25/K250959.pdf,510k_summary_pdf,b29b0732b9a2080672304672512993c3b18d331e0eeb0180b4f88d6257838b18,b8e9aed5e81972961c1b7a579b8bdf2553655763cf68c405e1aaef06fbbac6d8,2026-06-30T13:13:13+00:00,success,LEGACY_SOURCE_MANIFEST
SRC00202,K252557,https://www.accessdata.fda.gov/scripts/cdrh/cfdocs/cfpmn/pmn.cfm?ID=K252557,fda_database_entry_html,e2733b4e890458bbbdb4641ca77dd86bb4bcf82e97c90190174632eca16a91cd,e2126ed3c9ae112eb1f23a2110e89b55a9e1629afede19e712bd01c2b4eccbca,2026-06-30T13:13:19+00:00,success,LEGACY_SOURCE_MANIFEST
SRC00203,K252557,https://www.accessdata.fda.gov/cdrh_docs/pdf25/K252557.pdf,510k_summary_pdf,19f9aadc87e64c7dc1988bbd0af934c524b50c3fc659ae958478296437865f1b,e8dcff9c403acac7ffadc984e5ad58e96300edf58a4de6d605da05a5bc695265,2026-06-30T13:13:22+00:00,success,LEGACY_SOURCE_MANIFEST
SRC00204,K252670,https://www.accessdata.fda.gov/scripts/cdrh/cfdocs/cfpmn/pmn.cfm?ID=K252670,fda_database_entry_html,68572ba6b9ee8ccad1668880d40df144476cfcd4605686610e92234869ac4a0e,c245ce6e7d2c93e1418d41669989f9d703d58c7e94c758070517a75d1e815924,2026-06-30T13:13:25+00:00,success,LEGACY_SOURCE_MANIFEST
SRC00205,K252670,https://www.accessdata.fda.gov/cdrh_docs/pdf25/K252670.pdf,510k_summary_pdf,6e3427bcddeb11c37636f4a3f2209015c6f94efcc4450e8b79f7821f8f3af0d3,4980d4a870770c26ff0432942fc73a2a83610c91c8df6e98c8ee52970bacfa0d,2026-06-30T13:13:31+00:00,success,LEGACY_SOURCE_MANIFEST
SRC00206,K252284,https://www.accessdata.fda.gov/scripts/cdrh/cfdocs/cfpmn/pmn.cfm?ID=K252284,fda_database_entry_html,490969715942ddca14025e5c55d6bc7253bc0384a4a92a5714bd95be46a2dcb3,0f18bd320a2f0c512c49d46dd6b0126be7b40c366f6c697438927d5b83eaccd1,2026-06-30T13:13:36+00:00,success,LEGACY_SOURCE_MANIFEST
SRC00207,K252284,https://www.accessdata.fda.gov/cdrh_docs/pdf25/K252284.pdf,510k_summary_pdf,cea1fecb267402cb3e3f8aed17dfc15afd49c65cd295905648f87d223050f934,ae63896acb06ef96c42405399b68e8c159c683ffdb49677722a81594a75d4f06,2026-06-30T13:13:38+00:00,success,LEGACY_SOURCE_MANIFEST
SRC00208,K252838,https://www.accessdata.fda.gov/scripts/cdrh/cfdocs/cfpmn/pmn.cfm?ID=K252838,fda_database_entry_html,16883aadcd36f70657fab3cddb77cd7ab9b8afc58704d1f75702738d85a054be,c7dd877c6da57654e0c78b9f5cf3505e53258f560b95958b0059b737a2e198ec,2026-06-30T13:13:38+00:00,success,LEGACY_SOURCE_MANIFEST
SRC00209,K252838,https://www.accessdata.fda.gov/cdrh_docs/pdf25/K252838.pdf,510k_summary_pdf,73fbf4c310f0faa9db7863fc9fee621f934f6442515755ee9362356dfa971aca,a798309e1d63bc8f7686c5a24193af8010aa1897822f050c5d9b88a15108c312,2026-06-30T13:13:42+00:00,success,LEGACY_SOURCE_MANIFEST
SRC00210,K252029,https://www.accessdata.fda.gov/scripts/cdrh/cfdocs/cfpmn/pmn.cfm?ID=K252029,fda_database_entry_html,6e6655681433bf2e776f4e3a7b660cf1c631cf53027f1ffd35c24893be20975f,e1dfc224c90607d863df9398273a4e12fb8477764ef466e81a210419ce41fa68,2026-06-30T13:13:47+00:00,success,LEGACY_SOURCE_MANIFEST
SRC00211,K252029,https://www.accessdata.fda.gov/cdrh_docs/pdf25/K252029.pdf,510k_summary_pdf,d12ceba74a4bda66ba949a4bc4aaccde5e6555354f5f28079d0078242ba26525,713a2c98b0ed128cecee5b1afd9dc0902ebec8c3e530d8e04c38e58a2e7caf8f,2026-06-30T13:13:50+00:00,success,LEGACY_SOURCE_MANIFEST
SRC00212,K250914,https://www.accessdata.fda.gov/scripts/cdrh/cfdocs/cfpmn/pmn.cfm?ID=K250914,fda_database_entry_html,8e1efc3cb4f564bcd63a6e9c6c6649954fd6e1dc17664bb11d8e4865406544d5,720803c4c18c38f7ffc5e12ac0afa78c88c8c10bd0f1666a0f962a72ac6649de,2026-06-30T13:13:57+00:00,success,LEGACY_SOURCE_MANIFEST
SRC00213,K250914,https://www.accessdata.fda.gov/cdrh_docs/pdf25/K250914.pdf,510k_summary_pdf,613b35a86ff228d29d4c0134434aa5d7f494ed50386af0aa7e194fc7ec00aa3a,942adf4d374f77695ab4ec28b9d1110fdd1fe4556811d2973f382c4d7e936468,2026-06-30T13:14:01+00:00,success,LEGACY_SOURCE_MANIFEST
SRC00214,K253516,https://www.accessdata.fda.gov/scripts/cdrh/cfdocs/cfpmn/pmn.cfm?ID=K253516,fda_database_entry_html,92b4061393b763b1e10decad2dd3ade4a5eda191cd14e06a269489fc917f5d27,7efc21b4a816cda4e8276e4cc9eddf696613fdaaa3198f6bf53533346e52423c,2026-06-30T13:14:05+00:00,success,LEGACY_SOURCE_MANIFEST
SRC00215,K253516,https://www.accessdata.fda.gov/cdrh_docs/pdf25/K253516.pdf,510k_summary_pdf,a8d19c9b3d773804202ab246391b63bdd8d880bc17db6be9ae66bfb00b27ef7d,7dd7cfe3de24b2e8345dce827c55ae900ab40d0e04d5ff2aef007965de15aaa5,2026-06-30T13:14:07+00:00,success,LEGACY_SOURCE_MANIFEST
SRC00216,K252235,https://www.accessdata.fda.gov/scripts/cdrh/cfdocs/cfpmn/pmn.cfm?ID=K252235,fda_database_entry_html,c44efdc7bb6481a3bb8af27f699bd1302e28c7bc36734d34a84ebfebc1506ed5,8dcc64f7c97af22db699e4edaa32108e9c744087d5e9f0d051db43fa421cdcee,2026-06-30T13:14:24+00:00,success,LEGACY_SOURCE_MANIFEST
SRC00217,K252235,https://www.accessdata.fda.gov/cdrh_docs/pdf25/K252235.pdf,510k_summary_pdf,011728e999a4e6aede76d24cb58db34712a983727dd80b013c26e1afa6fe9adc,61e945f2a50d41303e60f652ea675843b1e3dc576ef607f639c9a669094c2dab,2026-06-30T13:14:32+00:00,success,LEGACY_SOURCE_MANIFEST
SRC00218,K251416,https://www.accessdata.fda.gov/scripts/cdrh/cfdocs/cfpmn/pmn.cfm?ID=K251416,fda_database_entry_html,a95ae55c86b2fd77953253e627dd72d6ac7ef677761e6ed684ae5b7c37083c55,20feda2edc9cc6606ebca15322a9e90740a12bfbe068cd410705a7e40f53fb8b,2026-06-30T13:14:30+00:00,success,LEGACY_SOURCE_MANIFEST
SRC00219,K251416,https://www.accessdata.fda.gov/cdrh_docs/pdf25/K251416.pdf,510k_summary_pdf,8819217f07b5620defe5efbe444137dbe0f6cf89ea1601229dd1321593b1314f,c6827308df4dbf7109a9d06ebc3cb73893bfa75f3e471c1ec964cacb14dc16f8,2026-06-30T13:14:33+00:00,success,LEGACY_SOURCE_MANIFEST
SRC00220,K252922,https://www.accessdata.fda.gov/scripts/cdrh/cfdocs/cfpmn/pmn.cfm?ID=K252922,fda_database_entry_html,750bd799bd7660ab8219fb6748f407c3858b281cef7298a46ddc2fbd08b27770,f7d2f35fa8a990f98a68d14815ce9ca47525bfbb56b460bab7c0752413d1a100,2026-06-30T13:14:36+00:00,success,LEGACY_SOURCE_MANIFEST
SRC00221,K252922,https://www.accessdata.fda.gov/cdrh_docs/pdf25/K252922.pdf,510k_summary_pdf,f22aa3d0ce26595c354297eebab02f0bd0a4d097ac529629f0d3fe022411c382,18db7abd8a789e7439b3a0c58453bea3da7759b189fdd01d18366c6ad4fdeedf,2026-06-30T13:14:37+00:00,success,LEGACY_SOURCE_MANIFEST
SRC00222,K251763,https://www.accessdata.fda.gov/scripts/cdrh/cfdocs/cfpmn/pmn.cfm?ID=K251763,fda_database_entry_html,027d2f3ed879d74a8285837ea45d878528ff4747df8a142a57ad1df77c628913,45c296ec95b4b0760fe55b4065f2e70e31facb1280a602b9dbee81e3270d244f,2026-06-30T13:14:40+00:00,success,LEGACY_SOURCE_MANIFEST
SRC00223,K251763,https://www.accessdata.fda.gov/cdrh_docs/pdf25/K251763.pdf,510k_summary_pdf,3d3f8b5010b67575d7a92cc83305225e7e360f1b6407094a7046bf8091dbdbf1,9fa7a480267cd98faff81c1baba759cd47dd9e36c9cabb37e1de817d063249df,2026-06-30T13:14:45+00:00,success,LEGACY_SOURCE_MANIFEST
SRC00224,K252204,https://www.accessdata.fda.gov/scripts/cdrh/cfdocs/cfpmn/pmn.cfm?ID=K252204,fda_database_entry_html,723884b7257e1ba458bd94c22fd704b089735cea97ac6b09595c2ebfa09e12fc,9c460c063724f4ae49ad7164099986828240fed74f0c474d0d0f5bce0df0aecf,2026-06-30T13:14:48+00:00,success,LEGACY_SOURCE_MANIFEST
SRC00225,K252204,https://www.accessdata.fda.gov/cdrh_docs/pdf25/K252204.pdf,510k_summary_pdf,c4973c90ec9561a2647d47ffa4038d4f07a25de2e585167b641b8575fb51364c,d5e819c3abe110c359aa6de4a819d6f6845885d332f01d27dd32d6860b0c10e3,2026-06-30T13:14:53+00:00,success,LEGACY_SOURCE_MANIFEST
SRC00226,K253489,https://www.accessdata.fda.gov/scripts/cdrh/cfdocs/cfpmn/pmn.cfm?ID=K253489,fda_database_entry_html,3b951c0fcd5f5e572d1fba9d9307e3474d27c1251185a46627b1cbd65e16f7cc,501ca9f17c6eafcf6ada377617db0158285e640349574f74161224d57027be0f,2026-06-30T13:15:06+00:00,success,LEGACY_SOURCE_MANIFEST
SRC00227,K253489,https://www.accessdata.fda.gov/cdrh_docs/pdf25/K253489.pdf,510k_summary_pdf,a0910fec5fabba38611df83316e3990d5765f940a4f2726005e84d5b7381c8d0,787b9309fa47c0f49ed1f492704d9ce49a815a6dac6f499eec17594a2ce09788,2026-06-30T13:15:09+00:00,success,LEGACY_SOURCE_MANIFEST
SRC00228,K252482,https://www.accessdata.fda.gov/scripts/cdrh/cfdocs/cfpmn/pmn.cfm?ID=K252482,fda_database_entry_html,86b5606bd11704ab34271f58e02570e344461ad2b0d15ec5da5c3d57f81fed86,04a18d66c8ad40e3af94a86df120d6a20cc857c30adc54402efc175069635975,2026-06-30T13:15:19+00:00,success,LEGACY_SOURCE_MANIFEST
SRC00229,K252482,https://www.accessdata.fda.gov/cdrh_docs/pdf25/K252482.pdf,510k_summary_pdf,da3ecf983732a09bceb2a47b90af1f787d1bd284121f482a9bb1f66a9dd6d03b,adeed0dc7b210dff6183d967a9633a3869be68071a3f45ff2626263960f4393f,2026-06-30T13:15:23+00:00,success,LEGACY_SOURCE_MANIFEST
SRC00230,K253141,https://www.accessdata.fda.gov/scripts/cdrh/cfdocs/cfpmn/pmn.cfm?ID=K253141,fda_database_entry_html,7852b8b2c8e2ba6eea4d261513e71b127f649afd85b4add9b165508a81d8616b,66aa7e51190d7a56119b07ff079d876ee490c134a31a2fa2c90fefd29fa4b788,2026-06-30T13:15:21+00:00,success,LEGACY_SOURCE_MANIFEST
SRC00231,K253141,https://www.accessdata.fda.gov/cdrh_docs/pdf25/K253141.pdf,510k_summary_pdf,a5bf66658d01f5fb9e2b29bdc9462a71eb8e91886cfa8c834074ef15fb8850cc,d713c14ed089d64b10b6bd69d92a52bbb62c7e17fa6b099372791350f8352e7a,2026-06-30T13:15:24+00:00,success,LEGACY_SOURCE_MANIFEST
SRC00232,K252497,https://www.accessdata.fda.gov/scripts/cdrh/cfdocs/cfpmn/pmn.cfm?ID=K252497,fda_database_entry_html,3c329f0095badc24cc8a2b6bbce0ff9b0093ae337442bb63f043a3df82a812ee,dab098b78c88adb57568dbbed5d46afe7e5de1bbf9574b4c8617b51d467df381,2026-06-30T13:15:29+00:00,success,LEGACY_SOURCE_MANIFEST
SRC00233,K252497,https://www.accessdata.fda.gov/cdrh_docs/pdf25/K252497.pdf,510k_summary_pdf,a48a24404b796d3b73b4ad2b61cb3813e001f893b62531800eeb4db769226c87,ae29d37f9e7f61b8bdc548f393c3b8aa7808d5bdb5551f4958755b5b24149393,2026-06-30T13:15:30+00:00,success,LEGACY_SOURCE_MANIFEST
SRC00234,K243449,https://www.accessdata.fda.gov/scripts/cdrh/cfdocs/cfpmn/pmn.cfm?ID=K243449,fda_database_entry_html,fa63b413964cb3225579c7c1c5d3760f879985a50d3beb3bef612f1091d521d2,f2ac1b073a7a3ec346982cddc7b93f7d3dfcf7f9c829afe178ba73c63046235c,2026-06-30T13:15:30+00:00,success,LEGACY_SOURCE_MANIFEST
SRC00235,K243449,https://www.accessdata.fda.gov/cdrh_docs/pdf24/K243449.pdf,510k_summary_pdf,54d121396bfbe48bfcaf80850a7af7f12e6dbcfe8b7175376629851d250828fc,b0165908335efb8e5f63993dff7bfdd6171c11d4d1f501f4c3a6194810841c60,2026-06-30T13:15:31+00:00,success,LEGACY_SOURCE_MANIFEST
SRC00236,K243449,http://www.accessdata.fda.gov/cdrh_docs/reviews/K243449.pdf,510k_summary_pdf,54d121396bfbe48bfcaf80850a7af7f12e6dbcfe8b7175376629851d250828fc,b0165908335efb8e5f63993dff7bfdd6171c11d4d1f501f4c3a6194810841c60,2026-06-30T13:15:39+00:00,success,LEGACY_SOURCE_MANIFEST
SRC00237,K252294,https://www.accessdata.fda.gov/scripts/cdrh/cfdocs/cfpmn/pmn.cfm?ID=K252294,fda_database_entry_html,7766105b6fe6d73f0d0942396cadcb34868688de2e147c669d98f247515e9ca1,705fdea19405b7104f4df0fa47dce9daca986808a53017c2af96e39c2248fcbe,2026-06-30T13:15:36+00:00,success,LEGACY_SOURCE_MANIFEST
SRC00238,K252294,https://www.accessdata.fda.gov/cdrh_docs/pdf25/K252294.pdf,510k_summary_pdf,caaa4536ae5891334b94c5e08890eeebe12b08646cab652a7ee13b026a6f25c0,f706f431d52754fef4343eeb9a29e4238acb408a13ee3d7358d70218bb35950a,2026-06-30T13:15:39+00:00,success,LEGACY_SOURCE_MANIFEST
SRC00239,K251936,https://www.accessdata.fda.gov/scripts/cdrh/cfdocs/cfpmn/pmn.cfm?ID=K251936,fda_database_entry_html,6ed091e883f65975c8ad222c7eef3c615d61222191694ba10cc916c37e511757,12c39d6ba195ecf3b0cb12ef08a57eb759841a7bdf83d7f6daa77e859f8a271a,2026-06-30T13:15:37+00:00,success,LEGACY_SOURCE_MANIFEST
SRC00240,K251936,https://www.accessdata.fda.gov/cdrh_docs/pdf25/K251936.pdf,510k_summary_pdf,964737d0b892269504354d07b21989f499b7b88451a70278b8af0259d4a7ec92,5b47ec087c996c47bb6d488ea212c7e4ed6e028655b1501baad72340922e564d,2026-06-30T13:15:40+00:00,success,LEGACY_SOURCE_MANIFEST
SRC00241,K251657,https://www.accessdata.fda.gov/scripts/cdrh/cfdocs/cfpmn/pmn.cfm?ID=K251657,fda_database_entry_html,3731ae9746581bac5ce62b62d2798dbc63a6eb5cc82e32a4863c3d0515d22c72,3aa8c3b0070757fe8caa80913490114eb60c8ee94de6e1e226ec6fa9e5bf89c9,2026-06-30T13:15:39+00:00,success,LEGACY_SOURCE_MANIFEST
SRC00242,K251657,https://www.accessdata.fda.gov/cdrh_docs/pdf25/K251657.pdf,510k_summary_pdf,40959b926f552742d9add82a5f517591ecd1169fc09cd42d093418b620542f7b,3e732b16ec9ac23b8ba78f6945b295a09a7e88965fd8bcae7f273c0637b2ad09,2026-06-30T13:15:43+00:00,success,LEGACY_SOURCE_MANIFEST
SRC00243,K250780,https://www.accessdata.fda.gov/scripts/cdrh/cfdocs/cfpmn/pmn.cfm?ID=K250780,fda_database_entry_html,701952fa7760e4e7837f498852c4d93d4f87617038085ef3dd16aec386a4b374,50bcc29fb4ba3187e0001e8f7cb853036a2aa594751e83d673c03fedddf99b90,2026-06-30T13:15:44+00:00,success,LEGACY_SOURCE_MANIFEST
SRC00244,K250780,https://www.accessdata.fda.gov/cdrh_docs/pdf25/K250780.pdf,510k_summary_pdf,d442ebf22c15563ddf6bf7e4051b005c540842c7e282a39cdff7c56f30080ffd,eabaf1014c6e0f331692c0bfca51047fd26a320fb54b3c2b3c73506968a6ddd3,2026-06-30T13:15:46+00:00,success,LEGACY_SOURCE_MANIFEST
SRC00245,K251514,https://www.accessdata.fda.gov/scripts/cdrh/cfdocs/cfpmn/pmn.cfm?ID=K251514,fda_database_entry_html,a93a3c14c57fb5745d6842b264c95cece54bdd49719aaef2258a3bde1f392c4b,9476cc76fcce0a9440e2249d637f4cd17f546f199573ce0deac007628b6224fb,2026-06-30T13:15:50+00:00,success,LEGACY_SOURCE_MANIFEST
SRC00246,K251514,https://www.accessdata.fda.gov/cdrh_docs/pdf25/K251514.pdf,510k_summary_pdf,c7100e5560a2fbafe7641a2a518e7e2a096879e23f497ef8eb0629c039483a46,ee9c07855d01be523a430eb92414fc8250319d16936e01b7fce2d38d3a219115,2026-06-30T13:15:51+00:00,success,LEGACY_SOURCE_MANIFEST
SRC00247,K252504,https://www.accessdata.fda.gov/scripts/cdrh/cfdocs/cfpmn/pmn.cfm?ID=K252504,fda_database_entry_html,8d431bb4905751068995e4a67e941d4f4c1535880e365c569ac284eccb1d0b1b,91b8951967b14b64e7ee751e10cf7a7f5415e64bc6ef1d9218554f2fb6b97f61,2026-06-30T13:15:51+00:00,success,LEGACY_SOURCE_MANIFEST
SRC00248,K252504,https://www.accessdata.fda.gov/cdrh_docs/pdf25/K252504.pdf,510k_summary_pdf,30c04a160805ae4200dde3b0c88af61a222c50bcd6e6e210fe90015ad47c6d9c,62f2e8f2454b77871874826234da327f9a68db4f82702791192228efb05c1412,2026-06-30T13:15:52+00:00,success,LEGACY_SOURCE_MANIFEST
SRC00249,K251203,https://www.accessdata.fda.gov/scripts/cdrh/cfdocs/cfpmn/pmn.cfm?ID=K251203,fda_database_entry_html,a80e78ba6fbf767f0af0b46f8e2dbeb401e070fc1fafa06a096f374336983bf4,a7e11826108b64d1a4fdfb4c74ca2600b29ac4d7389bc25731d55db17a7cedc3,2026-06-30T13:16:05+00:00,success,LEGACY_SOURCE_MANIFEST
SRC00250,K251203,https://www.accessdata.fda.gov/cdrh_docs/pdf25/K251203.pdf,510k_summary_pdf,163f8c5c91b5af4267238996a1af5192eee406fac4b7b48d07d43f8e4a83bf3a,f630577667e62f45be389e1250f4b408ebd51c082ebc5a939e784b4d8755953d,2026-06-30T13:16:09+00:00,success,LEGACY_SOURCE_MANIFEST
SRC00251,K252103,https://www.accessdata.fda.gov/scripts/cdrh/cfdocs/cfpmn/pmn.cfm?ID=K252103,fda_database_entry_html,60fc2443f9a422563b3ecd6be36848ef0e828d26d56c01e62ab448222b98d083,19fe361998d94726dbc2d284cbfad378583da1d2bd4e9c8871324ebbe3626096,2026-06-30T13:16:17+00:00,success,LEGACY_SOURCE_MANIFEST
SRC00252,K252103,https://www.accessdata.fda.gov/cdrh_docs/pdf25/K252103.pdf,510k_summary_pdf,e672e3f83bd736fd0a2cbbef4c597dcad00641447873329a30122a2cb3e11bc6,e11c256c124b519117560b183d05e4a8b4b0d1f6abda671269eb20fb1052f918,2026-06-30T13:16:20+00:00,success,LEGACY_SOURCE_MANIFEST
SRC00253,K251370,https://www.accessdata.fda.gov/scripts/cdrh/cfdocs/cfpmn/pmn.cfm?ID=K251370,fda_database_entry_html,87696e247b4ff7dc2875e4874691653f9def6d329f80c0adf3c0b12f8fe7ae59,85bde0c2d852aed5e73cbdb50ffa42870f4ad3a0442275d0295ac95ffbd334cf,2026-06-30T13:16:20+00:00,success,LEGACY_SOURCE_MANIFEST
SRC00254,K251370,https://www.accessdata.fda.gov/cdrh_docs/pdf25/K251370.pdf,510k_summary_pdf,4d799f887a93b417cc6bc5fb7f7d9ad2c0136cd9b7b1e36e801a5712f944f473,506766c3efe57596c821830305cded6eb8f953aad8b960fe81bfae2a3ab851c6,2026-06-30T13:16:25+00:00,success,LEGACY_SOURCE_MANIFEST
SRC00255,K252217,https://www.accessdata.fda.gov/scripts/cdrh/cfdocs/cfpmn/pmn.cfm?ID=K252217,fda_database_entry_html,4f4b49cad626d5c2f00041ec2bc85ad18d9a91fead20f3525e7d9033b6224741,b3ddf5c3d5e7fd1b832c554f887905bf606b9c85fcc0c9ff384d051e6ce2118d,2026-06-30T13:16:23+00:00,success,LEGACY_SOURCE_MANIFEST
SRC00256,K252217,https://www.accessdata.fda.gov/cdrh_docs/pdf25/K252217.pdf,510k_summary_pdf,ecef402188c311f00a893626614c2b5da9203123e74ec1aed0c27880466916c9,37c8c533bf361ac8c61963737ea5e7dcf9d38031f7d85f1be4b3163e04cef7e1,2026-06-30T13:16:25+00:00,success,LEGACY_SOURCE_MANIFEST
SRC00257,K253269,https://www.accessdata.fda.gov/scripts/cdrh/cfdocs/cfpmn/pmn.cfm?ID=K253269,fda_database_entry_html,fc765360a38470ce4c45f3b863ae64ee73b2b653c9c136746da7091feae8fe25,9bf8da660f977a3d8d4b7037bbacd821ef60137dba24c9a5587b4fd78612c5b4,2026-06-30T13:16:33+00:00,success,LEGACY_SOURCE_MANIFEST
SRC00258,K253269,https://www.accessdata.fda.gov/cdrh_docs/pdf25/K253269.pdf,510k_summary_pdf,508f566a0e9f9855c18afa80e486539c463c23928bfd91f68cd5f2de5ae073e7,ac1bfde15314463d64cddacd6cc131ee8d8ac3af192ac678514833251df2bf92,2026-06-30T13:16:35+00:00,success,LEGACY_SOURCE_MANIFEST
SRC00259,K250694,https://www.accessdata.fda.gov/scripts/cdrh/cfdocs/cfpmn/pmn.cfm?ID=K250694,fda_database_entry_html,c0e6222c4df10c098d8fdc876fb3c25144974863898cecf65b971f37869f85a4,b0ee545e078f849195fd6b63f6a9eb59cef63fbccd7168f58ff9dc0cc7244179,2026-06-30T13:16:33+00:00,success,LEGACY_SOURCE_MANIFEST
SRC00260,K250694,https://www.accessdata.fda.gov/cdrh_docs/pdf25/K250694.pdf,510k_summary_pdf,149a70c45dfb3d91ffa88bfee35a8448833ad9c0fe9f34c7f894e24e6577fada,c53f81eff2cb5bc2cfb94239fbb8003124c4c2d615c68e5f19ebce2ad72e2b34,2026-06-30T13:16:38+00:00,success,LEGACY_SOURCE_MANIFEST
SRC00261,K253310,https://www.accessdata.fda.gov/scripts/cdrh/cfdocs/cfpmn/pmn.cfm?ID=K253310,fda_database_entry_html,8b134bc7d738c3d4913ea8c5254b90dec18e559cf8e27c67ff30a652f15f0b4f,568635330b52ef1b98818e0415d6c1fa5ccd0174948d20cf1681aba502bfbbcd,2026-06-30T13:16:41+00:00,success,LEGACY_SOURCE_MANIFEST
SRC00262,K253310,https://www.accessdata.fda.gov/cdrh_docs/pdf25/K253310.pdf,510k_summary_pdf,6ecf3b737e0ce05658d1ff9945879c32061e77a9d9e0566978141bb33b2b67a7,43c8a03c5eca26566a8e39425369c8d2fce101eb08691015e4c75452270e4fc0,2026-06-30T13:16:44+00:00,success,LEGACY_SOURCE_MANIFEST
SRC00263,K252328,https://www.accessdata.fda.gov/scripts/cdrh/cfdocs/cfpmn/pmn.cfm?ID=K252328,fda_database_entry_html,e3830a46ea83f8745492f6ad834304d969edf57960f24588db818174e1536fe1,a7857af804407b43e7e37c55d4cc860cfda713996758d36716b2f6a4cd2e5c8a,2026-06-30T13:16:44+00:00,success,LEGACY_SOURCE_MANIFEST
SRC00264,K252328,https://www.accessdata.fda.gov/cdrh_docs/pdf25/K252328.pdf,510k_summary_pdf,abbc8eb5a17b282460ccf34c4c570c3e2888ba71897a5b446278a5fd756af8cc,c0794b4f35469e2bf969c1a660ebb62e48a8ce3db3bb6494403c10bd5554cb48,2026-06-30T13:16:49+00:00,success,LEGACY_SOURCE_MANIFEST
SRC00265,K252366,https://www.accessdata.fda.gov/scripts/cdrh/cfdocs/cfpmn/pmn.cfm?ID=K252366,fda_database_entry_html,08d3104eba1b0828ae1cf9ab1dd5d1b5eae78cf19bf4cc3df8cb1a1a85274bf4,5e3656a56ac5466238bb48302b22fb8d210136eb961022104d967ba7a3d82700,2026-06-30T13:16:54+00:00,success,LEGACY_SOURCE_MANIFEST
SRC00266,K252366,https://www.accessdata.fda.gov/cdrh_docs/pdf25/K252366.pdf,510k_summary_pdf,9a38655cd80447e818644b81697bea76593483ae9ab0426b32a257bdc3b3e2c1,379e1d3d4662017cd3dc162bfe5ba6a2832eb7847354e3b3078dbb8c1ab573a6,2026-06-30T13:16:56+00:00,success,LEGACY_SOURCE_MANIFEST
SRC00267,K251293,https://www.accessdata.fda.gov/scripts/cdrh/cfdocs/cfpmn/pmn.cfm?ID=K251293,fda_database_entry_html,9915ee6921692880db0dcf85a24a17d93865a175279a50ef15a9ecadbe83ab19,db866c1277fd9bcd975c7ae84e4328e2411f3c5cb9e256a44905e26a4633aac1,2026-06-30T13:16:54+00:00,success,LEGACY_SOURCE_MANIFEST
SRC00268,K251293,https://www.accessdata.fda.gov/cdrh_docs/pdf25/K251293.pdf,510k_summary_pdf,ddebadc1ad39164cb35f72cb5b1b0a9acf4249a95abdc3462143db7664fefa62,7d0faa41a1c55f376ce60fda8c967f22e8671ec5b1902f3510c944c86f9d205d,2026-06-30T13:16:55+00:00,success,LEGACY_SOURCE_MANIFEST
SRC00269,K251506,https://www.accessdata.fda.gov/scripts/cdrh/cfdocs/cfpmn/pmn.cfm?ID=K251506,fda_database_entry_html,ac2a7c3c68b9a5f41efbffa3fd2427ad9dcd95876d53aaac6415b9c6365369ad,1baabd13424c3644786f280d04b81e53f2e51768097850386eea0ec993a89cce,2026-06-30T13:16:56+00:00,success,LEGACY_SOURCE_MANIFEST
SRC00270,K251506,https://www.accessdata.fda.gov/cdrh_docs/pdf25/K251506.pdf,510k_summary_pdf,8401e429e0aafdfc709f0468999608b5d3f1278994e12bab21f9ff5f8840b4d0,cfdab8a04c86afd79cebc875e44c83073c3e0ba6ce495ad696a49e7ff04ff768,2026-06-30T13:17:00+00:00,success,LEGACY_SOURCE_MANIFEST
SRC00271,P130020/S005,https://www.accessdata.fda.gov/scripts/cdrh/cfdocs/cfpma/pma.cfm?id=P130020S005,fda_database_entry_html,516589cccefc08680535ae87528a4c88170fbbb86ffed7a52e76b3791d95b03e,c46c5fd3aac2dd00a768339a654fc7195717ad80795e423b918f2df47eddbc5a,2026-06-30T13:16:59+00:00,success,LEGACY_SOURCE_MANIFEST
SRC00272,P130020/S005,https://www.accessdata.fda.gov/scripts/cdrh/cfdocs/cfpma/pma.cfm?id=P130020S005,unavailable,,,2026-06-30T15:35:53+00:00,unavailable,LEGACY_SOURCE_MANIFEST
SRC00273,K251822,https://www.accessdata.fda.gov/scripts/cdrh/cfdocs/cfpmn/pmn.cfm?ID=K251822,fda_database_entry_html,f95fc319439bc44f831fc20adaf20352f410714fcecdc104609fe41c504359f1,d158ae73eeeb0da773bc22ec823895fdce963b063986f1558ca04030c5039171,2026-06-30T13:17:01+00:00,success,LEGACY_SOURCE_MANIFEST
SRC00274,K251822,https://www.accessdata.fda.gov/cdrh_docs/pdf25/K251822.pdf,510k_summary_pdf,e992f4c1093d38a63b0c9ee1f3a6cf0c9c8f50cd542846b6aababdd57a5f5517,cef6a8413bdac775603a0a5cebc07d70c3300df4ae4cbcb91b5bdc684b7a6218,2026-06-30T13:17:08+00:00,success,LEGACY_SOURCE_MANIFEST
SRC00275,K252086,https://www.accessdata.fda.gov/scripts/cdrh/cfdocs/cfpmn/pmn.cfm?ID=K252086,fda_database_entry_html,ff0b9b0b60dc9b681d00ba5e58ef4bcb3b1bb83e90b5dd90012b7a86e1a56182,49c3cc2e64e4f9f5745752672c074717d27198c8d50fd16198c5404f480fff37,2026-06-30T13:17:03+00:00,success,LEGACY_SOURCE_MANIFEST
SRC00276,K252086,https://www.accessdata.fda.gov/cdrh_docs/pdf25/K252086.pdf,510k_summary_pdf,c827a7ea9b8f56174fe7561197b11885d37d00ec45bdcb9074e13eb43f615604,b5f10925a9eff518d9a31b067fa754817b1b957adeb4d27ce2ce9561a957b4e7,2026-06-30T13:17:05+00:00,success,LEGACY_SOURCE_MANIFEST
SRC00277,K252330,https://www.accessdata.fda.gov/scripts/cdrh/cfdocs/cfpmn/pmn.cfm?ID=K252330,fda_database_entry_html,b991a5331521ea633b22275d96d9f3ba160ffeed62b0688eaeb77f00289f8808,d59a60912b1da483351c1d9dbfa7bb5ecdac232907cc7cb284a0c130f65cebcd,2026-06-30T13:17:04+00:00,success,LEGACY_SOURCE_MANIFEST
SRC00278,K252330,https://www.accessdata.fda.gov/cdrh_docs/pdf25/K252330.pdf,510k_summary_pdf,8d53d33b7adde82bbf7421d30aeb9d0630952cfcb18796913aa086dad2bebd90,a30f2aec72614d7c8106e1267c2f7297b97f195e461b1c6f4b5218db52812215,2026-06-30T13:17:07+00:00,success,LEGACY_SOURCE_MANIFEST
SRC00279,K250525,https://www.accessdata.fda.gov/scripts/cdrh/cfdocs/cfpmn/pmn.cfm?ID=K250525,fda_database_entry_html,e29eccd7c330588ea5d19f472b7e5930672cc7edae898cb910c83450d4f457c4,36d5b418869ca9a2ca8f030f3cfbce7fabdfe9b50139a1cacfb0bea92d70f2c1,2026-06-30T13:17:04+00:00,success,LEGACY_SOURCE_MANIFEST
SRC00280,K250525,https://www.accessdata.fda.gov/cdrh_docs/pdf25/K250525.pdf,510k_summary_pdf,89d48f5a02d1b0160d1f99b322c384a9644620f8aa9d13f521cb3c1603d55ab7,7f6de94cd117f41f5ab65d744bb6daed04cc045e3533ef5fadee16f9c3f5b84f,2026-06-30T13:17:07+00:00,success,LEGACY_SOURCE_MANIFEST
SRC00281,K251078,https://www.accessdata.fda.gov/scripts/cdrh/cfdocs/cfpmn/pmn.cfm?ID=K251078,fda_database_entry_html,e99e061ac7cf0aed3e6709df92fea9e1c708cca255eb7111cfd57039b0b94ec8,89b4200c4178883d788957eb640db5045a142ac1f96eed3637dadfb602f62413,2026-06-30T13:17:11+00:00,success,LEGACY_SOURCE_MANIFEST
SRC00282,K251078,https://www.accessdata.fda.gov/cdrh_docs/pdf25/K251078.pdf,510k_summary_pdf,8d4d42af306e906973dd0b79b4f5bcee85bdcd182dce048f867e0d4c2645f2ca,61b157fb1142452e839347cd934771263c295db745e60d30644be3250aad2f46,2026-06-30T13:17:15+00:00,success,LEGACY_SOURCE_MANIFEST
SRC00283,K252452,https://www.accessdata.fda.gov/scripts/cdrh/cfdocs/cfpmn/pmn.cfm?ID=K252452,fda_database_entry_html,df65fb04af0cade557591abeafa7fbb73e0b9dd862eb40782ff0d47c0e1b5264,e077cdd59b1acf22078840ff8b181b7a0d1bd040a02b6a7383a78bbbe6a49498,2026-06-30T13:17:13+00:00,success,LEGACY_SOURCE_MANIFEST
SRC00284,K252452,https://www.accessdata.fda.gov/cdrh_docs/pdf25/K252452.pdf,510k_summary_pdf,17f8347f4c3f1129f24e53cf38f2841f9f6c0dc83ecdccddfccac2f221e0b965,60c4659aad9afea4e0d4bd2e26215e2abbf210040339db9222f8bbfaffa27fad,2026-06-30T13:19:00+00:00,success,LEGACY_SOURCE_MANIFEST
SRC00285,K250264,https://www.accessdata.fda.gov/scripts/cdrh/cfdocs/cfpmn/pmn.cfm?ID=K250264,fda_database_entry_html,9f2a4931a8fe259906903fa31495e056159c0c3ab57bc507070747e842467514,9a2ed274baf0811c798f3e79b6b96495162d1aa205055790d306596c5c8c9c12,2026-06-30T13:17:15+00:00,success,LEGACY_SOURCE_MANIFEST
SRC00286,K250264,https://www.accessdata.fda.gov/cdrh_docs/pdf25/K250264.pdf,510k_summary_pdf,e36fc53c8c93dee30e6c78dad43d356eda7aff3f2def2df5413c6af0788d5ac4,ab060dfcc022b8f97f516bb210d0e7c580ebcc9d3af2e191813af84dbfedc2ca,2026-06-30T13:17:24+00:00,success,LEGACY_SOURCE_MANIFEST
SRC00287,K252041,https://www.accessdata.fda.gov/scripts/cdrh/cfdocs/cfpmn/pmn.cfm?ID=K252041,fda_database_entry_html,1b1e535306559f1335c235ee5a91cf4180983c314427ac996a597b33c45b9fe6,ec6033aca167abbcd544596adc85d8a19dad59957cd7676c3b618e74ed354cb0,2026-06-30T13:17:26+00:00,success,LEGACY_SOURCE_MANIFEST
SRC00288,K252041,https://www.accessdata.fda.gov/cdrh_docs/pdf25/K252041.pdf,510k_summary_pdf,f246f1460b25bfffc6287471dfbdd509a80349c3f74826ff62497c7af71a6c6e,4da1a0a4a3c9d659b744bb3f4842323391eb86906f000085fca6b163fd12a68c,2026-06-30T13:17:28+00:00,success,LEGACY_SOURCE_MANIFEST
SRC00289,K253265,https://www.accessdata.fda.gov/scripts/cdrh/cfdocs/cfpmn/pmn.cfm?ID=K253265,fda_database_entry_html,fbde269caf8c649c280337024e461db0915e0a846c156881e96172c54458981e,1ef7a93bc5b3d245c76a2cf1fd208a375af9efcb17c1607f94e79ae29cd877cd,2026-06-30T13:17:26+00:00,success,LEGACY_SOURCE_MANIFEST
SRC00290,K253265,https://www.accessdata.fda.gov/cdrh_docs/pdf25/K253265.pdf,510k_summary_pdf,d9d9d2fa4f8c3ed87d00d6d7b0d776870b519638cd1f52e4ab803516c84f60c1,683a4feb3c15b2d44d2062fa876f4cbd49ac464df2b1cc9cdf52008845597b1d,2026-06-30T13:17:28+00:00,success,LEGACY_SOURCE_MANIFEST
SRC00291,K250330,https://www.accessdata.fda.gov/scripts/cdrh/cfdocs/cfpmn/pmn.cfm?ID=K250330,fda_database_entry_html,59699722cfdecd557cf8694f814e51102bb9ec72d72d4d4889c2f1ada002ec8a,1590e7af76e92271ab7c33b93b5aef683b83cfe94a9c3ed822fa2fd48f092508,2026-06-30T13:17:32+00:00,success,LEGACY_SOURCE_MANIFEST
SRC00292,K250330,https://www.accessdata.fda.gov/cdrh_docs/pdf25/K250330.pdf,510k_summary_pdf,d4e9e62aa93c294fdd8415c48c7bcc36b70dd28f036ace9b8a3b52f85684d05a,3cb0743d109e9e08bac79171c7a91bf8b76565d999ac873c9bfa5b37b1604ea0,2026-06-30T13:17:33+00:00,success,LEGACY_SOURCE_MANIFEST
SRC00293,K251532,https://www.accessdata.fda.gov/scripts/cdrh/cfdocs/cfpmn/pmn.cfm?ID=K251532,fda_database_entry_html,1274cd5983ca41cdb42ad01a6f529746deee583609784f2f61bfa844f535246c,080f6469b978343f9d649e8f820c76302db143ac67cbd75e72c26787a09fa30f,2026-06-30T13:17:34+00:00,success,LEGACY_SOURCE_MANIFEST
SRC00294,K251532,https://www.accessdata.fda.gov/cdrh_docs/pdf25/K251532.pdf,510k_summary_pdf,fc38d6848400563cf54189be9953373dcc9f4c70f32ecda513b2e65b7c51d863,a83a8ce9c27ca450ad195b34f02f809322848e2cef43c5753196419c58103861,2026-06-30T13:17:35+00:00,success,LEGACY_SOURCE_MANIFEST
SRC00295,K252074,https://www.accessdata.fda.gov/scripts/cdrh/cfdocs/cfpmn/pmn.cfm?ID=K252074,fda_database_entry_html,609bd83955900282b469d6b4af03199027f2010134d951d1c2145cc0bf37abd5,044303d2efa1dee25e9bc3b0ce01fb4b95d8cc8c67c723a6a59d4fde8536b393,2026-06-30T13:17:34+00:00,success,LEGACY_SOURCE_MANIFEST
SRC00296,K252074,https://www.accessdata.fda.gov/cdrh_docs/pdf25/K252074.pdf,510k_summary_pdf,b569ee95dacce73c6e8848e6d8d67f3fedd1f3d75e6374e4eb38172df306b9ec,89195392157528d677d60f2599f83523cb0bb5c36739e9219c749ac2e7971b72,2026-06-30T13:17:37+00:00,success,LEGACY_SOURCE_MANIFEST
SRC00297,K250337,https://www.accessdata.fda.gov/scripts/cdrh/cfdocs/cfpmn/pmn.cfm?ID=K250337,fda_database_entry_html,d33933ee5d4c8e746db4362fbe92ec9798d62f0a0f2a1bffe158230037a0a7b7,52e54052cb3a928c4a87e8041427e33c560f0e012aedcda78d885cf2cc6e3b79,2026-06-30T13:17:39+00:00,success,LEGACY_SOURCE_MANIFEST
SRC00298,K250337,https://www.accessdata.fda.gov/cdrh_docs/pdf25/K250337.pdf,510k_summary_pdf,978d78592943e32c12132b8d85aa29bbae8a75213f4853620e5d4de7a9206100,2814d74dff90c87a2a0c555fd9117d643e7621854dd0748c7f0d7ace473fbefe,2026-06-30T13:17:45+00:00,success,LEGACY_SOURCE_MANIFEST
SRC00299,K251985,https://www.accessdata.fda.gov/scripts/cdrh/cfdocs/cfpmn/pmn.cfm?ID=K251985,fda_database_entry_html,f52a26c0a73b6777612251384fd450bf84e0e52144885874c73ec55d8931ce9f,27d7f25543f3e214d126d143f009a97c13837b983cf365f1e83dcf083f0c5d9a,2026-06-30T13:17:42+00:00,success,LEGACY_SOURCE_MANIFEST
SRC00300,K251985,https://www.accessdata.fda.gov/cdrh_docs/pdf25/K251985.pdf,510k_summary_pdf,038db3622a1f7e5d60304bfd0493ab54e4cfa0f65e0c221a32db10b00ab52073,326f1b52b06546f2592a260826bbcf498abe3b0f832ae3e45465afb652788774,2026-06-30T13:17:47+00:00,success,LEGACY_SOURCE_MANIFEST
SRC00301,K251963,https://www.accessdata.fda.gov/scripts/cdrh/cfdocs/cfpmn/pmn.cfm?ID=K251963,fda_database_entry_html,295eca02cb263106a390473a01907bead89d4e5d8d497a50d2571b46ee1d594b,c0ee47a85892a8f94c08ecffe0f914bb80989fd3eb4d182307392d683c972c2e,2026-06-30T13:17:46+00:00,success,LEGACY_SOURCE_MANIFEST
SRC00302,K251963,https://www.accessdata.fda.gov/cdrh_docs/pdf25/K251963.pdf,510k_summary_pdf,7a8ed4ae3b118abbb40858520350d92da027d77bff9379e8b039a27f7deb7bd0,1ad7404c86f6255e76676f81e8006992eb68354a17e7771e63086df4d40abd3a,2026-06-30T13:17:53+00:00,success,LEGACY_SOURCE_MANIFEST
SRC00303,K250882,https://www.accessdata.fda.gov/scripts/cdrh/cfdocs/cfpmn/pmn.cfm?ID=K250882,fda_database_entry_html,b18ca1cf8376d2148264485e8daa23893aeb62eaa0993e3e838ef8b2a631451d,690aafee241cee60eed6cb2d9b6766723fea9131d0c958ac06e5cbb58f8b006b,2026-06-30T13:17:50+00:00,success,LEGACY_SOURCE_MANIFEST
SRC00304,K250882,https://www.accessdata.fda.gov/cdrh_docs/pdf25/K250882.pdf,510k_summary_pdf,ef9c31f3543a7a3395fbcc959fbb5c908f9ec7817a0a89fde3ce2d7e571d8eb0,0a09d136f3b70808a503b4da107239893b935bff483ab85632f3253f1361a020,2026-06-30T13:17:57+00:00,success,LEGACY_SOURCE_MANIFEST
SRC00305,K251027,https://www.accessdata.fda.gov/scripts/cdrh/cfdocs/cfpmn/pmn.cfm?ID=K251027,fda_database_entry_html,13ce9fe79102fbb277cba55958a44c5da8af1af6486ca994a2e41a212933269c,8a4396457e1e959a087965bcca030500a192dde7e835925d1d0fb717224dc626,2026-06-30T13:17:53+00:00,success,LEGACY_SOURCE_MANIFEST
SRC00306,K251027,https://www.accessdata.fda.gov/cdrh_docs/pdf25/K251027.pdf,510k_summary_pdf,fbb345d30944f4a63f9dfa88b40221450e1ebd8137e3e83367c86aebb6560019,fdd04bf5ddaaa9aea18784f2d8f817cd647cf2de88b0c3bf233e7e45a372e8a5,2026-06-30T13:17:56+00:00,success,LEGACY_SOURCE_MANIFEST
SRC00307,K251059,https://www.accessdata.fda.gov/scripts/cdrh/cfdocs/cfpmn/pmn.cfm?ID=K251059,fda_database_entry_html,318b3d66a88f6e8cef08d52f3209e46619d72774eab84e92082e2c123864bb7a,e0864f59bb15b1ab9782964059df1c37fc3c679dff7a353614651dda641302d1,2026-06-30T13:18:03+00:00,success,LEGACY_SOURCE_MANIFEST
SRC00308,K251059,https://www.accessdata.fda.gov/cdrh_docs/pdf25/K251059.pdf,510k_summary_pdf,9be72d91084ef8f2fa6666ba64a3f84dfcc97ad6be25b63b7f13e87bf4b74b9a,07a3e98c7f3534fecbcdb0ee239df0584a81e4308123aa422d99bcbb2152ab59,2026-06-30T13:18:06+00:00,success,LEGACY_SOURCE_MANIFEST
SRC00309,K250288,https://www.accessdata.fda.gov/scripts/cdrh/cfdocs/cfpmn/pmn.cfm?ID=K250288,fda_database_entry_html,0569ba328c92b7f932290e0dab08d51de25ada5adedd3e20c0c227a3109cedce,11bb1087da735ffdbb8e3d884c630b52cdffd8f364bba808ac03c415479a7846,2026-06-30T13:18:03+00:00,success,LEGACY_SOURCE_MANIFEST
SRC00310,K250288,https://www.accessdata.fda.gov/cdrh_docs/pdf25/K250288.pdf,510k_summary_pdf,08402b74366f43bb742daf0930eac3eee7fb05ae42e1926e455bb8072eb177ca,5dbae12fae77116d2c6d5a6a44094d0e7c588084310e61101c7843348b13e095,2026-06-30T13:18:06+00:00,success,LEGACY_SOURCE_MANIFEST
SRC00311,K252298,https://www.accessdata.fda.gov/scripts/cdrh/cfdocs/cfpmn/pmn.cfm?ID=K252298,fda_database_entry_html,6a09ab723d595cfbfbb926463c453fa539e1c6aa6a0c1c62e80c2d0bbdf5ef42,384260b68dd98cab86401ef23dd7dfd6b844082d2bbe8fdba6cc853db2f71c58,2026-06-30T13:18:10+00:00,success,LEGACY_SOURCE_MANIFEST
SRC00312,K252298,https://www.accessdata.fda.gov/cdrh_docs/pdf25/K252298.pdf,510k_summary_pdf,bd9a6da999d9080ee33e36bf4d15df4af708ed7c5e2e52194dd1e588fbbd692b,0a03b7c2aaed5a9cc1b9e67013e317f6f3549b208b960ad386496a40af069dd6,2026-06-30T13:18:11+00:00,success,LEGACY_SOURCE_MANIFEST
SRC00313,K252665,https://www.accessdata.fda.gov/scripts/cdrh/cfdocs/cfpmn/pmn.cfm?ID=K252665,fda_database_entry_html,fe6398f52239967ebcbef9181a2579ba0fa1662ac2193257c3ba765aa92a5349,f04c8f1ee9ec6adace7375040313fd58cf3bade15af77d79ddad7b2d33c5a26b,2026-06-30T13:18:13+00:00,success,LEGACY_SOURCE_MANIFEST
SRC00314,K252665,https://www.accessdata.fda.gov/cdrh_docs/pdf25/K252665.pdf,510k_summary_pdf,0e41657231a96daeabca0ae6164f34dacb43b1bc69f68380d37af247919a02b1,a76d4457f2a219736c07678576f96929e82e2136d9f168fe775690fa8d518774,2026-06-30T13:18:16+00:00,success,LEGACY_SOURCE_MANIFEST
SRC00315,K251673,https://www.accessdata.fda.gov/scripts/cdrh/cfdocs/cfpmn/pmn.cfm?ID=K251673,fda_database_entry_html,3f0be916272bcaf3a887107f41cea0af924b95b023e93168c8d819f2adbfaa7c,83998268c99d002ef1d2d9b27c6bcfea535543c07c9a00cad2f2c4561509e62e,2026-06-30T13:18:14+00:00,success,LEGACY_SOURCE_MANIFEST
SRC00316,K251673,https://www.accessdata.fda.gov/cdrh_docs/pdf25/K251673.pdf,510k_summary_pdf,b369dd30543c277d0100489c90d9896c9523bf44c99424ffd0c588efe69cfdbc,62a9149461790e443fe98b191d3b669af2e78264927d158ddbd842dbaf6c993c,2026-06-30T13:18:17+00:00,success,LEGACY_SOURCE_MANIFEST
SRC00317,K251355,https://www.accessdata.fda.gov/scripts/cdrh/cfdocs/cfpmn/pmn.cfm?ID=K251355,fda_database_entry_html,85eea94f665d8b9a4f4d91f8108d921a83ddc0f7e3ebb49d73f70497b5e55219,b4302f71353a3d056be186a0d10576e5e58be9eedb69e148cb382bebe605ed83,2026-06-30T13:18:19+00:00,success,LEGACY_SOURCE_MANIFEST
SRC00318,K251355,https://www.accessdata.fda.gov/cdrh_docs/pdf25/K251355.pdf,510k_summary_pdf,f0cf00ed94adcbfbe8c61c2c969b970741853e8501dfa7c122a6644e39d80096,07d9824e3755acd0cd5f68540099acc11f7a171444bc10230831d91fe824cbd7,2026-06-30T13:18:20+00:00,success,LEGACY_SOURCE_MANIFEST
SRC00319,K251602,https://www.accessdata.fda.gov/scripts/cdrh/cfdocs/cfpmn/pmn.cfm?ID=K251602,fda_database_entry_html,2740f81405e34f27b6ddd847fc93945de3ac993a51627ed5175cd9682ec97057,10ad5265a2765c20fbb067bf1441c8b29c69a99122429a18b878e08f21735a4f,2026-06-30T13:18:47+00:00,success,LEGACY_SOURCE_MANIFEST
SRC00320,K251602,https://www.accessdata.fda.gov/cdrh_docs/pdf25/K251602.pdf,510k_summary_pdf,f78b6601a40e088635034c64162f713d250e7c2649679d8571784d8c594fb0db,9c4209bd92dbd3a122a607bcf5d41b39ded0dc3f65cb5f9eb0b05992b388123f,2026-06-30T13:18:48+00:00,success,LEGACY_SOURCE_MANIFEST
SRC00321,K251082,https://www.accessdata.fda.gov/scripts/cdrh/cfdocs/cfpmn/pmn.cfm?ID=K251082,fda_database_entry_html,cbaaae030be7284fab0ecc74ab078ef16900b016e9691cd0a4dc20151a72b3fd,9c94a7c1cbd87eb827bd8aebe75aed604557095a849e38d42a12df79801ecda4,2026-06-30T13:18:57+00:00,success,LEGACY_SOURCE_MANIFEST
SRC00322,K251082,https://www.accessdata.fda.gov/cdrh_docs/pdf25/K251082.pdf,510k_summary_pdf,0797fae3e0c4828d5f3da3ab2ad3c19fac56973c028802aad40db617f8c11ae6,5f75cdf3e1e890a731e9ee84bf0b5a7695ceb55b60bfb449974dc0a149af382c,2026-06-30T13:19:01+00:00,success,LEGACY_SOURCE_MANIFEST
SRC00323,K251651,https://www.accessdata.fda.gov/scripts/cdrh/cfdocs/cfpmn/pmn.cfm?ID=K251651,fda_database_entry_html,47e8ebb6c94393500c1616c176f21ac3b4496e8a08bf5a8291ac89b632e7d37f,6d8e88a2be93d63df8458c834764f5f0adae044ba3cae0bd5c11e9ba9517f1a3,2026-06-30T13:19:05+00:00,success,LEGACY_SOURCE_MANIFEST
SRC00324,K251651,https://www.accessdata.fda.gov/cdrh_docs/pdf25/K251651.pdf,510k_summary_pdf,815a801dd2f1237ca2e3a6b70f35da7f3c2ed1959b943c024a420f014d04fc58,a131f49da9f7f4a5b3028ceac9386bfa34ede101a7301e6867db4085710cbccc,2026-06-30T13:19:13+00:00,success,LEGACY_SOURCE_MANIFEST
SRC00325,K252214,https://www.accessdata.fda.gov/scripts/cdrh/cfdocs/cfpmn/pmn.cfm?ID=K252214,fda_database_entry_html,636d3b17642448958edb0d841048f9b42c11ca1541fddfbc52244526dd8582bd,958cbc0f876bda279f375464d9d0992410c932c56ab3611333419adf6c28c2ce,2026-06-30T13:19:08+00:00,success,LEGACY_SOURCE_MANIFEST
SRC00326,K252214,https://www.accessdata.fda.gov/cdrh_docs/pdf25/K252214.pdf,510k_summary_pdf,3ddaa8c1635ada1e49f73dafa6d2624e9f1815beacb56dd4ff73dc7147b1f404,d596bf1f5df8a15ea78e49f0e6a3fd717eaea7ee250f643f444316be2b738c5e,2026-06-30T13:19:11+00:00,success,LEGACY_SOURCE_MANIFEST
SRC00327,K252007,https://www.accessdata.fda.gov/scripts/cdrh/cfdocs/cfpmn/pmn.cfm?ID=K252007,fda_database_entry_html,9a399d275d49350f340926180f1fd53ecbe5f2e2c8195bf56fac64968a768ec2,cdf9efb25360213107cec8de06c69bb60f9053fa85b6c6c82e5bc886eae09be3,2026-06-30T13:19:09+00:00,success,LEGACY_SOURCE_MANIFEST
SRC00328,K252007,https://www.accessdata.fda.gov/cdrh_docs/pdf25/K252007.pdf,510k_summary_pdf,98f2951f4e769e05e256e393b8031dc543fec7961bc70bc678dcd762789bc6b9,737ee5cb87fa1d3abbeb3755ce6876cefa9a40034d4a36e716243e0563b061ba,2026-06-30T13:19:17+00:00,success,LEGACY_SOURCE_MANIFEST
SRC00329,K250662,https://www.accessdata.fda.gov/scripts/cdrh/cfdocs/cfpmn/pmn.cfm?ID=K250662,fda_database_entry_html,fa45fc28e078663b09c75e0d040d61b66d8d1188eb61fb5e3a8979473e52cef7,138b9f6daee4b805e24afc8ebf4947a86d946e1ef15953f2bd7b81da5e0d40f8,2026-06-30T13:19:17+00:00,success,LEGACY_SOURCE_MANIFEST
SRC00330,K250662,https://www.accessdata.fda.gov/cdrh_docs/pdf25/K250662.pdf,510k_summary_pdf,9abcb9fbf8ace4210af85df2f6d3cc74b174cd92342c750c42d969ff3c884f6e,de189e63eb7a81417b2f33fde767f7d166374636ac853e5dc39d4b6c8a46ce4c,2026-06-30T13:19:21+00:00,success,LEGACY_SOURCE_MANIFEST
SRC00331,K252178,https://www.accessdata.fda.gov/scripts/cdrh/cfdocs/cfpmn/pmn.cfm?ID=K252178,fda_database_entry_html,d85c0373a034fceb7f779e892c01ba265b5ae4a1dd2a9d9e3e7fffa3a7b154a3,9eb3ef1a3acb541b18d03d1f4b35f8b3aa43bb00fb506db92ec848969bc06d2d,2026-06-30T13:19:20+00:00,success,LEGACY_SOURCE_MANIFEST
SRC00332,K252178,https://www.accessdata.fda.gov/cdrh_docs/pdf25/K252178.pdf,510k_summary_pdf,ad859fed15d8fdbc7ded843da33832a6ff59cba110bd5531bfc02c712b13c1b2,39e9b82c0ed0d0fea021f6e4684e26ca47c528df585772d3212cc905cccad6ea,2026-06-30T13:19:21+00:00,success,LEGACY_SOURCE_MANIFEST
SRC00333,K251639,https://www.accessdata.fda.gov/scripts/cdrh/cfdocs/cfpmn/pmn.cfm?ID=K251639,fda_database_entry_html,f3a178c5a604e8ea2035c4e1e3f55ed5786f877615150c1966cbd8c5d256f6fd,30e9a5f0982410b0f068dc6eccbd37072560feeb6008d018e0acad0eee439f08,2026-06-30T13:19:28+00:00,success,LEGACY_SOURCE_MANIFEST
SRC00334,K251639,https://www.accessdata.fda.gov/cdrh_docs/pdf25/K251639.pdf,510k_summary_pdf,2ee5a5b489ab3a4757b613092c49dd2cab64291ed9285d249ae4a04ccd09bf9e,b565a7a449a4e8a06db5a60fe4d768f17e2722300362e8b177aba9842fda0bb0,2026-06-30T13:19:32+00:00,success,LEGACY_SOURCE_MANIFEST
SRC00335,K250766,https://www.accessdata.fda.gov/scripts/cdrh/cfdocs/cfpmn/pmn.cfm?ID=K250766,fda_database_entry_html,ba1beccddeeaf228581d5e2b128a49d170bf4da62f7b3da44eccc64ded699fa1,e4f22a6cd0c0dc52e4b4d6bf3ea49ba9b4b560976311fcee648eccdea3a6b2e8,2026-06-30T13:19:32+00:00,success,LEGACY_SOURCE_MANIFEST
SRC00336,K250766,https://www.accessdata.fda.gov/cdrh_docs/pdf25/K250766.pdf,510k_summary_pdf,3319983a249eeaa15a27c4c63641cd674eeff954dfbb47e2fba58e460b39d7ac,a97625a9044923eae8a2aae8decd8daf569395ed4853f56f8121fc7d07d483b6,2026-06-30T13:19:36+00:00,success,LEGACY_SOURCE_MANIFEST
SRC00337,K250023,https://www.accessdata.fda.gov/scripts/cdrh/cfdocs/cfpmn/pmn.cfm?ID=K250023,fda_database_entry_html,1e109ae64b3198529f9ec0f838a54584c59ca659a3a67bea55ce7bd6eb9a8e58,160df3b96b56f8119d932ac8a661bf6b3d21cfef8e6e1baef70402b73629a8ab,2026-06-30T13:19:40+00:00,success,LEGACY_SOURCE_MANIFEST
SRC00338,K250023,https://www.accessdata.fda.gov/cdrh_docs/pdf25/K250023.pdf,510k_summary_pdf,6bbb6beeb1b11dae51a2a4643fb18a068d36921b2d7e778897ffc66d63194ba2,a034eecc80e7291f6f3f7502312cb5cfcc46823c306c5ece4aea109e53ca3e07,2026-06-30T13:19:41+00:00,success,LEGACY_SOURCE_MANIFEST
SRC00339,K252054,https://www.accessdata.fda.gov/scripts/cdrh/cfdocs/cfpmn/pmn.cfm?ID=K252054,fda_database_entry_html,141afc9bf3c8f9cbbb1f45562e7b1992efdc29751c6344d9cc079f65b0d51ab8,be6aff6f7133ce9364d820833c59c63dc819163043fa861a107eb80e3a48107e,2026-06-30T13:19:41+00:00,success,LEGACY_SOURCE_MANIFEST
SRC00340,K252054,https://www.accessdata.fda.gov/cdrh_docs/pdf25/K252054.pdf,510k_summary_pdf,13155f25e115f89c11e3de66afe19502d684c491516fd9f5183bc58ab314eec9,d2e8f2713be463654f9a62fb8dc913dc366ea5a29764cf215fc1424d04801934,2026-06-30T13:19:42+00:00,success,LEGACY_SOURCE_MANIFEST
SRC00341,K252105,https://www.accessdata.fda.gov/scripts/cdrh/cfdocs/cfpmn/pmn.cfm?ID=K252105,fda_database_entry_html,1ec7196ec04880db3f9e87acc1ac8b5694dfe7da43ce2b14b7d5ab42280b203a,3a47031250ebb76f7d12a760031c8e86192a98b0fcbff57b992e3071c90e928d,2026-06-30T13:19:45+00:00,success,LEGACY_SOURCE_MANIFEST
SRC00342,K252105,https://www.accessdata.fda.gov/cdrh_docs/pdf25/K252105.pdf,510k_summary_pdf,da02d5b2fd483fcca80a319cf6f0b53fdd8858b10620bc58248288596eadc54b,8e211cebe3a4cb78ed39e3862c06ceced607136dacf61d581da54235a5f3f357,2026-06-30T13:19:50+00:00,success,LEGACY_SOURCE_MANIFEST
SRC00343,K252371,https://www.accessdata.fda.gov/scripts/cdrh/cfdocs/cfpmn/pmn.cfm?ID=K252371,fda_database_entry_html,77d5901275a4a159b1a9cced70ae28269efc9041caff86501b7bd085df31b407,310f86c7b819d00b79021bbf80999717779770ebb26273f2f424ec3a454e807e,2026-06-30T13:19:46+00:00,success,LEGACY_SOURCE_MANIFEST
SRC00344,K252371,https://www.accessdata.fda.gov/cdrh_docs/pdf25/K252371.pdf,510k_summary_pdf,9217815f19548f9b0d0a0f9120d949aa176e5623e9bd51f01b32cc53e8c19c8c,dfc0bdcb0e96f6d8f3e2f1026b9e23af1e30aadc9f49a553c824a79ec533aa55,2026-06-30T13:19:50+00:00,success,LEGACY_SOURCE_MANIFEST
SRC00345,K251527,https://www.accessdata.fda.gov/scripts/cdrh/cfdocs/cfpmn/pmn.cfm?ID=K251527,fda_database_entry_html,263b9edc0aece870a271de22884191c95ab231e77ba95e06696a657b745e9c94,9857370cdc0b9eac1256696f88121ab6dd546fa573543d731a8d73d8ecf7e87d,2026-06-30T13:19:51+00:00,success,LEGACY_SOURCE_MANIFEST
SRC00346,K251527,https://www.accessdata.fda.gov/cdrh_docs/pdf25/K251527.pdf,510k_summary_pdf,f0a49e13af7895789e5ac2d19fee9dc513415c04eb880ed992cc964b306f46f5,d230640afc99683067c6f64d1be745c994c159dea1ac513f3010b4ff1a761970,2026-06-30T13:19:57+00:00,success,LEGACY_SOURCE_MANIFEST
SRC00347,K251483,https://www.accessdata.fda.gov/scripts/cdrh/cfdocs/cfpmn/pmn.cfm?ID=K251483,fda_database_entry_html,f7cdaf056feecf4baa781897806dc642b86d3c0927ba8621fd93dc7f6c3468be,8851987fef0d549419963f010b6aea36769cc7614622435b1aca9748e678e258,2026-06-30T13:19:57+00:00,success,LEGACY_SOURCE_MANIFEST
SRC00348,K251483,https://www.accessdata.fda.gov/cdrh_docs/pdf25/K251483.pdf,510k_summary_pdf,c5bf81e099d8da87207954773764a9948b2f2884bc9f6e3dfb728da5088361a5,4fe8a5143c83d3d2071e5b17e0d2bdb5dba3956608f6691c55b9b98216fcc1f6,2026-06-30T13:20:01+00:00,success,LEGACY_SOURCE_MANIFEST
SRC00349,K251987,https://www.accessdata.fda.gov/scripts/cdrh/cfdocs/cfpmn/pmn.cfm?ID=K251987,fda_database_entry_html,ff1247132062e45e07cf434883be54feaa40a2721088ea528df20ac9f96cd40f,9b4e4d50540d1dd61689e4a0659008a4fa9e4be2ef478024cdbefeb5758c70c4,2026-06-30T13:19:58+00:00,success,LEGACY_SOURCE_MANIFEST
SRC00350,K251987,https://www.accessdata.fda.gov/cdrh_docs/pdf25/K251987.pdf,510k_summary_pdf,7b0f91e9f74ec0700fbccca3a8dd61a19c44a785665f2662186a2d17339bc54c,dca21ec895619102f1260fec9762b8a804d5481d5d0dea655cf9f90d7a9b2e41,2026-06-30T13:20:01+00:00,success,LEGACY_SOURCE_MANIFEST
SRC00351,K251167,https://www.accessdata.fda.gov/scripts/cdrh/cfdocs/cfpmn/pmn.cfm?ID=K251167,fda_database_entry_html,8552558671bc93eed4d981c65b67f2f6adcaf0cf3a112269d95efbf9537ef9fd,95e04dbc646efbbacb39059d2dac871b460075d14730c705d0d955053f8c8ed8,2026-06-30T13:20:04+00:00,success,LEGACY_SOURCE_MANIFEST
SRC00352,K251167,https://www.accessdata.fda.gov/cdrh_docs/pdf25/K251167.pdf,510k_summary_pdf,1a167df1184e90b7385bf4c6771f53bdb3865411b24efdf87e80b2d7962e6558,47c3a00d0b8a079b8170f48c5bddf54758849f6742462167beee0ff151d74c0f,2026-06-30T13:20:08+00:00,success,LEGACY_SOURCE_MANIFEST
SRC00353,K251002,https://www.accessdata.fda.gov/scripts/cdrh/cfdocs/cfpmn/pmn.cfm?ID=K251002,fda_database_entry_html,1b067bee96eb703bbf542512ce10cf3653e76b278e5c19883264b366210485a0,eacd51db9c15399738aefffeaabf5c0f81d2706945949da5b33a8744c3a160f7,2026-06-30T13:20:09+00:00,success,LEGACY_SOURCE_MANIFEST
SRC00354,K251002,https://www.accessdata.fda.gov/cdrh_docs/pdf25/K251002.pdf,510k_summary_pdf,eb1506e859b40b6a87daae7efb2e520219f8b5ecce2e98b35a494e8b748c9438,086478440b4ff2bfea5c189e0222501b75e146001bf4884f55b22ba289fed31c,2026-06-30T13:20:16+00:00,success,LEGACY_SOURCE_MANIFEST
SRC00355,K250649,https://www.accessdata.fda.gov/scripts/cdrh/cfdocs/cfpmn/pmn.cfm?ID=K250649,fda_database_entry_html,810f0ea436a8882dfb5e80585a880428804f7084d2df8aeb215a441d1c486478,f669226b09cf0c6b4305083e2add71e7a553af143b079080afde4febf7852f7e,2026-06-30T13:20:10+00:00,success,LEGACY_SOURCE_MANIFEST
SRC00356,K250649,https://www.accessdata.fda.gov/cdrh_docs/pdf25/K250649.pdf,510k_summary_pdf,b6082830fec1352c2fc34a9d2fca4e6a4efa91dd5c4bc8cc5abf3466a91f6cc2,57f697506dbdcdd0643c0962e18bec49fff2a0cb4e85831bcb27b7336f135bb2,2026-06-30T13:20:13+00:00,success,LEGACY_SOURCE_MANIFEST
SRC00357,K250369,https://www.accessdata.fda.gov/scripts/cdrh/cfdocs/cfpmn/pmn.cfm?ID=K250369,fda_database_entry_html,c50a204d0f6d7cb5106ce8831c41afbbde01b5bdc25b870c8dcd29039da6e96e,621cd2f975dabd3fc8e72684d977b395c8cf72d44fe1e49a3183ae1d5b24dd4d,2026-06-30T13:20:24+00:00,success,LEGACY_SOURCE_MANIFEST
SRC00358,K250369,https://www.accessdata.fda.gov/cdrh_docs/pdf25/K250369.pdf,510k_summary_pdf,b0ad60fa9e559d11f5c70825a40452f89d7db49a56bf3d232b6fbd36d1166e93,6a2ea6884fc86a51d7539ec1fc0ad8203b222a935f50d0473dfc83a7f015898e,2026-06-30T13:20:27+00:00,success,LEGACY_SOURCE_MANIFEST
SRC00359,K251386,https://www.accessdata.fda.gov/scripts/cdrh/cfdocs/cfpmn/pmn.cfm?ID=K251386,fda_database_entry_html,dc9ec2658b3e2df6de8357ebba38bc56ec2ef19ce8c492edddc3f64d0b377cc6,782e13eefb9ba47eaebcc874d3372a5cfed70a210440d71e236970faafca8c94,2026-06-30T13:20:32+00:00,success,LEGACY_SOURCE_MANIFEST
SRC00360,K251386,https://www.accessdata.fda.gov/cdrh_docs/pdf25/K251386.pdf,510k_summary_pdf,3e987d86437d4b628e83e9d00cb1d5c3e407109ea6945f058351e6cff4ace2a3,94767f3c8b4d02db9537aeeb3af044a9c4ecb55814d4ee43218373b08b37bdac,2026-06-30T13:20:38+00:00,success,LEGACY_SOURCE_MANIFEST
SRC00361,K251221,https://www.accessdata.fda.gov/scripts/cdrh/cfdocs/cfpmn/pmn.cfm?ID=K251221,fda_database_entry_html,ef15ca3188b2ddc7d54904470cd5304d27d204b1c8b645ea5d2ace06f3116902,74b56b41418ffaaf774d6ac34945320b9d37e6d481a283ae5e74397c70db97ec,2026-06-30T13:20:35+00:00,success,LEGACY_SOURCE_MANIFEST
SRC00362,K251221,https://www.accessdata.fda.gov/cdrh_docs/pdf25/K251221.pdf,510k_summary_pdf,cc8a2d10c4999bfe8747d17f19015bf05c87f13c97688d9d3f2ec35d60ca77e0,a767a8c3ef40dc0de9a063085bb9378bd5149e6df9aa8fb284982981b1fcf65a,2026-06-30T13:20:36+00:00,success,LEGACY_SOURCE_MANIFEST
SRC00363,K250237,https://www.accessdata.fda.gov/scripts/cdrh/cfdocs/cfpmn/pmn.cfm?ID=K250237,fda_database_entry_html,9313f2552c8a5730f77b1846c0c9385d401b6c19108c12d709882944a1400869,9cacfe3b9ccecde3c4d98d61c9d1addc9e92cb9d4ea7768906c9fd1a5c42730f,2026-06-30T13:20:41+00:00,success,LEGACY_SOURCE_MANIFEST
SRC00364,K250237,https://www.accessdata.fda.gov/cdrh_docs/pdf25/K250237.pdf,510k_summary_pdf,38a34bde7017b9bd617b0c387b13a4a04c47b0b52c825a16646dd2cf0ef6f2f9,0472ac89966cbc712a50a0bdc287438912e0279ce00b2f116fe462301217a102,2026-06-30T13:20:44+00:00,success,LEGACY_SOURCE_MANIFEST
SRC00365,K252586,https://www.accessdata.fda.gov/scripts/cdrh/cfdocs/cfpmn/pmn.cfm?ID=K252586,fda_database_entry_html,1350b35cb047f2339144a0da52020d245d57d12b05a61901ad970dcef1d3ab26,d42883d222f81cf98185b468e1d2dfba479338481f8bd127a409061c4d33bb2a,2026-06-30T13:20:41+00:00,success,LEGACY_SOURCE_MANIFEST
SRC00366,K252586,https://www.accessdata.fda.gov/cdrh_docs/pdf25/K252586.pdf,510k_summary_pdf,defb42f0f8b748f40b984d29907cd6cb61cb4995552de926ae4fb07b4263e784,9350757ae8f52017750e09d8025d33957d1a637581007d87770c0112288f851a,2026-06-30T13:20:45+00:00,success,LEGACY_SOURCE_MANIFEST
SRC00367,K251518,https://www.accessdata.fda.gov/scripts/cdrh/cfdocs/cfpmn/pmn.cfm?ID=K251518,fda_database_entry_html,a66b4729a9c1bf527eb93e1ddccbeb770f59a81276534f552a089a0ff7dc9e9e,a3f53b72e1c48cb5ae62c3fc292137aa7ccbf03ee7175372c5bffcdf49e9fed4,2026-06-30T13:20:50+00:00,success,LEGACY_SOURCE_MANIFEST
SRC00368,K251518,https://www.accessdata.fda.gov/cdrh_docs/pdf25/K251518.pdf,510k_summary_pdf,953e1b7a742e7a6c63891f4f1760cab48641144534e8b117fa730b3336b9b4d7,250b7dfea4f07ba6dee773cf3b354bf85d3546cfe7b94a6c2385fbea228bd2fe,2026-06-30T13:20:51+00:00,success,LEGACY_SOURCE_MANIFEST
SRC00369,K251368,https://www.accessdata.fda.gov/scripts/cdrh/cfdocs/cfpmn/pmn.cfm?ID=K251368,fda_database_entry_html,7b3d42745e15a9be9748e51f6c2145ae3563b945fde7c7212de30301e1786a13,28a8d8a49f52b11755b98eaf71974f59b91de611a1fc610b98041a017676a565,2026-06-30T13:20:51+00:00,success,LEGACY_SOURCE_MANIFEST
SRC00370,K251368,https://www.accessdata.fda.gov/cdrh_docs/pdf25/K251368.pdf,510k_summary_pdf,950016b6c02cd276efd6c0c36e78d9518c63faed9838b287d16efbbe4a4414c5,ba1d0e3c78771cde3745e615b8fbd368f71c4f9352b5a0e6d094db3ce11b7454,2026-06-30T13:20:53+00:00,success,LEGACY_SOURCE_MANIFEST
SRC00371,K252595,https://www.accessdata.fda.gov/scripts/cdrh/cfdocs/cfpmn/pmn.cfm?ID=K252595,fda_database_entry_html,c91b8dfb4bd735482162ff2d6cef9d1ad02fd7b6ca35c8b17d0149201e66b392,695e4285bd4b09a294e5f57d2ac8e2b663b868cf1d71cc21f671a2e838e8798c,2026-06-30T13:20:52+00:00,success,LEGACY_SOURCE_MANIFEST
SRC00372,K252595,https://www.accessdata.fda.gov/cdrh_docs/pdf25/K252595.pdf,510k_summary_pdf,5d1ffa3b5c1f9fbb95c011d0bdb62114d320c78df02ebacc25a6076a8a05c850,6eed7c40c539cba97ebddb075ab33399c6feb58679bc0c5c613cfabbdb11d5cf,2026-06-30T13:20:56+00:00,success,LEGACY_SOURCE_MANIFEST
SRC00373,K251399,https://www.accessdata.fda.gov/scripts/cdrh/cfdocs/cfpmn/pmn.cfm?ID=K251399,fda_database_entry_html,060926e73b88d7a9f0f018d1b226faed82834a4de8dda8a0f0a682861d9ba8e7,a7a14be2e92cf20b47d70ce8df7780b54632da54a8886ad7a59de2a4413da6c6,2026-06-30T13:20:54+00:00,success,LEGACY_SOURCE_MANIFEST
SRC00374,K251399,https://www.accessdata.fda.gov/cdrh_docs/pdf25/K251399.pdf,510k_summary_pdf,adc67a951f24b9cd75d61c79bc997e0636a5d4f159923a568c746dcc9022f105,d6dc105a1b73f6e501331f70529139b4b7a51f14c5e4f7f40794cda5163ca356,2026-06-30T13:20:55+00:00,success,LEGACY_SOURCE_MANIFEST
SRC00375,K250507,https://www.accessdata.fda.gov/scripts/cdrh/cfdocs/cfpmn/pmn.cfm?ID=K250507,fda_database_entry_html,2b2bb22e6ce127e6bf563e4250626b0aa491c10af1fc02ff004963bfe12868e7,aa3bd057780b7177bebdeb59a6b8945eceeaf2ce3253f3f48be3c52bbc4bc845,2026-06-30T13:21:04+00:00,success,LEGACY_SOURCE_MANIFEST
SRC00376,K250507,https://www.accessdata.fda.gov/cdrh_docs/pdf25/K250507.pdf,510k_summary_pdf,b386ae9bfed9b3aeb22da92bb1cc5bb2cf3d4906918d67d880d5f5e6be6a65c3,11f8949824c421fd868aa47cd56f8635f5de8e312d12b8030decf0263c0a5a97,2026-06-30T13:21:06+00:00,success,LEGACY_SOURCE_MANIFEST
SRC00377,K251316,https://www.accessdata.fda.gov/scripts/cdrh/cfdocs/cfpmn/pmn.cfm?ID=K251316,fda_database_entry_html,634b870718a3b6d2149c43d5e1f7d35eb3ee92db3dad49a5b2653c5f8a1b94a2,c0da158f48f9b77447067b5a627cdc8fa44de1d266980b9718d03ad22cc9b424,2026-06-30T13:21:07+00:00,success,LEGACY_SOURCE_MANIFEST
SRC00378,K251316,https://www.accessdata.fda.gov/cdrh_docs/pdf25/K251316.pdf,510k_summary_pdf,8da3600f7580e90cce23c082956c57806ed65ff4627a919bf4039e90aa1c1a11,d108b217c4607541a990c20a2897db7d10319652c59e0ccd7add7b13a7c8d373,2026-06-30T13:21:11+00:00,success,LEGACY_SOURCE_MANIFEST
SRC00379,K244002,https://www.accessdata.fda.gov/scripts/cdrh/cfdocs/cfpmn/pmn.cfm?ID=K244002,fda_database_entry_html,ca34c2e6255158cd2bff27b581bfa4ed7f5f54ce4450bc61cb1b7564fbd20e75,50d8259cb9baee9401dd8da1e891ab7133812ab62cee6837b303e51c717a88e8,2026-06-30T13:21:14+00:00,success,LEGACY_SOURCE_MANIFEST
SRC00380,K244002,https://www.accessdata.fda.gov/cdrh_docs/pdf24/K244002.pdf,510k_summary_pdf,d5d8530c46dfb5825507b59c3d738d8e47770bc5a0ed4d24da2e780ff4c8799c,be44e5fc825b50d16a7a4eb0437423d23afabf11b1b31e07d056b5ff70c2b605,2026-06-30T13:21:16+00:00,success,LEGACY_SOURCE_MANIFEST
SRC00381,K251072,https://www.accessdata.fda.gov/scripts/cdrh/cfdocs/cfpmn/pmn.cfm?ID=K251072,fda_database_entry_html,96f1a370b07d16c8a01bb1b0b3d10ac6f6fcf4cc6dbe16fdfa7b2809cbc6239e,bee10fa4107c30fa6e1959fb8e39d39ebffd78cc87395c2b9f073d5aac336650,2026-06-30T13:21:16+00:00,success,LEGACY_SOURCE_MANIFEST
SRC00382,K251072,https://www.accessdata.fda.gov/cdrh_docs/pdf25/K251072.pdf,510k_summary_pdf,d0c0245b10bc7f74d4aca39ba59d63ce2b489ac268e2e27250d42026b5c08cc9,3431a00df1f193490bbac527e66e458172e94042fce6119c0210b2d0bb6a9810,2026-06-30T13:21:19+00:00,success,LEGACY_SOURCE_MANIFEST
SRC00383,K251682,https://www.accessdata.fda.gov/scripts/cdrh/cfdocs/cfpmn/pmn.cfm?ID=K251682,fda_database_entry_html,7d351c4dd1f407d4fe83451d2c78d8b4be056811c8c1eb762919bb63feb6a34d,b51c5f4e141e956f535c33abd1a779be573ea26273062a7f9906464718c92352,2026-06-30T13:21:25+00:00,success,LEGACY_SOURCE_MANIFEST
SRC00384,K251682,https://www.accessdata.fda.gov/cdrh_docs/pdf25/K251682.pdf,510k_summary_pdf,c06f79176620e07e2560770efaea1b95e2727dee00b8c21a912b5b05bcda230d,d034a422806077d1d735ad61f39898a5450a6f157b6320a46ab2f1a7150410aa,2026-06-30T13:21:32+00:00,success,LEGACY_SOURCE_MANIFEST
SRC00385,K251931,https://www.accessdata.fda.gov/scripts/cdrh/cfdocs/cfpmn/pmn.cfm?ID=K251931,fda_database_entry_html,c83d793d53e9f1acb41af8010e5da4c28de7b82e3023b6240cedbcc63666d99b,2039f5d980d28d968456f24943e4188d1d449c91b685300046cb8ef2c6316126,2026-06-30T13:21:26+00:00,success,LEGACY_SOURCE_MANIFEST
SRC00386,K251931,https://www.accessdata.fda.gov/cdrh_docs/pdf25/K251931.pdf,510k_summary_pdf,1acde8636f2866a5d48c16f9abff546c836720fe07d532c907b59eaf8d533bc3,a8f922d4cbcbffc0b72ba6dbfe370a5a1e38684f1041a79d990cc307a43d5c2a,2026-06-30T13:21:31+00:00,success,LEGACY_SOURCE_MANIFEST
SRC00387,K251610,https://www.accessdata.fda.gov/scripts/cdrh/cfdocs/cfpmn/pmn.cfm?ID=K251610,fda_database_entry_html,75af5ab790b54d2599a8a7c6f23c20484101d7f71c226b5963073a928a89f210,b9f078e11d3a134858fea3cc3305a7be46ed6ae701e8aed345a64a4bd0e738ac,2026-06-30T13:21:33+00:00,success,LEGACY_SOURCE_MANIFEST
SRC00388,K251610,https://www.accessdata.fda.gov/cdrh_docs/pdf25/K251610.pdf,510k_summary_pdf,a1d7f758ed01a17ab231cb3cd09dc26b5f5e3761dd01acc8522446d87be08b17,4e3cbffe37e94b2f0b3a6fcb46e77ccbf89e7fea4bcb353fd8f432ef6ece9133,2026-06-30T13:21:36+00:00,success,LEGACY_SOURCE_MANIFEST
SRC00389,K251533,https://www.accessdata.fda.gov/scripts/cdrh/cfdocs/cfpmn/pmn.cfm?ID=K251533,fda_database_entry_html,88a11713532b5135af889a3a00e948d869e0dd6150b1f71b5c5a9d2bcd1d51d1,8f7ff35fdb6c96ef83feedafdb92e1fc979802e87564bebe2ca0cb70a7ca333e,2026-06-30T13:21:38+00:00,success,LEGACY_SOURCE_MANIFEST
SRC00390,K251533,https://www.accessdata.fda.gov/cdrh_docs/pdf25/K251533.pdf,510k_summary_pdf,3f8be7c36b8e890482726782cc93902630a416d7dbcf5a451cb680a210e01c49,84114e2bc1d156230b6bca07fc7116758d5858c097f2533e82f0ca6374b4558b,2026-06-30T13:21:41+00:00,success,LEGACY_SOURCE_MANIFEST
SRC00391,K250064,https://www.accessdata.fda.gov/scripts/cdrh/cfdocs/cfpmn/pmn.cfm?ID=K250064,fda_database_entry_html,137ca2ff725d37dd7824bf23a9cef3f34f2e2dca6542baa65000c3cbfc6c92ed,1fda6245db45445b09803241e7db53882b8ae466568cb6de9a2c5c4bfa786072,2026-06-30T13:21:40+00:00,success,LEGACY_SOURCE_MANIFEST
SRC00392,K250064,https://www.accessdata.fda.gov/cdrh_docs/pdf25/K250064.pdf,510k_summary_pdf,186ba4cf26dc763cca8a484b2421957b6c38becd6673a43404b219d1be7efbb7,ef46aa7ac1e830fe319a0f70c78927c0217f8075e610eec06b128f9a134e975c,2026-06-30T13:21:43+00:00,success,LEGACY_SOURCE_MANIFEST
SRC00393,K251656,https://www.accessdata.fda.gov/scripts/cdrh/cfdocs/cfpmn/pmn.cfm?ID=K251656,fda_database_entry_html,ff5e84df561c405d787ba3da2e0dc131bab4d92b0f1e9ed884ee650a1546bf56,ffc122d3f1a690f479706249485d555f6f7d5b6386795e265c2061ace7bd6a74,2026-06-30T13:21:44+00:00,success,LEGACY_SOURCE_MANIFEST
SRC00394,K251656,https://www.accessdata.fda.gov/cdrh_docs/pdf25/K251656.pdf,510k_summary_pdf,ff55b234229fff7f7db137c5a721b0b69158e82d535b14099b22067580f8b3da,b34d1e4960f0864b7ea05b1c753c057d8b7d1c68822bdda1e9631785885c4123,2026-06-30T13:21:59+00:00,success,LEGACY_SOURCE_MANIFEST
SRC00395,K252539,https://www.accessdata.fda.gov/scripts/cdrh/cfdocs/cfpmn/pmn.cfm?ID=K252539,fda_database_entry_html,d8248b21986a275f44c86fbb238bd05ea84e17c7680f3610879342e992d3ee23,2ee93e6ba6d5ca77e4d141e55403e58de687af57535f874116807fce865e437c,2026-06-30T13:21:47+00:00,success,LEGACY_SOURCE_MANIFEST
SRC00396,K252539,https://www.accessdata.fda.gov/cdrh_docs/pdf25/K252539.pdf,510k_summary_pdf,7a7433809a958ebeb9450a83939547ecd7881e48fbf61ba4c9863d81bcab4586,2a56afc5f74230cf86bac54287387baba063273966cd6f5f338fa300ed2d39e5,2026-06-30T13:21:48+00:00,success,LEGACY_SOURCE_MANIFEST
SRC00397,K251408,https://www.accessdata.fda.gov/scripts/cdrh/cfdocs/cfpmn/pmn.cfm?ID=K251408,fda_database_entry_html,139ef60041c7cefa0186927f280d0b201b6711fdb3a90be4d1a2bb116046cfb5,547231b872faabafa3d256e1f0bc6226bb204a1fbcb433631dbb402bbed24321,2026-06-30T13:21:48+00:00,success,LEGACY_SOURCE_MANIFEST
SRC00398,K251408,https://www.accessdata.fda.gov/cdrh_docs/pdf25/K251408.pdf,510k_summary_pdf,7a1dc23a160ad00d017a0a52b18f59a04dcb45460b6eb5c11afbbaa6b90491c4,1b6d171c3241511458243d71d4344e57fd1739e0f67016cff5ca06ddf479acf5,2026-06-30T13:21:52+00:00,success,LEGACY_SOURCE_MANIFEST
SRC00399,K250753,https://www.accessdata.fda.gov/scripts/cdrh/cfdocs/cfpmn/pmn.cfm?ID=K250753,fda_database_entry_html,6981f6c8b9bcee72a1ccce8bc4358c26e6fbdfebeefa646f87c29978ef86f008,57059f8f0ed68b7d76d6fc890a1ddbaeb09e6744fde6269e056f77639900cb26,2026-06-30T13:21:49+00:00,success,LEGACY_SOURCE_MANIFEST
SRC00400,K250753,https://www.accessdata.fda.gov/cdrh_docs/pdf25/K250753.pdf,510k_summary_pdf,b782537440f10e93efdf10049179292879797e272be6c403c7b3ce5268edc687,6a86432112b1af2d2971b2f7672765b3f747b5f89261d25a01c5853230337fb7,2026-06-30T13:21:54+00:00,success,LEGACY_SOURCE_MANIFEST
SRC00401,K251106,https://www.accessdata.fda.gov/scripts/cdrh/cfdocs/cfpmn/pmn.cfm?ID=K251106,fda_database_entry_html,1906ca16f7c31819ee8952387869f360f7288ad6ec33f4fb958cd633fbb63cb1,061421594fc0397a4f74f7f7f6a78f115be1392e4d9e41c35bc68958edb834ec,2026-06-30T13:22:06+00:00,success,LEGACY_SOURCE_MANIFEST
SRC00402,K251106,https://www.accessdata.fda.gov/cdrh_docs/pdf25/K251106.pdf,510k_summary_pdf,81c2952167b547bde122e41b109ee490e01b9315246c7ed0a3b2c78459d3b72a,3b9abd75085e88a2a0892c9d3a10029d09767c223a94a3ead2f5e485c97fbff2,2026-06-30T13:22:08+00:00,success,LEGACY_SOURCE_MANIFEST
SRC00403,K250003,https://www.accessdata.fda.gov/scripts/cdrh/cfdocs/cfpmn/pmn.cfm?ID=K250003,fda_database_entry_html,dc1e5de379533f699b7ad3550d6618591deca04afcf24b19073580a46618a775,64e14261e5a06ecf00106ea109491fa2a7b1075fa65052ef60d6fa9edb010a79,2026-06-30T13:22:07+00:00,success,LEGACY_SOURCE_MANIFEST
SRC00404,K250003,https://www.accessdata.fda.gov/cdrh_docs/pdf25/K250003.pdf,510k_summary_pdf,ff4f00da2859e0af690d0e3323754bf4db4f4338960c1fa9d3ab8c27ed6752b1,533c2299a91825b40bacd15f8c4adfb963df41f03af11653d71ec071705490bf,2026-06-30T13:22:11+00:00,success,LEGACY_SOURCE_MANIFEST
SRC00405,K250003,http://www.accessdata.fda.gov/cdrh_docs/reviews/K250003.pdf,510k_summary_pdf,ff4f00da2859e0af690d0e3323754bf4db4f4338960c1fa9d3ab8c27ed6752b1,533c2299a91825b40bacd15f8c4adfb963df41f03af11653d71ec071705490bf,2026-06-30T13:22:29+00:00,success,LEGACY_SOURCE_MANIFEST
SRC00406,K250290,https://www.accessdata.fda.gov/scripts/cdrh/cfdocs/cfpmn/pmn.cfm?ID=K250290,fda_database_entry_html,75922f1365409d255a85c40d979b1b5d7d1f014dbbd960ba245beae4bddd94cf,6ad7a40180e2c3247ebfb00e577fcea9b220df990f3f1fdf73e3197bc3874bf0,2026-06-30T13:22:11+00:00,success,LEGACY_SOURCE_MANIFEST
SRC00407,K250290,https://www.accessdata.fda.gov/cdrh_docs/pdf25/K250290.pdf,510k_summary_pdf,6ad0597bfcff418e254ebba8bcbdba62243c994ed1838b7945a6aa702c122de2,d230c82a14459a52b73e6c7208dcb282aa9eded355a944cf85cd1559148af28e,2026-06-30T13:22:15+00:00,success,LEGACY_SOURCE_MANIFEST
SRC00408,K243859,https://www.accessdata.fda.gov/scripts/cdrh/cfdocs/cfpmn/pmn.cfm?ID=K243859,fda_database_entry_html,5f2943d429a1b5a7b2cb2d2a133da6377cdd9ea3cac7c16f387c2a0507ac769e,532136670f0b35afc06262a87f213f32a11cf7461d80644c2eb87962ed618838,2026-06-30T13:22:15+00:00,success,LEGACY_SOURCE_MANIFEST
SRC00409,K243859,https://www.accessdata.fda.gov/cdrh_docs/pdf24/K243859.pdf,510k_summary_pdf,254c86e9c00accfcbf841a174f57c988970bdddc5fe9a5d148b9c738e63f77a5,3afdfcf2f040d987b51965f19a190ea5dcb3b2b9bba71fa1f3b5335238f9e995,2026-06-30T13:22:20+00:00,success,LEGACY_SOURCE_MANIFEST
SRC00410,K250788,https://www.accessdata.fda.gov/scripts/cdrh/cfdocs/cfpmn/pmn.cfm?ID=K250788,fda_database_entry_html,73ddd3bfd6c5bd004410eb6dbc5971808f49fc203fdda09f8095a470c8010550,74440867fc7a6ccccdf8f1cc769ca9bc216a9dad8fa97284283cf12eaa1566f5,2026-06-30T13:22:21+00:00,success,LEGACY_SOURCE_MANIFEST
SRC00411,K250788,https://www.accessdata.fda.gov/cdrh_docs/pdf25/K250788.pdf,510k_summary_pdf,a0f3b1c09876ce7cc7635473cba5f42c77edb2a8ad7df4ddcc7fbf3484a7631e,6233bc9304f911df1898bfcacc0c923171312b673cf7aa9e3036d67680a43408,2026-06-30T13:22:24+00:00,success,LEGACY_SOURCE_MANIFEST
SRC00412,K243687,https://www.accessdata.fda.gov/scripts/cdrh/cfdocs/cfpmn/pmn.cfm?ID=K243687,fda_database_entry_html,335f92b0e638ecc307a569287479b74bd72569e30bf4bb2da55901db610dbbc4,c49f263d64b576e825f811e45ec3ba11854fcd092c57ac63f7b12a7ec92f55fd,2026-06-30T13:22:25+00:00,success,LEGACY_SOURCE_MANIFEST
SRC00413,K243687,https://www.accessdata.fda.gov/cdrh_docs/pdf24/K243687.pdf,510k_summary_pdf,3706dfe538d9933c636048ff476f36373389da1a3bb1a68a56696d4a98a93a0e,1770728e149a25cb6e7ae9aa5f0f1fc057421d83ec2d76140f512df68edb8536,2026-06-30T13:22:29+00:00,success,LEGACY_SOURCE_MANIFEST
SRC00414,K251983,https://www.accessdata.fda.gov/scripts/cdrh/cfdocs/cfpmn/pmn.cfm?ID=K251983,fda_database_entry_html,409767127e1f6e9370e6369fbfdc204d051003a78ec5b14525f2e2bd039c2249,5537e0ec33390ec1f1f48fd71ff46284ec715860a2cc41d048b178e4971c21b0,2026-06-30T13:22:29+00:00,success,LEGACY_SOURCE_MANIFEST
SRC00415,K251983,https://www.accessdata.fda.gov/cdrh_docs/pdf25/K251983.pdf,510k_summary_pdf,80327c30012bad1c19b63d5165ab2d763f04d931f57c40cddedbbaf15b84981e,1a85c6d517d9711aa945a6057f2b62fc72c7f2929b929d132c2f000f76dfde3c,2026-06-30T13:22:32+00:00,success,LEGACY_SOURCE_MANIFEST
SRC00416,K252362,https://www.accessdata.fda.gov/scripts/cdrh/cfdocs/cfpmn/pmn.cfm?ID=K252362,fda_database_entry_html,4ee7c403b83afa6461e60c4218b9468a9fbc0eb61e7cea721398eb4de1b6d39a,833cf55fa582d25580ed02602bf57d680f1488fe44562ab79feb3a3657a7d4bf,2026-06-30T13:22:30+00:00,success,LEGACY_SOURCE_MANIFEST
SRC00417,K252362,https://www.accessdata.fda.gov/cdrh_docs/pdf25/K252362.pdf,510k_summary_pdf,64b4f270cd298cd912f5a7995c02129790f69bb7782e0432d371b75f9abe1c1a,9179f9dbbcd45641295d26a09c0bac1ccbe312d8e71147df8048c0ed72f9fb40,2026-06-30T13:22:36+00:00,success,LEGACY_SOURCE_MANIFEST
SRC00418,K243685,https://www.accessdata.fda.gov/scripts/cdrh/cfdocs/cfpmn/pmn.cfm?ID=K243685,fda_database_entry_html,19f58ac574d75509bb78a4b5660f18b9209236b9711c16875b54789a6ebd5627,70d4ca7087b5f38f17a626ce57645b461d8fb541fc3ea72105e1f376d7c8c084,2026-06-30T13:22:33+00:00,success,LEGACY_SOURCE_MANIFEST
SRC00419,K243685,https://www.accessdata.fda.gov/cdrh_docs/pdf24/K243685.pdf,510k_summary_pdf,a672535dd6085c51a47cff590ba8e2ce985a3c4f6006dc5d0e382ec088faa1bf,dd49c83f22af9c86b8063de25257a07fafea101fad72ab4086862af225c1bfb8,2026-06-30T13:22:39+00:00,success,LEGACY_SOURCE_MANIFEST
SRC00420,K251029,https://www.accessdata.fda.gov/scripts/cdrh/cfdocs/cfpmn/pmn.cfm?ID=K251029,fda_database_entry_html,593a71422cd0cea807b4cc9a04e7a7b1be0774bc98caff1df0914f681066166b,2c1d83ee87d894b3d086884aa42340828ec889ba0518d0bd07776599e7237c56,2026-06-30T13:22:40+00:00,success,LEGACY_SOURCE_MANIFEST
SRC00421,K251029,https://www.accessdata.fda.gov/cdrh_docs/pdf25/K251029.pdf,510k_summary_pdf,fcc750d82c2d5c37d44646f270831553578717dd772117ef4f2d6604c5324af3,b5ef37591fed4adb311af2c59f3cade2eeb2d9b5e614cf148c92672d7f8ebe12,2026-06-30T13:22:41+00:00,success,LEGACY_SOURCE_MANIFEST
SRC00422,K251590,https://www.accessdata.fda.gov/scripts/cdrh/cfdocs/cfpmn/pmn.cfm?ID=K251590,fda_database_entry_html,4b2f6bdf148ad25904e4409454f24aa8a3700877320fc0780a00921dde94bafd,dd19d3689ecca8b73c3ad832d3e0efd6abff58abad1c418397ddd9257e62640d,2026-06-30T13:22:41+00:00,success,LEGACY_SOURCE_MANIFEST
SRC00423,K251590,https://www.accessdata.fda.gov/cdrh_docs/pdf25/K251590.pdf,510k_summary_pdf,08bcadf3b1f181a7204fdf028e504bce99982a0fce6e174a07ba3fdfcc81866c,29dcf66e4a32c85707895386f9646f4c9f7dcf69ca3e914a47d379b38879dfba,2026-06-30T13:22:47+00:00,success,LEGACY_SOURCE_MANIFEST
SRC00424,K251837,https://www.accessdata.fda.gov/scripts/cdrh/cfdocs/cfpmn/pmn.cfm?ID=K251837,fda_database_entry_html,9139010f96717597641a97567e6e16204918c78fbe27fca01bd5fcaba0a20b34,7cf8c32403fbf8480e9699c57e2793bff8ee1d4c6d730c4dae638e446c9da43c,2026-06-30T13:22:43+00:00,success,LEGACY_SOURCE_MANIFEST
SRC00425,K251837,https://www.accessdata.fda.gov/cdrh_docs/pdf25/K251837.pdf,510k_summary_pdf,4c563d034832e0fa65f6b81da94347122403eb9bf2a9ae5da7f4e363bfc77541,1867385ecb5630d00f4eef65d23dee2a2cd6624a604f9b782f4898340042daef,2026-06-30T13:22:44+00:00,success,LEGACY_SOURCE_MANIFEST
SRC00426,K251481,https://www.accessdata.fda.gov/scripts/cdrh/cfdocs/cfpmn/pmn.cfm?ID=K251481,fda_database_entry_html,a0873d0fc6cfb2eb4d7d00b637a11db834bdade0ce00dae1e0eaf8c18764299b,8fffabdfcddae8c6ae973487a176a4b37b94305c65d261f9e194083a47d6ffbe,2026-06-30T13:22:45+00:00,success,LEGACY_SOURCE_MANIFEST
SRC00427,K251481,https://www.accessdata.fda.gov/cdrh_docs/pdf25/K251481.pdf,510k_summary_pdf,0714746276497cd49658458c706620c7e4bff59b23ad6eaf4d5418e7fda15169,9aa640ca741d6aa687d5990faed9ec469d6416078de9cfb0e95020d23438fe50,2026-06-30T13:22:48+00:00,success,LEGACY_SOURCE_MANIFEST
SRC00428,K251747,https://www.accessdata.fda.gov/scripts/cdrh/cfdocs/cfpmn/pmn.cfm?ID=K251747,fda_database_entry_html,30d7806493665521d7c9065a8919aed623f0ad6fdadca064621429814aa539f6,3ce646fe139c788b8638b7ed331b10f4dcad4d3ed2919f25fdd3f475143619c7,2026-06-30T13:22:51+00:00,success,LEGACY_SOURCE_MANIFEST
SRC00429,K251747,https://www.accessdata.fda.gov/cdrh_docs/pdf25/K251747.pdf,510k_summary_pdf,999952775387f465c66e167698284af002c3886e93e0fc774c02ce7a9104e7ef,2465c70498c2063047663c4768d6f5081acfe07915035fe836a46dc1cc17c814,2026-06-30T13:22:51+00:00,success,LEGACY_SOURCE_MANIFEST
SRC00430,K250818,https://www.accessdata.fda.gov/scripts/cdrh/cfdocs/cfpmn/pmn.cfm?ID=K250818,fda_database_entry_html,d97d555d416be2ce7c94105e17c3a1ec785da52e46840a02ed348c4b99ede7d4,922681d62bbc5c3d46b28c393734aee51179b79240fecd39e2f895068173fcdf,2026-06-30T13:22:55+00:00,success,LEGACY_SOURCE_MANIFEST
SRC00431,K250818,https://www.accessdata.fda.gov/cdrh_docs/pdf25/K250818.pdf,510k_summary_pdf,3306fe31ccba248e3c766c507614e4c3748c15ca9777aede5c022e64a8b34a98,fb4bbf9ef61f7ceb7709736bc33aaf08ac8dd7e2df94a1c68310fa26532cc701,2026-06-30T13:22:58+00:00,success,LEGACY_SOURCE_MANIFEST
SRC00432,K243851,https://www.accessdata.fda.gov/scripts/cdrh/cfdocs/cfpmn/pmn.cfm?ID=K243851,fda_database_entry_html,ed835b6b3965f7cd7ce888a6580c5e8362daa0f12973cb485da6e394e4a02f1f,a44a3b2736379ac49bc5342b953a86ab7361fd69a796b7f0d943d229e405fd23,2026-06-30T13:22:57+00:00,success,LEGACY_SOURCE_MANIFEST
SRC00433,K243851,https://www.accessdata.fda.gov/cdrh_docs/pdf24/K243851.pdf,510k_summary_pdf,d5928c378ac7752e4d41780368b3547361cfb175d6be96aa3bfaee07a7343801,a8f2181d7aa037ab0a4bc8ef618ded21e754e61e918653cfc670887ef8101a3f,2026-06-30T13:22:58+00:00,success,LEGACY_SOURCE_MANIFEST
SRC00434,K250755,https://www.accessdata.fda.gov/scripts/cdrh/cfdocs/cfpmn/pmn.cfm?ID=K250755,fda_database_entry_html,042894a418578e1a8a8ffe413f6d12b4d3a181e122fe7c5869d9979180bc24ff,a10420f96c50ac4f452cb066d9e58697d65d78314d15d8a4505b49cad55848b6,2026-06-30T13:23:04+00:00,success,LEGACY_SOURCE_MANIFEST
SRC00435,K250755,https://www.accessdata.fda.gov/cdrh_docs/pdf25/K250755.pdf,510k_summary_pdf,dc1687fab6650678ac4be4cb50f16447d33a0ace7068204766fb70c3e0670f57,a2c6499754d9a2d4b9c4c4b3c59682dcaa3b142e94cfe1ff0ee6f5fd6e81caaa,2026-06-30T13:23:09+00:00,success,LEGACY_SOURCE_MANIFEST
SRC00436,K251494,https://www.accessdata.fda.gov/scripts/cdrh/cfdocs/cfpmn/pmn.cfm?ID=K251494,fda_database_entry_html,83c3765f105239b24b341c0ed54c169d864ba1872472b2761e61378ee66c8410,c07cf8325c6c52eff7da6a616473240ad962591cfa786cbd62a2812b3b3e44e3,2026-06-30T13:23:04+00:00,success,LEGACY_SOURCE_MANIFEST
SRC00437,K251494,https://www.accessdata.fda.gov/cdrh_docs/pdf25/K251494.pdf,510k_summary_pdf,8f5ded818d7012fc25be51bfc878d804ea85df978602a5d928d2a3c11a5e4382,599eed99bb4fbf108711cd358b3fa93cfe1ddf2f056e7475552ac4cf88ac68fd,2026-06-30T13:23:07+00:00,success,LEGACY_SOURCE_MANIFEST
SRC00438,K251873,https://www.accessdata.fda.gov/scripts/cdrh/cfdocs/cfpmn/pmn.cfm?ID=K251873,fda_database_entry_html,d8d063e9b8587d2a6ba51a1d48d55c91c435f001782ae5daa3efa53d95be1b2f,a22bf35108dd5855f9d9423bdf68564c71ca49255ccec43046669e195b433928,2026-06-30T13:23:13+00:00,success,LEGACY_SOURCE_MANIFEST
SRC00439,K251873,https://www.accessdata.fda.gov/cdrh_docs/pdf25/K251873.pdf,510k_summary_pdf,9626b6de84d364b4a408143a656fac5475cc29e6f17ed8e3880a820d51ccd4a4,562dffb21f1bf7778cd620ae9c2c9b523e6214322a192b3a8313d7e0c78c0dd4,2026-06-30T13:23:14+00:00,success,LEGACY_SOURCE_MANIFEST
SRC00440,K251629,https://www.accessdata.fda.gov/scripts/cdrh/cfdocs/cfpmn/pmn.cfm?ID=K251629,fda_database_entry_html,ab6b44de10affef0f25a2c971e49f5e49380d040ca0ee053371050c18cf49e8b,e298cbd97815d9260c6c0f92bca175307adbe8d4de92893ced404bde95e697fc,2026-06-30T13:23:13+00:00,success,LEGACY_SOURCE_MANIFEST
SRC00441,K251629,https://www.accessdata.fda.gov/cdrh_docs/pdf25/K251629.pdf,510k_summary_pdf,63c78a95bdd5edef8ec95a2fabf38dcd83a052e61f7535df52a5b5ccd58b206f,0659bc600c511bc1283478e9060f7946f57e07d3dce0523574d1036e990969e0,2026-06-30T13:23:16+00:00,success,LEGACY_SOURCE_MANIFEST
SRC00442,K250569,https://www.accessdata.fda.gov/scripts/cdrh/cfdocs/cfpmn/pmn.cfm?ID=K250569,fda_database_entry_html,27d3bf8c7345252654669dbdab97cd7fb93085b3962d3d6d49fc2dba16dde0c1,e748f6c70bfc99db681fc96048e2fa4a65c1980ec0ba9e2629e1bb2382a1033e,2026-06-30T13:23:13+00:00,success,LEGACY_SOURCE_MANIFEST
SRC00443,K250569,https://www.accessdata.fda.gov/cdrh_docs/pdf25/K250569.pdf,510k_summary_pdf,26945d5cbcc44138f742a980a4eeecd084e638ee987f3478ae876f880bc64c69,edaa01615d7c32c35bfa1b0d39097127d88c58ff77e85b173925798735f182e7,2026-06-30T13:23:16+00:00,success,LEGACY_SOURCE_MANIFEST
SRC00444,K250246,https://www.accessdata.fda.gov/scripts/cdrh/cfdocs/cfpmn/pmn.cfm?ID=K250246,fda_database_entry_html,876452f537bbe3cc94221c79cd948ebcb5a0f6e333bfaabf99341fb587adf4eb,7af736e48bd54f594a6926e216dbb1f57f380bd1c853c8e4465d04e8ffe25da6,2026-06-30T13:23:19+00:00,success,LEGACY_SOURCE_MANIFEST
SRC00445,K250246,https://www.accessdata.fda.gov/cdrh_docs/pdf25/K250246.pdf,510k_summary_pdf,6d5e03e9d498a358aa714965f4ed37a321f162763acffae148a6ccd74675b56e,d8ed6e267d805ffaaead4266fe807f4c0175b75711b0e65c3728e5c555afa12e,2026-06-30T13:23:21+00:00,success,LEGACY_SOURCE_MANIFEST
SRC00446,K250941,https://www.accessdata.fda.gov/scripts/cdrh/cfdocs/cfpmn/pmn.cfm?ID=K250941,fda_database_entry_html,79e36f51b27c29c73dfcc13a0a336a65b5019024cf24768f01a2ab5a535caabe,265b7a8c71f04d6e196289c40b726ae63b7387134a06bbeae8fc383dad9a8654,2026-06-30T13:23:19+00:00,success,LEGACY_SOURCE_MANIFEST
SRC00447,K250941,https://www.accessdata.fda.gov/cdrh_docs/pdf25/K250941.pdf,510k_summary_pdf,ad780ab6f3d270e6b6a6c3e744094d4bcbf1a5bc4ed15594bfe25a516592669a,1f7f786c759f21cbafdad1513d9e7686257f83aaf2220640af0e6b9f3c0e9925,2026-06-30T13:23:23+00:00,success,LEGACY_SOURCE_MANIFEST
SRC00448,K243341,https://www.accessdata.fda.gov/scripts/cdrh/cfdocs/cfpmn/pmn.cfm?ID=K243341,fda_database_entry_html,06d2f9b842faeed2cf6e05d99100cb19a6c244b1dfca4315df8be9468c3839ed,731fb6a70379163bfec23b07b37b5cb9fb21dfaca41ea2d64407d330b2d523dd,2026-06-30T13:23:25+00:00,success,LEGACY_SOURCE_MANIFEST
SRC00449,K243341,https://www.accessdata.fda.gov/cdrh_docs/pdf24/K243341.pdf,510k_summary_pdf,de424e09f616c9cb2330bbc96b962528ddf5e611fffc8caab7df756d115a3cd2,b1fb985656c3882a939d62f894825396eda192ee8c73ab0e72c2eb0c029df32f,2026-06-30T13:23:29+00:00,success,LEGACY_SOURCE_MANIFEST
SRC00450,K250738,https://www.accessdata.fda.gov/scripts/cdrh/cfdocs/cfpmn/pmn.cfm?ID=K250738,fda_database_entry_html,fba1baed972758385e099e87e02a6b2e8d5ab594cc0a062cfde86609892d4348,fffcbb0f3617b0fc38dca032f80005757de1b4e7d5809a6547e0dde9c0643bd5,2026-06-30T13:23:26+00:00,success,LEGACY_SOURCE_MANIFEST
SRC00451,K250738,https://www.accessdata.fda.gov/cdrh_docs/pdf25/K250738.pdf,510k_summary_pdf,2b75f55506f7c1c53df05cd7d5c1cd9d3c3cbb8e9e82857e441632c7590eefe5,6e40f6642e0e23265326a98202d3330bafff1a40b99c93f6cc9cbcf67c23d753,2026-06-30T13:23:33+00:00,success,LEGACY_SOURCE_MANIFEST
SRC00452,DEN240068,https://www.accessdata.fda.gov/scripts/cdrh/cfdocs/cfpmn/denovo.cfm?ID=DEN240068,fda_database_entry_html,7c6967498d01b7169025d025b4619c9ba6c52cc53c7f07a8fb8e1d7d7c470f2f,20f9e49009eae406c70fa1feee834951ebc3307eeb9578a942b1c010d4e290f0,2026-06-30T13:23:35+00:00,success,LEGACY_SOURCE_MANIFEST
SRC00453,DEN240068,https://www.accessdata.fda.gov/cdrh_docs/pdf24/DEN240068.pdf,approval_order_pdf,1bfc2180c0c4eddb77d2c49dfc3605491960d19b7f53b7719b491ce445a4b911,2f554339e61e7e5278c07310c18e08cfae760692e492dc458183eb9641d63c58,2026-06-30T13:23:40+00:00,success,LEGACY_SOURCE_MANIFEST
SRC00454,DEN240068,http://www.accessdata.fda.gov/cdrh_docs/reviews/DEN240068.pdf,de_novo_summary_pdf,51c08d0468074022599e719aca65174e083f0333d9ad616f0ceccba4753f6036,70cf290f68a8b0b9032e5be4a39c8d5796c4a896bb744599eedfbc1899c3aa06,2026-06-30T13:23:42+00:00,success,LEGACY_SOURCE_MANIFEST
SRC00455,K243919,https://www.accessdata.fda.gov/scripts/cdrh/cfdocs/cfpmn/pmn.cfm?ID=K243919,fda_database_entry_html,c52c729ab264fe11657ed9242b2ec6683d611fbf07d774e567dced74816270a8,9c3e6b1912c6544ab689d3c296f78541ca78abf14f79f69290e5a96b6d0b71cc,2026-06-30T13:23:35+00:00,success,LEGACY_SOURCE_MANIFEST
SRC00456,K243919,https://www.accessdata.fda.gov/cdrh_docs/pdf24/K243919.pdf,510k_summary_pdf,121c604d3b1b1a1e07098278d811d4180e5183a807aba24dd0f3e9e0e8bf41b1,ff44825118b689dbc27473f472c0e4f33353466eb9bc321d76f97c2371eb90ae,2026-06-30T13:23:38+00:00,success,LEGACY_SOURCE_MANIFEST
SRC00457,K250652,https://www.accessdata.fda.gov/scripts/cdrh/cfdocs/cfpmn/pmn.cfm?ID=K250652,fda_database_entry_html,3110c256c93af89c0a71c9d41e3827573d48f255de33bf6d04cd58b87a49d443,7b17046fcbf5dc4b2d7e4abb4664e95c0bd6ef3220bc00a29ccb90af385a8572,2026-06-30T13:23:41+00:00,success,LEGACY_SOURCE_MANIFEST
SRC00458,K250652,https://www.accessdata.fda.gov/cdrh_docs/pdf25/K250652.pdf,510k_summary_pdf,ee2f7278c7a7dfb5148543bffb528e8a2ef7c1598071787263a6b9985b8b9bac,dcf6c7e72f8d2a8584a4e4a8f6bbb5aeeb16e7bd58ebcacf96c47a38eec28fac,2026-06-30T13:23:44+00:00,success,LEGACY_SOURCE_MANIFEST
SRC00459,K251322,https://www.accessdata.fda.gov/scripts/cdrh/cfdocs/cfpmn/pmn.cfm?ID=K251322,fda_database_entry_html,4faf8aa7a5c3435fdf96e84ad04982c6a0831632bd07dabdf74f5cbefd2e5518,36f8ebda24acece3d2b995a2af04e41cce3762cff532369c6af4aea322d735af,2026-06-30T13:23:44+00:00,success,LEGACY_SOURCE_MANIFEST
SRC00460,K251322,https://www.accessdata.fda.gov/cdrh_docs/pdf25/K251322.pdf,510k_summary_pdf,10fdfccb7c088c87b11ad0a2740dab73f5b288ced17f760f0fb467f0c7137f7c,787ca91574352b7669d5482b60734cb43848867afc4d92b89dfedfb6ff89c179,2026-06-30T13:23:47+00:00,success,LEGACY_SOURCE_MANIFEST
SRC00461,K251455,https://www.accessdata.fda.gov/scripts/cdrh/cfdocs/cfpmn/pmn.cfm?ID=K251455,fda_database_entry_html,60379c48d163e3142777dcc04aa1493be5ac38445023e28543a9d53cb6a85ad2,808b0cb0f0d14e7a44498da6451dd862a14fa73de9a27b431bdd6a2fa3f1c713,2026-06-30T13:23:52+00:00,success,LEGACY_SOURCE_MANIFEST
SRC00462,K251455,https://www.accessdata.fda.gov/cdrh_docs/pdf25/K251455.pdf,510k_summary_pdf,1ef19f982b9845907d3e45ddae8f64b5216bb9e574b52f0d73a5fe8225ffddc4,f173350774ee442afc02ac9104db2c4863f3c7e7b39c9911f05619b4b0160852,2026-06-30T13:23:55+00:00,success,LEGACY_SOURCE_MANIFEST
SRC00463,K243681,https://www.accessdata.fda.gov/scripts/cdrh/cfdocs/cfpmn/pmn.cfm?ID=K243681,fda_database_entry_html,269885ba4bc456346a397f0a4f2c8ed5e82b9fc3c2bf7338240928fac04b04c7,01048d71361ecaaef731c3fed21ad31f9f3201f9f12c5e7d7b6ae92aa7c623e8,2026-06-30T13:23:53+00:00,success,LEGACY_SOURCE_MANIFEST
SRC00464,K243681,https://www.accessdata.fda.gov/cdrh_docs/pdf24/K243681.pdf,510k_summary_pdf,64249083bb1714d1c59d0fa2c5aec695e1d7d5d31ee2ddc3b12e9e4cd2ce08bf,18290864a47e53c79cddc4b17965058dd2b9a09c787d75ad478853627d09c2c1,2026-06-30T13:23:57+00:00,success,LEGACY_SOURCE_MANIFEST
SRC00465,K250901,https://www.accessdata.fda.gov/scripts/cdrh/cfdocs/cfpmn/pmn.cfm?ID=K250901,fda_database_entry_html,11e53135d83eb48d96833b37b13b8de28de5ebe6d8eed27b4fa45cf0ff96b849,bd4c09a12fddad45bdc46a8fa162790ca73c9d4f034901a9a45c7c90a7c4a753,2026-06-30T13:23:58+00:00,success,LEGACY_SOURCE_MANIFEST
SRC00466,K250901,https://www.accessdata.fda.gov/cdrh_docs/pdf25/K250901.pdf,510k_summary_pdf,11959d69540dd75d66c8c0d5fad66b8cef295fcfba8946ab625af86ed8b77b5d,430a4f2e61a8c02af1e4ea667d300a01b1937474461b5666e2812e5f97cbff71,2026-06-30T13:24:01+00:00,success,LEGACY_SOURCE_MANIFEST
SRC00467,K250686,https://www.accessdata.fda.gov/scripts/cdrh/cfdocs/cfpmn/pmn.cfm?ID=K250686,fda_database_entry_html,3f3a887b889bb48dd8077d207b73b038621c0eb9aaf2089fd83a53401b613954,8a666cfe025c4f9e2b389e0d3c080bb112ee3aa75c29c05e6e7891844b0bb92a,2026-06-30T13:24:00+00:00,success,LEGACY_SOURCE_MANIFEST
SRC00468,K250686,https://www.accessdata.fda.gov/cdrh_docs/pdf25/K250686.pdf,510k_summary_pdf,b126088edbd118bd86135e7dd29a2052c12dd4ec9593af06c1c7e1c9a6ffb959,58b6031f4b47e52138e87f930b3eb310b99232cd86356a6223989509bff2aebb,2026-06-30T13:24:07+00:00,success,LEGACY_SOURCE_MANIFEST
SRC00469,K250902,https://www.accessdata.fda.gov/scripts/cdrh/cfdocs/cfpmn/pmn.cfm?ID=K250902,fda_database_entry_html,68a4b8d4b49c74cd3c12c6086631819ba02aae61b566113a4c187b4411d88213,03e6547cf53f7a24cf93eafc319d0ebe1ac5a553c912f5e6526039b7028c7a63,2026-06-30T13:24:10+00:00,success,LEGACY_SOURCE_MANIFEST
SRC00470,K250902,https://www.accessdata.fda.gov/cdrh_docs/pdf25/K250902.pdf,510k_summary_pdf,1d499f7f3c8350d3c6cf976716b64a90aebd535b107e80239d4600e0f2a5e6a1,73208bd2810308bbff3c36ecfee857f6b831fb04f5a66210ceb31a501189b6ac,2026-06-30T13:24:13+00:00,success,LEGACY_SOURCE_MANIFEST
SRC00471,K250999,https://www.accessdata.fda.gov/scripts/cdrh/cfdocs/cfpmn/pmn.cfm?ID=K250999,fda_database_entry_html,5338a93600de132be9c0d7c88d57b683aa65723fd76f7ef36460dcb61a8ce56e,b55c74188e65e7f34218ab2f2ced0b203314d5c85e8405de776a9251bb45ecc0,2026-06-30T13:24:12+00:00,success,LEGACY_SOURCE_MANIFEST
SRC00472,K250999,https://www.accessdata.fda.gov/cdrh_docs/pdf25/K250999.pdf,510k_summary_pdf,0971470514dc5fc8b3c323af1f900d1ec42565a42a2eefe818e01d35aa3ca23e,382a0ecd31b41037198a4f6fb08f6023c66c6aeff6cbbd55bc2f979ec07e5419,2026-06-30T13:24:14+00:00,success,LEGACY_SOURCE_MANIFEST
SRC00473,K243547,https://www.accessdata.fda.gov/scripts/cdrh/cfdocs/cfpmn/pmn.cfm?ID=K243547,fda_database_entry_html,ab8f89df40c2a0a5df425564f746cdf23a33b2bc0836cd8a283955d4c3e3422c,fcbd34c0448be0bca3a2c00f88f19ef09902804200ddef8a675cf2ea85f226a1,2026-06-30T13:24:15+00:00,success,LEGACY_SOURCE_MANIFEST
SRC00474,K243547,https://www.accessdata.fda.gov/cdrh_docs/pdf24/K243547.pdf,510k_summary_pdf,2d9b11b6e4ef1e7cc6dc3acacf8a2993afb8546eabd8d561cefe6fd4e042ada5,86df7871f78c34b6d1f5b054db315caba6c16e9f7d08bc081e83f8911fca6727,2026-06-30T13:24:18+00:00,success,LEGACY_SOURCE_MANIFEST
SRC00475,K251839,https://www.accessdata.fda.gov/scripts/cdrh/cfdocs/cfpmn/pmn.cfm?ID=K251839,fda_database_entry_html,99f0ca982bc3afe411eb3c176007a3efa9e1bf41bfd2495bd0f3c1eba1f38933,98239424e4874d43f7e3ba32deda30d7c2da5e17a7c4eefadaa60095425d8dcb,2026-06-30T13:24:18+00:00,success,LEGACY_SOURCE_MANIFEST
SRC00476,K251839,https://www.accessdata.fda.gov/cdrh_docs/pdf25/K251839.pdf,510k_summary_pdf,8bd4158f5b24b9932bad27f85a6adf91aa89f8efcce28ffe2c142f87d17cd1b2,d2403f41fa4054b963d2a21fb3a9dcc531896295229565c20e8c38930cc02e04,2026-06-30T13:24:19+00:00,success,LEGACY_SOURCE_MANIFEST
SRC00477,K243397,https://www.accessdata.fda.gov/scripts/cdrh/cfdocs/cfpmn/pmn.cfm?ID=K243397,fda_database_entry_html,4e062ba06988aa707bd0a1b73954a518ba88fcbdb461a702680462659c665f71,87daef5facc981b7fe34ee70f239f8e21e445b71c714c2a1ca510ad7dd6f117d,2026-06-30T13:24:26+00:00,success,LEGACY_SOURCE_MANIFEST
SRC00478,K243397,https://www.accessdata.fda.gov/cdrh_docs/pdf24/K243397.pdf,510k_summary_pdf,148e066f8163e75953134c533694bb6e15013349e3a65a126608ef012e78bc34,7f2ae3cd6ad008f8dc3bdab775eac8ac708f85e7aa23d09228c5d10154bc426a,2026-06-30T13:24:31+00:00,success,LEGACY_SOURCE_MANIFEST
SRC00479,K251151,https://www.accessdata.fda.gov/scripts/cdrh/cfdocs/cfpmn/pmn.cfm?ID=K251151,fda_database_entry_html,479ac9ad870c2c5eaab8b95b686da8bfacbfdd042ae413b34cd46632bc17176d,7e9653095084ebf64d9a9c3e39f1f18257c715a3f32cb503847a42405bbe16ed,2026-06-30T13:24:35+00:00,success,LEGACY_SOURCE_MANIFEST
SRC00480,K251151,https://www.accessdata.fda.gov/cdrh_docs/pdf25/K251151.pdf,510k_summary_pdf,245316cc1639c56250256947b415a259c0f8fc34e509d4db0fd8d7b12f072ad2,d9bf6b349a90cbfe3f976f54c97cf79bcd053c5c87821bd805cd6671150f548b,2026-06-30T13:24:38+00:00,success,LEGACY_SOURCE_MANIFEST
SRC00481,K251342,https://www.accessdata.fda.gov/scripts/cdrh/cfdocs/cfpmn/pmn.cfm?ID=K251342,fda_database_entry_html,f1b5a9b8f8f232864becf33d79cc89c2207ada5fe338c630a0a7c3a7459c51bb,0069dfccc2fba9783289228485f11712388ea86b97d75e46c92065bc9c5cdcb9,2026-06-30T13:24:43+00:00,success,LEGACY_SOURCE_MANIFEST
SRC00482,K251342,https://www.accessdata.fda.gov/cdrh_docs/pdf25/K251342.pdf,510k_summary_pdf,2b11063581ef2367a1b6908d4eb3e92c9d5241ab285bf32e77e236909064588d,cf3f4c9f1b6d1afac51f77e4879c7bed6979a1a1fcfdb82eb1774da34df2db6a,2026-06-30T13:24:44+00:00,success,LEGACY_SOURCE_MANIFEST
SRC00483,K250119,https://www.accessdata.fda.gov/scripts/cdrh/cfdocs/cfpmn/pmn.cfm?ID=K250119,fda_database_entry_html,84aca65e4907cd95098a987e2417264097af73a4a00a7044c9d5b3bb1ce79940,07d9f789db05611a7c81fa88757223e807e16348b3df808df1913d54c9491e68,2026-06-30T13:24:44+00:00,success,LEGACY_SOURCE_MANIFEST
SRC00484,K250119,https://www.accessdata.fda.gov/cdrh_docs/pdf25/K250119.pdf,510k_summary_pdf,1bc3553649805435c64e09430c699c8e2d6556188e2ac715ffbcf20855295fd8,6aaf5ba3d2f9d53d7c12439cc467e0ce3ead1e80e9a19aa9c7e89ee9ae191e08,2026-06-30T13:24:50+00:00,success,LEGACY_SOURCE_MANIFEST
SRC00485,K251096,https://www.accessdata.fda.gov/scripts/cdrh/cfdocs/cfpmn/pmn.cfm?ID=K251096,fda_database_entry_html,32d58f98ccb786da42d4909938bbf3b4bbc86e14b538b872c8ac4effb738e6aa,2226943a4d3840b323b8b155d0f4d65d15ae03f1de2c1148dec3de0b80473cf4,2026-06-30T13:24:49+00:00,success,LEGACY_SOURCE_MANIFEST
SRC00486,K251096,https://www.accessdata.fda.gov/cdrh_docs/pdf25/K251096.pdf,510k_summary_pdf,f3b9e20c319deb76605daf7da806ba279a864e76c980c9131a88c3765be527b4,e9ed520f2df89e2117230a52e6e3aeb359000ffacc1c6cd4e22c20a3b0792dc0,2026-06-30T13:24:54+00:00,success,LEGACY_SOURCE_MANIFEST
SRC00487,K250660,https://www.accessdata.fda.gov/scripts/cdrh/cfdocs/cfpmn/pmn.cfm?ID=K250660,fda_database_entry_html,b51e38fa36293f8ae4692e83d4bf4aa1b6b4e105ef36105be87723403b6cf58a,91670311b58338fde820739b81473b2a662cd083209026ea8df72048650dda7b,2026-06-30T13:24:55+00:00,success,LEGACY_SOURCE_MANIFEST
SRC00488,K250660,https://www.accessdata.fda.gov/cdrh_docs/pdf25/K250660.pdf,510k_summary_pdf,ff7aebe758797971259fefe694fcc03cdcb34ac8eeb508d9cdf2ea457ace3877,8f7f579df6e4750ad25a8454aceb193f67a7136e54047cb3eb07d3b330d4d051,2026-06-30T13:24:59+00:00,success,LEGACY_SOURCE_MANIFEST
SRC00489,K251169,https://www.accessdata.fda.gov/scripts/cdrh/cfdocs/cfpmn/pmn.cfm?ID=K251169,fda_database_entry_html,7504b16bc55b4125f6c591a04d3437a0324649b5966ba61e10ce6f22498e4d81,8e022900ba93777d2fcabec3368d33187cc64bcf459cd5b9975163524dc65f2d,2026-06-30T13:24:58+00:00,success,LEGACY_SOURCE_MANIFEST
SRC00490,K251169,https://www.accessdata.fda.gov/cdrh_docs/pdf25/K251169.pdf,510k_summary_pdf,1cfe7e75ff27a57d90e27cf778f28c1fa2b9c7e9a7f4cfee383ea43bee717d13,bb3232cbb7c6d02ab72669f1a2c8a0d5644897d3989946f9e980a9058ee00897,2026-06-30T13:25:01+00:00,success,LEGACY_SOURCE_MANIFEST
SRC00491,K251766,https://www.accessdata.fda.gov/scripts/cdrh/cfdocs/cfpmn/pmn.cfm?ID=K251766,fda_database_entry_html,310563f90a3df07343b79aa1d468a8fc26c1a1cabbf764317e7bd9cafa6b4bcb,612017fc841d1f0411f190e1b337c357670331435ffa0f4bef05c77886e40160,2026-06-30T13:25:00+00:00,success,LEGACY_SOURCE_MANIFEST
SRC00492,K251766,https://www.accessdata.fda.gov/cdrh_docs/pdf25/K251766.pdf,510k_summary_pdf,58d0e9053e2aac899cb6c7c3f26b593a0fa9b1b9f6a12fd5da7404fbf4cea0c9,b68ae960ebede2f7dd170f0bfb5c1ea5428d6aa0ff42b0c43cdac7d6c080b5d9,2026-06-30T13:25:18+00:00,success,LEGACY_SOURCE_MANIFEST
SRC00493,K243884,https://www.accessdata.fda.gov/scripts/cdrh/cfdocs/cfpmn/pmn.cfm?ID=K243884,fda_database_entry_html,fe92379c323e9f0c10090d13d8d9afd18b17c07a990390cb68fdc4f47d3fae60,01b143909886b8de12e606f184022333b8bef2389b43813202904f94f554dfd7,2026-06-30T13:25:03+00:00,success,LEGACY_SOURCE_MANIFEST
SRC00494,K243884,https://www.accessdata.fda.gov/cdrh_docs/pdf24/K243884.pdf,510k_summary_pdf,87bdebaefd83625ea1b4f492af3238ba1e664b728255709b48b22d9072a2ac7d,3749f53cae2b1840098a951a19ca28ecd1272099c2876ca7be5cbd1b87b8ae78,2026-06-30T13:25:06+00:00,success,LEGACY_SOURCE_MANIFEST
SRC00495,K243679,https://www.accessdata.fda.gov/scripts/cdrh/cfdocs/cfpmn/pmn.cfm?ID=K243679,fda_database_entry_html,0eecdb6da4d99d10d835e89c117752a6248e9e030e5c6012c86dd02166f7b4a6,cb9d1b6a49d313f635a975d85d9127da7f267e5224c74b84cfe64b24e4b74789,2026-06-30T13:25:07+00:00,success,LEGACY_SOURCE_MANIFEST
SRC00496,K243679,https://www.accessdata.fda.gov/cdrh_docs/pdf24/K243679.pdf,510k_summary_pdf,f08462f8033c83426a2117dcecf2e9502a04b95f8fc087c2a5336d05577d0386,0c4a63369c21450141ddaedd6818720ec36d6af7602644f7befa8cf83104bea3,2026-06-30T13:25:15+00:00,success,LEGACY_SOURCE_MANIFEST
SRC00497,K251528,https://www.accessdata.fda.gov/scripts/cdrh/cfdocs/cfpmn/pmn.cfm?ID=K251528,fda_database_entry_html,0df449f1700e8c56c2137f31891c52c080d22714f7eca2e5b21e8ebb9efe7688,864200b16f1891da71063e64fe86da177d374bf24624fc0f71fe19bf123e56ca,2026-06-30T13:25:09+00:00,success,LEGACY_SOURCE_MANIFEST
SRC00498,K251528,https://www.accessdata.fda.gov/cdrh_docs/pdf25/K251528.pdf,510k_summary_pdf,8da8cf32c923c92f1e3d9a858ee4ecbc95ae11ed21e83a10d970f6bb3a6dd278,b06482c065d24893e6f1d0b1719c33e3f11d19a9b99071efbfd1ac1c2e930142,2026-06-30T13:25:12+00:00,success,LEGACY_SOURCE_MANIFEST
SRC00499,K250221,https://www.accessdata.fda.gov/scripts/cdrh/cfdocs/cfpmn/pmn.cfm?ID=K250221,fda_database_entry_html,6a0e65ba7002b2cde4210f4cca51913e69d2fdfb8f6867bf9ca4df7def17ecaf,40a9f5026f5e033a2c2f68393c011f3d92a8bca2977b89970e8967f374905988,2026-06-30T13:25:14+00:00,success,LEGACY_SOURCE_MANIFEST
SRC00500,K250221,https://www.accessdata.fda.gov/cdrh_docs/pdf25/K250221.pdf,510k_summary_pdf,d983f435ede1a9a5ad1a95f20401eea8eff83cad0f6035a04492f25012057a0d,47f854b17d6a44d72abe91a005ddb165529584ace0cca5298693fe978f039488,2026-06-30T13:25:26+00:00,success,LEGACY_SOURCE_MANIFEST
SRC00501,K243779,https://www.accessdata.fda.gov/scripts/cdrh/cfdocs/cfpmn/pmn.cfm?ID=K243779,fda_database_entry_html,5d991a61d0fe1fcbef957768c97aafdac360cefd41ecad10598efbeca2a1cf8f,d093c0141ebab1e6ddb10130f76a31fee1c757278db39700a2b3443a052d28a3,2026-06-30T13:25:26+00:00,success,LEGACY_SOURCE_MANIFEST
SRC00502,K243779,https://www.accessdata.fda.gov/cdrh_docs/pdf24/K243779.pdf,510k_summary_pdf,ec6badaca29a61f31120d6e5a09bb32798d9981d491e8f8a4113c7ea340f9b38,ee3dd8bf52c2b2a235fd27a4c7f752b3ef5c958b6488ae3037a24471e21ce9b4,2026-06-30T13:25:32+00:00,success,LEGACY_SOURCE_MANIFEST
SRC00503,K250096,https://www.accessdata.fda.gov/scripts/cdrh/cfdocs/cfpmn/pmn.cfm?ID=K250096,fda_database_entry_html,e8c841356fbc03bc15835464d8b32aa5584652cfde3c855d0acf3156a84830fc,f8df19143f09a2a3d5a875088c4e055f2445aac57bdb7c000c22a3049842b393,2026-06-30T13:25:31+00:00,success,LEGACY_SOURCE_MANIFEST
SRC00504,K250096,https://www.accessdata.fda.gov/cdrh_docs/pdf25/K250096.pdf,510k_summary_pdf,e37f3290d6bd006fdf63945c201869f1eb0f1cf1f0d41a198feb18fdcb0544ab,98282db941e836a1ee4923f6e85c828be29477f601379c8353668a338ee378b0,2026-06-30T13:25:34+00:00,success,LEGACY_SOURCE_MANIFEST
SRC00505,K250484,https://www.accessdata.fda.gov/scripts/cdrh/cfdocs/cfpmn/pmn.cfm?ID=K250484,fda_database_entry_html,e4d292a59d941de4020d50d77905b10ba8f333f145d223778e04ffbc2d933e16,6e7883a210fa1bf7875cd0b64ec84fd9316074b18ff36fd552fbb8e76fa5db47,2026-06-30T13:25:35+00:00,success,LEGACY_SOURCE_MANIFEST
SRC00506,K250484,https://www.accessdata.fda.gov/cdrh_docs/pdf25/K250484.pdf,510k_summary_pdf,4a47232e1e523caf20766cb811c879b14055d285ef56e1751f2471e9182179f6,ff0957b46e5f2cd09fc69094a89630942b09d14db48a39f2d8076b3da253b577,2026-06-30T13:25:41+00:00,success,LEGACY_SOURCE_MANIFEST
SRC00507,K243647,https://www.accessdata.fda.gov/scripts/cdrh/cfdocs/cfpmn/pmn.cfm?ID=K243647,fda_database_entry_html,764231212c97cf17808cb5186fed6398f12b5efebc7d93ef45c5028ccf9fae41,093be89e6c07a7450794c30270cbbfe81c43eda92140cd8ea918373ac07c003d,2026-06-30T13:25:43+00:00,success,LEGACY_SOURCE_MANIFEST
SRC00508,K243647,https://www.accessdata.fda.gov/cdrh_docs/pdf24/K243647.pdf,510k_summary_pdf,ddd9e7989af77c0665e5fb48e1a919fa7096c995a1d10876f49b1459e68b1b33,7014acb6903ce546779c96e93b1ed8ddcf5e16ca129fb0c62786752a06727b91,2026-06-30T13:25:44+00:00,success,LEGACY_SOURCE_MANIFEST
SRC00509,K250670,https://www.accessdata.fda.gov/scripts/cdrh/cfdocs/cfpmn/pmn.cfm?ID=K250670,fda_database_entry_html,2e6c8a17500976ce720fed6019b05b65f68bc48b8bd718216f47020df5bacfd1,27af004dac35f6fa760f4656261aeda7ae2fefff885c4489bfb3fdaef93de0d4,2026-06-30T13:25:43+00:00,success,LEGACY_SOURCE_MANIFEST
SRC00510,K250670,https://www.accessdata.fda.gov/cdrh_docs/pdf25/K250670.pdf,510k_summary_pdf,170c886b5e288ff98363c366cfcc608aef46d755f27ce7f432aa387cc302fe0d,9ad6e1c82991336cdbd0589574ece5ec3e9c61d38f0309046dff7ab5f833982d,2026-06-30T13:26:11+00:00,success,LEGACY_SOURCE_MANIFEST
SRC00511,K250984,https://www.accessdata.fda.gov/scripts/cdrh/cfdocs/cfpmn/pmn.cfm?ID=K250984,fda_database_entry_html,5cb0eb1c84fa517a857a70b6bec224358cd83ef2f542e4cd01bee9f6a9408cbe,5fdd1eabf1913a028c0149f30a4f9efa50859b6bc6e4a05a8d93e6c79e00c734,2026-06-30T13:25:48+00:00,success,LEGACY_SOURCE_MANIFEST
SRC00512,K250984,https://www.accessdata.fda.gov/cdrh_docs/pdf25/K250984.pdf,510k_summary_pdf,5fd895c4066c035a23a19d2ae6d433abfd85e41f5dee96bd26ac97fd67e91eea,99d6da70ea7bdafaad201d51901a87ce506df3eb8bff79efc0b8629376309ee5,2026-06-30T13:25:53+00:00,success,LEGACY_SOURCE_MANIFEST
SRC00513,K243144,https://www.accessdata.fda.gov/scripts/cdrh/cfdocs/cfpmn/pmn.cfm?ID=K243144,fda_database_entry_html,36808a6f75f5cb0b00e149fbb05e450aac88c6eaf6558fe2a19fbbef5aab7378,6c4e9dbfb0cc8c7ed70c8eef13172f44ed839cb0a48e256cecec55a41b3b1608,2026-06-30T13:25:52+00:00,success,LEGACY_SOURCE_MANIFEST
SRC00514,K243144,https://www.accessdata.fda.gov/cdrh_docs/pdf24/K243144.pdf,510k_summary_pdf,b765ef0dffcbdb7208bdade714fd9d44724c3f1601f1965b899ef0f132734f29,48eb2adc72c388ef816657327459efb117dcf9f243ccc0d4823108036c94cbbb,2026-06-30T13:25:58+00:00,success,LEGACY_SOURCE_MANIFEST
SRC00515,K243144,http://www.accessdata.fda.gov/cdrh_docs/reviews/K243144.pdf,510k_summary_pdf,b765ef0dffcbdb7208bdade714fd9d44724c3f1601f1965b899ef0f132734f29,48eb2adc72c388ef816657327459efb117dcf9f243ccc0d4823108036c94cbbb,2026-06-30T13:26:04+00:00,success,LEGACY_SOURCE_MANIFEST
SRC00516,K250268,https://www.accessdata.fda.gov/scripts/cdrh/cfdocs/cfpmn/pmn.cfm?ID=K250268,fda_database_entry_html,6e1a0f11e0e939afbb8d32092ed2bab1546781dac39515ec524221bfd51ff8e3,9042edc21f80dd923cfefbf0617f45d191cb3bf4c1ba07091eb4f85ef327bda4,2026-06-30T13:26:03+00:00,success,LEGACY_SOURCE_MANIFEST
SRC00517,K250268,https://www.accessdata.fda.gov/cdrh_docs/pdf25/K250268.pdf,510k_summary_pdf,a9ef3442b4a42dac19438ef307c4e155f41b033743093d454d1a8976a3b91cf9,d43344fa032f0d3ff4cee38883feb3228fed69c68ecbfc0a1171bb05f3da9f6d,2026-06-30T13:26:07+00:00,success,LEGACY_SOURCE_MANIFEST
SRC00518,K250877,https://www.accessdata.fda.gov/scripts/cdrh/cfdocs/cfpmn/pmn.cfm?ID=K250877,fda_database_entry_html,ef2771c8486a9056f1af6c88d55cb4c45e59553a24bb66c46f91cd28aab42094,ac8ae38407f58df3721e2d2a5353e3b6fc4a38a39e372d7c5dd962720032c5b2,2026-06-30T13:26:04+00:00,success,LEGACY_SOURCE_MANIFEST
SRC00519,K250877,https://www.accessdata.fda.gov/cdrh_docs/pdf25/K250877.pdf,510k_summary_pdf,a89ac1f6817d9abda5e46f00ee114e0185326790504e90f04a172721e7b477ac,a173846e4515fea32aeb7457f2d37a2ed986e84571d4cf4a5e0e6ab0e2d5de0f,2026-06-30T13:26:10+00:00,success,LEGACY_SOURCE_MANIFEST
SRC00520,K250151,https://www.accessdata.fda.gov/scripts/cdrh/cfdocs/cfpmn/pmn.cfm?ID=K250151,fda_database_entry_html,72910346b230febfae8afc141808bfe678ccf2eafb1a2cd130791f26eff519a7,928e84f8fae290b88dc85497eb272886d948c4491fcd3b87ad0ad0768de4d3ab,2026-06-30T13:26:07+00:00,success,LEGACY_SOURCE_MANIFEST
SRC00521,K250151,https://www.accessdata.fda.gov/cdrh_docs/pdf25/K250151.pdf,510k_summary_pdf,33cf590710c214a40f91121eb57814f3acea029c5a20e8c5ece6bad83c4aea8d,27c20bd9b0bad1d767df8d08f2ab1200ef9c06ba03c310a2e2cbf6e628cc0631,2026-06-30T13:26:11+00:00,success,LEGACY_SOURCE_MANIFEST
SRC00522,K250515,https://www.accessdata.fda.gov/scripts/cdrh/cfdocs/cfpmn/pmn.cfm?ID=K250515,fda_database_entry_html,d4c0861c373dc167f3bc9f47a4f86ff59dff641b659c53e68ad89b2edfe67b72,7f015b6b32e199513a1e4e4fa3948d014bff73735a7c23647e56025747cb9bba,2026-06-30T13:26:14+00:00,success,LEGACY_SOURCE_MANIFEST
SRC00523,K250515,https://www.accessdata.fda.gov/cdrh_docs/pdf25/K250515.pdf,510k_summary_pdf,595c5048b848b4dfc9a0cd3ca113e3f078d1afc6a3be7764934fcd6a18cbfd9e,649a9a519944fc7a79456cf6ae7972036d74058b453bc63d6c2532af08a4544c,2026-06-30T13:26:16+00:00,success,LEGACY_SOURCE_MANIFEST
SRC00524,K250886,https://www.accessdata.fda.gov/scripts/cdrh/cfdocs/cfpmn/pmn.cfm?ID=K250886,fda_database_entry_html,7878172546d77c3b27ea5fb7f56968656768b8dadffd1c4b71d0a65393531b10,add4e248fc944bdab856380cd81b88f21864cda636e03007ade49708cf3b0af5,2026-06-30T13:26:15+00:00,success,LEGACY_SOURCE_MANIFEST
SRC00525,K250886,https://www.accessdata.fda.gov/cdrh_docs/pdf25/K250886.pdf,510k_summary_pdf,28ec4ce1f720a48881143f9e17f3cccbede4c58811cc228c5f1107f040883562,50abd949d57288f39fed19cbecd095c93d7a7c57234fb400a2a3b93360d56812,2026-06-30T13:26:22+00:00,success,LEGACY_SOURCE_MANIFEST
SRC00526,K243253,https://www.accessdata.fda.gov/scripts/cdrh/cfdocs/cfpmn/pmn.cfm?ID=K243253,fda_database_entry_html,20e1d3b3f4a9d8a45be97156c36f35e3c686e606e264f9939b1b2f9181e4953d,ae1f3373b89f588bca6dec40f86e41734d357a7b27d0cc4449c0219cc6533556,2026-06-30T13:26:16+00:00,success,LEGACY_SOURCE_MANIFEST
SRC00527,K243253,https://www.accessdata.fda.gov/cdrh_docs/pdf24/K243253.pdf,510k_summary_pdf,0faf2c18d3dfd41801c64b157f92fea162f6450d4504f0377e606938dacf83e3,778100ec19024621e7fa02f3180f8a9b549638f9e8c36f5ce2873f3c6870d2ba,2026-06-30T13:26:20+00:00,success,LEGACY_SOURCE_MANIFEST
SRC00528,K243672,https://www.accessdata.fda.gov/scripts/cdrh/cfdocs/cfpmn/pmn.cfm?ID=K243672,fda_database_entry_html,7586105ea4e703c7e38e4948e893d0ad0ff1b77c64c51cf966d0af59667a7338,6f2cdd06f8691b60d848427082d7437b47c321750af674facef5367908221b3c,2026-06-30T13:26:23+00:00,success,LEGACY_SOURCE_MANIFEST
SRC00529,K243672,https://www.accessdata.fda.gov/cdrh_docs/pdf24/K243672.pdf,510k_summary_pdf,e18413a14959011b96ac453d8c6f330431bc17819e78a3e3201034928401bf2b,61685f0f761def34fe0ea24f559e529468ae85b52914217092ed36bef85b8155,2026-06-30T13:26:25+00:00,success,LEGACY_SOURCE_MANIFEST
SRC00530,K250440,https://www.accessdata.fda.gov/scripts/cdrh/cfdocs/cfpmn/pmn.cfm?ID=K250440,fda_database_entry_html,1fb6dc7738ad8566ec46e061b7bcc75d67e69d0268194bbee561c7024f7e712a,fc116f5dcf01e1016a9be2e0d5259cd91cb7c49efdee5be134ebfa9ed49e81fa,2026-06-30T13:26:26+00:00,success,LEGACY_SOURCE_MANIFEST
SRC00531,K250440,https://www.accessdata.fda.gov/cdrh_docs/pdf25/K250440.pdf,510k_summary_pdf,d44629a4952728f598dcf83b4a15c6e5e9d90994097b0f50642bb25eff39928a,e909787b26851fb89844b270c24a231b45b6a3aa3b7fb086e13f29a495805cff,2026-06-30T13:26:29+00:00,success,LEGACY_SOURCE_MANIFEST
SRC00532,K250436,https://www.accessdata.fda.gov/scripts/cdrh/cfdocs/cfpmn/pmn.cfm?ID=K250436,fda_database_entry_html,6dbe1fc235d76509265643f1efd1382e007df0a46f4810f85f7ed2126e213978,3545874492ad88e06c645afe6b8d11eac3a95276b0fe8e8360a806dbcda74456,2026-06-30T13:26:35+00:00,success,LEGACY_SOURCE_MANIFEST
SRC00533,K250436,https://www.accessdata.fda.gov/cdrh_docs/pdf25/K250436.pdf,510k_summary_pdf,2f32da1d27de2c9626673c23e29bd03a3465fc2e7cc0027ac1f637377ee9deee,baad3ae3872e1ead13fb3090c273647eeaf69ec2d3926d95e2933826976c8ac5,2026-06-30T13:26:36+00:00,success,LEGACY_SOURCE_MANIFEST
SRC00534,K250443,https://www.accessdata.fda.gov/scripts/cdrh/cfdocs/cfpmn/pmn.cfm?ID=K250443,fda_database_entry_html,e6ad5aed1e803edee1b0a581893b22a586427b2e24b42d050bed278494548117,eb42cf8465b740b593f79cff6d72dd940d40f0bf8169497e5436be7f58f021e1,2026-06-30T13:26:44+00:00,success,LEGACY_SOURCE_MANIFEST
SRC00535,K250443,https://www.accessdata.fda.gov/cdrh_docs/pdf25/K250443.pdf,510k_summary_pdf,80f29bd449041a6a7625789be9c28bc24114f951c8f47f9c5b9b30b4dc06e6c2,550be1d4149da5fb1d58a331a7d7e065ca3cb7fac29e4fb3da602878ca2bc19f,2026-06-30T13:26:50+00:00,success,LEGACY_SOURCE_MANIFEST
SRC00536,K250685,https://www.accessdata.fda.gov/scripts/cdrh/cfdocs/cfpmn/pmn.cfm?ID=K250685,fda_database_entry_html,25933d187b007f2551e8908c15c692119d55fee0ccdc6d73e23689f09dc652e8,7456e929c2c07005ba474d3d6c47e59171b662be3963abebaadabb304dee8feb,2026-06-30T13:26:45+00:00,success,LEGACY_SOURCE_MANIFEST
SRC00537,K250685,https://www.accessdata.fda.gov/cdrh_docs/pdf25/K250685.pdf,510k_summary_pdf,7928eefb9c06f05c6c4ddee5d1cf1d031100fe808bb3bdd9c237214766dafdf5,94b1a2a5b4c802188da35a793c4699ce3945debc732dcce514a7700312b140ac,2026-06-30T13:26:45+00:00,success,LEGACY_SOURCE_MANIFEST
SRC00538,K240795,https://www.accessdata.fda.gov/scripts/cdrh/cfdocs/cfpmn/pmn.cfm?ID=K240795,fda_database_entry_html,0f4f32a86c7fcfb068d341fb52a2c3c6272aed89f31a16a94a3db265317e6a8d,8768b3e9f55c30820fd9e256904354626a6c2c730f235978c2d69a8b3c749670,2026-06-30T13:26:48+00:00,success,LEGACY_SOURCE_MANIFEST
SRC00539,K240795,https://www.accessdata.fda.gov/cdrh_docs/pdf24/K240795.pdf,510k_summary_pdf,af5c297b332f83f6462ec13172d5f9968cf52326734ec14aaeae427fa0e0235b,a94b8eb475e2e25e53ae35c23b1cccf6ce01f9dd7758e036430d05efe551b92b,2026-06-30T13:26:49+00:00,success,LEGACY_SOURCE_MANIFEST
SRC00540,K243633,https://www.accessdata.fda.gov/scripts/cdrh/cfdocs/cfpmn/pmn.cfm?ID=K243633,fda_database_entry_html,caeecab80a544788608ff87662c2adc60b5493927be1fef9e18a33c7a9a56f6b,f77d9844676e6469ab950cb315eb877cc7e1bf3cc55b943eeb4764a64ceedc6e,2026-06-30T13:26:53+00:00,success,LEGACY_SOURCE_MANIFEST
SRC00541,K243633,https://www.accessdata.fda.gov/cdrh_docs/pdf24/K243633.pdf,510k_summary_pdf,0ab08a4e26b892adf4f50f781f7fde59cefbf0dbfab63f03eb0e36a0ffc2cd04,a12f45a62334483ddb04e763ceca282f11515b99c163e9296bdb91cd00d574ae,2026-06-30T13:26:55+00:00,success,LEGACY_SOURCE_MANIFEST
SRC00542,K243234,https://www.accessdata.fda.gov/scripts/cdrh/cfdocs/cfpmn/pmn.cfm?ID=K243234,fda_database_entry_html,9a2254db05cbadf91cc149f19dc9c2546a29cef1af86975025dc737bf4e24f04,177e95946a29d6c103bd81ac9e1c846789115b222694e92baa3ce64949c7a12d,2026-06-30T13:26:53+00:00,success,LEGACY_SOURCE_MANIFEST
SRC00543,K243234,https://www.accessdata.fda.gov/cdrh_docs/pdf24/K243234.pdf,510k_summary_pdf,6c63a1d1d2304d4c687741f32f5d3664391f9762af7556a03d2a43acbf06b9d2,4c388745eb1a27b9a234bee625c234eaf104a1ec57e5998e89d64e52c4867b09,2026-06-30T13:27:05+00:00,success,LEGACY_SOURCE_MANIFEST
SRC00544,K251153,https://www.accessdata.fda.gov/scripts/cdrh/cfdocs/cfpmn/pmn.cfm?ID=K251153,fda_database_entry_html,bde064daab8cbd0b54616d37976d6dbc317e15d0d3c512c094638bbc49fcba6e,911bc3adce1a486007a9d67272682a0e6f221e7c90ebf5f15fb77d0b953d088c,2026-06-30T13:26:54+00:00,success,LEGACY_SOURCE_MANIFEST
SRC00545,K251153,https://www.accessdata.fda.gov/cdrh_docs/pdf25/K251153.pdf,510k_summary_pdf,27b63365bd23076a8fc050d69dc263920cb881ade20bf5d038c3df5c4334d649,ec92d1af3eb1d60ff5b76a1af72f413a2091a105f4babbf2f8b06a72a72c250a,2026-06-30T13:26:56+00:00,success,LEGACY_SOURCE_MANIFEST
SRC00546,K250354,https://www.accessdata.fda.gov/scripts/cdrh/cfdocs/cfpmn/pmn.cfm?ID=K250354,fda_database_entry_html,341944de0e376be4baa50ca9ede48568f486a1276d42c906a8c37528536d2aea,2cb8fdd16d684d1d91b54d7d9dfbd7e0f0da6bcb1ea23f97c7b84c9ecc804a5d,2026-06-30T13:26:56+00:00,success,LEGACY_SOURCE_MANIFEST
SRC00547,K250354,https://www.accessdata.fda.gov/cdrh_docs/pdf25/K250354.pdf,510k_summary_pdf,c23194d1491784ee154a3b14a0636b1972c09c3928060cb7b3b61abdafb4af50,9afcb16dc5a599632ee7883055d87e34f2851b2c74b639c7c4ac5802f258753f,2026-06-30T13:26:57+00:00,success,LEGACY_SOURCE_MANIFEST
SRC00548,K251009,https://www.accessdata.fda.gov/scripts/cdrh/cfdocs/cfpmn/pmn.cfm?ID=K251009,fda_database_entry_html,06668266b20a325e4baec9d96bda1ff72f0df55a87f7080e2b3dac05a297ad97,ccc267c81916e44502e4f72512fd04a43429a30cc73fb87658e3abbd7c1363f8,2026-06-30T13:27:00+00:00,success,LEGACY_SOURCE_MANIFEST
SRC00549,K251009,https://www.accessdata.fda.gov/cdrh_docs/pdf25/K251009.pdf,510k_summary_pdf,e7eab2af43e6efebb7706d8ebf3c2c942004a7a3d32673268b446d0e423c3746,cdb6c6558f946024326f4c3b557fd1219cac19f712458db4c7127ec60eb5ba69,2026-06-30T13:27:03+00:00,success,LEGACY_SOURCE_MANIFEST
SRC00550,K242737,https://www.accessdata.fda.gov/scripts/cdrh/cfdocs/cfpmn/pmn.cfm?ID=K242737,fda_database_entry_html,b1fad5c2f55de18443d2133932dec9d97a741a695878819c82c6a3464f508c4c,e86d37b6bbdbc4c14e744d03d33a6754f73d23df1506fd32dd31fe718179fb0d,2026-06-30T13:27:01+00:00,success,LEGACY_SOURCE_MANIFEST
SRC00551,K242737,https://www.accessdata.fda.gov/cdrh_docs/pdf24/K242737.pdf,510k_summary_pdf,6162adf9de62850cd30c87145cb5185e017922c71916d21c96e02e57b7f152f3,d04b1c7be5439bf33a0da91e7f758622e5d61f6bf6dbd5c7c1ba01828590ab74,2026-06-30T13:27:10+00:00,success,LEGACY_SOURCE_MANIFEST
SRC00552,K251456,https://www.accessdata.fda.gov/scripts/cdrh/cfdocs/cfpmn/pmn.cfm?ID=K251456,fda_database_entry_html,8d5316a5c015bb1bd5862262131b4a578780edfa035e930cf8cd78b858b92498,ccbc3d7015de440b8dc6a21826fa251b2b0cf26edec45d5901575a5c3217874d,2026-06-30T13:27:03+00:00,success,LEGACY_SOURCE_MANIFEST
SRC00553,K251456,https://www.accessdata.fda.gov/cdrh_docs/pdf25/K251456.pdf,510k_summary_pdf,0a966376714ab367f8214ca290aeb74d1d665d65f9b629f228a61b942f39bed5,124ac730a7bff02e4ce0305f22c6643d29ca6d366d9d7cd068494ab16cefe166,2026-06-30T13:27:12+00:00,success,LEGACY_SOURCE_MANIFEST
SRC00554,K243667,https://www.accessdata.fda.gov/scripts/cdrh/cfdocs/cfpmn/pmn.cfm?ID=K243667,fda_database_entry_html,8cca65c9f786c148f827927176b5070b6cebca1071f6506a8ece96b6a0f744d6,fd2ed6832314acab5d0059bb1dcc8eb7dd1a520aca4620c9cae203a69d8922df,2026-06-30T13:27:09+00:00,success,LEGACY_SOURCE_MANIFEST
SRC00555,K243667,https://www.accessdata.fda.gov/cdrh_docs/pdf24/K243667.pdf,510k_summary_pdf,6a83ccc64b427e40dbe45e04fcc21bdb65ff9a9af9510f0ebf6d391943c8f096,9afb37eb4d2c82d76f73cb71d8559d606b7e2dcc4b58141759159e61710551a1,2026-06-30T13:27:10+00:00,success,LEGACY_SOURCE_MANIFEST
SRC00556,K251397,https://www.accessdata.fda.gov/scripts/cdrh/cfdocs/cfpmn/pmn.cfm?ID=K251397,fda_database_entry_html,6027372dba87e3a080956d196502bb6b61972b094c3c62579d0bdee964e5e207,a52070904310b4701da9d3715cc70252c2f19fee9dd27b89e811043c80e5cf4e,2026-06-30T13:27:09+00:00,success,LEGACY_SOURCE_MANIFEST
SRC00557,K251397,https://www.accessdata.fda.gov/cdrh_docs/pdf25/K251397.pdf,510k_summary_pdf,86ecfbf3512cf1cd89ace55e82ef4d569ae5568976ec30eab54fdf55fcc78096,5ce354c2ab0ca0b9bb8be17a7a46e3e77832c7cbb4a0a65439d8ae0f1e6c6e0c,2026-06-30T13:27:11+00:00,success,LEGACY_SOURCE_MANIFEST
SRC00558,K243810,https://www.accessdata.fda.gov/scripts/cdrh/cfdocs/cfpmn/pmn.cfm?ID=K243810,fda_database_entry_html,729f909278f374cd41a27f56832ed46e86ae6aa70bf923d3316ed046e3752ed2,51bcd5384059929fb1c02fc29104fedc77e470b02f312f723085a274881e6524,2026-06-30T13:27:16+00:00,success,LEGACY_SOURCE_MANIFEST
SRC00559,K243810,https://www.accessdata.fda.gov/cdrh_docs/pdf24/K243810.pdf,510k_summary_pdf,8f3175ccaba3015e173e6cfc1a7d77bbae00a767c1d92251f70bf9209139d470,c44f8afb028c562cc0a9205f50abfde318ce08dd92b10051dcf6d054c35fbd0d,2026-06-30T13:27:36+00:00,success,LEGACY_SOURCE_MANIFEST
SRC00560,K250749,https://www.accessdata.fda.gov/scripts/cdrh/cfdocs/cfpmn/pmn.cfm?ID=K250749,fda_database_entry_html,c01eaa270130fae40041d9e4fdd12e15b6e9eeaf2d8b71e64804a956b2260fbe,c8351dabccf161e2f860be173feb14c181953b763afa5f377dd48ecf9b9e1615,2026-06-30T13:27:19+00:00,success,LEGACY_SOURCE_MANIFEST
SRC00561,K250749,https://www.accessdata.fda.gov/cdrh_docs/pdf25/K250749.pdf,510k_summary_pdf,2800c0c046a241b2ae967b3723841cfb81ca715ea33d269973374a5a7b1c1eba,f7739618011d0cb9bb96bef89d0fd2abcb0b2da70a85c865ecaac2ab03ae812c,2026-06-30T13:27:20+00:00,success,LEGACY_SOURCE_MANIFEST
SRC00562,K243005,https://www.accessdata.fda.gov/scripts/cdrh/cfdocs/cfpmn/pmn.cfm?ID=K243005,fda_database_entry_html,56f575f9df2b65500eca2b35488eb10b48be834f4d37cc2e281833860d9ddd4f,951dff383f78904a04202d7ade548e4013439c870809c10f1674992257dd9b60,2026-06-30T13:27:25+00:00,success,LEGACY_SOURCE_MANIFEST
SRC00563,K243005,https://www.accessdata.fda.gov/cdrh_docs/pdf24/K243005.pdf,510k_summary_pdf,ae343971334bb95e0fdd6d1f5b69e7e55a28c62f61d7b29fb2b1b87714bd8094,caf321d52c5169ce4129333b5281084486ee261557a090298737cd5395b711f5,2026-06-30T13:27:34+00:00,success,LEGACY_SOURCE_MANIFEST
SRC00564,K250236,https://www.accessdata.fda.gov/scripts/cdrh/cfdocs/cfpmn/pmn.cfm?ID=K250236,fda_database_entry_html,834d4bb0ae905bbcb393c7e8a2320003b2812e1889ad6abf81a154c9a19de281,506ff2f9dab2bfa59de0029cbac68ba6bfd86e7699991ebd861badb12feaf386,2026-06-30T13:27:25+00:00,success,LEGACY_SOURCE_MANIFEST
SRC00565,K250236,https://www.accessdata.fda.gov/cdrh_docs/pdf25/K250236.pdf,510k_summary_pdf,0202efe7ddaf68243958328259405ae9e4487fc0cc05f487c6c048294d7685b9,0b1903dd1c2f914ee3296808939380ed5f8d8f959d58d86a68bab87e342fd3e6,2026-06-30T13:27:28+00:00,success,LEGACY_SOURCE_MANIFEST
SRC00566,K243863,https://www.accessdata.fda.gov/scripts/cdrh/cfdocs/cfpmn/pmn.cfm?ID=K243863,fda_database_entry_html,d0667116123f7bf9fb69d8dbb90ee4956c22a620a03384863f5fb16d707d31a7,d13e6bab6ac22e8232d2acd1ea7c96443c1af3d354ad203db2dbf825bd5752f7,2026-06-30T13:27:28+00:00,success,LEGACY_SOURCE_MANIFEST
SRC00567,K243863,https://www.accessdata.fda.gov/cdrh_docs/pdf24/K243863.pdf,510k_summary_pdf,f62c8776e796573dfbb78ebe18d442d37d55e6de34a04b5f71f5734a38d5b2d0,f662f0e68709df9b349c6312e3b364032a09e24d1a10f080b03e3a63b7c4dec4,2026-06-30T13:27:32+00:00,success,LEGACY_SOURCE_MANIFEST
SRC00568,DEN240047,https://www.accessdata.fda.gov/scripts/cdrh/cfdocs/cfpmn/denovo.cfm?ID=DEN240047,fda_database_entry_html,bff8ff1a1dfd84c564fcd85e3fbce16bca160c48e5a53bfd3178730e1e946d02,e3b6ccf809f7b4042b366871301ba753fd327cd26ed1b6066819353c91e81399,2026-06-30T13:27:31+00:00,success,LEGACY_SOURCE_MANIFEST
SRC00569,DEN240047,https://www.accessdata.fda.gov/cdrh_docs/pdf24/DEN240047.pdf,approval_order_pdf,502096e0212530301119cd8433ac9fa588add3ea546a543c2bb8d52f343157b5,02922050945266ea0c55230700d64c59be073f8e608274b42c00880796d0a98a,2026-06-30T13:27:57+00:00,success,LEGACY_SOURCE_MANIFEST
SRC00570,DEN240047,http://www.accessdata.fda.gov/cdrh_docs/reviews/DEN240047.pdf,de_novo_summary_pdf,e3b4c5a7d584aef233f6ba8cab1ecc94aea61c02547f42130eb9f22a9534711d,a5c25b6d0d4998ca191ee99e03a7085c32780e61573085bb527c3742f42944b1,2026-06-30T13:28:00+00:00,success,LEGACY_SOURCE_MANIFEST
SRC00571,K251406,https://www.accessdata.fda.gov/scripts/cdrh/cfdocs/cfpmn/pmn.cfm?ID=K251406,fda_database_entry_html,bf61f9a1210e0990e8b53998d79150d3a947fd7221cc1143e5334f7b34bcb7d5,5f06e098f2af6a1396f0e168249a232c9fa112649446b46d678705269ed331c5,2026-06-30T13:27:38+00:00,success,LEGACY_SOURCE_MANIFEST
SRC00572,K251406,https://www.accessdata.fda.gov/cdrh_docs/pdf25/K251406.pdf,510k_summary_pdf,5707979929ff3213b8e942a0b2293d381abfbfbf49663c3e8cff6649f9b28d78,c7c7669516d699b20442de6ac72199217b203f879bb1d948f5c0686ed9d02f8d,2026-06-30T13:27:39+00:00,success,LEGACY_SOURCE_MANIFEST
SRC00573,K242830,https://www.accessdata.fda.gov/scripts/cdrh/cfdocs/cfpmn/pmn.cfm?ID=K242830,fda_database_entry_html,4c755060c426a2ca248be9d5188cee979eccae411eb8020644e2e9fe1fa3c35f,bbfe946c8d5f3f86925d9800e826032d709758625a4eb1c920b498278c621ac7,2026-06-30T13:27:48+00:00,success,LEGACY_SOURCE_MANIFEST
SRC00574,K242830,https://www.accessdata.fda.gov/cdrh_docs/pdf24/K242830.pdf,510k_summary_pdf,4fec5a9ba33a20c13eac890fe11437a0f306377c898262210ca9e6d6ed10469f,25bbe0db5ceba65a7a361bc91f8a38b2dd1503346920ae4e72add26f0ad9d1ba,2026-06-30T13:27:52+00:00,success,LEGACY_SOURCE_MANIFEST
SRC00575,K242830,http://www.accessdata.fda.gov/cdrh_docs/reviews/K242830.pdf,510k_summary_pdf,4fec5a9ba33a20c13eac890fe11437a0f306377c898262210ca9e6d6ed10469f,25bbe0db5ceba65a7a361bc91f8a38b2dd1503346920ae4e72add26f0ad9d1ba,2026-06-30T13:28:04+00:00,success,LEGACY_SOURCE_MANIFEST
SRC00576,K250543,https://www.accessdata.fda.gov/scripts/cdrh/cfdocs/cfpmn/pmn.cfm?ID=K250543,fda_database_entry_html,7e4ca8d26dc5e910997a9b6623ddc7e3b0f99d23e1928cafd7829802014ac76b,b6f73e5dda52b551e50b2ab0f08d5c14e024983ac7d9f8f73f87038c12f1cb7c,2026-06-30T13:27:49+00:00,success,LEGACY_SOURCE_MANIFEST
SRC00577,K250543,https://www.accessdata.fda.gov/cdrh_docs/pdf25/K250543.pdf,510k_summary_pdf,ac4a4d4689bbaee46b35b694a000f684237fbe7c9507db132ee2cb3060fd220c,b79b22e8fe55501e59bf55d0799673b780c88099d7f4fad26be134c2460dfc7d,2026-06-30T13:27:55+00:00,success,LEGACY_SOURCE_MANIFEST
SRC00578,K250367,https://www.accessdata.fda.gov/scripts/cdrh/cfdocs/cfpmn/pmn.cfm?ID=K250367,fda_database_entry_html,398d33a405661c38cba0a8ad4728438ac28b6d508ff3b2a8da1a1c14275c1fc2,59372832577c24ab86005db731bbaaf09106fc3e9fa5668da003ef31f2d42efd,2026-06-30T13:27:58+00:00,success,LEGACY_SOURCE_MANIFEST
SRC00579,K250367,https://www.accessdata.fda.gov/cdrh_docs/pdf25/K250367.pdf,510k_summary_pdf,9da51b49f12093c7dd341593097dcbe8075abef1bfcc27c8ed1ca2010f78fdeb,c96bed9299f5f10a8d2ee450aa00306984cc993a48ae8855fa78d304fec222ed,2026-06-30T13:28:01+00:00,success,LEGACY_SOURCE_MANIFEST
SRC00580,K250427,https://www.accessdata.fda.gov/scripts/cdrh/cfdocs/cfpmn/pmn.cfm?ID=K250427,fda_database_entry_html,9302bd82b8422a9e29b1393597993965ee280b3bca962a417349990bf26689de,47b61e8391b6869b9682aaae782fcb8e5fa8b2d228f9a674b373ba64f3c11e80,2026-06-30T13:28:03+00:00,success,LEGACY_SOURCE_MANIFEST
SRC00581,K250427,https://www.accessdata.fda.gov/cdrh_docs/pdf25/K250427.pdf,510k_summary_pdf,161cb52133fffb2cb4d298601ce8c4f5b71085db1a4218e3d2e104df80b76ddb,a3fba063b31fb6fef69ef1f9fac5bd9902f3583b9e5c98cd49cc0c3d3d2de09b,2026-06-30T13:28:05+00:00,success,LEGACY_SOURCE_MANIFEST
SRC00582,K243378,https://www.accessdata.fda.gov/scripts/cdrh/cfdocs/cfpmn/pmn.cfm?ID=K243378,fda_database_entry_html,f3e00247160f306b378fbf2de31cda78998a00d2b3bc9dc2a973cdcb854f1a79,39d19c3fb0d0ae7cc4b9571f050e3e279e843f8f2610f9910138e80ee2742dac,2026-06-30T13:28:04+00:00,success,LEGACY_SOURCE_MANIFEST
SRC00583,K243378,https://www.accessdata.fda.gov/cdrh_docs/pdf24/K243378.pdf,510k_summary_pdf,0192ea979104a100a72f918691fab05d37bbc022aefc721efb0101178d307aad,5a24d67960b3b16e5082e15f0aec335536b47bd199bd1d263ca0c5413fdbc846,2026-06-30T13:28:06+00:00,success,LEGACY_SOURCE_MANIFEST
SRC00584,K250932,https://www.accessdata.fda.gov/scripts/cdrh/cfdocs/cfpmn/pmn.cfm?ID=K250932,fda_database_entry_html,086a6870349a8f53c6b6986b611e026d52d7642c5267b3a08b578820c5c2f1d5,f5568d8f4d866e8655ed2ad89470b81ab46df8671a78e079c7773442f82bc82a,2026-06-30T13:28:04+00:00,success,LEGACY_SOURCE_MANIFEST
SRC00585,K250932,https://www.accessdata.fda.gov/cdrh_docs/pdf25/K250932.pdf,510k_summary_pdf,ae6c60111f1f10c20e01a173db8c201d08e507f37d40dc91709d4c1c0aeb0de0,8dcbd1be464a5949cac153a124eb98246acf980a34f2684df9bfeded89813413,2026-06-30T13:28:12+00:00,success,LEGACY_SOURCE_MANIFEST
SRC00586,K243937,https://www.accessdata.fda.gov/scripts/cdrh/cfdocs/cfpmn/pmn.cfm?ID=K243937,fda_database_entry_html,dc1d3456fde3c415da80e4086cb7ed02b80dbaf9486fba77b344827da891b19d,528a312b4a20728a68f5249432c8d5f5040f68ebe80032c4239980f44ba2bd4d,2026-06-30T13:28:09+00:00,success,LEGACY_SOURCE_MANIFEST
SRC00587,K243937,https://www.accessdata.fda.gov/cdrh_docs/pdf24/K243937.pdf,510k_summary_pdf,07458fe01a18de8b32bd4c50c7e7066bad3c3ac38bcee3b62c72acef239212bd,20d4c77e84b5df2b179e265305db9700b2da3eae5bbe4b8e8496bdeaf81b3575,2026-06-30T13:28:13+00:00,success,LEGACY_SOURCE_MANIFEST
SRC00588,K242594,https://www.accessdata.fda.gov/scripts/cdrh/cfdocs/cfpmn/pmn.cfm?ID=K242594,fda_database_entry_html,bfeea3e5612b9fbffd17a8d59c7ada061a484efd54f1654d6d9848c498bbaeb6,26a9a096b56ed650e9ba47ec20f047a914a9f2c5f51d4f506da347064b5b901b,2026-06-30T13:28:09+00:00,success,LEGACY_SOURCE_MANIFEST
SRC00589,K242594,https://www.accessdata.fda.gov/cdrh_docs/pdf24/K242594.pdf,510k_summary_pdf,d278e0874f19f0a71a51d4126ced6f736b5dad5e9fe0c29ed84af52c9f1ab240,812c5cce47a54ce9228566731e61802190d560f3fe6a145702b8ffb170844c7b,2026-06-30T13:28:14+00:00,success,LEGACY_SOURCE_MANIFEST
SRC00590,K250005,https://www.accessdata.fda.gov/scripts/cdrh/cfdocs/cfpmn/pmn.cfm?ID=K250005,fda_database_entry_html,ac8d9ea5663971081fde45c7d282ecc17147a2beef95055d15edb5fc14a18046,7ba93ea5103bb4d55d0665e0e720a0c1ad113cfe43f8ac686f63211a923824ea,2026-06-30T13:28:19+00:00,success,LEGACY_SOURCE_MANIFEST
SRC00591,K250005,https://www.accessdata.fda.gov/cdrh_docs/pdf25/K250005.pdf,510k_summary_pdf,52469b2a0f775400668286c3ee8df5ca0a1f24f66a028edde0e94428c2e229a8,c9d8c25bcd426f55402948cf8f51e8fc8dcdda27b2401e7faca896e683c235d7,2026-06-30T13:28:25+00:00,success,LEGACY_SOURCE_MANIFEST
SRC00592,K243989,https://www.accessdata.fda.gov/scripts/cdrh/cfdocs/cfpmn/pmn.cfm?ID=K243989,fda_database_entry_html,f106358010c5c2c3a5c08b22da41ea7996f2f164d22b45345180fc578664cd9a,61e05f3715b56da39105abfebf83243086033cfd8f03971919929614d868fc24,2026-06-30T13:28:25+00:00,success,LEGACY_SOURCE_MANIFEST
SRC00593,K243989,https://www.accessdata.fda.gov/cdrh_docs/pdf24/K243989.pdf,510k_summary_pdf,1f711c678ca611e76853be6d6f94fa8f4cf556c81c5e20126a4b1702f2119d0b,03c81f6a0516b51ecfe6c0a75392d58bafbc0c69d33e450b30d44566edf34f4e,2026-06-30T13:28:26+00:00,success,LEGACY_SOURCE_MANIFEST
SRC00594,K243793,https://www.accessdata.fda.gov/scripts/cdrh/cfdocs/cfpmn/pmn.cfm?ID=K243793,fda_database_entry_html,188df6c63bc271cd62dd8f20e5e0a8e4e0a3fc8a9838bd0d3a0e573abcaf4660,2759c6ccfb26d0f9b31d263eea8a50477eb9bd9f2b5668fc2091c1cc815ca297,2026-06-30T13:28:30+00:00,success,LEGACY_SOURCE_MANIFEST
SRC00595,K243793,https://www.accessdata.fda.gov/cdrh_docs/pdf24/K243793.pdf,510k_summary_pdf,f2d8c3a7fff6c477e26fe43bb80911eb6adfbd3ee98399adc5e0e744608eb35d,5794485f3d4f843ec5b5f24e5203fb8cd8d3e9ba6ff03c65f7758dcdfdbfa10b,2026-06-30T13:28:34+00:00,success,LEGACY_SOURCE_MANIFEST
SRC00596,K243762,https://www.accessdata.fda.gov/scripts/cdrh/cfdocs/cfpmn/pmn.cfm?ID=K243762,fda_database_entry_html,16bd976a86f063d1ed92264b06263709d61ab8c2e714b4fefbd95900649a7c5f,35ede56cb87cd334551354936cdef447aaf5a1d260e9e4e2dc1869274d094dd0,2026-06-30T13:28:42+00:00,success,LEGACY_SOURCE_MANIFEST
SRC00597,K243762,https://www.accessdata.fda.gov/cdrh_docs/pdf24/K243762.pdf,510k_summary_pdf,f509628a1a881a14e56a50f160f331b844f49158d8ff6da5c2c0aadc988e5a21,43eb0240b0518f07bf4354bf00c4db4042d7336209d18cadd0b30287cdec8140,2026-06-30T13:28:49+00:00,success,LEGACY_SOURCE_MANIFEST
SRC00598,K243866,https://www.accessdata.fda.gov/scripts/cdrh/cfdocs/cfpmn/pmn.cfm?ID=K243866,fda_database_entry_html,0f90609f3ce93c020d985331f428d774c9273752985621c38eac990e4083eab7,0477c14d2b33136f93f02f9a24ab4c13a2cd62244db469418fb29b0ab54605c6,2026-06-30T13:28:52+00:00,success,LEGACY_SOURCE_MANIFEST
SRC00599,K243866,https://www.accessdata.fda.gov/cdrh_docs/pdf24/K243866.pdf,510k_summary_pdf,0227e7f42ebf73633a6d9772c02e002d385e5d207d3497045457b6bcd2f705a7,7369cd7048ca09d713b0195b89bf49cff0b7f155ba4f2ffc9335722c0031ecf2,2026-06-30T13:28:57+00:00,success,LEGACY_SOURCE_MANIFEST
SRC00600,K243122,https://www.accessdata.fda.gov/scripts/cdrh/cfdocs/cfpmn/pmn.cfm?ID=K243122,fda_database_entry_html,2a638384fd1a1f7ee2efbd976d4898b6efbbc1d0fbd9f38616eabbb262432f3c,0665f6806121ebbcd517b0853dca177cb85801652d4d76ab5ba27bc8531cc228,2026-06-30T13:28:58+00:00,success,LEGACY_SOURCE_MANIFEST
SRC00601,K243122,https://www.accessdata.fda.gov/cdrh_docs/pdf24/K243122.pdf,510k_summary_pdf,65e238a2ca548fe6f0b00bc3c514c9cc1fac3309656542aaf26cc4cd00b0873a,f7a89680905d714b108401c384ff7d89797dd767fe080fe2128d718079d3501c,2026-06-30T13:29:10+00:00,success,LEGACY_SOURCE_MANIFEST
SRC00602,K251276,https://www.accessdata.fda.gov/scripts/cdrh/cfdocs/cfpmn/pmn.cfm?ID=K251276,fda_database_entry_html,17a95902090937dad4b247ed10a6171c606de7b1b725555413d397f3b0f2159b,8158b0411244b8545b76f334a542ea61675ea71187b3b3f1c7a9e1d0625eb360,2026-06-30T13:29:01+00:00,success,LEGACY_SOURCE_MANIFEST
SRC00603,K251276,https://www.accessdata.fda.gov/cdrh_docs/pdf25/K251276.pdf,510k_summary_pdf,355806590663172befc4a165d878a545d048433ce9ea16d2ab895a553d4d97a7,2486346e60b9f308926f3a446726b80a5d8bb54b1960e612d7f7cd0334195840,2026-06-30T13:29:07+00:00,success,LEGACY_SOURCE_MANIFEST
SRC00604,K250370,https://www.accessdata.fda.gov/scripts/cdrh/cfdocs/cfpmn/pmn.cfm?ID=K250370,fda_database_entry_html,1c74a559fab2732f448e87a2280117a6634cef0ced952d1c1585c63b242035f6,22d6a6b5b13e6eae8c9b9bbb048866428f82d77e8c30e2d20cc5adf0172908e0,2026-06-30T13:29:07+00:00,success,LEGACY_SOURCE_MANIFEST
SRC00605,K250370,https://www.accessdata.fda.gov/cdrh_docs/pdf25/K250370.pdf,510k_summary_pdf,02ed141fab73f1fa131def46f46db68a834719bc4eddf1613032128fa08d72c4,5529c56a954d9ce69d0c380a168e6668670ddb78087bd894d63c954c3ba97bac,2026-06-30T13:29:15+00:00,success,LEGACY_SOURCE_MANIFEST
SRC00606,K243617,https://www.accessdata.fda.gov/scripts/cdrh/cfdocs/cfpmn/pmn.cfm?ID=K243617,fda_database_entry_html,6213bbe5bc1f666e2e2f3dc8076b79a106e8d4d635edb7a2f3c8f67586b19893,9a5d8f3039f5ca3303b82182d9403c50a9a992de52c83d6ca7200dc2ee5de599,2026-06-30T13:29:16+00:00,success,LEGACY_SOURCE_MANIFEST
SRC00607,K243617,https://www.accessdata.fda.gov/cdrh_docs/pdf24/K243617.pdf,510k_summary_pdf,88484aaa8959fe06d5e64303a57a48863747dc3d9d3097c898fccb9562f63e69,6311907e114aa51943c62f814c7bdfde29095ece0551e81511ba6b3b506a6b21,2026-06-30T13:29:20+00:00,success,LEGACY_SOURCE_MANIFEST
SRC00608,K241671,https://www.accessdata.fda.gov/scripts/cdrh/cfdocs/cfpmn/pmn.cfm?ID=K241671,fda_database_entry_html,431528777b154174b8172d4dddf51db855b52736fe4317b1f0eb49a4018a8833,984fe97f1dc10753f95098fcfa16bc495814752120e2b096b68edc9b3953ef59,2026-06-30T13:29:20+00:00,success,LEGACY_SOURCE_MANIFEST
SRC00609,K241671,https://www.accessdata.fda.gov/cdrh_docs/pdf24/K241671.pdf,510k_summary_pdf,2189261c9106e1c45467897bdfecd8c5fa7ef995fb2ead18c0431e0934edb994,d484e55a9894e66e1309081318470b342be6360fc9e0d37965dd15989fb417ec,2026-06-30T13:29:22+00:00,success,LEGACY_SOURCE_MANIFEST
SRC00610,K250086,https://www.accessdata.fda.gov/scripts/cdrh/cfdocs/cfpmn/pmn.cfm?ID=K250086,fda_database_entry_html,be79657e48ea5f5939689014097dc6546a995228089086fe1b20104f26138933,bed0a01a0e47f405212d74b3bfd43c11849d3071eca62a875bdec26cb6735caf,2026-06-30T13:29:22+00:00,success,LEGACY_SOURCE_MANIFEST
SRC00611,K250086,https://www.accessdata.fda.gov/cdrh_docs/pdf25/K250086.pdf,510k_summary_pdf,68aa11cbf7a31a905b07c64a5beccfddc13ca91ab6dff43d8cc2e676e39879d5,9e13d1f83810693783176ad0e94eb5dde89fb7d220ae6d3a6a61687586868787,2026-06-30T13:29:23+00:00,success,LEGACY_SOURCE_MANIFEST
SRC00612,K240554,https://www.accessdata.fda.gov/scripts/cdrh/cfdocs/cfpmn/pmn.cfm?ID=K240554,fda_database_entry_html,ea5acc8cf526aee132c7492645915e096ddf35b0208306300e6a1dc690064e44,f659fd6e28e11228b98fd8846e08a02988f75458b38c630d77601e2a3836ea11,2026-06-30T13:29:28+00:00,success,LEGACY_SOURCE_MANIFEST
SRC00613,K240554,https://www.accessdata.fda.gov/cdrh_docs/pdf24/K240554.pdf,510k_summary_pdf,25a416cbda72342f130ebda995c336d0c58b6d81b873d80021e787205952fa4f,771bcda70651747ac2d20d0c415ebc793c18749c21b807eb0f9e6460852beddc,2026-06-30T13:29:30+00:00,success,LEGACY_SOURCE_MANIFEST
SRC00614,K242437,https://www.accessdata.fda.gov/scripts/cdrh/cfdocs/cfpmn/pmn.cfm?ID=K242437,fda_database_entry_html,0afd05821a96faefb2756b7dc8c06c2bc702bb0ea5803b977174d0a8a354230b,a6b04ee6c4b50e4f0cbb2427ee3e70ad2b26eb2b8b03ac0e63f57ad961e720a8,2026-06-30T13:29:28+00:00,success,LEGACY_SOURCE_MANIFEST
SRC00615,K242437,https://www.accessdata.fda.gov/cdrh_docs/pdf24/K242437.pdf,510k_summary_pdf,4ee88d5c7ae5bd667333e1d969693233e4ed0333832901fc49d879a8ec273b8d,d87c65cdcf14d4d503f3904933bf0aebb91c6e72873ae4868cf1978f3aaa60a6,2026-06-30T13:29:36+00:00,success,LEGACY_SOURCE_MANIFEST
SRC00616,K242624,https://www.accessdata.fda.gov/scripts/cdrh/cfdocs/cfpmn/pmn.cfm?ID=K242624,fda_database_entry_html,ef790f121279b27a827428449cede4b0515fb3a0441558621587bf5fdfe13ff5,847f484b88d693ea1868f862617a81ed01109e609b02d09b3aa6f60b318c6e78,2026-06-30T13:29:32+00:00,success,LEGACY_SOURCE_MANIFEST
SRC00617,K242624,https://www.accessdata.fda.gov/cdrh_docs/pdf24/K242624.pdf,510k_summary_pdf,d28b699cb774952d153ce3d332f14d42e92fc9eb499a179d11717e7ecc4d2552,d811c5fee765c836a206603e9a5bed515d0882bb3ef744019611ef43ee2b3fdb,2026-06-30T13:29:35+00:00,success,LEGACY_SOURCE_MANIFEST
SRC00618,K243812,https://www.accessdata.fda.gov/scripts/cdrh/cfdocs/cfpmn/pmn.cfm?ID=K243812,fda_database_entry_html,87d3b62aa6ebdda802269e1e89514dea36f0d0ad907f229d06cb3cf17367a4b8,11cbdf8d563d2ce426c15373e99cb06fd5e308f80f0fb2987fb7661d7873d9ff,2026-06-30T13:29:38+00:00,success,LEGACY_SOURCE_MANIFEST
SRC00619,K243812,https://www.accessdata.fda.gov/cdrh_docs/pdf24/K243812.pdf,510k_summary_pdf,c4eba943fc1155eca2b3aa0496c45138ac90a7db9e92b82fe0c60d7b709b1e4e,87f5eb1944c353bd1fe63ead28c4945fff13e91b4b1f878871a54d4d73488fc1,2026-06-30T13:29:42+00:00,success,LEGACY_SOURCE_MANIFEST
SRC00620,K242388,https://www.accessdata.fda.gov/scripts/cdrh/cfdocs/cfpmn/pmn.cfm?ID=K242388,fda_database_entry_html,2bee5c7f8299e5f4c564ed326d484eeef43b66365eb58541e522dc6df8d0c4de,4e7c679e2bd5eac3c30a5790249ad0ccd7faa8a8131b7a4607bb22dcd960ef40,2026-06-30T13:29:40+00:00,success,LEGACY_SOURCE_MANIFEST
SRC00621,K242388,https://www.accessdata.fda.gov/cdrh_docs/pdf24/K242388.pdf,510k_summary_pdf,f6a741ad73bc8605eeda07574cbfb97747caf49a2353ca1ff60fd02af9d44963,83970e43e4f182070169b0b018831090a9276e9522198ad0b0c2b1d337112746,2026-06-30T13:29:41+00:00,success,LEGACY_SOURCE_MANIFEST
SRC00622,K242388,http://www.accessdata.fda.gov/cdrh_docs/reviews/K242388.pdf,510k_summary_pdf,f6a741ad73bc8605eeda07574cbfb97747caf49a2353ca1ff60fd02af9d44963,83970e43e4f182070169b0b018831090a9276e9522198ad0b0c2b1d337112746,2026-06-30T13:29:51+00:00,success,LEGACY_SOURCE_MANIFEST
SRC00623,K251110,https://www.accessdata.fda.gov/scripts/cdrh/cfdocs/cfpmn/pmn.cfm?ID=K251110,fda_database_entry_html,156d7182039991bb969f47afa67cd680cc031869d9b939c9cfc0dd29bc2acd34,c036db388d2c66ab61ee4d378802a9cb488e81b330bd79a065295cdfd58d0502,2026-06-30T13:29:43+00:00,success,LEGACY_SOURCE_MANIFEST
SRC00624,K251110,https://www.accessdata.fda.gov/cdrh_docs/pdf25/K251110.pdf,510k_summary_pdf,7a522714dcfa7ea390f251c701f3628b1d3176d75a401772303da004c20973d5,99c8e7381155f4d015fbae8e11ab10966279995daa1647e27a0c0fc45c49f723,2026-06-30T13:29:48+00:00,success,LEGACY_SOURCE_MANIFEST
SRC00625,K251126,https://www.accessdata.fda.gov/scripts/cdrh/cfdocs/cfpmn/pmn.cfm?ID=K251126,fda_database_entry_html,a41807577d454b1e3c92a3c93e1fb4fb4f7aff2ef2823131f60d68e65e7e3478,571206cd0b194bb2e9b9d9f91dd20ad21cabcc02f2f69a84837880492da09ee6,2026-06-30T13:29:49+00:00,success,LEGACY_SOURCE_MANIFEST
SRC00626,K251126,https://www.accessdata.fda.gov/cdrh_docs/pdf25/K251126.pdf,510k_summary_pdf,7e684974281c2b31d46cd1219ae39da50590160149e168e89d0cdf0fa2b8d6f6,afb493c901df4ac4cbedfd3d1f4e27f2cda27faa1a6743e81bbd6e66448e709e,2026-06-30T13:29:52+00:00,success,LEGACY_SOURCE_MANIFEST
SRC00627,K243230,https://www.accessdata.fda.gov/scripts/cdrh/cfdocs/cfpmn/pmn.cfm?ID=K243230,fda_database_entry_html,cb81146ab50d0916518e8dcc6bdbbe06ed80aa5b41221a88afc607aed2e94b53,cff0f5390d60b707aaa19816b9b72e7f7deceada1214ab83ee5aef79863f8bb4,2026-06-30T13:29:51+00:00,success,LEGACY_SOURCE_MANIFEST
SRC00628,K243230,https://www.accessdata.fda.gov/cdrh_docs/pdf24/K243230.pdf,510k_summary_pdf,6e1b68a79d7affa2a71fbe5a866716f0edae37446b4150e683b0c1a747aaac65,7e8590c6f7bcf9d585644c6eed92ac8bf1000498b022cfa8b2d03f697fa0a211,2026-06-30T13:29:55+00:00,success,LEGACY_SOURCE_MANIFEST
SRC00629,K250226,https://www.accessdata.fda.gov/scripts/cdrh/cfdocs/cfpmn/pmn.cfm?ID=K250226,fda_database_entry_html,aab7c0c04ca1ce8bc7b85230afc0da2755a8090c71caddf0557e0a94fa7b5c26,f33683971fe044edcceddcc2aba843b3892b4119fcaec0043c9dec7f8cec6e36,2026-06-30T13:29:55+00:00,success,LEGACY_SOURCE_MANIFEST
SRC00630,K250226,https://www.accessdata.fda.gov/cdrh_docs/pdf25/K250226.pdf,510k_summary_pdf,412e69566f607f23d64f2b220a6814e69da984b85cd377679e493b3b5c3f3a1a,4b1dd9ce0668bd41622af3dd712d1dd2e0b9053f3cae97f31dd9bda81f469819,2026-06-30T13:29:59+00:00,success,LEGACY_SOURCE_MANIFEST
SRC00631,K243684,https://www.accessdata.fda.gov/scripts/cdrh/cfdocs/cfpmn/pmn.cfm?ID=K243684,fda_database_entry_html,0bf239e25addf7b76f3160abe0c241470b19540421bb78175b25236ff5cac852,7fb57027c742f88b5da61e7836e654bf9aeae74fdbdd4248614074563dd961e7,2026-06-30T13:30:10+00:00,success,LEGACY_SOURCE_MANIFEST
SRC00632,K243684,https://www.accessdata.fda.gov/cdrh_docs/pdf24/K243684.pdf,510k_summary_pdf,c8a96205f681830c14276f2ebdb0d1913d58a037c0cec12ff835d82c39d73647,3e77af239067c554409ae7ee12b13acd531722289bcdc6f8c90d343f0a484078,2026-06-30T13:30:13+00:00,success,LEGACY_SOURCE_MANIFEST
SRC00633,K243893,https://www.accessdata.fda.gov/scripts/cdrh/cfdocs/cfpmn/pmn.cfm?ID=K243893,fda_database_entry_html,3d49a9c1f3d58dfad13832e23da0517680481e7b7c7a66ca643abd7a217ce794,513e46da52ed108caa0774753be7f3c9db3d68a56bfe210780be6cefac1b5013,2026-06-30T13:30:12+00:00,success,LEGACY_SOURCE_MANIFEST
SRC00634,K243893,https://www.accessdata.fda.gov/cdrh_docs/pdf24/K243893.pdf,510k_summary_pdf,063ef6c7a8983c3495d2e72a572b376ef3aa233209df66df73b60868be433bcf,6e83a27451863c3b24944311182566390aa0875577d5020cc5b7c473f5378cb3,2026-06-30T13:30:18+00:00,success,LEGACY_SOURCE_MANIFEST
SRC00635,K251071,https://www.accessdata.fda.gov/scripts/cdrh/cfdocs/cfpmn/pmn.cfm?ID=K251071,fda_database_entry_html,1d308998dc66111945cd5e6819463e017862f596ea632680d721174895b6a65a,c512f0990e3755afbb9cf569efe8146bfd8ca7f756ea4004187b01281fce2cb8,2026-06-30T13:30:16+00:00,success,LEGACY_SOURCE_MANIFEST
SRC00636,K251071,https://www.accessdata.fda.gov/cdrh_docs/pdf25/K251071.pdf,510k_summary_pdf,eb9992811d367f2259516069d34223ac290e44cb7129e7be226664b63253cbe3,07965c03591dcebd9f834584929bc4bb22a7aa9bed0a173334f808ddf01958d6,2026-06-30T13:30:24+00:00,success,LEGACY_SOURCE_MANIFEST
SRC00637,K242583,https://www.accessdata.fda.gov/scripts/cdrh/cfdocs/cfpmn/pmn.cfm?ID=K242583,fda_database_entry_html,54b744604159e6c327ab5ec55e4628e0dd914bea6f2b626dbb52d1f0da1fe42e,d52cf9e462767dbc79533db2b9060b7f63e0d42d378093a6fd894ef4c41b6b67,2026-06-30T13:30:27+00:00,success,LEGACY_SOURCE_MANIFEST
SRC00638,K242583,https://www.accessdata.fda.gov/cdrh_docs/pdf24/K242583.pdf,510k_summary_pdf,91d7b493e077c37b512fb6a78c42e521b64810439c8b25a1d8143e28049f4ea5,0e2bad50bc6dd010b3bdfc13625898c15a7c1396a49feb02154f003f847db4d8,2026-06-30T13:30:28+00:00,success,LEGACY_SOURCE_MANIFEST
SRC00639,K250087,https://www.accessdata.fda.gov/scripts/cdrh/cfdocs/cfpmn/pmn.cfm?ID=K250087,fda_database_entry_html,a738072b3d059cbf73f637c751dade1118c16cf9556e89c2a58a4eb8c8f16ce7,3980a3798917b7cef0d9e25feecb9ede3f48ce2264977aaaa723f5565df442b2,2026-06-30T13:30:31+00:00,success,LEGACY_SOURCE_MANIFEST
SRC00640,K250087,https://www.accessdata.fda.gov/cdrh_docs/pdf25/K250087.pdf,510k_summary_pdf,0aed91f271c1a64324c2b184ee821ffa6ddf4d892e9b957cf9369a3ec090623d,cae3757ab747e5b8dd5042319dd5343e18d397e65eb23b858e8c5d889205b076,2026-06-30T13:30:34+00:00,success,LEGACY_SOURCE_MANIFEST
SRC00641,P230022,https://www.accessdata.fda.gov/scripts/cdrh/cfdocs/cfpma/pma.cfm?id=P230022,fda_database_entry_html,ceec6249fa65de6dd2038e47e3174f95d81adb845ed26b4b2f355fd517bd3a33,12236832394d4b025871058400900a19656785f90ccfa70066443c4d6301c409,2026-06-30T13:30:36+00:00,success,LEGACY_SOURCE_MANIFEST
SRC00642,P230022,https://www.accessdata.fda.gov/cdrh_docs/pdf23/P230022A.pdf,approval_order_pdf,32fd8c2185e92ff5d697209d2ad599eb833d2f720ee0b3df5cc16244c3b6c3b1,2b54c12140b39b45bca543d7326f21c827af7a4d2e6642f983bd7e32b348be56,2026-06-30T13:30:38+00:00,success,LEGACY_SOURCE_MANIFEST
SRC00643,P230022,https://www.accessdata.fda.gov/cdrh_docs/pdf23/P230022B.pdf,pma_ssed_pdf,bc00767150ec0ee9895a0485bd4d42781414730cacc9674a39f4e1c0856adc51,ad6241454ed5ddf11a64daffdf5a6602f6303191578b8b7481e327136bc08019,2026-06-30T13:30:50+00:00,success,LEGACY_SOURCE_MANIFEST
SRC00644,P230022,https://www.accessdata.fda.gov/cdrh_docs/pdf23/P230022C.pdf,labeling_pdf,14cad7b0b1bf18a9d523652407676bced167dee7b9fab94d0875b45a2f5d7932,33dea7633498f035363432f576701e6ca878848ea2af69d2a2fcebf55c17da62,2026-06-30T13:31:25+00:00,success,LEGACY_SOURCE_MANIFEST
SRC00645,P230022,https://www.accessdata.fda.gov/cdrh_docs/pdf23/P230022D.pdf,labeling_pdf,649bcb2b8cb7f33291ab8167e7fb3150a761c4bdf5cfe04c51afa30e7e5b4c09,2693a28df62884438d878a57ebe673c07f46c89f16fb153aac6a548ba3385dd4,2026-06-30T13:33:28+00:00,success,LEGACY_SOURCE_MANIFEST
SRC00646,K250328,https://www.accessdata.fda.gov/scripts/cdrh/cfdocs/cfpmn/pmn.cfm?ID=K250328,fda_database_entry_html,a85853e931b681761c5ddb1597c268808b7216cf6bd96fb436485f7934a0a82f,2c279e49bf9285fd5ec3078ead5706981bf5ec5d3bb589c7dff5e87f372e7412,2026-06-30T13:30:51+00:00,success,LEGACY_SOURCE_MANIFEST
SRC00647,K250328,https://www.accessdata.fda.gov/cdrh_docs/pdf25/K250328.pdf,510k_summary_pdf,84588848f884b89d892351a33a8920a71b12e794de155a01a681fb3e8a668d2f,f78c88a17f6dbfe00333f03c4978a5ac772205789859da7cd197f6599cc1725a,2026-06-30T13:30:55+00:00,success,LEGACY_SOURCE_MANIFEST
SRC00648,K243376,https://www.accessdata.fda.gov/scripts/cdrh/cfdocs/cfpmn/pmn.cfm?ID=K243376,fda_database_entry_html,e49c9cd4a388a0e2e6ace91af2d2819767bbfefd028bcc36216954c6fef94ba8,2abe16c572b11cb454487fd0af2f7611a242709e9f09a6f3398fe47d54a72853,2026-06-30T13:31:01+00:00,success,LEGACY_SOURCE_MANIFEST
SRC00649,K243376,https://www.accessdata.fda.gov/cdrh_docs/pdf24/K243376.pdf,510k_summary_pdf,ed27a9b18b3ecb7fafba55c169117d900991469e5507d63bebefb537e837e05a,4cb8e25b62423b3b5d010848937a91c24d7fe5a71bca56592209aacd8130a22a,2026-06-30T13:31:05+00:00,success,LEGACY_SOURCE_MANIFEST
SRC00650,K243239,https://www.accessdata.fda.gov/scripts/cdrh/cfdocs/cfpmn/pmn.cfm?ID=K243239,fda_database_entry_html,fdb55f50fe4e2c482dc047cad5d73b847b23ce13d5ffb75f6e97d1536f0df3d6,32fd715073b6c32848b8e7fcd8cdbde2a736b9e020bd9f6c6f600254dd069704,2026-06-30T13:31:29+00:00,success,LEGACY_SOURCE_MANIFEST
SRC00651,K243239,https://www.accessdata.fda.gov/cdrh_docs/pdf24/K243239.pdf,510k_summary_pdf,69d89473c0bf4793f84c268f9852189ddc9b23a4cc68e1b163154a4db5dbe9b6,6d695fe325eefa0f38ed40f66880642cc068233fc799be2aefe21950247e37f4,2026-06-30T13:31:35+00:00,success,LEGACY_SOURCE_MANIFEST
SRC00652,K250831,https://www.accessdata.fda.gov/scripts/cdrh/cfdocs/cfpmn/pmn.cfm?ID=K250831,fda_database_entry_html,489f57711b5a10d78f06e0a3c7f49cef0a0458a45df501083bbd33c8e011bba7,db2b722c08c069d9ef55ec9344de92160669e2314a8e8d7f361f64a54592f966,2026-06-30T13:31:45+00:00,success,LEGACY_SOURCE_MANIFEST
SRC00653,K250831,https://www.accessdata.fda.gov/cdrh_docs/pdf25/K250831.pdf,510k_summary_pdf,9e8e2abb3ead65de07fec777f345e495ef2ded192aee6a507d8bb205556a08fc,bebb8ca6f2ce88aa4c3e674a3481838a4c857ef35fab339ad0f5fa797e2a9b77,2026-06-30T13:31:48+00:00,success,LEGACY_SOURCE_MANIFEST
SRC00654,K243651,https://www.accessdata.fda.gov/scripts/cdrh/cfdocs/cfpmn/pmn.cfm?ID=K243651,fda_database_entry_html,f4189d605dbe669b85af7d419656e14c474d3581fba16a9a099d9cf019e1cda6,5593140d17dc2f235b1d66580d3dbe16ce801c51b10fa7082b2d269da26a7bb1,2026-06-30T13:31:56+00:00,success,LEGACY_SOURCE_MANIFEST
SRC00655,K243651,https://www.accessdata.fda.gov/cdrh_docs/pdf24/K243651.pdf,510k_summary_pdf,49bee5cea6da63da5ade2b5fba06d4bfcf0990234eb4f4f1839d97fe5e98b021,7a7098476de8e431add3ef6ad62a83d24157123274b1343d77a54a8493215b06,2026-06-30T13:32:00+00:00,success,LEGACY_SOURCE_MANIFEST
SRC00656,K243878,https://www.accessdata.fda.gov/scripts/cdrh/cfdocs/cfpmn/pmn.cfm?ID=K243878,fda_database_entry_html,c5868d51d219bde409931a2c2f87f4817c7cd69da6d7ce652d2393efb77b35cd,ba08d64c46dc2548a13e38713d551ba4ae0869dbf8d46251da2b3742fb386da4,2026-06-30T13:31:58+00:00,success,LEGACY_SOURCE_MANIFEST
SRC00657,K243878,https://www.accessdata.fda.gov/cdrh_docs/pdf24/K243878.pdf,510k_summary_pdf,903e79443c825c148b01d6c1ad0a9560893aac1cf0dfcfe71b4376780203a758,879bd474226a41e011a14d78acbd6081381d9272140b32dbd4ff63d9e8062950,2026-06-30T13:32:05+00:00,success,LEGACY_SOURCE_MANIFEST
SRC00658,K242129,https://www.accessdata.fda.gov/scripts/cdrh/cfdocs/cfpmn/pmn.cfm?ID=K242129,fda_database_entry_html,c55417ea80187e0ae2c9ac25f6a3d1935ecc8a1336f465792a55b8579f2634b8,4f6377add26e468b4ab3f46ac721545dd785ae1c4dba900d54330b4af339ad08,2026-06-30T13:32:06+00:00,success,LEGACY_SOURCE_MANIFEST
SRC00659,K242129,https://www.accessdata.fda.gov/cdrh_docs/pdf24/K242129.pdf,510k_summary_pdf,dfdad60f79e5a33ffd1ba2457beb0c5a8d1b0cfa5157cc3e2d01baa9073e0ab9,b8651fe184fc7aa87e653ef801a7fff509b3bf448679a7dcc95a15adb43130b1,2026-06-30T13:32:09+00:00,success,LEGACY_SOURCE_MANIFEST
SRC00660,K242500,https://www.accessdata.fda.gov/scripts/cdrh/cfdocs/cfpmn/pmn.cfm?ID=K242500,fda_database_entry_html,52d08da4e01af1cb0322e54edea634f2baf964c4422cfa949cf87c43afb98979,b7b6d951839dc7f69ec6541776ecbca6447cdff859a65497f856d342b6d41318,2026-06-30T13:32:08+00:00,success,LEGACY_SOURCE_MANIFEST
SRC00661,K242500,https://www.accessdata.fda.gov/cdrh_docs/pdf24/K242500.pdf,510k_summary_pdf,7ac7bb343cc373c658a59412029b10487349e5f159342ec55413285d7a1badf0,a4790826f1ef721171875238d5ccf46762a33d36cf511fee2ebd9e5735669c7a,2026-06-30T13:32:13+00:00,success,LEGACY_SOURCE_MANIFEST
SRC00662,K243853,https://www.accessdata.fda.gov/scripts/cdrh/cfdocs/cfpmn/pmn.cfm?ID=K243853,fda_database_entry_html,a9f87e251179f4cc0bc0134320bf34156d25e4e4dfdf0111123beb596993f13b,f3ce3d0021016be1b85bc7258ddcfb2dc4fc2c7c0bc71df52de0acf7b943cba4,2026-06-30T13:32:26+00:00,success,LEGACY_SOURCE_MANIFEST
SRC00663,K243853,https://www.accessdata.fda.gov/cdrh_docs/pdf24/K243853.pdf,510k_summary_pdf,09659767cf0e5281e154e42e30346086b13901dee88a20f43e2fc5cd4e917dad,6f85a19c1e5b2aff54de74a6727bd276298b331a2907ff867030a6dd965ed351,2026-06-30T13:32:30+00:00,success,LEGACY_SOURCE_MANIFEST
SRC00664,K250650,https://www.accessdata.fda.gov/scripts/cdrh/cfdocs/cfpmn/pmn.cfm?ID=K250650,fda_database_entry_html,9b47115a9d0d71d28e3282c84737958f00f90b9f68753c77ced50ac96207e2c6,1fdc2ed9dce31a76c593a2f5d13b6de6c84fa9f9c592a0240d2e4eeb9c7fcb7f,2026-06-30T13:32:51+00:00,success,LEGACY_SOURCE_MANIFEST
SRC00665,K250650,https://www.accessdata.fda.gov/cdrh_docs/pdf25/K250650.pdf,510k_summary_pdf,89f1ff792ec0798297fb324e7a69531b77f7d1246c430c97ce97e0352aee3239,c0c0ec46aacceb343f2dc07d5ba41c71d47e6bbe0b25da4c586e69dfb7bd1206,2026-06-30T13:32:54+00:00,success,LEGACY_SOURCE_MANIFEST
SRC00666,K250416,https://www.accessdata.fda.gov/scripts/cdrh/cfdocs/cfpmn/pmn.cfm?ID=K250416,fda_database_entry_html,03886cd0d0dbd0080b07087b00a1f77d661def54d0cbcf4caf308f0887519bbf,ac593ff4a6d83012eff173c9922d3a98b5ba472ca7f8e64a874b8d19a5180892,2026-06-30T13:33:01+00:00,success,LEGACY_SOURCE_MANIFEST
SRC00667,K250416,https://www.accessdata.fda.gov/cdrh_docs/pdf25/K250416.pdf,510k_summary_pdf,fccee4ef1490d11747b74a551d38c5332b92b93296f86bdb348a7198d2da6afd,3862afa9a3ac96a5aeb76d94f12ead02bda4841ecdaf54823a9a3db421c71f59,2026-06-30T13:33:04+00:00,success,LEGACY_SOURCE_MANIFEST
SRC00668,K243558,https://www.accessdata.fda.gov/scripts/cdrh/cfdocs/cfpmn/pmn.cfm?ID=K243558,fda_database_entry_html,2afc8ff34944147e9e2d8e3800ac1c75cd04f991282e7f5a2cb8968b6bbf98b4,b23fbc5b189a63846d491e4b6ffb02abb4f00a1feed1ec2309a84d8e3c276edd,2026-06-30T13:33:30+00:00,success,LEGACY_SOURCE_MANIFEST
SRC00669,K243558,https://www.accessdata.fda.gov/cdrh_docs/pdf24/K243558.pdf,510k_summary_pdf,cd681d278ee58389fe6f1dc4041d0f3517890102363b6d56d4ace7c6396e3c57,c4bca10588680b5b27c6d2d3774182661b1c0267e83b67a087c4d2025a5b8553,2026-06-30T13:33:34+00:00,success,LEGACY_SOURCE_MANIFEST
SRC00670,K242748,https://www.accessdata.fda.gov/scripts/cdrh/cfdocs/cfpmn/pmn.cfm?ID=K242748,fda_database_entry_html,d1f45bc761715911e47257b7345897b419f4bee2472dbfa18cd50ce3e5490190,3da0d94bdfe76b26a67dcf02de8d3c9a2f7f195bf3133c2367b34b51775bdc7c,2026-06-30T13:33:31+00:00,success,LEGACY_SOURCE_MANIFEST
SRC00671,K242748,https://www.accessdata.fda.gov/cdrh_docs/pdf24/K242748.pdf,510k_summary_pdf,2e35d7bb8e88a73681bd6430b781e08cb45696caaba4c015588f668d0457dd62,483dce79cefbb3af7bb2d2592a2a721f7a5b164db9e32375bb3b908fd8e0deec,2026-06-30T13:33:33+00:00,success,LEGACY_SOURCE_MANIFEST
SRC00672,K242600,https://www.accessdata.fda.gov/scripts/cdrh/cfdocs/cfpmn/pmn.cfm?ID=K242600,fda_database_entry_html,8af0fd23bcccc4ae86f9cf8049e843b5af5af79b491be3e83ae6e742cb32923e,085d18abcbf0016379d5be27706f60cc2d229dc7f84ee0058e79c1db9545e02c,2026-06-30T13:33:42+00:00,success,LEGACY_SOURCE_MANIFEST
SRC00673,K242600,https://www.accessdata.fda.gov/cdrh_docs/pdf24/K242600.pdf,510k_summary_pdf,1cb7623ad0574da2b0b809d369a2074b9d0c6980615b0eb31aee7333a6919ade,c997c0ecc16f6d00eeb05c03e4c96cc291491f28a5a9a4b08f3329d9e9204035,2026-06-30T13:33:43+00:00,success,LEGACY_SOURCE_MANIFEST
SRC00674,K243145,https://www.accessdata.fda.gov/scripts/cdrh/cfdocs/cfpmn/pmn.cfm?ID=K243145,fda_database_entry_html,83849b000357f93c0550ec07e69d29c5c173342ddc5e504003b83fb25ecef0f8,4d0654cfe136574c552ef10ee2f50987082de870d8d4463da20c340e847c1d7d,2026-06-30T13:33:44+00:00,success,LEGACY_SOURCE_MANIFEST
SRC00675,K243145,https://www.accessdata.fda.gov/cdrh_docs/pdf24/K243145.pdf,510k_summary_pdf,ea26297917467ab41a0fa287391074531b2c275170cdfeabbb66aa1d6c0ca9d1,a361ebaad5a729e5b50a56bd54aef62c22acf5050f8a2af5dee2882fd5578a8a,2026-06-30T13:33:48+00:00,success,LEGACY_SOURCE_MANIFEST
SRC00676,K250177,https://www.accessdata.fda.gov/scripts/cdrh/cfdocs/cfpmn/pmn.cfm?ID=K250177,fda_database_entry_html,9a368c60489875faff5095cc6914e9671d2c34956ad67495cdc4990012832880,0efe817d043fac3ae8f81a637dc6c74d336950cf7efab0e2c531c1768d44a84d,2026-06-30T13:33:46+00:00,success,LEGACY_SOURCE_MANIFEST
SRC00677,K250177,https://www.accessdata.fda.gov/cdrh_docs/pdf25/K250177.pdf,510k_summary_pdf,19e1da508aa4f84749606baf6137fd976f98f0201fe06d81c7e8675119b7b506,99eb2d746871388cf1b5c153be0514ded245ae4e1289baf71c56d92c2589515f,2026-06-30T13:33:47+00:00,success,LEGACY_SOURCE_MANIFEST
SRC00678,K250754,https://www.accessdata.fda.gov/scripts/cdrh/cfdocs/cfpmn/pmn.cfm?ID=K250754,fda_database_entry_html,1469e06057671b6ccac0adae707f621291520f4f68d0daa591ed9b0d997b8a0f,73b720ae288efbdc5df7ee3836a8d0f55f28d61b62c4325e9c313a20b6d10395,2026-06-30T13:33:48+00:00,success,LEGACY_SOURCE_MANIFEST
SRC00679,K250754,https://www.accessdata.fda.gov/cdrh_docs/pdf25/K250754.pdf,510k_summary_pdf,649af3ba748fce24c3343e4cc680c4cea747c5f2ff310604a0f3b7021b32bf1e,ba93865b5cc6862ed77383d966e61ebd8c3e4aaeb82238081136a61e0bdf696f,2026-06-30T13:33:51+00:00,success,LEGACY_SOURCE_MANIFEST
SRC00680,K243743,https://www.accessdata.fda.gov/scripts/cdrh/cfdocs/cfpmn/pmn.cfm?ID=K243743,fda_database_entry_html,eba1d7dc7549371d613d03c597b08cc383bb5a3b4494513f18d9d966b88c6267,a4bf395e6d4a00ffe537446f41c75afecf3325fb4b0e01efbee5063edd5c6b4a,2026-06-30T13:33:57+00:00,success,LEGACY_SOURCE_MANIFEST
SRC00681,K243743,https://www.accessdata.fda.gov/cdrh_docs/pdf24/K243743.pdf,510k_summary_pdf,977cdc4b1adf0313d53eedb211c23fe5ffe88107a7b4205f2dce8507db067658,cc3613d3ef6b6504f01e6e469af660f3a46c6f019ac3d8dc9c7c140e63053d35,2026-06-30T13:36:16+00:00,success,LEGACY_SOURCE_MANIFEST
SRC00682,K242295,https://www.accessdata.fda.gov/scripts/cdrh/cfdocs/cfpmn/pmn.cfm?ID=K242295,fda_database_entry_html,c9365be7ba29da57ebaee3e1b6756c13208fab6f5e44c4082da73a39786eab9d,b2d1cf95cc27e42a9b884c556433a7c5ce51e4b21cf6b128ac5c6fb7e8180181,2026-06-30T13:33:57+00:00,success,LEGACY_SOURCE_MANIFEST
SRC00683,K242295,https://www.accessdata.fda.gov/cdrh_docs/pdf24/K242295.pdf,510k_summary_pdf,8868e93ca0c7c5f2af8204de27b7b373e3e62e961cb5d65ea63a5856df8b8127,6e94b519d5f92b87e9e975f9424a6ac90d8be377c11a39f8368661f780354959,2026-06-30T13:34:00+00:00,success,LEGACY_SOURCE_MANIFEST
SRC00684,K243567,https://www.accessdata.fda.gov/scripts/cdrh/cfdocs/cfpmn/pmn.cfm?ID=K243567,fda_database_entry_html,c1b2258d6cd53e0d87934449689fafa9e2e96cdbf78bc80a82cd3cb81c29b3c9,c1cdcaccdd833030c1443aee6912551a6845600940e83d39e4b9ed3d54a33730,2026-06-30T13:34:13+00:00,success,LEGACY_SOURCE_MANIFEST
SRC00685,K243567,https://www.accessdata.fda.gov/cdrh_docs/pdf24/K243567.pdf,510k_summary_pdf,19e204fa44086b2a3da6b905673f29c3177a65e96ae0fce6446b98a34226318d,c21ad5f64e892b91c99557424028471e53041b855fb421445e4a98a3bec4499b,2026-06-30T13:34:16+00:00,success,LEGACY_SOURCE_MANIFEST
SRC00686,K242807,https://www.accessdata.fda.gov/scripts/cdrh/cfdocs/cfpmn/pmn.cfm?ID=K242807,fda_database_entry_html,e326fe114a6b9efa59d892c50790125b8134fcf57ca1c395d961fd13ac49a6f1,f04fd44ef60061e72a9a8d6255e81135affc58e4043a4b6fd6413b65ba5843ef,2026-06-30T13:34:31+00:00,success,LEGACY_SOURCE_MANIFEST
SRC00687,K242807,https://www.accessdata.fda.gov/cdrh_docs/pdf24/K242807.pdf,510k_summary_pdf,b22e9868b4b4b24b473eab7c7f35fc91cfa347d4ba21e27dfdb8f6a4933247b0,9b1ba548c84d91cf8b301f3a53bdb1f5419e1056dd4378a2cdc5b89ea66b27f9,2026-06-30T13:34:36+00:00,success,LEGACY_SOURCE_MANIFEST
SRC00688,K240398,https://www.accessdata.fda.gov/scripts/cdrh/cfdocs/cfpmn/pmn.cfm?ID=K240398,fda_database_entry_html,b37c0a5ffa8686f6d6246cc940e359cdf83a6e5c3f0cce2dd3d3c6da860cc7a6,12ba4712ce8fdaf481b8fb8ca05766265fa499e858ca8699be163491897d8f12,2026-06-30T13:34:48+00:00,success,LEGACY_SOURCE_MANIFEST
SRC00689,K240398,https://www.accessdata.fda.gov/cdrh_docs/pdf24/K240398.pdf,510k_summary_pdf,57d3e6065f2a24fa28aff9c2307f3e54dbd15a49f172278e12d007eb1909a790,88b88ec1e57c190449ffc213fafdca359b49d1cd8e954408f41b1806bfd32c4c,2026-06-30T13:34:52+00:00,success,LEGACY_SOURCE_MANIFEST
SRC00690,K243769,https://www.accessdata.fda.gov/scripts/cdrh/cfdocs/cfpmn/pmn.cfm?ID=K243769,fda_database_entry_html,fe7719b08d70ec1ed9d0e3dbe150583d98f498798b35acaf6b6f4f3ec3ea815a,682c3aa05ef43fb9bc50702b2f6e855b4aca2ed7f1a809d70db0a2e15a595971,2026-06-30T13:34:52+00:00,success,LEGACY_SOURCE_MANIFEST
SRC00691,K243769,https://www.accessdata.fda.gov/cdrh_docs/pdf24/K243769.pdf,510k_summary_pdf,b761798f3dec3fd01c26365cf1d5262b147fe22e5886a7c98451b6f547b4f215,9695e361bdcf5dd69a6558bd43ad6cc5e7ed1cb5614245f043f428bdb5882f7d,2026-06-30T13:34:55+00:00,success,LEGACY_SOURCE_MANIFEST
SRC00692,K241982,https://www.accessdata.fda.gov/scripts/cdrh/cfdocs/cfpmn/pmn.cfm?ID=K241982,fda_database_entry_html,4714b0c0b24eaacc14d290274b6c2c27ca2b01575e428a6db617dd84b3cbaa68,81f299e50565c149fa9ac7304f5eb54a5efaa27fdca56e0ba5025cf7f75519a2,2026-06-30T13:35:00+00:00,success,LEGACY_SOURCE_MANIFEST
SRC00693,K241982,https://www.accessdata.fda.gov/cdrh_docs/pdf24/K241982.pdf,510k_summary_pdf,60d1b74f2291038c0016164ddd47e21148f27d4ef2eb376b5ab4cfb3607b5555,6d67853545e97ea8138b4bce0b761576160709031fa42e129699c681cb64812e,2026-06-30T13:35:02+00:00,success,LEGACY_SOURCE_MANIFEST
SRC00694,K242551,https://www.accessdata.fda.gov/scripts/cdrh/cfdocs/cfpmn/pmn.cfm?ID=K242551,fda_database_entry_html,d06bfc9f4d8115e201219b83af13b31c7b258c0b30c814348540ec770a9a2d23,65837876bc7e48ddb06a583496d63dfe484a3fc8c151ff23d22368a6b64ab7cb,2026-06-30T13:35:02+00:00,success,LEGACY_SOURCE_MANIFEST
SRC00695,K242551,https://www.accessdata.fda.gov/cdrh_docs/pdf24/K242551.pdf,510k_summary_pdf,ba6dfda275026b419353097b0d099cc30df332a767d1660cf64cb142f237f663,1e204d1bb7e6da468ea80f1db103fc5e727042613ede886f6a351c18f332f1b7,2026-06-30T13:35:04+00:00,success,LEGACY_SOURCE_MANIFEST
SRC00696,K241984,https://www.accessdata.fda.gov/scripts/cdrh/cfdocs/cfpmn/pmn.cfm?ID=K241984,fda_database_entry_html,daacf97510f07e5b7112f30c416f27d6a1cb20fef46213ab6f5d12850dc79363,598879eee853272179e371b85582804b56eacb5ab93bba11df9a7b62f446cad0,2026-06-30T13:35:21+00:00,success,LEGACY_SOURCE_MANIFEST
SRC00697,K241984,https://www.accessdata.fda.gov/cdrh_docs/pdf24/K241984.pdf,510k_summary_pdf,c6ee7c3d61f16e17b3045e82bbb59e8c3649f48c48fb0dbad92a281b90f71f97,9c792216230e645e328d1816f819da92f92143050432c56449c04675ca3bbcab,2026-06-30T13:35:24+00:00,success,LEGACY_SOURCE_MANIFEST
SRC00698,K242925,https://www.accessdata.fda.gov/scripts/cdrh/cfdocs/cfpmn/pmn.cfm?ID=K242925,fda_database_entry_html,b34a3ee51e8344fabca8d879c44859866d4991da26a256369bb53f106ddf3b4e,267a6778828ca7bdc84a5a7ee9e148618941d7337dbf24a60d6f86ff4e1d45c2,2026-06-30T13:35:31+00:00,success,LEGACY_SOURCE_MANIFEST
SRC00699,K242925,https://www.accessdata.fda.gov/cdrh_docs/pdf24/K242925.pdf,510k_summary_pdf,20a769e83bee936c8c82a1bacdd3c1da318cfcc585524cac72897e23ce9bad2a,5a865e941f06da859529487e3265a80125eecd02024bb986a2770249b8fc3dff,2026-06-30T13:35:34+00:00,success,LEGACY_SOURCE_MANIFEST
SRC00700,K242166,https://www.accessdata.fda.gov/scripts/cdrh/cfdocs/cfpmn/pmn.cfm?ID=K242166,fda_database_entry_html,c4bf0a2e9deb396198a9522e3bc515b818e62f6400592f99d86279f021c684eb,35687b4760b195ca172a5d6ca95836652f42a8bc37cdf8c85fc5d0b5de742a15,2026-06-30T13:35:32+00:00,success,LEGACY_SOURCE_MANIFEST
SRC00701,K242166,https://www.accessdata.fda.gov/cdrh_docs/pdf24/K242166.pdf,510k_summary_pdf,ccd4fe1d5edc3e6e1ffdc4f36c74cd170acb4fa2e9d052ff6276453cb952a397,8aef4072f1a821cdbfb9934abd2155dd7a1bb97cbecdcbf916d46bc1299df58a,2026-06-30T13:35:36+00:00,success,LEGACY_SOURCE_MANIFEST
SRC00702,K242745,https://www.accessdata.fda.gov/scripts/cdrh/cfdocs/cfpmn/pmn.cfm?ID=K242745,fda_database_entry_html,32d50c3e626a036aae9580a5cc64f5993364e8ef07606e635c15bf77fe2cc9eb,737859bec03028ce721bcc2c676255d0153eaa55363c03818290f815cd9fff7e,2026-06-30T13:35:40+00:00,success,LEGACY_SOURCE_MANIFEST
SRC00703,K242745,https://www.accessdata.fda.gov/cdrh_docs/pdf24/K242745.pdf,510k_summary_pdf,fae92273be3898162704984a17ff41cf086a4ad4380a37c1d378acb9c79dd5ba,7959d500db7664fb09d3da792e07791d43e40545523dac062d25f7152bbc5a5f,2026-06-30T13:35:43+00:00,success,LEGACY_SOURCE_MANIFEST
SRC00704,K243038,https://www.accessdata.fda.gov/scripts/cdrh/cfdocs/cfpmn/pmn.cfm?ID=K243038,fda_database_entry_html,d4f28a682e6f7d20811f9dad319947fb8fd3423c9495ca2da93bad9d0dc1c84b,47d1e132290803031279dee8a6ff1a795b9ee4b0fbb5baffdb4a8bd2edf175f9,2026-06-30T13:35:42+00:00,success,LEGACY_SOURCE_MANIFEST
SRC00705,K243038,https://www.accessdata.fda.gov/cdrh_docs/pdf24/K243038.pdf,510k_summary_pdf,2171f9ae323f9cb46a46a47b523b035bdc26de754c100d1df4055943a472847f,2e07187bcbc22da1ab5a0b82936aeedbed7a701fd2dbf556aaabdb626444901b,2026-06-30T13:35:45+00:00,success,LEGACY_SOURCE_MANIFEST
SRC00706,K242919,https://www.accessdata.fda.gov/scripts/cdrh/cfdocs/cfpmn/pmn.cfm?ID=K242919,fda_database_entry_html,7f5c4b6d9f15effd00ee194c4b4e2c809c9cf06a2bc570d8da24a4dcd41ace85,773a9f102df7b7215dbb768a3d05a6f0e55ea7da5c00f8ad9deab6a536e6a6fa,2026-06-30T13:35:44+00:00,success,LEGACY_SOURCE_MANIFEST
SRC00707,K242919,https://www.accessdata.fda.gov/cdrh_docs/pdf24/K242919.pdf,510k_summary_pdf,1f8760eaf08e73f0e8700f74b2b73d97ac03d7247dc30952c39c1fd1ac958a3f,c8bcf8c7b5b940340e39a8a6310a853da6c221432aa6f513c3c29c355db58d11,2026-06-30T13:35:49+00:00,success,LEGACY_SOURCE_MANIFEST
SRC00708,K243891,https://www.accessdata.fda.gov/scripts/cdrh/cfdocs/cfpmn/pmn.cfm?ID=K243891,fda_database_entry_html,9580a42025cf4aa25ac186af47315e0319b38f6e131ae05cdfff10f4e42608ac,85e2e4c8adc13a51fc46eca13025f14715d35709a015cc9be0e38e12a1eb8cd9,2026-06-30T13:35:52+00:00,success,LEGACY_SOURCE_MANIFEST
SRC00709,K243891,https://www.accessdata.fda.gov/cdrh_docs/pdf24/K243891.pdf,510k_summary_pdf,af0c0431ec37b1e154615967b3b2e083bc7cd151847f2ffb88f2d2eb26fe04b3,c769c9551de301822bd9e5487e7e10bcfb71cb2b7ed5933089494e3b46b70e29,2026-06-30T13:35:54+00:00,success,LEGACY_SOURCE_MANIFEST
SRC00710,K243831,https://www.accessdata.fda.gov/scripts/cdrh/cfdocs/cfpmn/pmn.cfm?ID=K243831,fda_database_entry_html,03a838e62e5252238fede3adf643f7d483dd60d51a58c452127428cef5b9b3ad,031b1ec0545e528cc2bd0c51e3c53efac4f544bfc101a74b55db4cfe0774c7ce,2026-06-30T13:35:55+00:00,success,LEGACY_SOURCE_MANIFEST
SRC00711,K243831,https://www.accessdata.fda.gov/cdrh_docs/pdf24/K243831.pdf,510k_summary_pdf,cdc09a60dbaaf630f79473245c25d00bd96c1d65f98e1d21b2d9032cb3533729,65929e46003f58cf641445f9c2500416b29c8a8ae250ce3047af6576ac460b33,2026-06-30T13:35:59+00:00,success,LEGACY_SOURCE_MANIFEST
SRC00712,K243808,https://www.accessdata.fda.gov/scripts/cdrh/cfdocs/cfpmn/pmn.cfm?ID=K243808,fda_database_entry_html,6e8fa20bface77544e08259839645172c9f70f34fe7e0eb24fc2bab089eb25e0,a8fb2e21e1e4617a05160cc2839c29948167c39c479d89ce6135ef85b981f8ef,2026-06-30T13:35:55+00:00,success,LEGACY_SOURCE_MANIFEST
SRC00713,K243808,https://www.accessdata.fda.gov/cdrh_docs/pdf24/K243808.pdf,510k_summary_pdf,51b5b632948af9c45a77b70597e9e8eec5064558530323de9134ae527bf7ef06,052717c931da2f98e5e7280b1fca9814fdfb4dd5a386995046d7f7b60aa96ae3,2026-06-30T13:36:00+00:00,success,LEGACY_SOURCE_MANIFEST
SRC00714,K250186,https://www.accessdata.fda.gov/scripts/cdrh/cfdocs/cfpmn/pmn.cfm?ID=K250186,fda_database_entry_html,90bace4f0746946dca1d457591db2f0dac515cf123fc616ee527129cb54df441,2d63e0bb5be23f6558fb2e0b017018a8d338609e7acf7105e042cc9aacf58ba6,2026-06-30T13:36:00+00:00,success,LEGACY_SOURCE_MANIFEST
SRC00715,K250186,https://www.accessdata.fda.gov/cdrh_docs/pdf25/K250186.pdf,510k_summary_pdf,086cbd37bf7efd8ab81116bf293612836671275ef579ee9454eab617ad2d09a5,e8012e6eed2c3e8504ec9b71fc0124bd64f81efb8bc284fe455495d747ed722f,2026-06-30T13:36:04+00:00,success,LEGACY_SOURCE_MANIFEST
SRC00716,K241961,https://www.accessdata.fda.gov/scripts/cdrh/cfdocs/cfpmn/pmn.cfm?ID=K241961,fda_database_entry_html,5ca0e30a6460eed7c48a22f3d838b47f628273341d11e181831f5a8048ac315e,6877978e4ef2aa4d68548d5c934cbbf0498b45bdbfccab14227b5e3aa83b2a6b,2026-06-30T13:36:06+00:00,success,LEGACY_SOURCE_MANIFEST
SRC00717,K241961,https://www.accessdata.fda.gov/cdrh_docs/pdf24/K241961.pdf,510k_summary_pdf,108f253b25e1d33b802fa7151d2977a2517b743e2e6e95272e8330cc88b7a101,65eecdd6c9a8107a4b70291b86b1ed9d3d1b5b4ac2639f5978bc0ca510c8d5fe,2026-06-30T13:36:08+00:00,success,LEGACY_SOURCE_MANIFEST
SRC00718,K243292,https://www.accessdata.fda.gov/scripts/cdrh/cfdocs/cfpmn/pmn.cfm?ID=K243292,fda_database_entry_html,dbb705d36a45cbd6db532f89324a61dd3576b1b8a88d84a2e7eebddadcb8d029,709848d25e6f24388c8c0db925757bcda2f4658fb489f748ad3d992a2f0e1ff1,2026-06-30T13:36:15+00:00,success,LEGACY_SOURCE_MANIFEST
SRC00719,K243292,https://www.accessdata.fda.gov/cdrh_docs/pdf24/K243292.pdf,510k_summary_pdf,195acf46eba9669a18446df3d950533613370da59cfb0bc134962e56960eee91,fc39f5f57da5e025ac4dbddf5e0b77ae5db0021d1f59add48a74add0a8eef808,2026-06-30T13:36:22+00:00,success,LEGACY_SOURCE_MANIFEST
SRC00720,K243689,https://www.accessdata.fda.gov/scripts/cdrh/cfdocs/cfpmn/pmn.cfm?ID=K243689,fda_database_entry_html,1956d3c46161741b5e036d3860037656ba9978391eae913b432cbd0880b41105,4c6b06f92c34776e83d8c611439812af4f9aa06e3ad5df75e3096c0f85cc73e5,2026-06-30T13:36:25+00:00,success,LEGACY_SOURCE_MANIFEST
SRC00721,K243689,https://www.accessdata.fda.gov/cdrh_docs/pdf24/K243689.pdf,510k_summary_pdf,90b2e7bce0e2a055c2ec8bf7facaa246a2eef60af41dd88743ceaea5cbef96a7,0857985bab5bd6dd580bab03a502d18bfc6c8874de5adb3ac3bf559b9ee6fcca,2026-06-30T13:36:28+00:00,success,LEGACY_SOURCE_MANIFEST
SRC00722,K250042,https://www.accessdata.fda.gov/scripts/cdrh/cfdocs/cfpmn/pmn.cfm?ID=K250042,fda_database_entry_html,602a1527cf9c32c8d2dce689e807f630466e080e771c17e04af8ddf31f83b240,971334e682a2e5492494cb6b54a9939ffe2ee633ef56bdbe13f2f07853fd6be6,2026-06-30T13:36:33+00:00,success,LEGACY_SOURCE_MANIFEST
SRC00723,K250042,https://www.accessdata.fda.gov/cdrh_docs/pdf25/K250042.pdf,510k_summary_pdf,e073c9bec7ddde8c09a23f6bd7d3341440c2b185a0a035630eb8d8cdb67b3ed4,611cbc8140b9eafb86c0b966232a78c27f13b1ce8c8d22cf33db03b6cf4a011b,2026-06-30T13:36:37+00:00,success,LEGACY_SOURCE_MANIFEST
SRC00724,K242683,https://www.accessdata.fda.gov/scripts/cdrh/cfdocs/cfpmn/pmn.cfm?ID=K242683,fda_database_entry_html,1d4267e28fccf19b5044fb5f33611a1e483d1a9c0ee2fda897175369d5b55f8c,aa841e4e38320eb9259b8b5c0b49808d5b724d52fda6bd5e98fcac4c56a7933d,2026-06-30T13:36:40+00:00,success,LEGACY_SOURCE_MANIFEST
SRC00725,K242683,https://www.accessdata.fda.gov/cdrh_docs/pdf24/K242683.pdf,510k_summary_pdf,449825e8bee221f327d52aeeab8391a6ac582c6887a7471ba292b34a6ccc1714,1a5f83c8101a9ac2d9410b55814804517aaf1742bc83c98573ba1c831c6a09e9,2026-06-30T13:36:44+00:00,success,LEGACY_SOURCE_MANIFEST
SRC00726,K243862,https://www.accessdata.fda.gov/scripts/cdrh/cfdocs/cfpmn/pmn.cfm?ID=K243862,fda_database_entry_html,5ee1378c4d81fb4cf2c3585366c1beef556fbd5b9a1d1d54cb7646f0f2108818,71e0b71b4adcf66e3f7265e7a6c1b253aadd5083b2f345b1b4ff8a1272fa99ea,2026-06-30T13:36:44+00:00,success,LEGACY_SOURCE_MANIFEST
SRC00727,K243862,https://www.accessdata.fda.gov/cdrh_docs/pdf24/K243862.pdf,510k_summary_pdf,c8318d436dff8d5145573c81f7690bf69c792970a2357bc3a9ee6d6fd9d2b3ab,c7f38e8024b69a90d3f59f9fde8d04b07cba38f64202dbdc6bdc8095e4f02934,2026-06-30T13:36:49+00:00,success,LEGACY_SOURCE_MANIFEST
SRC00728,K250379,https://www.accessdata.fda.gov/scripts/cdrh/cfdocs/cfpmn/pmn.cfm?ID=K250379,fda_database_entry_html,e7a1005fd0982329a15e418683f0eeced5ead5f86c7cb5cfa16722fb74f00e84,c8c8089650ebd507b1ce84f1fbd865bfa8db3262644e6c8ad487f9276c40b8ba,2026-06-30T13:36:45+00:00,success,LEGACY_SOURCE_MANIFEST
SRC00729,K250379,https://www.accessdata.fda.gov/cdrh_docs/pdf25/K250379.pdf,510k_summary_pdf,796d2c1194e742f3f68799d5cfb49aa7e517d55b86c7d91c5e901936bdc63f27,f267be9fdbc96b49e055df6ed521b974420ac03664e456f67937f2623c732ef3,2026-06-30T13:36:48+00:00,success,LEGACY_SOURCE_MANIFEST
SRC00730,K241960,https://www.accessdata.fda.gov/scripts/cdrh/cfdocs/cfpmn/pmn.cfm?ID=K241960,fda_database_entry_html,d9b57fb6c3591ae46db19d4296dafc5311244cc7e9bea9c51ff923a87aa9899e,5b02ad974ecebdd274d683400fdf7513b5c8980c7cab191fe09aa62eaf3d8092,2026-06-30T13:36:49+00:00,success,LEGACY_SOURCE_MANIFEST
SRC00731,K241960,https://www.accessdata.fda.gov/cdrh_docs/pdf24/K241960.pdf,510k_summary_pdf,9f3d1e98471af7673f195aeb1773924112ec5469d23b15593f5fe1dd1358d7de,b1adcbee4654c8696455c0245a09bdc7697ba1cb7b2cf39c81ee206dbdb995d4,2026-06-30T13:36:59+00:00,success,LEGACY_SOURCE_MANIFEST
SRC00732,K242323,https://www.accessdata.fda.gov/scripts/cdrh/cfdocs/cfpmn/pmn.cfm?ID=K242323,fda_database_entry_html,53ffe865637112e96261d377d3023548ff223cd5928606cf5e9f2fec66a8e6d1,0fe9945b440b0e5dd3db87c6887286fa25bf7f7ec61f47ef880b317c7899c250,2026-06-30T13:36:56+00:00,success,LEGACY_SOURCE_MANIFEST
SRC00733,K242323,https://www.accessdata.fda.gov/cdrh_docs/pdf24/K242323.pdf,510k_summary_pdf,3cf0bb0901c0da8992c525072f6d4a8552193b7d2dafb03cda151fb35fbd26d7,39cf26bdb9c17999a9300bbefdbabc51816fc226bf02c0a4f9e6913ce08447bb,2026-06-30T13:37:05+00:00,success,LEGACY_SOURCE_MANIFEST
SRC00734,K250255,https://www.accessdata.fda.gov/scripts/cdrh/cfdocs/cfpmn/pmn.cfm?ID=K250255,fda_database_entry_html,12c6bb88b709748972487283436a950685d5ee5bab72ac04458eddfc18a31ac0,3d6c8b8a0a1039c19ee2ca884f00682b50a89845a89f168faceab237ecb131e3,2026-06-30T13:37:07+00:00,success,LEGACY_SOURCE_MANIFEST
SRC00735,K250255,https://www.accessdata.fda.gov/cdrh_docs/pdf25/K250255.pdf,510k_summary_pdf,484078026622679ce753e2be2ca10f0fd991de6191242dfeebb44026f0ad68b6,591ef84bf15848e75cc84d1d56d82b7d928c3b69827f63e5f486e12935bc25f2,2026-06-30T13:37:10+00:00,success,LEGACY_SOURCE_MANIFEST
SRC00736,K241725,https://www.accessdata.fda.gov/scripts/cdrh/cfdocs/cfpmn/pmn.cfm?ID=K241725,fda_database_entry_html,d4f541eba552e8ccabf3ec028a5fca9c87f3a62bc70c8ed266d0220834a3c6f3,609b1c8ad6eb55196d4f8d547cbaa5edc6c663463d345573fc5dac7bae7ecebd,2026-06-30T13:37:08+00:00,success,LEGACY_SOURCE_MANIFEST
SRC00737,K241725,https://www.accessdata.fda.gov/cdrh_docs/pdf24/K241725.pdf,510k_summary_pdf,fe3030078296365b8e81cf9fc7352e20f581a80d1579f8d6e996fe4195aed211,1dfae65ad8bf7e11b03d1bf25ac86b5a529b46aefc95e45ef1c26f1b6513b552,2026-06-30T13:37:11+00:00,success,LEGACY_SOURCE_MANIFEST
SRC00738,K242338,https://www.accessdata.fda.gov/scripts/cdrh/cfdocs/cfpmn/pmn.cfm?ID=K242338,fda_database_entry_html,4d1709f0de581143569bce024bc7b89a644a66070912d4ad2c58aa904844c9af,17496aa31ef8a3133cab756cf4d702f6663c183db4e74f684ffee8c27906bd19,2026-06-30T13:37:08+00:00,success,LEGACY_SOURCE_MANIFEST
SRC00739,K242338,https://www.accessdata.fda.gov/cdrh_docs/pdf24/K242338.pdf,510k_summary_pdf,51a6cdc33f3e0a5408d14a6401e3ff6e11e71c00c2ea89d5d042fd74248e782a,4ff1251f6f9919631eb73d4a08ef00a287dd74d739a0bccd0623766308fc3dd4,2026-06-30T13:37:11+00:00,success,LEGACY_SOURCE_MANIFEST
SRC00740,K243331,https://www.accessdata.fda.gov/scripts/cdrh/cfdocs/cfpmn/pmn.cfm?ID=K243331,fda_database_entry_html,b69315f2266263950ffd845c5d2432f6ff0e2a33b29cff6e3844ea5c7a34ccd5,44048072697454de4650fd325f22998f8c72935273a5c49a08823d1588b6e1a1,2026-06-30T13:37:17+00:00,success,LEGACY_SOURCE_MANIFEST
SRC00741,K243331,https://www.accessdata.fda.gov/cdrh_docs/pdf24/K243331.pdf,510k_summary_pdf,6a147a9c5a41874cb57546ae245d520824947c3377e0b8c977e11b1b02f8f2b6,3b566a9be08f264cd4cc4814a6e00a54e28d407fb0bd3bd405b74d0fc4944716,2026-06-30T13:37:18+00:00,success,LEGACY_SOURCE_MANIFEST
SRC00742,K241770,https://www.accessdata.fda.gov/scripts/cdrh/cfdocs/cfpmn/pmn.cfm?ID=K241770,fda_database_entry_html,e011fc9f1194158833dd88e62aea1e4891df5b7d796ca31881c1f30dcc2e66c7,c6656b817ef2559315f7b6a52b5e2cd44522dcd095486193eb48a4af117d8464,2026-06-30T13:37:18+00:00,success,LEGACY_SOURCE_MANIFEST
SRC00743,K241770,https://www.accessdata.fda.gov/cdrh_docs/pdf24/K241770.pdf,510k_summary_pdf,e7caba441d46b6e2d086823a506015435696e2af6059993fdabe883d85ee68b9,ceaf855c427f175b7f442778857c2e47f980a90de8019557c6ea536b7343984e,2026-06-30T13:37:22+00:00,success,LEGACY_SOURCE_MANIFEST
SRC00744,K243933,https://www.accessdata.fda.gov/scripts/cdrh/cfdocs/cfpmn/pmn.cfm?ID=K243933,fda_database_entry_html,ef6fac78f2f0dbf75ef58c65d69acdef55fdcb3844cd31f6628deeefe38400fd,2cc1fdada3a8ed96085ebc61c1437c35d6264399069101be7cecac10ec4fdb7b,2026-06-30T13:37:19+00:00,success,LEGACY_SOURCE_MANIFEST
SRC00745,K243933,https://www.accessdata.fda.gov/cdrh_docs/pdf24/K243933.pdf,510k_summary_pdf,b28e91bd4bb455b4e3196086905205db81c8c624f4a5337086df58858d8b67fe,1be9f2d613a2313c20405cc10038da9978a1c56926a390785c5ffd77d43dabbf,2026-06-30T13:37:23+00:00,success,LEGACY_SOURCE_MANIFEST
SRC00746,K243235,https://www.accessdata.fda.gov/scripts/cdrh/cfdocs/cfpmn/pmn.cfm?ID=K243235,fda_database_entry_html,e371c1f5366a3382491e7a7fe234a720075e553918f8986bc8246db3954b7405,2e71666c91e18d26a96f8751ae8bf1fb650e0aea7f181ab493497f745336c41b,2026-06-30T13:37:31+00:00,success,LEGACY_SOURCE_MANIFEST
SRC00747,K243235,https://www.accessdata.fda.gov/cdrh_docs/pdf24/K243235.pdf,510k_summary_pdf,129baea6cddd12e22187a1d17fa831d1888f07db4d8b3c7d7b508d055c03e8b6,f22a194f868c3a3d5d95161a3ba4dffa3858783fc2d1e232496b3396e7b199c5,2026-06-30T13:37:32+00:00,success,LEGACY_SOURCE_MANIFEST
SRC00748,K243611,https://www.accessdata.fda.gov/scripts/cdrh/cfdocs/cfpmn/pmn.cfm?ID=K243611,fda_database_entry_html,a7b13b49de4026bab891ef19b06abe73ac2c2d03ed5648384279007a91e94f2e,f00f613328dadaf0b5f318211a0cb3eeea6502882b81d820aa1c83dc25350e8d,2026-06-30T13:37:38+00:00,success,LEGACY_SOURCE_MANIFEST
SRC00749,K243611,https://www.accessdata.fda.gov/cdrh_docs/pdf24/K243611.pdf,510k_summary_pdf,33d5578ebf4fbefe63da69d8f25c7dee69df310bb865d6db947b00ee82133ed6,337e0d74c442264b3783c620f0ee2fb26b1bf1dad6f03b8f937fd5d7b53dcbcd,2026-06-30T13:37:39+00:00,success,LEGACY_SOURCE_MANIFEST
SRC00750,K241922,https://www.accessdata.fda.gov/scripts/cdrh/cfdocs/cfpmn/pmn.cfm?ID=K241922,fda_database_entry_html,8df745fd4018d3ddbf6710909e6ab75337fb771f83e5f8dc619fa0e11697e4cc,74e0c70b397bb09b81209c0d94fa863093ac937301f2a573102cf07231c29ca4,2026-06-30T13:37:43+00:00,success,LEGACY_SOURCE_MANIFEST
SRC00751,K241922,https://www.accessdata.fda.gov/cdrh_docs/pdf24/K241922.pdf,510k_summary_pdf,7adf91f2995781460610686cdea5cac39af303662b1bab4480d7ffee5df67976,1a0c90f89f5ec1942d59e6ddd84c825b359326ceac4773a3fff3a5ad1e11b735,2026-06-30T13:37:47+00:00,success,LEGACY_SOURCE_MANIFEST
SRC00752,K242798,https://www.accessdata.fda.gov/scripts/cdrh/cfdocs/cfpmn/pmn.cfm?ID=K242798,fda_database_entry_html,801c91f66a1d79c1e8248a2e83456f32c6e2ab470e68fc5ff3800f71810ca7d0,64612e747656136863de7dea098c3eae0d6d897bd7327a5ff293e0249ecbe744,2026-06-30T13:37:46+00:00,success,LEGACY_SOURCE_MANIFEST
SRC00753,K242798,https://www.accessdata.fda.gov/cdrh_docs/pdf24/K242798.pdf,510k_summary_pdf,3f1eaee8cd7794dcb061db90398afbf5f16fd22d626920ba93e3fdc4d30f5ae7,69c30a2389ee2812ea3039178366c5047634f7d5a150afa73e4b96d69f0ac7bb,2026-06-30T13:37:47+00:00,success,LEGACY_SOURCE_MANIFEST
SRC00754,K241620,https://www.accessdata.fda.gov/scripts/cdrh/cfdocs/cfpmn/pmn.cfm?ID=K241620,fda_database_entry_html,68e4953b680bce4b3260948e91a10845822834ed8024c6404a640c6d11c660f8,9c2e308fee582247df0a1fcde59de53407865b7068679e7692e83c979e4be31e,2026-06-30T13:37:50+00:00,success,LEGACY_SOURCE_MANIFEST
SRC00755,K241620,https://www.accessdata.fda.gov/cdrh_docs/pdf24/K241620.pdf,510k_summary_pdf,d94121339a07384f2717d58474376600e94631eb36ca828cfe25acb6756d8278,bcc84c7e6288c8606de71b5b7ac04d4d37f2fa61775376e92c393462838593a4,2026-06-30T13:37:53+00:00,success,LEGACY_SOURCE_MANIFEST
SRC00756,K241546,https://www.accessdata.fda.gov/scripts/cdrh/cfdocs/cfpmn/pmn.cfm?ID=K241546,fda_database_entry_html,95c0bb1365302d8dddb15cf5ba9780a60bfc33c2af662ed4ce56c3228cd5c367,113ad314f9e6ccbe7763ab4c124372f89a1ff5c0738e6f334932f6603b272f49,2026-06-30T13:37:52+00:00,success,LEGACY_SOURCE_MANIFEST
SRC00757,K241546,https://www.accessdata.fda.gov/cdrh_docs/pdf24/K241546.pdf,510k_summary_pdf,82093e60d659576904fcd67c3dd4a6946d244b9f3ed8f4d42e0e972a410e3394,66b7aa0602ffb180c45b6bb5be3ce9ffd502d2e7f6d6a348fc82be72f7a58540,2026-06-30T13:37:57+00:00,success,LEGACY_SOURCE_MANIFEST
SRC00758,K241222,https://www.accessdata.fda.gov/scripts/cdrh/cfdocs/cfpmn/pmn.cfm?ID=K241222,fda_database_entry_html,c9c582327788ac3264ad3a8d69ccad2bac7da744b9e4d66175a517c85874e2e5,bc7434f9e6f16869c370a4a3e12ece19d8d147e27605046801cc93b6705ec252,2026-06-30T13:37:54+00:00,success,LEGACY_SOURCE_MANIFEST
SRC00759,K241222,https://www.accessdata.fda.gov/cdrh_docs/pdf24/K241222.pdf,510k_summary_pdf,2075ab4789ec9979c4892909bc5768daf324609edc86b84128e43b50feebacbe,e33a849b9b799a7cb3f9c561c91bf2ee75a6f60929834a25b5bc4df17985e989,2026-06-30T13:37:58+00:00,success,LEGACY_SOURCE_MANIFEST
SRC00760,K242967,https://www.accessdata.fda.gov/scripts/cdrh/cfdocs/cfpmn/pmn.cfm?ID=K242967,fda_database_entry_html,9229c12a30a2132651629c77b642049ae17d204f452fb364ce08f8720206f48e,0511e9e63e31906fdbdb02d6d7ccfe9bfe472f797164f770ef00534e9b02bee3,2026-06-30T13:38:04+00:00,success,LEGACY_SOURCE_MANIFEST
SRC00761,K242967,https://www.accessdata.fda.gov/cdrh_docs/pdf24/K242967.pdf,510k_summary_pdf,740e22ba03069b122b93aca9487377f64f0ae67d35b5fc8827dbaf8927f66e71,0a953e42995770e233c84d0b08b0978ec14405a4d6ae8266019b67d26de33dc9,2026-06-30T13:38:08+00:00,success,LEGACY_SOURCE_MANIFEST
SRC00762,K243446,https://www.accessdata.fda.gov/scripts/cdrh/cfdocs/cfpmn/pmn.cfm?ID=K243446,fda_database_entry_html,a63e05beafbef13b168ef0e46d1849d612d579a652ca92d7b18d639c58fb8ffb,7157f9b3eba5f4a55bb68e9af053286fce3bb9da303f4f8fe17420ca695b032a,2026-06-30T13:38:16+00:00,success,LEGACY_SOURCE_MANIFEST
SRC00763,K243446,https://www.accessdata.fda.gov/cdrh_docs/pdf24/K243446.pdf,510k_summary_pdf,3ef12cec876895da0c4424cdba7358c9785071200c44a748f51d7a2888668eb1,c9cc68fab9b4222338b1418bf340be82cf002102c2b220359f1e4eafdfadecb3,2026-06-30T13:38:18+00:00,success,LEGACY_SOURCE_MANIFEST
SRC00764,K242822,https://www.accessdata.fda.gov/scripts/cdrh/cfdocs/cfpmn/pmn.cfm?ID=K242822,fda_database_entry_html,f60adc7985ade8fd02d1dcb40a22140bdfd90f57ace9eda680547af1617e23df,88d869699b42833acbd5e2f4c8aa74b8cca6944a7e88daef3c5a9d08a7d3b586,2026-06-30T13:38:17+00:00,success,LEGACY_SOURCE_MANIFEST
SRC00765,K242822,https://www.accessdata.fda.gov/cdrh_docs/pdf24/K242822.pdf,510k_summary_pdf,ec2113bb48690d64d26178c204d5b20e668987e522df300cd15ef9ed18cb7bd1,cb2197ca81dcf960d233b31845e658c93a13cff5d5ecc0098a7f7c1f6db0215a,2026-06-30T13:38:23+00:00,success,LEGACY_SOURCE_MANIFEST
SRC00766,K242994,https://www.accessdata.fda.gov/scripts/cdrh/cfdocs/cfpmn/pmn.cfm?ID=K242994,fda_database_entry_html,ec3757a37da05dc5e948e53ec3dfcf000083386959408e4fb748430fdedff34d,eabc91dbcb766af2a7f8e223ac7de3aa33272edccd0adcffb56b83cb98c5b872,2026-06-30T13:38:36+00:00,success,LEGACY_SOURCE_MANIFEST
SRC00767,K242994,https://www.accessdata.fda.gov/cdrh_docs/pdf24/K242994.pdf,510k_summary_pdf,87be3846789e1d0d76f99a54fc8e2a7f9a62551e922cdd09ee1a6f556ffe7d2d,18b365f7a50b4144b9ad0cb793e9a8f1f3423cc7dedf79a316cde4adb1225054,2026-06-30T13:38:39+00:00,success,LEGACY_SOURCE_MANIFEST
SRC00768,K242838,https://www.accessdata.fda.gov/scripts/cdrh/cfdocs/cfpmn/pmn.cfm?ID=K242838,fda_database_entry_html,9d156ed873d0c911a6aaa6dc04123405e160c904a91bb4f782c55f58b78bd3dd,b07240bb43be5f0850d6f6839c0ff85558c6901e1ac2d65e831b4c6e4116edc2,2026-06-30T13:38:36+00:00,success,LEGACY_SOURCE_MANIFEST
SRC00769,K242838,https://www.accessdata.fda.gov/cdrh_docs/pdf24/K242838.pdf,510k_summary_pdf,326ea2dd13eab48814783793930fd78f518091fe96a9157725c6b13b494b847e,9f11ef084a68f02c7f3acd8d8d03d00689b3ab2f228df5e42f72ea41fa963ebe,2026-06-30T13:38:39+00:00,success,LEGACY_SOURCE_MANIFEST
SRC00770,K242607,https://www.accessdata.fda.gov/scripts/cdrh/cfdocs/cfpmn/pmn.cfm?ID=K242607,fda_database_entry_html,24892e405ff139fec5599140d120d2bd4990fea766c0c51e4538eaa7315e4153,298f1ebacf5bf4a5d7cbe5fb54872e46cc33c81d5b00f0d8c2eeded3cbdc557a,2026-06-30T13:38:44+00:00,success,LEGACY_SOURCE_MANIFEST
SRC00771,K242607,https://www.accessdata.fda.gov/cdrh_docs/pdf24/K242607.pdf,510k_summary_pdf,2d4eacdb68f614409dd356d055a1ba91ea6fac3a0cf44cebc14e44b2b2cee94a,5c9d25e98a6dfac93bb4e3303b4b8b347502629d19f6fbe0088429af3d272f9e,2026-06-30T13:38:51+00:00,success,LEGACY_SOURCE_MANIFEST
SRC00772,K243614,https://www.accessdata.fda.gov/scripts/cdrh/cfdocs/cfpmn/pmn.cfm?ID=K243614,fda_database_entry_html,82ac4fedd82679b22a8b45eb342fb6744e2fb952b8153a1093848624a456de4e,d3e3444b4bc46a3845c9726d92b5fec4990f7b9479592e04e2c2be5a687874e3,2026-06-30T13:38:48+00:00,success,LEGACY_SOURCE_MANIFEST
SRC00773,K243614,https://www.accessdata.fda.gov/cdrh_docs/pdf24/K243614.pdf,510k_summary_pdf,defc366e571c84149fbc81a12fbdadaa269cae72c77d29583606745f12fa47f7,9be2510e02b7418e7f4abd6cde7ce13fd3f33dd50b58554a98daad804a7ffa2c,2026-06-30T13:38:51+00:00,success,LEGACY_SOURCE_MANIFEST
SRC00774,K242821,https://www.accessdata.fda.gov/scripts/cdrh/cfdocs/cfpmn/pmn.cfm?ID=K242821,fda_database_entry_html,a90ae9819a9442f7baa2addbbb6f025861f1d94bb07673a44cdbe5518623d462,359189aa59be04352aaa9035c11c37c9ca9b940fb5fcb478584c875f05f20ff2,2026-06-30T13:38:51+00:00,success,LEGACY_SOURCE_MANIFEST
SRC00775,K242821,https://www.accessdata.fda.gov/cdrh_docs/pdf24/K242821.pdf,510k_summary_pdf,7f383a97c43ceefc83d462f604d2c78f6712e4dbb15ca21cbd449e844f91463f,7594d73b953aab0683c8010b78b4a680cae6af89960970b3cdd4f2963528a2c1,2026-06-30T13:38:53+00:00,success,LEGACY_SOURCE_MANIFEST
SRC00776,K242447,https://www.accessdata.fda.gov/scripts/cdrh/cfdocs/cfpmn/pmn.cfm?ID=K242447,fda_database_entry_html,e5f6688e5d22bc01c8ee65a4665af786de2ec74940e0ce45905c1244931dbd8a,40586443767df0d20b35125870d0f3d645ec9c3154f0c4f83c0a7adc47d964e4,2026-06-30T13:38:56+00:00,success,LEGACY_SOURCE_MANIFEST
SRC00777,K242447,https://www.accessdata.fda.gov/cdrh_docs/pdf24/K242447.pdf,510k_summary_pdf,6118fe0f2f65a92a9fa98cdf9cd1cd965b7be2eae7728c25da5d10d88521017b,17de231ed3b66ce577217b5d6461ccf4a6c68598819cfba24276f7a1db68dc35,2026-06-30T13:38:57+00:00,success,LEGACY_SOURCE_MANIFEST
SRC00778,K242240,https://www.accessdata.fda.gov/scripts/cdrh/cfdocs/cfpmn/pmn.cfm?ID=K242240,fda_database_entry_html,a19e5296d60c6d2639bf69f9383fde53bf0c00f49426a117d805fa28109933e2,8dad1cd1e6f645e74644a7d9621bc8d5af46e7ea48f017c4b2c02a65bc68f542,2026-06-30T13:38:57+00:00,success,LEGACY_SOURCE_MANIFEST
SRC00779,K242240,https://www.accessdata.fda.gov/cdrh_docs/pdf24/K242240.pdf,510k_summary_pdf,331affbe1d0affe48a04182cf343daf68456cb8c8b648da0c6d8b1d2832b3c37,d39e0d042a7313c3c6739c31fd05383761fde29eee62908e0fb8dd311ebcc63d,2026-06-30T13:39:00+00:00,success,LEGACY_SOURCE_MANIFEST
SRC00780,K250248,https://www.accessdata.fda.gov/scripts/cdrh/cfdocs/cfpmn/pmn.cfm?ID=K250248,fda_database_entry_html,b3567c5defd1ee49a4ade7c728da0e48ad4d71aa29845f0b02d17762fd4e73b6,8057acc1a4070d8361fc6dbc46c87980a40628777296b7fc31361232fb7dde9b,2026-06-30T13:39:07+00:00,success,LEGACY_SOURCE_MANIFEST
SRC00781,K250248,https://www.accessdata.fda.gov/cdrh_docs/pdf25/K250248.pdf,510k_summary_pdf,dbe2ce4800b7ea4d7567bbc5b390807c61923bfbb5dc7896d4b060658a9ab889,991267768191defdeb0e1faf513a55d1ceff60a254a78dd33e61555be9d0770b,2026-06-30T13:39:11+00:00,success,LEGACY_SOURCE_MANIFEST
SRC00782,K243294,https://www.accessdata.fda.gov/scripts/cdrh/cfdocs/cfpmn/pmn.cfm?ID=K243294,fda_database_entry_html,49772b0272be3150e247f915d87f403ff8a05efe0a80b884975bfcb15a0f6a77,c55472329ddbc452594716ec89d61a73c40798ac27fa16c329e024de0a8358b3,2026-06-30T13:39:14+00:00,success,LEGACY_SOURCE_MANIFEST
SRC00783,K243294,https://www.accessdata.fda.gov/cdrh_docs/pdf24/K243294.pdf,510k_summary_pdf,0af85b5e7067e435bad08db45c07a4e8e5b173a1635019419a59193473ab3382,d8f7f0f3023153067a49935fd2975890dd28fe6e956f35080061800e22606d8a,2026-06-30T13:39:14+00:00,success,LEGACY_SOURCE_MANIFEST
SRC00784,K243696,https://www.accessdata.fda.gov/scripts/cdrh/cfdocs/cfpmn/pmn.cfm?ID=K243696,fda_database_entry_html,f87581b56212007b301e9b2a59fb256f242cb3212fdb8009ab87475b501d1162,1eeeb1956bdad9ea9b843209eeb8c5e5eeb1fb51c2802dcc904169f6005e08d1,2026-06-30T13:39:17+00:00,success,LEGACY_SOURCE_MANIFEST
SRC00785,K243696,https://www.accessdata.fda.gov/cdrh_docs/pdf24/K243696.pdf,510k_summary_pdf,030808a6559e670573be3d0de55f0271de6b63201832d27ef8f31fcb412d9f2b,d0bfdc90cbf013cb9428e975bfe1f338a86865e2774daf97a2b74ff8f817fc0e,2026-06-30T13:39:20+00:00,success,LEGACY_SOURCE_MANIFEST
SRC00786,K243702,https://www.accessdata.fda.gov/scripts/cdrh/cfdocs/cfpmn/pmn.cfm?ID=K243702,fda_database_entry_html,323ae86e7d11736fce32bc3b3774fca8196dc9278153326232cfe9d439bf07bd,efb4041f470a6453fb80bf474a7359db97be3e0660ee2022290594f8237f8f12,2026-06-30T13:39:17+00:00,success,LEGACY_SOURCE_MANIFEST
SRC00787,K243702,https://www.accessdata.fda.gov/cdrh_docs/pdf24/K243702.pdf,510k_summary_pdf,9381eb7ba7f50e71efd0fcf54cf432903ae7cb25c1b6dd48a70044caceeed5c2,9173ef0604786c40fca21c2f03afbe4c84f00a2b7520604c08e17815d6d2788a,2026-06-30T13:39:22+00:00,success,LEGACY_SOURCE_MANIFEST
SRC00788,K243523,https://www.accessdata.fda.gov/scripts/cdrh/cfdocs/cfpmn/pmn.cfm?ID=K243523,fda_database_entry_html,80574ae79ac08c555de33e705c6afd33e70025ee5eaad2211908a497d8d90801,70d20e5a9854aca82d3a83fdf8bfe55aa42f3cb2954f74688471337d94d9b1b1,2026-06-30T13:39:21+00:00,success,LEGACY_SOURCE_MANIFEST
SRC00789,K243523,https://www.accessdata.fda.gov/cdrh_docs/pdf24/K243523.pdf,510k_summary_pdf,995ba482e25eff77c3b8d3279a73154c621c81dd79c1e896798e678707225695,6ed319936065e8ddc2db0c47768b15ec47dc7361ee1154ce7c25c880bbc13166,2026-06-30T13:39:24+00:00,success,LEGACY_SOURCE_MANIFEST
SRC00790,K243250,https://www.accessdata.fda.gov/scripts/cdrh/cfdocs/cfpmn/pmn.cfm?ID=K243250,fda_database_entry_html,02ec603f75fb3b3015f21399d3bdcd2c20d110bc16a574554e274f17fe0b6fe5,9f0a0218fbf89935a9b06df55b1bcbda0e8675933eab62e593a4f41674793f32,2026-06-30T13:39:25+00:00,success,LEGACY_SOURCE_MANIFEST
SRC00791,K243250,https://www.accessdata.fda.gov/cdrh_docs/pdf24/K243250.pdf,510k_summary_pdf,2cc04d4068450eaf87ba7c7e5aeb5da25920089ccdd84e22b4fe58ccfd4c6649,80ee827f41d4312081181b3c25a4247eccab8a96c036811c0cf46fe42cf19aa2,2026-06-30T13:39:33+00:00,success,LEGACY_SOURCE_MANIFEST
SRC00792,K243628,https://www.accessdata.fda.gov/scripts/cdrh/cfdocs/cfpmn/pmn.cfm?ID=K243628,fda_database_entry_html,6f2be17f2c5b5a769605725fa4104fdccf91ce25b1558384a97f8fe186308ac3,f7c890d3a4f5319920453ae401e74a05b776309961ff456907f75bc1426c8f32,2026-06-30T13:39:34+00:00,success,LEGACY_SOURCE_MANIFEST
SRC00793,K243628,https://www.accessdata.fda.gov/cdrh_docs/pdf24/K243628.pdf,510k_summary_pdf,a55be60234801265753c54b9ed25af1cc94eac9d2c64559f979a73fd91c35734,29fb4a3e937f87563e48a1d042866ab17cea7555ca4f51a2a5bda3442822f2f8,2026-06-30T13:39:37+00:00,success,LEGACY_SOURCE_MANIFEST
SRC00794,K243620,https://www.accessdata.fda.gov/scripts/cdrh/cfdocs/cfpmn/pmn.cfm?ID=K243620,fda_database_entry_html,abe43f119d5a7e8b426892f98edfc3e2f0cacf627bbbc4d125c022b9238460c8,2672462102a5f8078b22681e86325d586ebc2c6fc5049fefc1c0704e7497e8a2,2026-06-30T13:39:39+00:00,success,LEGACY_SOURCE_MANIFEST
SRC00795,K243620,https://www.accessdata.fda.gov/cdrh_docs/pdf24/K243620.pdf,510k_summary_pdf,bee270516ff6bcb591ab2a015c2c4203a5549e6f309fda851d6e01f2c20c17c3,94e40a79f36fef1ed96b10d7a503c945b0ec34d675428bc82622fb637bb5c8c2,2026-06-30T13:39:42+00:00,success,LEGACY_SOURCE_MANIFEST
SRC00796,K241659,https://www.accessdata.fda.gov/scripts/cdrh/cfdocs/cfpmn/pmn.cfm?ID=K241659,fda_database_entry_html,f0011bab772e28882d09a4232952f44024988dae892238f5dc23e1a1d3dbf69e,ac0963215fff147a3cee3a64e5ad5a980910f4de07ef809ff5b2eeb3ac8fc3a5,2026-06-30T13:39:53+00:00,success,LEGACY_SOURCE_MANIFEST
SRC00797,K241659,https://www.accessdata.fda.gov/cdrh_docs/pdf24/K241659.pdf,510k_summary_pdf,18d163944d8c2029d46af0493a3d18e379c191407e57e8b8ec2c0beafc3c525d,28281c51217aacf28fe56814cab7a9d5f28cb60d86a1eeb37d872ab728d21210,2026-06-30T13:40:00+00:00,success,LEGACY_SOURCE_MANIFEST
SRC00798,K243794,https://www.accessdata.fda.gov/scripts/cdrh/cfdocs/cfpmn/pmn.cfm?ID=K243794,fda_database_entry_html,343fc7f3d9514ee1ed2d920364b5dbcfc5a9834d112594d1c49b1c33dad38037,f2908e768ddb7c7f31acde5fc249a99e32e588b19fc3c177a74a6b544f754dcc,2026-06-30T13:39:58+00:00,success,LEGACY_SOURCE_MANIFEST
SRC00799,K243794,https://www.accessdata.fda.gov/cdrh_docs/pdf24/K243794.pdf,510k_summary_pdf,535e3e84da24344e88ab035826b698c5a7a79bf464515dfa4fd1061b5b303b03,cedff906582d696acf0d3dabe40d02f2993a00ed39b53411962cd7e049846ba0,2026-06-30T13:40:01+00:00,success,LEGACY_SOURCE_MANIFEST
SRC00800,K241593,https://www.accessdata.fda.gov/scripts/cdrh/cfdocs/cfpmn/pmn.cfm?ID=K241593,fda_database_entry_html,f8d6cde0d3ab2fbab3c402791821f2a291e3a06029a5185176218206ac677312,f2e302a6f289002047c2cdae69dfc71805ea2b98d3dea89169560ed3e43dba53,2026-06-30T13:40:02+00:00,success,LEGACY_SOURCE_MANIFEST
SRC00801,K241593,https://www.accessdata.fda.gov/cdrh_docs/pdf24/K241593.pdf,510k_summary_pdf,7ba78b2f00a7944e1f45d2ca33ddf261096097cac79b45ffa3279dc7fb20e761,c51643e1675df2a9773bb6353bb9580e280d519032224a897a9986955a137d64,2026-06-30T13:40:05+00:00,success,LEGACY_SOURCE_MANIFEST
SRC00802,K250035,https://www.accessdata.fda.gov/scripts/cdrh/cfdocs/cfpmn/pmn.cfm?ID=K250035,fda_database_entry_html,d54e5bbef15f810ddff22d79da3cc690df3ab340912875686746b5db053009c1,66041a76194cdeab5db64e8ee1f81ae149d92f460dafa1cd5342809da15cdb63,2026-06-30T13:40:14+00:00,success,LEGACY_SOURCE_MANIFEST
SRC00803,K250035,https://www.accessdata.fda.gov/cdrh_docs/pdf25/K250035.pdf,510k_summary_pdf,9a97ff4cea8f103f3ed8d5cb82b13fff995fbfd466cc817ef789a7f5f41ddd8d,93769dce1ec5f7094c36d2cc4af7e85bb363402fa94a1579bac8975f76ee32a7,2026-06-30T13:40:19+00:00,success,LEGACY_SOURCE_MANIFEST
SRC00804,K243268,https://www.accessdata.fda.gov/scripts/cdrh/cfdocs/cfpmn/pmn.cfm?ID=K243268,fda_database_entry_html,b7b2dbab0faab1f658d63bc2bdf79503a9e21a82f7fd7ec23aaf9134659d8c07,c44e774cdc86b946d1fefdb6c7c907a6c550201121b9243e42a48f665c9e6f03,2026-06-30T13:40:17+00:00,success,LEGACY_SOURCE_MANIFEST
SRC00805,K243268,https://www.accessdata.fda.gov/cdrh_docs/pdf24/K243268.pdf,510k_summary_pdf,4c9723b9a497801a936df0d25a3576f22e88e69ce39e13516e4bcf2c85554b45,32e34cb70c69612f5290bea1a692b3c8d7ca10d2dbae5acc367d6edd9fe01ffa,2026-06-30T13:40:22+00:00,success,LEGACY_SOURCE_MANIFEST
SRC00806,K241292,https://www.accessdata.fda.gov/scripts/cdrh/cfdocs/cfpmn/pmn.cfm?ID=K241292,fda_database_entry_html,c97286d59c359a6b1f4d3b83120026c22a371880eb14db5cec2f969e587365ef,f1feb84fd5d9e19cdc27770c9673af41f136061967f82dc022f99009fdef3670,2026-06-30T13:40:23+00:00,success,LEGACY_SOURCE_MANIFEST
SRC00807,K241292,https://www.accessdata.fda.gov/cdrh_docs/pdf24/K241292.pdf,510k_summary_pdf,642fe130b0a99b4ee5225c0cc2a708f6c930fb6fbdfe9a170dd1f06cea48ae1a,1050f2556d7e8815bedf7bc07213ceb93fd2d064b663a5b9e001535efd425154,2026-06-30T13:40:24+00:00,success,LEGACY_SOURCE_MANIFEST
SRC00808,K243042,https://www.accessdata.fda.gov/scripts/cdrh/cfdocs/cfpmn/pmn.cfm?ID=K243042,fda_database_entry_html,44dd5518ad060ce8fb7b0bd55c427a814cb43f5660a2192e8e73fe0c6e339c12,22fea931a6118b300fc00ce5b56622b20a165af615532962ddc5ed46c27e9eab,2026-06-30T13:40:25+00:00,success,LEGACY_SOURCE_MANIFEST
SRC00809,K243042,https://www.accessdata.fda.gov/cdrh_docs/pdf24/K243042.pdf,510k_summary_pdf,cef4949387a073e4ca61641bc053511905970393d268c49407fc7eef10dfbf77,2c7f81d788a1aee46494495eff406e68dac37b2a765fd6e20c04dfa8ef47ee0c,2026-06-30T13:40:29+00:00,success,LEGACY_SOURCE_MANIFEST
SRC00810,K244027,https://www.accessdata.fda.gov/scripts/cdrh/cfdocs/cfpmn/pmn.cfm?ID=K244027,fda_database_entry_html,3fe7ad9c9d39e73c9499192add2130e3b79815e40009a86f76e3e590319404de,0b6de94546e1cea0f16609e0edddc85ebf893b14f6508868df9b2f5a8c930521,2026-06-30T13:40:28+00:00,success,LEGACY_SOURCE_MANIFEST
SRC00811,K244027,https://www.accessdata.fda.gov/cdrh_docs/pdf24/K244027.pdf,510k_summary_pdf,6855f7f2365e99dc791adbba41c80ef2d9a1c40db161b0d9be8517a4f33595cc,1a6a8a9b6a30e25ab1cbbb30d8171e40065d00ab3d11b99a5207975705ee5148,2026-06-30T13:40:29+00:00,success,LEGACY_SOURCE_MANIFEST
SRC00812,K243229,https://www.accessdata.fda.gov/scripts/cdrh/cfdocs/cfpmn/pmn.cfm?ID=K243229,fda_database_entry_html,b332a1e9543e2be2ad4cc0b09554f37a8289190827108123360f5eae8f2b38bb,48a3ffd76b599f1dfa2fe4f3617c8e3b12e4b2cf931bfe79cdd5c73bdb3e16b6,2026-06-30T13:40:28+00:00,success,LEGACY_SOURCE_MANIFEST
SRC00813,K243229,https://www.accessdata.fda.gov/cdrh_docs/pdf24/K243229.pdf,510k_summary_pdf,4999ec74d3cf5b6943f7507245b921c0791009678db10c1b167a7c23b848d8f2,9794fb9a01ba8461ab881dd4d3eb2bbb9de41306aa787e7b8ddff2901142de83,2026-06-30T13:40:38+00:00,success,LEGACY_SOURCE_MANIFEST
SRC00814,K243657,https://www.accessdata.fda.gov/scripts/cdrh/cfdocs/cfpmn/pmn.cfm?ID=K243657,fda_database_entry_html,c5658bbb1803972201302b0220c9a9bca22967e631d1424d4f318efded456fd5,bb983d3b8420dcf5fbbd9233eb0d57f001ddcb6cf1f24669a17d3b966aa4f147,2026-06-30T13:40:32+00:00,success,LEGACY_SOURCE_MANIFEST
SRC00815,K243657,https://www.accessdata.fda.gov/cdrh_docs/pdf24/K243657.pdf,510k_summary_pdf,fa6053f752adaec17619c34aaf3e0505e34662635817a9013dda9a77dda42d9b,a3e4e032995c72a65662ba3dc6d967e2ffc37ec71c9ccdc1f0ff0595935ae948,2026-06-30T13:40:36+00:00,success,LEGACY_SOURCE_MANIFEST
SRC00816,K244023,https://www.accessdata.fda.gov/scripts/cdrh/cfdocs/cfpmn/pmn.cfm?ID=K244023,fda_database_entry_html,1ad5ff480a58ee82a60e00610450ed8e02390d96bc13d4914dd597fbd30627f7,49eeff9b33b4f3f2711c5aa4004b3915f5bd4d0479c44d18d2c5fe9296f624b9,2026-06-30T13:40:36+00:00,success,LEGACY_SOURCE_MANIFEST
SRC00817,K244023,https://www.accessdata.fda.gov/cdrh_docs/pdf24/K244023.pdf,510k_summary_pdf,59e61c08cb0e8e52236ac44f2a53c079e245160b8ac306d5788753e737514092,870120baefbbc700ebbf4c66a841d69e83ce5c86d247d633b8715233f026a455,2026-06-30T13:40:40+00:00,success,LEGACY_SOURCE_MANIFEST
SRC00818,K241232,https://www.accessdata.fda.gov/scripts/cdrh/cfdocs/cfpmn/pmn.cfm?ID=K241232,fda_database_entry_html,f050cfb8106aba53ce48b1b3e5121b5004214a7dadb3aa0b8efa49d338877a0b,c9df994e3eb3b757bb182a142c0d608d92496100c220036aa2d5bcb43619d240,2026-06-30T13:40:44+00:00,success,LEGACY_SOURCE_MANIFEST
SRC00819,K241232,https://www.accessdata.fda.gov/cdrh_docs/pdf24/K241232.pdf,510k_summary_pdf,8e640de0ac6a00b075e2a69ecf260e41af7432531e6569f9857bb6f57cb30c28,eee15551cd57cec34d2a549f51ef0a4a8ffcc4781c1d610a4cd82d95422ad88f,2026-06-30T13:40:48+00:00,success,LEGACY_SOURCE_MANIFEST
SRC00820,K241232,http://www.accessdata.fda.gov/cdrh_docs/reviews/K241232.pdf,510k_summary_pdf,8e640de0ac6a00b075e2a69ecf260e41af7432531e6569f9857bb6f57cb30c28,eee15551cd57cec34d2a549f51ef0a4a8ffcc4781c1d610a4cd82d95422ad88f,2026-06-30T13:40:52+00:00,success,LEGACY_SOURCE_MANIFEST
SRC00821,K243158,https://www.accessdata.fda.gov/scripts/cdrh/cfdocs/cfpmn/pmn.cfm?ID=K243158,fda_database_entry_html,3f9de9b65d8551e8850c07579f01ec7a102f3bd6e5123cba4c1c1b392be2b0b4,862a1b7ea2979befb67436b4679f7dc9b2bfa8335b51bcbe51638da3c243ccd1,2026-06-30T13:40:46+00:00,success,LEGACY_SOURCE_MANIFEST
SRC00822,K243158,https://www.accessdata.fda.gov/cdrh_docs/pdf24/K243158.pdf,510k_summary_pdf,770cb5c10816843f54797c30841b5270c421fd48370b0df634eea1795ea6f71f,0c9a45ca4966ac88ac411e23670bb7d94415dffc14700da30f08998ae441aefd,2026-06-30T13:40:48+00:00,success,LEGACY_SOURCE_MANIFEST
SRC00823,K243350,https://www.accessdata.fda.gov/scripts/cdrh/cfdocs/cfpmn/pmn.cfm?ID=K243350,fda_database_entry_html,e80cca7bb81a2a855d52f80ea8b62d1962a68d6914462e9d58be536fe8d1f307,8d5db825f7587c23d235a084fda9398b6d8147f5f95750877c22de87c2ffa307,2026-06-30T13:40:47+00:00,success,LEGACY_SOURCE_MANIFEST
SRC00824,K243350,https://www.accessdata.fda.gov/cdrh_docs/pdf24/K243350.pdf,510k_summary_pdf,e4e72bf8002b3eaf2dec8d564a79571539346ffe4508d00d53b086f612c9a5d4,829440574e05d95fd453ac002740ec570a1b876fbfde715ad5eb72c78d3c0c1f,2026-06-30T13:40:51+00:00,success,LEGACY_SOURCE_MANIFEST
SRC00825,K243955,https://www.accessdata.fda.gov/scripts/cdrh/cfdocs/cfpmn/pmn.cfm?ID=K243955,fda_database_entry_html,f8330f17d084003cbbe3f95e5b1abb4164013a39959161d7587c88ab8e1c5f64,441ec8ea003cd76f39ad018f86fb4e8324dcf569d57eaf088662f6e1f53fd2a4,2026-06-30T13:40:52+00:00,success,LEGACY_SOURCE_MANIFEST
SRC00826,K243955,https://www.accessdata.fda.gov/cdrh_docs/pdf24/K243955.pdf,510k_summary_pdf,6599d5dcd0614567a5334e1f305fb7d9e9c70be58daebb43cac219f50cb74440,31ebf7e2598d0e21d834b7ff5c32e6faf90de09d67e1cca10aadf8af5aea1e38,2026-06-30T13:40:55+00:00,success,LEGACY_SOURCE_MANIFEST
SRC00827,K242825,https://www.accessdata.fda.gov/scripts/cdrh/cfdocs/cfpmn/pmn.cfm?ID=K242825,fda_database_entry_html,0c83f51d30e8c1c8cc02c09c154ce12b85eeec0d487f49be1a0583d551ad02a1,72c670fa508f76c5e1de644d598f5b7d36eca0893546f0230aa68c779723e61c,2026-06-30T13:40:55+00:00,success,LEGACY_SOURCE_MANIFEST
SRC00828,K242825,https://www.accessdata.fda.gov/cdrh_docs/pdf24/K242825.pdf,510k_summary_pdf,68da20eaaa6fa02cc7d44b1db2b1c8f8631d757d7ef05f133077c79efd294910,927c83e9fd745f6153bb4ce8a11386acef7b731be3e03d5d813df01f6dd619a0,2026-06-30T13:40:57+00:00,success,LEGACY_SOURCE_MANIFEST
SRC00829,K242171,https://www.accessdata.fda.gov/scripts/cdrh/cfdocs/cfpmn/pmn.cfm?ID=K242171,fda_database_entry_html,286039b6d1d7f3528c3b8bb7fd2f0f2ae217faf99db1964ee2dda22cdd2cbb76,2ad35a90255b2ef4378b7b719708220177c8cdbb860ce34eb8c6669c327e9a9e,2026-06-30T13:41:02+00:00,success,LEGACY_SOURCE_MANIFEST
SRC00830,K242171,https://www.accessdata.fda.gov/cdrh_docs/pdf24/K242171.pdf,510k_summary_pdf,4b2aeb6a514fa34e967766c56af27627eb4138fa4a37c4e77ad1368f9bb743e6,bcc48899113dd30e452038109c0624f90ce3561ce3b5b27924e75716f50f8f44,2026-06-30T13:41:07+00:00,success,LEGACY_SOURCE_MANIFEST
SRC00831,K241949,https://www.accessdata.fda.gov/scripts/cdrh/cfdocs/cfpmn/pmn.cfm?ID=K241949,fda_database_entry_html,24d61b111f2d529b2f00de4d0ff2ce61c93e521fdd048d60e19fb423928a413e,fbf01b643af86252176b9b181e08e930039bd5816f0d246ec6ad243654d64bcc,2026-06-30T13:41:03+00:00,success,LEGACY_SOURCE_MANIFEST
SRC00832,K241949,https://www.accessdata.fda.gov/cdrh_docs/pdf24/K241949.pdf,510k_summary_pdf,beb96e2c95876e1249a676fe6319382760213d223e7a2ba80ac26fab75a4e5fd,6067899641be771b3ca531176020908a4b4e7dca85f006aa5aeae1e614913a42,2026-06-30T13:41:06+00:00,success,LEGACY_SOURCE_MANIFEST
SRC00833,K242522,https://www.accessdata.fda.gov/scripts/cdrh/cfdocs/cfpmn/pmn.cfm?ID=K242522,fda_database_entry_html,5581b89b90121656d52846f26715d9d64623ea3908dad751e8003732f3b1510a,aa7d1c007955fc76c03899e6aebac6e77dc4e91d7e834a718da09d00adc78131,2026-06-30T13:41:14+00:00,success,LEGACY_SOURCE_MANIFEST
SRC00834,K242522,https://www.accessdata.fda.gov/cdrh_docs/pdf24/K242522.pdf,510k_summary_pdf,6abb567d46486ae57c7935947ef00fc169919e1cf5640049e78ece18290272d5,e2ac1c435c4e50fd10e6bd76aaf8766d2ed99a8851ce24e9ef552a1461fa08ac,2026-06-30T13:41:18+00:00,success,LEGACY_SOURCE_MANIFEST
SRC00835,K243065,https://www.accessdata.fda.gov/scripts/cdrh/cfdocs/cfpmn/pmn.cfm?ID=K243065,fda_database_entry_html,8d75e26b54fc8a806be95e1a5da74f2584e17b60f1665d6f409cd543fdebf7a1,8b2a65d47a0babd9d9fd1315d7ac1ea79d64e8dac3b346cc7738330a6c9412f5,2026-06-30T13:41:20+00:00,success,LEGACY_SOURCE_MANIFEST
SRC00836,K243065,https://www.accessdata.fda.gov/cdrh_docs/pdf24/K243065.pdf,510k_summary_pdf,12ecf971cdce3c1ac54db0b2f93021c70009e79b08f40c04f4902c3d997966f3,f480d747ddff05c3f84d3b26aec6b3afd917ded580f2a7d212b097f41ffde89a,2026-06-30T13:41:22+00:00,success,LEGACY_SOURCE_MANIFEST
SRC00837,K241166,https://www.accessdata.fda.gov/scripts/cdrh/cfdocs/cfpmn/pmn.cfm?ID=K241166,fda_database_entry_html,3aa1cf1a566ecff24c1f72b7cd5748f1fbbc726df5832ddcb2b2f8eb78387a89,723225f7c8d915bc45753457a5710d4273fea73f7f9922f018df5ba49bc030bf,2026-06-30T13:41:24+00:00,success,LEGACY_SOURCE_MANIFEST
SRC00838,K241166,https://www.accessdata.fda.gov/cdrh_docs/pdf24/K241166.pdf,510k_summary_pdf,21f4ed318bda055feb63c5cecbeddd97d7b4062ed94001793329e8cf813f5c75,20685a23aeb99c5d091934698ae6b2cad012cbf885aa1c7b1dcea0b520abd5f3,2026-06-30T13:41:29+00:00,success,LEGACY_SOURCE_MANIFEST
SRC00839,K241200,https://www.accessdata.fda.gov/scripts/cdrh/cfdocs/cfpmn/pmn.cfm?ID=K241200,fda_database_entry_html,3a05af8e254c844ef85cf715c614b7f279f7381303c43febd99e80a3a3fb246c,378543be8eb70bad4a72175958c8d0f9de65f681894eae3d8587b31614fa266a,2026-06-30T13:41:26+00:00,success,LEGACY_SOURCE_MANIFEST
SRC00840,K241200,https://www.accessdata.fda.gov/cdrh_docs/pdf24/K241200.pdf,510k_summary_pdf,267d6a44175f12d37828bd08b66f7e722381fa4f9755a98b46a6c09f24ca7b00,acf1234a441ce7f78b0db026f75f1c5c9062189b31282276202b1ea5ecd11e5e,2026-06-30T13:41:29+00:00,success,LEGACY_SOURCE_MANIFEST
SRC00841,K243950,https://www.accessdata.fda.gov/scripts/cdrh/cfdocs/cfpmn/pmn.cfm?ID=K243950,fda_database_entry_html,bcfd1c015dd43f3460dfc87acc4cf394bc733210bd69f76122c6748e6e229faf,6bdcfbd5e0b7566400b8e12a07f7ac71cc5389ccf763b102809867e091c16978,2026-06-30T13:41:26+00:00,success,LEGACY_SOURCE_MANIFEST
SRC00842,K243950,https://www.accessdata.fda.gov/cdrh_docs/pdf24/K243950.pdf,510k_summary_pdf,7c7c80f01aeeb3a4a8c7b6b7ccfb2a050e722d212d689b6e0334acc42f1abf8f,2438d7ef68aa811b2c7e538b9264b7a589c12ce82a0a2b4cb877950880c70a26,2026-06-30T13:41:29+00:00,success,LEGACY_SOURCE_MANIFEST
SRC00843,K241009,https://www.accessdata.fda.gov/scripts/cdrh/cfdocs/cfpmn/pmn.cfm?ID=K241009,fda_database_entry_html,bcbd9c5614261cfab5977872311921bba5b9efe35842a23aa5f920ba24a0dcb2,76390d04a9f10262ff3344d48e0448a0009d8a1efcdab4742608475c095da2a0,2026-06-30T13:41:31+00:00,success,LEGACY_SOURCE_MANIFEST
SRC00844,K241009,https://www.accessdata.fda.gov/cdrh_docs/pdf24/K241009.pdf,510k_summary_pdf,6ea45f1abdd550ab2ab67e517d3cf2f04a7c035db5565a55cfb0bc64789471c6,b981676188c4b6610ce6223f97f3dbcec9044accb821a8746298ec441939fa11,2026-06-30T13:41:34+00:00,success,LEGACY_SOURCE_MANIFEST
SRC00845,K241891,https://www.accessdata.fda.gov/scripts/cdrh/cfdocs/cfpmn/pmn.cfm?ID=K241891,fda_database_entry_html,6809dc702dad3eb16fc04a44759d78fdbee64d9908b1c7f45f03f45d8a783768,2e3d8d41e65a1769503d3a8fab8692118828033897efaad0d400eae613709563,2026-06-30T13:41:38+00:00,success,LEGACY_SOURCE_MANIFEST
SRC00846,K241891,https://www.accessdata.fda.gov/cdrh_docs/pdf24/K241891.pdf,510k_summary_pdf,e49e43bf58fe1e8775b3683bd7694e0718a61ecf9bd8db783bcbb7ed41077b31,0919f9b3f574983a801a121c68435a205b634a11fd7fcf258282f95c80d84224,2026-06-30T13:41:42+00:00,success,LEGACY_SOURCE_MANIFEST
SRC00847,K241676,https://www.accessdata.fda.gov/scripts/cdrh/cfdocs/cfpmn/pmn.cfm?ID=K241676,fda_database_entry_html,5cc88865606242c859dd7935c287a378db0b6f4723d08d465ef9fcc62930b1b0,4cae75df4023542e2739ed1edde93fc2b1d280f4ed85a278b8ed21e27c19c54b,2026-06-30T13:41:42+00:00,success,LEGACY_SOURCE_MANIFEST
SRC00848,K241676,https://www.accessdata.fda.gov/cdrh_docs/pdf24/K241676.pdf,510k_summary_pdf,9799410fbdced3a3e865cc557caa16dd730e5db1552decdff44e55004a76ce74,58afa3b9b5aa60b8187f63d8297faaa951caade587101082f19e56dd055106d5,2026-06-30T13:41:43+00:00,success,LEGACY_SOURCE_MANIFEST
SRC00849,K241676,http://www.accessdata.fda.gov/cdrh_docs/reviews/K241676.pdf,510k_summary_pdf,9799410fbdced3a3e865cc557caa16dd730e5db1552decdff44e55004a76ce74,58afa3b9b5aa60b8187f63d8297faaa951caade587101082f19e56dd055106d5,2026-06-30T13:41:55+00:00,success,LEGACY_SOURCE_MANIFEST
SRC00850,K243335,https://www.accessdata.fda.gov/scripts/cdrh/cfdocs/cfpmn/pmn.cfm?ID=K243335,fda_database_entry_html,c3fcc767bca088dfc71c0b69eace4183989c8bd818194fb8fdc89945b4d22f59,052671811595cb083b8a62b060b2eb351d4819e197765b0c28c7bceee8880cab,2026-06-30T13:41:48+00:00,success,LEGACY_SOURCE_MANIFEST
SRC00851,K243335,https://www.accessdata.fda.gov/cdrh_docs/pdf24/K243335.pdf,510k_summary_pdf,eb34ca66d0d8e545c31b128816ca30535830455a36886aa0323eb73bed764ccc,90de369c61479e4183e18715afda87c0b59061c5768d0379acb849d9544aed32,2026-06-30T13:41:52+00:00,success,LEGACY_SOURCE_MANIFEST
SRC00852,K241079,https://www.accessdata.fda.gov/scripts/cdrh/cfdocs/cfpmn/pmn.cfm?ID=K241079,fda_database_entry_html,e51178899dd7a41d2ec69b366d1d6fb8b4d11610710f5224c5d60c71b9a4c8e4,8668f3c891f08eea07b307f0448e1d47e0e52766c48272aaef0e3bf83362da41,2026-06-30T13:41:49+00:00,success,LEGACY_SOURCE_MANIFEST
SRC00853,K241079,https://www.accessdata.fda.gov/cdrh_docs/pdf24/K241079.pdf,510k_summary_pdf,79f4d13f75d9ccdd8d24549da8a248a3a43df8f8872c974e1eff76df19da8366,bf69b28702b1d7ea41723aa362e2da6072dcf35501be03bebe4431fbed0ab780,2026-06-30T13:41:52+00:00,success,LEGACY_SOURCE_MANIFEST
SRC00854,K242488,https://www.accessdata.fda.gov/scripts/cdrh/cfdocs/cfpmn/pmn.cfm?ID=K242488,fda_database_entry_html,664fd0a41a2a1bed24a036d63eff9fa5f2b666fc19915e9a0ccc641a20d808b1,8c653c6a4a2ef4b104a58684916f63b56a460e707e9b5e12a1788b29a3428ecb,2026-06-30T13:41:55+00:00,success,LEGACY_SOURCE_MANIFEST
SRC00855,K242488,https://www.accessdata.fda.gov/cdrh_docs/pdf24/K242488.pdf,510k_summary_pdf,76ae87d01a30a23a736003392919d5c13b9d42b969dd58245c44aca951f48fc9,57124f513000299cd1a8ffe0c54ddeebd5d7649d36b4dff8cce96cd46a1fc747,2026-06-30T13:41:58+00:00,success,LEGACY_SOURCE_MANIFEST
SRC00856,K243481,https://www.accessdata.fda.gov/scripts/cdrh/cfdocs/cfpmn/pmn.cfm?ID=K243481,fda_database_entry_html,d037c5276b864961a727a9d523e6fc1b09714110e34e54a28dd36a3e699a78a4,d1185a283e44056f4159ccebf08f7e7a5c60e5326c0ac93967ecadb760dc9dbe,2026-06-30T13:41:57+00:00,success,LEGACY_SOURCE_MANIFEST
SRC00857,K243481,https://www.accessdata.fda.gov/cdrh_docs/pdf24/K243481.pdf,510k_summary_pdf,492d3eb9711763ae37043c128f118a94daef07ab86a67e0df2f1a39de675327d,d95e81c26ae4c13135029eb4299944afdcabe62d4ab080e653180190ee7d1377,2026-06-30T13:42:05+00:00,success,LEGACY_SOURCE_MANIFEST
SRC00858,K242123,https://www.accessdata.fda.gov/scripts/cdrh/cfdocs/cfpmn/pmn.cfm?ID=K242123,fda_database_entry_html,d71f684248fcfa8b37cbd309696fd9c791ab1abf31ba81cca9c9b0df1ce5eae2,c3fb6bf430e29e591faf4ba8b3740e3a65e5423784ddc5a8bebdfb26471ff731,2026-06-30T13:42:01+00:00,success,LEGACY_SOURCE_MANIFEST
SRC00859,K242123,https://www.accessdata.fda.gov/cdrh_docs/pdf24/K242123.pdf,510k_summary_pdf,a609f80446a56f9ac573ed19463a6c14642929aa986ec29f6d41601a315f3ba6,277c4c9eeecf64d1107ef306777b85c781de42fb89774454a27c840f325c084d,2026-06-30T13:42:03+00:00,success,LEGACY_SOURCE_MANIFEST
SRC00860,K241350,https://www.accessdata.fda.gov/scripts/cdrh/cfdocs/cfpmn/pmn.cfm?ID=K241350,fda_database_entry_html,ec3f5ccab0b47997318dbf5294294113144d3ba3fb60c333d4a97878e919d1ba,e746847e3ae82bb03327cda03035df1ca5234a2d9cfb45647207777ebc152c95,2026-06-30T13:42:04+00:00,success,LEGACY_SOURCE_MANIFEST
SRC00861,K241350,https://www.accessdata.fda.gov/cdrh_docs/pdf24/K241350.pdf,510k_summary_pdf,1d7c48598a302a233f5d51bd86da93fb9a8d38a62e3ea7ef5ad76e8e8ee2b8a1,eb56dc154e534eebc518fc7f3309a8c472bb98a8a190d654ef0f57d67fc297d3,2026-06-30T13:42:05+00:00,success,LEGACY_SOURCE_MANIFEST
SRC00862,K243363,https://www.accessdata.fda.gov/scripts/cdrh/cfdocs/cfpmn/pmn.cfm?ID=K243363,fda_database_entry_html,4ffe3727fa4ef250d9dcd1a734f4d8435f7dc93c1393b2a803bd5a07e9586d21,2fba5af9b0f2787ff00e4b35f8e7b9201a37508bb67940dcefbcff4fca401812,2026-06-30T13:42:10+00:00,success,LEGACY_SOURCE_MANIFEST
SRC00863,K243363,https://www.accessdata.fda.gov/cdrh_docs/pdf24/K243363.pdf,510k_summary_pdf,d9c210ad44cfd517910761f1fa82c208a077e08f0181e180cbdbca5d709d3180,d750ed6f5dccb4b254db35386574e26cc3842ad97716c713e395e3343012f277,2026-06-30T13:42:13+00:00,success,LEGACY_SOURCE_MANIFEST
SRC00864,K241696,https://www.accessdata.fda.gov/scripts/cdrh/cfdocs/cfpmn/pmn.cfm?ID=K241696,fda_database_entry_html,9a457cfbf1c3985fe7690498206a5607d9c93f2ef4173ae0a7e41c9a8b14b6b0,7a63c0221e01322e1d658c958a626a425e3874bd76da0951ccf250d982dc7d2b,2026-06-30T13:42:11+00:00,success,LEGACY_SOURCE_MANIFEST
SRC00865,K241696,https://www.accessdata.fda.gov/cdrh_docs/pdf24/K241696.pdf,510k_summary_pdf,ea2eb7e9c02d4ee1639fcd2436e4e96fab903933cb20f3e185671f823b05e237,2643c1e878c8c31cb3f7761fe7420e3d718047131ed822a5648bf3d3d0da387d,2026-06-30T13:42:14+00:00,success,LEGACY_SOURCE_MANIFEST
SRC00866,K242334,https://www.accessdata.fda.gov/scripts/cdrh/cfdocs/cfpmn/pmn.cfm?ID=K242334,fda_database_entry_html,37cacbc071fbd1e4d025039c6462aeedbd6f24b400b4efd81b4676185ff6f458,2fe391ffe8c99070ba7d33dfd4ef3ba7a3f2c54a1904105ed84a96b93ad76da2,2026-06-30T13:42:18+00:00,success,LEGACY_SOURCE_MANIFEST
SRC00867,K242334,https://www.accessdata.fda.gov/cdrh_docs/pdf24/K242334.pdf,510k_summary_pdf,1f73c5e79ef32b8df087b935ad987c400346366703e3effc1f575146dc110062,79738de43b53c75096154f58a58633f189ad82bec6191011cb1dde86a213bf65,2026-06-30T13:42:22+00:00,success,LEGACY_SOURCE_MANIFEST
SRC00868,K242480,https://www.accessdata.fda.gov/scripts/cdrh/cfdocs/cfpmn/pmn.cfm?ID=K242480,fda_database_entry_html,469393a6e3d347098525124ce7e45387d382e86dcecfd9d2e63d159d6d8ef48e,34cc458a3683064312b3e03ac27aee0720c75eacec70d5c62506fbea425a3e58,2026-06-30T13:42:19+00:00,success,LEGACY_SOURCE_MANIFEST
SRC00869,K242480,https://www.accessdata.fda.gov/cdrh_docs/pdf24/K242480.pdf,510k_summary_pdf,b77b4904205d4377e49139e454ed373d4864f1309a614c080481179071acd54a,a64d05604582bd85a1a54a81a1ed282320dada3f2a43b149a053235492b681ab,2026-06-30T13:42:24+00:00,success,LEGACY_SOURCE_MANIFEST
SRC00870,K242403,https://www.accessdata.fda.gov/scripts/cdrh/cfdocs/cfpmn/pmn.cfm?ID=K242403,fda_database_entry_html,c44f754db3bc4fe4fd106a6b5de0b614b3591d239d6b9b6800026092a87627fc,57f7a8427bb11455e65f2870bfd3bb386b4513286dbeeed25ee22e509d8789e2,2026-06-30T13:42:25+00:00,success,LEGACY_SOURCE_MANIFEST
SRC00871,K242403,https://www.accessdata.fda.gov/cdrh_docs/pdf24/K242403.pdf,510k_summary_pdf,02a4b87977aa821506a1c663cb3da8aa53ad0a0e6ed5786c6698eb8fa3d6acaf,24a02b4f6a7308a7bff50efcdc961690eaee70a7ed96c8d7453fa6e777c50530,2026-06-30T13:42:31+00:00,success,LEGACY_SOURCE_MANIFEST
SRC00872,K242168,https://www.accessdata.fda.gov/scripts/cdrh/cfdocs/cfpmn/pmn.cfm?ID=K242168,fda_database_entry_html,f0db88985364e5ad29c0e6dc26b56812799cabc181fc5cd012d7bdfbd01b97f7,d0988d04690938ab125b08f726de0a718e4f147433866f4096d124d92a126a48,2026-06-30T13:42:28+00:00,success,LEGACY_SOURCE_MANIFEST
SRC00873,K242168,https://www.accessdata.fda.gov/cdrh_docs/pdf24/K242168.pdf,510k_summary_pdf,bf248dc08663d2a065c3643de593e1fd72619ae0f374ab15cb00bd33421f03f3,6829095c3a0ad310a50de12a31b3bbe74389968f3f1ecd8b6579f6ff007c6b27,2026-06-30T13:42:31+00:00,success,LEGACY_SOURCE_MANIFEST
SRC00874,K242362,https://www.accessdata.fda.gov/scripts/cdrh/cfdocs/cfpmn/pmn.cfm?ID=K242362,fda_database_entry_html,ba97283927b3daaba0864cdc646cf679c6e8ce4975cebcb6f714896d3510f496,94518cb649693073e91baea499c4ce8a9dd327fd205be8e18e0eed42b862c6ba,2026-06-30T13:42:34+00:00,success,LEGACY_SOURCE_MANIFEST
SRC00875,K242362,https://www.accessdata.fda.gov/cdrh_docs/pdf24/K242362.pdf,510k_summary_pdf,f43126ce0adedb82a600b6f38e58cd73108e6ab661a8e772fd09df896a8bec52,8a4b2d5f215fb09bb4b227c8af4a441790cf304f44b6f974e6ad9090248c7aa8,2026-06-30T13:42:38+00:00,success,LEGACY_SOURCE_MANIFEST
SRC00876,K243705,https://www.accessdata.fda.gov/scripts/cdrh/cfdocs/cfpmn/pmn.cfm?ID=K243705,fda_database_entry_html,418cfe863a4c1adccea45a4af495146f85258b505d18b7a410cb0a5dc2c74283,a1f7193ecf5ed13bb508b6530388005a59e52cd5bc97a4d42be2662a31655fbb,2026-06-30T13:42:34+00:00,success,LEGACY_SOURCE_MANIFEST
SRC00877,K243705,https://www.accessdata.fda.gov/cdrh_docs/pdf24/K243705.pdf,510k_summary_pdf,abd43906d485c06bd0811f5fbc2d5e2486cb7bfbc514dda6a654ccdd03441c17,09b52a663ad712256a61881fb96ceaca4d847dd60ef418c485eeb4a649e476f7,2026-06-30T13:42:35+00:00,success,LEGACY_SOURCE_MANIFEST
SRC00878,K242270,https://www.accessdata.fda.gov/scripts/cdrh/cfdocs/cfpmn/pmn.cfm?ID=K242270,fda_database_entry_html,232066ceaa4268d997c948481296b2a0e095d6b51a0250763a61465a3baa1a2f,d6821f89037ac584c27746c3a27aa870e8fd39ee4804f71ba1b62e6eb5c6e2d5,2026-06-30T13:42:42+00:00,success,LEGACY_SOURCE_MANIFEST
SRC00879,K242270,https://www.accessdata.fda.gov/cdrh_docs/pdf24/K242270.pdf,510k_summary_pdf,f75e147b65ed41dedd65fbba0fe04a9770884dbe89170f26ac3958248bd8e4ae,bdc6d4426641f18983bc376663ce3fb8d94ad8f117a1e7007ea18ca03477f5b1,2026-06-30T13:42:47+00:00,success,LEGACY_SOURCE_MANIFEST
SRC00880,K242467,https://www.accessdata.fda.gov/scripts/cdrh/cfdocs/cfpmn/pmn.cfm?ID=K242467,fda_database_entry_html,9ef9a6801f406ccb0fdb9a5a4cabf6930bf823405130dc767defb8b1ba3228ba,b5113b6d20044fb35ea28dcf7812e8f952a46d110ff35164483c75d0530e5645,2026-06-30T13:42:44+00:00,success,LEGACY_SOURCE_MANIFEST
SRC00881,K242467,https://www.accessdata.fda.gov/cdrh_docs/pdf24/K242467.pdf,510k_summary_pdf,dd1c5b8d2c9a0ebfe3a77d613248ada327f35166a8c54eb4905efec2700d22d1,7fb2cda7e5fc937548cff5cbcc47b0a4dc4e50db5ace4146f385f0fcd72263f6,2026-06-30T13:42:45+00:00,success,LEGACY_SOURCE_MANIFEST
SRC00882,K243688,https://www.accessdata.fda.gov/scripts/cdrh/cfdocs/cfpmn/pmn.cfm?ID=K243688,fda_database_entry_html,42b9510f2019dafeb3ec05bb77a93f815540b16646a6130b78ac8d6c441a40a7,05c8d1037a653b4afcf04583ef19771022bb456b86f973c8372b368e2bc81435,2026-06-30T13:42:45+00:00,success,LEGACY_SOURCE_MANIFEST
SRC00883,K243688,https://www.accessdata.fda.gov/cdrh_docs/pdf24/K243688.pdf,510k_summary_pdf,ab03ac035d80ea24a47f97b86542355fead50334368174e71182839ade332b70,e20822fb130ad6e5c0a503c276f99256643b86f8dc1964231d84016aa0cc5d41,2026-06-30T13:42:49+00:00,success,LEGACY_SOURCE_MANIFEST
SRC00884,K240793,https://www.accessdata.fda.gov/scripts/cdrh/cfdocs/cfpmn/pmn.cfm?ID=K240793,fda_database_entry_html,8c8bd156e60879dd829495cac24c0fbbcf5bd974caa236bc19500c6b0b60dd08,b3b0b25afb70d8fcfb563e3516ffc2294ee8ab16b78e8765e9b3fa274acb7bf4,2026-06-30T13:42:46+00:00,success,LEGACY_SOURCE_MANIFEST
SRC00885,K240793,https://www.accessdata.fda.gov/cdrh_docs/pdf24/K240793.pdf,510k_summary_pdf,251e5ca1dee66333ddd626085f0c8899a23e115b526933011455eaf5b90c3d5a,410116fb3a16fb307bd3e836d714938077eb262d0139070cc65ea12bd9fa4c16,2026-06-30T13:42:49+00:00,success,LEGACY_SOURCE_MANIFEST
SRC00886,K242020,https://www.accessdata.fda.gov/scripts/cdrh/cfdocs/cfpmn/pmn.cfm?ID=K242020,fda_database_entry_html,0c08d9b60e2f2a8f41c51fa2d6e794c860bbc7024d3d55501225dffd03b5eff5,f884b5e0e15900f57a858f6f6110787530bcce9c47b62ff79ab227dab963ab6f,2026-06-30T13:42:50+00:00,success,LEGACY_SOURCE_MANIFEST
SRC00887,K242020,https://www.accessdata.fda.gov/cdrh_docs/pdf24/K242020.pdf,510k_summary_pdf,be1d7f86f1ae59a249428d31ffdefc6f190fd6e30cffcbbf1de7bdc5f89af3e8,9e51386938c487b0f9df725947693d0fd1a839eb5a2d803499dc6c5791c53089,2026-06-30T13:43:01+00:00,success,LEGACY_SOURCE_MANIFEST
SRC00888,K243538,https://www.accessdata.fda.gov/scripts/cdrh/cfdocs/cfpmn/pmn.cfm?ID=K243538,fda_database_entry_html,16c52c687057dc4635432662ae1c9e95c9669f2cc11b4b7f19bcca291d62e805,fb775e62f112341b054c25d11fd658945fc5f47307fd212821e1b98bc69582ce,2026-06-30T13:42:52+00:00,success,LEGACY_SOURCE_MANIFEST
SRC00889,K243538,https://www.accessdata.fda.gov/cdrh_docs/pdf24/K243538.pdf,510k_summary_pdf,b1afd3933fefdac938f92eee11c7fb0c6ee7ab90d85f0afbc5351dbc9a996ca9,94317519b456af4b1f0bcbd2db0921c7995453e928757faca9a4402db7e233ef,2026-06-30T13:42:55+00:00,success,LEGACY_SOURCE_MANIFEST
SRC00890,K243548,https://www.accessdata.fda.gov/scripts/cdrh/cfdocs/cfpmn/pmn.cfm?ID=K243548,fda_database_entry_html,fc47c87626d83ed5056b0ed2562e20f3c3846dbb9e49020f8b1afa92f1b43033,eaf85faecd7233a1c7839eaa9678d7c1a2b7e5f91618765a3d4a3f9ab90422a1,2026-06-30T13:42:54+00:00,success,LEGACY_SOURCE_MANIFEST
SRC00891,K243548,https://www.accessdata.fda.gov/cdrh_docs/pdf24/K243548.pdf,510k_summary_pdf,3acfb17c71c57074870d30c88275a9c0686153e4d30fe2a6d6626aa9d967b46b,07982d84f28b3f8f4f2355221f84059e81fbac6a259bce1197484d1dee5bf5f8,2026-06-30T13:42:59+00:00,success,LEGACY_SOURCE_MANIFEST
SRC00892,K242461,https://www.accessdata.fda.gov/scripts/cdrh/cfdocs/cfpmn/pmn.cfm?ID=K242461,fda_database_entry_html,3ed54c91ea9241fd688f354223743350d633e266d3ad0708c717817808f3b5ab,35d1d87a86b59d3f7c13b72b74f221ebd4df62a9bfe2d18057a24155600e4b40,2026-06-30T13:43:01+00:00,success,LEGACY_SOURCE_MANIFEST
SRC00893,K242461,https://www.accessdata.fda.gov/cdrh_docs/pdf24/K242461.pdf,510k_summary_pdf,88e6d0704eefb4de71ccc425dc5723a92553017eaa81735fa5314a72f184ec77,268f58d9fbd861dff320a3eec87c5d73bff80a5e050dbfc17cdbadac7e71ddc9,2026-06-30T13:43:02+00:00,success,LEGACY_SOURCE_MANIFEST
SRC00894,K242511,https://www.accessdata.fda.gov/scripts/cdrh/cfdocs/cfpmn/pmn.cfm?ID=K242511,fda_database_entry_html,20cf1ad65830cef15cc9ea9d5172e3b8583cfbf1bdeec64830686dbcfcee802b,38707201ac1545cc37af005c756188ac3c754e78e28e00dc3203773919ed09cf,2026-06-30T13:43:05+00:00,success,LEGACY_SOURCE_MANIFEST
SRC00895,K242511,https://www.accessdata.fda.gov/cdrh_docs/pdf24/K242511.pdf,510k_summary_pdf,b1ac0849e83a93da6e91b93212d768818e4b04573f1ce982a159828182b8ecf7,e60fd467e535055db776a7d95feb41e90aae4d0f2226d775d88bb3708ad4a7e7,2026-06-30T13:43:09+00:00,success,LEGACY_SOURCE_MANIFEST
SRC00896,K242729,https://www.accessdata.fda.gov/scripts/cdrh/cfdocs/cfpmn/pmn.cfm?ID=K242729,fda_database_entry_html,1e430bf0881b2973ecd14d700f00cdf2f35371bdf9cce8e59fa333b33ddc3902,0cbd061c36c3e226315b841cd3d59b56de2c7fb2559eac353d87dd511da22a8a,2026-06-30T13:43:05+00:00,success,LEGACY_SOURCE_MANIFEST
SRC00897,K242729,https://www.accessdata.fda.gov/cdrh_docs/pdf24/K242729.pdf,510k_summary_pdf,c8df692cb6444666441882b9ddf99a38a49f5daf39027e5f8feb1bd2b6b9749d,16ff29b6c001d84ca050632cfd6dc8b9b8e2ebc00a92318eb84288dc8f588372,2026-06-30T13:43:08+00:00,success,LEGACY_SOURCE_MANIFEST
SRC00898,K241543,https://www.accessdata.fda.gov/scripts/cdrh/cfdocs/cfpmn/pmn.cfm?ID=K241543,fda_database_entry_html,b3d3faffb4a1c46f2a413ca2f7e573d10781016b5159834babdee46c5df7f0be,b48a0134467e8ec3d975d53b665ce5438ed41d27fe36b3a62b9732039737e397,2026-06-30T13:43:06+00:00,success,LEGACY_SOURCE_MANIFEST
SRC00899,K241543,https://www.accessdata.fda.gov/cdrh_docs/pdf24/K241543.pdf,510k_summary_pdf,423dee5c1eabe8eba0b456272dba7a14f858dbcf06d7fb3a5641c3b956fff841,a9ec453682b603597da79efe195258f8a48edd392519e8d6def3457d2a1fed48,2026-06-30T13:43:09+00:00,success,LEGACY_SOURCE_MANIFEST
SRC00900,K241923,https://www.accessdata.fda.gov/scripts/cdrh/cfdocs/cfpmn/pmn.cfm?ID=K241923,fda_database_entry_html,c0adac1f29f0c75a256036f8748e5ff351c9d62fccdfd7abbb680d53b178eebb,bb359df01623b9a6d0d9103216d131bbfde3b9ec96567f6f4cd724f474cd75e1,2026-06-30T13:43:15+00:00,success,LEGACY_SOURCE_MANIFEST
SRC00901,K241923,https://www.accessdata.fda.gov/cdrh_docs/pdf24/K241923.pdf,510k_summary_pdf,c72c774a1a229bab2b22de9a8cd50500aaecbb5bce1522ec7eabf5da496e9c3e,c0471f9134f6790764732262dff7a2ae90daba5d93ab0073a4febf9e6177a9a4,2026-06-30T13:43:18+00:00,success,LEGACY_SOURCE_MANIFEST
SRC00902,K240680,https://www.accessdata.fda.gov/scripts/cdrh/cfdocs/cfpmn/pmn.cfm?ID=K240680,fda_database_entry_html,05800386e8fdc2d4cffaa0f05ca2692f4467ac095a135ff574cef2365e07beea,db7974c8a06f5dd9f0d7688f9500a33ea559d7cc0b8b6d3f3f268e136c97bad0,2026-06-30T13:43:17+00:00,success,LEGACY_SOURCE_MANIFEST
SRC00903,K240680,https://www.accessdata.fda.gov/cdrh_docs/pdf24/K240680.pdf,510k_summary_pdf,b1e269f57484597d62f471444ed326f935acaa9ee6397529ca49f5ce329a6efa,fc66c60e6e0c4ca6db93f9e3badae127f50042cd51b564e6c509a8a7bf33dc38,2026-06-30T13:43:22+00:00,success,LEGACY_SOURCE_MANIFEST
SRC00904,K240926,https://www.accessdata.fda.gov/scripts/cdrh/cfdocs/cfpmn/pmn.cfm?ID=K240926,fda_database_entry_html,9292a59377a10a0045be0ff25f08cb37ef7609bad3def18247c9ca8ece496a18,7912fbef77bfbc25d8764c5843b79c452c56eef8a54f9254017986a6255d5eb2,2026-06-30T13:43:19+00:00,success,LEGACY_SOURCE_MANIFEST
SRC00905,K240926,https://www.accessdata.fda.gov/cdrh_docs/pdf24/K240926.pdf,510k_summary_pdf,bd1267de8490e10927df3875556904512250ed83b89705e06469216428813fdf,c9b6df1de0570909c7885032c3d2838be60ba7e167ce3a0491758b53cc4909c4,2026-06-30T13:43:25+00:00,success,LEGACY_SOURCE_MANIFEST
SRC00906,K241197,https://www.accessdata.fda.gov/scripts/cdrh/cfdocs/cfpmn/pmn.cfm?ID=K241197,fda_database_entry_html,230838b76aaa8f3a4a46761d8e827732436b69c9508d6d2f0182e14ed79f4c24,49aa2848f8c5c0cdbfa49d47cf7517e62403f67f7960985a5dd3367c45a3b9be,2026-06-30T13:43:23+00:00,success,LEGACY_SOURCE_MANIFEST
SRC00907,K241197,https://www.accessdata.fda.gov/cdrh_docs/pdf24/K241197.pdf,510k_summary_pdf,509bda6898e376b5044a0211d1f1d5b5820a2a39a05a8ef43b9926e87645bc11,c399686ec87ade9305126ee42d1aa02237badfb28fcb7eeac9189b03f83d7281,2026-06-30T13:43:24+00:00,success,LEGACY_SOURCE_MANIFEST
SRC00908,K242188,https://www.accessdata.fda.gov/scripts/cdrh/cfdocs/cfpmn/pmn.cfm?ID=K242188,fda_database_entry_html,1bcb31488ba0ed95cea8dfb4a21037460059a985f41e8cc6835e91fd0566810a,46e34d6e20749cf2a117374e79166bfa2f25cdc700e6d66679fc74abc5eb204c,2026-06-30T13:43:29+00:00,success,LEGACY_SOURCE_MANIFEST
SRC00909,K242188,https://www.accessdata.fda.gov/cdrh_docs/pdf24/K242188.pdf,510k_summary_pdf,87c917860bacd46b5a9914b1d23b38d8cd503a13a1c449b89642301e22ebe116,8b1e621b45e36f5014445b1992a8e9b8198b1bd149e4b4344b0b98bf2a41e339,2026-06-30T13:43:34+00:00,success,LEGACY_SOURCE_MANIFEST
SRC00910,K240645,https://www.accessdata.fda.gov/scripts/cdrh/cfdocs/cfpmn/pmn.cfm?ID=K240645,fda_database_entry_html,bb0f02d6d4cf5311c1786fba4d03e1cebc3dae555f787cb0e65e3e44d988d316,9e6823ba73cf48bc4f1c2f65b1bbfa2947375935dfd9055a961de313f4f98a23,2026-06-30T13:43:30+00:00,success,LEGACY_SOURCE_MANIFEST
SRC00911,K240645,https://www.accessdata.fda.gov/cdrh_docs/pdf24/K240645.pdf,510k_summary_pdf,ccccc04e667fed6fdd543ae5b9bca649180360026d771ae31be933802a5a94bf,946f18888e7cbdf96db3c2d6affd60c2a4155ae14f03089747750e03a6e4675d,2026-06-30T13:43:33+00:00,success,LEGACY_SOURCE_MANIFEST
SRC00912,K242444,https://www.accessdata.fda.gov/scripts/cdrh/cfdocs/cfpmn/pmn.cfm?ID=K242444,fda_database_entry_html,edda3a8d1dd65e2fad1fc42cd1dd5a14eb0e87253d3610f265f0ec111cb4b9e7,ed54e4de42ae876f48b4cd75a94ad452ee6e6340af24e00f424cd39f5acd07e7,2026-06-30T13:43:33+00:00,success,LEGACY_SOURCE_MANIFEST
SRC00913,K242444,https://www.accessdata.fda.gov/cdrh_docs/pdf24/K242444.pdf,510k_summary_pdf,5ddb6409dad2f5c2a937daad8e1523d637196f8f0eae442bf46a85b47257d348,c62dc49bca1c4b8ca2c4748d7ab139113891cf16b1fd30a85b9a4811dec2b983,2026-06-30T13:43:36+00:00,success,LEGACY_SOURCE_MANIFEST
SRC00914,K241390,https://www.accessdata.fda.gov/scripts/cdrh/cfdocs/cfpmn/pmn.cfm?ID=K241390,fda_database_entry_html,a7ea888c4261d330081c9c9058a34cd9fa292759550f9cd3e021d7ea51bf8d37,eeb7eabd99466ef0266c78890bf01dcadac7313949739eee938ae19e9bf0c3c0,2026-06-30T13:43:33+00:00,success,LEGACY_SOURCE_MANIFEST
SRC00915,K241390,https://www.accessdata.fda.gov/cdrh_docs/pdf24/K241390.pdf,510k_summary_pdf,5681bd769d0bf0eb76966027991fa74c17de8b77979773e2a28572f06daafe90,18390e1c609b5408a86477aadd4d1ebbaf0762a0fd94d05a2a7ddf7a1dfe17e1,2026-06-30T13:43:35+00:00,success,LEGACY_SOURCE_MANIFEST
SRC00916,K241831,https://www.accessdata.fda.gov/scripts/cdrh/cfdocs/cfpmn/pmn.cfm?ID=K241831,fda_database_entry_html,18e0dd296e63e450b37f4166ff03e61b4d72ebbb4df9cf33d3c8636b0524adb3,e5cec5e4a81ce34370c6e4cc7b043e629b55f8a58fa51ccd9dd3bfe751d92890,2026-06-30T13:43:43+00:00,success,LEGACY_SOURCE_MANIFEST
SRC00917,K241831,https://www.accessdata.fda.gov/cdrh_docs/pdf24/K241831.pdf,510k_summary_pdf,816ce91f6e102eb690f7b02261570ab39d7bdef6f9a2867f951b7a430f5c60ca,b9af146a3df84461f764584b13584e1f1cc984e871ecf16a9b364348785c99b7,2026-06-30T13:43:48+00:00,success,LEGACY_SOURCE_MANIFEST
SRC00918,K242203,https://www.accessdata.fda.gov/scripts/cdrh/cfdocs/cfpmn/pmn.cfm?ID=K242203,fda_database_entry_html,f5caad962c409a0a600fa992b3e66c585baecbd5d33cad9ef841633a34373995,d56ba50195a7c7777f595a18ee48df62d17c22dc9e679177a3d906a9848b3ec1,2026-06-30T13:43:44+00:00,success,LEGACY_SOURCE_MANIFEST
SRC00919,K242203,https://www.accessdata.fda.gov/cdrh_docs/pdf24/K242203.pdf,510k_summary_pdf,1542f60790f4b10fcd9fd1a90363f9367f5702117527db5a305fd8763474d839,649b51e01f05b809a07bcd62128f8c583586ca345ec94e4cc69a70b28f6faa2e,2026-06-30T13:43:48+00:00,success,LEGACY_SOURCE_MANIFEST
SRC00920,K242094,https://www.accessdata.fda.gov/scripts/cdrh/cfdocs/cfpmn/pmn.cfm?ID=K242094,fda_database_entry_html,9a94fc5f1bbac27f78d6ec9bc743262e626f77501281e9578c410484e7a282cf,1108b302856bbc10a7ce9cce444af938ab4fc9b51bc9a7e957b56aecdbf9f40f,2026-06-30T13:43:44+00:00,success,LEGACY_SOURCE_MANIFEST
SRC00921,K242094,https://www.accessdata.fda.gov/cdrh_docs/pdf24/K242094.pdf,510k_summary_pdf,dd8ad9f9fa3d3de4b705ba1b09ae355272d057c4350dd30bb09c6571f49b7082,61a6e6e71ad5e2a2cf485ae7edff30ab06a7576feaffe6b2aee6156b9728d350,2026-06-30T13:43:47+00:00,success,LEGACY_SOURCE_MANIFEST
SRC00922,K242359,https://www.accessdata.fda.gov/scripts/cdrh/cfdocs/cfpmn/pmn.cfm?ID=K242359,fda_database_entry_html,5cf6d9df85004fa816cde0a0a46d9b0032b2a6a68a6aba1c5c8fb21d11dc317a,3cc461318756146a44dd890c634d96375ad2020cbbc08bcb3c87a6d59b874aff,2026-06-30T13:43:51+00:00,success,LEGACY_SOURCE_MANIFEST
SRC00923,K242359,https://www.accessdata.fda.gov/cdrh_docs/pdf24/K242359.pdf,510k_summary_pdf,9e2a2ef175445850f0fbf7cbe30495c115cd7aba8e04441a01f84fa910a91b84,40392574b0424cf2d3a2753a14b3ae8b2170e5585d871813a39fe6f179b830da,2026-06-30T13:43:54+00:00,success,LEGACY_SOURCE_MANIFEST
SRC00924,K242523,https://www.accessdata.fda.gov/scripts/cdrh/cfdocs/cfpmn/pmn.cfm?ID=K242523,fda_database_entry_html,f7fa066e5d506ec330ffa83103834025d15efa68999d3452da9ca2c1c7a52110,c6f8425a496bb7246ba2e8e3c87641f27eeda17809ae199941799d84eb84336a,2026-06-30T13:43:51+00:00,success,LEGACY_SOURCE_MANIFEST
SRC00925,K242523,https://www.accessdata.fda.gov/cdrh_docs/pdf24/K242523.pdf,510k_summary_pdf,fc82765c71af047392637641d597d5c65e1a86cee4f5a8d2af2bbc49ccfa4807,5711069e2a2a40dce73f3786416cf41c508ad2080d25c98297a05bc25f0d57b9,2026-06-30T13:43:54+00:00,success,LEGACY_SOURCE_MANIFEST
SRC00926,K241633,https://www.accessdata.fda.gov/scripts/cdrh/cfdocs/cfpmn/pmn.cfm?ID=K241633,fda_database_entry_html,a016ec06dceca2556e46d8be576c6416b11c9896ceafeda016e9dabdf09931dd,36c9b362f102f04e1286d2f977a41dbac342706322b9738507de576ae9605114,2026-06-30T13:43:58+00:00,success,LEGACY_SOURCE_MANIFEST
SRC00927,K241633,https://www.accessdata.fda.gov/cdrh_docs/pdf24/K241633.pdf,510k_summary_pdf,84de07a7bc90ffab3c47f1469bd2f673d698d016b47c3c01a9d0159ccde6b347,df84294b5928ebaaf28b82ddb2172407ea2741121e9bc272d2862219d3dce276,2026-06-30T13:43:59+00:00,success,LEGACY_SOURCE_MANIFEST
SRC00928,K241747,https://www.accessdata.fda.gov/scripts/cdrh/cfdocs/cfpmn/pmn.cfm?ID=K241747,fda_database_entry_html,068a382e6b54d8e596244d5bbb851e89d1cb2a383fb98e55df6d35e89abe8db4,7bb31214007200fbe1ad21cd46c967886b5608214c06ef29b841a9797c6e553f,2026-06-30T13:43:59+00:00,success,LEGACY_SOURCE_MANIFEST
SRC00929,K241747,https://www.accessdata.fda.gov/cdrh_docs/pdf24/K241747.pdf,510k_summary_pdf,2bf73070341caa5c853d417d0cf568eb12bcf5a49da61479c358ae9f37e570cb,38d65bdc03adada1794fb452c3d4f085ca87c132f8f63db499a6001c6cc01936,2026-06-30T13:44:09+00:00,success,LEGACY_SOURCE_MANIFEST
SRC00930,K242130,https://www.accessdata.fda.gov/scripts/cdrh/cfdocs/cfpmn/pmn.cfm?ID=K242130,fda_database_entry_html,53ac99e471e60bb674339cc1bc0392b6e36a69bb4fde7bbb1a54a3c40cf57082,85e75f69b34052ac925e5e743ae7570ca525e5e116af49a549e5430f662574c9,2026-06-30T13:44:00+00:00,success,LEGACY_SOURCE_MANIFEST
SRC00931,K242130,https://www.accessdata.fda.gov/cdrh_docs/pdf24/K242130.pdf,510k_summary_pdf,94c8894ddf4602f1bffad61742b235f473252304f549b367b5925793df68b567,f68ad143023f77a07fbe92cdd679c358192fa3af03bbcfc861b850e07314581a,2026-06-30T13:44:07+00:00,success,LEGACY_SOURCE_MANIFEST
SRC00932,K241439,https://www.accessdata.fda.gov/scripts/cdrh/cfdocs/cfpmn/pmn.cfm?ID=K241439,fda_database_entry_html,f67b14551bab449cccd7b156973946d6848846a5f67a3adbe78b392f54d39cf4,f6aa760d71cbb6fe09bb25ba49483eb5bbd0416c5b838b68f51835f8ebabaa7f,2026-06-30T13:44:02+00:00,success,LEGACY_SOURCE_MANIFEST
SRC00933,K241439,https://www.accessdata.fda.gov/cdrh_docs/pdf24/K241439.pdf,510k_summary_pdf,1773e9ec3c65b321540c6c3f16a8d32f02a7b399a09ab3b9b7e82d3b5950b21c,df76c472c66eaf3d8b189447cb35830f02a947b47a0e07444d873579de7d190d,2026-06-30T13:44:06+00:00,success,LEGACY_SOURCE_MANIFEST
SRC00934,K242800,https://www.accessdata.fda.gov/scripts/cdrh/cfdocs/cfpmn/pmn.cfm?ID=K242800,fda_database_entry_html,539c7782561035a78287e2f8c679ba957dd6199fe9402db62f3267bf2437115c,5440810c10d2569bcc2b235dfd28266c13989a2f86209f30016255d911d76d57,2026-06-30T13:44:07+00:00,success,LEGACY_SOURCE_MANIFEST
SRC00935,K242800,https://www.accessdata.fda.gov/cdrh_docs/pdf24/K242800.pdf,510k_summary_pdf,a13b687030078b282529a971fd86087781e060ea3c8b2e0ba0f301d824ba795b,59c73920791424c565f4d82f8884db4a5c3139a0e3db8aa19169464321c806fd,2026-06-30T13:44:10+00:00,success,LEGACY_SOURCE_MANIFEST
SRC00936,K242062,https://www.accessdata.fda.gov/scripts/cdrh/cfdocs/cfpmn/pmn.cfm?ID=K242062,fda_database_entry_html,5ecb4a12aa4cda8b2d1be5f9f4e2b10b34db6772b63a812eb7d298dcfb7714d3,d7a08a0560c955d76813a0005ebb9275ae4977b8aa7d940659445b9e8664a3f0,2026-06-30T13:44:16+00:00,success,LEGACY_SOURCE_MANIFEST
SRC00937,K242062,https://www.accessdata.fda.gov/cdrh_docs/pdf24/K242062.pdf,510k_summary_pdf,757cd4f07e8b9e457a7616553d3b87c8589a21b156db72c953468bfa07bd0d35,1f745a3fcc763785624917ab85a70b88568f14e6dcc65a6f15435c75d9b04d6c,2026-06-30T13:44:18+00:00,success,LEGACY_SOURCE_MANIFEST
SRC00938,K240860,https://www.accessdata.fda.gov/scripts/cdrh/cfdocs/cfpmn/pmn.cfm?ID=K240860,fda_database_entry_html,aa054825acc37f1283f14289ce5eb67d66f0b3284a9121671ecbe5dd14285c28,8ea6382c1e5878f83fa42ef6b64540ce4a965b7567cbcda5218c772651cdb52f,2026-06-30T13:44:16+00:00,success,LEGACY_SOURCE_MANIFEST
SRC00939,K240860,https://www.accessdata.fda.gov/cdrh_docs/pdf24/K240860.pdf,510k_summary_pdf,8d6851623ff372feb36c7d3898dc670f9d764c6a36aaf51e1bfd1324c42c46ac,50590d1c1163ca664b8e72f3dddafd1a825684291ba599394678bddf6c8de7fd,2026-06-30T13:44:18+00:00,success,LEGACY_SOURCE_MANIFEST
SRC00940,K242342,https://www.accessdata.fda.gov/scripts/cdrh/cfdocs/cfpmn/pmn.cfm?ID=K242342,fda_database_entry_html,04c30057e4a83aaca0caea966c937d4515771f52f64554c86563ef8d2ce3ded1,93f556181d53e5b839a34f2a41a58357cbc9d5be054c5050e92c3ff62a26fdac,2026-06-30T13:44:18+00:00,success,LEGACY_SOURCE_MANIFEST
SRC00941,K242342,https://www.accessdata.fda.gov/cdrh_docs/pdf24/K242342.pdf,510k_summary_pdf,e422d58f389cfc9a72e933a025b3fc0a7161e8b65a1462e4fc0a5b14ff77ade0,c18a592c707cefb31f317ce3a0a28ccd2212c60020bad5dcc49d7c3eecdf2537,2026-06-30T13:44:20+00:00,success,LEGACY_SOURCE_MANIFEST
SRC00942,K240417,https://www.accessdata.fda.gov/scripts/cdrh/cfdocs/cfpmn/pmn.cfm?ID=K240417,fda_database_entry_html,a65940d3d602897a680f9c99afa13ee5e4dafdfde064414e3bdd613bb83cd300,72c553bb0142955547101aeceaf7628f8fab4bf01a56ff8880929e26cd3b3d22,2026-06-30T13:44:23+00:00,success,LEGACY_SOURCE_MANIFEST
SRC00943,K240417,https://www.accessdata.fda.gov/cdrh_docs/pdf24/K240417.pdf,510k_summary_pdf,566cce0fbc9f9c78b876804d6ec909a5b6c71d85823dcf38b84a39e965eca751,74a0fa69ebbdad1fd1715321afb4ff7c90a56d1f79cf5558cad7d5fddef13e3c,2026-06-30T13:44:24+00:00,success,LEGACY_SOURCE_MANIFEST
SRC00944,K241719,https://www.accessdata.fda.gov/scripts/cdrh/cfdocs/cfpmn/pmn.cfm?ID=K241719,fda_database_entry_html,e17bcb425a31b0c10b9c8911aa64ebaaa28cab21e6f629a4d9815af3f7dfd5ba,60a4d1434f7e347b77fd5adf32617df2e84b6c45f7f8d86bb9eb56fe595ebb6c,2026-06-30T13:44:28+00:00,success,LEGACY_SOURCE_MANIFEST
SRC00945,K241719,https://www.accessdata.fda.gov/cdrh_docs/pdf24/K241719.pdf,510k_summary_pdf,fb2f22b46bbc9527d76cc05963da0e7fa7f8abd3ce9b369cc48f8980f71f5f14,ccb2d25b704baef9fb44c6490cf95ad99e8576710aef1f13353eee343b5a81be,2026-06-30T13:44:32+00:00,success,LEGACY_SOURCE_MANIFEST
SRC00946,K240712,https://www.accessdata.fda.gov/scripts/cdrh/cfdocs/cfpmn/pmn.cfm?ID=K240712,fda_database_entry_html,de4dfe447d5fe3ddbbe0f69d0d0b079f08bd8d2c9b193ef1db94d059f8147524,351b14a6aa928c2488eabe34b4c399c62b1f48439047d198ab29c227de8d4c0b,2026-06-30T13:44:31+00:00,success,LEGACY_SOURCE_MANIFEST
SRC00947,K240712,https://www.accessdata.fda.gov/cdrh_docs/pdf24/K240712.pdf,510k_summary_pdf,61c8f4dce4c5ea53282a62812e15f1983794c9ef68b106dfcbd3fc27b155b863,72fc17113c66c8260275a4bd02f3788bbf1e86f166c3a657ff172dc417be6d01,2026-06-30T13:44:35+00:00,success,LEGACY_SOURCE_MANIFEST
SRC00948,K241312,https://www.accessdata.fda.gov/scripts/cdrh/cfdocs/cfpmn/pmn.cfm?ID=K241312,fda_database_entry_html,476c45225e5c1a675f29425f2e455638e334950e4f3e14b2f12aa5e2d7053bc1,377b14edf7279b1e886416599e4f58041f63f53a4faf065c98a10bb8ac7d6f5b,2026-06-30T13:44:33+00:00,success,LEGACY_SOURCE_MANIFEST
SRC00949,K241312,https://www.accessdata.fda.gov/cdrh_docs/pdf24/K241312.pdf,510k_summary_pdf,d9eeb0f48560b82925cb8b5d227685eb1b90bdec27ab14117e8cd6e5d2c57755,163f1f159eae96bb2f4ce4b7bdfd00521ab25f49bdedcac1263bc10fccb1d9ff,2026-06-30T13:44:40+00:00,success,LEGACY_SOURCE_MANIFEST
SRC00950,K241108,https://www.accessdata.fda.gov/scripts/cdrh/cfdocs/cfpmn/pmn.cfm?ID=K241108,fda_database_entry_html,da1c08e0722010c94b4e3cf09dc74f869b28e5da019c917d3c5ebda01d9fe8f2,7486d0969bee37be7f60d0a88203940b98cf7d903e14db8dc718de4ef8c083e0,2026-06-30T13:44:37+00:00,success,LEGACY_SOURCE_MANIFEST
SRC00951,K241108,https://www.accessdata.fda.gov/cdrh_docs/pdf24/K241108.pdf,510k_summary_pdf,415cc1eb2df73547a3d72ee307ee929a37262aff3aa6d36488fdac9ffa737690,2fa44cf984abfe290e6c328fabca1428fd91f0be582a2c0daf32aefe053a11a2,2026-06-30T13:44:39+00:00,success,LEGACY_SOURCE_MANIFEST
SRC00952,K243189,https://www.accessdata.fda.gov/scripts/cdrh/cfdocs/cfpmn/pmn.cfm?ID=K243189,fda_database_entry_html,6b1941a37d7d2e84375c0b2361a4da43b78b8d240c99b12d6723253e84a4285d,7abd292208ddddc48451e7925d27d8eb2e9ca09ab95c8bfa60c2a55fe6b5672a,2026-06-30T13:44:45+00:00,success,LEGACY_SOURCE_MANIFEST
SRC00953,K243189,https://www.accessdata.fda.gov/cdrh_docs/pdf24/K243189.pdf,510k_summary_pdf,6031a1a23ffd9e3ebe946803f6f369123ab230adb9343398fe7f7c89c8967f12,ae390bf9561cf1da53e9b9650b5a219f4d07946dd41176735e45e636066d3824,2026-06-30T13:44:50+00:00,success,LEGACY_SOURCE_MANIFEST
SRC00954,K242215,https://www.accessdata.fda.gov/scripts/cdrh/cfdocs/cfpmn/pmn.cfm?ID=K242215,fda_database_entry_html,131d919a7cf90b18218eca05c64e6bf78117455aae2d0f06fa59a79ba65c2a2f,4dadbf53318a8a6cb46e394910b471467050381bc84d2e84381529080c30d1e7,2026-06-30T13:44:47+00:00,success,LEGACY_SOURCE_MANIFEST
SRC00955,K242215,https://www.accessdata.fda.gov/cdrh_docs/pdf24/K242215.pdf,510k_summary_pdf,dbbc60237ad60459bc859fda08ca96093bc13c349d08ffa26a6bc7a5be7c71e8,2052f55315801502ae83448d5c9e62209e547c8d8db7c2a1d9ebf0ecc9ab8458,2026-06-30T13:44:50+00:00,success,LEGACY_SOURCE_MANIFEST
SRC00956,K243209,https://www.accessdata.fda.gov/scripts/cdrh/cfdocs/cfpmn/pmn.cfm?ID=K243209,fda_database_entry_html,e18ce2e87cb1e85d835e2c339b7fd858d385133dbfcce9d808e62e29b7d5a073,d89c82610acbdd0eea1f4e8df650260a94152a3a9e49a4da5ed95dd50c16f001,2026-06-30T13:44:52+00:00,success,LEGACY_SOURCE_MANIFEST
SRC00957,K243209,https://www.accessdata.fda.gov/cdrh_docs/pdf24/K243209.pdf,510k_summary_pdf,68abdc5e9cb206d22e0de61985bd04d8b33af3349d8c5471585d1f00373193ab,0f74a3d4d4efadb6768646c46ee99fa71ddc0ea7bd6765fc55fe39bb9098ee3f,2026-06-30T13:45:01+00:00,success,LEGACY_SOURCE_MANIFEST
SRC00958,K241490,https://www.accessdata.fda.gov/scripts/cdrh/cfdocs/cfpmn/pmn.cfm?ID=K241490,fda_database_entry_html,4e01b16876de4f4cbcd89226b61f9615a1b12b8ad2e458f0cc05af790e48ca0d,0ada388fab9a5d81df7dde5f543d9ffab81fc967d01f760413a979bd3d436208,2026-06-30T13:44:53+00:00,success,LEGACY_SOURCE_MANIFEST
SRC00959,K241490,https://www.accessdata.fda.gov/cdrh_docs/pdf24/K241490.pdf,510k_summary_pdf,854c07816875996530c8cce8b1b2b1147bf9911659a05aa4c6be4a578ab0f8b8,481df7fdf858972c4df326d563107d5130b647f8aeeda8647f6db0f70ceaca9f,2026-06-30T13:45:00+00:00,success,LEGACY_SOURCE_MANIFEST
SRC00960,K242837,https://www.accessdata.fda.gov/scripts/cdrh/cfdocs/cfpmn/pmn.cfm?ID=K242837,fda_database_entry_html,05849abd9727a32a2e22f97fd4522f72d6678dcc8623089ca0fe28660f8367a8,8c1d486e703d42ec2468231743bf3d39fdaf90021e7b3046003ace77c7663529,2026-06-30T13:44:59+00:00,success,LEGACY_SOURCE_MANIFEST
SRC00961,K242837,https://www.accessdata.fda.gov/cdrh_docs/pdf24/K242837.pdf,510k_summary_pdf,9d9c10280f87347e1286cb0102e28182e7ad285af6326d7fe83eae2bcb89590b,1b53d2f05a61149167b2a0735b72e1fcc03bf6e7bf0d9cabccbdf8c91bbb2efa,2026-06-30T13:45:02+00:00,success,LEGACY_SOURCE_MANIFEST
SRC00962,K241242,https://www.accessdata.fda.gov/scripts/cdrh/cfdocs/cfpmn/pmn.cfm?ID=K241242,fda_database_entry_html,0f484dc1ada65501a5228fe3fc3713b61af94bb6615ff55f9cac412446074ef1,a2b031924b3e01fdb4456888187abe6cbca751eb1c18370f0ee588c985e56b4c,2026-06-30T13:45:07+00:00,success,LEGACY_SOURCE_MANIFEST
SRC00963,K241242,https://www.accessdata.fda.gov/cdrh_docs/pdf24/K241242.pdf,510k_summary_pdf,c275a12f3064f498e05c47d2733b69537041e85196f5c55cf9bfc395cfabb6da,e404a79995af908123d9fca207893730c7bfdce800e6ed3b55e6ea9101ad63ad,2026-06-30T13:45:08+00:00,success,LEGACY_SOURCE_MANIFEST
SRC00964,K240408,https://www.accessdata.fda.gov/scripts/cdrh/cfdocs/cfpmn/pmn.cfm?ID=K240408,fda_database_entry_html,d33279244f6a07fefa85ceaa8964947113ea0e8c735833af0d11586071942fb7,9090d61a197f88a532e3aa3e2bd29a0ec0e7d2a981439f2e21a8532b58b29d38,2026-06-30T13:45:07+00:00,success,LEGACY_SOURCE_MANIFEST
SRC00965,K240408,https://www.accessdata.fda.gov/cdrh_docs/pdf24/K240408.pdf,510k_summary_pdf,90f4a0ddae3a1b298b8296870723aff93654c85bfafbcd47f4df94cdded28dba,4f713610e9b4998fc20295a9ae40839fc33236ed4ead860b4a2e66468b1dd92f,2026-06-30T13:45:10+00:00,success,LEGACY_SOURCE_MANIFEST
SRC00966,K241481,https://www.accessdata.fda.gov/scripts/cdrh/cfdocs/cfpmn/pmn.cfm?ID=K241481,fda_database_entry_html,a561ec7bdb0278c85dbe954b3f1e635489d291adc55f0e86c78933005558140d,47594291a716a95caafbf785f2c2a3ea8491382715f1b3dc1e9a5492bfe44943,2026-06-30T13:45:08+00:00,success,LEGACY_SOURCE_MANIFEST
SRC00967,K241481,https://www.accessdata.fda.gov/cdrh_docs/pdf24/K241481.pdf,510k_summary_pdf,7064ec2caa664d4c3a233e5d2f9597e34b6ffdfef103192552b27a5f2509fbd6,6cd7d20c361202559ec12e2e4c59216a0aeb776d61bb9c935093f8bee1c5985a,2026-06-30T13:45:09+00:00,success,LEGACY_SOURCE_MANIFEST
SRC00968,K242781,https://www.accessdata.fda.gov/scripts/cdrh/cfdocs/cfpmn/pmn.cfm?ID=K242781,fda_database_entry_html,28f492958d535eb4c481da9b89249dd2cb5cb858a925c47fb8c8f0a5790f09d3,99eaa0e721d0b447d3ca79c3ea81934b711579b195a2b518a692e11379031c89,2026-06-30T13:45:15+00:00,success,LEGACY_SOURCE_MANIFEST
SRC00969,K242781,https://www.accessdata.fda.gov/cdrh_docs/pdf24/K242781.pdf,510k_summary_pdf,825e7193b28bd0b1d995a4d0bf5fb98bc11a9e0ff6f9ed757d37cfa9ad84a852,bb1c7f4f0715e8c6ffe5e472f0588eec270e77c37ddf79cc536c9b4c9b87d23a,2026-06-30T13:45:17+00:00,success,LEGACY_SOURCE_MANIFEST
SRC00970,K241971,https://www.accessdata.fda.gov/scripts/cdrh/cfdocs/cfpmn/pmn.cfm?ID=K241971,fda_database_entry_html,a8192537c5546bc0a72e731caf97f1840d176265e262a01f9cefc8fa70143d35,9ed27ba40f3c8ae0fb7faa080289887442cdf3707db6355e54124398d4af026b,2026-06-30T13:45:15+00:00,success,LEGACY_SOURCE_MANIFEST
SRC00971,K241971,https://www.accessdata.fda.gov/cdrh_docs/pdf24/K241971.pdf,510k_summary_pdf,197f2f5ace9d34b8096fd047174a3f8b5fbdb90267f08ca4709a3c5e198bdf5f,56122fdc4e556194c01fb8c435a89b013794170e5adf023ec90881827ef24fd8,2026-06-30T13:45:17+00:00,success,LEGACY_SOURCE_MANIFEST
SRC00972,K241430,https://www.accessdata.fda.gov/scripts/cdrh/cfdocs/cfpmn/pmn.cfm?ID=K241430,fda_database_entry_html,ca8d61a8df31ab54da9dc7d9d72d7940a6b246fdca1c35af53f7307aea555bca,a6749b5de088e536a9bf298dc85ba6cefe6f5bb88f71ffb5402baddfd0b1f397,2026-06-30T13:45:16+00:00,success,LEGACY_SOURCE_MANIFEST
SRC00973,K241430,https://www.accessdata.fda.gov/cdrh_docs/pdf24/K241430.pdf,510k_summary_pdf,770bc86c47f922701afe904d67576902b039b69702acdc219d462dc7ddf833f0,d941b63b7606ec786ad8280fa3527386c0c76fdbf0fb8f1465297f7d52bce2c7,2026-06-30T13:45:21+00:00,success,LEGACY_SOURCE_MANIFEST
SRC00974,K241837,https://www.accessdata.fda.gov/scripts/cdrh/cfdocs/cfpmn/pmn.cfm?ID=K241837,fda_database_entry_html,e94d74e44d9001404d651f9b3d9d4de741e340b611ca3a21af02ed770b49396a,fefa90c12331346b5eff8df0414ddeeeda0bb32d7f2c1b4c8d4ed94cd64641de,2026-06-30T13:45:51+00:00,success,LEGACY_SOURCE_MANIFEST
SRC00975,K241837,https://www.accessdata.fda.gov/cdrh_docs/pdf24/K241837.pdf,510k_summary_pdf,83d0ddd82296a496e597eca300ae9b606a33a8531dcf9dbbd4d8ed1f72e93167,361383a91d754ade81824c4fcb673491ac72716bb289b7c30ba4bfc2e62e45c6,2026-06-30T13:45:54+00:00,success,LEGACY_SOURCE_MANIFEST
SRC00976,K240980,https://www.accessdata.fda.gov/scripts/cdrh/cfdocs/cfpmn/pmn.cfm?ID=K240980,fda_database_entry_html,c5ac4bb69b2d25faaa7a9d386cd2395dcbe236fe9789f12c27aad67f0bd3acf7,1e27fda72d7b6219cf7312f2b5e85d953b144cdbfd61184f6a96f3d2dcb40421,2026-06-30T13:45:54+00:00,success,LEGACY_SOURCE_MANIFEST
SRC00977,K240980,https://www.accessdata.fda.gov/cdrh_docs/pdf24/K240980.pdf,510k_summary_pdf,5e099245a3b7b79b62995030eaa3e7e1afa8848d918cbf6b921ec5d286122b03,7378a4cd0df223f45618d98204fae3e22156104a174de1a486d2d6e944e398cc,2026-06-30T13:45:56+00:00,success,LEGACY_SOURCE_MANIFEST
SRC00978,K241029,https://www.accessdata.fda.gov/scripts/cdrh/cfdocs/cfpmn/pmn.cfm?ID=K241029,fda_database_entry_html,718f0abde63ff1b819cd5dfdd0822a7b68e6a2a54d433d22de0715d7716f6441,c090b1b6b9bf76328b2ff53553b25c0e853e86a18aa27e82ab3480aa0d6b6950,2026-06-30T13:46:00+00:00,success,LEGACY_SOURCE_MANIFEST
SRC00979,K241029,https://www.accessdata.fda.gov/cdrh_docs/pdf24/K241029.pdf,510k_summary_pdf,ecd60b6230a244831ff4f8c3fe9f68e182d7a1df609a51cf13e2b7955b3ea4ad,d7f9942b1dd850422b13b35944fede9086d0972c9fad21cc6d9f1d79e5aa0cfe,2026-06-30T13:46:05+00:00,success,LEGACY_SOURCE_MANIFEST
SRC00980,K242652,https://www.accessdata.fda.gov/scripts/cdrh/cfdocs/cfpmn/pmn.cfm?ID=K242652,fda_database_entry_html,e8eb327fd2cea7e1666487235dee05c7070d7b214e52a0acb532311a3356e612,d024403f86c77f1201f34a04033fa81a3cd393a231d6a15786ec2cc3a82b2b1b,2026-06-30T13:46:03+00:00,success,LEGACY_SOURCE_MANIFEST
SRC00981,K242652,https://www.accessdata.fda.gov/cdrh_docs/pdf24/K242652.pdf,510k_summary_pdf,958d88e5f8a90489964090e55ab0379dd0a5804b619bb0d4f9cad88b29fa6d00,35614d7b06e6c66eb3e967c1ae50c6ba5be6cce5f786dc2f7ba2e338ba35545c,2026-06-30T13:46:10+00:00,success,LEGACY_SOURCE_MANIFEST
SRC00982,K241245,https://www.accessdata.fda.gov/scripts/cdrh/cfdocs/cfpmn/pmn.cfm?ID=K241245,fda_database_entry_html,c29a4a2921c4fbb516e350f4d74071bfd2906a6137a82ddb48eb765904d250e0,7bc504ad52199af9307b2601d13cffe7236305cab03d462f9a14dcd29a5a0346,2026-06-30T13:46:11+00:00,success,LEGACY_SOURCE_MANIFEST
SRC00983,K241245,https://www.accessdata.fda.gov/cdrh_docs/pdf24/K241245.pdf,510k_summary_pdf,49afe3157fadcb1a769e2321e8c14cafad630dd669ad87dc3d4c82d6cc49bd38,617eb90c62d7fc4dc5bef29367a73b5843889820baab1797b7539a94b8f337a1,2026-06-30T13:46:16+00:00,success,LEGACY_SOURCE_MANIFEST
SRC00984,K240553,https://www.accessdata.fda.gov/scripts/cdrh/cfdocs/cfpmn/pmn.cfm?ID=K240553,fda_database_entry_html,163a32a5399367baf817bc7668b2dcfbd44c78294dd2fed8ab942ded82214715,bda5e4b9bd4a5a328eb930a8380c1b1fa0e4d32a442ba1aa90d60e3b11674b6e,2026-06-30T13:46:14+00:00,success,LEGACY_SOURCE_MANIFEST
SRC00985,K240553,https://www.accessdata.fda.gov/cdrh_docs/pdf24/K240553.pdf,510k_summary_pdf,663e0857943f6c1f2688624e1d5062b8f04c8947c5266157c1d49c2eff551f20,f14287be885a92ec5cdb3c5cbf1f0de92a17bc711b239e53292fafad3bc4643e,2026-06-30T13:46:15+00:00,success,LEGACY_SOURCE_MANIFEST
SRC00986,K242005,https://www.accessdata.fda.gov/scripts/cdrh/cfdocs/cfpmn/pmn.cfm?ID=K242005,fda_database_entry_html,8e6220e2287635bc59d514413c7e0dff427a7954712548a5350996493afc6766,2395f33887095e788a693fc2d55d0bd526694971dcfa46963e24eb8244530a1e,2026-06-30T13:46:18+00:00,success,LEGACY_SOURCE_MANIFEST
SRC00987,K242005,https://www.accessdata.fda.gov/cdrh_docs/pdf24/K242005.pdf,510k_summary_pdf,829364c14344471412737eba308163a8a555819f49cd8ff822538acdc7fcc233,02688bc2aee7402630c8d82c6d33539a56907589876934b998051e268d1d7f8f,2026-06-30T13:46:21+00:00,success,LEGACY_SOURCE_MANIFEST
SRC00988,K241561,https://www.accessdata.fda.gov/scripts/cdrh/cfdocs/cfpmn/pmn.cfm?ID=K241561,fda_database_entry_html,d494fc2a2946c16d4b18d899216e406dad899e91b6dd2d2a2ef217010e5dee23,807ac2a997ab08bec0a9ef562a68b88bb35c492043f44b7be914629b5cc548e7,2026-06-30T13:46:22+00:00,success,LEGACY_SOURCE_MANIFEST
SRC00989,K241561,https://www.accessdata.fda.gov/cdrh_docs/pdf24/K241561.pdf,510k_summary_pdf,7c0de55e0937bbffc7e9e11767680ea7ac37e8f8fa04b0a1937bf1086e6a12bf,13e8929a17a2d1e8ebd42972bd68a6c31db3d7f6468134d526748c6bacf6be80,2026-06-30T13:46:27+00:00,success,LEGACY_SOURCE_MANIFEST
SRC00990,K240943,https://www.accessdata.fda.gov/scripts/cdrh/cfdocs/cfpmn/pmn.cfm?ID=K240943,fda_database_entry_html,6af587541753cc26c38d93d1a9fad1c14e5355ea5ee07e22217fb0912ba85b9d,c46cc2407ab6c11bccc03e1d1ba3cc9ac76748be1cc08d693d6afdec839de150,2026-06-30T13:46:25+00:00,success,LEGACY_SOURCE_MANIFEST
SRC00991,K240943,https://www.accessdata.fda.gov/cdrh_docs/pdf24/K240943.pdf,510k_summary_pdf,a9493baf3e829f985c389cb1ad6c6c9cb9d268c90a87f006baaa530ee517e371,9ffe54f1fc6fac2c835c7d55b9596beaf28e533272f8fbd8e204a56608b6c965,2026-06-30T13:46:32+00:00,success,LEGACY_SOURCE_MANIFEST
SRC00992,K241331,https://www.accessdata.fda.gov/scripts/cdrh/cfdocs/cfpmn/pmn.cfm?ID=K241331,fda_database_entry_html,80e763934236f503f4b7a2658b8b8752e280bbe450fd14746f2542ccc7bb5eef,8242489bad0bd9ac16aeddf53ab05da5308b1579a9a727ad434c45fe1b5a9056,2026-06-30T13:46:37+00:00,success,LEGACY_SOURCE_MANIFEST
SRC00993,K241331,https://www.accessdata.fda.gov/cdrh_docs/pdf24/K241331.pdf,510k_summary_pdf,300f49a682d44eb8a8b355f6470221a64eedff1ce6a922270d1671c5a4fd59bf,57032a14a9fe855e7a546b42a2c1b434ddab5f655c0186322b2dfec7b349f69e,2026-06-30T13:46:39+00:00,success,LEGACY_SOURCE_MANIFEST
SRC00994,K240993,https://www.accessdata.fda.gov/scripts/cdrh/cfdocs/cfpmn/pmn.cfm?ID=K240993,fda_database_entry_html,db2b271bfa487d620211bfbaf935e78f16d47214f561b6717fb1337ed1cd6f71,281448bf72245cd11dae29600c1103b3bc1e9d3aab1dc39d63d141f122f8aaa6,2026-06-30T13:46:45+00:00,success,LEGACY_SOURCE_MANIFEST
SRC00995,K240993,https://www.accessdata.fda.gov/cdrh_docs/pdf24/K240993.pdf,510k_summary_pdf,83dcfaf77d72b45b97783f84ce5f98caa4a3c8154f597fc28bee0335989796ff,3dd9c55158295db06298b47ca87d62cea049d3781a672d9854bb21f4175b975f,2026-06-30T13:46:50+00:00,success,LEGACY_SOURCE_MANIFEST
SRC00996,K240369,https://www.accessdata.fda.gov/scripts/cdrh/cfdocs/cfpmn/pmn.cfm?ID=K240369,fda_database_entry_html,9264d16d5a4433ff571fb4992a1978e86c70be6ce974371d04e4cbadc9457f8f,411489a4e6d61d723b5742acc6b2aa0fc8b6e6a3440efd4b5f3bae9aeb1faa48,2026-06-30T13:46:50+00:00,success,LEGACY_SOURCE_MANIFEST
SRC00997,K240369,https://www.accessdata.fda.gov/cdrh_docs/pdf24/K240369.pdf,510k_summary_pdf,a72319ea2d75dc48f42302521c93b3482cc29cb2bc37e1e3ebf9373e1390c982,08600437415f081cfc1de21cbbcbb9111b503dd8eac27c4675c268f89eacbe87,2026-06-30T13:46:53+00:00,success,LEGACY_SOURCE_MANIFEST
SRC00998,K241480,https://www.accessdata.fda.gov/scripts/cdrh/cfdocs/cfpmn/pmn.cfm?ID=K241480,fda_database_entry_html,644c90d8553a04a6b49c5a355b86d966c2d628529e43fd5be0dec10414dccbe5,40f9deb0b3269c205ba00b12a2a614b18bb05ded968ae3091cddc2a993792bdf,2026-06-30T13:46:54+00:00,success,LEGACY_SOURCE_MANIFEST
SRC00999,K241480,https://www.accessdata.fda.gov/cdrh_docs/pdf24/K241480.pdf,510k_summary_pdf,3344f52fd7711dc26453923da752b69bbdf8aedcac9973bd12f5bb90e1509394,b924d066b23de2bb76d03375aaff0d4db82fc160db407bb143417f6e6f4d41fa,2026-06-30T13:46:58+00:00,success,LEGACY_SOURCE_MANIFEST
SRC01000,K242292,https://www.accessdata.fda.gov/scripts/cdrh/cfdocs/cfpmn/pmn.cfm?ID=K242292,fda_database_entry_html,db2e3035a68d70a25c2ece8a07d00ff90691843889cf322c1f8db724dab2ef2f,a5cb1d96a94ad017f74bd98fa4963efc180bb9504bdd9cb695bb391f0516aa5a,2026-06-30T13:46:56+00:00,success,LEGACY_SOURCE_MANIFEST
SRC01001,K242292,https://www.accessdata.fda.gov/cdrh_docs/pdf24/K242292.pdf,510k_summary_pdf,46d3596ff02312a29be58b9647de7ab0c7ae99d8de6a55aa01b55023d9ab9a11,ea7ec713b9f28802da3029f7bb9b41be469e76527f4bfbefe34d0b7cc74d20db,2026-06-30T13:46:59+00:00,success,LEGACY_SOURCE_MANIFEST
SRC01002,K240013,https://www.accessdata.fda.gov/scripts/cdrh/cfdocs/cfpmn/pmn.cfm?ID=K240013,fda_database_entry_html,82efabf7bff9c48492fbe8c42346cbdf698a158bb88a3675c803c1c6fa56896e,a28918e6b7647770b9a41ec546b4e062653e9582ac652b0b10f5d2400c7d777c,2026-06-30T13:47:04+00:00,success,LEGACY_SOURCE_MANIFEST
SRC01003,K240013,https://www.accessdata.fda.gov/cdrh_docs/pdf24/K240013.pdf,510k_summary_pdf,b01f671a6715edfb0c6915c5010152c286970c6461258772d34b16bbf7b4d037,5926b6a5ef5652cb9eb44ebe2013594f7d0faf9c1de16b62b138029b62a271a5,2026-06-30T13:47:07+00:00,success,LEGACY_SOURCE_MANIFEST
SRC01004,P140011/S008,https://www.accessdata.fda.gov/scripts/cdrh/cfdocs/cfpma/pma.cfm?id=P140011S008,fda_database_entry_html,861b9d18af42b871e907d5b1fec4eb97ecb2dbc28c2ac05bd770991ec73c7f63,8c5cd382d64d082e0269512b0e6fd2d6f219ecd2ec24486e1b80d4c00642d652,2026-06-30T13:47:11+00:00,success,LEGACY_SOURCE_MANIFEST
SRC01005,P140011/S008,https://www.accessdata.fda.gov/scripts/cdrh/cfdocs/cfpma/pma.cfm?id=P140011S008,unavailable,,,2026-06-30T15:35:53+00:00,unavailable,LEGACY_SOURCE_MANIFEST
SRC01006,K240036,https://www.accessdata.fda.gov/scripts/cdrh/cfdocs/cfpmn/pmn.cfm?ID=K240036,fda_database_entry_html,9f763add8ac85348ea6ded232fdca4026a95d55ae5bf97a72269907f3625402e,cd3d6b69d7bd5f0f3a3bdb98141c8343e472690ee4ecf96fda7b90d6a1e4c4b5,2026-06-30T13:47:14+00:00,success,LEGACY_SOURCE_MANIFEST
SRC01007,K240036,https://www.accessdata.fda.gov/cdrh_docs/pdf24/K240036.pdf,510k_summary_pdf,ad8ff2231f1560442cf4a062a7f88d16f6469bfade06622feeda68c9e9be61c6,73386eb960065d9d649517c6fd703ccc435df8f9143beb8f702bfaad26c881a2,2026-06-30T13:47:17+00:00,success,LEGACY_SOURCE_MANIFEST
SRC01008,K240929,https://www.accessdata.fda.gov/scripts/cdrh/cfdocs/cfpmn/pmn.cfm?ID=K240929,fda_database_entry_html,31cf7271e7509870f72d88dc60bc3bd4fab26e130137dbd180e6bbe13ef3db44,43560791b958eeef0ca03b85bb2f124efd779db22e2f69f48120371d3cee95da,2026-06-30T13:47:15+00:00,success,LEGACY_SOURCE_MANIFEST
SRC01009,K240929,https://www.accessdata.fda.gov/cdrh_docs/pdf24/K240929.pdf,510k_summary_pdf,1e38ba1197fbe35a5f10e2b8d96b29c0844957ae3aeca4e69f26fe561997491a,f0f2b676034cc99d133bd8dcc9a84053e12da2c844ddaf43e7f63ea6b3752379,2026-06-30T13:47:18+00:00,success,LEGACY_SOURCE_MANIFEST
SRC01010,K241280,https://www.accessdata.fda.gov/scripts/cdrh/cfdocs/cfpmn/pmn.cfm?ID=K241280,fda_database_entry_html,4a47b8c45b2b2b84f9cf44a7446f3a808456d9a2ef1658c4adf2838f1ad84efc,152ba2da5dcbb1118b71a5e707d5e55ebfa896d482da473532365093bb893401,2026-06-30T13:47:17+00:00,success,LEGACY_SOURCE_MANIFEST
SRC01011,K241280,https://www.accessdata.fda.gov/cdrh_docs/pdf24/K241280.pdf,510k_summary_pdf,8c6d0ea57bf0e211a4cc6506ad321c75d74ba800bebeee09aff4d417d3a2d136,e375c239dc608072af44f99b3ae5d0d1061a2873d51482d19f3000524373b4bb,2026-06-30T13:47:22+00:00,success,LEGACY_SOURCE_MANIFEST
SRC01012,K240942,https://www.accessdata.fda.gov/scripts/cdrh/cfdocs/cfpmn/pmn.cfm?ID=K240942,fda_database_entry_html,7e4c0e5d2b7f7f2e00a0831a7847e5699885bca1b233e8e0c71f8b0f8fffed68,98a1238e0c5ccecdc51b9a88cdfdafaac9a7b7ad19e34bdd342f60b01ae449aa,2026-06-30T13:47:17+00:00,success,LEGACY_SOURCE_MANIFEST
SRC01013,K240942,https://www.accessdata.fda.gov/cdrh_docs/pdf24/K240942.pdf,510k_summary_pdf,ed2f37b051a555b62ebf18c296ba4d3bf136b0377d9217e066ab1c2c7a5297e6,d091d1c7d3850cdd72ef2b4adafa520e69129cf035d1ab2e421e7a89b2139a88,2026-06-30T13:47:23+00:00,success,LEGACY_SOURCE_MANIFEST
SRC01014,K241582,https://www.accessdata.fda.gov/scripts/cdrh/cfdocs/cfpmn/pmn.cfm?ID=K241582,fda_database_entry_html,171582804d8a21185fc8e48ab5e2bf19a549be7e6fc40c2144ae8173a2211fe1,4a5899482d428d7a64c035605684eb5e9621eab9f476569d4339b58bf2e3e5b0,2026-06-30T13:47:21+00:00,success,LEGACY_SOURCE_MANIFEST
SRC01015,K241582,https://www.accessdata.fda.gov/cdrh_docs/pdf24/K241582.pdf,510k_summary_pdf,0883e056a042af0ef1ed55da5ebe9020fd30a68929b076289e7311e593b73482,6114e5c2a1c4eea18a857efccf8c522db2340c5eb4d6b7b193ab611ee94df098,2026-06-30T13:47:22+00:00,success,LEGACY_SOURCE_MANIFEST
SRC01016,K241380,https://www.accessdata.fda.gov/scripts/cdrh/cfdocs/cfpmn/pmn.cfm?ID=K241380,fda_database_entry_html,da9614bc5a850852c026fb00c03aea6136e69c112fdc98c24f45c825eeb67786,0d26922120816cea85a3fba48355f7293876640034675e8f6e3856fb22697ce8,2026-06-30T13:47:29+00:00,success,LEGACY_SOURCE_MANIFEST
SRC01017,K241380,https://www.accessdata.fda.gov/cdrh_docs/pdf24/K241380.pdf,510k_summary_pdf,1615fffb178d3246988abaf7171af06d460219fedf177de549946a68798cafa5,ea4415aeebd1e3ea88614907d4677de8c7f6648ac1529651343fd8bf614fe052,2026-06-30T13:47:32+00:00,success,LEGACY_SOURCE_MANIFEST
SRC01018,K240094,https://www.accessdata.fda.gov/scripts/cdrh/cfdocs/cfpmn/pmn.cfm?ID=K240094,fda_database_entry_html,b4390f2b9c08d00b93efe9015250908eadc5a4d6c56dadb517a672ef8c9e0bc3,b8ae05e5444b68b9a7a6232f6999e2485f52cc5228555617ede147dab8c7ad02,2026-06-30T13:47:29+00:00,success,LEGACY_SOURCE_MANIFEST
SRC01019,K240094,https://www.accessdata.fda.gov/cdrh_docs/pdf24/K240094.pdf,510k_summary_pdf,0436d3076f289dcff2d6b8f43389a702d6f79dd27db8c4017b07424174c886fb,47ce93577b597905abda870b9d5dd833a2ce4dc73303ddbec76257b3577369f2,2026-06-30T13:47:32+00:00,success,LEGACY_SOURCE_MANIFEST
SRC01020,K240791,https://www.accessdata.fda.gov/scripts/cdrh/cfdocs/cfpmn/pmn.cfm?ID=K240791,fda_database_entry_html,7b9775dc304ff06853ded8e8582739ce05c314b6a27fe665c1eb566d4f5090a5,e3f1db0df4ca92e501f023ee176b8788d9af52d7c0988c7b122e2d0f305ad5fc,2026-06-30T13:47:32+00:00,success,LEGACY_SOURCE_MANIFEST
SRC01021,K240791,https://www.accessdata.fda.gov/cdrh_docs/pdf24/K240791.pdf,510k_summary_pdf,409ae010f540f98d0e7553fa62839a4233a266906979c8bcf421c25dc9a5334e,f4292826237de7a5127a6927dea865664e9be749662e51b59a481c70a9c7bf4f,2026-06-30T13:47:38+00:00,success,LEGACY_SOURCE_MANIFEST
SRC01022,K241681,https://www.accessdata.fda.gov/scripts/cdrh/cfdocs/cfpmn/pmn.cfm?ID=K241681,fda_database_entry_html,7026ba29b942376ab1e19e583191374c380ee0c7d7899afd9cb414b3e98a4942,426beaffa7af1615ef83281c7a48cd1732a70ea3306a521250acc525ec6834e8,2026-06-30T13:47:35+00:00,success,LEGACY_SOURCE_MANIFEST
SRC01023,K241681,https://www.accessdata.fda.gov/cdrh_docs/pdf24/K241681.pdf,510k_summary_pdf,cd97f37d73b2c66891b39423d2a9ddd226f80c2373b00357d106c308fbfd296d,dd4678acee2e361a1b01ebc29693bd832337fccec2d0867fa651c25033af7f02,2026-06-30T13:47:41+00:00,success,LEGACY_SOURCE_MANIFEST
SRC01024,K240697,https://www.accessdata.fda.gov/scripts/cdrh/cfdocs/cfpmn/pmn.cfm?ID=K240697,fda_database_entry_html,578041886a1ee8b27ea94cdd644ac3b3ef767a22738c63edf5859fbad273869c,98f7278f2e9ae52c4d2c2ccda934c138d7a1d700f48c7aa7c6117ed32fd1e377,2026-06-30T13:47:38+00:00,success,LEGACY_SOURCE_MANIFEST
SRC01025,K240697,https://www.accessdata.fda.gov/cdrh_docs/pdf24/K240697.pdf,510k_summary_pdf,be0f056fa5e004571e91c0f19c480382f747c4b7fb50e4b247aa64f34a2eafff,497ee51bf39fafe6c1df29d65b795f97e56ce3a0ab1199dcc291eeba0661523d,2026-06-30T13:47:43+00:00,success,LEGACY_SOURCE_MANIFEST
SRC01026,K240411,https://www.accessdata.fda.gov/scripts/cdrh/cfdocs/cfpmn/pmn.cfm?ID=K240411,fda_database_entry_html,7a52da59287d5b9c8de29dafa62ef9c7746ccf10b22890e187ac77640b423dc0,809ceaa7e20393554ea98a4f1458f6368f61d396f6a4042c5ced5e62242cc337,2026-06-30T13:47:44+00:00,success,LEGACY_SOURCE_MANIFEST
SRC01027,K240411,https://www.accessdata.fda.gov/cdrh_docs/pdf24/K240411.pdf,510k_summary_pdf,03ed4356815c18a7e8de7402eeebcf52e40dee78e71e52f761f9b4347b4e814b,2bd90ab378fa332222af653c7b7022cb11f77991c37b30bd3f546239f9cafc89,2026-06-30T13:47:47+00:00,success,LEGACY_SOURCE_MANIFEST
SRC01028,K233998,https://www.accessdata.fda.gov/scripts/cdrh/cfdocs/cfpmn/pmn.cfm?ID=K233998,fda_database_entry_html,6d2c95c22b00d557ac17cfa5fd899bbfbb2c20d44faf29f8a8ca88e0a6849a3a,2af89e14a78a23ebad9bef8d2318663f45e5ae518e6b1cabc9fd3f8c72f2f74c,2026-06-30T13:47:48+00:00,success,LEGACY_SOURCE_MANIFEST
SRC01029,K233998,https://www.accessdata.fda.gov/cdrh_docs/pdf23/K233998.pdf,510k_summary_pdf,2eb535df0bf449dd7d5ad2c06ae1a63498ae9e110f55f1d4bb555e14bac4da30,a0523e9698f70d2e2ec86a4c2b51778189c30e4517ee699d409da53f2c9b57ab,2026-06-30T13:47:51+00:00,success,LEGACY_SOURCE_MANIFEST
SRC01030,K233977,https://www.accessdata.fda.gov/scripts/cdrh/cfdocs/cfpmn/pmn.cfm?ID=K233977,fda_database_entry_html,83cafce04f96094901d1d293fa56663d18c9302d1e598dcf2afcf099cc9f06b3,9520b05724a80d3881809fae233fd8c41371aaf1a23d365416d6604a63df0727,2026-06-30T13:47:48+00:00,success,LEGACY_SOURCE_MANIFEST
SRC01031,K233977,https://www.accessdata.fda.gov/cdrh_docs/pdf23/K233977.pdf,510k_summary_pdf,6d69b9241b7a12a0b48f746caa0ca7dbc2ac3a413743ab66712dab8fbf15dd72,7d4c2cbc9c240722b5ba896cbc2fb4a65b107c5b60423c4be8e0db4f13be2a00,2026-06-30T13:47:50+00:00,success,LEGACY_SOURCE_MANIFEST
SRC01032,K240003,https://www.accessdata.fda.gov/scripts/cdrh/cfdocs/cfpmn/pmn.cfm?ID=K240003,fda_database_entry_html,9b41801150a5372fc0dc24917bbc02732668fd28645ab024077c413d119130d2,8e92838051b71f43c7c7a7de505d6fc009411fba810464e1b9238671a027dffa,2026-06-30T13:47:53+00:00,success,LEGACY_SOURCE_MANIFEST
SRC01033,K240003,https://www.accessdata.fda.gov/cdrh_docs/pdf24/K240003.pdf,510k_summary_pdf,9e9d5578abd9db155f49002d056b1c064c8a80a43927e4e8347b4a2f14a6181c,a207688a264424748331d867c0eb310efa72d05dc64f5f9c0d24146642741a5f,2026-06-30T13:47:57+00:00,success,LEGACY_SOURCE_MANIFEST
SRC01034,K241847,https://www.accessdata.fda.gov/scripts/cdrh/cfdocs/cfpmn/pmn.cfm?ID=K241847,fda_database_entry_html,c818b5d5c9bd0a9ac9d59ffa963ed1c513b292568f5ede7d864629a7386f14ca,cef0a6fa0ca0e19ee73a4ad2b5386b5002a9642f151df2cdbe0033709ad504bb,2026-06-30T13:47:58+00:00,success,LEGACY_SOURCE_MANIFEST
SRC01035,K241847,https://www.accessdata.fda.gov/cdrh_docs/pdf24/K241847.pdf,510k_summary_pdf,ff70743d1b17a98c0b24a1c96c0ab3f221abadc4d0b35863b0f0ed0c02ab78b3,cf151980619c601235f4b076d17d6f8238d1c699d7e060df2d625fd06679e8c8,2026-06-30T13:48:00+00:00,success,LEGACY_SOURCE_MANIFEST
SRC01036,K241585,https://www.accessdata.fda.gov/scripts/cdrh/cfdocs/cfpmn/pmn.cfm?ID=K241585,fda_database_entry_html,fde90c972760111d8ad1393f6fe37e9888ff1d9a3a3bfa5998a47842a5d914e6,fd8f31f6d03b17847441ee89c22c53c3bdbe5a18ac76e714724134328e1f3d59,2026-06-30T13:48:02+00:00,success,LEGACY_SOURCE_MANIFEST
SRC01037,K241585,https://www.accessdata.fda.gov/cdrh_docs/pdf24/K241585.pdf,510k_summary_pdf,b24a70f818e92fa7d0b00cf735a193b2e8c50f871daff82ed3b3c42bb7b15000,7095484454528a0a0dd66959bf6d3e3e215bbd6d7d8afecb292e431447587462,2026-06-30T13:48:05+00:00,success,LEGACY_SOURCE_MANIFEST
SRC01038,K242300,https://www.accessdata.fda.gov/scripts/cdrh/cfdocs/cfpmn/pmn.cfm?ID=K242300,fda_database_entry_html,391d20d115119ac2ef81fe63a25f5ed3f635d70db00d4ac05ef2cdf6630425fe,f78c463bf5852c1281b41ee21f599a7ad6b0b10e18360d69a1476befd1506c31,2026-06-30T13:48:04+00:00,success,LEGACY_SOURCE_MANIFEST
SRC01039,K242300,https://www.accessdata.fda.gov/cdrh_docs/pdf24/K242300.pdf,510k_summary_pdf,b19c783c2d720c5187ca1f29fe984a8adca26576e747d65c80222b3845cc8c2d,e959f4b91d90a8dd581bce74d1fae5aa83be45529e1018bfef9c294e04bd187b,2026-06-30T13:48:06+00:00,success,LEGACY_SOURCE_MANIFEST
SRC01040,K242275,https://www.accessdata.fda.gov/scripts/cdrh/cfdocs/cfpmn/pmn.cfm?ID=K242275,fda_database_entry_html,7729c59b73d76edf50a41c938b1100dbbaf7fa00052cad0dd1d2e8a676572dee,ce59af442eb633cbe254e98093fc05a760dd9f9790eae0d2eea58cf49e20e8f1,2026-06-30T13:48:06+00:00,success,LEGACY_SOURCE_MANIFEST
SRC01041,K242275,https://www.accessdata.fda.gov/cdrh_docs/pdf24/K242275.pdf,510k_summary_pdf,69565d3c19b2ad22d88452944ff21e4f986d577749ac6d0300a444cfee4ffb2d,6c6cf8538bbb195d44081e2041b980b8eb9f645e361891c34f2e905ee694bd5e,2026-06-30T13:48:08+00:00,success,LEGACY_SOURCE_MANIFEST
SRC01042,K233826,https://www.accessdata.fda.gov/scripts/cdrh/cfdocs/cfpmn/pmn.cfm?ID=K233826,fda_database_entry_html,5f7d23726c069f2f0fad8bd81862001ade02402616891fe4d4f7092b857e80ff,8817d69866ce2cef0724ae92045a58c79a4c636e766809c41e558448a18a5b93,2026-06-30T13:48:09+00:00,success,LEGACY_SOURCE_MANIFEST
SRC01043,K233826,https://www.accessdata.fda.gov/cdrh_docs/pdf23/K233826.pdf,510k_summary_pdf,bfb295268a7865616036b37ab31908b69ac406826ae0daae380acffb4fa689fe,96c2b3e35798079aefc600c338007292f8ce1aaa41c462af17fc2c83bade3ef8,2026-06-30T13:48:14+00:00,success,LEGACY_SOURCE_MANIFEST
SRC01044,K241684,https://www.accessdata.fda.gov/scripts/cdrh/cfdocs/cfpmn/pmn.cfm?ID=K241684,fda_database_entry_html,d624e12b923cbcb60b7f547d4eb212519e6e2411a3609c5cb363d99a55a59894,cc820493ceb8cac5c4404f9e7dec549b6d79b1b14c4d329465ef9dfbe521c809,2026-06-30T13:48:16+00:00,success,LEGACY_SOURCE_MANIFEST
SRC01045,K241684,https://www.accessdata.fda.gov/cdrh_docs/pdf24/K241684.pdf,510k_summary_pdf,7f3b32569ebafd3872ad1d2c4e3d7448403fddc4fcb8b0719fd24ac04cf6b7c7,c31379bcdd64f8a687b2c7450149e8bde8f824ff7d30bfdfb7ea32d6cbe72b02,2026-06-30T13:48:23+00:00,success,LEGACY_SOURCE_MANIFEST
SRC01046,K241098,https://www.accessdata.fda.gov/scripts/cdrh/cfdocs/cfpmn/pmn.cfm?ID=K241098,fda_database_entry_html,4c006478825589adab5df7d1f1d9c4574a5ffdeb947f1b1cf9a11d8c269f4859,002c9e4f54e2a36e02a367f6f8c6df6e629c47e3bdd9b2766893cff6c1fee096,2026-06-30T13:48:17+00:00,success,LEGACY_SOURCE_MANIFEST
SRC01047,K241098,https://www.accessdata.fda.gov/cdrh_docs/pdf24/K241098.pdf,510k_summary_pdf,9305dfb39e236d2fc6a2b07a19becbb6b24ac3336ae6536882dbd3d294325892,11694c79c08639909206b0c382273c5992a271cf47e232229cdd15541cd4142b,2026-06-30T13:48:18+00:00,success,LEGACY_SOURCE_MANIFEST
SRC01048,K240290,https://www.accessdata.fda.gov/scripts/cdrh/cfdocs/cfpmn/pmn.cfm?ID=K240290,fda_database_entry_html,5a7ac082163c53b8bd5e9840a2d92cee2c2fa6ef4b6bb744e8df5a1f1cef31d5,f6dea0fc179f0241a32798a1749e813cb46a398b7e465121632a02645cd2b541,2026-06-30T13:48:20+00:00,success,LEGACY_SOURCE_MANIFEST
SRC01049,K240290,https://www.accessdata.fda.gov/cdrh_docs/pdf24/K240290.pdf,510k_summary_pdf,3747f5c5e969accedd005045cde737d594f481fa38b3c6e70f9ea534929589c9,9d84260af0f0dead1da0b2acb961f146c34384c4880bccf1162d95828e5d828d,2026-06-30T13:48:26+00:00,success,LEGACY_SOURCE_MANIFEST
SRC01050,K241496,https://www.accessdata.fda.gov/scripts/cdrh/cfdocs/cfpmn/pmn.cfm?ID=K241496,fda_database_entry_html,50356a6e0882a0d9fd4e0f82c3c9aafb81ee5e0b90a93c8ff28580af358b89b9,d7e8ce0dfcfbaa44efeee058acebe06a259c5df46612b6ca3a9743adfde3774b,2026-06-30T13:48:24+00:00,success,LEGACY_SOURCE_MANIFEST
SRC01051,K241496,https://www.accessdata.fda.gov/cdrh_docs/pdf24/K241496.pdf,510k_summary_pdf,c060878629b2dabb2e2aa4d3633e9e481ee06bd494d2236cb919c212f3d68c1b,a95d5ede0482ee512b73e4687eba21aa677e9179d44e55250f4c8aefe612e49c,2026-06-30T13:48:27+00:00,success,LEGACY_SOURCE_MANIFEST
SRC01052,K240200,https://www.accessdata.fda.gov/scripts/cdrh/cfdocs/cfpmn/pmn.cfm?ID=K240200,fda_database_entry_html,79b451dcde4e0dbc0402c52e4696f3877d5bd0f1752cf3d02ae6ebeb4c986afa,2dc2f35312dd719e302d65d4491802ace873dd0574d831dda8f26e245c9c20e9,2026-06-30T13:48:29+00:00,success,LEGACY_SOURCE_MANIFEST
SRC01053,K240200,https://www.accessdata.fda.gov/cdrh_docs/pdf24/K240200.pdf,510k_summary_pdf,f22c58343a7d312e41da443250baa0c15af5420e2b7d5095330b2262fd7ef895,40b8cc0796cfcefb9c07c855a60547c630e5a4eb5d45a5b2f0fd54a0a685e194,2026-06-30T13:48:32+00:00,success,LEGACY_SOURCE_MANIFEST
SRC01054,K241440,https://www.accessdata.fda.gov/scripts/cdrh/cfdocs/cfpmn/pmn.cfm?ID=K241440,fda_database_entry_html,7a3801a74128f6d93feff40d9139ce010052f5e3c83a67f55f940b6df1896c00,42c2b3e6f1307592d1810a3bd3388aa0e261d825899a4f4f5a1d929889dcac44,2026-06-30T13:48:31+00:00,success,LEGACY_SOURCE_MANIFEST
SRC01055,K241440,https://www.accessdata.fda.gov/cdrh_docs/pdf24/K241440.pdf,510k_summary_pdf,23848e1cb9af05a023f26eeb0a09e705a8fd1e451f28d42de89e5cd8c9108b44,127491984bf48dfb26f569bfdd74447e008f4f3e218dc7545935d560edb5daaa,2026-06-30T13:48:36+00:00,success,LEGACY_SOURCE_MANIFEST
SRC01056,K240740,https://www.accessdata.fda.gov/scripts/cdrh/cfdocs/cfpmn/pmn.cfm?ID=K240740,fda_database_entry_html,a54389090372b87e65ec644ff715c4378ee34655545df41a18a9b999743419a9,8ec071b3c6fa088dc513116be75ba8b1b8e85b75f7d62caad594b774ec4eae22,2026-06-30T13:48:33+00:00,success,LEGACY_SOURCE_MANIFEST
SRC01057,K240740,https://www.accessdata.fda.gov/cdrh_docs/pdf24/K240740.pdf,510k_summary_pdf,e08af2c5be776adb26e750aa2fa4f9e8d7c15e3312639a710797bacf5b2158c6,64341e4fdb55bb324d3e6570493aaa37f883e0fc6dd257f1a74750ad8e6e3676,2026-06-30T13:48:34+00:00,success,LEGACY_SOURCE_MANIFEST
SRC01058,K233755,https://www.accessdata.fda.gov/scripts/cdrh/cfdocs/cfpmn/pmn.cfm?ID=K233755,fda_database_entry_html,cbd16eca46d4f72bbfea705aadf2678d5f247a57e086378f37038ce510a80ddc,e67d3226f90c5d4cbf834ba9302eb5732fd23cdd8652fa1b949cf3bfe7c7cbe7,2026-06-30T13:48:37+00:00,success,LEGACY_SOURCE_MANIFEST
SRC01059,K233755,https://www.accessdata.fda.gov/cdrh_docs/pdf23/K233755.pdf,510k_summary_pdf,a401071e75db97603f35a78aa3b90893993ffb27b389d4cd6f8eb5fd83520676,6f510cdd5b4d484955ad30cb29fbfbc7dcdde8504f6c8f8a5bb6b6de2a6a2cb8,2026-06-30T13:48:43+00:00,success,LEGACY_SOURCE_MANIFEST
SRC01060,K241596,https://www.accessdata.fda.gov/scripts/cdrh/cfdocs/cfpmn/pmn.cfm?ID=K241596,fda_database_entry_html,c35fc90387e23b55363202327b41c5cda05e18a197add6ab12bbd05982cec473,bad72a710e299bef7403535cbe37802f12d6f8dac1b185b23e6c381e02b6a659,2026-06-30T13:48:43+00:00,success,LEGACY_SOURCE_MANIFEST
SRC01061,K241596,https://www.accessdata.fda.gov/cdrh_docs/pdf24/K241596.pdf,510k_summary_pdf,4763c9b4f09373a29ccc1c26b327fbee2a427996fa6f3912a21604beefb5306e,786d84d67bf7eb999612b77592b8241d72e3304c721a4dbab460daccf70faaa2,2026-06-30T13:48:48+00:00,success,LEGACY_SOURCE_MANIFEST
SRC01062,K241211,https://www.accessdata.fda.gov/scripts/cdrh/cfdocs/cfpmn/pmn.cfm?ID=K241211,fda_database_entry_html,dc05f19ed0527f576fac13b4f670a16e2964c3d7667c545c070f9b776b0246bb,f1950cfafb75ba12015daa3d9a2f202a802a0d5a3401e59b6a97d3951685f96c,2026-06-30T13:48:47+00:00,success,LEGACY_SOURCE_MANIFEST
SRC01063,K241211,https://www.accessdata.fda.gov/cdrh_docs/pdf24/K241211.pdf,510k_summary_pdf,426252fc617a46fbe09db4411d7328be92fad7b035da1295e1b63c6ce96317ae,96b213001959c6919628805044ab17a1faf8fc575f9fc451ae5320be222fac24,2026-06-30T13:48:51+00:00,success,LEGACY_SOURCE_MANIFEST
SRC01064,K241429,https://www.accessdata.fda.gov/scripts/cdrh/cfdocs/cfpmn/pmn.cfm?ID=K241429,fda_database_entry_html,17d11056e27192db0389c301ae22d01ade57789d7ad7460e797ecfd0b9df58c3,caedd313c3ebb8e62649611fa2c3124c7949fa4df76e611a1b42a858aa5b759a,2026-06-30T13:48:47+00:00,success,LEGACY_SOURCE_MANIFEST
SRC01065,K241429,https://www.accessdata.fda.gov/cdrh_docs/pdf24/K241429.pdf,510k_summary_pdf,4424c89220e5d1ae09997ac1171e410b424674ea7ffe5348ce8935d1e9d7a038,799ddb7f193f5d13131dcefcb94613ac33756bd37838593500ef3f3a3e1cf317,2026-06-30T13:48:50+00:00,success,LEGACY_SOURCE_MANIFEST
SRC01066,K242054,https://www.accessdata.fda.gov/scripts/cdrh/cfdocs/cfpmn/pmn.cfm?ID=K242054,fda_database_entry_html,eb2a67ce741f00ccb9122737ec89e15ccc1a26a10760b7b0236303d13f452211,cf56941060aa32ccfa03570b12066a8d6f277e055e8cbe6577f1c5da912e74b8,2026-06-30T13:48:54+00:00,success,LEGACY_SOURCE_MANIFEST
SRC01067,K242054,https://www.accessdata.fda.gov/cdrh_docs/pdf24/K242054.pdf,510k_summary_pdf,113bd29ab763dc40fc2aed608c62492841fc719ca51083ae758a5080b0cc7685,cbc948802fbaa9d50de0796117fd2b6984e0a1237d8c972a65cfa306a8fa558c,2026-06-30T13:48:58+00:00,success,LEGACY_SOURCE_MANIFEST
SRC01068,K233822,https://www.accessdata.fda.gov/scripts/cdrh/cfdocs/cfpmn/pmn.cfm?ID=K233822,fda_database_entry_html,bc99e4e723658eb370a2bfe8db63d99d4c012d18e944595582e724fcbd233ab1,87dbd1de8125cc436bb05b18b6e3cde23e0a50efdffd7e9d6fd9969ebe60cd16,2026-06-30T13:48:59+00:00,success,LEGACY_SOURCE_MANIFEST
SRC01069,K233822,https://www.accessdata.fda.gov/cdrh_docs/pdf23/K233822.pdf,510k_summary_pdf,8d643ea7ae59026fdf9619cba8ad7fc15908c15ad1ff20e8095536e13b06efed,a024f0535cdbaf33c9a4cc8926828a1df2597bf96c57f1149db8a03d2aeb9867,2026-06-30T13:49:03+00:00,success,LEGACY_SOURCE_MANIFEST
SRC01070,K241665,https://www.accessdata.fda.gov/scripts/cdrh/cfdocs/cfpmn/pmn.cfm?ID=K241665,fda_database_entry_html,acb08788ddd8535147fa5ae9205a4c8d3e687ad002f9194912288c6613a3b6cf,9dd4611a3d1a5a1c52f79e53ac78183df73178bc816a8ab537443d11cec64629,2026-06-30T13:49:03+00:00,success,LEGACY_SOURCE_MANIFEST
SRC01071,K241665,https://www.accessdata.fda.gov/cdrh_docs/pdf24/K241665.pdf,510k_summary_pdf,fca95506c472fd35eeef224f193e0a1682d3ead1fa3877f031dfe6c31319e897,5bd7536a0f1b0176f055e02eb3bb0ea6035cb59bd6c354f3c19d2d425288aa7c,2026-06-30T13:49:04+00:00,success,LEGACY_SOURCE_MANIFEST
SRC01072,K233992,https://www.accessdata.fda.gov/scripts/cdrh/cfdocs/cfpmn/pmn.cfm?ID=K233992,fda_database_entry_html,2f9bb9a92f4ae96727c7255b188c17ea00e50ba3c1e2e4424d7a6afd255efc31,f306fed7b472af449ccef2887652284e7600d60937481b22e811d9182a9c7912,2026-06-30T13:49:06+00:00,success,LEGACY_SOURCE_MANIFEST
SRC01073,K233992,https://www.accessdata.fda.gov/cdrh_docs/pdf23/K233992.pdf,510k_summary_pdf,2377ba19f193b4f6ba29946e9c3561abebd4011a6281b33bffcb9941ccf58d16,b41a8ec56d9de093d7253dc329754f6136c21fa507c5b0045ed89cccd716b990,2026-06-30T13:49:09+00:00,success,LEGACY_SOURCE_MANIFEST
SRC01074,K240953,https://www.accessdata.fda.gov/scripts/cdrh/cfdocs/cfpmn/pmn.cfm?ID=K240953,fda_database_entry_html,3533b612e800ce2ab4f44c0f5f9f5fd985b2fe6577f6d91744f82a0432d5a406,e2f495e67523e127f640bbf757ccd1007a7736ed2105f7ef2e9afd49c86bfb03,2026-06-30T13:49:07+00:00,success,LEGACY_SOURCE_MANIFEST
SRC01075,K240953,https://www.accessdata.fda.gov/cdrh_docs/pdf24/K240953.pdf,510k_summary_pdf,24cd1090b46c9dd7ce83411c139a79a097c7fd14cdf67eb28ca674097e27a333,8e3b26aa75eef9673aacc200be50a12e1b677d6c154274f968e81661507c3c8d,2026-06-30T13:49:12+00:00,success,LEGACY_SOURCE_MANIFEST
SRC01076,K233984,https://www.accessdata.fda.gov/scripts/cdrh/cfdocs/cfpmn/pmn.cfm?ID=K233984,fda_database_entry_html,29b1eef9ce14f3725e23947f6c79daaa5a6156b8abf98d1c8511d6d7410808a8,23da4615196581a91931caa6d214637e969f368fa7eda20e5a6b06453e10ad52,2026-06-30T13:49:15+00:00,success,LEGACY_SOURCE_MANIFEST
SRC01077,K233984,https://www.accessdata.fda.gov/cdrh_docs/pdf23/K233984.pdf,510k_summary_pdf,5862abf67e265d57e2951c332c8fc9f1718c07f3b1c9e0022dccabe534a24721,b29c7857b2bf4fc33b0ee6034d227003b111d89811ac5437c47e5b4f0790f14c,2026-06-30T13:49:20+00:00,success,LEGACY_SOURCE_MANIFEST
SRC01078,K234141,https://www.accessdata.fda.gov/scripts/cdrh/cfdocs/cfpmn/pmn.cfm?ID=K234141,fda_database_entry_html,5347e9f91b0abeb8ad6c05def8cb94488b8050a9a7646ac48af06767150cba00,98db4dffcee90255887b5475dcf405b99e4cdf9d864310e0c7bf20db6f5642aa,2026-06-30T13:49:17+00:00,success,LEGACY_SOURCE_MANIFEST
SRC01079,K234141,https://www.accessdata.fda.gov/cdrh_docs/pdf23/K234141.pdf,510k_summary_pdf,6f85d7f610b780c8c6724cd384cd59fb0f4176d62962531b6cc43180bfa40f73,659e789db190470ee508373f4fb7fbf46867372b78a4645aaac172ec6ad1373e,2026-06-30T13:49:22+00:00,success,LEGACY_SOURCE_MANIFEST
SRC01080,K233731,https://www.accessdata.fda.gov/scripts/cdrh/cfdocs/cfpmn/pmn.cfm?ID=K233731,fda_database_entry_html,8dc6db67a392bab7778ee77998a3b49c0e4735fbf6615c1d698adc281954f327,9100283d0b5651c323d808d4a8ea16f493a86c2556c2d655d732d4ef357e8395,2026-06-30T13:49:19+00:00,success,LEGACY_SOURCE_MANIFEST
SRC01081,K233731,https://www.accessdata.fda.gov/cdrh_docs/pdf23/K233731.pdf,510k_summary_pdf,e35c1d502ae76e01043cd2f57fff640cfb4fc53dbedf0592ff009cde2ab70f47,4d70c195ab1b2f2a81792ffce98da51c6d5229e4f6f8333dffd624474e3261d4,2026-06-30T13:49:20+00:00,success,LEGACY_SOURCE_MANIFEST
SRC01082,K240301,https://www.accessdata.fda.gov/scripts/cdrh/cfdocs/cfpmn/pmn.cfm?ID=K240301,fda_database_entry_html,dfb2a6b07434550c25bf2e70f6cc2055596c3cdb7c1f3435c6032f50cd46c847,a0fdf85ca4f31142add8821e6575f8cbe9e2ee45de8665b6656c694d4133e001,2026-06-30T13:49:22+00:00,success,LEGACY_SOURCE_MANIFEST
SRC01083,K240301,https://www.accessdata.fda.gov/cdrh_docs/pdf24/K240301.pdf,510k_summary_pdf,7b01a51dc6da58082886085f06f057ce5b19e80eaeabbac7445220aa32024bcb,72a66b0db76dd72fac7f9294380bfcf8d1fa13929e882e75c29a2ecf534425c0,2026-06-30T13:49:23+00:00,success,LEGACY_SOURCE_MANIFEST
SRC01084,K241887,https://www.accessdata.fda.gov/scripts/cdrh/cfdocs/cfpmn/pmn.cfm?ID=K241887,fda_database_entry_html,c8365ffdf838fc85d4673b27fd6fa2934776620d57d9e20b80e6f897f6269274,f67bcd7baaa64b704041153243bab5706f59337f4d9f11c7459ce372a41828da,2026-06-30T13:49:25+00:00,success,LEGACY_SOURCE_MANIFEST
SRC01085,K241887,https://www.accessdata.fda.gov/cdrh_docs/pdf24/K241887.pdf,510k_summary_pdf,467392be574ef9cc10d79fc733ba3e171b8223881b3d224252c7c93e6782fcba,0602205ef5e5ee6383a1876a20e9ee3c7ba973b81d3fef8caaabb16cf7ed4008,2026-06-30T13:49:26+00:00,success,LEGACY_SOURCE_MANIFEST
SRC01086,K240044,https://www.accessdata.fda.gov/scripts/cdrh/cfdocs/cfpmn/pmn.cfm?ID=K240044,fda_database_entry_html,6be863c8b99f2225fc28ad8dc7a0070cd963a524dee447191ae03aa67fa5b2c4,958e8e70e707a3a7395814da31421baa3b5550eddef785b3eae7cb591d67c597,2026-06-30T13:49:31+00:00,success,LEGACY_SOURCE_MANIFEST
SRC01087,K240044,https://www.accessdata.fda.gov/cdrh_docs/pdf24/K240044.pdf,510k_summary_pdf,f938fd11ce82d44ea79d3ccbfe195438f19a8d12470932c25222b84459a1430d,09cb1c885dc17a68edda156d09cbf171996760f561c0f2f36dae9920a111c6f0,2026-06-30T13:49:40+00:00,success,LEGACY_SOURCE_MANIFEST
SRC01088,K240704,https://www.accessdata.fda.gov/scripts/cdrh/cfdocs/cfpmn/pmn.cfm?ID=K240704,fda_database_entry_html,71a01cf743e4b47958f53ce2a00457a3328a9002ba0f9739ff69c7218cd771b2,f345af30230a228430c7ad33b41dd2b11f334302a934805f41043f2167c53082,2026-06-30T13:49:38+00:00,success,LEGACY_SOURCE_MANIFEST
SRC01089,K240704,https://www.accessdata.fda.gov/cdrh_docs/pdf24/K240704.pdf,510k_summary_pdf,c995ffc2a9b551a37fda9ac2775d645adb44199dde780059408b79443c0370c3,8313f13652febdbbd83c9dfb3a6e6d263882f43462e637ed78b9c2fa746ec5b4,2026-06-30T13:49:41+00:00,success,LEGACY_SOURCE_MANIFEST
SRC01090,K240845,https://www.accessdata.fda.gov/scripts/cdrh/cfdocs/cfpmn/pmn.cfm?ID=K240845,fda_database_entry_html,31d655e03e6c9b05b09fb3d6ba0bba7a1eb2af36d266c2b3feda1557b03ebcf8,0b741997894d664b8b930d4f4d544d1d9bd921f929a87309c9a05456c0efee66,2026-06-30T13:49:40+00:00,success,LEGACY_SOURCE_MANIFEST
SRC01091,K240845,https://www.accessdata.fda.gov/cdrh_docs/pdf24/K240845.pdf,510k_summary_pdf,5c2278fc84ec3141512c1feb634fa6f3dc223110a04197a8425ce746ded39a33,217a9ebf5181d9445ed4877868f4e8e9e77d526d2ec3b277d2bff67329d735e6,2026-06-30T13:49:45+00:00,success,LEGACY_SOURCE_MANIFEST
SRC01092,K241121,https://www.accessdata.fda.gov/scripts/cdrh/cfdocs/cfpmn/pmn.cfm?ID=K241121,fda_database_entry_html,88b6058ecd77ba2fa5c0f5a5553907a97d156cbe4e3db080fd26e8a712cd6400,ddd82e557514c7cb21c86ea5427fd1ed3bd06898a6dd9fa539536e239986aa24,2026-06-30T13:49:49+00:00,success,LEGACY_SOURCE_MANIFEST
SRC01093,K241121,https://www.accessdata.fda.gov/cdrh_docs/pdf24/K241121.pdf,510k_summary_pdf,923093f1fb8737abea3206a22a37465b9e64b59ba422758ce0ddd042c4fbd76c,c3077731f56d9a79788bde84cf71e293c838804366618ce6aa952aa163cd22ee,2026-06-30T13:49:53+00:00,success,LEGACY_SOURCE_MANIFEST
SRC01094,K240944,https://www.accessdata.fda.gov/scripts/cdrh/cfdocs/cfpmn/pmn.cfm?ID=K240944,fda_database_entry_html,f1fda8bfd86f210e38054e68cdbf3c4f08508744041cb869010364cf956cd821,db0fb9db630c289d509bc997c213287e920a846e3d74acfaea4c33e95dfbfa07,2026-06-30T13:49:52+00:00,success,LEGACY_SOURCE_MANIFEST
SRC01095,K240944,https://www.accessdata.fda.gov/cdrh_docs/pdf24/K240944.pdf,510k_summary_pdf,0abcf32b32a1610880a041f9805d5b55d31687016d432730b70daef53131a9fe,8a68c5ea8047eac179bf2ea2acb31b3084d31008638f8593fccd4635667cf96f,2026-06-30T13:50:15+00:00,success,LEGACY_SOURCE_MANIFEST
SRC01096,K240285,https://www.accessdata.fda.gov/scripts/cdrh/cfdocs/cfpmn/pmn.cfm?ID=K240285,fda_database_entry_html,badde8b70ad6a97ef0ba26a0aca4f0cf42cb6112c66600d07223df61b659a99a,30bc6284ef1347cfdeae01f41b09cb5a7a89ed2e6ef31502b56ee629195e76eb,2026-06-30T13:49:53+00:00,success,LEGACY_SOURCE_MANIFEST
SRC01097,K240285,https://www.accessdata.fda.gov/cdrh_docs/pdf24/K240285.pdf,510k_summary_pdf,f1a55b2229a2e0045ec2b14540334da5023ae94c527b783eb128199778b9846f,0a4d187b79323785957c2b09fb6ba48ec6e3a0398dee7d97a93094e94f20bfd7,2026-06-30T13:50:05+00:00,success,LEGACY_SOURCE_MANIFEST
SRC01098,K234009,https://www.accessdata.fda.gov/scripts/cdrh/cfdocs/cfpmn/pmn.cfm?ID=K234009,fda_database_entry_html,0937aeadb9723d08a9651ad8e23a13cab1405df94232ae5dfe3306dcd3cab8bf,f350feced0bd29f6464bdf41b1f7a10a9a5c9732a3274868e627629cb74d34d9,2026-06-30T13:50:21+00:00,success,LEGACY_SOURCE_MANIFEST
SRC01099,K234009,https://www.accessdata.fda.gov/cdrh_docs/pdf23/K234009.pdf,510k_summary_pdf,9cd422c0dbb7e0a48139b73135655740211a9f415e1b2b45bdad33d2b8b590e1,a1303e5da01c7eef586c9346f30e62d01deb44c4677b78ceaf298bf05714a579,2026-06-30T13:50:24+00:00,success,LEGACY_SOURCE_MANIFEST
SRC01100,K233457,https://www.accessdata.fda.gov/scripts/cdrh/cfdocs/cfpmn/pmn.cfm?ID=K233457,fda_database_entry_html,f89bfe55c0f7bb0d535b0dfcff5bdca975dde17f1a9245ea6f27d931fb818230,0815657a39c469c7011e44c173359d13f85fa66386420acaf52d0b5f44b060bd,2026-06-30T13:50:26+00:00,success,LEGACY_SOURCE_MANIFEST
SRC01101,K233457,https://www.accessdata.fda.gov/cdrh_docs/pdf23/K233457.pdf,510k_summary_pdf,2fdffd7771aea1900d81e46a251030f4beee0ddf35e6d6596040dfd0e1fc7907,d4302d2536a3fb07abac3695ecffc3327e6c0fab2777f69a043cf4191a8d5fa2,2026-06-30T13:50:32+00:00,success,LEGACY_SOURCE_MANIFEST
SRC01102,K241727,https://www.accessdata.fda.gov/scripts/cdrh/cfdocs/cfpmn/pmn.cfm?ID=K241727,fda_database_entry_html,7024539fabbdb34c43555cb53735e3dd713f048c44a744805c1e7ec97c6bc9a8,31c760aa75df756af8034c402acbd4d6fef0f0a97c08e48352c6ecde2510feef,2026-06-30T13:50:38+00:00,success,LEGACY_SOURCE_MANIFEST
SRC01103,K241727,https://www.accessdata.fda.gov/cdrh_docs/pdf24/K241727.pdf,510k_summary_pdf,1d1f12039892c759ae95592f1e36332a2bf2ebe8dbc0492d255673a5a6458404,3a8f4a919eefc2c4d309f6b562a6431bfcc5b58893f2073df6f5b752ac8f3dbb,2026-06-30T13:50:39+00:00,success,LEGACY_SOURCE_MANIFEST
SRC01104,K241329,https://www.accessdata.fda.gov/scripts/cdrh/cfdocs/cfpmn/pmn.cfm?ID=K241329,fda_database_entry_html,32400780e65ae0bc7fc942a97dfd7797f8657c8023e0c85f80bf491aaca0a2e3,900cef30f6c60b69b3fbdca33e990d9c8a08d87b667fea8e7c02b42c14f1bc75,2026-06-30T13:50:47+00:00,success,LEGACY_SOURCE_MANIFEST
SRC01105,K241329,https://www.accessdata.fda.gov/cdrh_docs/pdf24/K241329.pdf,510k_summary_pdf,08611d82f74a95acabc2e4c3a0e0720c32eeeaf9dd114c68bf79e6a43fc21879,c9ab4e4f6e78e228aa0de6bc9793b14532e9e280c7bc03ab991c3a165b27a137,2026-06-30T13:50:50+00:00,success,LEGACY_SOURCE_MANIFEST
SRC01106,K241508,https://www.accessdata.fda.gov/scripts/cdrh/cfdocs/cfpmn/pmn.cfm?ID=K241508,fda_database_entry_html,d4d832ba9293d9017fe42f9b136ebeba1386f147523c2c38d83fb550daae697a,fc076f5c03918ba56c3af04d8a12bc7c9ef1395ece888fc5ecf5bbadf66969b8,2026-06-30T13:50:51+00:00,success,LEGACY_SOURCE_MANIFEST
SRC01107,K241508,https://www.accessdata.fda.gov/cdrh_docs/pdf24/K241508.pdf,510k_summary_pdf,1795c970d0e7da1475e03639ca3b2f22b0c6547e106170aa38c0771e233879c0,e70adf56579899b4d794e7bb778eb7a2bbe9036015c7abbb365b845efc489af0,2026-06-30T13:50:53+00:00,success,LEGACY_SOURCE_MANIFEST
SRC01108,K240736,https://www.accessdata.fda.gov/scripts/cdrh/cfdocs/cfpmn/pmn.cfm?ID=K240736,fda_database_entry_html,1b22d80de08acd9029e5f4b08f4d22cc8e9ed1bd8111dd5305a63133f7e1790f,cada3aa2ae293f0a2a508d740424dd95a17b59fcf5744b4cbd94300d1649f68f,2026-06-30T13:50:57+00:00,success,LEGACY_SOURCE_MANIFEST
SRC01109,K240736,https://www.accessdata.fda.gov/cdrh_docs/pdf24/K240736.pdf,510k_summary_pdf,6c9781816c2e5a5d01207cfb60208e10a2dd061f88cf9a8743205e908584264d,d88c0417bfc4e2719209611bffa483e5f4b4636f85c51976e0b7733521222ea6,2026-06-30T13:50:59+00:00,success,LEGACY_SOURCE_MANIFEST
SRC01110,K240555,https://www.accessdata.fda.gov/scripts/cdrh/cfdocs/cfpmn/pmn.cfm?ID=K240555,fda_database_entry_html,c6d58229a74dc315cc0169e2c7e60d7ef5d7420dd3772f5f5cca57e2e755a59d,3f0a0eebfc34d08cd9a83789017c7df420cc1af2f5ba1d91752d9f81b11a479e,2026-06-30T13:51:06+00:00,success,LEGACY_SOURCE_MANIFEST
SRC01111,K240555,https://www.accessdata.fda.gov/cdrh_docs/pdf24/K240555.pdf,510k_summary_pdf,b7ccd7ef0f10d1e30a6877ae294ec882d8ff7bee744a8aa86d90bcba5b9ad928,f1532c9b0eaeb3b9a1cbdc77b0e322f1a669cc080ef3665ec9c13b7d7cb5985b,2026-06-30T13:51:13+00:00,success,LEGACY_SOURCE_MANIFEST
SRC01112,K240353,https://www.accessdata.fda.gov/scripts/cdrh/cfdocs/cfpmn/pmn.cfm?ID=K240353,fda_database_entry_html,3150cc5e9d772afe448682a8d926305eb3273a2dc67f5f10a6a4fce43eb1e8d3,e4b0e6196c23fbe2a05e4c859863c468d2ca2ee63888f66ca0ed53f62d969f43,2026-06-30T13:51:15+00:00,success,LEGACY_SOURCE_MANIFEST
SRC01113,K240353,https://www.accessdata.fda.gov/cdrh_docs/pdf24/K240353.pdf,510k_summary_pdf,9a1c91bb54f873a8352b60bb4424daa66c817a3e7d034efb708a4ad239cab5f4,cffcc92486201e3fd5511b727f24bccc724ebec0b1956a40e4d49dabd6d93567,2026-06-30T13:51:32+00:00,success,LEGACY_SOURCE_MANIFEST
SRC01114,K240582,https://www.accessdata.fda.gov/scripts/cdrh/cfdocs/cfpmn/pmn.cfm?ID=K240582,fda_database_entry_html,764d2b4a662ad88144e4a30b51ad29ec060928285de7e78f01ede55c4040b13d,8b843acb2c5a3abe3e00fe0a2f63264147f381e54af361efd9100ce483ffcada,2026-06-30T13:51:22+00:00,success,LEGACY_SOURCE_MANIFEST
SRC01115,K240582,https://www.accessdata.fda.gov/cdrh_docs/pdf24/K240582.pdf,510k_summary_pdf,3829c80fabd0a3690738fa876b4b2d70fc5fd681da251da7f3fd5accb97e61c6,f052dfac800fb7e52ad38da11c05494e2b05d8c82ae4cf99d5d4fe8b9861bccb,2026-06-30T13:51:25+00:00,success,LEGACY_SOURCE_MANIFEST
SRC01116,K233253,https://www.accessdata.fda.gov/scripts/cdrh/cfdocs/cfpmn/pmn.cfm?ID=K233253,fda_database_entry_html,45b538e0c68f26ed0af2b8e273d249878db39d3b1f7197f6f40efdc572e1f4d2,6bee580244d39434f70167bb2d07095e0a115064fbc2dd0fc206167863413859,2026-06-30T13:51:30+00:00,success,LEGACY_SOURCE_MANIFEST
SRC01117,K233253,https://www.accessdata.fda.gov/cdrh_docs/pdf23/K233253.pdf,510k_summary_pdf,816ae558c5810222210d2cafa592f508fd56cda143c9daef53fb2f47bba19e86,b00784e748ed486755191cbb16acbe99f140a46576a22a01b26b2de810fa1196,2026-06-30T13:51:33+00:00,success,LEGACY_SOURCE_MANIFEST
SRC01118,K240631,https://www.accessdata.fda.gov/scripts/cdrh/cfdocs/cfpmn/pmn.cfm?ID=K240631,fda_database_entry_html,84f5b8632c7e9bb45f7975bc03a137824dabcfa2251f14b3ec05b2c9a441164d,1af7d67d23d47b5caca09efdb929624a5f6216522dabbd93d28786c87f06eaf2,2026-06-30T13:51:41+00:00,success,LEGACY_SOURCE_MANIFEST
SRC01119,K240631,https://www.accessdata.fda.gov/cdrh_docs/pdf24/K240631.pdf,510k_summary_pdf,a3be0284027d178212dd25ad0c5f750c69a6f78c5a658011e5a3b95b041c5b83,2c37ba0aada38eb68cb3560042d1c6f74a9e23fe25e05d77d0461c2e2ceef524,2026-06-30T13:51:53+00:00,success,LEGACY_SOURCE_MANIFEST
SRC01120,K240465,https://www.accessdata.fda.gov/scripts/cdrh/cfdocs/cfpmn/pmn.cfm?ID=K240465,fda_database_entry_html,213c384cbce6ef25ce134f97f1566fbda8d3179b89d555eac59be7987951d652,9111c1aeec66f3047406ea309a5137cb406ce35716ca655fa209009df0e1f3cb,2026-06-30T13:51:45+00:00,success,LEGACY_SOURCE_MANIFEST
SRC01121,K240465,https://www.accessdata.fda.gov/cdrh_docs/pdf24/K240465.pdf,510k_summary_pdf,9a66a75baa80d98f549c6b22027ce03300c2315588e1bf3571de79f05e73fdf8,13e5678e474da6e2d507f80a3b66a8e76e131d2b352dc0e6b8df08f341e28bec,2026-06-30T13:52:20+00:00,success,LEGACY_SOURCE_MANIFEST
SRC01122,K233196,https://www.accessdata.fda.gov/scripts/cdrh/cfdocs/cfpmn/pmn.cfm?ID=K233196,fda_database_entry_html,59b8fac55e1f7008e602f065a5731efc2aa087bbd3d4922e1ffe53bfab1d0669,5e2739afd61994682dfb0575dbf5f1abf1105a85d3fb7c484cbb0a3f1c9c164b,2026-06-30T13:51:54+00:00,success,LEGACY_SOURCE_MANIFEST
SRC01123,K233196,https://www.accessdata.fda.gov/cdrh_docs/pdf23/K233196.pdf,510k_summary_pdf,35bf298bb01fbf1eb41f117696d14797cfa4fbf986422e676286e47ca7669ff4,b26599bc328caf0f99eb5e7806e844b5ddf3b27881629bff8ad49c22dafdba86,2026-06-30T13:51:56+00:00,success,LEGACY_SOURCE_MANIFEST
SRC01124,K233549,https://www.accessdata.fda.gov/scripts/cdrh/cfdocs/cfpmn/pmn.cfm?ID=K233549,fda_database_entry_html,6b4c774830c0d60092ba2cfdfa7b009a5d799315e4bfc2eae9e0525bed79952a,bf96c12ed133a560015520942bfc97264ad3b477115b78a20c5ec416ee9b3dbe,2026-06-30T13:52:06+00:00,success,LEGACY_SOURCE_MANIFEST
SRC01125,K233549,https://www.accessdata.fda.gov/cdrh_docs/pdf23/K233549.pdf,510k_summary_pdf,bc4ec98d7ad83526b2536cbe078cfeb8d168fd22b1b811fc501c3a5f848fa1a4,1bc86d183d21ac401151e497509774910abebfe9ae6d61bfb172b7f19920ebd8,2026-06-30T13:52:18+00:00,success,LEGACY_SOURCE_MANIFEST
SRC01126,K240642,https://www.accessdata.fda.gov/scripts/cdrh/cfdocs/cfpmn/pmn.cfm?ID=K240642,fda_database_entry_html,461e26972a81b24aec1aa870397cc64e7e66230b7633458737a6b22dc907f370,ccfba754ea59915dcf621d3e86bcdb423e3457307ba5808ce92752f4b02fdefa,2026-06-30T13:52:20+00:00,success,LEGACY_SOURCE_MANIFEST
SRC01127,K240642,https://www.accessdata.fda.gov/cdrh_docs/pdf24/K240642.pdf,510k_summary_pdf,45ffd0221032e65097bd7a72febfbadc9e654e5a5b19630526e9b27d61c1fa8a,4b0340ae5c562dc4b562a251b5b06ba6915f427c942bc680d057b790bc711e38,2026-06-30T13:52:28+00:00,success,LEGACY_SOURCE_MANIFEST
SRC01128,K241083,https://www.accessdata.fda.gov/scripts/cdrh/cfdocs/cfpmn/pmn.cfm?ID=K241083,fda_database_entry_html,1f096613a16bc8e1ce6ab9a9ff7ad2be5bccbb88292aa84b7c37d459ddbfb1e0,106e494431eed49c5e9dcd00e2686a2b7f9a373e8073264e0aa339d9385c318d,2026-06-30T13:52:27+00:00,success,LEGACY_SOURCE_MANIFEST
SRC01129,K241083,https://www.accessdata.fda.gov/cdrh_docs/pdf24/K241083.pdf,510k_summary_pdf,63f7215b5bacedee5b5cb06444266c81900b7d51beff1d6b6e5466c823ec7b64,24a2e09f89a29ede57b36c3ec381a74d8c1ea7fbf981c84ad934505cb70753cb,2026-06-30T13:52:29+00:00,success,LEGACY_SOURCE_MANIFEST
SRC01130,K233955,https://www.accessdata.fda.gov/scripts/cdrh/cfdocs/cfpmn/pmn.cfm?ID=K233955,fda_database_entry_html,134c7425796de2935043b4731fefe885cd32f0bb2dd5f6e2e537110c1c4aa50a,9ac4619a1152869331a6c9f39cd5aae90564996a255aab7fec4c25e53a6fc066,2026-06-30T13:52:34+00:00,success,LEGACY_SOURCE_MANIFEST
SRC01131,K233955,https://www.accessdata.fda.gov/cdrh_docs/pdf23/K233955.pdf,510k_summary_pdf,19d43a199050752652f427429a09f473b808963de882f751cf72d09c87156102,3501136119213925c58ff1b85acb30af8101c7bc98dce12eac374f31249a6202,2026-06-30T13:52:35+00:00,success,LEGACY_SOURCE_MANIFEST
SRC01132,K233662,https://www.accessdata.fda.gov/scripts/cdrh/cfdocs/cfpmn/pmn.cfm?ID=K233662,fda_database_entry_html,4e160c20ac4d90393ba4abda6e58ccdaeb769dd69dfbc89fc0d429c77182259b,32a862b6e206e7fc1aab11732e09068608f714a2b8cd697e58dedf047cccf14e,2026-06-30T13:52:41+00:00,success,LEGACY_SOURCE_MANIFEST
SRC01133,K233662,https://www.accessdata.fda.gov/cdrh_docs/pdf23/K233662.pdf,510k_summary_pdf,42134f344e7c904327fb54d4a7ebbe43173af4d7e709dd55d5431b2b862c2bc8,,2026-06-30T13:52:49+00:00,success,LEGACY_SOURCE_MANIFEST
SRC01134,K233925,https://www.accessdata.fda.gov/scripts/cdrh/cfdocs/cfpmn/pmn.cfm?ID=K233925,fda_database_entry_html,0109ac1312d4f17b71408ac0673d6f4e22df05722b369c559bf3fedf27ac8f95,37cef8e817ef663e71fff2d3a08690b1a95109ff640647f3e52b06cb389aecd0,2026-06-30T13:52:44+00:00,success,LEGACY_SOURCE_MANIFEST
SRC01135,K233925,https://www.accessdata.fda.gov/cdrh_docs/pdf23/K233925.pdf,510k_summary_pdf,bf601ec5387da9a8ccc20c5e9c85ce0931b6bae0eba32dd9d23064455813a7a0,fefde7d72b79ed0e4b31d06d7aadb52979884ef9660d6b9dbf770d5ac18949d9,2026-06-30T13:52:46+00:00,success,LEGACY_SOURCE_MANIFEST
SRC01136,K240516,https://www.accessdata.fda.gov/scripts/cdrh/cfdocs/cfpmn/pmn.cfm?ID=K240516,fda_database_entry_html,587737c36bbb6969a9a342ad08496ca0e469a959c45242a6dcd8980a95497f99,1958d99ecb42e2ef948702b025fe9532ab3bff3c3dccf3282e2de3dffe4410c5,2026-06-30T13:52:51+00:00,success,LEGACY_SOURCE_MANIFEST
SRC01137,K240516,https://www.accessdata.fda.gov/cdrh_docs/pdf24/K240516.pdf,510k_summary_pdf,4ed33ee3fd68cfefb9637001e8ce562036032f4e7eb6188c916f4079fb7ebe59,2d4ebf238c305c4e0b05bf866a528d73b763ee81d069cfef7887a37a114ef3f3,2026-06-30T13:52:53+00:00,success,LEGACY_SOURCE_MANIFEST
SRC01138,K232035,https://www.accessdata.fda.gov/scripts/cdrh/cfdocs/cfpmn/pmn.cfm?ID=K232035,fda_database_entry_html,e07fbfa5833bb2695a20037424bf24cba5602e847da8b0e846eafee7a13ef7c9,ee1eaa282b8320cbade8d5f8074ec4b5b805e24b9ff7e079d24388a019d8864b,2026-06-30T13:52:53+00:00,success,LEGACY_SOURCE_MANIFEST
SRC01139,K232035,https://www.accessdata.fda.gov/cdrh_docs/pdf23/K232035.pdf,510k_summary_pdf,4e2e138ea70ba87d6bb113a91f90a8b6e68a77b253196786121c910fb2249a64,8e06483727d598b5f1fecaa58adc70e6b03a7b3d496a3d4a3d0b3483a20f8131,2026-06-30T13:52:58+00:00,success,LEGACY_SOURCE_MANIFEST
SRC01140,K231010,https://www.accessdata.fda.gov/scripts/cdrh/cfdocs/cfpmn/pmn.cfm?ID=K231010,fda_database_entry_html,094dbc6ae201f1021a189e67f6bc57283170b57b5cb8082104a6e0037955ecf4,addfb6f6a52cb8609e698be6be4ba44d5ec1d8713abc4dfabeab9f93553e9918,2026-06-30T13:52:57+00:00,success,LEGACY_SOURCE_MANIFEST
SRC01141,K231010,https://www.accessdata.fda.gov/cdrh_docs/pdf23/K231010.pdf,510k_summary_pdf,45a189c6a22c793e18f0edae8cac01b6d5464706c78055cc44e9f9ef51e5409e,1813d877daa0bbda229a88ef450abcb06e35cc3b93597b78b453a267c030ae99,2026-06-30T13:53:00+00:00,success,LEGACY_SOURCE_MANIFEST
SRC01142,K241038,https://www.accessdata.fda.gov/scripts/cdrh/cfdocs/cfpmn/pmn.cfm?ID=K241038,fda_database_entry_html,a5175a3a97732f2b693abfe7dcdafd4b79f524ebd75ab652c3946339ea7b5f17,51ac2a9960ecc373a764d0e9213b5abab5203487ab1153a10d31ef350c5ecefa,2026-06-30T13:53:05+00:00,success,LEGACY_SOURCE_MANIFEST
SRC01143,K241038,https://www.accessdata.fda.gov/cdrh_docs/pdf24/K241038.pdf,510k_summary_pdf,98d85c756aff38817e9427fcf121cb8339c2ac51aa0dce69bbbc7aca57469f64,426e375ba6e56f542670522ed11e878a70ed4624f3d1f34d59410ba2ab2abe43,2026-06-30T13:53:06+00:00,success,LEGACY_SOURCE_MANIFEST
SRC01144,K234042,https://www.accessdata.fda.gov/scripts/cdrh/cfdocs/cfpmn/pmn.cfm?ID=K234042,fda_database_entry_html,b6119834971a029f1d3b638cbbc67e3d209a5dc954d3e22087961fbb6d83833f,4c6b09ed172fb984c023515de0edc33a0247858431d80651f28d210a19e6e96b,2026-06-30T13:53:11+00:00,success,LEGACY_SOURCE_MANIFEST
SRC01145,K234042,https://www.accessdata.fda.gov/cdrh_docs/pdf23/K234042.pdf,510k_summary_pdf,aa78628e8beace426b70a5b94cfed6d9d6d4e9f9d4569c209a3a0e4a99db8429,004d2bc2df81f339e885545d37558f2926f94783dbaf2e94c34a6242882ab06e,2026-06-30T13:53:14+00:00,success,LEGACY_SOURCE_MANIFEST
SRC01146,K240612,https://www.accessdata.fda.gov/scripts/cdrh/cfdocs/cfpmn/pmn.cfm?ID=K240612,fda_database_entry_html,4885b86983e2e3101731590e4f9b3940427699663f3be2de03befb2638e70c5b,579bc2acc8027103539168da2eef430a921acdceb6886979af10177c1ce83e67,2026-06-30T13:53:18+00:00,success,LEGACY_SOURCE_MANIFEST
SRC01147,K240612,https://www.accessdata.fda.gov/cdrh_docs/pdf24/K240612.pdf,510k_summary_pdf,a84da967001f2eeb2774c08c564e621dda357b3b85f9ff548ba455e00bf0b108,3d2541f0a07fe452f4aa626020d338e56043e973e50f5385606f49b0a131b808,2026-06-30T13:53:21+00:00,success,LEGACY_SOURCE_MANIFEST
SRC01148,K234154,https://www.accessdata.fda.gov/scripts/cdrh/cfdocs/cfpmn/pmn.cfm?ID=K234154,fda_database_entry_html,7982d2fd97ee2aff780119e45f4a6eef22c530dac239a9ee60bbe195320d3b47,968f571f1c2b231e1ca6c29fba4cbae112bdc41588cda5a636904eea64a23a69,2026-06-30T13:53:19+00:00,success,LEGACY_SOURCE_MANIFEST
SRC01149,K234154,https://www.accessdata.fda.gov/cdrh_docs/pdf23/K234154.pdf,510k_summary_pdf,f5f4b1cd845a588ce241f3d5a853381d289cec0240fa8f685482bf03dc6eaf50,bbccae2282d5b5343febb2915401617c7c02a463927b92d69006f4973a49a46b,2026-06-30T13:53:20+00:00,success,LEGACY_SOURCE_MANIFEST
SRC01150,K240769,https://www.accessdata.fda.gov/scripts/cdrh/cfdocs/cfpmn/pmn.cfm?ID=K240769,fda_database_entry_html,33192c97f12a9e6a80c43ef1c44e2e298cec3af6501332bd359dac54053e4aa9,24dfb93e5994e160e896c691d9a131d5f5eae321d7a222b9951c95a4a88d106c,2026-06-30T13:53:19+00:00,success,LEGACY_SOURCE_MANIFEST
SRC01151,K240769,https://www.accessdata.fda.gov/cdrh_docs/pdf24/K240769.pdf,510k_summary_pdf,455922064564bfbaa5f1319b9ba0d16e9da8aef0896a06960fd5e248a48ae97b,2f8f1c731f230b7db6b8b874b58d25d8292ce5bc3a894aa0ade7230c2d1003db,2026-06-30T13:53:33+00:00,success,LEGACY_SOURCE_MANIFEST
SRC01152,K240294,https://www.accessdata.fda.gov/scripts/cdrh/cfdocs/cfpmn/pmn.cfm?ID=K240294,fda_database_entry_html,871753cf47a2ea7bf1cb1d14bdba7ac738b9136b972e891223ba44c212134db9,c2767dfa162125b789ee9c884b1eaf1aa8c7d08a1b5da43d2e5dd3996ad6524e,2026-06-30T13:53:31+00:00,success,LEGACY_SOURCE_MANIFEST
SRC01153,K240294,https://www.accessdata.fda.gov/cdrh_docs/pdf24/K240294.pdf,510k_summary_pdf,0f5842b80a8a455cba6bb78e5a8479dbfafee58da7d4c21dd7a24b6807cbdf3c,9067970450bd218939b1e3b4302bb6830feb51cc78d77ec7e963f832e07beef1,2026-06-30T13:53:33+00:00,success,LEGACY_SOURCE_MANIFEST
SRC01154,K233108,https://www.accessdata.fda.gov/scripts/cdrh/cfdocs/cfpmn/pmn.cfm?ID=K233108,fda_database_entry_html,ae892b3a68e3635ccdb40c8c9d7c615274ffb9460db5c3a1e61790310ed9db7a,589a1faed00f1a24ceda258705ddd0f49a50fe9c770558ea6a3800d382bf116b,2026-06-30T13:53:33+00:00,success,LEGACY_SOURCE_MANIFEST
SRC01155,K233108,https://www.accessdata.fda.gov/cdrh_docs/pdf23/K233108.pdf,510k_summary_pdf,18dc68d37d1d29c6a3984f9f9597494c6411f143ad423b05aab196af7de8423c,b290ee05500534ddc7c306dfcc8bf3bca0da491e40aa25f87b45694cad053d02,2026-06-30T13:53:35+00:00,success,LEGACY_SOURCE_MANIFEST
SRC01156,K233543,https://www.accessdata.fda.gov/scripts/cdrh/cfdocs/cfpmn/pmn.cfm?ID=K233543,fda_database_entry_html,9d47966110db9c6ea69cdc03a090e4dcbbd3a4303db1bac0b2c4e233e40e7898,b4482a4953cef1db3d6ca04fa3d4e65eff115f12d6b660252b10b3fd1f9f4411,2026-06-30T13:53:41+00:00,success,LEGACY_SOURCE_MANIFEST
SRC01157,K233543,https://www.accessdata.fda.gov/cdrh_docs/pdf23/K233543.pdf,510k_summary_pdf,5f4089d1d68cb4316f5610c1fc7820d70428e58b801921dac62b45220ecd7671,df7d1f050a90d9d53b6f5fc3db88f5c5fb82eb4ca351aad28b984e8fa54b8009,2026-06-30T13:53:44+00:00,success,LEGACY_SOURCE_MANIFEST
SRC01158,DEN230035,https://www.accessdata.fda.gov/scripts/cdrh/cfdocs/cfpmn/denovo.cfm?ID=DEN230035,fda_database_entry_html,2966de665911ac0e795269d9f4a6522d629af9d23b506b3b324cf05dea8f64dd,061b2514d9c4111b3739999b4174f5a6faa23329129080cb647a09a054f37562,2026-06-30T13:53:53+00:00,success,LEGACY_SOURCE_MANIFEST
SRC01159,DEN230035,https://www.accessdata.fda.gov/cdrh_docs/pdf23/DEN230035.pdf,approval_order_pdf,61bc0d0ae16710d96ab0f26eaaf1013488513062d40afdd0ae266534afdac34e,d70c3d77ad89d8d144898fe5f96502b0319a0ecdf44205e9f02a1689cb302d16,2026-06-30T13:54:46+00:00,success,LEGACY_SOURCE_MANIFEST
SRC01160,DEN230035,http://www.accessdata.fda.gov/cdrh_docs/reviews/DEN230035.pdf,de_novo_summary_pdf,b41ccd24876c345cfc8d4683a9fbd8f88309a8f515febf042583bb9a057b988f,7563767cfb412ad649e6225c7f3f15edba333bb61a42da0e14e1dac61caae3f8,2026-06-30T13:54:50+00:00,success,LEGACY_SOURCE_MANIFEST
SRC01161,K233209,https://www.accessdata.fda.gov/scripts/cdrh/cfdocs/cfpmn/pmn.cfm?ID=K233209,fda_database_entry_html,fe3bea3bc1ed054d91aa5be63e893de2a5ee698a56d2b74b7ef1a37194e05ff1,a331c2517285174daecc9fd421eb1ef573eb403231e0068dace5362a62c66fb4,2026-06-30T13:53:56+00:00,success,LEGACY_SOURCE_MANIFEST
SRC01162,K233209,https://www.accessdata.fda.gov/cdrh_docs/pdf23/K233209.pdf,510k_summary_pdf,1346c85892557d402ecdffa167cf3b2d72849240fb8ec652cfcb1518ecc20c0f,24b57bba5de449bc966db3308df3d647a102743f8b2a9876a7ecab08b080bd82,2026-06-30T13:53:57+00:00,success,LEGACY_SOURCE_MANIFEST
SRC01163,K233625,https://www.accessdata.fda.gov/scripts/cdrh/cfdocs/cfpmn/pmn.cfm?ID=K233625,fda_database_entry_html,06a9bbeb974e5ef0db27dec3c315a58c64374aee78c9f519df08b175acb2355b,68715150d8993ce29a706a49705d52156ffaa9600bf2702d2acd7c8d45d2cda0,2026-06-30T13:54:00+00:00,success,LEGACY_SOURCE_MANIFEST
SRC01164,K233625,https://www.accessdata.fda.gov/cdrh_docs/pdf23/K233625.pdf,510k_summary_pdf,ed74f501186725581d0ecce145ad9dc80cfdc4b065ebde4872b220148e6cf95b,b1033f947b79ac87f7da6819d8b1abad9669a1b02ade72f6614e2bdb94de3001,2026-06-30T13:54:06+00:00,success,LEGACY_SOURCE_MANIFEST
SRC01165,K233247,https://www.accessdata.fda.gov/scripts/cdrh/cfdocs/cfpmn/pmn.cfm?ID=K233247,fda_database_entry_html,cac02d6e10f7084d090bd9476582ba4a0cfa702a76fc0c95decf2cca4610cb21,7942bb4e964f7403c8f87c9a9ed522be3d746d087e96e65ade39d803503ac4a9,2026-06-30T13:54:05+00:00,success,LEGACY_SOURCE_MANIFEST
SRC01166,K233247,https://www.accessdata.fda.gov/cdrh_docs/pdf23/K233247.pdf,510k_summary_pdf,06259a7ce9e9265f9ec1e4e0e2cbd763e6a9883a687a34fed496bdd88ed5a40f,1d50df6780554e7af1b4244587ea3d4bcbf54c3d43bd1981a7a1fb0bd615ba74,2026-06-30T13:54:12+00:00,success,LEGACY_SOURCE_MANIFEST
SRC01167,K241112,https://www.accessdata.fda.gov/scripts/cdrh/cfdocs/cfpmn/pmn.cfm?ID=K241112,fda_database_entry_html,b026e83c2f3053851dd0300fec539dd555db01f022589366518141b15c36796f,0899ef4d111e7ef1f5f019a6ad718e22d87f7aa31281b2524a19b96f2f5c3a23,2026-06-30T13:54:11+00:00,success,LEGACY_SOURCE_MANIFEST
SRC01168,K241112,https://www.accessdata.fda.gov/cdrh_docs/pdf24/K241112.pdf,510k_summary_pdf,fa8c2c1b3efe13b5382dd6ad2d2b091a324a673ca461a97253cae7cd6d504dce,4d37bb62e079e4dc836878fe97f1a32bdffb0ece3dd79610321f0e4e67be3c76,2026-06-30T13:54:14+00:00,success,LEGACY_SOURCE_MANIFEST
SRC01169,DEN230043,https://www.accessdata.fda.gov/scripts/cdrh/cfdocs/cfpmn/denovo.cfm?ID=DEN230043,fda_database_entry_html,dfa8cc691fefb5135c0e71f6a221ad5eb7933986d9b78f4bfe79f570e34ebc0b,07ea72bf520e58348aae34fdfa825bb4750932a6351a0fb3a6470ddf202bfcfb,2026-06-30T13:54:16+00:00,success,LEGACY_SOURCE_MANIFEST
SRC01170,DEN230043,https://www.accessdata.fda.gov/cdrh_docs/pdf23/DEN230043.pdf,approval_order_pdf,b53b30de8333d783b0bd5bb0ac10f978a4b3d2a3debc8fb36839bee955f24b3f,5e0bc98bd91e719c9c3051fe1fa5bf6413b4dc27ff1fb8c29c6ea832873c155a,2026-06-30T13:54:18+00:00,success,LEGACY_SOURCE_MANIFEST
SRC01171,DEN230043,http://www.accessdata.fda.gov/cdrh_docs/reviews/DEN230043.pdf,de_novo_summary_pdf,1a41f22ab0f4ad454fdb3b6bb61fcb9a2902424d8e31538674b0df827ecf1a8d,86375528ae83d57113550f795193b4a8d0ca39b8f2a62212f033e2e0534b2ab6,2026-06-30T13:54:22+00:00,success,LEGACY_SOURCE_MANIFEST
SRC01172,K232410,https://www.accessdata.fda.gov/scripts/cdrh/cfdocs/cfpmn/pmn.cfm?ID=K232410,fda_database_entry_html,e6a641e2fff91d45b7291e808d355efddaa7bed4b45214d9857f03038c479972,a4a66538669b6d739a3ab045675cb611e2d4ffea773f468673ade13d43411dcc,2026-06-30T13:54:18+00:00,success,LEGACY_SOURCE_MANIFEST
SRC01173,K232410,https://www.accessdata.fda.gov/cdrh_docs/pdf23/K232410.pdf,510k_summary_pdf,a92e78201c64db026ef267eb2ca9a0f6a2f6db88d3683feded5b809c85849d90,08e74f3aed39c9b9f2c539cda105c18a5d14a144e20adcfb3694d10b55c2fedd,2026-06-30T13:54:28+00:00,success,LEGACY_SOURCE_MANIFEST
SRC01174,K233864,https://www.accessdata.fda.gov/scripts/cdrh/cfdocs/cfpmn/pmn.cfm?ID=K233864,fda_database_entry_html,92510c4f71331218a20e41e471d32c2fceccdc11571f0c036dd0cf090d513ec7,2f7f912c3a839e1ec8aa0febddd07b26e7b1b636bef9f9d8a21c1aa212959951,2026-06-30T13:54:18+00:00,success,LEGACY_SOURCE_MANIFEST
SRC01175,K233864,https://www.accessdata.fda.gov/cdrh_docs/pdf23/K233864.pdf,510k_summary_pdf,ac9464654e398a8683a2615027d540ce27f82d81e271a9a18bc2043a9a82d170,f6b393ec87dd7161b08e43c10062f5e55b9abb21c86a31dc2b46de0c60b7441f,2026-06-30T13:54:28+00:00,success,LEGACY_SOURCE_MANIFEST
SRC01176,K232928,https://www.accessdata.fda.gov/scripts/cdrh/cfdocs/cfpmn/pmn.cfm?ID=K232928,fda_database_entry_html,e205ffd522f4e5073a24c854ebe77a414bc4ef129f471cef5a5be9eb163d75eb,4a91aa22582ca4ee5cd68758fdebc1dc930ca86a26f9e519e648c2cba390c09b,2026-06-30T13:54:37+00:00,success,LEGACY_SOURCE_MANIFEST
SRC01177,K232928,https://www.accessdata.fda.gov/cdrh_docs/pdf23/K232928.pdf,510k_summary_pdf,7489b37d12083f6d51e4bbfebe8dd5b9bccd8f4d70de938a40e43403c97df8e9,548af53e0c6713fb3de367c8dfaaec332d6f758b2d249dcd6db43bc616da3d58,2026-06-30T13:54:38+00:00,success,LEGACY_SOURCE_MANIFEST
SRC01178,K233687,https://www.accessdata.fda.gov/scripts/cdrh/cfdocs/cfpmn/pmn.cfm?ID=K233687,fda_database_entry_html,fc7edc61ecffad81dc8d44616eafb4590c42e3b1dec326d3b5cc73d31e82ad69,c592910273d65016d30198a32259dd03dd6c0e87b2271a078a27fead6dc4fdc8,2026-06-30T13:54:42+00:00,success,LEGACY_SOURCE_MANIFEST
SRC01179,K233687,https://www.accessdata.fda.gov/cdrh_docs/pdf23/K233687.pdf,510k_summary_pdf,d5db98982d618aabefeee548065af68add019eeb6584456a9c3eb7f14fb92da5,32b923ec5e91fb532a6dd58ac81985cc00c3418d9aca88d5e1585d21056ee4ef,2026-06-30T13:54:43+00:00,success,LEGACY_SOURCE_MANIFEST
SRC01180,K232416,https://www.accessdata.fda.gov/scripts/cdrh/cfdocs/cfpmn/pmn.cfm?ID=K232416,fda_database_entry_html,25929b9a38c8728576d9dad0eb7a10ecb917347fc9a3efe2df31b035ded676a9,98907b797e4a31f0f96174b7c382d3d8f51827e2d8dcc94e6f1b6ded396b8084,2026-06-30T13:54:45+00:00,success,LEGACY_SOURCE_MANIFEST
SRC01181,K232416,https://www.accessdata.fda.gov/cdrh_docs/pdf23/K232416.pdf,510k_summary_pdf,80b3568970c2b22d6e72211883f9811aa1d2a2952f6b4db401d8fd8ed9698b5d,c0e51ef8d0caf0c5092e4fc5b01c9a93e88c9983701400a8d77a35b6cfd2c7e6,2026-06-30T13:54:52+00:00,success,LEGACY_SOURCE_MANIFEST
SRC01182,K232491,https://www.accessdata.fda.gov/scripts/cdrh/cfdocs/cfpmn/pmn.cfm?ID=K232491,fda_database_entry_html,9b866ff3d08c7fd327d19dcd3847d387618484d7fdcf6bfe5f046b3f3484d600,c5e61898f0211d2b1c2e4c9dd6667b75cace8fc08e3e9a83303f6e3ab19d362e,2026-06-30T13:54:53+00:00,success,LEGACY_SOURCE_MANIFEST
SRC01183,K232491,https://www.accessdata.fda.gov/cdrh_docs/pdf23/K232491.pdf,510k_summary_pdf,ceaab06dd598e2a05b51264dbe9559fe0a2c99cb142550d6988eb1312145b94e,ab41ddb61f61d2c590a6aa4827d609c7a9b12f3c399474a7abd4e1a7754fd4cf,2026-06-30T13:54:58+00:00,success,LEGACY_SOURCE_MANIFEST
SRC01184,K232923,https://www.accessdata.fda.gov/scripts/cdrh/cfdocs/cfpmn/pmn.cfm?ID=K232923,fda_database_entry_html,c26255f829ee1d68a1f6a2d894af87cdf7d82e97456996fc4ce0b8b73791477d,e8e5466b5adb486064780c909561f84b713a9ca3f0ee6e791d987e659a764cc3,2026-06-30T13:55:12+00:00,success,LEGACY_SOURCE_MANIFEST
SRC01185,K232923,https://www.accessdata.fda.gov/cdrh_docs/pdf23/K232923.pdf,510k_summary_pdf,eba0aa41aad7ccde26313c44e9dd29bf68564ca9f3275c36b1beffac933dc2bc,7e213a30162c303932dd32530d2501680b6031316d9ea800ec29c61af211fa06,2026-06-30T13:55:18+00:00,success,LEGACY_SOURCE_MANIFEST
SRC01186,K240062,https://www.accessdata.fda.gov/scripts/cdrh/cfdocs/cfpmn/pmn.cfm?ID=K240062,fda_database_entry_html,ee9387b3e6a0c0f0cc4c925e7b1fa88e247343154c58c796d02db1d35f4b50dd,bdd937b5a22a19b1758c5dcf9f3375d30fcd58c927a134fd6e61c6bb63a98619,2026-06-30T13:55:27+00:00,success,LEGACY_SOURCE_MANIFEST
SRC01187,K240062,https://www.accessdata.fda.gov/cdrh_docs/pdf24/K240062.pdf,510k_summary_pdf,fda2acd80d8903f7052a224b5656a42f2048a37c1836ba4fa878e0150232bb26,1543a69c6a58f641272e82a2fbcbfba2ca7ab43f927ad8cd025e0e4f98089d96,2026-06-30T13:55:28+00:00,success,LEGACY_SOURCE_MANIFEST
SRC01188,K232799,https://www.accessdata.fda.gov/scripts/cdrh/cfdocs/cfpmn/pmn.cfm?ID=K232799,fda_database_entry_html,6450a6c5fb0761d96119c6ac956b09d05617332f6be2c3135e1ddb70e8d697bc,d36e4aafcd95766e740d00b54e6689c45db9c252a4d2cd3458e3f00f562406e5,2026-06-30T13:55:34+00:00,success,LEGACY_SOURCE_MANIFEST
SRC01189,K232799,https://www.accessdata.fda.gov/cdrh_docs/pdf23/K232799.pdf,510k_summary_pdf,139b9f8ce0bce18ef1125d92a05c1bf674a4fb3fb6beda49c77f1136cfee82ba,af7230b98c7b208355b35358a549c265df0b22127a510f28bd164b09b061b1b9,2026-06-30T13:55:37+00:00,success,LEGACY_SOURCE_MANIFEST
SRC01190,K240406,https://www.accessdata.fda.gov/scripts/cdrh/cfdocs/cfpmn/pmn.cfm?ID=K240406,fda_database_entry_html,83c75ae76baf9658c7a06a4397479a1927fe2b03c560199ad191740ce0a41562,4cb6a0183bbaf9b2d31d65cfcf1c0801d7b2f2d2b96e9f9bb93571cc1a257034,2026-06-30T13:55:36+00:00,success,LEGACY_SOURCE_MANIFEST
SRC01191,K240406,https://www.accessdata.fda.gov/cdrh_docs/pdf24/K240406.pdf,510k_summary_pdf,b00d33a3a8f12fc67e9d036b39460b2c6f9b6239f6b90cc350e967ced4d006a6,cd12be07d0eac837062bd3137f693c4ea60e5100308a9056db2bfcc75f488443,2026-06-30T13:55:39+00:00,success,LEGACY_SOURCE_MANIFEST
SRC01192,K233673,https://www.accessdata.fda.gov/scripts/cdrh/cfdocs/cfpmn/pmn.cfm?ID=K233673,fda_database_entry_html,2d6690538afdadf2ad37d531b8eef9b31aa56ea1bdf2da0a8a50ea0803922fbd,650e16a80f02340aa69f692072bd846ba166bfde98db2e95fb1f5bf7be57b4ed,2026-06-30T13:55:38+00:00,success,LEGACY_SOURCE_MANIFEST
SRC01193,K233673,https://www.accessdata.fda.gov/cdrh_docs/pdf23/K233673.pdf,510k_summary_pdf,817f7e98fa64d3e76577ea9ca5e6b4705722b539740626ed80cf446dd1b4915f,f7c49e090b6edbad82494f3e768ccff37867e630ec77ffba2176374027f41b03,2026-06-30T13:55:42+00:00,success,LEGACY_SOURCE_MANIFEST
SRC01194,K232331,https://www.accessdata.fda.gov/scripts/cdrh/cfdocs/cfpmn/pmn.cfm?ID=K232331,fda_database_entry_html,081d44513fb6563f4ba42f846ac9a12070f019694b0430ad197490008207ad54,112b32d891701e7bc2d740f6b5d2f1e478bd00caec34de95848d381622778588,2026-06-30T13:55:40+00:00,success,LEGACY_SOURCE_MANIFEST
SRC01195,K232331,https://www.accessdata.fda.gov/cdrh_docs/pdf23/K232331.pdf,510k_summary_pdf,b9a2ebbb83a56d4c42702b94092479d48794fbc34cc17a9fe8edbfc6cc4d6f90,d82d05ad07e2dd0661c043c03855e90632434ff4113492705d090fc75a229247,2026-06-30T13:55:43+00:00,success,LEGACY_SOURCE_MANIFEST
SRC01196,K240850,https://www.accessdata.fda.gov/scripts/cdrh/cfdocs/cfpmn/pmn.cfm?ID=K240850,fda_database_entry_html,bd725ef0bc635e68e4d74c608ffede242b049098a8932ad35705ff5489e62e31,645ccb3f4fd1d162c85eb71494bd494ad9bd711c02603a3cd9e2f6a34b856672,2026-06-30T13:55:48+00:00,success,LEGACY_SOURCE_MANIFEST
SRC01197,K240850,https://www.accessdata.fda.gov/cdrh_docs/pdf24/K240850.pdf,510k_summary_pdf,e42148a337efe077483edc546575ae170b2cec01d3a604a15df65277199e77b1,19a29168579b343e830dbccf503bc0b4cf7449f6ed21b87d06c096b832ea5497,2026-06-30T13:55:53+00:00,success,LEGACY_SOURCE_MANIFEST
SRC01198,K240058,https://www.accessdata.fda.gov/scripts/cdrh/cfdocs/cfpmn/pmn.cfm?ID=K240058,fda_database_entry_html,312dfbe5012059d4aa888058ba1276f60c00b99baa9d14160c8c9db07b94a6b4,c607cd875e953a2b9add1cbf9e7d1760ff758e0c4ddd8b3bcaf7a687e1617e4e,2026-06-30T13:55:51+00:00,success,LEGACY_SOURCE_MANIFEST
SRC01199,K240058,https://www.accessdata.fda.gov/cdrh_docs/pdf24/K240058.pdf,510k_summary_pdf,f003cb968c3dd6ad7542dd1cc1cab5b27a79ff711f19c2789751bf7748de2fcd,99293d58c06b32ea5adc499a5ae1b580d21ee6bb3e3ad3aafdafd160f458488b,2026-06-30T13:55:54+00:00,success,LEGACY_SOURCE_MANIFEST
SRC01200,K234068,https://www.accessdata.fda.gov/scripts/cdrh/cfdocs/cfpmn/pmn.cfm?ID=K234068,fda_database_entry_html,ddb1ae30be8ef674056eb2e30b1ba2744917c88d8c08fdaeeeed55dab4b32790,7db31d83eab7399117105f973b4cdb52f40767ecd4060325db0daf8a595fd38a,2026-06-30T13:55:57+00:00,success,LEGACY_SOURCE_MANIFEST
SRC01201,K234068,https://www.accessdata.fda.gov/cdrh_docs/pdf23/K234068.pdf,510k_summary_pdf,29292b62f947e4ba0b71da0ed8028724cc1f63b5c03347ab4743bbee6aa5f991,825228a6283bb14bf41bda81394ee0196857936fec8f4af8438b0c99b0d4adcd,2026-06-30T13:56:00+00:00,success,LEGACY_SOURCE_MANIFEST
SRC01202,K233582,https://www.accessdata.fda.gov/scripts/cdrh/cfdocs/cfpmn/pmn.cfm?ID=K233582,fda_database_entry_html,f3fb0afcfdb9545767bb4e03c41e40452797fc739f4be8851ea08411118bf606,fc4787d6f336bf4fc91e9960de090fcf13800593fd368e99c1b22523484d37d8,2026-06-30T13:56:00+00:00,success,LEGACY_SOURCE_MANIFEST
SRC01203,K233582,https://www.accessdata.fda.gov/cdrh_docs/pdf23/K233582.pdf,510k_summary_pdf,4de6f2191fd033a90f10388116aa281963bcd2be76c49202b20f54eeeefa4fec,a61100f8af82274d9a5b7d980008fd2ed1e5b7edab54e9e179a9848420c792ed,2026-06-30T13:56:01+00:00,success,LEGACY_SOURCE_MANIFEST
SRC01204,K240781,https://www.accessdata.fda.gov/scripts/cdrh/cfdocs/cfpmn/pmn.cfm?ID=K240781,fda_database_entry_html,0c607cfc9eea7006defb733af7589b9e923dbef753bc59decb6668cd8371eff6,224aec186f5808ee028e2cc9a418fa2830a3aa4f2ec3c32242c34816848a9427,2026-06-30T13:56:10+00:00,success,LEGACY_SOURCE_MANIFEST
SRC01205,K240781,https://www.accessdata.fda.gov/cdrh_docs/pdf24/K240781.pdf,510k_summary_pdf,aa8dec2e2b1c880f937a3cbd8922d14fec6a937be91d6f1951d70582af2d6779,07c413b3904a69d5235eac264120f999a5c6262951d3c07825b503a02807c7a5,2026-06-30T13:56:13+00:00,success,LEGACY_SOURCE_MANIFEST
SRC01206,K233186,https://www.accessdata.fda.gov/scripts/cdrh/cfdocs/cfpmn/pmn.cfm?ID=K233186,fda_database_entry_html,bdfb177fbff20dd30cf141345d56a85386e338825a83ef5a49b56ba5023c741b,3b4e75d2ad42c2dba800cce31463785ab4d71b65f1150835f78b0c9c0b792c50,2026-06-30T13:56:11+00:00,success,LEGACY_SOURCE_MANIFEST
SRC01207,K233186,https://www.accessdata.fda.gov/cdrh_docs/pdf23/K233186.pdf,510k_summary_pdf,57676f3c5aff4086dd2a6291b1e2e98137857f2a21d3c7d3ff0536ff8ac1194c,8ce4dbcdcd000e535320f0f44f6304a5b8ce008639afde12349ba30200a16bd1,2026-06-30T13:56:12+00:00,success,LEGACY_SOURCE_MANIFEST
SRC01208,K240773,https://www.accessdata.fda.gov/scripts/cdrh/cfdocs/cfpmn/pmn.cfm?ID=K240773,fda_database_entry_html,fb65ace046211bb473d40aa107ca5443e4b404545a2ce50f96e8c2a2d449f17e,2b611cfc588a4bdf29787bd9aeb4fa297b1a1558e1b8a52721e1ac8c39538a04,2026-06-30T13:56:19+00:00,success,LEGACY_SOURCE_MANIFEST
SRC01209,K240773,https://www.accessdata.fda.gov/cdrh_docs/pdf24/K240773.pdf,510k_summary_pdf,b2d764c65c4271bc1984887642dd82095a5e4d01a69311d971dd67906f0e235a,6fe535b2642ca95ee079cb9b9fa03f1d4652e9b1e074930fe515c61d31d58f4b,2026-06-30T13:56:25+00:00,success,LEGACY_SOURCE_MANIFEST
SRC01210,K240238,https://www.accessdata.fda.gov/scripts/cdrh/cfdocs/cfpmn/pmn.cfm?ID=K240238,fda_database_entry_html,4fe94cfc28b8b525f6df0a6120120fa82d39b79ba3764663b89c61b90299a93f,1247b5777d073827254504f9b0d38dd56cc071cf1a0ebee69ade7689f9f4511d,2026-06-30T13:56:21+00:00,success,LEGACY_SOURCE_MANIFEST
SRC01211,K240238,https://www.accessdata.fda.gov/cdrh_docs/pdf24/K240238.pdf,510k_summary_pdf,f1b7c9bb1ff86773943ed6758def8d2bcd2904220a432dbe12d605eaa6adcc86,5849d0d591b8533da0810fe6af449117bacbdeeb818a3cf82e05143c7bd3d63a,2026-06-30T13:56:25+00:00,success,LEGACY_SOURCE_MANIFEST
SRC01212,K233698,https://www.accessdata.fda.gov/scripts/cdrh/cfdocs/cfpmn/pmn.cfm?ID=K233698,fda_database_entry_html,ca4277c81f975bb9782d65deb2407a4f7be72b73bfd18e0cfc5bb3e4e9cf927c,c372313865d554b54d2697fff8c5f1942f09fd7140b14e0b96c8da567b24a787,2026-06-30T13:56:23+00:00,success,LEGACY_SOURCE_MANIFEST
SRC01213,K233698,https://www.accessdata.fda.gov/cdrh_docs/pdf23/K233698.pdf,510k_summary_pdf,63536f0da93cc288a47809c4d3e8feb10707edc6d73c63d0e41e56fba661b949,8014cd50a678183bad248bd4ecbf73181a76bd68f80641e640467b5c3f636d6a,2026-06-30T13:56:25+00:00,success,LEGACY_SOURCE_MANIFEST
SRC01214,K240744,https://www.accessdata.fda.gov/scripts/cdrh/cfdocs/cfpmn/pmn.cfm?ID=K240744,fda_database_entry_html,016241d1d5e780175e2a3534fa8fb2844b6fb04252c58cc378c3bf1b429fe376,3c7b53a2517eaaa2de962731c569763016b8d6c3312c09c0660e6674257d02f0,2026-06-30T13:56:34+00:00,success,LEGACY_SOURCE_MANIFEST
SRC01215,K240744,https://www.accessdata.fda.gov/cdrh_docs/pdf24/K240744.pdf,510k_summary_pdf,d068fa289bc9a145818e24f35b3267a40e7810058d4e4a4c8e23989475e07114,e57c14c9e1e9df2e1ecc917c1eef342cfbbb9c044c8af893b20eb42f62e082be,2026-06-30T13:56:35+00:00,success,LEGACY_SOURCE_MANIFEST
SRC01216,DEN230023,https://www.accessdata.fda.gov/scripts/cdrh/cfdocs/cfpmn/denovo.cfm?ID=DEN230023,fda_database_entry_html,1703202ff04402e753bb5d2fc837f460fa1a9db3b28871bc070f8115e7a3bc34,8a4b21fd1cf3b24f50c3122f7b445ebafd4d4710219d73e94ea82dac24433fd2,2026-06-30T13:56:34+00:00,success,LEGACY_SOURCE_MANIFEST
SRC01217,DEN230023,https://www.accessdata.fda.gov/cdrh_docs/pdf23/DEN230023.pdf,approval_order_pdf,d4779a1c956f8cd037aa4ee662c876a765699bc7be4e410b6539cf665f61ceec,2772057d59e87fc535d14f49387c9967547b4ff1f9f127343b6b4426bf7a3e49,2026-06-30T13:56:38+00:00,success,LEGACY_SOURCE_MANIFEST
SRC01218,DEN230023,http://www.accessdata.fda.gov/cdrh_docs/reviews/DEN230023.pdf,de_novo_summary_pdf,2649e937dad0f9bf1a7c6889ec99366e38c56a20f0224b444bf623d4e2e0f6be,429f40e1a61ef3c690c650572f80476779d19b9f45e0c4896aaa29d0040c00bb,2026-06-30T13:56:49+00:00,success,LEGACY_SOURCE_MANIFEST
SRC01219,K240291,https://www.accessdata.fda.gov/scripts/cdrh/cfdocs/cfpmn/pmn.cfm?ID=K240291,fda_database_entry_html,92b65c1886aabbcf8269f3c563ad837f3621272d19dfc555fbb8391f8c7c6b13,bdda8fed5a552308ed3b8d87a56f9e7012fce45940d8f8f3e31227bd066a61a1,2026-06-30T13:56:39+00:00,success,LEGACY_SOURCE_MANIFEST
SRC01220,K240291,https://www.accessdata.fda.gov/cdrh_docs/pdf24/K240291.pdf,510k_summary_pdf,ced4fdd3cb3da2a1eacdbbe0b307fbf7d59c0ea0650a00688f79787733f9d8b6,7478c7e87ed0392a0ad6936a4f0fae5edc66df098acbfd63240e12000334e884,2026-06-30T13:56:43+00:00,success,LEGACY_SOURCE_MANIFEST
SRC01221,K233666,https://www.accessdata.fda.gov/scripts/cdrh/cfdocs/cfpmn/pmn.cfm?ID=K233666,fda_database_entry_html,2aadf01534c4b444962cd662a9dc5331294281f2a2f424440c94e9fa9e0dff83,e10ca28d40255bddadef57ce73edfbc8722e0b478f8b137106f5e9e9465604bb,2026-06-30T13:57:06+00:00,success,LEGACY_SOURCE_MANIFEST
SRC01222,K233666,https://www.accessdata.fda.gov/cdrh_docs/pdf23/K233666.pdf,510k_summary_pdf,699eb1d4fc370046bd18162de66752e313b4cfbcca9c2cc42b914c36fc81a8e5,9b3021cbb6d6c061a817a0a2c5ff44480bd696219f416e06d82e88560b351ab8,2026-06-30T13:57:09+00:00,success,LEGACY_SOURCE_MANIFEST
SRC01223,K233249,https://www.accessdata.fda.gov/scripts/cdrh/cfdocs/cfpmn/pmn.cfm?ID=K233249,fda_database_entry_html,ff7547ff4196e8086841482c5e711bc462da34f1036e7f05090859d16ba81010,c6ae60a467aa6575293f28531186e1b63bc344fbc264a683ad5df38121f2b696,2026-06-30T13:57:07+00:00,success,LEGACY_SOURCE_MANIFEST
SRC01224,K233249,https://www.accessdata.fda.gov/cdrh_docs/pdf23/K233249.pdf,510k_summary_pdf,1218b671a76669dd81c9ebacccdcf6c6acaf73b1c8679bdcd288a3f1241b185d,2a0c9a07827db3994a2d7d3068d86d441e8a4fd8506d664097050d992c7f0bbc,2026-06-30T13:57:11+00:00,success,LEGACY_SOURCE_MANIFEST
SRC01225,K240172,https://www.accessdata.fda.gov/scripts/cdrh/cfdocs/cfpmn/pmn.cfm?ID=K240172,fda_database_entry_html,478714aa9884192564595c3cdd53ab4b0aca221974c75f529ab28265b02855aa,e053c2c482aaf0cb01e2d4e2d4186b3ecb945a27c5811b004dffd8b2317ae7be,2026-06-30T13:57:12+00:00,success,LEGACY_SOURCE_MANIFEST
SRC01226,K240172,https://www.accessdata.fda.gov/cdrh_docs/pdf24/K240172.pdf,510k_summary_pdf,6f6affb0245ef9fb6ec1a067242e54c311f319f7691c872cb8a5791329e0f3f2,0a327727c26ca3fb9fa86de6aa7891bbe4844727e411eff9ec9b4a6658dae47a,2026-06-30T13:57:15+00:00,success,LEGACY_SOURCE_MANIFEST
SRC01227,K232899,https://www.accessdata.fda.gov/scripts/cdrh/cfdocs/cfpmn/pmn.cfm?ID=K232899,fda_database_entry_html,f5c5ff28d1814063278642a0d3d15c9b93712fc747f0e575c4dda9cfdb48b0cf,2f22f9ee0da3f6072a97310895f24a4d6983c97ed74f1732aff9e875a57797f8,2026-06-30T13:57:14+00:00,success,LEGACY_SOURCE_MANIFEST
SRC01228,K232899,https://www.accessdata.fda.gov/cdrh_docs/pdf23/K232899.pdf,510k_summary_pdf,ea2097184b42c0a7af2b826fad5a53186a6496d17d234d99d36ecf09a896fd92,5d9771a2023fbaf084363b994d378d98ac5e83e424688f45d2fde08974515e64,2026-06-30T13:57:19+00:00,success,LEGACY_SOURCE_MANIFEST
SRC01229,K233618,https://www.accessdata.fda.gov/scripts/cdrh/cfdocs/cfpmn/pmn.cfm?ID=K233618,fda_database_entry_html,c863684be10dae46d50ecba60516c89d2bedb132d3cba1d457e9463252424e03,b9590722c148c9c93463c90183d0060c98e75a7ecc812bda51c92fa64599d766,2026-06-30T13:57:19+00:00,success,LEGACY_SOURCE_MANIFEST
SRC01230,K233618,https://www.accessdata.fda.gov/cdrh_docs/pdf23/K233618.pdf,510k_summary_pdf,ca3dddf14952104f18f19d163b6c48e0af0ecd1755b29b9176751d07a89f295b,e02ecdb82f20e7f36dc757705484cbc2faa37d34cb41109f30689a8a363df8a7,2026-06-30T13:57:27+00:00,success,LEGACY_SOURCE_MANIFEST
SRC01231,DEN230036,https://www.accessdata.fda.gov/scripts/cdrh/cfdocs/cfpmn/denovo.cfm?ID=DEN230036,fda_database_entry_html,f2ccde344360b229495fc4405f1efaaa2979df3df1ac00fec4ac66054b9767c4,5a6dff85ec618bb04468af9e02ed2b1e66c751726094e8dbd606e5fa01d1f1a2,2026-06-30T13:57:22+00:00,success,LEGACY_SOURCE_MANIFEST
SRC01232,DEN230036,https://www.accessdata.fda.gov/cdrh_docs/pdf23/DEN230036.pdf,approval_order_pdf,6d398fa5eb342e27a45c3d9055d79efb86ed47078db0a3538cabb71dbe432e2c,4d3da754f02325543f63b29debf8cef0bc7abf6805c2b6cebab3cf3b5cafbc0a,2026-06-30T13:57:27+00:00,success,LEGACY_SOURCE_MANIFEST
SRC01233,DEN230036,http://www.accessdata.fda.gov/cdrh_docs/reviews/DEN230036.pdf,de_novo_summary_pdf,c90c26f67f8bdaec0361de5146540d9a54c3c146f6d4c0814cf156fa01957207,08b5eae57e6b8bf271fb1c268a5b77a2658f884dfa25618150f29b4321a191f6,2026-06-30T13:57:35+00:00,success,LEGACY_SOURCE_MANIFEST
SRC01234,K232835,https://www.accessdata.fda.gov/scripts/cdrh/cfdocs/cfpmn/pmn.cfm?ID=K232835,fda_database_entry_html,225483d15fdf8b2405caac47b61cc19c0fa2ad846659364aabff44d54f2a3808,bd0fd405ed3020e6db1da207c674ab4d21018bafcd1112883752c973b70fe60f,2026-06-30T13:57:34+00:00,success,LEGACY_SOURCE_MANIFEST
SRC01235,K232835,https://www.accessdata.fda.gov/cdrh_docs/pdf23/K232835.pdf,510k_summary_pdf,bcb84291e0b1ec76ea0b4f7fa58b8509b50ef766b7934584914d545c0433f6b1,8ca79031057d58abd5a0e514cadb8429b6e892097c5105b95adfee266c40f4ee,2026-06-30T13:57:38+00:00,success,LEGACY_SOURCE_MANIFEST
SRC01236,K233676,https://www.accessdata.fda.gov/scripts/cdrh/cfdocs/cfpmn/pmn.cfm?ID=K233676,fda_database_entry_html,c96c2e0659e7d97592f8839d69eaa39bf65aae7678d11c3014f298d694ca94ed,eda1b3a6a53c8d24798d82018f7c55ab58cfa11230c899ae742893ca9898868b,2026-06-30T13:57:35+00:00,success,LEGACY_SOURCE_MANIFEST
SRC01237,K233676,https://www.accessdata.fda.gov/cdrh_docs/pdf23/K233676.pdf,510k_summary_pdf,a2e87e8ae8b3c37a98521627736f9613260f42e72801e72deb87b962f9df2fdf,3b989b367c54776ca385cb64390dee93a5174ad5a6c15400565318891e307df0,2026-06-30T13:57:38+00:00,success,LEGACY_SOURCE_MANIFEST
SRC01238,K233211,https://www.accessdata.fda.gov/scripts/cdrh/cfdocs/cfpmn/pmn.cfm?ID=K233211,fda_database_entry_html,444303a145067ee45a645dfe0494202c77a5f56bc2bb95349c49bb0fcab38981,4be4c8624fbcc0f1b3b7f50591932fa76bf71c97bd77dc52173c2c7bd3e1095c,2026-06-30T13:57:41+00:00,success,LEGACY_SOURCE_MANIFEST
SRC01239,K233211,https://www.accessdata.fda.gov/cdrh_docs/pdf23/K233211.pdf,510k_summary_pdf,d26d104f0b1bb230b46505d8b152181dc616a561a195dc86eec0b3816aaecebe,776cff41ae13d0789e3f673f7a7c537a01eaf75320beca41e9dd7e63a1fbd459,2026-06-30T13:57:45+00:00,success,LEGACY_SOURCE_MANIFEST
SRC01240,K233657,https://www.accessdata.fda.gov/scripts/cdrh/cfdocs/cfpmn/pmn.cfm?ID=K233657,fda_database_entry_html,6dbe17c5e1be30eadd5d3cb68eb5aade274b9681bfbeaa3b27a0dab4c8256b93,6c56d63f1e98681927dc57496a20ef5c2c501e37fcfd0ee9e10cd8e637b46517,2026-06-30T13:57:42+00:00,success,LEGACY_SOURCE_MANIFEST
SRC01241,K233657,https://www.accessdata.fda.gov/cdrh_docs/pdf23/K233657.pdf,510k_summary_pdf,e210e452df0cb6367124ced7bf16f3cec5c23f16378e2e56becf167f6be79e8b,90e470d458c8089abb55bbe15fd79e4f41dc17947c925ccad9d247681155b4a5,2026-06-30T13:57:52+00:00,success,LEGACY_SOURCE_MANIFEST
SRC01242,K233409,https://www.accessdata.fda.gov/scripts/cdrh/cfdocs/cfpmn/pmn.cfm?ID=K233409,fda_database_entry_html,0a721e0f0a8715ce47ae698d506050ea4e526235e1b457009162fb82edf1ea61,7e82d830c344c4cbb460a8687c822347629a40f40d65ecc138ddfd3eaa4629b6,2026-06-30T13:57:45+00:00,success,LEGACY_SOURCE_MANIFEST
SRC01243,K233409,https://www.accessdata.fda.gov/cdrh_docs/pdf23/K233409.pdf,510k_summary_pdf,998b07716c5d05089a7f7de6526b8606bd09dc4c893b1eee5e68fe94bafd4790,96629be01266eea9728ebb321e6845236f5cb4d59058690b5e091deb80d14e4a,2026-06-30T13:57:48+00:00,success,LEGACY_SOURCE_MANIFEST
SRC01244,K233650,https://www.accessdata.fda.gov/scripts/cdrh/cfdocs/cfpmn/pmn.cfm?ID=K233650,fda_database_entry_html,6ef017a66ea59c53ae8afda9ea595891bc48724e13a3eedbe8954b1ee1711553,05938a38f807c72683d9e5aee7bc232a1fffaf6fae8c641d35385a85d3348b0c,2026-06-30T13:57:50+00:00,success,LEGACY_SOURCE_MANIFEST
SRC01245,K233650,https://www.accessdata.fda.gov/cdrh_docs/pdf23/K233650.pdf,510k_summary_pdf,451f401b1b7d54dd3524ea1e2efffc9afd561c5ee9867565c2954d85d7c5c568,23da5c7ad690cb3bedc89d46aa6b1c8961795bbb8b353e2fe61e80d626a548ee,2026-06-30T13:57:54+00:00,success,LEGACY_SOURCE_MANIFEST
SRC01246,K232322,https://www.accessdata.fda.gov/scripts/cdrh/cfdocs/cfpmn/pmn.cfm?ID=K232322,fda_database_entry_html,ab9f85ce504f026f7c72366179a7e0923cfca3963815fdc13d63f2a340e8e802,9a3944c13e390b11c213ad9ba3c59860ebe986020e07495e408960811de496d9,2026-06-30T13:57:52+00:00,success,LEGACY_SOURCE_MANIFEST
SRC01247,K232322,https://www.accessdata.fda.gov/cdrh_docs/pdf23/K232322.pdf,510k_summary_pdf,68169db63baf47f068a82c1bb7904372a6a39fd7bda855bfe3b6db26b4811f2c,8ec6808dacfb7910a879552e71388a8c6c3a3888ea6b237c30a8436541eefc27,2026-06-30T13:57:57+00:00,success,LEGACY_SOURCE_MANIFEST
SRC01248,K232431,https://www.accessdata.fda.gov/scripts/cdrh/cfdocs/cfpmn/pmn.cfm?ID=K232431,fda_database_entry_html,7b999df159b471d292090ce7807941f87029b2455f454fd92ac221b2542f8792,af25c9fd8b625125dcc6c0299851bbd8921de59fd515fba132e40f1cca1d5e27,2026-06-30T13:57:56+00:00,success,LEGACY_SOURCE_MANIFEST
SRC01249,K232431,https://www.accessdata.fda.gov/cdrh_docs/pdf23/K232431.pdf,510k_summary_pdf,6bb22284cfa77a1a29f77c2d72bcfbfdeee01be50428de4265c7f63b771ded6e,ba0ad276f393b71bfb745f6db6933e9129cc8b85efef08d4d88d4c367fea5cb6,2026-06-30T13:57:59+00:00,success,LEGACY_SOURCE_MANIFEST
SRC01250,K240540,https://www.accessdata.fda.gov/scripts/cdrh/cfdocs/cfpmn/pmn.cfm?ID=K240540,fda_database_entry_html,b653e54c645bcc1b3967241734d664fe35fb2299a755944e6f976e75132e5cbb,4b315d290eda90f1b87eee9f6d35a55ce2edd64dd0e7237a38142ed2ca8070d4,2026-06-30T13:58:03+00:00,success,LEGACY_SOURCE_MANIFEST
SRC01251,K240540,https://www.accessdata.fda.gov/cdrh_docs/pdf24/K240540.pdf,510k_summary_pdf,084199c6fbfefac1861c2c0aa2eb860699597d2fd8ab7175cbe814d78974f330,d2f984f5aeba074884be62387fbfd843d4961fb73f28031070e18c467b762a8e,2026-06-30T13:58:07+00:00,success,LEGACY_SOURCE_MANIFEST
SRC01252,K233753,https://www.accessdata.fda.gov/scripts/cdrh/cfdocs/cfpmn/pmn.cfm?ID=K233753,fda_database_entry_html,9df778ce242b5ace6a523b220888d93e560bce374d2a480e5cc626f2040c66f5,13d4f7853b385cf2c564055215046bc78ab1324577b7379e61422c81ed65fabe,2026-06-30T13:58:04+00:00,success,LEGACY_SOURCE_MANIFEST
SRC01253,K233753,https://www.accessdata.fda.gov/cdrh_docs/pdf23/K233753.pdf,510k_summary_pdf,2b6816fa6bee18eb5127063298f924ca8e8acacd751e561ef2ed5c577a56b4de,15c4f14cdcf6e5438c02c208198921cb4a7faaf3c73221141059615220d0192a,2026-06-30T13:58:06+00:00,success,LEGACY_SOURCE_MANIFEST
SRC01254,K234047,https://www.accessdata.fda.gov/scripts/cdrh/cfdocs/cfpmn/pmn.cfm?ID=K234047,fda_database_entry_html,b44d8812a729c264334d089f681bf4c89b47874a991802feddb0198d5cf5d72c,616ea3bab6f90daf8658906371eed24a216f9afcfe44d275036df1b9c58f35d0,2026-06-30T13:58:09+00:00,success,LEGACY_SOURCE_MANIFEST
SRC01255,K234047,https://www.accessdata.fda.gov/cdrh_docs/pdf23/K234047.pdf,510k_summary_pdf,e48e64900846b20245c12fc9c698272b118dce1febac2bfa43b5d5a122410d4a,a57fb52effb4e082225d872471647f70c64bdd295977079386b13f50a4bfaea9,2026-06-30T13:58:10+00:00,success,LEGACY_SOURCE_MANIFEST
SRC01256,K233342,https://www.accessdata.fda.gov/scripts/cdrh/cfdocs/cfpmn/pmn.cfm?ID=K233342,fda_database_entry_html,d9458760ef377c3908a3a622dbfdf916c506a29e7b3cd842079bb334b597f9a6,f15e285b6734f7f4aa5bd85848247f6347ba9ec0ee23ec4a10e3f96636301528,2026-06-30T13:58:11+00:00,success,LEGACY_SOURCE_MANIFEST
SRC01257,K233342,https://www.accessdata.fda.gov/cdrh_docs/pdf23/K233342.pdf,510k_summary_pdf,917ea22dd8eb693e51bb9e43df82028265d17f0e8d518d73d79c792360405151,196b556f8954fab03a347ee25fa06f3c2da7306ad3f3e2d3b9189b09d2878dc0,2026-06-30T13:58:14+00:00,success,LEGACY_SOURCE_MANIFEST
SRC01258,K233968,https://www.accessdata.fda.gov/scripts/cdrh/cfdocs/cfpmn/pmn.cfm?ID=K233968,fda_database_entry_html,b4c019861e943ee26ff9863ae4515abce3748e70fec567bf119617664e298dcc,dbc8eed2360dadbb74d696ee7eca1a1118e83309a5c520a8811b62fc6def3b62,2026-06-30T13:58:19+00:00,success,LEGACY_SOURCE_MANIFEST
SRC01259,K233968,https://www.accessdata.fda.gov/cdrh_docs/pdf23/K233968.pdf,510k_summary_pdf,821c29e86a99e119d153540482db190ea953dadc54956bb8931d3055247e38a8,594914eeec21b8217caa931f7ed035cb41b8378f82872c5b44af654b2aba9551,2026-06-30T13:58:22+00:00,success,LEGACY_SOURCE_MANIFEST
SRC01260,K232140,https://www.accessdata.fda.gov/scripts/cdrh/cfdocs/cfpmn/pmn.cfm?ID=K232140,fda_database_entry_html,c49ef9b959c108d1f27507975ce8844b1e26dadfbe35c5a6ea6e6be72e9df722,e099a75e527f75f3263a0f1241049d77552c783018823b1f69548ab3852b1c89,2026-06-30T13:58:21+00:00,success,LEGACY_SOURCE_MANIFEST
SRC01261,K232140,https://www.accessdata.fda.gov/cdrh_docs/pdf23/K232140.pdf,510k_summary_pdf,aa186447bf36ab1587901e934c9a479d424c5d168914732069bcf33b77d5d983,77325a93113047748ea8f715697454e9c0b287c749e502e4806c4b6085adad4c,2026-06-30T13:58:24+00:00,success,LEGACY_SOURCE_MANIFEST
SRC01262,K233438,https://www.accessdata.fda.gov/scripts/cdrh/cfdocs/cfpmn/pmn.cfm?ID=K233438,fda_database_entry_html,f5d5fa59359ac6616899ce163766078dbf106ff7a42082b8be6748e40c32c791,41349293fb50d03ca1ffd098494b4d967a9c20e70b13cd855a197209be4fd280,2026-06-30T13:58:26+00:00,success,LEGACY_SOURCE_MANIFEST
SRC01263,K233438,https://www.accessdata.fda.gov/cdrh_docs/pdf23/K233438.pdf,510k_summary_pdf,ce7682f58cda367e71fc70e55d3c7a236780f16732f4b20418e2653aeb651f76,0589d5d86a9dacdecfd8e9ca934aa20fe831ef04fa9c897cba51bfceb09284ec,2026-06-30T13:58:32+00:00,success,LEGACY_SOURCE_MANIFEST
SRC01264,K233692,https://www.accessdata.fda.gov/scripts/cdrh/cfdocs/cfpmn/pmn.cfm?ID=K233692,fda_database_entry_html,a90a60d879e70e5b151369e080b41a8e96549e778b8c6add56c7b099d81e65d2,4921109d69b72f01798b3cc25775162192865deec50b43777c92a50e761a3dd4,2026-06-30T13:58:45+00:00,success,LEGACY_SOURCE_MANIFEST
SRC01265,K233692,https://www.accessdata.fda.gov/cdrh_docs/pdf23/K233692.pdf,510k_summary_pdf,7763cf528450ea53f8867380acab4ea94e30ff77492e308f70cff292192395fc,1d9c97cefd55a3d2be1a1f90ab5dc60db147a44ccad70df92fa6f7c4df888d8a,2026-06-30T13:58:49+00:00,success,LEGACY_SOURCE_MANIFEST
SRC01266,K231677,https://www.accessdata.fda.gov/scripts/cdrh/cfdocs/cfpmn/pmn.cfm?ID=K231677,fda_database_entry_html,74f0d47e6992acdbdcec1d4a44390eef8d442ca13342b9d7a5a5b66cb6515750,6a35b6dbde565bd4171f90b7e1f44a0396f159f9ec8f9f32c95be94f1364d6be,2026-06-30T13:58:49+00:00,success,LEGACY_SOURCE_MANIFEST
SRC01267,K231677,https://www.accessdata.fda.gov/cdrh_docs/pdf23/K231677.pdf,510k_summary_pdf,67603d916e9a6f9cef36f8498238095f3d6ed4b78099701c30d5dfd5a0e75264,c05cbc1ae816dc31d10bb953569b8a92a34a954d47c64ab254a29ae95f58086a,2026-06-30T13:58:52+00:00,success,LEGACY_SOURCE_MANIFEST
SRC01268,K233738,https://www.accessdata.fda.gov/scripts/cdrh/cfdocs/cfpmn/pmn.cfm?ID=K233738,fda_database_entry_html,fc5960f99747902448344cacdeed9d9a835df06b5b107c1a3bc12d217e6e4735,3d8b1407cd25d159545da300348d1d0140249f3770dff8951fbab27b35c6fc90,2026-06-30T13:58:57+00:00,success,LEGACY_SOURCE_MANIFEST
SRC01269,K233738,https://www.accessdata.fda.gov/cdrh_docs/pdf23/K233738.pdf,510k_summary_pdf,b516c325f8b35156078d1b89e93999fbd68abcdcdd4a5a60f785f82c015074eb,457155a291b058e44b56991a719cb16040a15dfbcb333100bf6aa42a376ebf0a,2026-06-30T13:58:59+00:00,success,LEGACY_SOURCE_MANIFEST
SRC01270,K233030,https://www.accessdata.fda.gov/scripts/cdrh/cfdocs/cfpmn/pmn.cfm?ID=K233030,fda_database_entry_html,9cbc60fcbfc579519c62c89c02c1f2db54bb0eacc2cffc6fba6eafcbaca8020b,2175c5a93c5c60e73e8f261470b66dfe5d09f2101796ab9f1d49d11b1774d9e1,2026-06-30T13:59:10+00:00,success,LEGACY_SOURCE_MANIFEST
SRC01271,K233030,https://www.accessdata.fda.gov/cdrh_docs/pdf23/K233030.pdf,510k_summary_pdf,ad615d6e38ab64b6dca0b891cdbfaafeaf5fdc46d72384c79d6a3be3680c117d,0172d51dee92222495c57be6048bb2bb3ed753b13ef736bcd7f497cb499e6997,2026-06-30T13:59:20+00:00,success,LEGACY_SOURCE_MANIFEST
SRC01272,K231690,https://www.accessdata.fda.gov/scripts/cdrh/cfdocs/cfpmn/pmn.cfm?ID=K231690,fda_database_entry_html,b22eb9e9001c48af6e01f9867b0923d8dfa81c8862f56683a848f0c9afb90025,3425532028e81a11a0f8fa4a142e8eae44456b8027e40e9ecfa02246524a7b64,2026-06-30T13:59:15+00:00,success,LEGACY_SOURCE_MANIFEST
SRC01273,K231690,https://www.accessdata.fda.gov/cdrh_docs/pdf23/K231690.pdf,510k_summary_pdf,1fd8b8a4de0d03306809e3d80734238ed5efcc04c4394a52693aef82211d4dc9,4918aedd153e406cf1674b07ea1625d21ad8bd955be45accaa941dda135ac762,2026-06-30T13:59:20+00:00,success,LEGACY_SOURCE_MANIFEST
SRC01274,K232765,https://www.accessdata.fda.gov/scripts/cdrh/cfdocs/cfpmn/pmn.cfm?ID=K232765,fda_database_entry_html,ef71dd8a80dc463ba6efcc98879e3803e57f37c16a90c705e479df067e6c79e0,94cfbd15ca69dfd52277e14873911ff31d87f3b3b3ab25761f32ee1f3937093b,2026-06-30T13:59:29+00:00,success,LEGACY_SOURCE_MANIFEST
SRC01275,K232765,https://www.accessdata.fda.gov/cdrh_docs/pdf23/K232765.pdf,510k_summary_pdf,dce624a057da842c52476ea40e8349e9681a7c0582cc2402c6a087cd39b2a23b,85ed77f43e6daa979d9aa5252c5bf0f31486759c4e9de218f4708a68916420f7,2026-06-30T13:59:30+00:00,success,LEGACY_SOURCE_MANIFEST
SRC01276,K231683,https://www.accessdata.fda.gov/scripts/cdrh/cfdocs/cfpmn/pmn.cfm?ID=K231683,fda_database_entry_html,765a6813fec8a178edd83218ff93c10bd6e8fe6de0d17d2648958154aa93bba2,26df93f959b9d5b59ab34ca769ff47e261ec892526ef22d60231bd6a267d0d95,2026-06-30T13:59:32+00:00,success,LEGACY_SOURCE_MANIFEST
SRC01277,K231683,https://www.accessdata.fda.gov/cdrh_docs/pdf23/K231683.pdf,510k_summary_pdf,dcf87f986cf214c8730e66281b8d343975d518a944e283c48fbce8aa8c3af267,aa7ce72c6c96c8e6e423f51345ec1c5274bb7ba3b049ebc82e3c795d2fadf303,2026-06-30T13:59:33+00:00,success,LEGACY_SOURCE_MANIFEST
SRC01278,K232613,https://www.accessdata.fda.gov/scripts/cdrh/cfdocs/cfpmn/pmn.cfm?ID=K232613,fda_database_entry_html,09837b922011947c7a226434a2ccbe71717d9e3200d34e9cdfb091061dd4f2ae,cfcc5bf4ae28ed0d652e8a7aaf8beefa2116d4c004ee79adf51b2d68a47dc16c,2026-06-30T13:59:34+00:00,success,LEGACY_SOURCE_MANIFEST
SRC01279,K232613,https://www.accessdata.fda.gov/cdrh_docs/pdf23/K232613.pdf,510k_summary_pdf,d29f3b36cd541a75d20c3e0382f856135c0a901b93fc93713722da99d153a3c3,a842044f60f082620fa5a8946999ae3da17fb63aa9ef404e6a7cf1fe13a702c8,2026-06-30T13:59:39+00:00,success,LEGACY_SOURCE_MANIFEST
SRC01280,K233590,https://www.accessdata.fda.gov/scripts/cdrh/cfdocs/cfpmn/pmn.cfm?ID=K233590,fda_database_entry_html,a2680e8b2a7c1db0960d64c7985a4155eadb7e55e2d8d31649bfba446cc86254,d18204911e747b64d9b7fb32749b69317abba2ae254b2453ec1406cb5baed4bb,2026-06-30T13:59:35+00:00,success,LEGACY_SOURCE_MANIFEST
SRC01281,K233590,https://www.accessdata.fda.gov/cdrh_docs/pdf23/K233590.pdf,510k_summary_pdf,8710552edbb9168f880fd9875e05a9c341b5351deeb8818ff2a59ec00f472e6b,41c2763dda0e96705a1a3adcd3c31697575bddcb15e1d9f0f6e5b1a360a4cccc,2026-06-30T13:59:39+00:00,success,LEGACY_SOURCE_MANIFEST
SRC01282,K233749,https://www.accessdata.fda.gov/scripts/cdrh/cfdocs/cfpmn/pmn.cfm?ID=K233749,fda_database_entry_html,f7bfe4305d96ae1a6f7ee72705de6626c5b993ba7035bf516b3e19970ab28590,bbcb53042feacbb7e0c3fffbb8378983bb476df120def930db2c48cc6e4c16b3,2026-06-30T13:59:38+00:00,success,LEGACY_SOURCE_MANIFEST
SRC01283,K233749,https://www.accessdata.fda.gov/cdrh_docs/pdf23/K233749.pdf,510k_summary_pdf,45db2977c7658761c4e38984bd9fcb09c0fa786e7c9f1480176da976a5905b3b,6c4172e7f541d9bb020770acea6ef8b48335d0c447573cd3454f9019cb1dcda0,2026-06-30T13:59:45+00:00,success,LEGACY_SOURCE_MANIFEST
SRC01284,K232148,https://www.accessdata.fda.gov/scripts/cdrh/cfdocs/cfpmn/pmn.cfm?ID=K232148,fda_database_entry_html,df1580d30cbb123f9daceca7877ddedc9b6fa9da1391c13e5f8133aac31c581e,e03be43774afe60ed4f3e49a770cb347adc13d6aa8fb7c554c25e8686386ef5e,2026-06-30T13:59:43+00:00,success,LEGACY_SOURCE_MANIFEST
SRC01285,K232148,https://www.accessdata.fda.gov/cdrh_docs/pdf23/K232148.pdf,510k_summary_pdf,1102cfbbe47c21a0434b249b595eb227ac43fdd1664419e4a30bcbc613fdc2eb,32f93385c4f8dcd9fdd8f24059562273c2785bcdfc636f79a61d7006562b7fb4,2026-06-30T13:59:46+00:00,success,LEGACY_SOURCE_MANIFEST
SRC01286,K232915,https://www.accessdata.fda.gov/scripts/cdrh/cfdocs/cfpmn/pmn.cfm?ID=K232915,fda_database_entry_html,6cde7ada5164b34a28526b2ea9673c2df635718bcdcd265781791abe97c9665f,98c08424afc947ee11c06ba5337591b88bd05f92965abb58c1fc96c3959398c9,2026-06-30T13:59:50+00:00,success,LEGACY_SOURCE_MANIFEST
SRC01287,K232915,https://www.accessdata.fda.gov/cdrh_docs/pdf23/K232915.pdf,510k_summary_pdf,1692607393b35b50935cc08a55a630e0e6ca59efdd9e30e7844a068b8fc176bb,87f1e59f33e4d46bf791454e0f958f0407c1b8e67b01edf0d5cc6d542414818c,2026-06-30T13:59:58+00:00,success,LEGACY_SOURCE_MANIFEST
SRC01288,K233788,https://www.accessdata.fda.gov/scripts/cdrh/cfdocs/cfpmn/pmn.cfm?ID=K233788,fda_database_entry_html,17b96cb699f126e7b0b366da0f686b5ee4f8526911736ceb378ccc272e72c402,0dce65e9f023e19969208e4423081112caf898ba3cb40ac9e26b70c24a25bb4d,2026-06-30T13:59:58+00:00,success,LEGACY_SOURCE_MANIFEST
SRC01289,K233788,https://www.accessdata.fda.gov/cdrh_docs/pdf23/K233788.pdf,510k_summary_pdf,14247828f8f0ab43c2165f8e8ae721db588550d4e6bc155b488b330af1fc407c,61b7ae73bf27bf87f4fdd60c4f9d76a188879ab7c22150613a95ce4c00f5d2ad,2026-06-30T14:00:01+00:00,success,LEGACY_SOURCE_MANIFEST
SRC01290,K231855,https://www.accessdata.fda.gov/scripts/cdrh/cfdocs/cfpmn/pmn.cfm?ID=K231855,fda_database_entry_html,2a06006cffe010033a4f3dc2b11591f4369592690c04774379bc839445a6e973,4861ecae43f1f75e9a6fab9b7fcb76d98a182b1657cbea44034b0eda850aaa2e,2026-06-30T14:00:06+00:00,success,LEGACY_SOURCE_MANIFEST
SRC01291,K231855,https://www.accessdata.fda.gov/cdrh_docs/pdf23/K231855.pdf,510k_summary_pdf,44425addf1778e5874825f854ca33c0bb3254a92a5f7449c7b3c68667cf24bed,e890fdb30e7af2d04f2c9b523e8ca3f01a8a87b438e119de467d63db8c482656,2026-06-30T14:00:08+00:00,success,LEGACY_SOURCE_MANIFEST
SRC01292,K231355,https://www.accessdata.fda.gov/scripts/cdrh/cfdocs/cfpmn/pmn.cfm?ID=K231355,fda_database_entry_html,a8ad2c313085779ea36f585fbbde6e1065b2e312223efa0fcfc46eac8327ca91,f653bdd4af0c6212307ac3203f1d519c271e505755aa882a8a0442524c84f176,2026-06-30T14:00:11+00:00,success,LEGACY_SOURCE_MANIFEST
SRC01293,K231355,https://www.accessdata.fda.gov/cdrh_docs/pdf23/K231355.pdf,510k_summary_pdf,f22526e5802b207971befea4237fe1da4bdebbd4713524e77a18fcc3a0fa6bb1,b81137f18f3af11a8bc750ad96798e6c53205fa2f6719bf77e28227022210e8e,2026-06-30T14:00:14+00:00,success,LEGACY_SOURCE_MANIFEST
SRC01294,K233080,https://www.accessdata.fda.gov/scripts/cdrh/cfdocs/cfpmn/pmn.cfm?ID=K233080,fda_database_entry_html,18e51eaaec3a27314d1716ee2943273e349678d3efba732eba5612a801de3cb6,8af46638f40730ba487c4db71f0dae3da716a12a7bf1acc5cc55b43cbf22fc95,2026-06-30T14:00:19+00:00,success,LEGACY_SOURCE_MANIFEST
SRC01295,K233080,https://www.accessdata.fda.gov/cdrh_docs/pdf23/K233080.pdf,510k_summary_pdf,fa0f9129ffa45b544075e0263ed2be306452e4ec72fa8cdf71256a1ef0b637fa,3c9e25681040616e90e465e981c9c3b842cff66e720d837d6373b5ed70de9791,2026-06-30T14:01:14+00:00,success,LEGACY_SOURCE_MANIFEST
SRC01296,DEN230041,https://www.accessdata.fda.gov/scripts/cdrh/cfdocs/cfpmn/denovo.cfm?ID=DEN230041,fda_database_entry_html,8f30480d82f125a820887f2ebd725a3841ca281611a1e503ee780542304ce933,0bfa6631f69f180bd9ed7046a7fa6b61ea29567057d63af51473c72880a65a2b,2026-06-30T14:00:33+00:00,success,LEGACY_SOURCE_MANIFEST
SRC01297,DEN230041,https://www.accessdata.fda.gov/cdrh_docs/pdf23/DEN230041.pdf,approval_order_pdf,3de08213d96d78b5ad1601e20309074410cf58d3929a6c39d3fe5520e6fe838e,5de0850615cb81aa4b7b20d6c6b81080cd05a6c5046b2d2253df6f367192949a,2026-06-30T14:00:39+00:00,success,LEGACY_SOURCE_MANIFEST
SRC01298,DEN230041,http://www.accessdata.fda.gov/cdrh_docs/reviews/DEN230041.pdf,de_novo_summary_pdf,692bdf88512dfe22fdbf5d2d9f36cfbf1990813372f21370cfb3f296606529c8,33dc25c9797978ca03ff8fb50d0cd422c5b6202e9e1431ad1df9edbc2c8918fe,2026-06-30T14:00:47+00:00,success,LEGACY_SOURCE_MANIFEST
SRC01299,K232363,https://www.accessdata.fda.gov/scripts/cdrh/cfdocs/cfpmn/pmn.cfm?ID=K232363,fda_database_entry_html,1e932645586c2370e5953c8de04d6414bd232fb31b3ab086ef675696fe4b8e65,98a053e41a3e5091dd56c1d110e2f713876d1d988e7982ae61c414505ce764ef,2026-06-30T14:00:37+00:00,success,LEGACY_SOURCE_MANIFEST
SRC01300,K232363,https://www.accessdata.fda.gov/cdrh_docs/pdf23/K232363.pdf,510k_summary_pdf,70516af2687abc0b395d7bfffae83098ea36ab08d8f99621f457e311a7856c51,4c31ae9ac5551e601869c6d6d563ab308d66682bebcba733364baad2059918eb,2026-06-30T14:00:40+00:00,success,LEGACY_SOURCE_MANIFEST
SRC01301,DEN210035,https://www.accessdata.fda.gov/scripts/cdrh/cfdocs/cfpmn/denovo.cfm?ID=DEN210035,fda_database_entry_html,b30ee038e5a689fe49b898122f9ed23c5d4514345a5fa7413be55f113a33e2e7,20246b80f1bb5c998d87e64a5148906f7ecac9a3d9450ab8eaaa2109b8017c08,2026-06-30T14:00:39+00:00,success,LEGACY_SOURCE_MANIFEST
SRC01302,DEN210035,https://www.accessdata.fda.gov/cdrh_docs/pdf21/DEN210035.pdf,approval_order_pdf,2aa083b65674adde219aa956ff23783109c3d9170a7d28bcebe344273252b70f,ec9d7e8b8640b8f70aaa3c7eaf8b1c2471aee76f09afb1df85239ba0d4de535d,2026-06-30T14:00:42+00:00,success,LEGACY_SOURCE_MANIFEST
SRC01303,DEN210035,http://www.accessdata.fda.gov/cdrh_docs/reviews/DEN210035.pdf,de_novo_summary_pdf,01ea3acce5d3a16484450d5fbe2105a6286cf219b6c42f62e055b2e8732d2209,0fcec5738e189219ccca6abc8912f9917876471ef031aa9fa7cd139dc6bf53cd,2026-06-30T14:00:46+00:00,success,LEGACY_SOURCE_MANIFEST
SRC01304,K231396,https://www.accessdata.fda.gov/scripts/cdrh/cfdocs/cfpmn/pmn.cfm?ID=K231396,fda_database_entry_html,9ca7ac801a3083a63d63561aec7ca10e4bf729ddd87a60807f274f4b5684502c,d82fc0fe4954d6f62bb02ca34626ce7d100a4a7e62373e4db24e0a52bd098f63,2026-06-30T14:01:16+00:00,success,LEGACY_SOURCE_MANIFEST
SRC01305,K231396,https://www.accessdata.fda.gov/cdrh_docs/pdf23/K231396.pdf,510k_summary_pdf,8025fe107aec7d998d2640100898bd60e4e7f35c2dba2ca9c4c9a7242e1f4f22,00630eae47d51050a8eba5b883a33de6412eeb533e2762fd1243492beba5493c,2026-06-30T14:01:18+00:00,success,LEGACY_SOURCE_MANIFEST
SRC01306,K233195,https://www.accessdata.fda.gov/scripts/cdrh/cfdocs/cfpmn/pmn.cfm?ID=K233195,fda_database_entry_html,93e3b2dcd09ec52cc2b97f27317d91eb5fa920be5be456505e5250b5cd527d50,2e67eb7a4f932da063537a305f37c3a807067e61c0f4e67ddd613908688d01e1,2026-06-30T14:01:29+00:00,success,LEGACY_SOURCE_MANIFEST
SRC01307,K233195,https://www.accessdata.fda.gov/cdrh_docs/pdf23/K233195.pdf,510k_summary_pdf,613535fe45e7fa429ead52300a873a73078514916860f63a95b57af5514f3346,9ca77aadf2cecd3d29f92183c4c5b121e995d668ef4220364e185bd5519c5e71,2026-06-30T14:01:33+00:00,success,LEGACY_SOURCE_MANIFEST
SRC01308,K233728,https://www.accessdata.fda.gov/scripts/cdrh/cfdocs/cfpmn/pmn.cfm?ID=K233728,fda_database_entry_html,0d690776bc47291b69bca7d05ddda1bf507e51d479a149161d65c2a0daf31d53,3ddf689b813b11074087f0327c9c9bb925b60cad916770d470ee3550527bf029,2026-06-30T14:01:37+00:00,success,LEGACY_SOURCE_MANIFEST
SRC01309,K233728,https://www.accessdata.fda.gov/cdrh_docs/pdf23/K233728.pdf,510k_summary_pdf,48cad8c7eb5df83fe4d30c1e1ce1d89bcafbf86e9b0fa7bb97848537e759074e,88b173a1cce2156bd28c27a35e5ec5a0c8c56670d6ab593a1440c32447645a89,2026-06-30T14:01:39+00:00,success,LEGACY_SOURCE_MANIFEST
SRC01310,K232156,https://www.accessdata.fda.gov/scripts/cdrh/cfdocs/cfpmn/pmn.cfm?ID=K232156,fda_database_entry_html,4c7dbe37042e6994ef125a1158f3a56eb00332ad5941c07bceff55cb24c913bb,de3c8dd2e67de9b526ecd822dc9e930fd064aa4632e7651363b718f92a34d007,2026-06-30T14:01:48+00:00,success,LEGACY_SOURCE_MANIFEST
SRC01311,K232156,https://www.accessdata.fda.gov/cdrh_docs/pdf23/K232156.pdf,510k_summary_pdf,d93c5807db44fc4f7cf44caf20ec1860ccb7e34aeea51580591d52c9a7e5e6be,41cb1debda8ae0bcb71850c342469ebb357b41b8302a8f278a67ae87c0415cd5,2026-06-30T14:01:52+00:00,success,LEGACY_SOURCE_MANIFEST
SRC01312,K232698,https://www.accessdata.fda.gov/scripts/cdrh/cfdocs/cfpmn/pmn.cfm?ID=K232698,fda_database_entry_html,fb0d4c23bd8d2b3e8f162228d96726f2009f93329bab51b5c9b9b21d61bb5094,337daa3bc35cabf0bd605ac41fd09bf4eb4f3ece56172dbc2d3c76cbf3051653,2026-06-30T14:02:00+00:00,success,LEGACY_SOURCE_MANIFEST
SRC01313,K232698,https://www.accessdata.fda.gov/cdrh_docs/pdf23/K232698.pdf,510k_summary_pdf,a44bcf22a47306a75b71df2a1c8da1b44d7bd13b5d14d8f0f5255a9cbccd705c,4ae0ce74d62c8dfc2ca411eb0602a3d6b06e1ff2628dfff6a208665d4a70e453,2026-06-30T14:02:01+00:00,success,LEGACY_SOURCE_MANIFEST
SRC01314,K231871,https://www.accessdata.fda.gov/scripts/cdrh/cfdocs/cfpmn/pmn.cfm?ID=K231871,fda_database_entry_html,ca06445a8448eeb1878be7edba07d840e7f907c404a3a6cd33c7f3b16985d7ca,09c7cb4e52c84d5b4ff7889f1b7f234bfec387f572af9d68900112d22a484b87,2026-06-30T14:02:03+00:00,success,LEGACY_SOURCE_MANIFEST
SRC01315,K231871,https://www.accessdata.fda.gov/cdrh_docs/pdf23/K231871.pdf,510k_summary_pdf,91a5fc72c080b0fdd5e4bfa445c4e6bcde1269b5bbf48a9799a40270f7ceb9b5,a015e1155067433e162df5aebcd1ebc46dc98fa63ac4412d210eb37960aebe28,2026-06-30T14:02:06+00:00,success,LEGACY_SOURCE_MANIFEST
SRC01316,K233512,https://www.accessdata.fda.gov/scripts/cdrh/cfdocs/cfpmn/pmn.cfm?ID=K233512,fda_database_entry_html,f6c5f24e27cf765c49017750478cf669e0c80291e16d609b3cb240555e5bb4ff,bd786e177f97ef87e9bd232e71ba9340dade46c90fb7664d4a00a8b9ba747572,2026-06-30T14:02:16+00:00,success,LEGACY_SOURCE_MANIFEST
SRC01317,K233512,https://www.accessdata.fda.gov/cdrh_docs/pdf23/K233512.pdf,510k_summary_pdf,9acad994ad9a4b64c53bf192f2b30faf01532854d6b7b4c89a1e30aca8176972,485c6eee15a4e70956977f09dce97df956822d7cdfaa5440298c505aab9efc51,2026-06-30T14:02:23+00:00,success,LEGACY_SOURCE_MANIFEST
SRC01318,K233216,https://www.accessdata.fda.gov/scripts/cdrh/cfdocs/cfpmn/pmn.cfm?ID=K233216,fda_database_entry_html,9bf06be7b3f817d1f5da772fd17cf0256257f06994df3e01c3adbc95f323885d,739bef53b9f818659fd56336ad3b60cea38a7c20a0c8c937bceb118244b77180,2026-06-30T14:02:18+00:00,success,LEGACY_SOURCE_MANIFEST
SRC01319,K233216,https://www.accessdata.fda.gov/cdrh_docs/pdf23/K233216.pdf,510k_summary_pdf,73d233af919db575e7fb2c735041228038a7b0950d291d8f740f05563e1643f8,d9782a15f803c2fe617e9f67d2a60bb62598a4a663e9cb94b6bd791f77f01a59,2026-06-30T14:02:22+00:00,success,LEGACY_SOURCE_MANIFEST
SRC01320,K233677,https://www.accessdata.fda.gov/scripts/cdrh/cfdocs/cfpmn/pmn.cfm?ID=K233677,fda_database_entry_html,eee74f01b07ec2fccc9fb4b734ad323c913b40183641cd48dc67e699abe55080,b306336db9463cf9483b71499aecc57fdf0fc023e30ca4c6ccdc13e49265b0a7,2026-06-30T14:02:25+00:00,success,LEGACY_SOURCE_MANIFEST
SRC01321,K233677,https://www.accessdata.fda.gov/cdrh_docs/pdf23/K233677.pdf,510k_summary_pdf,90e3f53fc23ed5b6cd57e432dfaefd25e4834231d8c6e98eb0821be571ef320a,5eb7ba651cdbbc06b739585fd76e945f23a6ae9a1160d7e034f92c7b3207382b,2026-06-30T14:02:28+00:00,success,LEGACY_SOURCE_MANIFEST
SRC01322,K233964,https://www.accessdata.fda.gov/scripts/cdrh/cfdocs/cfpmn/pmn.cfm?ID=K233964,fda_database_entry_html,d5fee7556aadfce67c91234b8d831f868e1f5f316a1218ea58849f7767bad1ce,6ad3229f427d29da16116dd1625fbf456f87442bac81f0c22b0ff3260df11be0,2026-06-30T14:02:37+00:00,success,LEGACY_SOURCE_MANIFEST
SRC01323,K233964,https://www.accessdata.fda.gov/cdrh_docs/pdf23/K233964.pdf,510k_summary_pdf,cf0be89880ac90fdf1fc0a3ca82b2530f1abbaeda212675aff761d968558469a,8dfa9377a37b5c40ff739171d93a1a236fad13d3b0bfc56d58e99ec7b00d67c5,2026-06-30T14:02:40+00:00,success,LEGACY_SOURCE_MANIFEST
SRC01324,DEN230008,https://www.accessdata.fda.gov/scripts/cdrh/cfdocs/cfpmn/denovo.cfm?ID=DEN230008,fda_database_entry_html,359885485d85534b9478ee97db82c06c874d728483a2ef55573e101e2b6e970f,802f422d87ece7fc355c4d80ab10978b88b19676442c31dfa4cae7c2a6504c8b,2026-06-30T14:02:37+00:00,success,LEGACY_SOURCE_MANIFEST
SRC01325,DEN230008,https://www.accessdata.fda.gov/cdrh_docs/pdf23/DEN230008.pdf,approval_order_pdf,f880e6c2fc59495827d9b3a282816c7266ff3040a3690218b0f78a0b89ea3ba9,04ee977ba51b768f742c26eb21d67e4ff9ca5b3f1c5324a39b30759712be4aa8,2026-06-30T14:02:44+00:00,success,LEGACY_SOURCE_MANIFEST
SRC01326,DEN230008,http://www.accessdata.fda.gov/cdrh_docs/reviews/DEN230008.pdf,de_novo_summary_pdf,2f6a94752aa9d6bf08dc9e28580f7569620ae4fb2d277eb1835e6d34026b82ca,570362e77ef830777300ead5b7233a6b5440f7a8467d6b6ebfc79f8b34c6296f,2026-06-30T14:02:55+00:00,success,LEGACY_SOURCE_MANIFEST
SRC01327,DEN220040,https://www.accessdata.fda.gov/scripts/cdrh/cfdocs/cfpmn/denovo.cfm?ID=DEN220040,fda_database_entry_html,508ec6ee7dcf0213ce28f47f27948250e468f6776d83c9a54c1e8476e5bf2cb0,0cc5e97a8a2cb80fa828a3b370cd99ce89511a8ff620c115e725d2c0b08a1727,2026-06-30T14:02:46+00:00,success,LEGACY_SOURCE_MANIFEST
SRC01328,DEN220040,https://www.accessdata.fda.gov/cdrh_docs/pdf22/DEN220040.pdf,approval_order_pdf,8c3154c4a2df64d56595509af49767682b4a7be91d59051f8c415cf94cd07185,3979f024bd024aca5b1630f29573d618f314f25682965737ea48bd3a270ba923,2026-06-30T14:02:51+00:00,success,LEGACY_SOURCE_MANIFEST
SRC01329,DEN220040,http://www.accessdata.fda.gov/cdrh_docs/reviews/DEN220040.pdf,de_novo_summary_pdf,0c887ee43a9ca225be1702fb52f93ef43b4eea6744a0c75d4fa1fedd2b5c19ed,4dd6b26c3bef1e9a821703f428bfdf55a4a7f9e73e19d581189082ceeca195ce,2026-06-30T14:02:58+00:00,success,LEGACY_SOURCE_MANIFEST
SRC01330,DEN220066,https://www.accessdata.fda.gov/scripts/cdrh/cfdocs/cfpmn/denovo.cfm?ID=DEN220066,fda_database_entry_html,45d4c1cde478b295e9f1280d589ea425783a3086a22224402a10a680301d701d,c53eaa1cdde7ef5d2306130ee87052000eb21c9ea94a1b1133f9542cc44afa83,2026-06-30T14:02:57+00:00,success,LEGACY_SOURCE_MANIFEST
SRC01331,DEN220066,https://www.accessdata.fda.gov/cdrh_docs/pdf22/DEN220066.pdf,approval_order_pdf,f57ec82e53af13c3989198631e028ff2c4ffc13a597fd43064050f01b7c17555,8dc5cfecd332b7e96d4f045cbeed505d03b180d1262d9407fb56de9c17e25aae,2026-06-30T14:03:03+00:00,success,LEGACY_SOURCE_MANIFEST
SRC01332,DEN220066,http://www.accessdata.fda.gov/cdrh_docs/reviews/DEN220066.pdf,de_novo_summary_pdf,25416bb6526bd04070b311cc011888b85e61c5393f1d95d8e5240b08d4bbb402,33be3d01073a72a201ca76b691b2b71617b3d859510a6c22c929e0bc9108c9f7,2026-06-30T14:03:16+00:00,success,LEGACY_SOURCE_MANIFEST
SRC01333,K232250,https://www.accessdata.fda.gov/scripts/cdrh/cfdocs/cfpmn/pmn.cfm?ID=K232250,fda_database_entry_html,f3ffe4a2cb2ec738736c84b43d33802614f58bfdd5b11ac00e375f03a03c9461,026df89fd5aacaf9bad84c5d8245625b03d2716542ad046a4d2489c272d90533,2026-06-30T14:03:05+00:00,success,LEGACY_SOURCE_MANIFEST
SRC01334,K232250,https://www.accessdata.fda.gov/cdrh_docs/pdf23/K232250.pdf,510k_summary_pdf,cbea5dbd7b713287262638ab9b5f09eeabded0e184f25314b7703575a6518f21,7af1dbcdd5ce0d12356ad54fc81865ee3bd67ead145b89477bde8cb7a6a251b3,2026-06-30T14:03:07+00:00,success,LEGACY_SOURCE_MANIFEST
SRC01335,K231324,https://www.accessdata.fda.gov/scripts/cdrh/cfdocs/cfpmn/pmn.cfm?ID=K231324,fda_database_entry_html,5453f98245028aee28a230e1f09a167da5cb5f88cac53f7be9aa91fc7dda8fac,6e25099bcd853a6861162433031177b84bff9d0b4665bf62d281f37785c3ad38,2026-06-30T14:03:13+00:00,success,LEGACY_SOURCE_MANIFEST
SRC01336,K231324,https://www.accessdata.fda.gov/cdrh_docs/pdf23/K231324.pdf,510k_summary_pdf,0e7818f1cd900963b632af67ea907c0060877c418e782a64c6749c03d2fe9860,307feef0f8a6a61479e5f2c0cebc206223054497de2100d39e03b655870f8309,2026-06-30T14:03:16+00:00,success,LEGACY_SOURCE_MANIFEST
SRC01337,K232412,https://www.accessdata.fda.gov/scripts/cdrh/cfdocs/cfpmn/pmn.cfm?ID=K232412,fda_database_entry_html,7e932fb2ed79cde550118d1ade5e3bd2fcbed272adbfc6a8cc6a4272f3e85cb3,62403e127bd9a9e40b7562504ebe2a9be7b097b7dce5e249648f5e92eeb0c812,2026-06-30T14:03:21+00:00,success,LEGACY_SOURCE_MANIFEST
SRC01338,K232412,https://www.accessdata.fda.gov/cdrh_docs/pdf23/K232412.pdf,510k_summary_pdf,3988e10100e3cab38eaa7c2842157b694db8247be87520decf50448d62ad3afd,9adcdd4517a8a1ec9e41eb82e3e8329baf5d734c96708772848ceee28561222f,2026-06-30T14:03:24+00:00,success,LEGACY_SOURCE_MANIFEST
SRC01339,K231068,https://www.accessdata.fda.gov/scripts/cdrh/cfdocs/cfpmn/pmn.cfm?ID=K231068,fda_database_entry_html,f2e871baadc28cfae0c1a332756a93f6aeca4b91863c373ec5b02c64315155a4,073d7b462fdd8d032f053968a3f9d1a4731df69882f4f921d4657a5c6608ae6e,2026-06-30T14:03:26+00:00,success,LEGACY_SOURCE_MANIFEST
SRC01340,K231068,https://www.accessdata.fda.gov/cdrh_docs/pdf23/K231068.pdf,510k_summary_pdf,4da1a68ccaf57e40b70f99993ea1d837fc7cfa1b2b74a66090ea63511e55d359,b6b41248525992081780b0eb7770f73156e91e61bf4a1ac24613e6cafb357f10,2026-06-30T14:03:30+00:00,success,LEGACY_SOURCE_MANIFEST
SRC01341,K231917,https://www.accessdata.fda.gov/scripts/cdrh/cfdocs/cfpmn/pmn.cfm?ID=K231917,fda_database_entry_html,3d1c9bfa4163d63a354939b407bd106d7f02698079947c2f37a053834699090f,5c7b9143efe81042539679c27e7fa38e755987426db68109f27f4cac2c3d7e87,2026-06-30T14:03:39+00:00,success,LEGACY_SOURCE_MANIFEST
SRC01342,K231917,https://www.accessdata.fda.gov/cdrh_docs/pdf23/K231917.pdf,510k_summary_pdf,22e05db2bb33c739687a12a366895fe9f2b9c92fd7593362c795f0c5f81805ff,23b1fbd62cf92b2ccda7a0b091e17ea13fd0807d3d05f1434be297f3bac437bc,2026-06-30T14:03:44+00:00,success,LEGACY_SOURCE_MANIFEST
SRC01343,K232808,https://www.accessdata.fda.gov/scripts/cdrh/cfdocs/cfpmn/pmn.cfm?ID=K232808,fda_database_entry_html,9c759278349be33ccb8c1b714fb9f32f29d0568ab6d0c7aed6e6d28771555067,3ed0ca6034b6750f15e1fa30a50c675b5b589ceea6ebe2bf851c0e9cc22f8af8,2026-06-30T14:03:42+00:00,success,LEGACY_SOURCE_MANIFEST
SRC01344,K232808,https://www.accessdata.fda.gov/cdrh_docs/pdf23/K232808.pdf,510k_summary_pdf,7700cae3cab5f914521c0ab34240842ad4549678c69a7fed109da55b7d3fae06,1ab1df6b7d6edda313323e24f5768ebe44e8e7e5f619038f55d7057c5899a2b2,2026-06-30T14:03:46+00:00,success,LEGACY_SOURCE_MANIFEST
SRC01345,K231779,https://www.accessdata.fda.gov/scripts/cdrh/cfdocs/cfpmn/pmn.cfm?ID=K231779,fda_database_entry_html,5833c02fffec836ee9426e835c1716ba16687e506d7aacac880d3fa315a98200,ec3130b300818b4f4cf51a9859ecb5b69deed6e497dd52717bc11e26e74c7829,2026-06-30T14:04:09+00:00,success,LEGACY_SOURCE_MANIFEST
SRC01346,K231779,https://www.accessdata.fda.gov/cdrh_docs/pdf23/K231779.pdf,510k_summary_pdf,c88cf5930234a1837f17736e622656a6cac54e14f98511b81c489a7d045092b2,f11bfdf7417a800ed7da9adc26cdf389b3abd7c777a07054dd693ad42979e539,2026-06-30T14:04:22+00:00,success,LEGACY_SOURCE_MANIFEST
SRC01347,K231130,https://www.accessdata.fda.gov/scripts/cdrh/cfdocs/cfpmn/pmn.cfm?ID=K231130,fda_database_entry_html,26437cc7e38eb361821e861420506a71ef179ce09e01bd1e9ed4f757884647ac,04a4e41c1c924b2e0e00a6a99d9bfa145f25548988ef6f8e283161f801a1bb9c,2026-06-30T14:04:15+00:00,success,LEGACY_SOURCE_MANIFEST
SRC01348,K231130,https://www.accessdata.fda.gov/cdrh_docs/pdf23/K231130.pdf,510k_summary_pdf,4826d079d421567a4cb201598efe1b4d5ace6294355d74c1d0f89bb9c16d6c42,806a658b879b5d2c489db306689c7007270dee8cbb1111a144a7875b04ff51f3,2026-06-30T14:04:20+00:00,success,LEGACY_SOURCE_MANIFEST
SRC01349,K232535,https://www.accessdata.fda.gov/scripts/cdrh/cfdocs/cfpmn/pmn.cfm?ID=K232535,fda_database_entry_html,f4c653fb9a7f9dddab0f40b5234e540321d07dec4624989dbf780187ff9acadd,75677f717362d3f254093efa781af7797839ac8d599026928e606704a2a89974,2026-06-30T14:04:22+00:00,success,LEGACY_SOURCE_MANIFEST
SRC01350,K232535,https://www.accessdata.fda.gov/cdrh_docs/pdf23/K232535.pdf,510k_summary_pdf,ba457626a71142d9f24c979aaadb2365ddde8fc9f4fc72788954bad6547fa59d,26ab926082323e12c01a25e84bc54db689df1e98fc1ae1fb5c908deadbc7f3f6,2026-06-30T14:04:25+00:00,success,LEGACY_SOURCE_MANIFEST
SRC01351,K232479,https://www.accessdata.fda.gov/scripts/cdrh/cfdocs/cfpmn/pmn.cfm?ID=K232479,fda_database_entry_html,6992594ec3f1eadf5054edb4f76c326070780da0fcf635d8073629d5cbcc307c,c57116104331fe34f7087a066a252fa790843832ebe689a7614bf5768a58740d,2026-06-30T14:04:25+00:00,success,LEGACY_SOURCE_MANIFEST
SRC01352,K232479,https://www.accessdata.fda.gov/cdrh_docs/pdf23/K232479.pdf,510k_summary_pdf,7ff17f7cc1f0614e09c23296b46edd675310788a386b0f5bb5ecf8c9095525e3,8cc473566f6cfbfb633f0afcfb00141bdf463b5a520d08d757c7037bff44e647,2026-06-30T14:04:27+00:00,success,LEGACY_SOURCE_MANIFEST
SRC01353,K231805,https://www.accessdata.fda.gov/scripts/cdrh/cfdocs/cfpmn/pmn.cfm?ID=K231805,fda_database_entry_html,4ee55649f0cba3689702ad19ee41ce6b7cfc33002bf2bb4d3ced375467e4ace9,82fefe56567b540a54be37bbb9dcb461d7d1320ac5f55f15497ce987345d07e2,2026-06-30T14:04:37+00:00,success,LEGACY_SOURCE_MANIFEST
SRC01354,K231805,https://www.accessdata.fda.gov/cdrh_docs/pdf23/K231805.pdf,510k_summary_pdf,36720a385421b287b5457fb358191058bf00190ec6e99616d36944d16c64bd27,0d8575d92b9e5f5c8401a7afc911f864be6f619592b1a10a0591354ee431e331,2026-06-30T14:04:39+00:00,success,LEGACY_SOURCE_MANIFEST
SRC01355,K233112,https://www.accessdata.fda.gov/scripts/cdrh/cfdocs/cfpmn/pmn.cfm?ID=K233112,fda_database_entry_html,7313bce3432367d6c082b7934729df70225ef5c59ab27becb709a448d637f8cc,57a2c745575403e46dd53d1fc4ba92084647949d15f12a4420d0cc988b9f0b21,2026-06-30T14:04:39+00:00,success,LEGACY_SOURCE_MANIFEST
SRC01356,K233112,https://www.accessdata.fda.gov/cdrh_docs/pdf23/K233112.pdf,510k_summary_pdf,02db840b913121ac8f9271ffa78243198404c4dd98e0d5f12981d30653749492,c512a3a0ecb8c5be7af9bbae3228295dbcb2a973e9772cd490f8f7b3964f9134,2026-06-30T14:04:40+00:00,success,LEGACY_SOURCE_MANIFEST
SRC01357,K233176,https://www.accessdata.fda.gov/scripts/cdrh/cfdocs/cfpmn/pmn.cfm?ID=K233176,fda_database_entry_html,eea49c677cc532b1ed05210a69ef34564cd5fd87cde76881d76c86d1e85cb750,706a5ac368bdee725803e188b772c98e2a66428cdc2611079d236b17876969b8,2026-06-30T14:04:42+00:00,success,LEGACY_SOURCE_MANIFEST
SRC01358,K233176,https://www.accessdata.fda.gov/cdrh_docs/pdf23/K233176.pdf,510k_summary_pdf,5193fd5c6835b03927ad37410683e58957a07a60cfbef6e089e66d4b794e15c5,dc212979ed20cf77ff55e5f28e5b07899e4ec62886f30a173a9bf0104680c21d,2026-06-30T14:04:48+00:00,success,LEGACY_SOURCE_MANIFEST
SRC01359,K230850,https://www.accessdata.fda.gov/scripts/cdrh/cfdocs/cfpmn/pmn.cfm?ID=K230850,fda_database_entry_html,7465b8240be5a0cdc8bb78d438cb5db7c92f8efd52dab33338086207c52dc285,c5e7d441bd449f6c9455a2cbc23707d7a5455c36342736d272225d07894950a8,2026-06-30T14:04:50+00:00,success,LEGACY_SOURCE_MANIFEST
SRC01360,K230850,https://www.accessdata.fda.gov/cdrh_docs/pdf23/K230850.pdf,510k_summary_pdf,3542ea68bbaa77ff3c74109c4b7279d43a7808e480daa085791a6806b17f2753,5270c4c7243dae8ede0c5c9ef3b7bffa1fd324b2ae4159a621cf347ac5bb9036,2026-06-30T14:04:51+00:00,success,LEGACY_SOURCE_MANIFEST
SRC01361,K231587,https://www.accessdata.fda.gov/scripts/cdrh/cfdocs/cfpmn/pmn.cfm?ID=K231587,fda_database_entry_html,e2fc7bec7f33ab42b5cdfe4fbf30238d9c254fe82369c0d9366c22fc9ad14954,b7d268ca81c5184f711350ae4221ed9cf2d12fb0910974cae46f1b338197ebf1,2026-06-30T14:05:01+00:00,success,LEGACY_SOURCE_MANIFEST
SRC01362,K231587,https://www.accessdata.fda.gov/cdrh_docs/pdf23/K231587.pdf,510k_summary_pdf,4cf6949e0dd36048a183f7b023d75bbc7a1d7202ca7fb2270ece87ae150b2ca8,2f0c51ca250059794120213c55e852d22d7fd2cf3ed503bbc112e2f961bfd7f7,2026-06-30T14:05:05+00:00,success,LEGACY_SOURCE_MANIFEST
SRC01363,K231929,https://www.accessdata.fda.gov/scripts/cdrh/cfdocs/cfpmn/pmn.cfm?ID=K231929,fda_database_entry_html,3d795f9384d04a43495c9061242653efcd1be8c407a70d65aded956961138997,a03e665e75ca792d100fe430b80e69ff16c077f3484625625c934afd506e2e9f,2026-06-30T14:05:03+00:00,success,LEGACY_SOURCE_MANIFEST
SRC01364,K231929,https://www.accessdata.fda.gov/cdrh_docs/pdf23/K231929.pdf,510k_summary_pdf,54f20ea554137190c3db1ee1156b491226d8c8c81a4b6cedd761f6efc7092f61,aa841651ed6d7ebe92ba0e059a7d69a5b4f4605dac963f3ae5583e1d8c34c2a3,2026-06-30T14:05:05+00:00,success,LEGACY_SOURCE_MANIFEST
SRC01365,K230751,https://www.accessdata.fda.gov/scripts/cdrh/cfdocs/cfpmn/pmn.cfm?ID=K230751,fda_database_entry_html,c5aa9abc26cd3d70c205ed12feab30f4c639bc5cea7e7b329bc2a902451afd6f,39db44bc135b543e5c2eaeeea545e0bdff7c3724e28f5fcd4cbb9897e350b8e0,2026-06-30T14:05:11+00:00,success,LEGACY_SOURCE_MANIFEST
SRC01366,K230751,https://www.accessdata.fda.gov/cdrh_docs/pdf23/K230751.pdf,510k_summary_pdf,0a3032d30e7930a4feb04bbcf34d8eafaa2692847eda570fc97f505e4b4d2853,5ef77f53f6ebc1a11710f9ebbd5621ea127ee1803f18c2637698aa7bbbc730f3,2026-06-30T14:05:14+00:00,success,LEGACY_SOURCE_MANIFEST
SRC01367,K232384,https://www.accessdata.fda.gov/scripts/cdrh/cfdocs/cfpmn/pmn.cfm?ID=K232384,fda_database_entry_html,913cbf01980a922aa206360fc1475b95e77c80d5d724b7eaa05101a0a851ac44,735de98517c7de4374f588fd63ecd586344f633c2b3a42041a0d600d9c1778a9,2026-06-30T14:05:19+00:00,success,LEGACY_SOURCE_MANIFEST
SRC01368,K232384,https://www.accessdata.fda.gov/cdrh_docs/pdf23/K232384.pdf,510k_summary_pdf,c208f0cadcdcf4c6835f5fd4cb3b900e06d796198922d90dc1d97180ee197f04,ee2ef32bc8029e1a813566941490db17bf8abdb3653ce000693d6ed00d70279e,2026-06-30T14:05:20+00:00,success,LEGACY_SOURCE_MANIFEST
SRC01369,K231570,https://www.accessdata.fda.gov/scripts/cdrh/cfdocs/cfpmn/pmn.cfm?ID=K231570,fda_database_entry_html,d236fd2b65afb208fe5d2be217240d49eecebe1395fcdadecba00dfe0617c81d,c6c083f4f8f0b1d9eabfa47e2c33579393c96ab5e293be3f134eee87406dc0e0,2026-06-30T14:05:23+00:00,success,LEGACY_SOURCE_MANIFEST
SRC01370,K231570,https://www.accessdata.fda.gov/cdrh_docs/pdf23/K231570.pdf,510k_summary_pdf,7693b75fcdbe46f93098de4f9385f64d0f7d2caa4e643b1a651e445320953a0e,1ba9da4d86ae238db0d68a2f448ab40f4c7a0155b05c90f76112b0cf864b3067,2026-06-30T14:05:25+00:00,success,LEGACY_SOURCE_MANIFEST
SRC01371,K232231,https://www.accessdata.fda.gov/scripts/cdrh/cfdocs/cfpmn/pmn.cfm?ID=K232231,fda_database_entry_html,3efb904e00b261d2d95615337368bd473894f4b345069e675ba8cdcbeb132c5a,e842bfe890a263f8a082b523e7e68c539def710c0b22fa8f2c18a7f7f4dc44f2,2026-06-30T14:05:25+00:00,success,LEGACY_SOURCE_MANIFEST
SRC01372,K232231,https://www.accessdata.fda.gov/cdrh_docs/pdf23/K232231.pdf,510k_summary_pdf,6041186dc670e8c8f6dba3cd8b7c436bdf086474f94b57a90350243577ab800e,4c6e059416d08d5a39551e2042296051a9ac92935908c8123db3d64ea8040794,2026-06-30T14:05:29+00:00,success,LEGACY_SOURCE_MANIFEST
SRC01373,K232237,https://www.accessdata.fda.gov/scripts/cdrh/cfdocs/cfpmn/pmn.cfm?ID=K232237,fda_database_entry_html,292e9350d7975edab6a19eae5946b1372832363fd996d7cf79e29803e36bff57,f112f3c8d52dd69cff3ea056a4f2183983bdff4e201331925e85414bdea0e4e8,2026-06-30T14:05:34+00:00,success,LEGACY_SOURCE_MANIFEST
SRC01374,K232237,https://www.accessdata.fda.gov/cdrh_docs/pdf23/K232237.pdf,510k_summary_pdf,10baaa4eeb6a5afdbf0104cb83a480c9acd45adc0a81bff2e3e8fe6fd267c22f,f01dcdf69b007e9c661464ba9fa5bea84523693b3722cf46875e2d2795f58dcb,2026-06-30T14:05:36+00:00,success,LEGACY_SOURCE_MANIFEST
SRC01375,DEN230027,https://www.accessdata.fda.gov/scripts/cdrh/cfdocs/cfpmn/denovo.cfm?ID=DEN230027,fda_database_entry_html,234dd3f0abf4e5368cc5b4abe1225215c213c273e38a4b721ff3f638dae0de23,4270acd30de7ff52bf028d3dc36a8cca975a64f3a38ccc10e2d3cd74249c2ed2,2026-06-30T14:05:41+00:00,success,LEGACY_SOURCE_MANIFEST
SRC01376,DEN230027,https://www.accessdata.fda.gov/cdrh_docs/pdf23/DEN230027.pdf,approval_order_pdf,8f180e0d870082a563ea5c73c29aaf152d128132ba65a35139c4a3de07c1d65a,1e492f800b2c27b691d96432ce800f61d13b5fb6d32d57cf6a9d4db903264c43,2026-06-30T14:05:42+00:00,success,LEGACY_SOURCE_MANIFEST
SRC01377,DEN230027,http://www.accessdata.fda.gov/cdrh_docs/reviews/DEN230027.pdf,de_novo_summary_pdf,9c87d8217e4ee123331a535404cddc5452c05f21768a4d257b322a09372d0c36,26bd8bc4e17e3a3fabb233654e512be1bbb184a9d5126ecf1553ca4ff9c66260,2026-06-30T14:05:48+00:00,success,LEGACY_SOURCE_MANIFEST
SRC01378,K232096,https://www.accessdata.fda.gov/scripts/cdrh/cfdocs/cfpmn/pmn.cfm?ID=K232096,fda_database_entry_html,5c5996a93021bd43b7ffbb000a2e71208d0037bb9a358158e3f051a54570f150,01dad080124c453392ca806a1ef8b7126ecbe3f3a46a57c84e9dbbdc3dc8f698,2026-06-30T14:05:43+00:00,success,LEGACY_SOURCE_MANIFEST
SRC01379,K232096,https://www.accessdata.fda.gov/cdrh_docs/pdf23/K232096.pdf,510k_summary_pdf,f5fb8d69a0d07215e4dd1f76678c5f2e8ab24fb3e363339ba59a337d5dbde774,f7310b2dccb384ca5d25883678bbb4b6b7fe8ae65d7cf9416bb215f28dd9b652,2026-06-30T14:05:45+00:00,success,LEGACY_SOURCE_MANIFEST
SRC01380,K231898,https://www.accessdata.fda.gov/scripts/cdrh/cfdocs/cfpmn/pmn.cfm?ID=K231898,fda_database_entry_html,bfec6aa4b57c993778f1b6e545b4151880c017cd80ed911436acc852720c1657,fc48171b939afc73954d9951d16a68010e907c32840e3f0bfd49b54afbb6a646,2026-06-30T14:05:46+00:00,success,LEGACY_SOURCE_MANIFEST
SRC01381,K231898,https://www.accessdata.fda.gov/cdrh_docs/pdf23/K231898.pdf,510k_summary_pdf,4f664aff1fd1e842fce3bed09c9800d38e08e8a89d3d20d9707243694ab2de46,86c2440864fe4a0b181cbfaa169b6ddff4fb8e3b7b1e2f58ee2008e5892bb9d8,2026-06-30T14:05:49+00:00,success,LEGACY_SOURCE_MANIFEST
SRC01382,K223757,https://www.accessdata.fda.gov/scripts/cdrh/cfdocs/cfpmn/pmn.cfm?ID=K223757,fda_database_entry_html,672ebb67f8572283868ea8c8f23db31651a12e6118f9e9ea5da08a67286ac653,c9a4e3cac91bf80b66d30c1270153451c169952b9ad04505d955223eed74ab7e,2026-06-30T14:05:56+00:00,success,LEGACY_SOURCE_MANIFEST
SRC01383,K223757,https://www.accessdata.fda.gov/cdrh_docs/pdf22/K223757.pdf,510k_summary_pdf,dd0c1010c51116d8117e17b441be385d975377d65e0ec0010f17ec34ae5d9ffc,331c850d3a19510156958dcbfb12bd1ec0025f9c3595f209a87077f5a526d29c,2026-06-30T14:06:01+00:00,success,LEGACY_SOURCE_MANIFEST
SRC01384,K232381,https://www.accessdata.fda.gov/scripts/cdrh/cfdocs/cfpmn/pmn.cfm?ID=K232381,fda_database_entry_html,e58c8c0bc93e48b598ac048861e3530ee7c6456f95d1cd289714f7c1e420b1a0,0c767cb8e72b286cb37d93b038fc7adaf61d6666ed5bc01aa38a5e71c3486152,2026-06-30T14:05:57+00:00,success,LEGACY_SOURCE_MANIFEST
SRC01385,K232381,https://www.accessdata.fda.gov/cdrh_docs/pdf23/K232381.pdf,510k_summary_pdf,31bf402d8a3339a21d8af3037fdb7bc14ed401ef187c302c4d5503bef79c970c,a557a6c19cf0eff9bf3daa60b162130166487bee4c6e2afc0a4de831ac5355a8,2026-06-30T14:06:00+00:00,success,LEGACY_SOURCE_MANIFEST
SRC01386,K232661,https://www.accessdata.fda.gov/scripts/cdrh/cfdocs/cfpmn/pmn.cfm?ID=K232661,fda_database_entry_html,6c9bda045d234fbda653232a2cd5f761614a381486df8d8ffc483a185b194d5e,cb6469038b2cdb2794a078750c6c33551b04e721a32bf6ac4a5b3aeea49d5404,2026-06-30T14:06:04+00:00,success,LEGACY_SOURCE_MANIFEST
SRC01387,K232661,https://www.accessdata.fda.gov/cdrh_docs/pdf23/K232661.pdf,510k_summary_pdf,9577154b1893711c1f419b162f352f742039901effd67ca1fb7f4a7ed03731fa,e968839613a2d54fcd2c1bea1ff7273275e1a4adb2f397e61084830ec7b4b951,2026-06-30T14:06:07+00:00,success,LEGACY_SOURCE_MANIFEST
SRC01388,K233334,https://www.accessdata.fda.gov/scripts/cdrh/cfdocs/cfpmn/pmn.cfm?ID=K233334,fda_database_entry_html,69fb954dc32de6e86dbc4fd27d82f667b4ad19aeebcabf4671bd28cb59738c6f,2af19d4813d3f710281ac8fef95c2ab3de89ff2d45e2460de36925aaaebe81f0,2026-06-30T14:06:09+00:00,success,LEGACY_SOURCE_MANIFEST
SRC01389,K233334,https://www.accessdata.fda.gov/cdrh_docs/pdf23/K233334.pdf,510k_summary_pdf,e537e6fb206f74eb698984d4854b720057762f441fa28b9bf217bf289791e759,1aaea369bfafb4bc8c4beef008264916c2c2e7525146306574561978abd8c3a2,2026-06-30T14:06:13+00:00,success,LEGACY_SOURCE_MANIFEST
SRC01390,K233562,https://www.accessdata.fda.gov/scripts/cdrh/cfdocs/cfpmn/pmn.cfm?ID=K233562,fda_database_entry_html,af3a3cd06f5e174cd6d343b26456aa62fec291e49c268c41724607d8e5af890d,aa586b3f3ab8e3f1087ed7582c612c6a8b651cbd844a40de2d39b03c07fc1330,2026-06-30T14:06:21+00:00,success,LEGACY_SOURCE_MANIFEST
SRC01391,K233562,https://www.accessdata.fda.gov/cdrh_docs/pdf23/K233562.pdf,510k_summary_pdf,886760177c2cafddd635ee3913fbea508c1e82672bad7343a9058deef8126d8e,668124bdbb25502a76531fdece37e3d7bcb840b4b2991c435d4f75abb01ff4f8,2026-06-30T14:06:22+00:00,success,LEGACY_SOURCE_MANIFEST
SRC01392,K232440,https://www.accessdata.fda.gov/scripts/cdrh/cfdocs/cfpmn/pmn.cfm?ID=K232440,fda_database_entry_html,c0feb182ce0201feeef386959b7459f970c04acd8ef1a11e0088740e7dd0e524,9aeec2b6b37907304fbaae61c0c0dc9ba70edcc1f3e8181036a2dabd01342db6,2026-06-30T14:06:27+00:00,success,LEGACY_SOURCE_MANIFEST
SRC01393,K232440,https://www.accessdata.fda.gov/cdrh_docs/pdf23/K232440.pdf,510k_summary_pdf,8398394e0702ea542df8d71da0a34ec1632cd19f7ee89a42ccc236f3ab61ab02,331a4771e151a7e948b6f55e51c3a8cdf2f86ab36a9f92c2dd50e98c7bda3e47,2026-06-30T14:06:32+00:00,success,LEGACY_SOURCE_MANIFEST
SRC01394,K233568,https://www.accessdata.fda.gov/scripts/cdrh/cfdocs/cfpmn/pmn.cfm?ID=K233568,fda_database_entry_html,5fd08a1d39f4fe29241f693f49335561ef09c2c3ad0a8f51791d3b8e9a8e9a98,5c3442ef0790acc0011f168cdf8dda72d62691634f84fee87c240782d6242249,2026-06-30T14:06:35+00:00,success,LEGACY_SOURCE_MANIFEST
SRC01395,K233568,https://www.accessdata.fda.gov/cdrh_docs/pdf23/K233568.pdf,510k_summary_pdf,3785dfff2086fff6d7be3b8e624ce898e3a6b7564f4cbe09d2c79cc4b8fc037e,e3027edc9def987659e3086fbc6b04e1c5bea45bd96a30159ee128e3c39df39c,2026-06-30T14:06:38+00:00,success,LEGACY_SOURCE_MANIFEST
SRC01396,K232856,https://www.accessdata.fda.gov/scripts/cdrh/cfdocs/cfpmn/pmn.cfm?ID=K232856,fda_database_entry_html,e9125c09edbaf1d8ccb6234955cec326481f1370533d4c4c8a5aa963a4fb8574,bbb97e7db4eb4258b9c096585390f3bee2b10e42d9e4d65f02242cc9a7359f70,2026-06-30T14:06:43+00:00,success,LEGACY_SOURCE_MANIFEST
SRC01397,K232856,https://www.accessdata.fda.gov/cdrh_docs/pdf23/K232856.pdf,510k_summary_pdf,8a9799b15f5f4fc27aee6e06aa834dfa867b3f6781bc684b578330bede711fc8,4690abbf4ad3dee045dccfc35b7a7e35389ad97c0f95ba920f355c08f09af809,2026-06-30T14:06:52+00:00,success,LEGACY_SOURCE_MANIFEST
SRC01398,K233545,https://www.accessdata.fda.gov/scripts/cdrh/cfdocs/cfpmn/pmn.cfm?ID=K233545,fda_database_entry_html,045f0aaa1e2d17e8f88ef58930e12f3dd0c4a4ec632bb8b814254105dff8c6c8,8560f86f814ee6adc8c01c17262dd1561d8873744ff0aa84d940a2391233dad9,2026-06-30T14:06:49+00:00,success,LEGACY_SOURCE_MANIFEST
SRC01399,K233545,https://www.accessdata.fda.gov/cdrh_docs/pdf23/K233545.pdf,510k_summary_pdf,971957b47ad51d0e0dd76ba146dc9e7dd29cab81b315b96058931af06ca39847,4def1b6525128a5a6384a2327acc965053babbf1a4d972dee196025b60f54645,2026-06-30T14:06:55+00:00,success,LEGACY_SOURCE_MANIFEST
SRC01400,K230179,https://www.accessdata.fda.gov/scripts/cdrh/cfdocs/cfpmn/pmn.cfm?ID=K230179,fda_database_entry_html,b72e88f6e93c999a5b24a7b563a78baae30483ad6814ea2884f0a6e08b278e0d,54bd293bf921f92ce90bcc555d731934270d6c908eef82a816bb559d4db25c98,2026-06-30T14:06:58+00:00,success,LEGACY_SOURCE_MANIFEST
SRC01401,K230179,https://www.accessdata.fda.gov/cdrh_docs/pdf23/K230179.pdf,510k_summary_pdf,d1ff92cabb781b8efdf622d1e53a4cadf3f7d9403eb61f6791e93e600dc87aaf,2d20a247c89700e8b1d02428d0e93f33cba973174638b669d55ceff62bc2af7c,2026-06-30T14:07:03+00:00,success,LEGACY_SOURCE_MANIFEST
SRC01402,K231631,https://www.accessdata.fda.gov/scripts/cdrh/cfdocs/cfpmn/pmn.cfm?ID=K231631,fda_database_entry_html,0ca737590a7028bf93fe7c83b3b0df540d9779ee5abcf2e2427555d032c6254e,8abc31741222d05f9f30d4c4dba57822b596f8545dfe336e91edb99873c565f7,2026-06-30T14:07:05+00:00,success,LEGACY_SOURCE_MANIFEST
SRC01403,K231631,https://www.accessdata.fda.gov/cdrh_docs/pdf23/K231631.pdf,510k_summary_pdf,0501f729439dae2f9af8bac36d587277f251d53c3b3f4387e1a4e0c97a1f74c7,1116527f3fa2d28da1f56880d479379c9f7f2ef0c090727a63b0395fc45fc583,2026-06-30T14:07:08+00:00,success,LEGACY_SOURCE_MANIFEST
SRC01404,K232000,https://www.accessdata.fda.gov/scripts/cdrh/cfdocs/cfpmn/pmn.cfm?ID=K232000,fda_database_entry_html,64e1e1429fa74b7e6c99507146ab46686cb1ac1536b00ebe29b90d843f7a2c70,2e200e15752523d74fb5fb9c3019d6b6817b75a4734a760b1edc477b8f09a5db,2026-06-30T14:07:14+00:00,success,LEGACY_SOURCE_MANIFEST
SRC01405,K232000,https://www.accessdata.fda.gov/cdrh_docs/pdf23/K232000.pdf,510k_summary_pdf,1cada08bbe3cae7b99735ef2fdf53da901bf8b685c7330278ca593222fd38253,c72270120c2152c5fdeb873669fe8aa1e69064bc7abb4f47e815ed93776f186b,2026-06-30T14:07:18+00:00,success,LEGACY_SOURCE_MANIFEST
SRC01406,K233243,https://www.accessdata.fda.gov/scripts/cdrh/cfdocs/cfpmn/pmn.cfm?ID=K233243,fda_database_entry_html,38fc826df9ff8bdd031af8dccd2c4ac8bd146127624fd245a0155ba6375e4b66,2cc348b08419c9cf9df4598a967e33d61a3ae973f6855a0a40216458dcbf0bab,2026-06-30T14:07:14+00:00,success,LEGACY_SOURCE_MANIFEST
SRC01407,K233243,https://www.accessdata.fda.gov/cdrh_docs/pdf23/K233243.pdf,510k_summary_pdf,c8d75d570ec33ee88664ab76cd4a4224c47bf3d1b5a4f06c3dba9dffd7684370,1e045e18c12b872d6a5954d09cb4cdc1c2de278464cba56ff1151b7553e99c2b,2026-06-30T14:07:15+00:00,success,LEGACY_SOURCE_MANIFEST
SRC01408,K232496,https://www.accessdata.fda.gov/scripts/cdrh/cfdocs/cfpmn/pmn.cfm?ID=K232496,fda_database_entry_html,9b3ceb278dc4cfddb81898c01c2208e5274d12ca3f08cb2300f387b7ff3f4eb3,7a0336d23e94e797ccbac439874c9113a47499f50e082a4bf74152747eeb8be5,2026-06-30T14:07:19+00:00,success,LEGACY_SOURCE_MANIFEST
SRC01409,K232496,https://www.accessdata.fda.gov/cdrh_docs/pdf23/K232496.pdf,510k_summary_pdf,3e9aef41e60f0c4dfed3b843a4c41b9acf1c7e8430a581b46d16ed5e970bd023,63d746471ddd388491e833219b0fa422b78c473e6b7745a710ea3593255c3742,2026-06-30T14:07:24+00:00,success,LEGACY_SOURCE_MANIFEST
SRC01410,K232501,https://www.accessdata.fda.gov/scripts/cdrh/cfdocs/cfpmn/pmn.cfm?ID=K232501,fda_database_entry_html,97eba51e097c8fe4360d9b0cc444c0edef2f9e39d60552f9db9c3be5440c7bca,50499a99693549406b4cae4c59044279b584fe59efbc9a35e2eedde6a22c3e05,2026-06-30T14:07:21+00:00,success,LEGACY_SOURCE_MANIFEST
SRC01411,K232501,https://www.accessdata.fda.gov/cdrh_docs/pdf23/K232501.pdf,510k_summary_pdf,a51c8348408d6b6b2792e6a5778d35c09f1ef78bb0626842ed5c443176cd062f,158d647216b187c92f726ecbca4f9def9e80c0b00dd011b9217b5557e0cc333b,2026-06-30T14:07:25+00:00,success,LEGACY_SOURCE_MANIFEST
SRC01412,K232841,https://www.accessdata.fda.gov/scripts/cdrh/cfdocs/cfpmn/pmn.cfm?ID=K232841,fda_database_entry_html,dc121e07487b8cbe19881dad7cdb8f7048c20963daa838a1f61e3824cb2a0a78,cff8c0041538720cda59f41a93951e064a3068f344a7fbbd1d8f56bc1268460c,2026-06-30T14:07:32+00:00,success,LEGACY_SOURCE_MANIFEST
SRC01413,K232841,https://www.accessdata.fda.gov/cdrh_docs/pdf23/K232841.pdf,510k_summary_pdf,e32a2128dee1fc58c2d31395f864230d4d5c85f62f4376b921a157670a83495c,b0d4b15c9cae1523ca1b6793e741ee81c70d7ce2e297cc91cbcd33a05d894a48,2026-06-30T14:07:34+00:00,success,LEGACY_SOURCE_MANIFEST
SRC01414,K232494,https://www.accessdata.fda.gov/scripts/cdrh/cfdocs/cfpmn/pmn.cfm?ID=K232494,fda_database_entry_html,2f15401b1a72df0229bf5f25c2278435d70e07a8a239da8f4e0bb1cec7955fc3,e0cb274d7155572d526f9e453f053c604857aa77990f61998477f50f3f5fce7e,2026-06-30T14:07:36+00:00,success,LEGACY_SOURCE_MANIFEST
SRC01415,K232494,https://www.accessdata.fda.gov/cdrh_docs/pdf23/K232494.pdf,510k_summary_pdf,611f1a76c08c51d3d23675a3beb890b947e26446b04c596c0a214656255200c2,ccea1100ee150551ceb60cec970ac024aa477c945da7827404d2f62c358bc21e,2026-06-30T14:07:41+00:00,success,LEGACY_SOURCE_MANIFEST
SRC01416,K232083,https://www.accessdata.fda.gov/scripts/cdrh/cfdocs/cfpmn/pmn.cfm?ID=K232083,fda_database_entry_html,909ca78aa84cc47996e8f96e0f51b6ac393c99f1449ada794ac07c39ccccf11b,e5171b0cc0ea067e914f4c187f46360679e29b460ba37dca09e63a0d4aa097fc,2026-06-30T14:07:45+00:00,success,LEGACY_SOURCE_MANIFEST
SRC01417,K232083,https://www.accessdata.fda.gov/cdrh_docs/pdf23/K232083.pdf,510k_summary_pdf,77f33a3ba0fdb98c193c09663d1ca3f1b2a72483a1b612e0c6fed9634eee9f24,57f46e32de0aefaeed1255d3eb6cbb2d5e9ff8287f68584e98e491f715566b91,2026-06-30T14:07:47+00:00,success,LEGACY_SOURCE_MANIFEST
SRC01418,K232257,https://www.accessdata.fda.gov/scripts/cdrh/cfdocs/cfpmn/pmn.cfm?ID=K232257,fda_database_entry_html,a9a7cb9191099027defe8d6c55d189907f09969f26351f46ab4ad32c3bae0249,850b51e5d9392c2b31d379d1aaae974290230ef2c86958a845ce3c3df26095f4,2026-06-30T14:07:56+00:00,success,LEGACY_SOURCE_MANIFEST
SRC01419,K232257,https://www.accessdata.fda.gov/cdrh_docs/pdf23/K232257.pdf,510k_summary_pdf,3bd5a544c12a23581b60553d111f833f05b5b3eb6e56107d0666f3194e55afd7,e41c6053c7cdae92804f288110cec18a2ad353166cc380e70217303c21c91cdc,2026-06-30T14:08:01+00:00,success,LEGACY_SOURCE_MANIFEST
SRC01420,K223754,https://www.accessdata.fda.gov/scripts/cdrh/cfdocs/cfpmn/pmn.cfm?ID=K223754,fda_database_entry_html,6a80bd6fa5c7b4f4e1620bdc557325f124dd32cac4205bc537cdfeb5b0133480,22e61c2d03bce9f15ed4026541203c472c71cdc7445f06ce9e19b76621f64db9,2026-06-30T14:08:17+00:00,success,LEGACY_SOURCE_MANIFEST
SRC01421,K223754,https://www.accessdata.fda.gov/cdrh_docs/pdf22/K223754.pdf,510k_summary_pdf,1a711f24436189e2532800a2bba61e9a0dc8d770bb4d0de7f7c01d7668b46b57,857d772c9cf7e8184358f82fb8667d28b95f8f33a1a95ba6d9d2870334a7e376,2026-06-30T14:08:19+00:00,success,LEGACY_SOURCE_MANIFEST
SRC01422,K231617,https://www.accessdata.fda.gov/scripts/cdrh/cfdocs/cfpmn/pmn.cfm?ID=K231617,fda_database_entry_html,b2ce1d368f4f7f5b9c6d97befd2731207a3d295dfc283ef9e7b7b2b8bb59634a,ec3b4eeb476db3b6feb87f71ed5a912abf49b401e1bb62280c3498e640abd5c1,2026-06-30T14:08:17+00:00,success,LEGACY_SOURCE_MANIFEST
SRC01423,K231617,https://www.accessdata.fda.gov/cdrh_docs/pdf23/K231617.pdf,510k_summary_pdf,28d6f3db11fb0ae5861c530acfbfee065ed8f56aee348d6f28622e0ce82b5d79,9a2a9e527c8f229770a2f4140c86be99fa7f905c1eef851d1a425c96198203bf,2026-06-30T14:08:21+00:00,success,LEGACY_SOURCE_MANIFEST
SRC01424,K230534,https://www.accessdata.fda.gov/scripts/cdrh/cfdocs/cfpmn/pmn.cfm?ID=K230534,fda_database_entry_html,5084356ed655ddd3f9b7d58c5becb060a064ab4fb2aa1cda9e80f3e62f9ee02a,445dd8b19761bbb86aa5b3b6be0edfd183d85e2dc44733955ac6af4231dd54b1,2026-06-30T14:08:28+00:00,success,LEGACY_SOURCE_MANIFEST
SRC01425,K230534,https://www.accessdata.fda.gov/cdrh_docs/pdf23/K230534.pdf,510k_summary_pdf,6d1fbf89e51d533092954ae19615c251c7d709bf75ee38cfc27ea99e59089bbe,9d6cd02a095451aa312879731585c7905b2aca5b7ab177b602bf09aa8f69576d,2026-06-30T14:08:31+00:00,success,LEGACY_SOURCE_MANIFEST
SRC01426,K231765,https://www.accessdata.fda.gov/scripts/cdrh/cfdocs/cfpmn/pmn.cfm?ID=K231765,fda_database_entry_html,25f1d8e6604ea9297287a92269eeb07ddbd6761f0c132b4b77714b8e31db046d,51cb54dee10d46d5f699bd0f6479f999b08697a77a7e2de00380c0abdaddec08,2026-06-30T14:08:32+00:00,success,LEGACY_SOURCE_MANIFEST
SRC01427,K231765,https://www.accessdata.fda.gov/cdrh_docs/pdf23/K231765.pdf,510k_summary_pdf,f37e22b7f5c8d4cd81083e6eb2da31c6524161f8fd5248b0caded19dbf1e56ca,e71b72401a742cacaaf0c7701c8bce8f6fc11361eb3fc9fa9e8144984832cf55,2026-06-30T14:08:34+00:00,success,LEGACY_SOURCE_MANIFEST
SRC01428,K231966,https://www.accessdata.fda.gov/scripts/cdrh/cfdocs/cfpmn/pmn.cfm?ID=K231966,fda_database_entry_html,9bf36e790fe6d23b6d4661a61c706102caa2125d883274db40851dcfc5ba88d4,10c39c3ef75b0a61a294650b6f22e7ec5a1b00bd2a48f7f75560be1fac089e36,2026-06-30T14:08:34+00:00,success,LEGACY_SOURCE_MANIFEST
SRC01429,K231966,https://www.accessdata.fda.gov/cdrh_docs/pdf23/K231966.pdf,510k_summary_pdf,462d5fe56cabec00ee865818e2e383b78964c52473dc782e0ba8c42aa9ef6821,4ba70ed5cfebcb80a566b0748824e985efad90ad6f27cb34028284a8cc0a1907,2026-06-30T14:08:41+00:00,success,LEGACY_SOURCE_MANIFEST
SRC01430,K231989,https://www.accessdata.fda.gov/scripts/cdrh/cfdocs/cfpmn/pmn.cfm?ID=K231989,fda_database_entry_html,91d811cf45324a328efaa9fe642a9bfe09344ee9a906e3e784add3ebbe0247ec,236cfdaef1483c905f3c4e8328da585d4ec89911ec8ac9df441c4886ae1e8775,2026-06-30T14:08:45+00:00,success,LEGACY_SOURCE_MANIFEST
SRC01431,K231989,https://www.accessdata.fda.gov/cdrh_docs/pdf23/K231989.pdf,510k_summary_pdf,fe6d387ba54528544e1568e795c8a7e666919b78b02246ab6fc435b6627965f9,284b4a7b0b507ffd6bb587e05dd5b1712510a3cc7ffb971e031967bdb9861cb6,2026-06-30T14:08:48+00:00,success,LEGACY_SOURCE_MANIFEST
SRC01432,K231470,https://www.accessdata.fda.gov/scripts/cdrh/cfdocs/cfpmn/pmn.cfm?ID=K231470,fda_database_entry_html,6e183aea6b3a2f4c14d7e809e573b9dfdb45d50d9c577b5029f5bc3f49385332,25c165b44299a4707464954f38cf9ef2cb1dc567547a644b26c27ba79620750a,2026-06-30T14:08:48+00:00,success,LEGACY_SOURCE_MANIFEST
SRC01433,K231470,https://www.accessdata.fda.gov/cdrh_docs/pdf23/K231470.pdf,510k_summary_pdf,511fd01700a02c0a15b4a542819230c63df7a3db09f70de036895c3c988708cb,6b4990dcffacdbb78d2f2cf33d41a0e7a9fba011914b5c53940ff9ac0d6ad806,2026-06-30T14:08:54+00:00,success,LEGACY_SOURCE_MANIFEST
SRC01434,K231955,https://www.accessdata.fda.gov/scripts/cdrh/cfdocs/cfpmn/pmn.cfm?ID=K231955,fda_database_entry_html,8a6262421464db15f5bf107a6bcdcaf3e469d90c6fc60ab7b896f11b67e9eb13,14330eb13ea24ae614011bf87e322bccce462572a048d674386532075f60702c,2026-06-30T14:08:49+00:00,success,LEGACY_SOURCE_MANIFEST
SRC01435,K231955,https://www.accessdata.fda.gov/cdrh_docs/pdf23/K231955.pdf,510k_summary_pdf,f4bd1cc1eb044fffffb50f3f3cfd9b31281f56c959e4bbab9c2ee4b994213a05,7dfc3e3297eefe08197fefcffbd73b96b76d26904a7f5f6eebce7f14acbaeb7b,2026-06-30T14:08:51+00:00,success,LEGACY_SOURCE_MANIFEST
SRC01436,K232751,https://www.accessdata.fda.gov/scripts/cdrh/cfdocs/cfpmn/pmn.cfm?ID=K232751,fda_database_entry_html,6d70bdc5aea12e6a02bc2f5b8a4985d9d53a91b07cc2cc725f7442ae83214720,c730d413849508667030da4dd0f78f89a551cf51556f8622fb025199c9fb2df2,2026-06-30T14:08:51+00:00,success,LEGACY_SOURCE_MANIFEST
SRC01437,K232751,https://www.accessdata.fda.gov/cdrh_docs/pdf23/K232751.pdf,510k_summary_pdf,25fb8bc41390188ffbba2d97f85f4af5c8c5ecb21742548ced4cf17d5de77350,f5db5094509eb9e2ebf40e03a133c823ad8494dbf6f6defab9988822bd9f2d90,2026-06-30T14:08:56+00:00,success,LEGACY_SOURCE_MANIFEST
SRC01438,K231965,https://www.accessdata.fda.gov/scripts/cdrh/cfdocs/cfpmn/pmn.cfm?ID=K231965,fda_database_entry_html,c20221769750fd3ee4ff3c0e2c0ffffdf54974b1a58b0d7d4208ce451bff8279,3c69fc0884d2d310fae8dfbd5db14f6ebd668201877edb6fb700b9826bcdb8b6,2026-06-30T14:08:58+00:00,success,LEGACY_SOURCE_MANIFEST
SRC01439,K231965,https://www.accessdata.fda.gov/cdrh_docs/pdf23/K231965.pdf,510k_summary_pdf,5f400e2e6e0cfc267bc2d53cf654efbfdddf33ea96d76c29cdd648da8413bb1f,0a80860cd0596b9c8fd31c8884653c93b24da32dc481d0570c9b4bf1946142a2,2026-06-30T14:09:02+00:00,success,LEGACY_SOURCE_MANIFEST
SRC01440,K232145,https://www.accessdata.fda.gov/scripts/cdrh/cfdocs/cfpmn/pmn.cfm?ID=K232145,fda_database_entry_html,40f67cd65051f126fc90219353d1533367079e6318d412490ab0ac55e1a64f79,5f093065f2320f3fe779381ff9c7ac4e3996e45acec043ff37851eb282910003,2026-06-30T14:09:00+00:00,success,LEGACY_SOURCE_MANIFEST
SRC01441,K232145,https://www.accessdata.fda.gov/cdrh_docs/pdf23/K232145.pdf,510k_summary_pdf,0579f365a1d22c39f31ab081f208a1c4ffa8e0ccc8a06042f8f579b4af2e3998,d8d4e4b38a5ba3f61c9a9854d2a173265e3def200ab806233450affa9a5a7c2f,2026-06-30T14:09:05+00:00,success,LEGACY_SOURCE_MANIFEST
SRC01442,K232045,https://www.accessdata.fda.gov/scripts/cdrh/cfdocs/cfpmn/pmn.cfm?ID=K232045,fda_database_entry_html,6fe7398c37425a223aa8d61efbe2ed7c0b5dc195641c7da3049617938ca163bf,82de0fb9e6d1e30d7de97db5d2b72a321f8e124ad3a3a7020d6ee5594e6d801b,2026-06-30T14:09:10+00:00,success,LEGACY_SOURCE_MANIFEST
SRC01443,K232045,https://www.accessdata.fda.gov/cdrh_docs/pdf23/K232045.pdf,510k_summary_pdf,4fe78dd3d3eee3d6ab6e6b44d6fc0820ffcd6560b8f837bc74abffa3b79cadb0,38419caf4b7d6bedbad3381dbe534545a83366fe2cae218b7b8d1133d18e6e7b,2026-06-30T14:09:13+00:00,success,LEGACY_SOURCE_MANIFEST
SRC01444,K230854,https://www.accessdata.fda.gov/scripts/cdrh/cfdocs/cfpmn/pmn.cfm?ID=K230854,fda_database_entry_html,1ae100c94262914fabfaa5646a1f55d538a57365c945efed64572e815df47c36,4827849853d8e28506868e3b6899341aed2ac8b0ca29f8d750da3e845870a2db,2026-06-30T14:09:13+00:00,success,LEGACY_SOURCE_MANIFEST
SRC01445,K230854,https://www.accessdata.fda.gov/cdrh_docs/pdf23/K230854.pdf,510k_summary_pdf,56f3ea1a0290b33435621d6e7aa0a421dfa4ccb1828e2ebdf9ca210d5251e64a,57a2dc156befa85c7ca040e7b7e60d8c7dc0f35373295960845db1a21a37dadb,2026-06-30T14:09:14+00:00,success,LEGACY_SOURCE_MANIFEST
SRC01446,K232500,https://www.accessdata.fda.gov/scripts/cdrh/cfdocs/cfpmn/pmn.cfm?ID=K232500,fda_database_entry_html,202ff6d1c8a61e657c7a06d1b1af6d3b730fdec7c8874f1749d74a8a7d104ace,18923daa23413758a70f6273030448b2b0e4558b7ee8f744a4812ccde09e0dbc,2026-06-30T14:09:24+00:00,success,LEGACY_SOURCE_MANIFEST
SRC01447,K232500,https://www.accessdata.fda.gov/cdrh_docs/pdf23/K232500.pdf,510k_summary_pdf,365857fba5c8e93defbba0070e596a7a20e77a79ade5753bd67e28f373eb980c,43a6b56ae20905065740c007a53248b1d8f4e74bcd16099ee229818edfb74f8a,2026-06-30T14:09:28+00:00,success,LEGACY_SOURCE_MANIFEST
SRC01448,K230842,https://www.accessdata.fda.gov/scripts/cdrh/cfdocs/cfpmn/pmn.cfm?ID=K230842,fda_database_entry_html,e890164325dab463695dde2332bb17dc255a2db515e56cf873c390fcc426ddcc,a0511adbbbcfd7ff0bacddd2c42b80398facbcf9e9ed61bed961b5a5139823e4,2026-06-30T14:09:27+00:00,success,LEGACY_SOURCE_MANIFEST
SRC01449,K230842,https://www.accessdata.fda.gov/cdrh_docs/pdf23/K230842.pdf,510k_summary_pdf,55cbcd0aa48ebdbbd3731d3d1027d2f45d2109700679edc85f72547ec45ae9a3,22f77e117fcb234a74317970d0bb05b290dd4c18e4037c17d8bc3cb98788a743,2026-06-30T14:09:29+00:00,success,LEGACY_SOURCE_MANIFEST
SRC01450,K232436,https://www.accessdata.fda.gov/scripts/cdrh/cfdocs/cfpmn/pmn.cfm?ID=K232436,fda_database_entry_html,12b38cb2ee8e05ccc187afe598c585d2a8876c3e2d617424945fdf5be5c84d10,0f4207e03679343d42910031351a68e3402040bbf5dc332b419aca922e451382,2026-06-30T14:09:47+00:00,success,LEGACY_SOURCE_MANIFEST
SRC01451,K232436,https://www.accessdata.fda.gov/cdrh_docs/pdf23/K232436.pdf,510k_summary_pdf,b5f4d975f9b53118386f92c6ed7caec946b25303e8cd72e366aa2bb343a43024,8de5a200965470d9f14b5998ab3f304c80ee1cd03114195d0dc3a3423d33a840,2026-06-30T14:09:49+00:00,success,LEGACY_SOURCE_MANIFEST
SRC01452,K232305,https://www.accessdata.fda.gov/scripts/cdrh/cfdocs/cfpmn/pmn.cfm?ID=K232305,fda_database_entry_html,326e36b313ea5bc1c3e285e673381d0837ffef7eedb9f6f2dfba8e7c8890cf02,b3b89de105bcbc95b9b3ba6a618de28e9f65be22328f5c63ebbfecb6341e2128,2026-06-30T14:09:51+00:00,success,LEGACY_SOURCE_MANIFEST
SRC01453,K232305,https://www.accessdata.fda.gov/cdrh_docs/pdf23/K232305.pdf,510k_summary_pdf,1e3d77b160395088504658b101cca67d34ca57e31fc95031078b4fc001c1e5e9,025b8ba0923a1fdeebd65abe2217f492b25803221114165107317a8bb5f9119b,2026-06-30T14:09:55+00:00,success,LEGACY_SOURCE_MANIFEST
SRC01454,K231560,https://www.accessdata.fda.gov/scripts/cdrh/cfdocs/cfpmn/pmn.cfm?ID=K231560,fda_database_entry_html,0aedd3859b882e967fef171fb12da36382f9f21132e05932480c0a0f1309f40f,d8a65c39b7d3e88fb741e6eb1124d793910f25ffb057d70cd320a4bcaa650d4e,2026-06-30T14:09:58+00:00,success,LEGACY_SOURCE_MANIFEST
SRC01455,K231560,https://www.accessdata.fda.gov/cdrh_docs/pdf23/K231560.pdf,510k_summary_pdf,b3d540f3846230c1182dac91719bb364c73e9640f48deb25ba6a12838b5e0460,b655b3b7e19eee87d30b4df62d22daa24d8edb216e78f895bdd9e2f964b94b8f,2026-06-30T14:10:00+00:00,success,LEGACY_SOURCE_MANIFEST
SRC01456,K231764,https://www.accessdata.fda.gov/scripts/cdrh/cfdocs/cfpmn/pmn.cfm?ID=K231764,fda_database_entry_html,2bd85570ae9e95831141f0d93aaed10cbaee4ed6a3b12bf210584c9d779392de,2e71cdf2a36a1c155e3722d2b4fd95974f156e0cded332f949ffabb23b055e67,2026-06-30T14:10:01+00:00,success,LEGACY_SOURCE_MANIFEST
SRC01457,K231764,https://www.accessdata.fda.gov/cdrh_docs/pdf23/K231764.pdf,510k_summary_pdf,c0f86afa13c6aec53409316c1731ea1ca9b006b1eb1148169f2255c3ef97bd43,ecedde0cc540e73efbce12af75a1a60e9b8d4eea360a19e9589b317b947e34bc,2026-06-30T14:10:03+00:00,success,LEGACY_SOURCE_MANIFEST
SRC01458,K230209,https://www.accessdata.fda.gov/scripts/cdrh/cfdocs/cfpmn/pmn.cfm?ID=K230209,fda_database_entry_html,d64fd1c4faf46cc2cc684bd52bb49063b554ff703df4c53f8cc43e0b586f618c,03c70a0a9999e2848eb4f87b97e5f3775cbcee30f096a8ab26b0f2c8fbce7cd2,2026-06-30T14:10:05+00:00,success,LEGACY_SOURCE_MANIFEST
SRC01459,K230209,https://www.accessdata.fda.gov/cdrh_docs/pdf23/K230209.pdf,510k_summary_pdf,0f8aef4a7adc46c72e4dffa9daa6f2b95c4a8576f9c405833688912bd7a16713,d77c987528870a1a74253b0830c4e80ac80877eacf1010167cd286f21901c876,2026-06-30T14:10:08+00:00,success,LEGACY_SOURCE_MANIFEST
SRC01460,K231642,https://www.accessdata.fda.gov/scripts/cdrh/cfdocs/cfpmn/pmn.cfm?ID=K231642,fda_database_entry_html,1aab5ee328cf8c4c5b49411f705e6c9e6defc74e37e0669468d1701dbb502068,0dcd3cb92ea24103132d998e23baef0c654334732dfa3a5f66c4a3767b41702f,2026-06-30T14:10:14+00:00,success,LEGACY_SOURCE_MANIFEST
SRC01461,K231642,https://www.accessdata.fda.gov/cdrh_docs/pdf23/K231642.pdf,510k_summary_pdf,4e05e9f6bd6685f1c86a671cf4ba61fbcf2ad7321e8e183206f158ad9c2e4f0a,5ff21ffcd3caa876daebda48699fba438217dff1b611c404fcbce8c3b5545e41,2026-06-30T14:10:19+00:00,success,LEGACY_SOURCE_MANIFEST
SRC01462,K230370,https://www.accessdata.fda.gov/scripts/cdrh/cfdocs/cfpmn/pmn.cfm?ID=K230370,fda_database_entry_html,ec52b4bb7ad6d94a57783aec7065ca03a8374c27946b16f5e5c3014f574b9ddd,a9239842adadeb3c447fccde87f8628e81931b0e76da4f8724195823a745acba,2026-06-30T14:10:16+00:00,success,LEGACY_SOURCE_MANIFEST
SRC01463,K230370,https://www.accessdata.fda.gov/cdrh_docs/pdf23/K230370.pdf,510k_summary_pdf,f6b6b87bec00f7e33a158ad08896fe688bdc1bed6eb6bac7f286c9afd19216f9,5262d5f659013b83edbaacc16f9690de23c1577617399671aa2c862aafb14d3d,2026-06-30T14:10:19+00:00,success,LEGACY_SOURCE_MANIFEST
SRC01464,K230220,https://www.accessdata.fda.gov/scripts/cdrh/cfdocs/cfpmn/pmn.cfm?ID=K230220,fda_database_entry_html,f9dd628ecebf6c24d124f680d95f223475ef660d20dc56ff9bdc91432c308e69,cc74a7cabff3ccd00cbb17b5b18b66ffebfb0f0aa01f2c7fe50c4cffc5f53892,2026-06-30T14:10:23+00:00,success,LEGACY_SOURCE_MANIFEST
SRC01465,K230220,https://www.accessdata.fda.gov/cdrh_docs/pdf23/K230220.pdf,510k_summary_pdf,2a92c52ca0542353dc10d43053ba0a3832fa491bda9f519722b6a3b3d895fbc6,7b67e87f0dd17d5bf9a6ebde6baf6f695b9142a687453f8c0e1cda2150e93313,2026-06-30T14:10:25+00:00,success,LEGACY_SOURCE_MANIFEST
SRC01466,K230144,https://www.accessdata.fda.gov/scripts/cdrh/cfdocs/cfpmn/pmn.cfm?ID=K230144,fda_database_entry_html,a2be7f25bf90cf0ac7395a5dc092ff1e10d4850cdcf06c94356f54a16e8a4335,adef0d8632fdcf70e9bb037c1f310fe3326ea814354cbbb54b3dc83da59d41d0,2026-06-30T14:10:25+00:00,success,LEGACY_SOURCE_MANIFEST
SRC01467,K230144,https://www.accessdata.fda.gov/cdrh_docs/pdf23/K230144.pdf,510k_summary_pdf,525c17a140ecd6f087adc43cf695dd42e41bd556c137f39bbaedfb11dc7bf333,631bfa435a240fe735a5ef7f267a3c2f760f8ac5b1db6a7916689221eea5b7ac,2026-06-30T14:10:26+00:00,success,LEGACY_SOURCE_MANIFEST
SRC01468,K223905,https://www.accessdata.fda.gov/scripts/cdrh/cfdocs/cfpmn/pmn.cfm?ID=K223905,fda_database_entry_html,e5e94cc125d6592d42849a5a156a562b88c0e6ab21806f0ff9d139c3feb8c09d,4a83aa9a8e1e732df844149764bf06ba41f3d4392ecac0594c331d1216ea9d99,2026-06-30T14:10:25+00:00,success,LEGACY_SOURCE_MANIFEST
SRC01469,K223905,https://www.accessdata.fda.gov/cdrh_docs/pdf22/K223905.pdf,510k_summary_pdf,ea348ba1b58e465d50e86dc4888609c1779869cc6ce337166795026c2efb9721,3a1fb366cd5df83504deaed78708defa340627350bbce06e11068bf150db74de,2026-06-30T14:10:29+00:00,success,LEGACY_SOURCE_MANIFEST
SRC01470,K232787,https://www.accessdata.fda.gov/scripts/cdrh/cfdocs/cfpmn/pmn.cfm?ID=K232787,fda_database_entry_html,0a3a40b8c1ebc442b626fc917b132d5550ff7b8f17f9153029000ce3048c1baf,21db8cc141f902c4250b7cfafc90d8efccd9a4670407931c765198dffa52a465,2026-06-30T14:10:33+00:00,success,LEGACY_SOURCE_MANIFEST
SRC01471,K232787,https://www.accessdata.fda.gov/cdrh_docs/pdf23/K232787.pdf,510k_summary_pdf,bb69ebdc1fe1077a1da3f4b7c26fbf13c8fb0b743e51f21c38ee759a4497f2ed,1288e8ccbd77d9e39d9f8a44b2396d9dc54a18ea59bcaeea913b65d7b6c1c6ea,2026-06-30T14:10:36+00:00,success,LEGACY_SOURCE_MANIFEST
SRC01472,K232760,https://www.accessdata.fda.gov/scripts/cdrh/cfdocs/cfpmn/pmn.cfm?ID=K232760,fda_database_entry_html,5c90dbba30600224508383eac412f51cc8d304bf392c764a53abdd55b122769e,bec597f82ee23c09ed233a8128bfdc8b300bd3aec7630f4e579bbf9eb5d1f40b,2026-06-30T14:10:40+00:00,success,LEGACY_SOURCE_MANIFEST
SRC01473,K232760,https://www.accessdata.fda.gov/cdrh_docs/pdf23/K232760.pdf,510k_summary_pdf,11c81e61a81a5e00c688e1f2ac8960e44d775f653d432cac9b8b661e5366b822,d477cb8c48651408912dc9c1392b72bab5acf024433da4bdd2de3d27de1dd9c4,2026-06-30T14:10:51+00:00,success,LEGACY_SOURCE_MANIFEST
SRC01474,K232367,https://www.accessdata.fda.gov/scripts/cdrh/cfdocs/cfpmn/pmn.cfm?ID=K232367,fda_database_entry_html,265b7afb4b4693c599b07ce9f4f43df42dda517a52ac937ac9bb2dd33b3623ed,2619d63e5f30459a5450319adcded5b8567ea4cde20f1c53750821be1501b6a5,2026-06-30T14:10:42+00:00,success,LEGACY_SOURCE_MANIFEST
SRC01475,K232367,https://www.accessdata.fda.gov/cdrh_docs/pdf23/K232367.pdf,510k_summary_pdf,ab8596ffcc700dc5ce812e2c5d7aafc5c57083d95f2c1c4d43d693e26a6e814b,021fe7a3ea6e60ca316b5c4ea56e50efa4d0963a471735b6df34b24ebd82640b,2026-06-30T14:10:45+00:00,success,LEGACY_SOURCE_MANIFEST
SRC01476,K232704,https://www.accessdata.fda.gov/scripts/cdrh/cfdocs/cfpmn/pmn.cfm?ID=K232704,fda_database_entry_html,f46cad3a66f5435a086cc333c3f04b52683dababb8126f1b2752450aa31f49ba,64dcef35a20c86568575825e4b7c9dff22bca35e510180f8ae46b26f38f73150,2026-06-30T14:10:45+00:00,success,LEGACY_SOURCE_MANIFEST
SRC01477,K232704,https://www.accessdata.fda.gov/cdrh_docs/pdf23/K232704.pdf,510k_summary_pdf,dcd97d0defd0c33607c71cb30179144847aac5f40db4cde09095b53eb3a48c30,735e01910e30570a348602637b31b9dc2eff6dae0488f740f468c0b5b8e95de6,2026-06-30T14:10:47+00:00,success,LEGACY_SOURCE_MANIFEST
SRC01478,K231001,https://www.accessdata.fda.gov/scripts/cdrh/cfdocs/cfpmn/pmn.cfm?ID=K231001,fda_database_entry_html,0dfa5a1d90d573b04cf99011aba5ebcca6fbc3de8cc1d2d609bfc8d503210293,0a738d967fd991e65c2f882876f0601f823c486138487239a4d831f2159d52c8,2026-06-30T14:10:56+00:00,success,LEGACY_SOURCE_MANIFEST
SRC01479,K231001,https://www.accessdata.fda.gov/cdrh_docs/pdf23/K231001.pdf,510k_summary_pdf,2852e4cbb9d33d44bd5b36283cd77998fe3b9fea813feff5abdfede7c57756db,4c675fe6b097f185ada6e782a99515d55dd11d020d42a5a1a6bc2d9c2239845a,2026-06-30T14:11:02+00:00,success,LEGACY_SOURCE_MANIFEST
SRC01480,K232023,https://www.accessdata.fda.gov/scripts/cdrh/cfdocs/cfpmn/pmn.cfm?ID=K232023,fda_database_entry_html,74cf90649e736a66613841692ddd70e25b178a27c4b5374ed8150b2375328921,c8a4759f16cae8f7241dbac2dfd9b1910d5cf8192a075be19f811f7d54c05c07,2026-06-30T14:10:56+00:00,success,LEGACY_SOURCE_MANIFEST
SRC01481,K232023,https://www.accessdata.fda.gov/cdrh_docs/pdf23/K232023.pdf,510k_summary_pdf,ba51b52f1a7cb6e45b2a832e09fb2a7583791ac1d73561c229b724ca1681bb49,14bfc3ef70e3ea1fce6639db31266171da39cdcc7c2c7e698a985fe73482e1d4,2026-06-30T14:11:01+00:00,success,LEGACY_SOURCE_MANIFEST
SRC01482,K231025,https://www.accessdata.fda.gov/scripts/cdrh/cfdocs/cfpmn/pmn.cfm?ID=K231025,fda_database_entry_html,c5ce62794c7408403b2843cf928403792d2ef05631ab50ec6435231a00a5775c,7d7653d75a1857f6eb2c7887c77ef7ee947247896ea04af0ad9d0b50cab00e27,2026-06-30T14:11:00+00:00,success,LEGACY_SOURCE_MANIFEST
SRC01483,K231025,https://www.accessdata.fda.gov/cdrh_docs/pdf23/K231025.pdf,510k_summary_pdf,dc2a9e90559da1cff4a4c49869a493d15f53a7448da9544f7da86796a807239b,23d334404678d34caf7a95299359ed430fe65c9a0bda6824011a20deaa3a59c5,2026-06-30T14:11:01+00:00,success,LEGACY_SOURCE_MANIFEST
SRC01484,K231398,https://www.accessdata.fda.gov/scripts/cdrh/cfdocs/cfpmn/pmn.cfm?ID=K231398,fda_database_entry_html,0b9e9e02bc8259088573f0c31dc7bb1b41c7aa237a24e13c97f84774061a4690,a3bf604d4f175f7ebf05a90089479d6ebfd1860076b186c27de8e0235283eb73,2026-06-30T14:11:09+00:00,success,LEGACY_SOURCE_MANIFEST
SRC01485,K231398,https://www.accessdata.fda.gov/cdrh_docs/pdf23/K231398.pdf,510k_summary_pdf,25955d9d4fff244ed7e5c2855877cc958403e16326b674c9be44b42d9d5e1881,3bcb8a82b35fbe18d5efdd5c68dade898649ffb9ec299f1699c5879886804e0d,2026-06-30T14:11:13+00:00,success,LEGACY_SOURCE_MANIFEST
SRC01486,K232712,https://www.accessdata.fda.gov/scripts/cdrh/cfdocs/cfpmn/pmn.cfm?ID=K232712,fda_database_entry_html,e976173f66b685d2fa3fcc7deeaa85f589f249732351b32803296cdce4e71c67,8adbe187ecc5f709906806b6907c8e8cfa9c8b6657eb9e842696a97c6911b9f1,2026-06-30T14:11:09+00:00,success,LEGACY_SOURCE_MANIFEST
SRC01487,K232712,https://www.accessdata.fda.gov/cdrh_docs/pdf23/K232712.pdf,510k_summary_pdf,5f7ef27aef6f9d207162923d8e4713e58f62ee97b5b75a50676688ea049d62da,1ead6043cb4535b8bc1f1152fae3c8e308e2ceaee83e55caee5d6178a0e78810,2026-06-30T14:11:12+00:00,success,LEGACY_SOURCE_MANIFEST
SRC01488,K231772,https://www.accessdata.fda.gov/scripts/cdrh/cfdocs/cfpmn/pmn.cfm?ID=K231772,fda_database_entry_html,d3c7a8832094efd68caea2d9677eaf43dac0dcafef6b48a527b72b42c505381d,30bbe06cce22a88556f0fa1021795e3348f414677aa62c42f3b4490fe8814e30,2026-06-30T14:11:13+00:00,success,LEGACY_SOURCE_MANIFEST
SRC01489,K231772,https://www.accessdata.fda.gov/cdrh_docs/pdf23/K231772.pdf,510k_summary_pdf,41ceacc7f2bb31e637695f9da6762acd4ebf0fbe05dffee2b1386618b3bd540d,a8852dbcd45c017b74fd62fad8d99e5e14b7162dcf15004e6fa517ed047d3c5d,2026-06-30T14:11:18+00:00,success,LEGACY_SOURCE_MANIFEST
SRC01490,K230085,https://www.accessdata.fda.gov/scripts/cdrh/cfdocs/cfpmn/pmn.cfm?ID=K230085,fda_database_entry_html,622cfb4c829c4178f0f06fa972a19f655018d597b4b57038f9cb423cdc4c70e5,1a92d8b58d045fdd4ea1dc3647ffbafcbb6491bbc30d7d3658f7d9707ad0417e,2026-06-30T14:11:16+00:00,success,LEGACY_SOURCE_MANIFEST
SRC01491,K230085,https://www.accessdata.fda.gov/cdrh_docs/pdf23/K230085.pdf,510k_summary_pdf,664b38c32eeefed3127c7a30413349bf95ec66657614272b33da2c5621533522,2c29f64f7ea93c931569f956b63814d97cd6148e1a1b320098bc2db524cdce15,2026-06-30T14:11:21+00:00,success,LEGACY_SOURCE_MANIFEST
SRC01492,K230045,https://www.accessdata.fda.gov/scripts/cdrh/cfdocs/cfpmn/pmn.cfm?ID=K230045,fda_database_entry_html,4df9b6335665a1c9482e334668e67568b8e3c3ca4de3cc4dc1f742f40cf1b734,ed34c3f5a8c306ebfd0d76708bc59e847f9910436892ab62a31d739c8414f92e,2026-06-30T14:11:19+00:00,success,LEGACY_SOURCE_MANIFEST
SRC01493,K230045,https://www.accessdata.fda.gov/cdrh_docs/pdf23/K230045.pdf,510k_summary_pdf,821ae77a6851441ecf65b8ab2fce57a1a09fff057f67f366893f85828838b87d,e77e1d9f5dcbe7be35d3a6d60914ce08922cb7c0e9a76f8f0403fffea7bd8c9e,2026-06-30T14:11:23+00:00,success,LEGACY_SOURCE_MANIFEST
SRC01494,K231837,https://www.accessdata.fda.gov/scripts/cdrh/cfdocs/cfpmn/pmn.cfm?ID=K231837,fda_database_entry_html,6c687db7ab6956e3aaeca50bf5eb1c36f9fe9fc02e5536bd6d15ef607d0ef9f0,049185d4df33abb8eedff0a892e321d218611154bc2b40fb32f8575edee99c19,2026-06-30T14:11:24+00:00,success,LEGACY_SOURCE_MANIFEST
SRC01495,K231837,https://www.accessdata.fda.gov/cdrh_docs/pdf23/K231837.pdf,510k_summary_pdf,4cfc80a6789178f47e114fd8875eb8b26f21aef58697ff0b918777042c138fe7,683fc2f1f522c6ded6f6034f0f973cf8932f84563c96258e340674bfbd69e66b,2026-06-30T14:11:28+00:00,success,LEGACY_SOURCE_MANIFEST
SRC01496,K232699,https://www.accessdata.fda.gov/scripts/cdrh/cfdocs/cfpmn/pmn.cfm?ID=K232699,fda_database_entry_html,71421adb0a69fcbf7a07d44689f253802a92252cc8f456d7241c236d7afb3c32,aa53a37a8311ff2d6c353063256a5e139c02dd8347877300f4fa1ee2fe348200,2026-06-30T14:11:26+00:00,success,LEGACY_SOURCE_MANIFEST
SRC01497,K232699,https://www.accessdata.fda.gov/cdrh_docs/pdf23/K232699.pdf,510k_summary_pdf,6aeb504802b823636ad09e77f019b16ae5fae081913ee7e26c2ba56d117c604e,098f7554dd0fcc9187f37fe3447e655e9de3a50491955d58e9cbbfb74e8068b0,2026-06-30T14:11:28+00:00,success,LEGACY_SOURCE_MANIFEST
SRC01498,K232616,https://www.accessdata.fda.gov/scripts/cdrh/cfdocs/cfpmn/pmn.cfm?ID=K232616,fda_database_entry_html,29c6fb6cb583e984f196897ce595923b520bf5ec092560b0aef67cb9274906cb,58cbeddad1eb209b58546ed5d6eba2feb21c7c8ee09fe26fbdacdd6559f68f3e,2026-06-30T14:11:28+00:00,success,LEGACY_SOURCE_MANIFEST
SRC01499,K232616,https://www.accessdata.fda.gov/cdrh_docs/pdf23/K232616.pdf,510k_summary_pdf,8c37a960aa87358dce29cbc6789a02e560e961c768494442dada988a33679298,5d1bb7531c3b47825fe954088ac79533fef2830a2b0103e3775124f874ea3437,2026-06-30T14:11:33+00:00,success,LEGACY_SOURCE_MANIFEST
SRC01500,K230252,https://www.accessdata.fda.gov/scripts/cdrh/cfdocs/cfpmn/pmn.cfm?ID=K230252,fda_database_entry_html,864123f74dc14975da30e26d9d21b58d6ea8340ee7929011136c7b3b524b87ea,d87e5503c95ba4d560490811127d4e33d326cda7d6100bff1511f1ab2470f231,2026-06-30T14:11:32+00:00,success,LEGACY_SOURCE_MANIFEST
SRC01501,K230252,https://www.accessdata.fda.gov/cdrh_docs/pdf23/K230252.pdf,510k_summary_pdf,372df03280a7ec0057ef6d271985a3373a0bffbb5b29028989a878faa3c2330b,316a5e4d14a4774c21f0ab8d36ea1379de9c9cf9ed6bf6ea3b70f034b2f1869f,2026-06-30T14:11:34+00:00,success,LEGACY_SOURCE_MANIFEST
SRC01502,K231928,https://www.accessdata.fda.gov/scripts/cdrh/cfdocs/cfpmn/pmn.cfm?ID=K231928,fda_database_entry_html,e81c5311a22197dff7745664694e332c49e092e59a472012b0480c2c48913391,9d5185a45d903ca08acc0f601e7ba66252f4534588ec672fe60dca9cdcf60d8b,2026-06-30T14:11:39+00:00,success,LEGACY_SOURCE_MANIFEST
SRC01503,K231928,https://www.accessdata.fda.gov/cdrh_docs/pdf23/K231928.pdf,510k_summary_pdf,fbe873426f2952c755261e6dfae8db9c0c6b82481c5a38c83083274b2d009bc1,2f46c9d9233989be9adf342502c0c3b2f41314cccf70103d29cb2ff1b7fc456c,2026-06-30T14:11:43+00:00,success,LEGACY_SOURCE_MANIFEST
SRC01504,K231767,https://www.accessdata.fda.gov/scripts/cdrh/cfdocs/cfpmn/pmn.cfm?ID=K231767,fda_database_entry_html,0e92a439a4c264e9cf9b3344f275f4e17b4ff2d1b1c7d3b1206b9af8e231246e,f295bfbedb31e9335af50b00c249a78f07fc0cda7fc26883c32e6c530f1ab0aa,2026-06-30T14:11:46+00:00,success,LEGACY_SOURCE_MANIFEST
SRC01505,K231767,https://www.accessdata.fda.gov/cdrh_docs/pdf23/K231767.pdf,510k_summary_pdf,47cde9f40b0f8b434f23d038cc3005c7eb4dfb1459d5e5a523414d6f0ec5fec4,cd71cd0c9bb49c2f2ae8ea4b9e8a677aaf17b21377bf1363cf398ca09492a018,2026-06-30T14:11:49+00:00,success,LEGACY_SOURCE_MANIFEST
SRC01506,K231149,https://www.accessdata.fda.gov/scripts/cdrh/cfdocs/cfpmn/pmn.cfm?ID=K231149,fda_database_entry_html,296517b615bc5d202347ab422065c07b51d3849ae4f6a3bdb0c483463a4aec4b,c0efdfba358795adbf7c762cc0ab2d50619555717693c07d7545494edcbcbaf3,2026-06-30T14:11:55+00:00,success,LEGACY_SOURCE_MANIFEST
SRC01507,K231149,https://www.accessdata.fda.gov/cdrh_docs/pdf23/K231149.pdf,510k_summary_pdf,81334f2c4d3ad50311062ca6e539a8bc23f59b75468258a66ca9a656d795ad55,cafdf490374023595a0b7a9bfccb7186b7405e984c59e040e91f35cc7a92565a,2026-06-30T14:11:57+00:00,success,LEGACY_SOURCE_MANIFEST
SRC01508,K223659,https://www.accessdata.fda.gov/scripts/cdrh/cfdocs/cfpmn/pmn.cfm?ID=K223659,fda_database_entry_html,3f2df4437fbf869141bb4af8dd3d33f9fa8046d44f6584da8b155aa6f97945d9,0f738f8466cd9b8a8fa1cef1143b39b262f77c23f1c9ee56055f291c4f852242,2026-06-30T14:12:07+00:00,success,LEGACY_SOURCE_MANIFEST
SRC01509,K223659,https://www.accessdata.fda.gov/cdrh_docs/pdf22/K223659.pdf,510k_summary_pdf,136c09a533b9032e5782ac0c0aae7affa0b2179c284b62fe05ad1954909b39ca,b09fa8588197ea6871f6883cf2d6247e2eedae8b98de93d6308b06d20d8edabb,2026-06-30T14:12:09+00:00,success,LEGACY_SOURCE_MANIFEST
SRC01510,K231384,https://www.accessdata.fda.gov/scripts/cdrh/cfdocs/cfpmn/pmn.cfm?ID=K231384,fda_database_entry_html,4031382a1b7500f20ee83ebdd8fd6d981c5b572fca41aa6559a892cf3e315b3a,381ad578b32eadaa10a2e89388e25dbd7393632f948450c70709883cd200b320,2026-06-30T14:12:16+00:00,success,LEGACY_SOURCE_MANIFEST
SRC01511,K231384,https://www.accessdata.fda.gov/cdrh_docs/pdf23/K231384.pdf,510k_summary_pdf,858143686d5cf6dc77556c591df688067119ca6c4842ec6a2c7ae1c370c89b34,238800d89f22eedbea890bf9a3ebb09085b7b4ebcffda08eb45797311a827042,2026-06-30T14:12:19+00:00,success,LEGACY_SOURCE_MANIFEST
SRC01512,K231678,https://www.accessdata.fda.gov/scripts/cdrh/cfdocs/cfpmn/pmn.cfm?ID=K231678,fda_database_entry_html,4a96a35d01c6201ff058513b092416bee1446795433aacb063e719824f4c0156,6744fbeed3739631cbbcbf77fad8cc50af54a7c86e1fbfcfdf1d9d340b520d6e,2026-06-30T14:12:17+00:00,success,LEGACY_SOURCE_MANIFEST
SRC01513,K231678,https://www.accessdata.fda.gov/cdrh_docs/pdf23/K231678.pdf,510k_summary_pdf,2ef9492ee750dbe4fad6f4a1012b2046b0a2671a91e750ab79e46969c41d399c,bab2725155fd2421477b2f7e3e6320257c5a3123155398bc57706c00fc834925,2026-06-30T14:12:19+00:00,success,LEGACY_SOURCE_MANIFEST
SRC01514,K231281,https://www.accessdata.fda.gov/scripts/cdrh/cfdocs/cfpmn/pmn.cfm?ID=K231281,fda_database_entry_html,79f15fa0a46bf96c3334151d49a0ee5eae01e5848a5a57eec77e93e135ee26ac,3b07ff43e77dc56a0558a9b27c08da041ff55fdcc4be43c31f5a2d5434920a44,2026-06-30T14:12:38+00:00,success,LEGACY_SOURCE_MANIFEST
SRC01515,K231281,https://www.accessdata.fda.gov/cdrh_docs/pdf23/K231281.pdf,510k_summary_pdf,c6e6396877e2bd2331be8d2be9f171cf0d047c129184fc81876d08683472f280,85749b59304f4089ca6ad2aef92dbbff491ffbf9166dc46046b30cc88becfea9,2026-06-30T14:12:41+00:00,success,LEGACY_SOURCE_MANIFEST
SRC01516,K221309,https://www.accessdata.fda.gov/scripts/cdrh/cfdocs/cfpmn/pmn.cfm?ID=K221309,fda_database_entry_html,7629cbcb003a4826f9b98ba6d62697910a644dd94f06329f1faf577ac9b02d07,25b30e29560c4ecc7cfe5143c10a23ccd156267a68ed3ee3b9bea8390ee137f4,2026-06-30T14:12:49+00:00,success,LEGACY_SOURCE_MANIFEST
SRC01517,K221309,https://www.accessdata.fda.gov/cdrh_docs/pdf22/K221309.pdf,510k_summary_pdf,6080d963284516faf974bd89b3958cf106881ed5bc85adc377596f2fcdb5605b,60111dddc9078a62f900fb4d88e4173edc19bcfefc201831da83ef6e2a4be60e,2026-06-30T14:12:58+00:00,success,LEGACY_SOURCE_MANIFEST
SRC01518,K221309,http://www.accessdata.fda.gov/cdrh_docs/reviews/K221309.pdf,510k_summary_pdf,6080d963284516faf974bd89b3958cf106881ed5bc85adc377596f2fcdb5605b,60111dddc9078a62f900fb4d88e4173edc19bcfefc201831da83ef6e2a4be60e,2026-06-30T14:13:02+00:00,success,LEGACY_SOURCE_MANIFEST
SRC01519,K220034,https://www.accessdata.fda.gov/scripts/cdrh/cfdocs/cfpmn/pmn.cfm?ID=K220034,fda_database_entry_html,76263e907a0fdcdbd4080fb1b6a88311cd6b1e454d866622f017bfc96b1b2c61,23aac4cb5b7f7669a7bdaffc1eae87d0fc1f306870beb29425aeee1a09e35952,2026-06-30T14:12:55+00:00,success,LEGACY_SOURCE_MANIFEST
SRC01520,K220034,https://www.accessdata.fda.gov/cdrh_docs/pdf22/K220034.pdf,510k_summary_pdf,dee31c6cde903b2ddbaf981854780940a216fb7525ae3d4bafe54ede15fb9ce1,83ce07190d2a60f5f8d0ade56ef540ecaee8e0e8a85ea2a2b6e49b3f9b1f5eca,2026-06-30T14:12:56+00:00,success,LEGACY_SOURCE_MANIFEST
SRC01521,K223811,https://www.accessdata.fda.gov/scripts/cdrh/cfdocs/cfpmn/pmn.cfm?ID=K223811,fda_database_entry_html,452605124cd477f6ac9de88d14ac6679d150a9b21a5cf9226ba26790909c95ce,d5c16377afd31eab54fea7cf64568810c5d5e28dfd015e47c0f73c536ece893a,2026-06-30T14:13:00+00:00,success,LEGACY_SOURCE_MANIFEST
SRC01522,K223811,https://www.accessdata.fda.gov/cdrh_docs/pdf22/K223811.pdf,510k_summary_pdf,ef1e9f15b0b217fc2c2d3a4d8c342247a91caaf30ff5ee86483b87883c88c6f1,bbe554040bafc7df92c5ad33bdd1406025f69e850edfd4d36db184967b7b8bb0,2026-06-30T14:13:04+00:00,success,LEGACY_SOURCE_MANIFEST
SRC01523,K231748,https://www.accessdata.fda.gov/scripts/cdrh/cfdocs/cfpmn/pmn.cfm?ID=K231748,fda_database_entry_html,04af3557a045de2046092105bf1aa7bf348e364d9542a626cfa5ff38c888a508,c90484c8ce7ee6ffdbfcb105c6a41fcaf16ece62d7a9ab5b54a0147201abab29,2026-06-30T14:13:02+00:00,success,LEGACY_SOURCE_MANIFEST
SRC01524,K231748,https://www.accessdata.fda.gov/cdrh_docs/pdf23/K231748.pdf,510k_summary_pdf,caed525648a3489be5e7e5cf963a5e969634c35e64fe300635630cfdb8419d19,1885e78b6db065b1e2acbbe606a9d46e41f3b9e551a11a6ab8f94f761e6eb70f,2026-06-30T14:13:04+00:00,success,LEGACY_SOURCE_MANIFEST
SRC01525,K232526,https://www.accessdata.fda.gov/scripts/cdrh/cfdocs/cfpmn/pmn.cfm?ID=K232526,fda_database_entry_html,45615766cb89fd033697604f24e15531d35065b99051792ae7073d7db10d0878,08f1be00fe492af9001585f3429098a7fc7bbb70264bdf9cbef41e0f461ac5a7,2026-06-30T14:13:11+00:00,success,LEGACY_SOURCE_MANIFEST
SRC01526,K232526,https://www.accessdata.fda.gov/cdrh_docs/pdf23/K232526.pdf,510k_summary_pdf,1401f05ed5e3e43035477dcacff61d46c13b91f81a3d5a6d9335873ccc316dc7,604546fc2d4627c2851e17d945c94b03c9992a9d29630d3291b819b522fc8093,2026-06-30T14:13:13+00:00,success,LEGACY_SOURCE_MANIFEST
SRC01527,K223864,https://www.accessdata.fda.gov/scripts/cdrh/cfdocs/cfpmn/pmn.cfm?ID=K223864,fda_database_entry_html,12136c2bc266b2b7f5424d3809177b784c5a76967850f06004ff19d4204a010c,dfb779abc9830e1f178efa9db95d7979c4599e70fd6a496b77538cf420fe154c,2026-06-30T14:13:19+00:00,success,LEGACY_SOURCE_MANIFEST
SRC01528,K223864,https://www.accessdata.fda.gov/cdrh_docs/pdf22/K223864.pdf,510k_summary_pdf,b8b644afbf7c4cc8c0c425de88f28424fe5738b940d3061daf3188cd305fea5b,15adaa36d609a357c7e7eb61df191da31746a812ae8733d5498512f5338d0f66,2026-06-30T14:13:27+00:00,success,LEGACY_SOURCE_MANIFEST
SRC01529,K231335,https://www.accessdata.fda.gov/scripts/cdrh/cfdocs/cfpmn/pmn.cfm?ID=K231335,fda_database_entry_html,b7b17c6ac52c8d0709bc2f82626ed38161147f24e3222acac6356e28b3357b6b,4b737d6f35baa6100334956bb3179a7411b0262782dd458928ccf1ffa22d3d7f,2026-06-30T14:13:20+00:00,success,LEGACY_SOURCE_MANIFEST
SRC01530,K231335,https://www.accessdata.fda.gov/cdrh_docs/pdf23/K231335.pdf,510k_summary_pdf,e10e9c516b6e358b06694280c494c4253113199237806b0ec132d2c99a3987fa,48c368494670610fbe5e2dba1376cc69d514e652847fd1007a078ba784a7d065,2026-06-30T14:13:23+00:00,success,LEGACY_SOURCE_MANIFEST
SRC01531,K232686,https://www.accessdata.fda.gov/scripts/cdrh/cfdocs/cfpmn/pmn.cfm?ID=K232686,fda_database_entry_html,49007436c1f0a3febb46602bfd8f405c3b1b88547556968643fdf9e5a9f8ba94,f13aec8ebcf678f0efb3e7a5bf99189679cf8eaa35d8bd16a79a76ab8c2afc63,2026-06-30T14:13:23+00:00,success,LEGACY_SOURCE_MANIFEST
SRC01532,K232686,https://www.accessdata.fda.gov/cdrh_docs/pdf23/K232686.pdf,510k_summary_pdf,041849d4ac62bbf95df12b53ef08b93e0d531f757fa02417f6f2d80c5a8e050e,492ac7aa7055d0b16eb11a87de7c643a640f2e6d74601796184c62bae689d8de,2026-06-30T14:13:27+00:00,success,LEGACY_SOURCE_MANIFEST
SRC01533,K222921,https://www.accessdata.fda.gov/scripts/cdrh/cfdocs/cfpmn/pmn.cfm?ID=K222921,fda_database_entry_html,a6591419759cf91324b68134ef5f45085349d7922939b586347a6bbf05fcfa11,3ad5fd481ace13dddba99351c42f4fc545b6c241776d80ca035e70b39eda10c5,2026-06-30T14:13:29+00:00,success,LEGACY_SOURCE_MANIFEST
SRC01534,K222921,https://www.accessdata.fda.gov/cdrh_docs/pdf22/K222921.pdf,510k_summary_pdf,77a0a30f2c515f4e5951ccf7aaa4dfc4a2f01c17275a77ede4491bf461acf086,760786301fbf3c1cafae17f57c3e6e3cb12f8d590c6d4c0586e52c9abdc68f1e,2026-06-30T14:13:34+00:00,success,LEGACY_SOURCE_MANIFEST
SRC01535,K222921,http://www.accessdata.fda.gov/cdrh_docs/reviews/K222921.pdf,510k_summary_pdf,77a0a30f2c515f4e5951ccf7aaa4dfc4a2f01c17275a77ede4491bf461acf086,760786301fbf3c1cafae17f57c3e6e3cb12f8d590c6d4c0586e52c9abdc68f1e,2026-06-30T14:13:45+00:00,success,LEGACY_SOURCE_MANIFEST
SRC01536,K223621,https://www.accessdata.fda.gov/scripts/cdrh/cfdocs/cfpmn/pmn.cfm?ID=K223621,fda_database_entry_html,1a1246d63b27a92d6d00b5237c55bbf15a8bc28174fcb3d70eca65b82adbe8ed,dbb556a4a1f13104aefb6106fec34eac8f76bfb1d863f0cd858f86f44e3f8791,2026-06-30T14:13:31+00:00,success,LEGACY_SOURCE_MANIFEST
SRC01537,K223621,https://www.accessdata.fda.gov/cdrh_docs/pdf22/K223621.pdf,510k_summary_pdf,c7b9a9b594b7a14528a80262981fc1da677ce0d9754edc4a5f23cd49ae8a6487,655992a01de36bc658298eba70e6c4e7631f4b9e4dd53ede9660b8fbcb036fb2,2026-06-30T14:13:33+00:00,success,LEGACY_SOURCE_MANIFEST
SRC01538,K231207,https://www.accessdata.fda.gov/scripts/cdrh/cfdocs/cfpmn/pmn.cfm?ID=K231207,fda_database_entry_html,e115535992b6f15ebc355ea7405517e91078956d4fad8eea9c5cb0df77a2803a,5a214445303d0046bf7fd2726fa2a75c0d24c18cb01bf58f129a7c0484f562d8,2026-06-30T14:13:32+00:00,success,LEGACY_SOURCE_MANIFEST
SRC01539,K231207,https://www.accessdata.fda.gov/cdrh_docs/pdf23/K231207.pdf,510k_summary_pdf,0b54a4cce36588d802f6d6d26ebd1d452aa9db38422eef982cbc8773d8a371ed,2569d5258827183cc1ebde4e4a5358d91e0a2af311486e52c66c8dfcde6e8a9a,2026-06-30T14:13:36+00:00,success,LEGACY_SOURCE_MANIFEST
SRC01540,K232482,https://www.accessdata.fda.gov/scripts/cdrh/cfdocs/cfpmn/pmn.cfm?ID=K232482,fda_database_entry_html,6990fdfa319bf4cdf12f20ba9286a30c707e7787bf1a8d338fa54b04c3f8d185,0ccfdf3f8a1c8c0592952fe5c9a16a92e25f4b0ac8769cd5b097adc7f269eb92,2026-06-30T14:13:44+00:00,success,LEGACY_SOURCE_MANIFEST
SRC01541,K232482,https://www.accessdata.fda.gov/cdrh_docs/pdf23/K232482.pdf,510k_summary_pdf,bd6da4c8bb473daba52ef50daccf8fee432214638b798e1ba3ea4d6c028e77eb,2a49f562f06727d92963512a279f38340c6d150331e5744c2a50db0a7cfe2cf5,2026-06-30T14:13:45+00:00,success,LEGACY_SOURCE_MANIFEST
SRC01542,K223622,https://www.accessdata.fda.gov/scripts/cdrh/cfdocs/cfpmn/pmn.cfm?ID=K223622,fda_database_entry_html,b744fb2f64f60bccfdb4d96a6d70d73dae8c6f81f1b28ec558f3b39bb70c6055,8c3c181dcf58a48fee4530726d113bbf3cced17651fac56ad52e70ba682e7168,2026-06-30T14:13:45+00:00,success,LEGACY_SOURCE_MANIFEST
SRC01543,K223622,https://www.accessdata.fda.gov/cdrh_docs/pdf22/K223622.pdf,510k_summary_pdf,797d78a5841487c7a95491e03ef259066bbda9e8b3f80bf122f62701297e9008,97fba93e6a7a328e7b26c9b4b8d70bc36b761a1be676fe66e1f4b4917a5dc5e3,2026-06-30T14:13:47+00:00,success,LEGACY_SOURCE_MANIFEST
SRC01544,K230355,https://www.accessdata.fda.gov/scripts/cdrh/cfdocs/cfpmn/pmn.cfm?ID=K230355,fda_database_entry_html,402acfc36cca1e35df0f40175abb4b91cf30aa092c0756507f2fa3f05f2be26b,22ed617577697ca3652405afdb0e6e0292f0a23ff2623712d2864e0d1206488a,2026-06-30T14:13:48+00:00,success,LEGACY_SOURCE_MANIFEST
SRC01545,K230355,https://www.accessdata.fda.gov/cdrh_docs/pdf23/K230355.pdf,510k_summary_pdf,212b7ea23dc4bdd19eb1046916772c2747d51ab7d336a0e89b6860100d0a5b44,d678474f30d6ac210e50b96cb4f7eeb6d82bdaf2325612dc533cc43d0c4a6830,2026-06-30T14:13:51+00:00,success,LEGACY_SOURCE_MANIFEST
SRC01546,K223639,https://www.accessdata.fda.gov/scripts/cdrh/cfdocs/cfpmn/pmn.cfm?ID=K223639,fda_database_entry_html,35ce147d0dfaf91d5ff8501c25cd7eba5a118949c16d262412474ba3ec832072,91a390a985445afae9a52f94d45a3ed28a72d10cc35b404a27864c22c9323b9a,2026-06-30T14:13:48+00:00,success,LEGACY_SOURCE_MANIFEST
SRC01547,K223639,https://www.accessdata.fda.gov/cdrh_docs/pdf22/K223639.pdf,510k_summary_pdf,cb5e78d1128c7369f3347b627eea8461dc467e04875ba18dab7192a7f2f2ad44,bba92fc7f7ca4665417006ea199c97a181481c217bcb2fa16a4a442b47f0bf4b,2026-06-30T14:13:52+00:00,success,LEGACY_SOURCE_MANIFEST
SRC01548,K223180,https://www.accessdata.fda.gov/scripts/cdrh/cfdocs/cfpmn/pmn.cfm?ID=K223180,fda_database_entry_html,ed739c4f8b0a834317c88395dd075f2a79e4fb11a8cd2e4cfab0e7e5ce03d272,0aa6012db44b6b415fbf603f8a9b26f5566c699a07b2f4304b619304dfca6bcc,2026-06-30T14:13:50+00:00,success,LEGACY_SOURCE_MANIFEST
SRC01549,K223180,https://www.accessdata.fda.gov/cdrh_docs/pdf22/K223180.pdf,510k_summary_pdf,7c2baab15261acd8badb2bfcc686bca17489f24102d611c9b672fff95fc0484d,3425abe770523cd3066aebc88d6bb3cedf2d2af4e2a187c06bd78a8183f7faf0,2026-06-30T14:13:56+00:00,success,LEGACY_SOURCE_MANIFEST
SRC01550,K230812,https://www.accessdata.fda.gov/scripts/cdrh/cfdocs/cfpmn/pmn.cfm?ID=K230812,fda_database_entry_html,d0742c76c1ec7f6c66a00c91f36b021519a5785e7d9d7d333cf6af39c3ea0d6e,8ca833ca42e4e1d8fed00abeeeda725aea22a2fd1afa8adb58db203f2974cc5d,2026-06-30T14:13:57+00:00,success,LEGACY_SOURCE_MANIFEST
SRC01551,K230812,https://www.accessdata.fda.gov/cdrh_docs/pdf23/K230812.pdf,510k_summary_pdf,acc41f651ea73a56c80d40bdce6b6e5d199d863ff5d20e6d0009f2c77d9e76ca,99cb1bce4463b73ce4dcad7d28c5fa89b7cc6f5c8d4b299ddb202832bb25bc39,2026-06-30T14:14:03+00:00,success,LEGACY_SOURCE_MANIFEST
SRC01552,K230899,https://www.accessdata.fda.gov/scripts/cdrh/cfdocs/cfpmn/pmn.cfm?ID=K230899,fda_database_entry_html,3bce7bb031b362c2151943e7183ce866b206d5b1d15a8eed58659b9ff0507a64,e85d2404ef229f6f735b986021012ef81c8a5a834606ef2224c07162f54d022d,2026-06-30T14:14:03+00:00,success,LEGACY_SOURCE_MANIFEST
SRC01553,K230899,https://www.accessdata.fda.gov/cdrh_docs/pdf23/K230899.pdf,510k_summary_pdf,6ed5cc7e286ea5cc1df4da01306db490bd979e7f1a11d4f81650b4db86f5dc3c,2341e133597d2b65161a883bc768b7bbe8eb65c019ac8f2a63d8c7c013008204,2026-06-30T14:14:08+00:00,success,LEGACY_SOURCE_MANIFEST
SRC01554,K223539,https://www.accessdata.fda.gov/scripts/cdrh/cfdocs/cfpmn/pmn.cfm?ID=K223539,fda_database_entry_html,d5226007b8fe182de54b32b055fc116a898adb6da91542c03d7f6dcd34a39a40,cb6188b7bec5de4dc116e82e288b889b5fd142306215d61bf71db8cc6568a7b1,2026-06-30T14:14:07+00:00,success,LEGACY_SOURCE_MANIFEST
SRC01555,K223539,https://www.accessdata.fda.gov/cdrh_docs/pdf22/K223539.pdf,510k_summary_pdf,9b0593744b8314861df2870a73739ce7cead94c8cc69e3bd48d13c7419442f98,15f654b02442d491e1e9b468dc812df76fceeb5f93354923d5b34bab74178e5f,2026-06-30T14:14:10+00:00,success,LEGACY_SOURCE_MANIFEST
SRC01556,K231094,https://www.accessdata.fda.gov/scripts/cdrh/cfdocs/cfpmn/pmn.cfm?ID=K231094,fda_database_entry_html,697050c023a03381155743f0d00f0d2bdd9074d8b3ab1d28488761681449df22,8fd8ef7da3d0ed154492d2e4fcaa3f61881f240afcc08eec504bcba6cb6f891e,2026-06-30T14:14:12+00:00,success,LEGACY_SOURCE_MANIFEST
SRC01557,K231094,https://www.accessdata.fda.gov/cdrh_docs/pdf23/K231094.pdf,510k_summary_pdf,01902ddbb5304411c9bbc6dfb73d34bfa7c38f8632b3b0a9787e09e164b9f700,e90713fb2164a5ab1835e2809fc7b4ab1cc813d494d20b8daf16227fedda8f36,2026-06-30T14:14:16+00:00,success,LEGACY_SOURCE_MANIFEST
SRC01558,DEN230003,https://www.accessdata.fda.gov/scripts/cdrh/cfdocs/cfpmn/denovo.cfm?ID=DEN230003,fda_database_entry_html,d14b2e7ea384853de02100941d466f2ebc3bd7ed800f92e901873db4bc288ae2,3b15f46ca08736e3411dc7d066823d9dfac5c0b9c98aae56dbd80c76d4c49fb3,2026-06-30T14:14:21+00:00,success,LEGACY_SOURCE_MANIFEST
SRC01559,DEN230003,https://www.accessdata.fda.gov/cdrh_docs/pdf23/DEN230003.pdf,approval_order_pdf,e5a4623b21a133c57fcb0269bba34a8dfea40e132ddc565c0aec325e4706dbab,a1a9ec25fcc814684e955eae15a6659ff041bfd1da806b912d109117d3b1b1ab,2026-06-30T14:14:24+00:00,success,LEGACY_SOURCE_MANIFEST
SRC01560,DEN230003,http://www.accessdata.fda.gov/cdrh_docs/reviews/DEN230003.pdf,de_novo_summary_pdf,012ed5841a0e0af0b292ca697851180986cfeaa07581a808120f8cc21711a894,b8c71c03887eb42661ebf9771c655ee553f0ed81b85e79498b72bc7acb888ebf,2026-06-30T14:14:28+00:00,success,LEGACY_SOURCE_MANIFEST
SRC01561,K223133,https://www.accessdata.fda.gov/scripts/cdrh/cfdocs/cfpmn/pmn.cfm?ID=K223133,fda_database_entry_html,a4a7011387670a35f29533db85f4824b33a57501845b78836c3856b0744e6216,a0b1df894fd80a87c789e1c9bbfaa2e84d688188057297fe6513a8eb67c20a88,2026-06-30T14:14:42+00:00,success,LEGACY_SOURCE_MANIFEST
SRC01562,K223133,https://www.accessdata.fda.gov/cdrh_docs/pdf22/K223133.pdf,510k_summary_pdf,3fe53aec0f5ab6b810248c1df6c555607929edbd2e772c538eaae767765571ba,91a8a9fd0db91af600ba731e29197c7850afb2d38923727e86cd62a70d5dee95,2026-06-30T14:14:45+00:00,success,LEGACY_SOURCE_MANIFEST
SRC01563,K223553,https://www.accessdata.fda.gov/scripts/cdrh/cfdocs/cfpmn/pmn.cfm?ID=K223553,fda_database_entry_html,64ee46d98fe5f613ea54c88173c20a1bb05319b2f30a22bd69d9b6ad4a50aaa9,8c4a092d21b36b17237f4bc5cb886b73e5114fc9014d5528b78340a7281e72c5,2026-06-30T14:14:46+00:00,success,LEGACY_SOURCE_MANIFEST
SRC01564,K223553,https://www.accessdata.fda.gov/cdrh_docs/pdf22/K223553.pdf,510k_summary_pdf,315ad5800db14e929241c3494fe9e717d900f63989ca659e1effb791a72fc023,27635d5afceb712eb76a0d1deca60bded97eaa95e9f7d3137f43125cec4cc0e0,2026-06-30T14:14:49+00:00,success,LEGACY_SOURCE_MANIFEST
SRC01565,K231195,https://www.accessdata.fda.gov/scripts/cdrh/cfdocs/cfpmn/pmn.cfm?ID=K231195,fda_database_entry_html,707ed82be2c81f6ae94ec60c197015d6dd3f7d875ce09ab627be596580b99208,ccb68159081a804356960874bb2d438e262c7f4263938cabe91668354766493a,2026-06-30T14:14:55+00:00,success,LEGACY_SOURCE_MANIFEST
SRC01566,K231195,https://www.accessdata.fda.gov/cdrh_docs/pdf23/K231195.pdf,510k_summary_pdf,7d0f32ce836bf38ee6e750f35f08263cc20f6e50c1e07ed49b5739432b58eaab,9da5a4d6df0ab0a79a72a8390398fa405627d08b89cf8b8f221f621c8159422c,2026-06-30T14:15:01+00:00,success,LEGACY_SOURCE_MANIFEST
SRC01567,K230074,https://www.accessdata.fda.gov/scripts/cdrh/cfdocs/cfpmn/pmn.cfm?ID=K230074,fda_database_entry_html,4db5dc30e2290c913078ab8be5905d9cca57b68a15d4641ef4f73b557a7bf8b6,6b199ff3a4f5aead2a1d4562ad5a6c911c62560747fbecf345eb92ab08eaae1e,2026-06-30T14:15:00+00:00,success,LEGACY_SOURCE_MANIFEST
SRC01568,K230074,https://www.accessdata.fda.gov/cdrh_docs/pdf23/K230074.pdf,510k_summary_pdf,7da77ac8e14ec7ff5d1709f519966812498dd13dc230ecd47860652a80926d8e,343d442fcab19bedccb45210e06da33028e9235cb458c89baa74039aa51eabbf,2026-06-30T14:15:03+00:00,success,LEGACY_SOURCE_MANIFEST
SRC01569,K231038,https://www.accessdata.fda.gov/scripts/cdrh/cfdocs/cfpmn/pmn.cfm?ID=K231038,fda_database_entry_html,21cd7492b727d54febec8b3c572c1f666a2835b1ec336593340a51bf05b7601a,ca7f2f6cbda3b8192bbb426ca5098a92ebc1d45eff15105e857d8b897fc4b158,2026-06-30T14:15:18+00:00,success,LEGACY_SOURCE_MANIFEST
SRC01570,K231038,https://www.accessdata.fda.gov/cdrh_docs/pdf23/K231038.pdf,510k_summary_pdf,81e2254e9bd749deb4f72ed0c012e88c714ae6927693af45bc78266d1f9f2883,ba3ba23f0bf8179e0db0667845a428720e46c34beeaa9c155cfb03c735356de2,2026-06-30T14:15:31+00:00,success,LEGACY_SOURCE_MANIFEST
SRC01571,K231572,https://www.accessdata.fda.gov/scripts/cdrh/cfdocs/cfpmn/pmn.cfm?ID=K231572,fda_database_entry_html,48bca0f824917c37192ba3a183d3d2cf1f70dcbd18a4978b27a84920eb537def,ae6dd859ce2ad27d5903c8ff1c6aa21d7de32743ea8f81b07b62be8afaaab5ed,2026-06-30T14:15:18+00:00,success,LEGACY_SOURCE_MANIFEST
SRC01572,K231572,https://www.accessdata.fda.gov/cdrh_docs/pdf23/K231572.pdf,510k_summary_pdf,7ebd3d13a49643b3657e1308594a0d35fac05b9b32cbd6fa3fe13b0e0cf979e6,f58192a9a7a87ecc18eb32c2630e31a8923d212ad0e4eba8fd6ec0105b39de26,2026-06-30T14:15:21+00:00,success,LEGACY_SOURCE_MANIFEST
SRC01573,K230913,https://www.accessdata.fda.gov/scripts/cdrh/cfdocs/cfpmn/pmn.cfm?ID=K230913,fda_database_entry_html,299610f8924bda956fbd4041d1aaafaef5829704f33f6504b570268e8f692b83,ef8958f56e60421221295ed7a8d09598c2b1512297a5377ad4df7e0c7f39d6bc,2026-06-30T14:15:26+00:00,success,LEGACY_SOURCE_MANIFEST
SRC01574,K230913,https://www.accessdata.fda.gov/cdrh_docs/pdf23/K230913.pdf,510k_summary_pdf,86dfcbf646b837113d41b4b1a80ea3902714364e94ad5f9a427be0478f9245c1,12f300fd0ea3968c6aa3a4c380391fa4e9dad6058c112914b3f8c5606c7dee2a,2026-06-30T14:15:27+00:00,success,LEGACY_SOURCE_MANIFEST
SRC01575,K223473,https://www.accessdata.fda.gov/scripts/cdrh/cfdocs/cfpmn/pmn.cfm?ID=K223473,fda_database_entry_html,6f9b35e2245ba513bcad846debd26e6d75f05be59b8a153def9376ec56ea4154,5aba6a13077b0c50e066b0f13ea4f134b242683075a18454a5cbf6ca3d35ed78,2026-06-30T14:15:27+00:00,success,LEGACY_SOURCE_MANIFEST
SRC01576,K223473,https://www.accessdata.fda.gov/cdrh_docs/pdf22/K223473.pdf,510k_summary_pdf,1ba95d77a7ab992827cf358933a3ec92171a7e2f4715880b69dd6f8c1a66d8f7,85b4db37224f13155a0932898bfb1f7502e8edb92a2887f6fc78051778945bf4,2026-06-30T14:15:32+00:00,success,LEGACY_SOURCE_MANIFEST
SRC01577,K230365,https://www.accessdata.fda.gov/scripts/cdrh/cfdocs/cfpmn/pmn.cfm?ID=K230365,fda_database_entry_html,e937e66927b904027ea60d7f2ea3bf8ccac4ed27fcaff3dc1351b58dba8976a7,04ad9f58bfc723ee43c73c47decf050d90bee3a6f5d96b6d27ff2b05c605d833,2026-06-30T14:15:34+00:00,success,LEGACY_SOURCE_MANIFEST
SRC01578,K230365,https://www.accessdata.fda.gov/cdrh_docs/pdf23/K230365.pdf,510k_summary_pdf,81e2afc0260c0624e276d8aaae0851fd346a75c1151ff53ef70aab9a5a73ed9e,6603e18e2ba82089a3bc320aa59cfe5d78e9c781180fb319344af4e31e6b4d26,2026-06-30T14:15:38+00:00,success,LEGACY_SOURCE_MANIFEST
SRC01579,K223347,https://www.accessdata.fda.gov/scripts/cdrh/cfdocs/cfpmn/pmn.cfm?ID=K223347,fda_database_entry_html,e9f4596dcf6485adc429558b9f8c517c79887caac00125c88eb57dae63494e5a,6304764ef22c6fea199463aa2cdf52b58b2bc284f5c446d6219134964099d4c1,2026-06-30T14:15:35+00:00,success,LEGACY_SOURCE_MANIFEST
SRC01580,K223347,https://www.accessdata.fda.gov/cdrh_docs/pdf22/K223347.pdf,510k_summary_pdf,158e71925364363a7ffac653c5b0b0fa72aa09aa6bc6d84f3341b9b2df99f15b,396d131d97ba5501a9632ee5bef5002628917a0d3a1cd5a307e250ca4b567dc7,2026-06-30T14:15:36+00:00,success,LEGACY_SOURCE_MANIFEST
SRC01581,K230150,https://www.accessdata.fda.gov/scripts/cdrh/cfdocs/cfpmn/pmn.cfm?ID=K230150,fda_database_entry_html,09d92c264c7e1eb050d241030d1b405a39e113509e775cb7b32dd539679292ca,99f36232041791216271a48537bd0af7beeae178029484c3a401f7f98ba5a6f9,2026-06-30T14:15:37+00:00,success,LEGACY_SOURCE_MANIFEST
SRC01582,K230150,https://www.accessdata.fda.gov/cdrh_docs/pdf23/K230150.pdf,510k_summary_pdf,4a8d832e6dcfe96ef9403907a6a51af9741f57c81cfe26a4b93d79bd3c69d3cd,8496bdfa2618657497fc9c4fed6b31dd0c88b5f729c2cb1e2adeb3ace32a8ffd,2026-06-30T14:15:42+00:00,success,LEGACY_SOURCE_MANIFEST
SRC01583,K223288,https://www.accessdata.fda.gov/scripts/cdrh/cfdocs/cfpmn/pmn.cfm?ID=K223288,fda_database_entry_html,a2fb937899c9f4690c76cebd59665729a43610ba96b54ff8a5122b5f476c8de0,31963446fcd881cc8daf8b969b1b400986565550e619a1f062e43f479af2059a,2026-06-30T14:15:43+00:00,success,LEGACY_SOURCE_MANIFEST
SRC01584,K223288,https://www.accessdata.fda.gov/cdrh_docs/pdf22/K223288.pdf,510k_summary_pdf,c717c8721f709ff20ed7c104f18e304f67b8e4929aba7136fdf2ecd9816b0929,eb5c8a3ae73b30d034983460f97a78d798fe27450ede74b1df3cef440db04656,2026-06-30T14:15:46+00:00,success,LEGACY_SOURCE_MANIFEST
SRC01585,K231173,https://www.accessdata.fda.gov/scripts/cdrh/cfdocs/cfpmn/pmn.cfm?ID=K231173,fda_database_entry_html,5f5be6e329550fc77ba31dc021b56e4d74bb73a5ffd0172c89ce3a6b50d27617,2e7c8d4228773f20044e828954a5822ed1e35d86a4d38feed4ff377a19aa24eb,2026-06-30T14:15:49+00:00,success,LEGACY_SOURCE_MANIFEST
SRC01586,K231173,https://www.accessdata.fda.gov/cdrh_docs/pdf23/K231173.pdf,510k_summary_pdf,09524a08a6d7e02be6d3148d542ce6df13206e32707895ba29eb18bf3c44f8bd,947e48287c59efd9a8cb2fcd36e9fa4f47e2c1ff4049f2f80b2e618e50a5aa1c,2026-06-30T14:15:54+00:00,success,LEGACY_SOURCE_MANIFEST
SRC01587,K230039,https://www.accessdata.fda.gov/scripts/cdrh/cfdocs/cfpmn/pmn.cfm?ID=K230039,fda_database_entry_html,9c7023bbd2e93fd305c2212117721ab01fad5b2b3006b3ac3d08771dd720ef9a,57b31ee93ff49daf76f6a2808dbef44f10462522d2db924954e693f9ef7859a6,2026-06-30T14:15:51+00:00,success,LEGACY_SOURCE_MANIFEST
SRC01588,K230039,https://www.accessdata.fda.gov/cdrh_docs/pdf23/K230039.pdf,510k_summary_pdf,63dd1a32dc12ade347b013a31b46ad197a9fb277e3e5a4ca1e9d052080471833,b9467bf03e4a8f88a90388132dbd0a83da8e7f588620b099c123a3d458e9b507,2026-06-30T14:16:08+00:00,success,LEGACY_SOURCE_MANIFEST
SRC01589,K231157,https://www.accessdata.fda.gov/scripts/cdrh/cfdocs/cfpmn/pmn.cfm?ID=K231157,fda_database_entry_html,4a46014d37aeffe8748a433c83c38535ba027f58a0ee42b67875802820224a22,fe5882c3170db6a497ec0eb877ecd9eb90fbfb066a72e77bc6298a56c8314cb9,2026-06-30T14:15:54+00:00,success,LEGACY_SOURCE_MANIFEST
SRC01590,K231157,https://www.accessdata.fda.gov/cdrh_docs/pdf23/K231157.pdf,510k_summary_pdf,27954a18216b092c6acf9be2832cc5df2173bfe8545a4a775bee6a68fec66637,68fa9c7230ba82141dbcedef8e208306f0fd3533d9b0e62ae2fc619adab4f31a,2026-06-30T14:16:01+00:00,success,LEGACY_SOURCE_MANIFEST
SRC01591,K223106,https://www.accessdata.fda.gov/scripts/cdrh/cfdocs/cfpmn/pmn.cfm?ID=K223106,fda_database_entry_html,86143802da18e8f0dcb8eb2fd410d2f6179188783dda7068c7e608c97ce103e9,6121cda01985230f84b7e9332793e22538c3ae39c020deafb3f1caaab9507e2f,2026-06-30T14:16:06+00:00,success,LEGACY_SOURCE_MANIFEST
SRC01592,K223106,https://www.accessdata.fda.gov/cdrh_docs/pdf22/K223106.pdf,510k_summary_pdf,cc28588c67123ebe7c00da7883bb9e604aabefa938247c8897102b131757fe28,a3078491fd14d5092d5e6a0ac2b1125d32e88106844c233917a3bc5a96ea5cde,2026-06-30T14:16:09+00:00,success,LEGACY_SOURCE_MANIFEST
SRC01593,K231757,https://www.accessdata.fda.gov/scripts/cdrh/cfdocs/cfpmn/pmn.cfm?ID=K231757,fda_database_entry_html,99b920f933422f6485aadcf28dcb0b213f6a2668b30b96d8c283b7d03f0f1a99,0a2714ef8cd8c8de90287bd51871a3d8dd82dcb51140c856c3d346faf048f141,2026-06-30T14:16:09+00:00,success,LEGACY_SOURCE_MANIFEST
SRC01594,K231757,https://www.accessdata.fda.gov/cdrh_docs/pdf23/K231757.pdf,510k_summary_pdf,cbec016ce26abf216787846c9211ace486685acd473acf2d519f525c6307354c,959c23bdffc5bfd2a2d19f23a100b9331b2a679083c220391cba574e3613f245,2026-06-30T14:16:14+00:00,success,LEGACY_SOURCE_MANIFEST
SRC01595,K231833,https://www.accessdata.fda.gov/scripts/cdrh/cfdocs/cfpmn/pmn.cfm?ID=K231833,fda_database_entry_html,0aec45a9b7fe718d2ab323603e4b838cd89f9cef1e55e2ad9df740d67e20024e,e19d081ed15586a7e92c6f5c90fb64a9186df64ff15b4496a91c2960e488feee,2026-06-30T14:16:17+00:00,success,LEGACY_SOURCE_MANIFEST
SRC01596,K231833,https://www.accessdata.fda.gov/cdrh_docs/pdf23/K231833.pdf,510k_summary_pdf,db8a34053701879af5fbf5adf67d88f9ef3dcf1e10cd7469d8ad2cd3429de07e,3d6e8fd98177e4577705b9e6aea4f45ec4babe4bf674d8757cf9b976c2a6c031,2026-06-30T14:16:22+00:00,success,LEGACY_SOURCE_MANIFEST
SRC01597,K223424,https://www.accessdata.fda.gov/scripts/cdrh/cfdocs/cfpmn/pmn.cfm?ID=K223424,fda_database_entry_html,0a7882ca6fc6e0b4e0758b788647b5b1a934e9ad03a49648cfaec0022404b9f9,4a4a457076212ce4038a5c13e3abda316334423fe4b9e509187cdc9dcfdc6bc1,2026-06-30T14:16:18+00:00,success,LEGACY_SOURCE_MANIFEST
SRC01598,K223424,https://www.accessdata.fda.gov/cdrh_docs/pdf22/K223424.pdf,510k_summary_pdf,203a59ea716ce787b38cbf95b46f306e0b8f7fc9a0b5a044b4673191ca8feaf6,3cc862d241c43a0ba82b17e1f059ff6c9f17a911b47e653781ce0819ffe8a996,2026-06-30T14:16:21+00:00,success,LEGACY_SOURCE_MANIFEST
SRC01599,K223426,https://www.accessdata.fda.gov/scripts/cdrh/cfdocs/cfpmn/pmn.cfm?ID=K223426,fda_database_entry_html,0245f7b8b32f981a1f8d4f33c426097ef20d62e6ce42b07e27e418df575154e2,dd590f1e02d2c8c8517696b744c4a0cb60ea888f4c0a1fdcaaf2dc2508b90c36,2026-06-30T14:16:24+00:00,success,LEGACY_SOURCE_MANIFEST
SRC01600,K223426,https://www.accessdata.fda.gov/cdrh_docs/pdf22/K223426.pdf,510k_summary_pdf,b55e71c2ac9d895038e5a26fe01721c1031709b35f0ee291d687ccdcf128b8cc,029d61a305734900b27b440fd2acf9da9afd6cacd42dd58e2e25499c455f363c,2026-06-30T14:16:29+00:00,success,LEGACY_SOURCE_MANIFEST
SRC01601,K230823,https://www.accessdata.fda.gov/scripts/cdrh/cfdocs/cfpmn/pmn.cfm?ID=K230823,fda_database_entry_html,952b75170cd4d593cc7fe4b285cffc9e36fd352e2eee4261736fc7b59ef9e1e8,da80363278a0e3067feb02b4d3d0049220f63a1637a3208dd696375b749ce8fd,2026-06-30T14:16:28+00:00,success,LEGACY_SOURCE_MANIFEST
SRC01602,K230823,https://www.accessdata.fda.gov/cdrh_docs/pdf23/K230823.pdf,510k_summary_pdf,cdbd44454e1a3d191f28b715bf151fff85e40ff4b282a9705c43a2ca23b1d1ef,4af1422f348df8ec2078c98def2c38c685ecbb97ac54e796dacc6afbe6d0fcb1,2026-06-30T14:16:33+00:00,success,LEGACY_SOURCE_MANIFEST
SRC01603,K223724,https://www.accessdata.fda.gov/scripts/cdrh/cfdocs/cfpmn/pmn.cfm?ID=K223724,fda_database_entry_html,323fb3412317705197bbfda2287e6eff553ad20e1ec39a97764ce55e204bbd7a,08cab394c4bd05a19a666d8e38391e3c96937e32bae2388f929bed6de5cc84fa,2026-06-30T14:16:37+00:00,success,LEGACY_SOURCE_MANIFEST
SRC01604,K223724,https://www.accessdata.fda.gov/cdrh_docs/pdf22/K223724.pdf,510k_summary_pdf,99e113f55b0c5882ec15270446ffd75d591c1b0d049b413c2bba766d04a3036f,7cd45c1bec24dd1047a947558e605479d7796b7cbe27a2f671ff50d5bc37d249,2026-06-30T14:16:42+00:00,success,LEGACY_SOURCE_MANIFEST
SRC01605,K231668,https://www.accessdata.fda.gov/scripts/cdrh/cfdocs/cfpmn/pmn.cfm?ID=K231668,fda_database_entry_html,07204947006cfc9dd94d79e369ceb619291e0449afccce586a4cfae611411248,5ec82dafbc76e40ea8cb36cb6d45748a229baa2b65635854ad332db0f0625dd9,2026-06-30T14:16:38+00:00,success,LEGACY_SOURCE_MANIFEST
SRC01606,K231668,https://www.accessdata.fda.gov/cdrh_docs/pdf23/K231668.pdf,510k_summary_pdf,301f45be5155d25695c2ae7faed047ec931adad99f18520cfa66c6f96c8a8733,a0034bc49d4261818a11834eb9c11a6a87304ac43d8197e7e259dfbd4c080ad3,2026-06-30T14:16:44+00:00,success,LEGACY_SOURCE_MANIFEST
SRC01607,K222745,https://www.accessdata.fda.gov/scripts/cdrh/cfdocs/cfpmn/pmn.cfm?ID=K222745,fda_database_entry_html,b0206abc3457e3de8abc49b232f2948650a42ae7411e8b3ccfb5227f9b0e78fe,e5a3fc2be86a2277719bcdbfea039226944f57978715575094d87a70d06026d8,2026-06-30T14:16:46+00:00,success,LEGACY_SOURCE_MANIFEST
SRC01608,K222745,https://www.accessdata.fda.gov/cdrh_docs/pdf22/K222745.pdf,510k_summary_pdf,dacf7864df62fe34fbcc3a0e1aef3c8447d93b9c9ad2f7de70b346509e5834da,ed62e8dc634820077ff3a42e552a6da0f12bf25cf630a7d77ed9b2fcdbed151c,2026-06-30T14:16:50+00:00,success,LEGACY_SOURCE_MANIFEST
SRC01609,DEN200052,https://www.accessdata.fda.gov/scripts/cdrh/cfdocs/cfpmn/denovo.cfm?ID=DEN200052,fda_database_entry_html,8d8c673df5f0811741f343837a8dfc80bbefa6305a7f22198c9cb31995c5038f,ec097f4c79a0607ef9c26611508298e262afedd75097301b1b140ee1e9996976,2026-06-30T14:16:50+00:00,success,LEGACY_SOURCE_MANIFEST
SRC01610,DEN200052,https://www.accessdata.fda.gov/cdrh_docs/pdf20/DEN200052.pdf,approval_order_pdf,10acd76856f86a35ce2ceacd44c53f87ccd37589c2da16aaa08b2c77a9378d5c,da97f0a0ccee4df007c5cee135f13e70250a6545c2a6154052229cc70322100e,2026-06-30T14:16:52+00:00,success,LEGACY_SOURCE_MANIFEST
SRC01611,DEN200052,http://www.accessdata.fda.gov/cdrh_docs/reviews/DEN200052.pdf,de_novo_summary_pdf,386572275971b4d2df48634079eaaaf2c224c14a8e37ed2db811ade6cf91f3de,d137f45ea7fb756f2880f1e05bc18827ff22712439e6f52cc0860508c6e2eef3,2026-06-30T14:17:01+00:00,success,LEGACY_SOURCE_MANIFEST
SRC01612,K230337,https://www.accessdata.fda.gov/scripts/cdrh/cfdocs/cfpmn/pmn.cfm?ID=K230337,fda_database_entry_html,9564891c56f2ecbf57773c74c0b65d167c691832204c87bf679ad3dffbc8087a,152cbd648d56b78f8d2e4d07dc1782ae935bbb340d25b9584cbd66d993cea495,2026-06-30T14:16:54+00:00,success,LEGACY_SOURCE_MANIFEST
SRC01613,K230337,https://www.accessdata.fda.gov/cdrh_docs/pdf23/K230337.pdf,510k_summary_pdf,6e92767ac7b2f530563d2d637780190d703bd87f569f13cf899d1830934352a4,aa6fc9546ea8226f8f2a7b2fdbaec96d8a92297dea9d70cbb596bf16136f5f49,2026-06-30T14:16:57+00:00,success,LEGACY_SOURCE_MANIFEST
SRC01614,K230497,https://www.accessdata.fda.gov/scripts/cdrh/cfdocs/cfpmn/pmn.cfm?ID=K230497,fda_database_entry_html,451a414085c460544433544bb9901b9a6ced6c96142fb03d05e7e159ddb221e3,70f6cae6d023d33b945f11565a78725578b20b55613447cfd5fe595bfccc4756,2026-06-30T14:16:54+00:00,success,LEGACY_SOURCE_MANIFEST
SRC01615,K230497,https://www.accessdata.fda.gov/cdrh_docs/pdf23/K230497.pdf,510k_summary_pdf,912a27cc3f7ee126b67dcdf1a963afe369b4a7646c639b57bf89acf33d6de6e5,00fcb1250bffc4bf7b9c98507ff8883b69dcd822664a957afdd5d5f9a6a23c88,2026-06-30T14:16:55+00:00,success,LEGACY_SOURCE_MANIFEST
SRC01616,K231459,https://www.accessdata.fda.gov/scripts/cdrh/cfdocs/cfpmn/pmn.cfm?ID=K231459,fda_database_entry_html,679c263a024299623117ae4f21919f2802f9f73efdee29e1fb32d9b6a113db83,8fad082c2863e7442e69499e115dffbdef0b9701f08bbbd572cd6d1e5c8b47a8,2026-06-30T14:17:02+00:00,success,LEGACY_SOURCE_MANIFEST
SRC01617,K231459,https://www.accessdata.fda.gov/cdrh_docs/pdf23/K231459.pdf,510k_summary_pdf,1ac6c68d53f96f05ffbab45ea35699a613b0f4ffd385706adcc9ecf90115dfbc,db49f1e1d290d82b62d6566ee7a2ee359492e392aa32ece90b4f484f1721982e,2026-06-30T14:17:09+00:00,success,LEGACY_SOURCE_MANIFEST
SRC01618,K230346,https://www.accessdata.fda.gov/scripts/cdrh/cfdocs/cfpmn/pmn.cfm?ID=K230346,fda_database_entry_html,3e2ecc5e2f8fd990c586def0cb25b36bee1dbb5c6e0429f1aa61b29709a17f5c,737777d763b06ee0ce890ea738bb1d3e719918d07baadd23c99bb38e17349b3f,2026-06-30T14:17:09+00:00,success,LEGACY_SOURCE_MANIFEST
SRC01619,K230346,https://www.accessdata.fda.gov/cdrh_docs/pdf23/K230346.pdf,510k_summary_pdf,c6167c10205f3b2256ebd109b913bed76df75ab16c2f33b18f6e893c254955fc,4d247075b9619ea0a443a82b4a0a5f54b29b5822e4b3ca913d8541ed978fcadd,2026-06-30T14:17:16+00:00,success,LEGACY_SOURCE_MANIFEST
SRC01620,K223556,https://www.accessdata.fda.gov/scripts/cdrh/cfdocs/cfpmn/pmn.cfm?ID=K223556,fda_database_entry_html,cb4eddc289d277820a0e317c63a2f2fbb7fe506ea6ed2138962331a1111dea9b,b8e6ffe4f23912d46f166c07b85393c918717e55d9432d7afba77cc81a83ad21,2026-06-30T14:17:19+00:00,success,LEGACY_SOURCE_MANIFEST
SRC01621,K223556,https://www.accessdata.fda.gov/cdrh_docs/pdf22/K223556.pdf,510k_summary_pdf,30a196ecec0df57e5ccdcae7801ffe564b81db743e90d9988bc3a66c8a203ca4,ee1951892bd1f414527737d8074b6bf6180c87695b3bbf13bf0fbcff83ffd004,2026-06-30T14:17:21+00:00,success,LEGACY_SOURCE_MANIFEST
SRC01622,K223646,https://www.accessdata.fda.gov/scripts/cdrh/cfdocs/cfpmn/pmn.cfm?ID=K223646,fda_database_entry_html,13b668f6756cef31b203276c4da60d8a3eb966d69a1ddc4f61279dea84222f5e,60a0186417735aaaec2245ba42a7308520eaeb6f322e30e439be0460c8e597d7,2026-06-30T14:17:28+00:00,success,LEGACY_SOURCE_MANIFEST
SRC01623,K223646,https://www.accessdata.fda.gov/cdrh_docs/pdf22/K223646.pdf,510k_summary_pdf,44ec343755a2709e0fca2011f6e0613a7f650ead72aa33c76702121e77958537,52beb0242488b87c9411c62fd90f4d1f71655d455b3723b01bd9fee8ce78b322,2026-06-30T14:17:31+00:00,success,LEGACY_SOURCE_MANIFEST
SRC01624,K223357,https://www.accessdata.fda.gov/scripts/cdrh/cfdocs/cfpmn/pmn.cfm?ID=K223357,fda_database_entry_html,f1dbbd8811dda153df2d5b931a261f12de4918df56522819460086515504dcef,6db3d447426eba94030ba53bf9feadc0c8a8ab08e2e7fe59558a86b0a3cf8a94,2026-06-30T14:17:34+00:00,success,LEGACY_SOURCE_MANIFEST
SRC01625,K223357,https://www.accessdata.fda.gov/cdrh_docs/pdf22/K223357.pdf,510k_summary_pdf,ae03ea60fb5a642f944dc08f51946d564979be0a325a207059079aec8b44d604,c1b2290f5baf6d4a81f94b5f9b648eb31ef8f67497746b46e1e7dfbb793e4ea3,2026-06-30T14:17:35+00:00,success,LEGACY_SOURCE_MANIFEST
SRC01626,K230112,https://www.accessdata.fda.gov/scripts/cdrh/cfdocs/cfpmn/pmn.cfm?ID=K230112,fda_database_entry_html,b14f2962795db5971fc61c982d915ab9eb388d894bfc3e5d552710ecf955c40a,09fec1b1ff065c7adc1c0e55c9cd8466e9f70bb9fa6419355f0ff9bcdd0eb70e,2026-06-30T14:17:45+00:00,success,LEGACY_SOURCE_MANIFEST
SRC01627,K230112,https://www.accessdata.fda.gov/cdrh_docs/pdf23/K230112.pdf,510k_summary_pdf,84e8192557747dfa63b100b2323f79c036ab84aee6b085bff480ec13c2ec2aef,5f2339e2d86dc1657cb57a8c832758a6449fade8d89502878e73b1e53e47563f,2026-06-30T14:17:48+00:00,success,LEGACY_SOURCE_MANIFEST
SRC01628,K223855,https://www.accessdata.fda.gov/scripts/cdrh/cfdocs/cfpmn/pmn.cfm?ID=K223855,fda_database_entry_html,0898fb42500f8d5ab5d8abb9d5549eafd710aba7334e6a38c6c3e1cb4c6c1828,76f6a43ef9c6c53fb4b0935aac2a0bb33c4582d7d2c1934ba7c5a5e3534f5f13,2026-06-30T14:17:51+00:00,success,LEGACY_SOURCE_MANIFEST
SRC01629,K223855,https://www.accessdata.fda.gov/cdrh_docs/pdf22/K223855.pdf,510k_summary_pdf,a51ca3cfc7490306b5a86322dc93e7c707eb43a73465c62ff1d99cee75931130,70226ab4d6915cd5509d9d1fce396158b15e2bcdd248a9f4dbeaab2f89f202e1,2026-06-30T14:17:53+00:00,success,LEGACY_SOURCE_MANIFEST
SRC01630,K223523,https://www.accessdata.fda.gov/scripts/cdrh/cfdocs/cfpmn/pmn.cfm?ID=K223523,fda_database_entry_html,0db24a4216672335cda14134824f89f631c51547c6b00d8fc79ad76d4d7a3e21,95f005b38f0038f116c5beaa65e7fa30e41bce641e22a9e295d8522a6b096c4b,2026-06-30T14:18:04+00:00,success,LEGACY_SOURCE_MANIFEST
SRC01631,K223523,https://www.accessdata.fda.gov/cdrh_docs/pdf22/K223523.pdf,510k_summary_pdf,eafddda06b92b68f97a38e46b48ed884eb2dc798daa81fd6b6bac77653d19b03,750184793b7fbc6ba69cbc12332c2a6d59201d6be1dbe6c665c9eb049842ef9e,2026-06-30T14:18:07+00:00,success,LEGACY_SOURCE_MANIFEST
SRC01632,K230273,https://www.accessdata.fda.gov/scripts/cdrh/cfdocs/cfpmn/pmn.cfm?ID=K230273,fda_database_entry_html,9b4a2b2fb0cd3bf3c658a7cf413ed66b8da278518ec6b06f1668942caee4be5e,5df5b7a52aac304fe792e073963bf02bc25d1b271266760e8c4af4484b8ab545,2026-06-30T14:18:06+00:00,success,LEGACY_SOURCE_MANIFEST
SRC01633,K230273,https://www.accessdata.fda.gov/cdrh_docs/pdf23/K230273.pdf,510k_summary_pdf,0931bde3abd8ba0dca5eb71bd335c4c2f8122469f2037814459b6d4450aa6d5a,a5252343609136632f3fd35dbe5c9839df3935a58059763543b264118e0eea71,2026-06-30T14:18:09+00:00,success,LEGACY_SOURCE_MANIFEST
SRC01634,K223491,https://www.accessdata.fda.gov/scripts/cdrh/cfdocs/cfpmn/pmn.cfm?ID=K223491,fda_database_entry_html,9e474b1fe39911a323797c250a179fde5a6dde3a5d8d08cc894a7e34613941e8,1e189b58a0ba5edd2bf18b0e9b00a0e62507a3abf1f6eb96d15343bf02ff81de,2026-06-30T14:18:10+00:00,success,LEGACY_SOURCE_MANIFEST
SRC01635,K223491,https://www.accessdata.fda.gov/cdrh_docs/pdf22/K223491.pdf,510k_summary_pdf,2100c49aced65c67dbb02079ce89e57b76a28d992cd8c77af91584f79493bd14,e211cb45e5cf24ec637a186173aa84135de3db19463027130e49f5be982a2882,2026-06-30T14:18:14+00:00,success,LEGACY_SOURCE_MANIFEST
SRC01636,K223504,https://www.accessdata.fda.gov/scripts/cdrh/cfdocs/cfpmn/pmn.cfm?ID=K223504,fda_database_entry_html,2865c7a6459a7e48570d2f021fabaf4acc78ceadc47af1620f856542d9735d22,156ff249c3307033a7e8f3a19bac1570c9433ab5fdd77ec82d9f50092916fa6e,2026-06-30T14:18:16+00:00,success,LEGACY_SOURCE_MANIFEST
SRC01637,K223504,https://www.accessdata.fda.gov/cdrh_docs/pdf22/K223504.pdf,510k_summary_pdf,90c0c8a93d0cad3506051f663fb1bf48bf6810fbd0b5fd3dee1eeede84b1c502,b0655073c81e7bc99fb9ab85cb4e9623837a4c0b45f72a206f8d8914fa98e12d,2026-06-30T14:18:18+00:00,success,LEGACY_SOURCE_MANIFEST
SRC01638,K230096,https://www.accessdata.fda.gov/scripts/cdrh/cfdocs/cfpmn/pmn.cfm?ID=K230096,fda_database_entry_html,9d506b8fa153ce13784f87faf6281ebdf7cf5603342b290d5f91193ed8eeb27f,3214ac09cffcca2b34bcf37f2b1a9d5fa5c298d372f16d9d16d28ad838da7e39,2026-06-30T14:18:20+00:00,success,LEGACY_SOURCE_MANIFEST
SRC01639,K230096,https://www.accessdata.fda.gov/cdrh_docs/pdf23/K230096.pdf,510k_summary_pdf,92900532cb108153d133a2aa8cff49ed047ea651bd81013be70065f3c22dd000,d6df9b9681417016c83103f05c64e634824f900a63a7bbf0a7c9dc51d6a779fd,2026-06-30T14:18:23+00:00,success,LEGACY_SOURCE_MANIFEST
SRC01640,K231143,https://www.accessdata.fda.gov/scripts/cdrh/cfdocs/cfpmn/pmn.cfm?ID=K231143,fda_database_entry_html,f773b05827ea4e456dcfcafc513e6f999e32d45edf329668da6f2cba3fd38c3c,9e1c4d8e802b24bb5699f7c83ed67a0f161b65ce2fd7caf07ad52405c1bdb98d,2026-06-30T14:18:23+00:00,success,LEGACY_SOURCE_MANIFEST
SRC01641,K231143,https://www.accessdata.fda.gov/cdrh_docs/pdf23/K231143.pdf,510k_summary_pdf,5a003607cbf26188675dac7fa1342b113ed3f1ec2d3d2d0e756c1dda279fdebe,15d688b30b214f776ac675da8408fdf70826da580074fab0a445aeee725f0dd4,2026-06-30T14:18:26+00:00,success,LEGACY_SOURCE_MANIFEST
SRC01642,K212758,https://www.accessdata.fda.gov/scripts/cdrh/cfdocs/cfpmn/pmn.cfm?ID=K212758,fda_database_entry_html,9dc1ecf2618d8bed37a2a46ae26f94ac38ad43d0ce8937b3669c6ea16d7876a3,1e18366afd6a377c205bd85ba85b0e6a80ac540657800003947d7ed8f5bd5bfb,2026-06-30T14:18:31+00:00,success,LEGACY_SOURCE_MANIFEST
SRC01643,K212758,https://www.accessdata.fda.gov/CDRH510K/K212758.pdf,510k_summary_pdf,cae4c9373d8c77fdc5d56e1e9d1272c71fb6f5d51451a06b6b0c3db387252f66,a959cf549ed81c59fffca91caeabf7e171958a90d53c41872a6f686c8408c580,2026-06-30T14:18:35+00:00,success,LEGACY_SOURCE_MANIFEST
SRC01644,K212758,https://www.accessdata.fda.gov/cdrh_docs/pdf21/K212758.pdf,510k_summary_pdf,cae4c9373d8c77fdc5d56e1e9d1272c71fb6f5d51451a06b6b0c3db387252f66,a959cf549ed81c59fffca91caeabf7e171958a90d53c41872a6f686c8408c580,2026-06-30T14:18:43+00:00,success,LEGACY_SOURCE_MANIFEST
SRC01645,K222728,https://www.accessdata.fda.gov/scripts/cdrh/cfdocs/cfpmn/pmn.cfm?ID=K222728,fda_database_entry_html,1ce5ceb9dafa13400a6730578d72ef69683c503c8546dadc254bc4c965c5c6b0,1ae57e5813b90500423c5a498223fa6eea4ab1c84462e87a3b17431bcc452fc9,2026-06-30T14:18:35+00:00,success,LEGACY_SOURCE_MANIFEST
SRC01646,K222728,https://www.accessdata.fda.gov/cdrh_docs/pdf22/K222728.pdf,510k_summary_pdf,5f6e0955926253a5632cb4b5f9e23f8f660dc6a22a6648fe91a447758c0cf231,64ad973818ecb6e28ddbeae28556da27b7a39894413b8e9ca6c94948d3a897aa,2026-06-30T14:18:39+00:00,success,LEGACY_SOURCE_MANIFEST
SRC01647,K231190,https://www.accessdata.fda.gov/scripts/cdrh/cfdocs/cfpmn/pmn.cfm?ID=K231190,fda_database_entry_html,16e2841b8528812c0b76cebdcd0827c4e8c4772a2688a2f14c21f09c8468599d,bac76101a4beae95d19bcb7dd9f214f2b595d66602bf6fd47d141d2ada1217c6,2026-06-30T14:18:43+00:00,success,LEGACY_SOURCE_MANIFEST
SRC01648,K231190,https://www.accessdata.fda.gov/cdrh_docs/pdf23/K231190.pdf,510k_summary_pdf,b07509f90d88a6256571f7e34f2c2584123a2d8c37b7e7f3108689773fa91be2,62a523ad6269a9b459456f0473484985d0db49408c20727cb99fe575494d3d3b,2026-06-30T14:18:44+00:00,success,LEGACY_SOURCE_MANIFEST
SRC01649,K223623,https://www.accessdata.fda.gov/scripts/cdrh/cfdocs/cfpmn/pmn.cfm?ID=K223623,fda_database_entry_html,9786cf3102a9044d0922e6a061de979bef211620d59aae9ca525f1f5d89f6e74,d4081ab00e31ba7c5d7b94a85c9bec843704fb6c15bf8caf011b87404985f756,2026-06-30T14:18:43+00:00,success,LEGACY_SOURCE_MANIFEST
SRC01650,K223623,https://www.accessdata.fda.gov/cdrh_docs/pdf22/K223623.pdf,510k_summary_pdf,9846a7c7135efee30ae505a9ded13bfa4e6c01e9b48e7f68887d82ddbfde0b4c,37817b7c3b771408adc91b3dd48209430395e6db9da3ea7199693de4c4027dfe,2026-06-30T14:18:44+00:00,success,LEGACY_SOURCE_MANIFEST
SRC01651,K220437,https://www.accessdata.fda.gov/scripts/cdrh/cfdocs/cfpmn/pmn.cfm?ID=K220437,fda_database_entry_html,18185463660a3930265b181d509c2ce47e19667189c897e72313fa832ed05014,53903b379a3495a8ae41f1c539298edf41e6b6dbf0e50808d86e1982952ec296,2026-06-30T14:18:48+00:00,success,LEGACY_SOURCE_MANIFEST
SRC01652,K220437,https://www.accessdata.fda.gov/cdrh_docs/pdf22/K220437.pdf,510k_summary_pdf,8a6e0ff93da5c421a8cf36aa5b454c11520f1d46ba065d971226f4c6a4c6f49e,bac573262022075b3a0c5bb77fe446be58628045e98f5f2f62c2cc83f8727281,2026-06-30T14:18:50+00:00,success,LEGACY_SOURCE_MANIFEST
SRC01653,K230082,https://www.accessdata.fda.gov/scripts/cdrh/cfdocs/cfpmn/pmn.cfm?ID=K230082,fda_database_entry_html,e2a31ce8faad76e987b12f3ea91fc987bfc9fabd39f6a069ea7e41c6d2738647,2bf8d1e9b9df33750fe45b148253f459859327644b655b21700d8dbc86d12893,2026-06-30T14:18:50+00:00,success,LEGACY_SOURCE_MANIFEST
SRC01654,K230082,https://www.accessdata.fda.gov/cdrh_docs/pdf23/K230082.pdf,510k_summary_pdf,bfbe16193ca953c8392dca2724e6b608ae477ef273a11487454d17653b489467,5e8734885352df0fa8b8383a185a4b7c480171638761a0114c561936c199ccfc,2026-06-30T14:18:54+00:00,success,LEGACY_SOURCE_MANIFEST
SRC01655,K223771,https://www.accessdata.fda.gov/scripts/cdrh/cfdocs/cfpmn/pmn.cfm?ID=K223771,fda_database_entry_html,a0e2d631512dcb9eaadfbf36ccbcb600b86e7d477e6672c929253ac79c688bee,69fe548cd53f3a27d66d01391738f06e1115d51b9a115bdb1c622ed5ce25a061,2026-06-30T14:18:51+00:00,success,LEGACY_SOURCE_MANIFEST
SRC01656,K223771,https://www.accessdata.fda.gov/cdrh_docs/pdf22/K223771.pdf,510k_summary_pdf,ae544faf1299ee51828add5a87123e26665cfff34f9844e39eefa8906d5e94ed,d228e11eaf27ea87ad7f8b57f3da2c8fcc112701c9a38ad41390fa1df1d1db9b,2026-06-30T14:18:55+00:00,success,LEGACY_SOURCE_MANIFEST
SRC01657,K230292,https://www.accessdata.fda.gov/scripts/cdrh/cfdocs/cfpmn/pmn.cfm?ID=K230292,fda_database_entry_html,01f5b65258b12d5ad1babbdd478be5c797a60cf36f69d8a2ceae05bc7a3df4a4,cd3b481660c8a3113d260bcced6fbdfbd5262726cda96b71adc3ea4d59117f3c,2026-06-30T14:18:59+00:00,success,LEGACY_SOURCE_MANIFEST
SRC01658,K230292,https://www.accessdata.fda.gov/cdrh_docs/pdf23/K230292.pdf,510k_summary_pdf,07f8b824ee67c4b64c926e8e35e9d17f82b49aa04580cc935c980c481130a1d1,7d2728539f07270641a6df1996909fb365baed5043a0094aeaf3b94f9baecfe2,2026-06-30T14:19:01+00:00,success,LEGACY_SOURCE_MANIFEST
SRC01659,K230977,https://www.accessdata.fda.gov/scripts/cdrh/cfdocs/cfpmn/pmn.cfm?ID=K230977,fda_database_entry_html,0995e5dbe72ae2bbcc89474696a2493751384f8e008583abea78b90ea9c52bb9,302b0a6284cc5b8a1ab2e2291c9cde34ddc77f1e6d83006e45cf91ff10a63b6c,2026-06-30T14:19:02+00:00,success,LEGACY_SOURCE_MANIFEST
SRC01660,K230977,https://www.accessdata.fda.gov/cdrh_docs/pdf23/K230977.pdf,510k_summary_pdf,dc1c583fac89d100c5ac1cf0014fe264559bf2e6e0ef08cb3a4123a8efc97927,f7f66727057bad975743671e7b2025613f868cf40966084e59ad92a1e8645ee3,2026-06-30T14:19:06+00:00,success,LEGACY_SOURCE_MANIFEST
SRC01661,P210011,https://www.accessdata.fda.gov/scripts/cdrh/cfdocs/cfpma/pma.cfm?id=P210011,fda_database_entry_html,98cf7b621649f0a7e2bcd1a7f7b525f40b685a262b9683072e504c0604e6aaa0,b2afdfea258c52d0eddcb5ff85cd503503605d9aa0d6e8dbbc91ae9a6fefbdd6,2026-06-30T14:19:04+00:00,success,LEGACY_SOURCE_MANIFEST
SRC01662,P210011,https://www.accessdata.fda.gov/cdrh_docs/pdf21/P210011A.pdf,approval_order_pdf,af61681252f3f8e60ecf0595ec7e06ec811982388e5b3c6ed78e65cef3a27b44,4c70bc1b37cced10bced33e4620a2748c9a1a50613ac153571945b79c32a9bb3,2026-06-30T14:19:08+00:00,success,LEGACY_SOURCE_MANIFEST
SRC01663,P210011,https://www.accessdata.fda.gov/cdrh_docs/pdf21/P210011B.pdf,pma_ssed_pdf,7208f9d8efe9814e84a448cf3a3ff5d88a76987e6b7f4ef3a6587b540c899308,eb8ede2f315d4ac26ac33a1570b3fa23e669ad408bf219963f21329f4aeb79fa,2026-06-30T14:19:10+00:00,success,LEGACY_SOURCE_MANIFEST
SRC01664,P210011,https://www.accessdata.fda.gov/cdrh_docs/pdf21/P210011C.pdf,labeling_pdf,0063e4d1d0bef9e12067faaa9d715d988c8917924ec8bc4670a1ed1b5c2a8e3b,8777292cb39a88e94aa8795f8698fa7b27beb2df5ec07ffaff077c7ceb37228c,2026-06-30T14:19:18+00:00,success,LEGACY_SOURCE_MANIFEST
SRC01665,K223212,https://www.accessdata.fda.gov/scripts/cdrh/cfdocs/cfpmn/pmn.cfm?ID=K223212,fda_database_entry_html,ce4cdba09071b0b6026da56a81239a22afa442966deffe4615e547b6800dc885,f91a980c941bd742a38bfbe47f4e806461a699c145d67fb4cf1cce12f91e4637,2026-06-30T14:19:12+00:00,success,LEGACY_SOURCE_MANIFEST
SRC01666,K223212,https://www.accessdata.fda.gov/cdrh_docs/pdf22/K223212.pdf,510k_summary_pdf,fa443d26d99fa78dd4c6413e15d197a1e22028ce73507ecb09300b40a277ce22,0d0d64c45f7fa1f40840f24c21685b9af5fec2ab8e8924aa4a9b02915f1e707c,2026-06-30T14:19:14+00:00,success,LEGACY_SOURCE_MANIFEST
SRC01667,K223734,https://www.accessdata.fda.gov/scripts/cdrh/cfdocs/cfpmn/pmn.cfm?ID=K223734,fda_database_entry_html,87962f2a3ecc98b26a0a11c3b6b567819cc5dd876b551aeb600d9aab95c01706,2e59aaba5634fe7dbec8eab64b7c4bf1f446725ed5ec42cc00fe4767408124ac,2026-06-30T14:19:12+00:00,success,LEGACY_SOURCE_MANIFEST
SRC01668,K223734,https://www.accessdata.fda.gov/cdrh_docs/pdf22/K223734.pdf,510k_summary_pdf,85a10579050d8b306dddd8b72ab8b5f074deac329d8e3832889ecd61fbfe88a7,0b38b122317d54245435f439f0b711fdba924c3391166e9d2ab90d4a7709f68b,2026-06-30T14:19:13+00:00,success,LEGACY_SOURCE_MANIFEST
SRC01669,K230552,https://www.accessdata.fda.gov/scripts/cdrh/cfdocs/cfpmn/pmn.cfm?ID=K230552,fda_database_entry_html,91e7182e0a932a76add16eec0903b6eb29fa6bbc415824a9d45686fdc5b21670,c22a02b567c474b764a700c259b04bf6430261dc4ec69d6c363cbf0aa99a26e3,2026-06-30T14:19:20+00:00,success,LEGACY_SOURCE_MANIFEST
SRC01670,K230552,https://www.accessdata.fda.gov/cdrh_docs/pdf23/K230552.pdf,510k_summary_pdf,dc397d47bd837562de7a105657ce26ca7b36bd6338304d95759809e8f3b9e724,a639f669854c134a3857b6a03064f91a334fa7990477998aed506c1b0d1f0994,2026-06-30T14:19:27+00:00,success,LEGACY_SOURCE_MANIFEST
SRC01671,K230553,https://www.accessdata.fda.gov/scripts/cdrh/cfdocs/cfpmn/pmn.cfm?ID=K230553,fda_database_entry_html,50bbe941f33bd640adb34a413f37f52efeb039235fdc293bc6db42d0b01366d9,574284ec346d971560cd3b452e13aa9826dca3c1475558541fd148fc96b82567,2026-06-30T14:19:28+00:00,success,LEGACY_SOURCE_MANIFEST
SRC01672,K230553,https://www.accessdata.fda.gov/cdrh_docs/pdf23/K230553.pdf,510k_summary_pdf,503baac146ec810630e9779f43016dc9a54bd249ff5f9c13735e7ad7ff73ba76,16fad5f80ff2878829d447a672679daaed907ead98370c680015c97bdc57a4d7,2026-06-30T14:19:35+00:00,success,LEGACY_SOURCE_MANIFEST
SRC01673,K230223,https://www.accessdata.fda.gov/scripts/cdrh/cfdocs/cfpmn/pmn.cfm?ID=K230223,fda_database_entry_html,0cb48a8c70b59dbdd6fe992c05007eb9886c252256ecde0970f8204c792631e2,3904175dd0f203da358b5758b2d215f127c94231269376a8fdc265309909c77d,2026-06-30T14:19:31+00:00,success,LEGACY_SOURCE_MANIFEST
SRC01674,K230223,https://www.accessdata.fda.gov/cdrh_docs/pdf23/K230223.pdf,510k_summary_pdf,76dfebc52de78b70ba7b2ce0f5fe3ffa8667cb3413d166638f3aad4d5a5958eb,cdef1fcc3fb5a4447c4bcff128398999a54193759af7ea3baf01efad2478523b,2026-06-30T14:19:33+00:00,success,LEGACY_SOURCE_MANIFEST
SRC01675,K222676,https://www.accessdata.fda.gov/scripts/cdrh/cfdocs/cfpmn/pmn.cfm?ID=K222676,fda_database_entry_html,225f582f32746692f3445226c9de18b13c315185b1249099d76a8315f0857f1b,d33cede99e938b5441751c75c2bd2bb6f57e7200e2e8a009b55677ec5a3e2ce4,2026-06-30T14:19:41+00:00,success,LEGACY_SOURCE_MANIFEST
SRC01676,K222676,https://www.accessdata.fda.gov/cdrh_docs/pdf22/K222676.pdf,510k_summary_pdf,7a0eb1f9dd8f3daaa696b06a712d0e66fd8f558d2264ec3701319a39d1dceebd,a53fc081794ed350307f717f05ce55f72ec25e488b92ae45a83ba92081ab1dae,2026-06-30T14:19:46+00:00,success,LEGACY_SOURCE_MANIFEST
SRC01677,K230084,https://www.accessdata.fda.gov/scripts/cdrh/cfdocs/cfpmn/pmn.cfm?ID=K230084,fda_database_entry_html,4e99b3b5994b9b94ff73aced529c0f2d98e8bb19962a028740cf222465ec7f00,cad831d3e924494a6c7c3adb74a3ffd7abab314bd94ac1f1a014aea3fd9a7b06,2026-06-30T14:19:44+00:00,success,LEGACY_SOURCE_MANIFEST
SRC01678,K230084,https://www.accessdata.fda.gov/cdrh_docs/pdf23/K230084.pdf,510k_summary_pdf,7d08790b44a89e0480c2a9322160a370f60c05c7c62bf41470fff7aa769df5dc,61dc12248c70784d045228f21f551edf6806d25cd7c6108beb59ec75037f3dac,2026-06-30T14:19:46+00:00,success,LEGACY_SOURCE_MANIFEST
SRC01679,K223501,https://www.accessdata.fda.gov/scripts/cdrh/cfdocs/cfpmn/pmn.cfm?ID=K223501,fda_database_entry_html,4e9018b5f1a59af4280911ed87ac26ea37723b10af9e668a3433af480b90c8aa,dbf52ca5aef9e4282c1e794be09a4f14ac1ca26d245e29a6599f492b63a25086,2026-06-30T14:19:52+00:00,success,LEGACY_SOURCE_MANIFEST
SRC01680,K223501,https://www.accessdata.fda.gov/cdrh_docs/pdf22/K223501.pdf,510k_summary_pdf,2f06f22c1e7ac3e1105acf2d4138b881f3f2716f1ee472d5d803c8471fe1ab67,581f2185716167e8084825533d2d5b0943ea9b12af9c9ed2b17f2adbc8983179,2026-06-30T14:19:58+00:00,success,LEGACY_SOURCE_MANIFEST
SRC01681,K223287,https://www.accessdata.fda.gov/scripts/cdrh/cfdocs/cfpmn/pmn.cfm?ID=K223287,fda_database_entry_html,2de3cee62f6ecd07ce9cadbf95b83df039f26297eb48c5da2d9993a9cbc1e9de,b3870163623d200dfed24f20f2c83738083f7845e3f88788357ec4ad636bcd1f,2026-06-30T14:19:54+00:00,success,LEGACY_SOURCE_MANIFEST
SRC01682,K223287,https://www.accessdata.fda.gov/cdrh_docs/pdf22/K223287.pdf,510k_summary_pdf,c60615a7cb2e852bbd6fdf4eb69d136238fb6ee5960e899ea8a29d4030b1b1de,a7d2bb1f915f28f43cafd19e4a42b6a1e8e22e62edb2663ca8428c01eaa923c5,2026-06-30T14:19:57+00:00,success,LEGACY_SOURCE_MANIFEST
SRC01683,K230807,https://www.accessdata.fda.gov/scripts/cdrh/cfdocs/cfpmn/pmn.cfm?ID=K230807,fda_database_entry_html,85fe9f0e72b0fe98d8dfa49400de980736f1d968d64e22c12e27190194d54e60,592c0adf0bff822e8326a0e9274dc7e22657e5f59b149c296e8da902c631fc6b,2026-06-30T14:19:54+00:00,success,LEGACY_SOURCE_MANIFEST
SRC01684,K230807,https://www.accessdata.fda.gov/cdrh_docs/pdf23/K230807.pdf,510k_summary_pdf,cc0fc76b1410e7e50f83ac95f0d1f31812fffbad9dcb24b8206e304e3f18e0b1,3f20efe2abc9803df324ce3991d66e00498b594641aa0110a05dc4b185ff8b36,2026-06-30T14:19:57+00:00,success,LEGACY_SOURCE_MANIFEST
SRC01685,K230023,https://www.accessdata.fda.gov/scripts/cdrh/cfdocs/cfpmn/pmn.cfm?ID=K230023,fda_database_entry_html,03d1f6bbcbadb716a7476d664d60dc4a73674d75d5b824b6956582eb1f13ae39,cb0859af27a0d10a060cc7f68fc2daeaf6cc63eae0292a613ae9b4ff5567f1d9,2026-06-30T14:19:54+00:00,success,LEGACY_SOURCE_MANIFEST
SRC01686,K230023,https://www.accessdata.fda.gov/cdrh_docs/pdf23/K230023.pdf,510k_summary_pdf,6159d38fa359a86a5c1ef6101d84bd2854648f72b9200aac0f89783f84058365,71c674750eb80556cb7c049f87d4deb1b0964d1a07993b4767e4c3f0087b2619,2026-06-30T14:19:58+00:00,success,LEGACY_SOURCE_MANIFEST
SRC01687,K223552,https://www.accessdata.fda.gov/scripts/cdrh/cfdocs/cfpmn/pmn.cfm?ID=K223552,fda_database_entry_html,0d7065534a39b6c38c86e0b911f345d6b0c2b0d5323125e2e6c79c34b0424424,adf0cc5b1055305f9bc597e0de7d66ab3ad3ea061871c94567428aa992aab0fa,2026-06-30T14:20:04+00:00,success,LEGACY_SOURCE_MANIFEST
SRC01688,K223552,https://www.accessdata.fda.gov/cdrh_docs/pdf22/K223552.pdf,510k_summary_pdf,9acc93b5ef4f47a3c06053495f62cd636254e35ef3aa7e4b9c9748401d226eb5,d857f2452120158500fc1c61fbfd82f6ab44379343e1cd22f16c8c05d8af1a52,2026-06-30T14:20:08+00:00,success,LEGACY_SOURCE_MANIFEST
SRC01689,K230772,https://www.accessdata.fda.gov/scripts/cdrh/cfdocs/cfpmn/pmn.cfm?ID=K230772,fda_database_entry_html,20cc3ded357b6327bb581e0cb39c4c971b7ddc4cccb449ce3c3f34a55f278f33,67da6e8cf18b1f7d94ea839be5615e868eec6c93d66e3c9ac2c2d113614a415d,2026-06-30T14:20:05+00:00,success,LEGACY_SOURCE_MANIFEST
SRC01690,K230772,https://www.accessdata.fda.gov/cdrh_docs/pdf23/K230772.pdf,510k_summary_pdf,f5aa1013a44f1a4d0f333fd7f2e0576846577827a9d5b2dfa8e2b2486376ec88,e62959acea8f020d4e1591e67c34264b8516528ca07886f681e9236562df78b2,2026-06-30T14:20:18+00:00,success,LEGACY_SOURCE_MANIFEST
SRC01691,K230685,https://www.accessdata.fda.gov/scripts/cdrh/cfdocs/cfpmn/pmn.cfm?ID=K230685,fda_database_entry_html,b0c26447f57f522cd8b0d1103704b6de20346d0f5311703c5e4d68209d1f57f4,6773f4987a5b56d6e6cb0dc40961a031404898f089bbb81f313999bd2c332e9d,2026-06-30T14:20:17+00:00,success,LEGACY_SOURCE_MANIFEST
SRC01692,K230685,https://www.accessdata.fda.gov/cdrh_docs/pdf23/K230685.pdf,510k_summary_pdf,1a53b2161d82569c1adddf98c7c76b9b780ffed48c403129a8391e4a77e9fb6a,029fd5e552516c680fb3e9461459a75fcc4b2bfbad670573c206e30dbef39d33,2026-06-30T14:20:19+00:00,success,LEGACY_SOURCE_MANIFEST
SRC01693,K230264,https://www.accessdata.fda.gov/scripts/cdrh/cfdocs/cfpmn/pmn.cfm?ID=K230264,fda_database_entry_html,37d91b876af4444491e1a3efed0d111bba4466d8d9afee0e2d8af5207ac29eb5,8694686b08a0c304a1d35cd821dd693514c651e41da645722820f3c060dbf6f6,2026-06-30T14:20:19+00:00,success,LEGACY_SOURCE_MANIFEST
SRC01694,K230264,https://www.accessdata.fda.gov/cdrh_docs/pdf23/K230264.pdf,510k_summary_pdf,4bc4e841b0dfe450f8b8a2a761b598621b83e07804c12a65c41dcdeb62a2a3c0,6c3bb8e1e177fc78917480086be5f25a1057ef24a0fb7cf76d0cbb0cbaf8ebb0,2026-06-30T14:20:24+00:00,success,LEGACY_SOURCE_MANIFEST
SRC01695,K213986,https://www.accessdata.fda.gov/scripts/cdrh/cfdocs/cfpmn/pmn.cfm?ID=K213986,fda_database_entry_html,f30507d24917208395b8dffe349b53df2fe1f1e8d7e077742f5973a7175fe2b0,8f6732c767eb944e94ef5855bde6838caa5f677633aef79434521eb4f5b6e54a,2026-06-30T14:20:28+00:00,success,LEGACY_SOURCE_MANIFEST
SRC01696,K213986,https://www.accessdata.fda.gov/cdrh_docs/pdf21/K213986.pdf,510k_summary_pdf,853d80477ff367e19b699ce78b408835391f5d070760ad921f6f1b67d93be140,226a0323b16f5ebdbb1e4c3bbb3c447e80a0090c246b93b1aef89bb6ed112a3f,2026-06-30T14:20:30+00:00,success,LEGACY_SOURCE_MANIFEST
SRC01697,K223830,https://www.accessdata.fda.gov/scripts/cdrh/cfdocs/cfpmn/pmn.cfm?ID=K223830,fda_database_entry_html,03b592530c0382f246e0023dbbdc437423bfee880667bedca14c2ffe8179688e,9cdaf06b904233580ff20de891d6a91e910c163c72996e77cf0c9915011ec0da,2026-06-30T14:20:31+00:00,success,LEGACY_SOURCE_MANIFEST
SRC01698,K223830,https://www.accessdata.fda.gov/cdrh_docs/pdf22/K223830.pdf,510k_summary_pdf,c0bce18596b294083e2c155fcbd4836138fd219afe09c0e78d3ad8e27208d527,8cb1a31e8b6e4868b06e8bc3239c16566bbd1cbff61c4b4ee86f4ee74c3d3421,2026-06-30T14:20:35+00:00,success,LEGACY_SOURCE_MANIFEST
SRC01699,K230658,https://www.accessdata.fda.gov/scripts/cdrh/cfdocs/cfpmn/pmn.cfm?ID=K230658,fda_database_entry_html,be3d70602c59b869d2dd3310260987bbeda1237b7108cd9b6933f88c2eb3f007,2a1846317802bd602430e092a05ddd02906c0760d3d565a4639bd2f1d776bafd,2026-06-30T14:20:39+00:00,success,LEGACY_SOURCE_MANIFEST
SRC01700,K230658,https://www.accessdata.fda.gov/cdrh_docs/pdf23/K230658.pdf,510k_summary_pdf,900b69d492651be3ad5964abdcf3ee0fa7935803ef099d2b5896576035df2552,ac698c9696d83aeb48af6921980d95ab87632f92cb2d5b6bbf493e805b522363,2026-06-30T14:20:44+00:00,success,LEGACY_SOURCE_MANIFEST
SRC01701,K230575,https://www.accessdata.fda.gov/scripts/cdrh/cfdocs/cfpmn/pmn.cfm?ID=K230575,fda_database_entry_html,b82cd767a910788f8aeaee37ce855735fc98c1202f00d9fe20f0de13b0281f52,0e0dd661848f6842d7d277b9514a5db231cdae4309544f907a595b8ff05933e8,2026-06-30T14:20:41+00:00,success,LEGACY_SOURCE_MANIFEST
SRC01702,K230575,https://www.accessdata.fda.gov/cdrh_docs/pdf23/K230575.pdf,510k_summary_pdf,116113b46925128dbf6a7a66dbfe13c0893f4328452c16d811a714b8eca33c7a,42d9eb30b8d2278af85f6c6abb9b7dedbc125a1b1b142764e24a26412078d242,2026-06-30T14:20:44+00:00,success,LEGACY_SOURCE_MANIFEST
SRC01703,K222360,https://www.accessdata.fda.gov/scripts/cdrh/cfdocs/cfpmn/pmn.cfm?ID=K222360,fda_database_entry_html,36c96b4219c05c9b9eff910034c005e9e9a05432f0c32d23579d60b27b24ae4e,3639a4e68e61b22ef964c73960d2022c417b18b8f5d5e4297e7adfcb9f66a565,2026-06-30T14:20:44+00:00,success,LEGACY_SOURCE_MANIFEST
SRC01704,K222360,https://www.accessdata.fda.gov/cdrh_docs/pdf22/K222360.pdf,510k_summary_pdf,b305c40528cf4da0e550cdde6be04aefb98a766593afe3e7a3f236b1aabe79b0,520827780fae182e8d07a54bc7f492702482a79a942b77f47669cfb1481dafc6,2026-06-30T14:20:49+00:00,success,LEGACY_SOURCE_MANIFEST
SRC01705,K223458,https://www.accessdata.fda.gov/scripts/cdrh/cfdocs/cfpmn/pmn.cfm?ID=K223458,fda_database_entry_html,09a6d18a8e1c9701fa93c52511573dca5128a5376ea0dae4bbe8dac3150beffb,5a61153460362e4578a4f3ef217088758f482ecef35eb79dbac81f1fb2767214,2026-06-30T14:20:53+00:00,success,LEGACY_SOURCE_MANIFEST
SRC01706,K223458,https://www.accessdata.fda.gov/cdrh_docs/pdf22/K223458.pdf,510k_summary_pdf,68a18a354f3ff3f57fca199f38a5fa6651598cdbd9ad8b5df9242f626f8abc3c,f624db4d89bd241b16fbb408457ab121f3bd18fa9812a61a57a6d034d0d92ce5,2026-06-30T14:20:55+00:00,success,LEGACY_SOURCE_MANIFEST
SRC01707,K223774,https://www.accessdata.fda.gov/scripts/cdrh/cfdocs/cfpmn/pmn.cfm?ID=K223774,fda_database_entry_html,0e42f06f3925aa70ff5f186dcbe4033dde5048e6a33270b58eaefe0816a9d580,d80c378fbadc3a0871d1dd89d1463657dc56fcb4d2fe79d376f4ab1c84664754,2026-06-30T14:20:57+00:00,success,LEGACY_SOURCE_MANIFEST
SRC01708,K223774,https://www.accessdata.fda.gov/cdrh_docs/pdf22/K223774.pdf,510k_summary_pdf,164b8c3695439ee63c97f11cb4aed6633b56e19b5eb55ca79eae1fd1d72b7c73,bc269958f3dff63459806cea935e853adbff68fe0062eaf886c75ab417b621ef,2026-06-30T14:21:00+00:00,success,LEGACY_SOURCE_MANIFEST
SRC01709,K223630,https://www.accessdata.fda.gov/scripts/cdrh/cfdocs/cfpmn/pmn.cfm?ID=K223630,fda_database_entry_html,12fd6b39578699065c8c0936a3667f81a266eecfacffddf6e77e851f9d2c57f9,0b16f3d3e64ca37f5851a938db388341effa0e190a6c5c2584deb1d2ad1087f0,2026-06-30T14:21:01+00:00,success,LEGACY_SOURCE_MANIFEST
SRC01710,K223630,https://www.accessdata.fda.gov/cdrh_docs/pdf22/K223630.pdf,510k_summary_pdf,a9b6912fab4e7a3be29d58ba217e6192ccd154c7001b1fbb56d85e2dede24b18,13c7deba4da656c4c03641819c7bf8a47472163956da8415b12ee404ac8fcc67,2026-06-30T14:21:02+00:00,success,LEGACY_SOURCE_MANIFEST
SRC01711,K223240,https://www.accessdata.fda.gov/scripts/cdrh/cfdocs/cfpmn/pmn.cfm?ID=K223240,fda_database_entry_html,11dac67a1223e60e4f4a684f6a097c938857a1ac0a2e5cae3c4c0f0d5350078e,efdbc1d70388c088ea78f3e6840822dc0825ca264294c84f065b234a0fbc53d7,2026-06-30T14:21:04+00:00,success,LEGACY_SOURCE_MANIFEST
SRC01712,K223240,https://www.accessdata.fda.gov/cdrh_docs/pdf22/K223240.pdf,510k_summary_pdf,c324ad2e37008ef7ca0cf6a179dce6f55e4231f75208188d61f59bb1219dfd86,4c878dae7470ac81e5cdeb8e8b00560349f706f8b9dc6c2a099ee058e065830c,2026-06-30T14:21:06+00:00,success,LEGACY_SOURCE_MANIFEST
SRC01713,K220068,https://www.accessdata.fda.gov/scripts/cdrh/cfdocs/cfpmn/pmn.cfm?ID=K220068,fda_database_entry_html,e1e0d442e54dd3bc6d3468e020917486820b114e07d4230426312a057a51df6c,3dcaa21d03c74d05264d4c47e9e3348bd6579bab8b25a6776253c9722416045c,2026-06-30T14:21:12+00:00,success,LEGACY_SOURCE_MANIFEST
SRC01714,K220068,https://www.accessdata.fda.gov/cdrh_docs/pdf22/K220068.pdf,510k_summary_pdf,ccdd2f196f0bcb6caf0f984e2a1e13ceb37a682128a6f5f4d971b02b101711f2,85e1834defdda056caa6499511131096d12eaeab2b2f10839ca4dd468ce02fc2,2026-06-30T14:21:15+00:00,success,LEGACY_SOURCE_MANIFEST
SRC01715,K213272,https://www.accessdata.fda.gov/scripts/cdrh/cfdocs/cfpmn/pmn.cfm?ID=K213272,fda_database_entry_html,5071bed1ba25e7c15fc16c85b1998171cb91aed71bc1483089f365c422ff8996,cd0e2ab6790bdfb6e8b34424473c81eab8e1362419b427c75aa371a86942ffa8,2026-06-30T14:21:12+00:00,success,LEGACY_SOURCE_MANIFEST
SRC01716,K213272,https://www.accessdata.fda.gov/cdrh_docs/pdf21/K213272.pdf,510k_summary_pdf,82d104049045786ee3455936e63481a5f862facba23dd7921f4de352620d8c34,8981a1d0f7364ed461364cc450b1b8aa13d56ed8870842cc5f3d93e233826b31,2026-06-30T14:21:14+00:00,success,LEGACY_SOURCE_MANIFEST
SRC01717,DEN200011,https://www.accessdata.fda.gov/scripts/cdrh/cfdocs/cfpmn/denovo.cfm?ID=DEN200011,fda_database_entry_html,b760ac1ea4d9213d82aae700d580a7495132d51d7065773ea9e9a5723dc5a14f,197bf6d0241ac15c5c0b0ed29efe2de494b3dc8233b43dd0b1271d36f0d4f072,2026-06-30T14:21:21+00:00,success,LEGACY_SOURCE_MANIFEST
SRC01718,DEN200011,https://www.accessdata.fda.gov/cdrh_docs/pdf20/DEN200011.pdf,approval_order_pdf,817dcf848bde5f0e5f2d11ef8abb44a888aba9d0e2c1bced9f43206854d55352,c1ef009023811aec81df084ea858cdd00cb30d07903b6297460fe1100ea0d3b7,2026-06-30T14:21:25+00:00,success,LEGACY_SOURCE_MANIFEST
SRC01719,DEN200011,http://www.accessdata.fda.gov/cdrh_docs/reviews/DEN200011.pdf,de_novo_summary_pdf,72fc040c6851b6940ce8d5572cb8d27b2018640214de7acf04a01325da852f4a,5f2ccf78c996d89d236fdfe338c004343a7d269fdd88eabbb2f4a6bf7806c9e1,2026-06-30T14:21:31+00:00,success,LEGACY_SOURCE_MANIFEST
SRC01720,K222312,https://www.accessdata.fda.gov/scripts/cdrh/cfdocs/cfpmn/pmn.cfm?ID=K222312,fda_database_entry_html,d9622462af79195245f5c7fa9b9aee5d84834c548cd79c37632fc3abdc2e5137,b383ad6dcf2fa0ca93e6f9657f7f35ceb825aae6d58f5ff17bf9f12f8043162f,2026-06-30T14:21:29+00:00,success,LEGACY_SOURCE_MANIFEST
SRC01721,K222312,https://www.accessdata.fda.gov/cdrh_docs/pdf22/K222312.pdf,510k_summary_pdf,89b0f4159552e686d6816d128ef39fa4498d32d71f9a8a4082c234a46fd9133c,e23ba025263d946d36f10193c505bee9b0004085201cf60c73c0d28a5df2f09d,2026-06-30T14:21:33+00:00,success,LEGACY_SOURCE_MANIFEST
SRC01722,K221921,https://www.accessdata.fda.gov/scripts/cdrh/cfdocs/cfpmn/pmn.cfm?ID=K221921,fda_database_entry_html,7be92f6d420fe072fc1ec0a2dd7ab36d46c1d9c2e10928e3a4b33f492393e857,4b8654cc1bffe539acff6a26d7849b4ef1ec1c1fa27492b97a36ec1e59192d05,2026-06-30T14:21:56+00:00,success,LEGACY_SOURCE_MANIFEST
SRC01723,K221921,https://www.accessdata.fda.gov/cdrh_docs/pdf22/K221921.pdf,510k_summary_pdf,2ced20fbb96026c59f325ee6265feb65649f3f95f9475840bf9ac0418fce7f9c,2b10c09d60573410b8d378e178233139edded1a1e65d49b19055d2ffb6bacb0e,2026-06-30T14:22:01+00:00,success,LEGACY_SOURCE_MANIFEST
SRC01724,K222174,https://www.accessdata.fda.gov/scripts/cdrh/cfdocs/cfpmn/pmn.cfm?ID=K222174,fda_database_entry_html,bdcbe3db69830032ddaebad62dce533d749942243a30a815318bd8d3d575c054,851afa4164ec01ecac5dee6772a72508ebeb73504884f583c2c4149b55e63c78,2026-06-30T14:22:01+00:00,success,LEGACY_SOURCE_MANIFEST
SRC01725,K222174,https://www.accessdata.fda.gov/cdrh_docs/pdf22/K222174.pdf,510k_summary_pdf,c349b3b34ed2a473858126d507a133e7dbb67303e3fd840fac6e43b0bc4ae80f,46299df7185ad7fd3b281136df4f4d2993bd4bb7a231efe5a8475c051d2b44e0,2026-06-30T14:22:03+00:00,success,LEGACY_SOURCE_MANIFEST
SRC01726,K222179,https://www.accessdata.fda.gov/scripts/cdrh/cfdocs/cfpmn/pmn.cfm?ID=K222179,fda_database_entry_html,b7e3b5a742f167207182e47caaad6c503de2e874d21eea1083669fdd6475f1aa,c121a99312de15407bfdbeae6b3198150f863bcdaf53bef77eaeb4de383d1888,2026-06-30T14:22:07+00:00,success,LEGACY_SOURCE_MANIFEST
SRC01727,K222179,https://www.accessdata.fda.gov/cdrh_docs/pdf22/K222179.pdf,510k_summary_pdf,9266fdc8af76aa4b3556549e90050ed8282967f12e608dcb7b91484482c5cdd6,7715223044d19e73910a585230f170e868a93c8fe6b2f3dcf492a2542925cfee,2026-06-30T14:22:09+00:00,success,LEGACY_SOURCE_MANIFEST
SRC01728,K222268,https://www.accessdata.fda.gov/scripts/cdrh/cfdocs/cfpmn/pmn.cfm?ID=K222268,fda_database_entry_html,84418dba0e779e78a506cb4e561b3e5fbf80a9d125364c4a80c6e83080bb8b62,7198dabc78ef43ad1882a736182f765fd6d4231efd21850212faa64ea688abf0,2026-06-30T14:22:07+00:00,success,LEGACY_SOURCE_MANIFEST
SRC01729,K222268,https://www.accessdata.fda.gov/cdrh_docs/pdf22/K222268.pdf,510k_summary_pdf,8479cdcb41c7567c5754f8d0dd4d244ca3860d35af5d1e95ab2537c24092c018,df163c9b4b7cf104a677b6b94830b0c58897474e9f2c2c81a344aef084f35016,2026-06-30T14:22:08+00:00,success,LEGACY_SOURCE_MANIFEST
SRC01730,K223343,https://www.accessdata.fda.gov/scripts/cdrh/cfdocs/cfpmn/pmn.cfm?ID=K223343,fda_database_entry_html,da0d1b812d68d0307990999dfd24cf8ece35c9324861adc54bfebd4de2716f6f,33b50602e3be2e5d04bfea920d6df6d848e569c5da43a536e29d45efbbf84903,2026-06-30T14:22:11+00:00,success,LEGACY_SOURCE_MANIFEST
SRC01731,K223343,https://www.accessdata.fda.gov/cdrh_docs/pdf22/K223343.pdf,510k_summary_pdf,240e7c913d56d4d1930e2a28d522b1635e0a50864b08ccf9789da8086e52c039,8a35f42896693733dfbbb62b60a9bc79775b56f84514bda2640da0eac4c54d32,2026-06-30T14:22:15+00:00,success,LEGACY_SOURCE_MANIFEST
SRC01732,K222746,https://www.accessdata.fda.gov/scripts/cdrh/cfdocs/cfpmn/pmn.cfm?ID=K222746,fda_database_entry_html,d3344276b6a4b42ed55b63ed3903cce2f45930aabf93d3fc266f2bae1d6fcb5a,3c6b2b6d887cc833a9c4ab5f7e0d064194649cedcf99f917fca62688789accd0,2026-06-30T14:22:13+00:00,success,LEGACY_SOURCE_MANIFEST
SRC01733,K222746,https://www.accessdata.fda.gov/cdrh_docs/pdf22/K222746.pdf,510k_summary_pdf,e3544e288c96834891f097c17b83c64b9dfc0ee2795f74cc061d1f6df7e55a20,d065b735f296e70fd6103329b135898438a1e46458147982e57c6bc20018eac8,2026-06-30T14:22:17+00:00,success,LEGACY_SOURCE_MANIFEST
SRC01734,K222036,https://www.accessdata.fda.gov/scripts/cdrh/cfdocs/cfpmn/pmn.cfm?ID=K222036,fda_database_entry_html,a7df60fcb3c76e11c063cc18f8038d7c58996db8f97fd0f7cb5be1363b489689,b9dcc1e2b4bbf9a4d65ab7a5e7b62e63db433dd22152974da7dd2cc2f34a06bf,2026-06-30T14:22:13+00:00,success,LEGACY_SOURCE_MANIFEST
SRC01735,K222036,https://www.accessdata.fda.gov/cdrh_docs/pdf22/K222036.pdf,510k_summary_pdf,ef28f51232b5a74a11aabc5948ad2d45571dba739a29669d638546782df20e0f,33fe4d2348d4242b82ff7768dce9731d072996746351d3ae9d27f4c9943e28db,2026-06-30T14:22:17+00:00,success,LEGACY_SOURCE_MANIFEST
SRC01736,K223490,https://www.accessdata.fda.gov/scripts/cdrh/cfdocs/cfpmn/pmn.cfm?ID=K223490,fda_database_entry_html,979ed51576df745efcc2ae715e05a0d880e16f49ce249127aeed0c16791d715c,4081dd2842d9c53e79a7cdb3b60a7f965bbea199b0d5dd8f15a13958a3b3f7f4,2026-06-30T14:22:20+00:00,success,LEGACY_SOURCE_MANIFEST
SRC01737,K223490,https://www.accessdata.fda.gov/cdrh_docs/pdf22/K223490.pdf,510k_summary_pdf,41594f5c69018a8f2dd3875d0c35267ae17da8bee29da3c4a99eac6afccb4b77,8b37ced1f2fbb524a8d42a7a2b0cc0d17afa96e80b413fb5990511f929caa286,2026-06-30T14:22:24+00:00,success,LEGACY_SOURCE_MANIFEST
SRC01738,K223443,https://www.accessdata.fda.gov/scripts/cdrh/cfdocs/cfpmn/pmn.cfm?ID=K223443,fda_database_entry_html,9f61d2c000e4e5f2a873cb9193258e1e7603d6ea51797f9e9a2a30876785bb45,1d8fc9a285250c552b118ad3a029495405170c08b09ce03ff86bd1c47ffe0597,2026-06-30T14:22:32+00:00,success,LEGACY_SOURCE_MANIFEST
SRC01739,K223443,https://www.accessdata.fda.gov/cdrh_docs/pdf22/K223443.pdf,510k_summary_pdf,68f2d8520f4af6bde71543343060530d1dc02a137f20608ea458fa0263119d7b,c6c588a9c94eae5d1476d358c4091536dbab536f0ca3f8d0bae21c816b61e366,2026-06-30T14:22:46+00:00,success,LEGACY_SOURCE_MANIFEST
SRC01740,K223073,https://www.accessdata.fda.gov/scripts/cdrh/cfdocs/cfpmn/pmn.cfm?ID=K223073,fda_database_entry_html,a6b49c2a1537bc62d2164c570c5d0f239ef6966f0b52f83f81e288f2367077e3,ccd0d553646c594ba4ce9137c6816898a442ac443c57595f0a9c7bc150862016,2026-06-30T14:22:41+00:00,success,LEGACY_SOURCE_MANIFEST
SRC01741,K223073,https://www.accessdata.fda.gov/CDRH510K/K223073.pdf,510k_summary_pdf,34f4709482477f65a256ac5b7ca2e2e3baca7102e30e8e447f0d79997f0ed5e8,e3b0c44298fc1c149afbf4c8996fb92427ae41e4649b934ca495991b7852b855,2026-06-30T14:22:43+00:00,success,LEGACY_SOURCE_MANIFEST
SRC01742,K223073,https://www.accessdata.fda.gov/cdrh_docs/pdf22/K223073.pdf,510k_summary_pdf,34f4709482477f65a256ac5b7ca2e2e3baca7102e30e8e447f0d79997f0ed5e8,e3b0c44298fc1c149afbf4c8996fb92427ae41e4649b934ca495991b7852b855,2026-06-30T14:24:53+00:00,success,LEGACY_SOURCE_MANIFEST
SRC01743,K221772,https://www.accessdata.fda.gov/scripts/cdrh/cfdocs/cfpmn/pmn.cfm?ID=K221772,fda_database_entry_html,44906fa1b976c05ed201db26a5d644cd9b1ed89dc0cf9d0ab71b59269d7ec015,45d76f3789ab580fa41f508275fd0cb2ade8e2581389cebc18eacd1489b3da36,2026-06-30T14:22:47+00:00,success,LEGACY_SOURCE_MANIFEST
SRC01744,K221772,https://www.accessdata.fda.gov/cdrh_docs/pdf22/K221772.pdf,510k_summary_pdf,746fca57261e343a7a4f6029450a9a9d58aac676c7bf7fa9f482fe775f897bd9,86997ab475ea4eab8c959086d38f309184cd23acfb955e2adaece398666a2021,2026-06-30T14:22:50+00:00,success,LEGACY_SOURCE_MANIFEST
SRC01745,K223325,https://www.accessdata.fda.gov/scripts/cdrh/cfdocs/cfpmn/pmn.cfm?ID=K223325,fda_database_entry_html,ceaa1440664cf8c5aaf05a7781ee046765ce9bef40e74eacf3eaac19b7355831,5b9355fde2661ae854a569b4eb3946a3d89e7eeb39ac38cb1399b6127d6b96d5,2026-06-30T14:22:54+00:00,success,LEGACY_SOURCE_MANIFEST
SRC01746,K223325,https://www.accessdata.fda.gov/cdrh_docs/pdf22/K223325.pdf,510k_summary_pdf,31184b49345c63a38fa706bf005b4b30008a4ed7669632f44134d97a358a94ce,2905c85e75deee4d721a31c5009f301ebf6fdcecaa189ab26b6cf61f07646337,2026-06-30T14:23:00+00:00,success,LEGACY_SOURCE_MANIFEST
SRC01747,K223514,https://www.accessdata.fda.gov/scripts/cdrh/cfdocs/cfpmn/pmn.cfm?ID=K223514,fda_database_entry_html,5e2b930ee92d34be01f8a70257cc61a19cf17cfd270a553df59783b2e341c502,cdf28954ee1dcf9fc04c95e4f133db3b766d5e14513818568e59479ab9480432,2026-06-30T14:22:59+00:00,success,LEGACY_SOURCE_MANIFEST
SRC01748,K223514,https://www.accessdata.fda.gov/cdrh_docs/pdf22/K223514.pdf,510k_summary_pdf,6ca51d5b79a8fa5632def26595bd80b51f0be0826f6a0384386f4f97d749b9df,120af9cc5a5056fefe3c28d2606e80657bedcf7782f9810491244a2b27cdfd0f,2026-06-30T14:23:01+00:00,success,LEGACY_SOURCE_MANIFEST
SRC01749,K221706,https://www.accessdata.fda.gov/scripts/cdrh/cfdocs/cfpmn/pmn.cfm?ID=K221706,fda_database_entry_html,f033ba5c9cf323979f28ff1d2a4c9e986e3592796aedc055adedbcf89985b4f6,35337c66eda804682a03dcd75553dff05f7dddc0c4a039c9fe0d0e58189a8809,2026-06-30T14:23:07+00:00,success,LEGACY_SOURCE_MANIFEST
SRC01750,K221706,https://www.accessdata.fda.gov/cdrh_docs/pdf22/K221706.pdf,510k_summary_pdf,a907ea18bc84ca97aba5c2a86732d3fd0013380bca8712790f1b0d534b479a99,8f0ff3b7664739c1557b2e915de5ccb21008fd8efcc1984324fe434c57c4c3fa,2026-06-30T14:23:10+00:00,success,LEGACY_SOURCE_MANIFEST
SRC01751,K223726,https://www.accessdata.fda.gov/scripts/cdrh/cfdocs/cfpmn/pmn.cfm?ID=K223726,fda_database_entry_html,218096bf3352d7ead2a7241c1bc625273fcfe5056974b8a820f0ffe8772174a9,6275c814fe7840a5d41f05b6656b39de756106c49a396e7046b2ee7435820a23,2026-06-30T14:23:09+00:00,success,LEGACY_SOURCE_MANIFEST
SRC01752,K223726,https://www.accessdata.fda.gov/cdrh_docs/pdf22/K223726.pdf,510k_summary_pdf,40efb01eb4abc1b822e171a5b9b787169319565dc4bc9d496016ef240cc1cc49,ec250bc8cf8966402edf6a06720dc18f1a82a8d56f533e1a8595b69a3c07d7c5,2026-06-30T14:23:14+00:00,success,LEGACY_SOURCE_MANIFEST
SRC01753,K222819,https://www.accessdata.fda.gov/scripts/cdrh/cfdocs/cfpmn/pmn.cfm?ID=K222819,fda_database_entry_html,d19413808223f19c9713fbe9c71db49254f016bd90e5a0cbfaf381590223ac06,74ae0848772e8327534c19758970276f866986c8a140cffd5fe27099e8963a86,2026-06-30T14:23:24+00:00,success,LEGACY_SOURCE_MANIFEST
SRC01754,K222819,https://www.accessdata.fda.gov/cdrh_docs/pdf22/K222819.pdf,510k_summary_pdf,aaf6f93104e66ddd5a047b093e44e57610f1036ad6f83655be5d75cb7552deda,ff8ddb278f60effc2a98dcb12c74ac0a5a27cca94fbad849a9be3450b3cd02af,2026-06-30T14:23:33+00:00,success,LEGACY_SOURCE_MANIFEST
SRC01755,K222176,https://www.accessdata.fda.gov/scripts/cdrh/cfdocs/cfpmn/pmn.cfm?ID=K222176,fda_database_entry_html,e8514a647b5d83755945cf8be9225fb38b95bdf85b149c54321dcd9dcdf7533d,84ad1a31b8356fa626d44644b4a02650cd31d00d87c02b1a9b9eb91f208e0043,2026-06-30T14:23:46+00:00,success,LEGACY_SOURCE_MANIFEST
SRC01756,K222176,https://www.accessdata.fda.gov/cdrh_docs/pdf22/K222176.pdf,510k_summary_pdf,d5686b4eeeeb969255da8206ce58bbb0fdfc50e3b002ece7bf55c18b21ca8239,558774b68575f48c33a4acb9bf701c4b332d579eb9caf0b2f72c3e166a0f5356,2026-06-30T14:23:50+00:00,success,LEGACY_SOURCE_MANIFEST
SRC01757,K222884,https://www.accessdata.fda.gov/scripts/cdrh/cfdocs/cfpmn/pmn.cfm?ID=K222884,fda_database_entry_html,052d6f5b1180f0fa13bddd3549010b33d376e3bc97b74b1d37bd470db261719d,ca71e30827ac0be25876d750b57bfe43fbd584fa850243c44cc9d9d9d8771f6f,2026-06-30T14:23:53+00:00,success,LEGACY_SOURCE_MANIFEST
SRC01758,K222884,https://www.accessdata.fda.gov/cdrh_docs/pdf22/K222884.pdf,510k_summary_pdf,d8128fb83954fa7d719f67423aab269dc32c321f6580b5ededcf5aac0913396e,bb744fbe82e68333eca87dbeea48cc0b3cedba64b51e078f17fc844c512a0d7c,2026-06-30T14:23:55+00:00,success,LEGACY_SOURCE_MANIFEST
SRC01759,K221680,https://www.accessdata.fda.gov/scripts/cdrh/cfdocs/cfpmn/pmn.cfm?ID=K221680,fda_database_entry_html,79fd5026c11b88289331fb40d43d7fb9d5d015b6a6d64d3913001b5b294b18f4,089b7988aef3bd5d4de320c5582b6acdd8d4e4dd1f672dc1313b6fec86818479,2026-06-30T14:24:02+00:00,success,LEGACY_SOURCE_MANIFEST
SRC01760,K221680,https://www.accessdata.fda.gov/cdrh_docs/pdf22/K221680.pdf,510k_summary_pdf,40d673d87f5bb035194261c65d8c3d389022d1a768d8dfb2e24896fdf7baa562,d5752a137cb57b919a5c2f944f44278d22e148b933d6614b5c153ded2bcfcf7d,2026-06-30T14:24:05+00:00,success,LEGACY_SOURCE_MANIFEST
SRC01761,DEN220063,https://www.accessdata.fda.gov/scripts/cdrh/cfdocs/cfpmn/denovo.cfm?ID=DEN220063,fda_database_entry_html,8d1cb0fc8b210e503bb1d175b719ad770cb867dace29078bf78c16a7f2599f7b,4f7f9f7e0a28b84d25cb56a8dc7214342dbd5fca45307d1850b0c6243fb165c1,2026-06-30T14:24:10+00:00,success,LEGACY_SOURCE_MANIFEST
SRC01762,DEN220063,https://www.accessdata.fda.gov/cdrh_docs/pdf22/DEN220063.pdf,approval_order_pdf,5ec670858d9bec55124f3dfeb6db45ac2f65ff3e2ec111fd2dfc70bfdce4ac3a,cfb5e36b00eae6a5f25de4fcd708ca856faa233b9924a04a510cc877ad82e15b,2026-06-30T14:24:15+00:00,success,LEGACY_SOURCE_MANIFEST
SRC01763,DEN220063,http://www.accessdata.fda.gov/cdrh_docs/reviews/DEN220063.pdf,de_novo_summary_pdf,677e98c5e7f544c743ca9b57f687a297c0e7b9b583fe7680ff1af519720b13a3,664e4dadfd96335d3622039bc31266348400db93223c98dbb93e99561dbf4572,2026-06-30T14:24:19+00:00,success,LEGACY_SOURCE_MANIFEST
SRC01764,K221592,https://www.accessdata.fda.gov/scripts/cdrh/cfdocs/cfpmn/pmn.cfm?ID=K221592,fda_database_entry_html,e8156d52d9e80bd071c4678a1a20f7c29d058e1ba6c8041e3a900fdc0c548e08,7464397938b9c3ec02b31a197276c22d1303cd6ee60fbbe576f7661bc0b8e3b4,2026-06-30T14:24:13+00:00,success,LEGACY_SOURCE_MANIFEST
SRC01765,K221592,https://www.accessdata.fda.gov/cdrh_docs/pdf22/K221592.pdf,510k_summary_pdf,52bce9962e2a9be58e0fe9f0208a6f41c77ffb6587c69c1a8da99d4ed2e404d9,3a8802c4e3f83c2604b375dd25732d51a99155629486b5a32e5e767149d8934a,2026-06-30T14:24:17+00:00,success,LEGACY_SOURCE_MANIFEST
SRC01766,K222579,https://www.accessdata.fda.gov/scripts/cdrh/cfdocs/cfpmn/pmn.cfm?ID=K222579,fda_database_entry_html,6158202e818f093471ba5fb0481c11b956a4e0f06b459d5608dd30cdac4bbfb4,3f3c2b928f434dcdeacbc84c68fab2ac6327f17ac69292cb33b4ad80171165f3,2026-06-30T14:24:21+00:00,success,LEGACY_SOURCE_MANIFEST
SRC01767,K222579,https://www.accessdata.fda.gov/CDRH510K/K222579.pdf,510k_summary_pdf,72c27a3a36f81eefa9074dbc11548113ab9864aa23872d2c76b85ff1219009df,b13f27e6f66d00bae2104cc87650f9c5d98175bbbbc168ae6a3b8d8103f3c3ee,2026-06-30T14:24:24+00:00,success,LEGACY_SOURCE_MANIFEST
SRC01768,K222579,https://www.accessdata.fda.gov/cdrh_docs/pdf22/K222579.pdf,510k_summary_pdf,72c27a3a36f81eefa9074dbc11548113ab9864aa23872d2c76b85ff1219009df,b13f27e6f66d00bae2104cc87650f9c5d98175bbbbc168ae6a3b8d8103f3c3ee,2026-06-30T14:24:36+00:00,success,LEGACY_SOURCE_MANIFEST
SRC01769,K221564,https://www.accessdata.fda.gov/scripts/cdrh/cfdocs/cfpmn/pmn.cfm?ID=K221564,fda_database_entry_html,4eb2616ca9deadd203e3b07f4b632134fadec018bb67c09901f84a6e4b0b44d6,6006edd256a8cf95d09aa626878451101e769f6747b66df08042d670c904a39a,2026-06-30T14:24:25+00:00,success,LEGACY_SOURCE_MANIFEST
SRC01770,K221564,https://www.accessdata.fda.gov/cdrh_docs/pdf22/K221564.pdf,510k_summary_pdf,fd08cc60d5f8d3d86b854c42df14e2dbaacecb6188b6d9471f7137bb2601672e,d33e62a57f815654ff5f72477a78282eda4739f943261f984173572102ded51f,2026-06-30T14:24:28+00:00,success,LEGACY_SOURCE_MANIFEST
SRC01771,K230197,https://www.accessdata.fda.gov/scripts/cdrh/cfdocs/cfpmn/pmn.cfm?ID=K230197,fda_database_entry_html,fcb99214177955a10a6dfbd8f10ab2ead2366339c0b321c5499bfb851e61c05c,585a3a1ed4e6fdbda1b62874afeffe8efc2d1ac374dc00884ffbd73e8ac63578,2026-06-30T14:24:27+00:00,success,LEGACY_SOURCE_MANIFEST
SRC01772,K230197,https://www.accessdata.fda.gov/cdrh_docs/pdf23/K230197.pdf,510k_summary_pdf,a1ff07d976a6f4297a086df5e252271fde73023547cc6bd9047361aa0313d745,0f3b86973727df34de6bd298d376b62482e8fd50e8a3b8873462d36de9a3f648,2026-06-30T14:24:29+00:00,success,LEGACY_SOURCE_MANIFEST
SRC01773,K230208,https://www.accessdata.fda.gov/scripts/cdrh/cfdocs/cfpmn/pmn.cfm?ID=K230208,fda_database_entry_html,e949c0e0282defdbb218112cbd58591151d0f85084754d837259889fb9c0f09c,d210fabd84dba98f62f7bc77858b94844a5bda379405f365f91d8b0936212aa2,2026-06-30T14:24:36+00:00,success,LEGACY_SOURCE_MANIFEST
SRC01774,K230208,https://www.accessdata.fda.gov/cdrh_docs/pdf23/K230208.pdf,510k_summary_pdf,c33f53f548a40890be56b81d9bb4e8a51743a8b7907a6d2c7e6b71eaa1b7a5e0,eca74158bb028f70db04d3046ee8a596b1e50d3444eaf7ca9e506e015f84a60a,2026-06-30T14:24:39+00:00,success,LEGACY_SOURCE_MANIFEST
SRC01775,DEN210022,https://www.accessdata.fda.gov/scripts/cdrh/cfdocs/cfpmn/denovo.cfm?ID=DEN210022,fda_database_entry_html,8fce6fcbcda07eb712a5896c5cc329ae5e5ccedbb321bd30e31ce0c0af182392,3268e8e701b166f69c997f6f2c3289e6aa1d905ec9be75bb04833f806ba13a6b,2026-06-30T14:24:37+00:00,success,LEGACY_SOURCE_MANIFEST
SRC01776,DEN210022,https://www.accessdata.fda.gov/cdrh_docs/pdf21/DEN210022.pdf,approval_order_pdf,7bb5172d0d9202d49bb130a55501e5bf9f00e8489cdf4a98ec3f89f206a65e54,db81168dfd53f446f1a38e757d10802b8d11382bedc24219b2904765e4e47d80,2026-06-30T14:24:40+00:00,success,LEGACY_SOURCE_MANIFEST
SRC01777,DEN210022,http://www.accessdata.fda.gov/cdrh_docs/reviews/DEN210022.pdf,de_novo_summary_pdf,c26e66a0c07b879110969c69a3f5a7bd4ff8197df4d9923ecfdeb532013e5056,9af4d13e5f37268964c59452dc100b2ce3bd92c37d7b491196a23b2424e5f487,2026-06-30T14:24:49+00:00,success,LEGACY_SOURCE_MANIFEST
SRC01778,K223028,https://www.accessdata.fda.gov/scripts/cdrh/cfdocs/cfpmn/pmn.cfm?ID=K223028,fda_database_entry_html,b336acc9b72ed8e54ed07125d77eacbe746d7c427701d6663f4ee9b1c4a2f924,f5a40a4453701c3b7d70e028ab9b9621e3c69dc110f1ad2f131daeda73dc2116,2026-06-30T14:24:45+00:00,success,LEGACY_SOURCE_MANIFEST
SRC01779,K223028,https://www.accessdata.fda.gov/cdrh_docs/pdf22/K223028.pdf,510k_summary_pdf,9946c9f088c72b80b1bd8dac5be184f9963cd97542050919ad9677edfe405f0b,945aa5b3aba19ebecc3cbfee11836af651e74b289621fafd91b3514ffc256d93,2026-06-30T14:24:48+00:00,success,LEGACY_SOURCE_MANIFEST
SRC01780,K222755,https://www.accessdata.fda.gov/scripts/cdrh/cfdocs/cfpmn/pmn.cfm?ID=K222755,fda_database_entry_html,fcec4d81de167a0292377dcbb35c943a8e93ad68b5b21b7badc65c65fd61f1a4,29a0b71c5ecd4b37699148d4a18b21037629240bc7e7b6ae8a930b0b30eada72,2026-06-30T14:24:47+00:00,success,LEGACY_SOURCE_MANIFEST
SRC01781,K222755,https://www.accessdata.fda.gov/cdrh_docs/pdf22/K222755.pdf,510k_summary_pdf,42fad7bb67b8d142272af5ae171f7c2004b8675db3bd72440c9bdb3fbde7a43a,7d2488e1f143ab475bb7045020e8bdd4b7d9603882764a132047806de391c85d,2026-06-30T14:24:53+00:00,success,LEGACY_SOURCE_MANIFEST
SRC01782,K222389,https://www.accessdata.fda.gov/scripts/cdrh/cfdocs/cfpmn/pmn.cfm?ID=K222389,fda_database_entry_html,3caaf0e4dd1ecbc19dc3f4b18ee7b7be70f5ce1ceda1cc1d7eba21cadab6e0ce,f21c4acb3b9068a75737a70361d14d54af9eb281a86e7cbc28cbaa208e5d1e75,2026-06-30T14:24:53+00:00,success,LEGACY_SOURCE_MANIFEST
SRC01783,K222389,https://www.accessdata.fda.gov/cdrh_docs/pdf22/K222389.pdf,510k_summary_pdf,0cd63360e4bfc6ddd0b8af7cdf6caf2c5f07c2669fa1384491b71b9d7cbe4f20,22b9bccb96a6a50a1bb110c591417148320a269800a7cc3a9a93d2e50f80f17f,2026-06-30T14:24:57+00:00,success,LEGACY_SOURCE_MANIFEST
SRC01784,K223439,https://www.accessdata.fda.gov/scripts/cdrh/cfdocs/cfpmn/pmn.cfm?ID=K223439,fda_database_entry_html,4f3ab7cdd774468f6d1ed62b79ac0d929636a7cdf880bb4bb193b4d1c2333ff4,c294c82e9c550ba0c329723df323d585eb43fd6077ee8bc6efc10eed7c840757,2026-06-30T14:24:56+00:00,success,LEGACY_SOURCE_MANIFEST
SRC01785,K223439,https://www.accessdata.fda.gov/cdrh_docs/pdf22/K223439.pdf,510k_summary_pdf,f655776f534393f1a0a4dbc2a4c392f9cb0d58416a39f596402cae78308898c3,76713ddd62e69ed9f7e19380ac8e2161fd2b288d1342c5b9271d572c9a40be5b,2026-06-30T14:25:03+00:00,success,LEGACY_SOURCE_MANIFEST
SRC01786,K223387,https://www.accessdata.fda.gov/scripts/cdrh/cfdocs/cfpmn/pmn.cfm?ID=K223387,fda_database_entry_html,b65f4198f5e74932fe2e08cd69b99b2af44877c18457aa3ddaf4836d1b5acd92,db87da10d61f581a21648da1f58a008f867692c1621e7da7308d2e4fdfe15d59,2026-06-30T14:25:01+00:00,success,LEGACY_SOURCE_MANIFEST
SRC01787,K223387,https://www.accessdata.fda.gov/cdrh_docs/pdf22/K223387.pdf,510k_summary_pdf,d6dc9c7076271dcf2e1cbeee2f89248f1c872b2386b988ceb823e6c9e01bfcfb,b17b545d57fed6e9d4d0a0b228ce49ee3366b378d83e15d69c5d0c74dc44aa95,2026-06-30T14:25:06+00:00,success,LEGACY_SOURCE_MANIFEST
SRC01788,K223296,https://www.accessdata.fda.gov/scripts/cdrh/cfdocs/cfpmn/pmn.cfm?ID=K223296,fda_database_entry_html,ac7d268c240427198173534dfe6019bf73aa9a908fcd7cd8b166693c260baf25,b04a25efd0a6453838cb8ffc1cb165984e795d3a5e433f5920cf6ded872a3462,2026-06-30T14:25:03+00:00,success,LEGACY_SOURCE_MANIFEST
SRC01789,K223296,https://www.accessdata.fda.gov/cdrh_docs/pdf22/K223296.pdf,510k_summary_pdf,0f1f32311fbf682340a4bbc6a73930a375967e8a9678d03619beb4e0d6d00e51,60d4610198556af420f9650e947d4b9d2968254d1210756a3c211e042969e39d,2026-06-30T14:25:06+00:00,success,LEGACY_SOURCE_MANIFEST
SRC01790,K222803,https://www.accessdata.fda.gov/scripts/cdrh/cfdocs/cfpmn/pmn.cfm?ID=K222803,fda_database_entry_html,f182171b6702a65e82383f95de2faa6f22f8bc769ffdebc3858b41e31771b8de,1de04c3612d3caa8b1b4c4cbc25a113154115789d12731d0b7121a609d56b809,2026-06-30T14:25:08+00:00,success,LEGACY_SOURCE_MANIFEST
SRC01791,K222803,https://www.accessdata.fda.gov/cdrh_docs/pdf22/K222803.pdf,510k_summary_pdf,c17ef25880474d75b3dee750b7a935a89cff61857858d26d0b7057c6b98912ed,d9ed0be5002f57439015a56e99a090b96a54eaef05888db3f1983704e06bc211,2026-06-30T14:25:10+00:00,success,LEGACY_SOURCE_MANIFEST
SRC01792,K222970,https://www.accessdata.fda.gov/scripts/cdrh/cfdocs/cfpmn/pmn.cfm?ID=K222970,fda_database_entry_html,ae819722c2f5483ba9a3a59186d76694c4975a2edf9aeb0fef9a9f5ed4527a67,43e8b71c21c7b85eedccb72eb1e9157cd947ee6d14bcbf7dfb84ce576a3edf3c,2026-06-30T14:25:12+00:00,success,LEGACY_SOURCE_MANIFEST
SRC01793,K222970,https://www.accessdata.fda.gov/cdrh_docs/pdf22/K222970.pdf,510k_summary_pdf,0290ed507fbcd218b57119f0d8dceb058bd02025f5c32648da813275a0328433,8862fbd99ea991dc4051bd527b5113d206dd9588805e208ae8f224183d259abc,2026-06-30T14:25:14+00:00,success,LEGACY_SOURCE_MANIFEST
SRC01794,K223396,https://www.accessdata.fda.gov/scripts/cdrh/cfdocs/cfpmn/pmn.cfm?ID=K223396,fda_database_entry_html,44a2942628ba5b15608f60431b497899fa5d696966b9a673d2e449111d6f9e66,992bac4aae560d7642590c0c58e3a491522895d9624aead12fc7e8eb3e2719f3,2026-06-30T14:25:21+00:00,success,LEGACY_SOURCE_MANIFEST
SRC01795,K223396,https://www.accessdata.fda.gov/cdrh_docs/pdf22/K223396.pdf,510k_summary_pdf,ff81a167e9030dadf1f1672e7cfa94b5b59e76614d976d5ce66e69d426d08a23,2b97d7fb3beaf1e657b4e909a2941340a739592fbc09ccab9ceb927688896d65,2026-06-30T14:25:24+00:00,success,LEGACY_SOURCE_MANIFEST
SRC01796,K230020,https://www.accessdata.fda.gov/scripts/cdrh/cfdocs/cfpmn/pmn.cfm?ID=K230020,fda_database_entry_html,fd66ac825da4e8419c857ced7a48f693517a39eed72ebb15a958b06763169e8b,7e6f09b964f58738c8017c3db8e1981aa88aa9674c71ab6e8aaa8405361cd479,2026-06-30T14:25:23+00:00,success,LEGACY_SOURCE_MANIFEST
SRC01797,K230020,https://www.accessdata.fda.gov/cdrh_docs/pdf23/K230020.pdf,510k_summary_pdf,6aa7f43c929cd564e6e2098659c28dff7b9320264011e33a29468f2556e5f3e0,33720ba1d5a4d2c39c629ab6cffa68f605e0524efbc82d7f26f89d9c1af196c3,2026-06-30T14:25:29+00:00,success,LEGACY_SOURCE_MANIFEST
SRC01798,K221868,https://www.accessdata.fda.gov/scripts/cdrh/cfdocs/cfpmn/pmn.cfm?ID=K221868,fda_database_entry_html,d8a4590056e213b0e60526f0c3f7544ed0cb73485d595835984b2e7243ad7e98,619e6cefe20a4dce4195dc658e2d2623c2649290b07c79362665a5e37c0b0079,2026-06-30T14:25:32+00:00,success,LEGACY_SOURCE_MANIFEST
SRC01799,K221868,https://www.accessdata.fda.gov/cdrh_docs/pdf22/K221868.pdf,510k_summary_pdf,d2f714cea32b9428683b00e27fb2b3915dcf2ab76d8e946d350153ea2032e1d0,ed41e031f39dbd3939f9cfff740a3fbffff5282ded2ebf7aede76894a5ffd7be,2026-06-30T14:25:37+00:00,success,LEGACY_SOURCE_MANIFEST
SRC01800,K222406,https://www.accessdata.fda.gov/scripts/cdrh/cfdocs/cfpmn/pmn.cfm?ID=K222406,fda_database_entry_html,530ef3096336495a1c4af53be392c5d489f67823b70f49895e6225c87cf416ba,a42af5cfee55e4a0068c80a6c86e93044638e96e7621ed7cd467103605216d8e,2026-06-30T14:25:44+00:00,success,LEGACY_SOURCE_MANIFEST
SRC01801,K222406,https://www.accessdata.fda.gov/cdrh_docs/pdf22/K222406.pdf,510k_summary_pdf,7a3b9c7db2c28c430d8b15413e0fd842dc5f436542276efc82a37029e64bd5c3,80147bb82544f34b3212d060ca707c28f5e6428dfb3adc8b8024d3704891c78c,2026-06-30T14:25:47+00:00,success,LEGACY_SOURCE_MANIFEST
SRC01802,K223516,https://www.accessdata.fda.gov/scripts/cdrh/cfdocs/cfpmn/pmn.cfm?ID=K223516,fda_database_entry_html,d8257c67aecc06e52b45ef260f7e74070b77d97730eaf265d65bb5f8567ad7a2,7bd406b0dbc1c30d9865ae7602043d9beffe06edab9ae1e9cf2d18666297ace4,2026-06-30T14:25:45+00:00,success,LEGACY_SOURCE_MANIFEST
SRC01803,K223516,https://www.accessdata.fda.gov/cdrh_docs/pdf22/K223516.pdf,510k_summary_pdf,26c6c5e96ddef717fa94c7798d1c923e68893114aa96fe023e51188b6f79d739,7bbeabdfe3686b01dd072c3e4b76c7d8a7c3adf7012adc872bf181fc1b2b0883,2026-06-30T14:25:50+00:00,success,LEGACY_SOURCE_MANIFEST
SRC01804,K222593,https://www.accessdata.fda.gov/scripts/cdrh/cfdocs/cfpmn/pmn.cfm?ID=K222593,fda_database_entry_html,eabb6b253fed1104db9c229eaf902809334e8286462813ee6352acd6b2babbf0,ab450bb61dc81bd820af8daad48dc91380a8a7eb039366a604928e4973a81c5f,2026-06-30T14:25:55+00:00,success,LEGACY_SOURCE_MANIFEST
SRC01805,K222593,https://www.accessdata.fda.gov/cdrh_docs/pdf22/K222593.pdf,510k_summary_pdf,7da91e70da53cb0cd5434a9e53a61cee1f51f14c559b5f9b36567f57104facf3,e9dc7b9dc8506c1f7a18524e2004af0b973d0f6b3c36823f1fba97bdcc08ac01,2026-06-30T14:25:58+00:00,success,LEGACY_SOURCE_MANIFEST
SRC01806,K223502,https://www.accessdata.fda.gov/scripts/cdrh/cfdocs/cfpmn/pmn.cfm?ID=K223502,fda_database_entry_html,32f5320dfe4b5a8819fcf09b9b8facd7dc8430ba325f5c651c449e6897674772,6861f321d5489ab57b431d6024e6486eb6570403317766b04a30dcdf3dd18d4a,2026-06-30T14:26:01+00:00,success,LEGACY_SOURCE_MANIFEST
SRC01807,K223502,https://www.accessdata.fda.gov/cdrh_docs/pdf22/K223502.pdf,510k_summary_pdf,1357f69da5873fdda53d1f0a116f3450eec38e793d093fed1480517ac0bdd497,6d91bf114c9af3b9d907347770b12a48eac337fadb4ea9e84afec284fc3e584f,2026-06-30T14:26:06+00:00,success,LEGACY_SOURCE_MANIFEST
SRC01808,K222458,https://www.accessdata.fda.gov/scripts/cdrh/cfdocs/cfpmn/pmn.cfm?ID=K222458,fda_database_entry_html,4a7a24664107da9779174bfa4add61cbbf421125b634d44f80193419bb0ac007,06e2aa21e465e37f6a8787dd2785888773909e232076d8a2321eebf753156137,2026-06-30T14:26:06+00:00,success,LEGACY_SOURCE_MANIFEST
SRC01809,K222458,https://www.accessdata.fda.gov/cdrh_docs/pdf22/K222458.pdf,510k_summary_pdf,2308bea6fe545c756216e552d7bf27b6e158957e8d09e128898c5da65e7caa42,a600a7c0e703cfb7b629b7ed19df649110f61351070aa66ca33fe30faa3d9715,2026-06-30T14:26:31+00:00,success,LEGACY_SOURCE_MANIFEST
SRC01810,K223738,https://www.accessdata.fda.gov/scripts/cdrh/cfdocs/cfpmn/pmn.cfm?ID=K223738,fda_database_entry_html,5495ad7c2db03da6bd7a3508556aff6bc36a7146df832b46a6ced1c7125aaa9d,48af5309a2d410b4e26b678b15bd9a38d0574ec2d8a6e98fe7de7a910982e1a0,2026-06-30T14:26:13+00:00,success,LEGACY_SOURCE_MANIFEST
SRC01811,K223738,https://www.accessdata.fda.gov/cdrh_docs/pdf22/K223738.pdf,510k_summary_pdf,70afe4a7eef6b0437a0cdc81d9915044acc6ef79d1f2702a9d231213808e8b96,e34b87030f018ac8bd47f9571ccd3e2dc46ca4b786125990a29fd0e332ff3783,2026-06-30T14:26:17+00:00,success,LEGACY_SOURCE_MANIFEST
SRC01812,K214036,https://www.accessdata.fda.gov/scripts/cdrh/cfdocs/cfpmn/pmn.cfm?ID=K214036,fda_database_entry_html,4f7b4be54c407cad94379439d1a614eeb9badf1878666a35e73d7d21026da023,b542c3e6f92c32ab2ebe74f6d237d2d3d3ec2177a713a8f7ab7e443a9f6f0aae,2026-06-30T14:26:15+00:00,success,LEGACY_SOURCE_MANIFEST
SRC01813,K214036,https://www.accessdata.fda.gov/cdrh_docs/pdf21/K214036.pdf,510k_summary_pdf,65cf326bfb62487a0f50dd5d077ada51f5490ce76ffd02897d1002f39509c6de,f341e33c6f8e6add474f23ba25266de4d6733eabdabf215bb5e3c690a09de2bc,2026-06-30T14:26:17+00:00,success,LEGACY_SOURCE_MANIFEST
SRC01814,K223442,https://www.accessdata.fda.gov/scripts/cdrh/cfdocs/cfpmn/pmn.cfm?ID=K223442,fda_database_entry_html,2ba63e060cbfe67627edb8b4e19284f5aa0a3b4810c5ad7d9115461e86234603,4d329007e3e9e0f0836b87f2ce43a334b9c4b5af2042902365efa4092db9b742,2026-06-30T14:26:15+00:00,success,LEGACY_SOURCE_MANIFEST
SRC01815,K223442,https://www.accessdata.fda.gov/cdrh_docs/pdf22/K223442.pdf,510k_summary_pdf,054de0e40daad8296877dc5f8879728dec56f7ae39bbb89adbe1f6a9623aa639,d77dc145de2d6c8fcf6c02921e794ea3b7d855c245db384fea3c331f96df0d9d,2026-06-30T14:26:22+00:00,success,LEGACY_SOURCE_MANIFEST
SRC01816,K223311,https://www.accessdata.fda.gov/scripts/cdrh/cfdocs/cfpmn/pmn.cfm?ID=K223311,fda_database_entry_html,6215ac3f22b507f41fe50cd287bee14f3dadafe9d7941a12992e97931b0276ec,6a4dfaba0acf948866fb4993e40f420ccd9bbc2408617602933e5d3b1052ebdd,2026-06-30T14:26:31+00:00,success,LEGACY_SOURCE_MANIFEST
SRC01817,K223311,https://www.accessdata.fda.gov/cdrh_docs/pdf22/K223311.pdf,510k_summary_pdf,ddcc33d7139e57fb87432bfcbbd9c3b9e072c8957b08ed6280587e3e8f17a4d8,2054c78662ce4838499ad500fb110161ab35e76567f23f61297566f7ecbd4f5f,2026-06-30T14:26:57+00:00,success,LEGACY_SOURCE_MANIFEST
SRC01818,K220928,https://www.accessdata.fda.gov/scripts/cdrh/cfdocs/cfpmn/pmn.cfm?ID=K220928,fda_database_entry_html,be21ca4bd6c6d87b795f8aa81de0fd57009fcb5412a4d711d6b77f928f1a670e,06c04c213fba9cf3f5b75043d988c9943f486b42f310600ff3e6e18e17f1aa6f,2026-06-30T14:26:40+00:00,success,LEGACY_SOURCE_MANIFEST
SRC01819,K220928,https://www.accessdata.fda.gov/cdrh_docs/pdf22/K220928.pdf,510k_summary_pdf,a3908ac730af457c4bd772a5c36f19a681e204a258575242521d933c49fc6cc7,003dc4e92d47aaf9a5676e2366c595fe8b9573d5e6ba6e092b730e58fc47c624,2026-06-30T14:26:41+00:00,success,LEGACY_SOURCE_MANIFEST
SRC01820,K223268,https://www.accessdata.fda.gov/scripts/cdrh/cfdocs/cfpmn/pmn.cfm?ID=K223268,fda_database_entry_html,b36e8449fdd063e84d7cd3d77019b1752a77565d740012b2a9b091cb4873d6c7,19d8b72a97ecb0f52ea792e518fe532c38dd8d6efc512c5a8bac66db9be9826d,2026-06-30T14:26:45+00:00,success,LEGACY_SOURCE_MANIFEST
SRC01821,K223268,https://www.accessdata.fda.gov/cdrh_docs/pdf22/K223268.pdf,510k_summary_pdf,f9bb8f132b56a49cf0f08115600d83241fcd1e3ad0e47247665993acc391e368,8d631fafe2596fc5c2ff6f280192b93e0fea59327f75fbdbaf5cd73d0b7e4e72,2026-06-30T14:26:49+00:00,success,LEGACY_SOURCE_MANIFEST
SRC01822,K222275,https://www.accessdata.fda.gov/scripts/cdrh/cfdocs/cfpmn/pmn.cfm?ID=K222275,fda_database_entry_html,cd3b16cd0afe99ab411c1e478d5ded7fb3afb0948995e5280a4f23db834f1f1a,23c8e15a4b0afddcaf995dac101f3fadaedbc0d93882d58cdad4862efab82260,2026-06-30T14:26:51+00:00,success,LEGACY_SOURCE_MANIFEST
SRC01823,K222275,https://www.accessdata.fda.gov/cdrh_docs/pdf22/K222275.pdf,510k_summary_pdf,5d56f6c0fa89676d97fd23232f6239e1b42b39f31065a462b94f81b026dccf1b,34b1869fd97119fa4165f29b54cdc4cbdea0a9fe9ff9d79973baec365589a370,2026-06-30T14:26:57+00:00,success,LEGACY_SOURCE_MANIFEST
SRC01824,K223247,https://www.accessdata.fda.gov/scripts/cdrh/cfdocs/cfpmn/pmn.cfm?ID=K223247,fda_database_entry_html,a15d0adb7d1cdc96f0a18e6e266c15604fd6ec44a870a37fec7a21ec1ec15942,804029d3cc7f5a2cedb5aa89a37aecb2d35da27a81a10f95a908c7399eec7519,2026-06-30T14:26:53+00:00,success,LEGACY_SOURCE_MANIFEST
SRC01825,K223247,https://www.accessdata.fda.gov/cdrh_docs/pdf22/K223247.pdf,510k_summary_pdf,752f9e7e77da67dd4a23b517f906c9e8833dca16c0a76a0a25c7b4fa99f84510,d0f9e70805dab2daa653ca55d1f78781f304ba57f876ee7ca9ca71cd3c1767af,2026-06-30T14:26:56+00:00,success,LEGACY_SOURCE_MANIFEST
SRC01826,K222692,https://www.accessdata.fda.gov/scripts/cdrh/cfdocs/cfpmn/pmn.cfm?ID=K222692,fda_database_entry_html,711b82b2ce93275b9ada96074fa48efc0510caafa3f0770837e59037a4328b1e,89df33e0186e8fcb160a890ed95fbccd6e4cf5d385e0c0963816dc05bdeab4b4,2026-06-30T14:27:02+00:00,success,LEGACY_SOURCE_MANIFEST
SRC01827,K222692,https://www.accessdata.fda.gov/cdrh_docs/pdf22/K222692.pdf,510k_summary_pdf,5e9af6f8c9dc3e9980f84a9d313e9b77f79cdf67b3e119a4315d7e23796c8bd3,9eac9dc2d511955e8fd3ce92e33da4b4e4dcd16594d37005777022cdd18cf900,2026-06-30T14:27:08+00:00,success,LEGACY_SOURCE_MANIFEST
SRC01828,K220786,https://www.accessdata.fda.gov/scripts/cdrh/cfdocs/cfpmn/pmn.cfm?ID=K220786,fda_database_entry_html,0b735aacf2f2e288cb27e3badce35e2df756ab586aa039f91f2b176f294a38cd,e6a3f21956afbc9fe2ca9a06520f5dc2025c9795bb9d594263362c14a1287080,2026-06-30T14:27:02+00:00,success,LEGACY_SOURCE_MANIFEST
SRC01829,K220786,https://www.accessdata.fda.gov/cdrh_docs/pdf22/K220786.pdf,510k_summary_pdf,f722a15207a2e4f22b3786a52e69e8d0d520b0761025d7011be1746a391687b2,9103199032968682ba0d0355f851c1e10a397410013efb77ff1246766f42880e,2026-06-30T14:27:06+00:00,success,LEGACY_SOURCE_MANIFEST
SRC01830,K221624,https://www.accessdata.fda.gov/scripts/cdrh/cfdocs/cfpmn/pmn.cfm?ID=K221624,fda_database_entry_html,ac3c67fd3759588e2a8b44902fb7a5cb7377ab82db208fd57e7824ef349d9452,2a72ed29580411173e70d544c3959633ce2f31d770b945079673bb8bff61de8d,2026-06-30T14:27:03+00:00,success,LEGACY_SOURCE_MANIFEST
SRC01831,K221624,https://www.accessdata.fda.gov/cdrh_docs/pdf22/K221624.pdf,510k_summary_pdf,b0e96eb1b8da2535c3a5c037526edfae4c0db6714c1d0876a9373230e990ac76,f4a0a5c7e0703c7171ba60fe70111aab995484c8eee5ab2539b9b56da3df8041,2026-06-30T14:27:05+00:00,success,LEGACY_SOURCE_MANIFEST
SRC01832,K221716,https://www.accessdata.fda.gov/scripts/cdrh/cfdocs/cfpmn/pmn.cfm?ID=K221716,fda_database_entry_html,e70eee9238f532dd5a59998a8623e6bf37953800fd30ddfb2a035571d8dcabb3,fec17296a4388bbe8dcf37b75736f25abe31a0375ad1c4c5edece07cbfa7b7b4,2026-06-30T14:27:10+00:00,success,LEGACY_SOURCE_MANIFEST
SRC01833,K221716,https://www.accessdata.fda.gov/cdrh_docs/pdf22/K221716.pdf,510k_summary_pdf,d736b692203faaa7f149b4b7583984b7a6762698b65f2114d426db31d653958e,239378e9757a6b8422ceec9f53bbfb3ac7fcd15bee52e179745f6997a3849b23,2026-06-30T14:27:16+00:00,success,LEGACY_SOURCE_MANIFEST
SRC01834,K223032,https://www.accessdata.fda.gov/scripts/cdrh/cfdocs/cfpmn/pmn.cfm?ID=K223032,fda_database_entry_html,230ba303bc80aaf2074f10dd47913f58bcf3210bc000285182cbd9ee72fc8bed,146787006da659357679d7d188eb49091835d14719a5ca5a0752079ec0c3d4a8,2026-06-30T14:27:11+00:00,success,LEGACY_SOURCE_MANIFEST
SRC01835,K223032,https://www.accessdata.fda.gov/cdrh_docs/pdf22/K223032.pdf,510k_summary_pdf,6a906a8c01dd5502ca80fcb96573ee6a5ec2a9f73da6f73191f189cd0f21b556,28f362f7cb71766dd933528ea2f7e15a7af9f093f5447f3ecb44e7ea59a0ed9f,2026-06-30T14:27:13+00:00,success,LEGACY_SOURCE_MANIFEST
SRC01836,K221330,https://www.accessdata.fda.gov/scripts/cdrh/cfdocs/cfpmn/pmn.cfm?ID=K221330,fda_database_entry_html,5568f661fab39ad2779b26712d422997c2f35c9958f0de5a4da8c7a5e9b5cdd8,f40b9f08438c4805156184dafcfa37649aeaeae414f6734676cf1232fae5cda2,2026-06-30T14:27:25+00:00,success,LEGACY_SOURCE_MANIFEST
SRC01837,K221330,https://www.accessdata.fda.gov/cdrh_docs/pdf22/K221330.pdf,510k_summary_pdf,ebe2b88e9582ecdae7acc946bbe6d7b512ec73f251a2889514cd2dd856c7343f,71fcad7b0a8add3b5e793b8de9a56888099e8a2f9ecda5fcf8446ea1f0a66d60,2026-06-30T14:27:28+00:00,success,LEGACY_SOURCE_MANIFEST
SRC01838,K221762,https://www.accessdata.fda.gov/scripts/cdrh/cfdocs/cfpmn/pmn.cfm?ID=K221762,fda_database_entry_html,3b8276768c4285891d71f44c1a21808b1637553ffb682019867f09e64b0e0069,15db299ddad91b91fe059dbb4bac5efccc683188b11a3720144d43d47a718011,2026-06-30T14:27:32+00:00,success,LEGACY_SOURCE_MANIFEST
SRC01839,K221762,https://www.accessdata.fda.gov/cdrh_docs/pdf22/K221762.pdf,510k_summary_pdf,ab42563576103f6be2b5c3d29c7fc5f43cd7275204702b5d1b95c782d2abc6e4,c86dcebf8de9fc16ecaea8df47c6588c468c52a0500e41d7dcffa88a71f92882,2026-06-30T14:27:34+00:00,success,LEGACY_SOURCE_MANIFEST
SRC01840,K222428,https://www.accessdata.fda.gov/scripts/cdrh/cfdocs/cfpmn/pmn.cfm?ID=K222428,fda_database_entry_html,c649c971f1a40e98b2f50bfe639f316e6d6c3ad1498a694de563669ee082343b,10bdf4432c3eefe65c5ffa2ec1613b55e78ebf4efdeef0cf4e60c92ab014bc3f,2026-06-30T14:27:33+00:00,success,LEGACY_SOURCE_MANIFEST
SRC01841,K222428,https://www.accessdata.fda.gov/cdrh_docs/pdf22/K222428.pdf,510k_summary_pdf,9b33220a2859e1d912618150093fd9f8753fa665b3c4645e4f89d22c568cc1b7,944ee9376b6f1bf0a0b65c7fe58355f738bfdee68bb94bee7b2baf88cc4db0f3,2026-06-30T14:28:16+00:00,success,LEGACY_SOURCE_MANIFEST
SRC01842,K220408,https://www.accessdata.fda.gov/scripts/cdrh/cfdocs/cfpmn/pmn.cfm?ID=K220408,fda_database_entry_html,9db265bbe8c9065482206cd1695c91b893ecafa8be985e73041d88d791aa4aed,13d2656b46860249581b81709659e64cc6a1428480da88088a541d5babcd2828,2026-06-30T14:27:38+00:00,success,LEGACY_SOURCE_MANIFEST
SRC01843,K220408,https://www.accessdata.fda.gov/cdrh_docs/pdf22/K220408.pdf,510k_summary_pdf,60301de9e1cc22aed439b5921bd3f431bfd2bef6ab40be6b74d0d2b59e8ae8b3,588174e06eb91bf3bb71f168ea79c395ed35c0f8dcaf93923fffe6e0cb69cd90,2026-06-30T14:27:42+00:00,success,LEGACY_SOURCE_MANIFEST
SRC01844,K221183,https://www.accessdata.fda.gov/scripts/cdrh/cfdocs/cfpmn/pmn.cfm?ID=K221183,fda_database_entry_html,a6c585f67a6c775dc9ce633e27fabfec0cbd4082aa4bf3c7e1b8b4574eb28f6b,ba0a9716e4114e76bd16171698b2e9d96c5d443e2972149ccac9745adabf2640,2026-06-30T14:27:41+00:00,success,LEGACY_SOURCE_MANIFEST
SRC01845,K221183,https://www.accessdata.fda.gov/cdrh_docs/pdf22/K221183.pdf,510k_summary_pdf,fb4be6c523d41c1462302dbcf450bceb07bdf905cddbe8cdf1748c80e1923f47,159531606705da866507b61733b2d3c764d3338e80dd6017b745bcf0e3f11775,2026-06-30T14:27:47+00:00,success,LEGACY_SOURCE_MANIFEST
SRC01846,K221552,https://www.accessdata.fda.gov/scripts/cdrh/cfdocs/cfpmn/pmn.cfm?ID=K221552,fda_database_entry_html,a64a63de1dd64fcd4a6dc2c73a0d709d0b249622cae37c371f5da779835bc5ae,3472ca7e77a6de4596d5d0047546e8edf8f7a56424d468a8ed003ff557d7a4b0,2026-06-30T14:27:50+00:00,success,LEGACY_SOURCE_MANIFEST
SRC01847,K221552,https://www.accessdata.fda.gov/cdrh_docs/pdf22/K221552.pdf,510k_summary_pdf,1e9f16b27dc86c3f48211e8301c26efef764e0382874843c154e4e6896ac1466,4a2051f8862edda67a54bff911fcddf20cdafe416f0a94a29f49271c44b0b953,2026-06-30T14:27:51+00:00,success,LEGACY_SOURCE_MANIFEST
SRC01848,P210015,https://www.accessdata.fda.gov/scripts/cdrh/cfdocs/cfpma/pma.cfm?id=P210015,fda_database_entry_html,e9b375f97180c38f4b130c6e275438751e72c1ed47bf8c54b309a46f8f5d190e,fda199823bc3c9f0ba91618cf732e59199c33b25a0e3824969319e2da52071ff,2026-06-30T14:27:55+00:00,success,LEGACY_SOURCE_MANIFEST
SRC01849,P210015,https://www.accessdata.fda.gov/cdrh_docs/pdf21/P210015A.pdf,approval_order_pdf,dea595eba444dd7b0f6d70324553654df584da71511ae4329cd735dc0ef6cfc6,b4adb1a5805ac6b4abc5da68580bdf85f662180e728ef8131909200bdc467d3d,2026-06-30T14:28:03+00:00,success,LEGACY_SOURCE_MANIFEST
SRC01850,P210015,https://www.accessdata.fda.gov/cdrh_docs/pdf21/P210015B.pdf,pma_ssed_pdf,6a909d7921f13f401deecd0e1f9c21bde8cbd5fac388c646d51c4ed54352f42f,e6bbd068a333adb63a15a2424ab0a478b7a729a8210c28e35b9ac5bc42ce118d,2026-06-30T14:28:28+00:00,success,LEGACY_SOURCE_MANIFEST
SRC01851,P210015,https://www.accessdata.fda.gov/cdrh_docs/pdf21/P210015C.pdf,labeling_pdf,a482fb38c7ea4c6759f2b017751e71d62ab4a0f64659da73ea41f5d8af6f7211,03f11c04d2aa1441c3fcb8d019fb3fa4f8f2177ee87d3efbdeb0f381927c3e8c,2026-06-30T14:29:11+00:00,success,LEGACY_SOURCE_MANIFEST
SRC01852,P210015,https://www.accessdata.fda.gov/cdrh_docs/pdf21/P210015D.pdf,labeling_pdf,b056df1279eb246231099d5b2002c69e1ae933973bdd1b62d379eda9c72f2ac8,04983568e843797a2a7614080245ca4ae29bb50eed6972472ca2fadb41d1b1d8,2026-06-30T14:29:18+00:00,success,LEGACY_SOURCE_MANIFEST
SRC01853,K220332,https://www.accessdata.fda.gov/scripts/cdrh/cfdocs/cfpmn/pmn.cfm?ID=K220332,fda_database_entry_html,fbae573328b9dbb0663195e102b196625da0958af7a1741344c5e201bb80750b,a41e9ec0d092c006eb44ad94de23516034c05b2cddf00b664861e01dce42975b,2026-06-30T14:27:56+00:00,success,LEGACY_SOURCE_MANIFEST
SRC01854,K220332,https://www.accessdata.fda.gov/cdrh_docs/pdf22/K220332.pdf,510k_summary_pdf,026fee6599cb272eabcbf98fadf7dd1d6c7692617a36065a88f91c56c4f9a981,317766a4368e2a2c5bbfa4f12802f1162e24f8b5d954f2fe404060faab54da53,2026-06-30T14:28:22+00:00,success,LEGACY_SOURCE_MANIFEST
SRC01855,K222070,https://www.accessdata.fda.gov/scripts/cdrh/cfdocs/cfpmn/pmn.cfm?ID=K222070,fda_database_entry_html,81de147ef635782f74e3fbf7d002125396989d6be2f25f38c4ab334fad67ebbf,b29e2a0e892337f58429b5e311067ab0372d4edd985ba23c33b7cf74f88615f6,2026-06-30T14:28:14+00:00,success,LEGACY_SOURCE_MANIFEST
SRC01856,K222070,https://www.accessdata.fda.gov/cdrh_docs/pdf22/K222070.pdf,510k_summary_pdf,8668e5105016da50ceb5d6785beb841ffc6c40a2e1dfeba7887cd55fb8ed83e3,806a89979d7f28f92beadfed7d3c15c98700397a4e54c69434e5f746affbe484,2026-06-30T14:29:16+00:00,success,LEGACY_SOURCE_MANIFEST
SRC01857,K223042,https://www.accessdata.fda.gov/scripts/cdrh/cfdocs/cfpmn/pmn.cfm?ID=K223042,fda_database_entry_html,e75f157b40afff9833dbcbaf24fcb885043ac7983d8c580de7295eb4f3e9af0c,d09163598696e54536934680d871ea42bcf87db54c4c2914c37a547108c8ecf5,2026-06-30T14:28:25+00:00,success,LEGACY_SOURCE_MANIFEST
SRC01858,K223042,https://www.accessdata.fda.gov/cdrh_docs/pdf22/K223042.pdf,510k_summary_pdf,37b99fcf17dbde10f94a401f946f3e1a802be430f3ef1f80ab327791d638db9e,1886349d31957cc624a1c6fc6e6f023fbc2eb101af7ae087c2dd2d423483696a,2026-06-30T14:28:30+00:00,success,LEGACY_SOURCE_MANIFEST
SRC01859,K222361,https://www.accessdata.fda.gov/scripts/cdrh/cfdocs/cfpmn/pmn.cfm?ID=K222361,fda_database_entry_html,6a477710a8dd7598a529c1b91217a7eb1edda04d1f5634f37f45b6936ab677da,a9179e1ee4807daf97f75ae08f943d072faaa86e33eff7b84cda1224cb05212b,2026-06-30T14:28:30+00:00,success,LEGACY_SOURCE_MANIFEST
SRC01860,K222361,https://www.accessdata.fda.gov/cdrh_docs/pdf22/K222361.pdf,510k_summary_pdf,fe4580fe77eebf1289e925326d2c8e7ee8b5bff8ee1bb4fb124978d7d7197d19,4b061a6f38294e256b6ff5dc9fe2268e87811d709d844a06f27416d017fc5382,2026-06-30T14:28:35+00:00,success,LEGACY_SOURCE_MANIFEST
SRC01861,K221632,https://www.accessdata.fda.gov/scripts/cdrh/cfdocs/cfpmn/pmn.cfm?ID=K221632,fda_database_entry_html,17ba80c21656d0e62c1abac445007aa5d22c24c6ee11170b4e7fbf2bb0616ee9,e2025e0223e091ae13faf92a6c916a53af6690f7ffc51f03686434af74b29110,2026-06-30T14:28:45+00:00,success,LEGACY_SOURCE_MANIFEST
SRC01862,K221632,https://www.accessdata.fda.gov/cdrh_docs/pdf22/K221632.pdf,510k_summary_pdf,915d770a9f9d508c0b288d2bd4e7f881c01b5333463a711ee9a3349cb3666786,4e97b799fc59ebfd2f815c17ceef8d928a75c4308411ee478deae99252aaa885,2026-06-30T14:28:58+00:00,success,LEGACY_SOURCE_MANIFEST
SRC01863,DEN220024,https://www.accessdata.fda.gov/scripts/cdrh/cfdocs/cfpmn/denovo.cfm?ID=DEN220024,fda_database_entry_html,478d78360ef0c8f8c400a99e03a02d1115af8af5f6d4ca07e9c1ffc1838e2184,634bfe568430a5c9f3a4b1da47a18a72d81ac987e7ef7ea9c47b4a0ff89d76c8,2026-06-30T14:28:52+00:00,success,LEGACY_SOURCE_MANIFEST
SRC01864,DEN220024,https://www.accessdata.fda.gov/cdrh_docs/pdf22/DEN220024.pdf,approval_order_pdf,7e68614c2e5e6b1dcac7e7e178f77727e35b3174e51bc7f28303d7edfa0bc7dd,ba4416c67241b14a8eb3f95ed2dc68c27e5bb4d18bc1d76dcfa36adf7f8ca000,2026-06-30T14:28:54+00:00,success,LEGACY_SOURCE_MANIFEST
SRC01865,DEN220024,http://www.accessdata.fda.gov/cdrh_docs/reviews/DEN220024.pdf,de_novo_summary_pdf,fb66b2b598d98298b44d99c1941047d0ec6ac3a8058f2dd99a05163e00cd16a9,bb0a1100ec13550146b4c3f6aa863c3ce1eab0afc6eeedd7b7c536df2b513b4e,2026-06-30T14:29:01+00:00,success,LEGACY_SOURCE_MANIFEST
SRC01866,K213857,https://www.accessdata.fda.gov/scripts/cdrh/cfdocs/cfpmn/pmn.cfm?ID=K213857,fda_database_entry_html,530803f4c2be5c47500140af777e3ca8940b26587097a809d8be7e2c950e9a9a,8d2c6d208a175f543a74fa30266c27aab61fe6e40656c6092b9db04a023d273c,2026-06-30T14:29:06+00:00,success,LEGACY_SOURCE_MANIFEST
SRC01867,K213857,https://www.accessdata.fda.gov/cdrh_docs/pdf21/K213857.pdf,510k_summary_pdf,8dcdf20a50b12be11ab7e5a752e043034fc819fbb9d47cbbcae13365770084e1,73c698ca0e4b7030282c44477e951e36f0e19bd71a0bcff71b7d0411cdf2d334,2026-06-30T14:29:13+00:00,success,LEGACY_SOURCE_MANIFEST
SRC01868,K221305,https://www.accessdata.fda.gov/scripts/cdrh/cfdocs/cfpmn/pmn.cfm?ID=K221305,fda_database_entry_html,1eb57e8a789f6f77cdbcded7e99b3be18398e70cfeadff3f253122ba41e8e962,035fe9770932a9fa646cf2bfb554e36801c6934e705041ab683c1f7896f80691,2026-06-30T14:29:18+00:00,success,LEGACY_SOURCE_MANIFEST
SRC01869,K221305,https://www.accessdata.fda.gov/cdrh_docs/pdf22/K221305.pdf,510k_summary_pdf,bd9f79ecc6457bdf5dc0c11fa2e38cf984087a6a16b5c9899432862aa041a9e9,97c87ad1b142298ba293b8c3ab264fe3f2744145387aa6b7641a0c8fe5214acf,2026-06-30T14:29:20+00:00,success,LEGACY_SOURCE_MANIFEST
SRC01870,K220709,https://www.accessdata.fda.gov/scripts/cdrh/cfdocs/cfpmn/pmn.cfm?ID=K220709,fda_database_entry_html,b62789764c6c1056072e9b5cf7bec48a1b201f2e0832a00fcc06c9e4d84c214b,e7db976097eb1bccbb267fb959b3dc5ef99e83dd17e463b839eea3c467f5ff49,2026-06-30T14:29:18+00:00,success,LEGACY_SOURCE_MANIFEST
SRC01871,K220709,https://www.accessdata.fda.gov/cdrh_docs/pdf22/K220709.pdf,510k_summary_pdf,319f9c5d8b54274b60df7b9534ac626507fb61ddf1fb1262ee3b7d8034ef605c,abc9a73a318a3b9e72d5b7df802b4237cba52b1e44b215469c22b93f1b3111f9,2026-06-30T14:29:25+00:00,success,LEGACY_SOURCE_MANIFEST
SRC01872,K221449,https://www.accessdata.fda.gov/scripts/cdrh/cfdocs/cfpmn/pmn.cfm?ID=K221449,fda_database_entry_html,75ff1633401130b2124521d9ce668ed1378e4c7707dfb3539b1f1cb33ba8560b,d52fb95950a62fdb3f3585046bdfaa5dfd08f3a73672e1ba2323bcdfee183efe,2026-06-30T14:29:26+00:00,success,LEGACY_SOURCE_MANIFEST
SRC01873,K221449,https://www.accessdata.fda.gov/cdrh_docs/pdf22/K221449.pdf,510k_summary_pdf,2b76594f1cfe82a1d5bd355a544fb528d89aff59ccf69a0c0e19ab1418a60f12,489af517266c82811bbc952582b74d2c605a3616678a5dbdc38363782c827c9d,2026-06-30T14:29:36+00:00,success,LEGACY_SOURCE_MANIFEST
SRC01874,K221892,https://www.accessdata.fda.gov/scripts/cdrh/cfdocs/cfpmn/pmn.cfm?ID=K221892,fda_database_entry_html,998f9de0ca46cf6111c2a8d06af88420cf41e5c0e4cec3bded40e7b694ef9a90,4a426f5b0255ae62f25f5f84b426f222877bd742f05eb1b903577dc05663ed3e,2026-06-30T14:29:28+00:00,success,LEGACY_SOURCE_MANIFEST
SRC01875,K221892,https://www.accessdata.fda.gov/cdrh_docs/pdf22/K221892.pdf,510k_summary_pdf,9c112b7a67b3bda81f3dffa79e7d231ac01d16044e905dffd94b789d620796d2,d4e6fe9a2e5d9e96c3bba992fdcaef5c35d39aff34855b1c62e1b38c9bdbc216,2026-06-30T14:29:29+00:00,success,LEGACY_SOURCE_MANIFEST
SRC01876,K211611,https://www.accessdata.fda.gov/scripts/cdrh/cfdocs/cfpmn/pmn.cfm?ID=K211611,fda_database_entry_html,81c52e2a7ec5e23eb76020dfb2bad72c67138284f9ef994bc7109dd3066cf4b2,404fbf8f91f7a12f2dbd1b815c055e28df9223a55ad625c2c4b4e0bf67baea99,2026-06-30T14:29:28+00:00,success,LEGACY_SOURCE_MANIFEST
SRC01877,K211611,https://www.accessdata.fda.gov/cdrh_docs/pdf21/K211611.pdf,510k_summary_pdf,81a0417929d30e32af4bd43d00b5dd768a6e444e49e537d2bfaf9bab5a6d01cc,d22f576d3499d03e8b26861c4c602f225477fcd35c401c8afa96de9a40458788,2026-06-30T14:29:32+00:00,success,LEGACY_SOURCE_MANIFEST
SRC01878,K220080,https://www.accessdata.fda.gov/scripts/cdrh/cfdocs/cfpmn/pmn.cfm?ID=K220080,fda_database_entry_html,05e35297a539dcb94cf210afc54aa91de3d6e1403f02886c88a74c0a73e9da96,a9c764983ea2396d1c2d6b84df99b0d2c2ff37605ff14eee1b242498cd6320fe,2026-06-30T14:29:34+00:00,success,LEGACY_SOURCE_MANIFEST
SRC01879,K220080,https://www.accessdata.fda.gov/cdrh_docs/pdf22/K220080.pdf,510k_summary_pdf,fd2ffbcd7f20f3c31dcfc4a452dff10144945814b2b14115b46649b4538e02e8,66fd440c18f4d4301224fa609bf485a2616fda0aad992789aa1f25dba3c7bbde,2026-06-30T14:29:35+00:00,success,LEGACY_SOURCE_MANIFEST
SRC01880,K222329,https://www.accessdata.fda.gov/scripts/cdrh/cfdocs/cfpmn/pmn.cfm?ID=K222329,fda_database_entry_html,fde454277a79d8ad57ae3932e17a82d1fe92d7a7c94925d862895b23f81ba1b3,f2c2443b14957efc7e901bdadee92f2632624e0e5d222c3905cab3a7a1aaf797,2026-06-30T14:29:36+00:00,success,LEGACY_SOURCE_MANIFEST
SRC01881,K222329,https://www.accessdata.fda.gov/cdrh_docs/pdf22/K222329.pdf,510k_summary_pdf,bb93ed563c71648694e5aae8ddda90605d36f78c2250fc41bf5e28eac9aaece1,c7daeb6204c9175f363cbb6ad537fdc8ceddb166c0599d934150c6016a84609c,2026-06-30T14:29:39+00:00,success,LEGACY_SOURCE_MANIFEST
SRC01882,K221738,https://www.accessdata.fda.gov/scripts/cdrh/cfdocs/cfpmn/pmn.cfm?ID=K221738,fda_database_entry_html,b19a0b1036b2f69aeebcda07175482dc706d9f4d683e36829510994dd9200b7d,fdd9189e15dece7bae1a01eae85d985427e8875e1220f4ef4e3f1252d806d8b3,2026-06-30T14:29:40+00:00,success,LEGACY_SOURCE_MANIFEST
SRC01883,K221738,https://www.accessdata.fda.gov/cdrh_docs/pdf22/K221738.pdf,510k_summary_pdf,97ffc679a734a6999daa54c67d5ac2691dd5fd3bd26079ff52b408feeb4aeeaf,a4f570b6695750e0cd824885f5a6edd0745d6e52f07b63f81f363cc8ccb9ca86,2026-06-30T14:29:56+00:00,success,LEGACY_SOURCE_MANIFEST
SRC01884,K221179,https://www.accessdata.fda.gov/scripts/cdrh/cfdocs/cfpmn/pmn.cfm?ID=K221179,fda_database_entry_html,f293dca477964f637cd041ed6f695c918463bbfab107e68b3405c1a11feafb3d,18954d6ef0dd3d391a20d4e8fd7e59431d955c48a3c680c704ab03841c5f8b80,2026-06-30T14:29:47+00:00,success,LEGACY_SOURCE_MANIFEST
SRC01885,K221179,https://www.accessdata.fda.gov/cdrh_docs/pdf22/K221179.pdf,510k_summary_pdf,bcfbc870759ff71abeb85dde418df2ceffa6d03f3c2916b857965d0242f8fd5c,e6e60f7c05a9b4e306d037bd1f57f8ddc90330fdc628f2e4934ec7b5a2d69040,2026-06-30T14:29:49+00:00,success,LEGACY_SOURCE_MANIFEST
SRC01886,K213353,https://www.accessdata.fda.gov/scripts/cdrh/cfdocs/cfpmn/pmn.cfm?ID=K213353,fda_database_entry_html,8d9bae5bf23ab79d666a86983c3664f1fe93585721e1bd2b65e4120864879954,974b69a48a5da4792e5baa12de49ed8243868b82441194f00de0807a62b4cbbe,2026-06-30T14:29:57+00:00,success,LEGACY_SOURCE_MANIFEST
SRC01887,K213353,https://www.accessdata.fda.gov/cdrh_docs/pdf21/K213353.pdf,510k_summary_pdf,67eed80b02db620c77b6f1c20c4c223e8402e57c3e788d80d29270883d20440a,4d54f23dbb0647e818b2efb55680f8abe18f0e472a6e666768f004d8beda8b1f,2026-06-30T14:30:00+00:00,success,LEGACY_SOURCE_MANIFEST
SRC01888,K221733,https://www.accessdata.fda.gov/scripts/cdrh/cfdocs/cfpmn/pmn.cfm?ID=K221733,fda_database_entry_html,89665fe5612d20b0c880f40ac4610c8a83b29b17429f5abf75b4fd3f693c3009,244d1943d50254804beb40ac90bed267a613b137051a0441c744d1f9963853f4,2026-06-30T14:30:00+00:00,success,LEGACY_SOURCE_MANIFEST
SRC01889,K221733,https://www.accessdata.fda.gov/cdrh_docs/pdf22/K221733.pdf,510k_summary_pdf,a280baf4b504c2da3eb0f921cac2c06a866ecaf5eb5ed5f1f84fc53e12768f0f,8c3220e98a7ed3783ebd0f5eb08a1b69179249999ef64b20d036ecc1b8fd7572,2026-06-30T14:30:02+00:00,success,LEGACY_SOURCE_MANIFEST
SRC01890,K221456,https://www.accessdata.fda.gov/scripts/cdrh/cfdocs/cfpmn/pmn.cfm?ID=K221456,fda_database_entry_html,3ff457da3d5025b4b583f6f1faa0281d28e18810b1f5ec4dae8642c3f3f8e05c,53801f403106bf41d795b50dba85cb2f03ce2d4c6b75abadde67e2777855206a,2026-06-30T14:30:06+00:00,success,LEGACY_SOURCE_MANIFEST
SRC01891,K221456,https://www.accessdata.fda.gov/cdrh_docs/pdf22/K221456.pdf,510k_summary_pdf,d08c97de21bbeb6eeac88b78eeb842e80b3046b0fe66e883e01b9b2894342391,dac17e3d9cbdbd663228dddcad9a0fb92293c932a951314176af12d0e1790b5a,2026-06-30T14:30:54+00:00,success,LEGACY_SOURCE_MANIFEST
SRC01892,K220986,https://www.accessdata.fda.gov/scripts/cdrh/cfdocs/cfpmn/pmn.cfm?ID=K220986,fda_database_entry_html,9ca76a262ddc1ed54be42a5201655e54c31206db6423027679636ce0f2ead7bf,fc9a7cc9a19e40cfeeb184cad0686f1efc69decfd3e8a4b1777681a67374d1fd,2026-06-30T14:30:10+00:00,success,LEGACY_SOURCE_MANIFEST
SRC01893,K220986,https://www.accessdata.fda.gov/cdrh_docs/pdf22/K220986.pdf,510k_summary_pdf,e3bab8f728d213023fe8d022f755ff34e1d0ac62a398bd90a5e3ff86a212bd78,8a3f718bc4f5a26e8a72769a296ef10817a3df4dab2a759ae76dc40e6a24f8f3,2026-06-30T14:30:19+00:00,success,LEGACY_SOURCE_MANIFEST
SRC01894,K222076,https://www.accessdata.fda.gov/scripts/cdrh/cfdocs/cfpmn/pmn.cfm?ID=K222076,fda_database_entry_html,e3dc1607c2b93f6d0857917a2eeb4823a9c199a9102aafc27df1cd062bfec7d6,5b6886d9892cf262b0b3e603489eed853f2abd6149600177e170c3fc9939b8db,2026-06-30T14:30:10+00:00,success,LEGACY_SOURCE_MANIFEST
SRC01895,K222076,https://www.accessdata.fda.gov/cdrh_docs/pdf22/K222076.pdf,510k_summary_pdf,71021355d674100cae2fa6f00cd027e883a08c8da6ba016ff300ec2b52e9ded0,06cfcd267928ede8b62602402aaf0194b241ad354c9b8e1d4d6e2a533515f11e,2026-06-30T14:30:13+00:00,success,LEGACY_SOURCE_MANIFEST
SRC01896,K220783,https://www.accessdata.fda.gov/scripts/cdrh/cfdocs/cfpmn/pmn.cfm?ID=K220783,fda_database_entry_html,d3c484e9dd87204b048ad78ccb7b27652031847fef2090b6dfbd48fbd9e060d4,4ecf331c136b6ddb51bb90e0bdb4c3609934981e5e6b59fe278ce1fb9a3d5682,2026-06-30T14:30:19+00:00,success,LEGACY_SOURCE_MANIFEST
SRC01897,K220783,https://www.accessdata.fda.gov/cdrh_docs/pdf22/K220783.pdf,510k_summary_pdf,880e526cc180d252cd8ce67157d53622b4fef25773c4329d28c4c10237dfa420,1a4344faa4f21444114491d20858d4308d2b7ce143721b5f77bd6ebaa575c200,2026-06-30T14:30:21+00:00,success,LEGACY_SOURCE_MANIFEST
SRC01898,K213960,https://www.accessdata.fda.gov/scripts/cdrh/cfdocs/cfpmn/pmn.cfm?ID=K213960,fda_database_entry_html,86c6637d1e3f4564bc9a58b4890fa180417000b2b8fa2ca1b720357d05338a8a,89f3a9c1d83fd189d295ac86baded2144011d5acdbf9d3acfde40ea0c7fbb858,2026-06-30T14:30:19+00:00,success,LEGACY_SOURCE_MANIFEST
SRC01899,K213960,https://www.accessdata.fda.gov/cdrh_docs/pdf21/K213960.pdf,510k_summary_pdf,2ef41593b75a4038266ce3ca108c435b1a54260f2055658cb7a68b31b3a06fcd,30d430421825c00eb71a13d95382e41892a760f85dc872812391cb5dc72f0e81,2026-06-30T14:30:22+00:00,success,LEGACY_SOURCE_MANIFEST
SRC01900,K221241,https://www.accessdata.fda.gov/scripts/cdrh/cfdocs/cfpmn/pmn.cfm?ID=K221241,fda_database_entry_html,b2fb15536850a619de6fa8cb1503513582f13f76136521f49527365980216228,b439fd93a20e66002a5e10c8abdf2b3db591d281e568740c5162dd9356dc5b03,2026-06-30T14:30:26+00:00,success,LEGACY_SOURCE_MANIFEST
SRC01901,K221241,https://www.accessdata.fda.gov/CDRH510K/K221241.pdf,510k_summary_pdf,3c778979eef78d4eb459c4cf85f4cbe6defa87aabfc562c05b044439e1174899,4d9e6d95da4a1addfd8a7a72bf08d451f170d00a9967572e60ae522013340e33,2026-06-30T14:30:29+00:00,success,LEGACY_SOURCE_MANIFEST
SRC01902,K221241,https://www.accessdata.fda.gov/cdrh_docs/pdf22/K221241.pdf,510k_summary_pdf,3c778979eef78d4eb459c4cf85f4cbe6defa87aabfc562c05b044439e1174899,4d9e6d95da4a1addfd8a7a72bf08d451f170d00a9967572e60ae522013340e33,2026-06-30T14:30:51+00:00,success,LEGACY_SOURCE_MANIFEST
SRC01903,K221100,https://www.accessdata.fda.gov/scripts/cdrh/cfdocs/cfpmn/pmn.cfm?ID=K221100,fda_database_entry_html,e007761353b518d7cc860080cb983f12e446b676713e28b739ccf85d8c9347f3,618ebe3f70e1bc8538cc7c6c60e5d89be1ea700914797219e67f36906e8f3412,2026-06-30T14:30:30+00:00,success,LEGACY_SOURCE_MANIFEST
SRC01904,K221100,https://www.accessdata.fda.gov/cdrh_docs/pdf22/K221100.pdf,510k_summary_pdf,7f2ffe3dabf859d669730438a66e12c54c7fbaf0dc745bba4f51dd4e242b76be,ad5dbfea43f9767492bac283f1008db6001ccb261996311545afadcd6b7f23a2,2026-06-30T14:30:41+00:00,success,LEGACY_SOURCE_MANIFEST
SRC01905,K222277,https://www.accessdata.fda.gov/scripts/cdrh/cfdocs/cfpmn/pmn.cfm?ID=K222277,fda_database_entry_html,5f4a0ca5cc7d3905f9b25f0ccd1af8a40334e9540d59313a411c4672fdbad98a,5f270524c83094f25f767e7b7ebe550e1bc66645476ebf606a0df22bbc38ee7f,2026-06-30T14:30:51+00:00,success,LEGACY_SOURCE_MANIFEST
SRC01906,K222277,https://www.accessdata.fda.gov/cdrh_docs/pdf22/K222277.pdf,510k_summary_pdf,19bf1cf02cf97fb8b7b14a2a14b3a305a990515547e3d106155f24a63a9ebd37,7a5ebf5f2120a889c0a34578b3b9c389b300d8cab2d0f60ab1c2b7de180a3c12,2026-06-30T14:31:04+00:00,success,LEGACY_SOURCE_MANIFEST
SRC01907,K211841,https://www.accessdata.fda.gov/scripts/cdrh/cfdocs/cfpmn/pmn.cfm?ID=K211841,fda_database_entry_html,4adff0ff16b70e2579b15cbe06b80ec3fff5cb83bbad79763a2a53a73c4f83f0,0f89a5598e01babdf0c580a3bdcde74c2f69666670a6cd04a2118eb6a9c99778,2026-06-30T14:30:51+00:00,success,LEGACY_SOURCE_MANIFEST
SRC01908,K211841,https://www.accessdata.fda.gov/cdrh_docs/pdf21/K211841.pdf,510k_summary_pdf,5c4ee34ea39f276318a049d56acac34a8b7dff424328dc465d05dae6317b4a57,fd73421c3f4f81d4cf85b06873399960b84bb499b0c89bb3973323ec9f891f39,2026-06-30T14:30:54+00:00,success,LEGACY_SOURCE_MANIFEST
SRC01909,K221962,https://www.accessdata.fda.gov/scripts/cdrh/cfdocs/cfpmn/pmn.cfm?ID=K221962,fda_database_entry_html,0806730903582f4b3a02438a5cc80115e7e5b163d13cb6d25fb70bb76c6fd602,947ed215495bd8a32ee2c6f97cc54baeb1a747b7ea58e9bc00d4bf11f40c8459,2026-06-30T14:30:55+00:00,success,LEGACY_SOURCE_MANIFEST
SRC01910,K221962,https://www.accessdata.fda.gov/cdrh_docs/pdf22/K221962.pdf,510k_summary_pdf,e1a4abde9d0cc4b5af9db24a0a3120704d3025093b1bb3a3f7e800b66a022d4a,c65ffc99663d197751225753c72889108c449d376751bbb854694b65f31ce11b,2026-06-30T14:31:08+00:00,success,LEGACY_SOURCE_MANIFEST
SRC01911,K220598,https://www.accessdata.fda.gov/scripts/cdrh/cfdocs/cfpmn/pmn.cfm?ID=K220598,fda_database_entry_html,c5921ec1663f83623dffca070366a2f25def688c8fe7dbeaf3fcc6cd4fc817ad,648a917303ce0e3148e255b5d8a15442a9e69cf4642fdd862447007b2627e9e9,2026-06-30T14:31:08+00:00,success,LEGACY_SOURCE_MANIFEST
SRC01912,K220598,https://www.accessdata.fda.gov/cdrh_docs/pdf22/K220598.pdf,510k_summary_pdf,c49eccb8d0962879e1f4ad7b71ce2cb2251053dda0a10bac65b7750424de4075,cb41804539e189781eea54530785b92210421c20598b8961e981dc5b8f3fd839,2026-06-30T14:31:17+00:00,success,LEGACY_SOURCE_MANIFEST
SRC01913,K221599,https://www.accessdata.fda.gov/scripts/cdrh/cfdocs/cfpmn/pmn.cfm?ID=K221599,fda_database_entry_html,5ea006e3b92aa78a036b944e560c4c948deee6041087fec61a845f2598820fa8,ae7ea4980f147f677427c1c982bebfb26ff4570de0fb62317f30359070743e66,2026-06-30T14:31:14+00:00,success,LEGACY_SOURCE_MANIFEST
SRC01914,K221599,https://www.accessdata.fda.gov/cdrh_docs/pdf22/K221599.pdf,510k_summary_pdf,b19915782755ebc5256df3bfde3b82fb8b0f6bf1b280662a0d767487e0df2687,d5774789473aab1ea4e2af4c70f6cec293b465b973315fe6da1a35c7065ce210,2026-06-30T14:31:15+00:00,success,LEGACY_SOURCE_MANIFEST
SRC01915,K222172,https://www.accessdata.fda.gov/scripts/cdrh/cfdocs/cfpmn/pmn.cfm?ID=K222172,fda_database_entry_html,6bf57bffd6f5efab695b83b828a92c71114d101c56b904a479b8d07c8a5a2468,c3cd727ec134506b45722737fecd7b80cf7bceda469a6eb37de569d3fdcb7ccd,2026-06-30T14:31:20+00:00,success,LEGACY_SOURCE_MANIFEST
SRC01916,K222172,https://www.accessdata.fda.gov/cdrh_docs/pdf22/K222172.pdf,510k_summary_pdf,1001c321f3a905d0156d9862b1e5c25cb39a718d79c3b9292307c0fec273d5cb,6432b6c6735c3d157dabf427786ffe8eb90ab591ad90b14de7c207c667b1f43c,2026-06-30T14:31:27+00:00,success,LEGACY_SOURCE_MANIFEST
SRC01917,K220349,https://www.accessdata.fda.gov/scripts/cdrh/cfdocs/cfpmn/pmn.cfm?ID=K220349,fda_database_entry_html,d554a96ef3244f68160aefe6880fdf6fc6dbf42ba3badce32dee50fbb03719f6,195c8f304cfdd736ba51405820c0e3ddd4732d06627fd17193d9b3ae4f6719d0,2026-06-30T14:31:20+00:00,success,LEGACY_SOURCE_MANIFEST
SRC01918,K220349,https://www.accessdata.fda.gov/cdrh_docs/pdf22/K220349.pdf,510k_summary_pdf,11a4ff61efa306ce5f00bec21a7aa22546b33a98fd8e2116ea4cad8a9b10d4ae,3db751ab3e6d122071163e30b4f7f553b8d50daab32b7d296741903f0ee1021a,2026-06-30T14:31:24+00:00,success,LEGACY_SOURCE_MANIFEST
SRC01919,K213686,https://www.accessdata.fda.gov/scripts/cdrh/cfdocs/cfpmn/pmn.cfm?ID=K213686,fda_database_entry_html,009fdd497e9c6417ffe2f529e5710fc7aba37a58873d1aff18d20bc797f71d3c,62c2a39da0b592b63e06b24e12c2dab4e50901a696077a9b9ef6f26fba13467d,2026-06-30T14:31:24+00:00,success,LEGACY_SOURCE_MANIFEST
SRC01920,K213686,https://www.accessdata.fda.gov/cdrh_docs/pdf21/K213686.pdf,510k_summary_pdf,b3ddbd004bb6fcdd34ded2ada3db3f95eae8d3cac44c747d2d56f5da09ba4ca7,bd38d9f8ba6f723a7f39c237bcd198a251f444d18054c7c0f6bb17992e44e5b0,2026-06-30T14:31:28+00:00,success,LEGACY_SOURCE_MANIFEST
SRC01921,K213713,https://www.accessdata.fda.gov/scripts/cdrh/cfdocs/cfpmn/pmn.cfm?ID=K213713,fda_database_entry_html,c2d6a22dd1386bab1f93372bc862a166a25c5c24470f9fa65099e326f1542924,47b20ca7c38315f46fa74856546949fc5129ad8a88a9e8aa74b22d52c461fd70,2026-06-30T14:31:29+00:00,success,LEGACY_SOURCE_MANIFEST
SRC01922,K213713,https://www.accessdata.fda.gov/cdrh_docs/pdf21/K213713.pdf,510k_summary_pdf,56343437462eb9bacf5e6396fd1d35139e30d59ace70531dd677129ac7d3608b,8dbc9964692ddca84d3b5423eab9f567b93a72945631f6856c5da146368056ca,2026-06-30T14:31:33+00:00,success,LEGACY_SOURCE_MANIFEST
SRC01923,K213645,https://www.accessdata.fda.gov/scripts/cdrh/cfdocs/cfpmn/pmn.cfm?ID=K213645,fda_database_entry_html,8cd608585f5a2f576ef641314a23ea970fb01ac21788380089b6e85e92d848fc,117220a7e4f0b82c32e90fbe633cad82d6c31091d889acd4cc91dc4e0e825259,2026-06-30T14:31:35+00:00,success,LEGACY_SOURCE_MANIFEST
SRC01924,K213645,https://www.accessdata.fda.gov/cdrh_docs/pdf21/K213645.pdf,510k_summary_pdf,efb10f819974a721ca8e760d4a8cce0f25529d08190ba5f24f32555e56c500d8,0176f108b32129321ff73e08d370c85c92e05829346909e788d65ccfbc55798b,2026-06-30T14:31:41+00:00,success,LEGACY_SOURCE_MANIFEST
SRC01925,K221432,https://www.accessdata.fda.gov/scripts/cdrh/cfdocs/cfpmn/pmn.cfm?ID=K221432,fda_database_entry_html,2c6a0982575afba418c9a3ded29662b8a2f62fba4cb60fe982f3e7fd0c248b8b,ca8fb81b19a3c4614b1b8f57d3e5568be7a3440a6a3b907482f4ebec0e90e22c,2026-06-30T14:31:35+00:00,success,LEGACY_SOURCE_MANIFEST
SRC01926,K221432,https://www.accessdata.fda.gov/cdrh_docs/pdf22/K221432.pdf,510k_summary_pdf,ed93fa9956e47bd580fdaee9daa2af57fa5d916530e83985ba2fa61a00bb9341,f0e98fb880ee5da1041c5b9a1268d470b0a9906bde73c73e846b5e9052cf05af,2026-06-30T14:31:38+00:00,success,LEGACY_SOURCE_MANIFEST
SRC01927,K221347,https://www.accessdata.fda.gov/scripts/cdrh/cfdocs/cfpmn/pmn.cfm?ID=K221347,fda_database_entry_html,10858329bdd56c83477ebf66fb0697173cb99502c4b30ebf25a265c7d82c7914,24ca1a8e03ec656e7c0ffb1159b602150b9b78590f4c615c04dcf18192246bb2,2026-06-30T14:31:36+00:00,success,LEGACY_SOURCE_MANIFEST
SRC01928,K221347,https://www.accessdata.fda.gov/cdrh_docs/pdf22/K221347.pdf,510k_summary_pdf,de7a75f1ee55319c6a31d9022b182e87d44f378805373931b91d0ca75fa1dfd5,48d5c7233a39ece35357911c7213843f2cbd1be77f2ab12b5de5a661453a42b1,2026-06-30T14:31:37+00:00,success,LEGACY_SOURCE_MANIFEST
SRC01929,K213760,https://www.accessdata.fda.gov/scripts/cdrh/cfdocs/cfpmn/pmn.cfm?ID=K213760,fda_database_entry_html,8ed219aae9316232f1d5e46659002f6474efb275d3521245f6898c8ccb4ef45d,39640fe4e921c94106276b3a29e9538db8a43ceec5fbe66c90e68643994529c3,2026-06-30T14:31:41+00:00,success,LEGACY_SOURCE_MANIFEST
SRC01930,K213760,https://www.accessdata.fda.gov/cdrh_docs/pdf21/K213760.pdf,510k_summary_pdf,6178f6e6250cdb2d52f8833aadcb72a970525ffd0772969173c5b15c7c737ad8,ddf4c234f224f94346a45efea1a04c4d1692e7e84115eb3ce296354becece100,2026-06-30T14:31:44+00:00,success,LEGACY_SOURCE_MANIFEST
SRC01931,K220961,https://www.accessdata.fda.gov/scripts/cdrh/cfdocs/cfpmn/pmn.cfm?ID=K220961,fda_database_entry_html,cdbd510e2e975281785ccc40688c0c36f11e08089078d1cb2d4d98a5456cdbdc,e997769efdb1deef5442b426835a8d285898b84a5d8013be377de5ec830f6d48,2026-06-30T14:31:43+00:00,success,LEGACY_SOURCE_MANIFEST
SRC01932,K220961,https://www.accessdata.fda.gov/cdrh_docs/pdf22/K220961.pdf,510k_summary_pdf,2b89a557d89f8c74391e678aae3626848ecfc895befb54e7af9b31591c0e4e67,8cac68f0c5fd744e89088968c8fbdca754f0c8f382ffcce1de42da2fb4e00da0,2026-06-30T14:31:55+00:00,success,LEGACY_SOURCE_MANIFEST
SRC01933,K221923,https://www.accessdata.fda.gov/scripts/cdrh/cfdocs/cfpmn/pmn.cfm?ID=K221923,fda_database_entry_html,5ca2e2a2ee9ca81ce31383047edd76391c1d4f13a9df915ad2b0e3009a7ce396,a6f21cfbd420b20b136be98b1aea1d84a21fb3155ba1d45a7a9d9fce7b0aff57,2026-06-30T14:31:44+00:00,success,LEGACY_SOURCE_MANIFEST
SRC01934,K221923,https://www.accessdata.fda.gov/cdrh_docs/pdf22/K221923.pdf,510k_summary_pdf,bfb33850facd82e9d6b44b06b44dbed7f6c12a0459e2bf14efc71969cc38363f,948dafd11cb145be2d61035bb584d7d20fe9ed6b78e21c56fca5b771f420d377,2026-06-30T14:31:54+00:00,success,LEGACY_SOURCE_MANIFEST
SRC01935,K213998,https://www.accessdata.fda.gov/scripts/cdrh/cfdocs/cfpmn/pmn.cfm?ID=K213998,fda_database_entry_html,2cb98d607f5bcdd17f7d4c852a4f070a2b1bc3657815f1883002af72f4da12f6,9f4619d51e8fe3dca4a28a561927e79ce768842957245b2ac52589b984020b23,2026-06-30T14:31:49+00:00,success,LEGACY_SOURCE_MANIFEST
SRC01936,K213998,https://www.accessdata.fda.gov/cdrh_docs/pdf21/K213998.pdf,510k_summary_pdf,1807a70f4447fded3c8e74cb03ee150bcebc7632cd4dd2aaf45fa96d9d0aeafa,7900a6792939f7c872db27f2796e6fb211c8fef431f7f6ae5a2ae9c9d8dc9157,2026-06-30T14:31:52+00:00,success,LEGACY_SOURCE_MANIFEST
SRC01937,K210822,https://www.accessdata.fda.gov/scripts/cdrh/cfdocs/cfpmn/pmn.cfm?ID=K210822,fda_database_entry_html,a39c51faea0b9559a780191e9906ab42d95fb10d2007294fed4ad63bad250009,4d6bd717cb9fe52661468947c7012bcb7919a5de50288b3aad8a4acb5c560231,2026-06-30T14:32:00+00:00,success,LEGACY_SOURCE_MANIFEST
SRC01938,K210822,https://www.accessdata.fda.gov/cdrh_docs/pdf21/K210822.pdf,510k_summary_pdf,1866d6fe89301e63c8cb24ff5f4353af264fc8a90ed28b3d6abab7318da9881d,bab31c344f47fa31b3e7d79b5c32ad189055440c90d283be9c61be92c69a97ed,2026-06-30T14:32:05+00:00,success,LEGACY_SOURCE_MANIFEST
SRC01939,K220439,https://www.accessdata.fda.gov/scripts/cdrh/cfdocs/cfpmn/pmn.cfm?ID=K220439,fda_database_entry_html,ae590d995a94a8c5b74054b2854a67a046116fd1a7ab462c70536c1eab38e361,649606a0094ade721482cd7b590fe67f1ebd552b7c6aa27ed77b99fea15c861d,2026-06-30T14:32:01+00:00,success,LEGACY_SOURCE_MANIFEST
SRC01940,K220439,https://www.accessdata.fda.gov/cdrh_docs/pdf22/K220439.pdf,510k_summary_pdf,a888864e17b8a19a8eed7698dd47a13c5dfa509d4c4318b7548230e50e3af771,f2e0d6255d7f62658be344dae960d92a1c224e216dcc05bbee667c32cf637d44,2026-06-30T14:32:05+00:00,success,LEGACY_SOURCE_MANIFEST
SRC01941,K220940,https://www.accessdata.fda.gov/scripts/cdrh/cfdocs/cfpmn/pmn.cfm?ID=K220940,fda_database_entry_html,973dd7596be31ab8bdabd17556430e2ab98e81b925a41ad848f6c3510f6b13b2,8e584dbd5a4f4fb3670d1eace0899da04f50b61d1958c5071a8cab714163021f,2026-06-30T14:32:03+00:00,success,LEGACY_SOURCE_MANIFEST
SRC01942,K220940,https://www.accessdata.fda.gov/cdrh_docs/pdf22/K220940.pdf,510k_summary_pdf,2058121f2bb29dad7f372a6556d14dccb21515d427c1bbe1ad65bb30390446fa,fea6dc37ba2e77ceff39178342b2bd1b0cd1e52fb1649e7f5c4027afd00415b8,2026-06-30T14:32:06+00:00,success,LEGACY_SOURCE_MANIFEST
SRC01943,K220624,https://www.accessdata.fda.gov/scripts/cdrh/cfdocs/cfpmn/pmn.cfm?ID=K220624,fda_database_entry_html,1383d7f5ebc943196fe8cff56055d3cf9957f1352adc0fb1be086444a84db7e5,5076538648dc7a545012d43ca1162d4638d2fc8ad8c87af74bc3bf028da1fa56,2026-06-30T14:32:03+00:00,success,LEGACY_SOURCE_MANIFEST
SRC01944,K220624,https://www.accessdata.fda.gov/cdrh_docs/pdf22/K220624.pdf,510k_summary_pdf,0e60bdfd2c2935c972f24af3c229890af6499c2be6aa39b9b4b3d4f21d2d7a38,cd41faf129f06533e002e538004370bfc1c625b7b8868af5b2f19bf39a8f7589,2026-06-30T14:32:04+00:00,success,LEGACY_SOURCE_MANIFEST
SRC01945,K220882,https://www.accessdata.fda.gov/scripts/cdrh/cfdocs/cfpmn/pmn.cfm?ID=K220882,fda_database_entry_html,fa48fe85964df8a029cb452d164970a1a01cb7dafedb214481fe051747f985b1,d1b54496c96ac64e349d78fbb3425a60027a992c4dc672fb3a8188d76e05d34a,2026-06-30T14:32:11+00:00,success,LEGACY_SOURCE_MANIFEST
SRC01946,K220882,https://www.accessdata.fda.gov/cdrh_docs/pdf22/K220882.pdf,510k_summary_pdf,423cb23e690805c7b3629627f5b8224dcfc26af5636c8325a91c824a47053962,66a1f8541fb39c41203c623ac778a4a955f89110930e828bebf26033dd61bc52,2026-06-30T14:32:14+00:00,success,LEGACY_SOURCE_MANIFEST
SRC01947,K220956,https://www.accessdata.fda.gov/scripts/cdrh/cfdocs/cfpmn/pmn.cfm?ID=K220956,fda_database_entry_html,884362e1383702df40f27e7c72caf52b760b04fad7f7beb2a63c2b0b00f02ce0,72cbc41c04ad160d5f0387fd00c243b27991c9112f02a713e60b5727a71052db,2026-06-30T14:32:18+00:00,success,LEGACY_SOURCE_MANIFEST
SRC01948,K220956,https://www.accessdata.fda.gov/cdrh_docs/pdf22/K220956.pdf,510k_summary_pdf,bfde798713b881c87a6fec0d167b0c33c471807ea5aecdbabd3d009e4c967ffb,8a6c9837edace5b2a40fc6f4bef60c1612f35b74796934ff44d576455167e4c9,2026-06-30T14:32:21+00:00,success,LEGACY_SOURCE_MANIFEST
SRC01949,K220815,https://www.accessdata.fda.gov/scripts/cdrh/cfdocs/cfpmn/pmn.cfm?ID=K220815,fda_database_entry_html,cbad18de3bcc15659df5f2ebedf4bd3684434c5b939411690fc8ea26fcce912b,56de9f0b9495ada69191fe7361ef7ea5d918d41d5a7293d4a6603c0d82d31ab0,2026-06-30T14:32:37+00:00,success,LEGACY_SOURCE_MANIFEST
SRC01950,K220815,https://www.accessdata.fda.gov/cdrh_docs/pdf22/K220815.pdf,510k_summary_pdf,7e69f25b17e55c5cea7c48a2df5faabe3c0bd184c831a611e7e06e1de5bebe76,ec6aca755b46cac239fe40dda77ce6d93784b7e0a3b2763a2595558d77c3525a,2026-06-30T14:32:39+00:00,success,LEGACY_SOURCE_MANIFEST
SRC01951,K213409,https://www.accessdata.fda.gov/scripts/cdrh/cfdocs/cfpmn/pmn.cfm?ID=K213409,fda_database_entry_html,4ee1fa9e4834571a903bb7db80b2d59a601f79a777c50d9555327afdbe8325fa,5ee8d904494eb5850bc1016d4a28cf4e9ee6915e87e00f66d13c55c639597071,2026-06-30T14:32:42+00:00,success,LEGACY_SOURCE_MANIFEST
SRC01952,K213409,https://www.accessdata.fda.gov/cdrh_docs/pdf21/K213409.pdf,510k_summary_pdf,38a41d0eeb08726bc03ae7d96f658f851402baafc37527413bc7a4c350d9eef4,216b45a361b45ac45fb82e4cdbd9e9cdae7775c2ed309225a9fa23b01e1b01ab,2026-06-30T14:32:44+00:00,success,LEGACY_SOURCE_MANIFEST
SRC01953,K213357,https://www.accessdata.fda.gov/scripts/cdrh/cfdocs/cfpmn/pmn.cfm?ID=K213357,fda_database_entry_html,7e0713652984e5065114abd8cc560de72f272c39f8b6160d38147ad013656700,6c2234ed0cf6f946e6ec5c5876ff7944701eaae6dc353284174c639ff8eead47,2026-06-30T14:32:47+00:00,success,LEGACY_SOURCE_MANIFEST
SRC01954,K213357,https://www.accessdata.fda.gov/cdrh_docs/pdf21/K213357.pdf,510k_summary_pdf,00e5e9351930313f1116a2bdde34253cbaf69b2a03ed583560e67c5746e06c3c,ad02aa948f1f3feabd41ffdf77d76ca2571900b1c838ebce3ec18b1a21b21dd0,2026-06-30T14:32:54+00:00,success,LEGACY_SOURCE_MANIFEST
SRC01955,K221148,https://www.accessdata.fda.gov/scripts/cdrh/cfdocs/cfpmn/pmn.cfm?ID=K221148,fda_database_entry_html,ad72912ca1d74d5444d68c5b0a94617c4a1c8b4d0e03405909ee699784bf8387,2986af9b55a0dcf77524f041c5ca7c10443a2bb47bb0f76efc8d5d19988ec197,2026-06-30T14:32:57+00:00,success,LEGACY_SOURCE_MANIFEST
SRC01956,K221148,https://www.accessdata.fda.gov/cdrh_docs/pdf22/K221148.pdf,510k_summary_pdf,f810ce9a19a0da0b70d671ded3717f54ce66a34467d6c76eaea1a639d89cdc62,f11b1ce27668c9d445582a609c90959eecb0fe365beb5376ceaa34973541bfa1,2026-06-30T14:33:01+00:00,success,LEGACY_SOURCE_MANIFEST
SRC01957,K221147,https://www.accessdata.fda.gov/scripts/cdrh/cfdocs/cfpmn/pmn.cfm?ID=K221147,fda_database_entry_html,9fcbcd86cca086092dfdb55effe8180d8ff43ea30bbdd6e5c4aaa3fddaec0c3d,1e3817f9301ffc4cd6b18c48d29a9f0c7a7f1cb58be58939cc193831185ff05d,2026-06-30T14:33:10+00:00,success,LEGACY_SOURCE_MANIFEST
SRC01958,K221147,https://www.accessdata.fda.gov/cdrh_docs/pdf22/K221147.pdf,510k_summary_pdf,74eccf59199b458f5f9e7fc15903c3619e51b2671fe478877f86c0c951b83440,8a81aac7b0db9612c39b965f68960ac1054414a36363b219cd58d64de28900cf,2026-06-30T14:33:11+00:00,success,LEGACY_SOURCE_MANIFEST
SRC01959,K220619,https://www.accessdata.fda.gov/scripts/cdrh/cfdocs/cfpmn/pmn.cfm?ID=K220619,fda_database_entry_html,406241d8f427943ce23b79fda74bdfe51146d3cd89f7c9ac91da84923e52fc94,9029c17d0a0e5a08d207bbcb537893f04e3dca6f0aa113b0150f665f7e5e7a51,2026-06-30T14:33:16+00:00,success,LEGACY_SOURCE_MANIFEST
SRC01960,K220619,https://www.accessdata.fda.gov/cdrh_docs/pdf22/K220619.pdf,510k_summary_pdf,df34a600542b3c6a0244949ba3f69014c21a1b26c8187f20c9d600ddece3c1ea,afbafc148dcd20b4c37dddc5ecd8a2eede77e2a67298f3147903f27047133ffd,2026-06-30T14:33:19+00:00,success,LEGACY_SOURCE_MANIFEST
SRC01961,K221203,https://www.accessdata.fda.gov/scripts/cdrh/cfdocs/cfpmn/pmn.cfm?ID=K221203,fda_database_entry_html,2a44d2e5bfbd31c60a67ec70ff91c30b8bfb836c9b26193608aee7fdb5d8c003,5df66b8f49e65a4b1ade2e7eff279309a8bd3347e0d793d50b9b09f7e9e69023,2026-06-30T14:33:16+00:00,success,LEGACY_SOURCE_MANIFEST
SRC01962,K221203,https://www.accessdata.fda.gov/cdrh_docs/pdf22/K221203.pdf,510k_summary_pdf,3777f2fc1764f4e455f5f8c643ed7f3b941c02d6d0a1f0d825fdc572204d3519,91d6c9224a3603031493c426332b4f65d4da40343b7ca7abc245065352b8d9dc,2026-06-30T14:33:17+00:00,success,LEGACY_SOURCE_MANIFEST
SRC01963,K221727,https://www.accessdata.fda.gov/scripts/cdrh/cfdocs/cfpmn/pmn.cfm?ID=K221727,fda_database_entry_html,2d9945af179c6e0c5826aaa4012d81bd0235f587cb603d0ff392ceaff93135bb,ee257b399b0345f0cec9b8e3a7f37ea68816a08de0258c1e8d0af80cbf537c8c,2026-06-30T14:33:21+00:00,success,LEGACY_SOURCE_MANIFEST
SRC01964,K221727,https://www.accessdata.fda.gov/cdrh_docs/pdf22/K221727.pdf,510k_summary_pdf,47193399451dc8c054fa13e3cc9810527753a0330f721e1fd94fd08e90d8d800,494d390363b4b4f51832b4ff3249296da874d235276d64aadc9a68289a0b9353,2026-06-30T14:33:22+00:00,success,LEGACY_SOURCE_MANIFEST
SRC01965,K212783,https://www.accessdata.fda.gov/scripts/cdrh/cfdocs/cfpmn/pmn.cfm?ID=K212783,fda_database_entry_html,5fef30f527048f84f3e046f2cd9b402a3db105fff54ce792d857050fbb6cd0ed,69625e51651472e5383268dff8ba1caa592307125641ebf0bdc8e50c68a0f347,2026-06-30T14:33:21+00:00,success,LEGACY_SOURCE_MANIFEST
SRC01966,K212783,https://www.accessdata.fda.gov/cdrh_docs/pdf21/K212783.pdf,510k_summary_pdf,4346a43c077bf86f41f834dfc9dd6509e113120a295c6abd26f8a7ee7d53d56a,b73f348feb204f8f993b5810ae357e4a947d06b50fd8187a00f8d298161452f7,2026-06-30T14:33:35+00:00,success,LEGACY_SOURCE_MANIFEST
SRC01967,K210069,https://www.accessdata.fda.gov/scripts/cdrh/cfdocs/cfpmn/pmn.cfm?ID=K210069,fda_database_entry_html,995275a82f7546ec91852b79ed8e816d1a5150c3e324543ba29c806ca271406e,6e0ddd8f4755c5ad9d05c6e2ad75faa413e897eed81f4b165b37601ccdf2957d,2026-06-30T14:33:25+00:00,success,LEGACY_SOURCE_MANIFEST
SRC01968,K210069,https://www.accessdata.fda.gov/cdrh_docs/pdf21/K210069.pdf,510k_summary_pdf,83bb595c6bdbb2b0a0783cad7677fbec4734c1561c2f268ab61a902e0fe99850,d8b0ca24e2fc0accb2abbefe9d5ecb0856f287a16d19180cc6b63532e07fab26,2026-06-30T14:33:30+00:00,success,LEGACY_SOURCE_MANIFEST
SRC01969,K210069,http://www.accessdata.fda.gov/cdrh_docs/reviews/K210069.pdf,510k_summary_pdf,83bb595c6bdbb2b0a0783cad7677fbec4734c1561c2f268ab61a902e0fe99850,d8b0ca24e2fc0accb2abbefe9d5ecb0856f287a16d19180cc6b63532e07fab26,2026-06-30T14:33:40+00:00,success,LEGACY_SOURCE_MANIFEST
SRC01970,K220975,https://www.accessdata.fda.gov/scripts/cdrh/cfdocs/cfpmn/pmn.cfm?ID=K220975,fda_database_entry_html,be648800c8ce6aa6b9b41ebb623201d34e3ac0b8685cc992fa4b1074fc8aafe4,ab0f9fd2f3b4eb356410d50159288e2aa078deb6abe924a0ca7efc13d7e5c9f0,2026-06-30T14:33:37+00:00,success,LEGACY_SOURCE_MANIFEST
SRC01971,K220975,https://www.accessdata.fda.gov/cdrh_docs/pdf22/K220975.pdf,510k_summary_pdf,9780528c2742b6e5905475cf7c28788b7a6112556776c8ba88ee1d8b263e80db,52650e841f9a7351df39d440307780d0c6f31517a0a0d4c65e3ec3d798341d84,2026-06-30T14:33:45+00:00,success,LEGACY_SOURCE_MANIFEST
SRC01972,K213794,https://www.accessdata.fda.gov/scripts/cdrh/cfdocs/cfpmn/pmn.cfm?ID=K213794,fda_database_entry_html,d95f970cd327d9037e1b41e90b42591c99fa5d9eedf9a41d05c316e0a0bbce81,25ae8ecd27fcca325d59fc569f2afb68d23e730556edad8cd396ea3ef5ae6d42,2026-06-30T14:33:38+00:00,success,LEGACY_SOURCE_MANIFEST
SRC01973,K213794,https://www.accessdata.fda.gov/cdrh_docs/pdf21/K213794.pdf,510k_summary_pdf,be030832dbd967b65beccfeb399b4e344d4fb80c96b408faf118cc2de2b35623,76f4cad849893c295f18778e2d83080466c6fbed4e1fc712247a6e193222a24c,2026-06-30T14:33:47+00:00,success,LEGACY_SOURCE_MANIFEST
SRC01974,K220851,https://www.accessdata.fda.gov/scripts/cdrh/cfdocs/cfpmn/pmn.cfm?ID=K220851,fda_database_entry_html,9f9b6f7dfb696778609030a8e8d3be6ed2b1221dc1a4d17285c418bdb9d33d45,0147ad6c5060d9047fa8c3dd354177dfa36bcd1f3c3838b3d0474a0365c141d4,2026-06-30T14:33:40+00:00,success,LEGACY_SOURCE_MANIFEST
SRC01975,K220851,https://www.accessdata.fda.gov/cdrh_docs/pdf22/K220851.pdf,510k_summary_pdf,3c6e1d15d150ba71e4ec90885d04ec59e843b7c81e6c229131925062b3070b39,47bec62ef2e7c286a29471fc0f6cdf111bc5370c0e6d635b81019353837b8c03,2026-06-30T14:33:43+00:00,success,LEGACY_SOURCE_MANIFEST
SRC01976,K220848,https://www.accessdata.fda.gov/scripts/cdrh/cfdocs/cfpmn/pmn.cfm?ID=K220848,fda_database_entry_html,0fdfe78bd05a949910e38a723eb0ff144b20c584d33181e6a0b4834829dec0c3,45f1237b52994e2b8ad3666252e585e9f20fd4be6e82c6e002b71e26fea8a7d2,2026-06-30T14:33:43+00:00,success,LEGACY_SOURCE_MANIFEST
SRC01977,K220848,https://www.accessdata.fda.gov/cdrh_docs/pdf22/K220848.pdf,510k_summary_pdf,0570678bc413878a33f4b1cd63ad75bee787864f56e8fa899f11274553cb8522,453d0a9d04354c30fdb35c71db666dc9b5570c95bb4f6024fa9d05a052d8ce5f,2026-06-30T14:33:52+00:00,success,LEGACY_SOURCE_MANIFEST
SRC01978,K220575,https://www.accessdata.fda.gov/scripts/cdrh/cfdocs/cfpmn/pmn.cfm?ID=K220575,fda_database_entry_html,8f04fe03c7064333f182ef40a829331099e747a45bb643a4f1f116f0a2679df9,322ca6ff04655da338392a9403522c457a0f2c4577ff17c551d7cf111ff91053,2026-06-30T14:33:48+00:00,success,LEGACY_SOURCE_MANIFEST
SRC01979,K220575,https://www.accessdata.fda.gov/cdrh_docs/pdf22/K220575.pdf,510k_summary_pdf,4592f3f87d91fb62a32409bf2de2defd412c826d7086a3d075195332a3b3dadb,77d57db4dce4b959f6c4972ba8ddc2c497940ef7158713b357588f9416bc6fd9,2026-06-30T14:33:53+00:00,success,LEGACY_SOURCE_MANIFEST
SRC01980,K220497,https://www.accessdata.fda.gov/scripts/cdrh/cfdocs/cfpmn/pmn.cfm?ID=K220497,fda_database_entry_html,00f3a9e90b7219a49814e6764fbb266bd8012753aff79a354a2f8fca8940d75a,1e6939db5bc5a902e527afd021bb83bb74ddcffbeba0957d5fb5ebd80a183259,2026-06-30T14:33:59+00:00,success,LEGACY_SOURCE_MANIFEST
SRC01981,K220497,https://www.accessdata.fda.gov/cdrh_docs/pdf22/K220497.pdf,510k_summary_pdf,73ea9da19729f903546c6849b4a8d00dde10617a35aabd1b59b514c6b9090b05,3598a5a7b353661a37c9b382777ed04cd9d58759ca16cade0fa3565ee7159e93,2026-06-30T14:34:05+00:00,success,LEGACY_SOURCE_MANIFEST
SRC01982,K220800,https://www.accessdata.fda.gov/scripts/cdrh/cfdocs/cfpmn/pmn.cfm?ID=K220800,fda_database_entry_html,1a0144d53eb75b439733cb3d741119acf259ae36e99eb9369802e8ac191b02bf,0473e099447f634537e2705a9832e4353841be0c489b82dd0b0315e80c874a91,2026-06-30T14:33:59+00:00,success,LEGACY_SOURCE_MANIFEST
SRC01983,K220800,https://www.accessdata.fda.gov/cdrh_docs/pdf22/K220800.pdf,510k_summary_pdf,bc38ddcabeddc094608005853e8554ae9e562d2bdd61c242a4e94e5f0768a3f3,063444d1f1dbcf5b7aca0e093626f9360a2abfe736a150de0583322580887d4a,2026-06-30T14:34:02+00:00,success,LEGACY_SOURCE_MANIFEST
SRC01984,K213037,https://www.accessdata.fda.gov/scripts/cdrh/cfdocs/cfpmn/pmn.cfm?ID=K213037,fda_database_entry_html,848f54d30dbc1405dc3ee96dc6e02e4d5ee661aad4c9823b9740563232aca5b8,313e305902f8e6675c3aeda87ead185e2f404c890757692f35781cfa20dd8f3d,2026-06-30T14:34:00+00:00,success,LEGACY_SOURCE_MANIFEST
SRC01985,K213037,https://www.accessdata.fda.gov/cdrh_docs/pdf21/K213037.pdf,510k_summary_pdf,620f074d28bb36b346fcd82dc231c0a263b24ed0376087be29c5354ea00bfcc7,7e2727d601a4452ddd377bdaf43f5cf77a89fa227a817df72208aade48ee1515,2026-06-30T14:34:33+00:00,success,LEGACY_SOURCE_MANIFEST
SRC01986,K220813,https://www.accessdata.fda.gov/scripts/cdrh/cfdocs/cfpmn/pmn.cfm?ID=K220813,fda_database_entry_html,8ad70ebcf97a98fca9e00c4624e0208856dd89b1c271b915e78cb09b5d661ed3,03a7b408dff2ecc2173119e36d9e433f1e54d4851259d11e86f8f04d288f8728,2026-06-30T14:34:01+00:00,success,LEGACY_SOURCE_MANIFEST
SRC01987,K220813,https://www.accessdata.fda.gov/cdrh_docs/pdf22/K220813.pdf,510k_summary_pdf,3a0d027e795ee77a9fd6b61b7ef03fc5aced149f561d1ece3f8eae8e8f31c676,bcfa59669d22567643a0dba6ad023cb34cba6a0c95749e9a25bb30238e7f379f,2026-06-30T14:34:06+00:00,success,LEGACY_SOURCE_MANIFEST
SRC01988,K221463,https://www.accessdata.fda.gov/scripts/cdrh/cfdocs/cfpmn/pmn.cfm?ID=K221463,fda_database_entry_html,80e3f90bdbd0626ef6d6ebf9e70222a179a424e7fcb87a53efd0b61aad54a1c9,cdf43514464de0cecf2b68e4db8c6e497d1ba67395c67d02195befcbf12b6533,2026-06-30T14:34:17+00:00,success,LEGACY_SOURCE_MANIFEST
SRC01989,K221463,https://www.accessdata.fda.gov/cdrh_docs/pdf22/K221463.pdf,510k_summary_pdf,623ffdd9d79d75c4bac584a243ab9e75961f76ceb83037b948409dc8d1165278,d8c6efeec33694cbd9a157d7891d24f18678d0b9e9863522fcbf490e4b4a0164,2026-06-30T14:34:23+00:00,success,LEGACY_SOURCE_MANIFEST
SRC01990,K213504,https://www.accessdata.fda.gov/scripts/cdrh/cfdocs/cfpmn/pmn.cfm?ID=K213504,fda_database_entry_html,dbf00d6bc75a7f0b4200a363d94a63421cbcd089be4df80e95c17773b2832b5c,cbc8603956ffe92dc1398e7ea67513e308da84eca7d855f0362d4b89bef2658b,2026-06-30T14:34:21+00:00,success,LEGACY_SOURCE_MANIFEST
SRC01991,K213504,https://www.accessdata.fda.gov/cdrh_docs/pdf21/K213504.pdf,510k_summary_pdf,01b5642f6c37794fce0be863410d7d82e0237a85a2e0762ec395777452005522,9f2978dbd1723048af26cb54c6e91ff5547683d23cffc808fdbc3380b44796ff,2026-06-30T14:34:25+00:00,success,LEGACY_SOURCE_MANIFEST
SRC01992,K221393,https://www.accessdata.fda.gov/scripts/cdrh/cfdocs/cfpmn/pmn.cfm?ID=K221393,fda_database_entry_html,fed3d3a2e6bd8b463cb49d3c7373b58258695087bbed5e319045829eebce5263,a979b21f908a9acb97f4b39e2a021f78e3b90a772d1833b4c3c1d5e0cd37a0a1,2026-06-30T14:34:25+00:00,success,LEGACY_SOURCE_MANIFEST
SRC01993,K221393,https://www.accessdata.fda.gov/cdrh_docs/pdf22/K221393.pdf,510k_summary_pdf,5eb3a28b48b3d96ac3b4a4e147f9616691e8fb9cd09f5b7b0a31eb5eb367d8c2,7428ae66da38e2d32a82a12cbbe1eb1dca0f1170bfa60e036a6464074a177e38,2026-06-30T14:34:27+00:00,success,LEGACY_SOURCE_MANIFEST
SRC01994,K213882,https://www.accessdata.fda.gov/scripts/cdrh/cfdocs/cfpmn/pmn.cfm?ID=K213882,fda_database_entry_html,6405734bfccd0f6692a5a91b16f6c50c2bacfa53f300054cf8e3cfea3417b6bb,e7154c008dc4e2c2ac6870841d31f81105b3bbfe7e81639a49e906e43acb2af2,2026-06-30T14:34:27+00:00,success,LEGACY_SOURCE_MANIFEST
SRC01995,K213882,https://www.accessdata.fda.gov/cdrh_docs/pdf21/K213882.pdf,510k_summary_pdf,8aa4488d58892c270eb664881f3781d5dddb7ed0dac7781a9350374f0f878b6c,8e1c76afed25877095426bdc2506c34ac68a201c80700cc2a63f0e51f4c271f5,2026-06-30T14:34:34+00:00,success,LEGACY_SOURCE_MANIFEST
SRC01996,K213717,https://www.accessdata.fda.gov/scripts/cdrh/cfdocs/cfpmn/pmn.cfm?ID=K213717,fda_database_entry_html,4f24b79e4d294bdc2f3180f2a300badb0dd13be7fe0f9a02db8d8f6d2575d1fc,52fbe818114b0c6259cd69269e0cc01b7b2041bf2fad5a93ff82fe36d4dd1a14,2026-06-30T14:34:34+00:00,success,LEGACY_SOURCE_MANIFEST
SRC01997,K213717,https://www.accessdata.fda.gov/cdrh_docs/pdf21/K213717.pdf,510k_summary_pdf,e3ba7c6f7da4ebac7f818ecffd4e610da96ade9b5680ed7410eb2a11e4c777f0,89164161c6208eed18235f31512d8513231a7c78f2e52fd06d7087943bddba71,2026-06-30T14:34:46+00:00,success,LEGACY_SOURCE_MANIFEST
SRC01998,K220358,https://www.accessdata.fda.gov/scripts/cdrh/cfdocs/cfpmn/pmn.cfm?ID=K220358,fda_database_entry_html,f36989cf9e4e12c50669861b088a7a3ecd013837b31a5777ae148ca7876db719,dc9719412bb2ae06233dcf6abc58354aeb671d6b8f7e40328a4688e8976c99af,2026-06-30T14:34:43+00:00,success,LEGACY_SOURCE_MANIFEST
SRC01999,K220358,https://www.accessdata.fda.gov/cdrh_docs/pdf22/K220358.pdf,510k_summary_pdf,ee8188c19d8767bcaa2c44a9ddc67d31eea861e75d9cefb7c841a0b9ac2370e7,4844e0fda155c264b17ba2882065fad85e230216095a2a0f64d71a1912aa0301,2026-06-30T14:34:44+00:00,success,LEGACY_SOURCE_MANIFEST
SRC02000,K221314,https://www.accessdata.fda.gov/scripts/cdrh/cfdocs/cfpmn/pmn.cfm?ID=K221314,fda_database_entry_html,758ce2b5d03bfc2f968ba68dd4ab0d6ca44e4d5a2749ec21ca867ea423faa853,a5eedd34d144f2c96ee83234b4caa5f7a54b2c3e10c327e87aa49e40a06cf603,2026-06-30T14:34:48+00:00,success,LEGACY_SOURCE_MANIFEST
SRC02001,K221314,https://www.accessdata.fda.gov/cdrh_docs/pdf22/K221314.pdf,510k_summary_pdf,373470a78a8af20412e922891388a1da74e8a6430959babb43d0bb0bf218b2f3,f440cb012f4287e3dff7c4f86fde31f31eaccda08644783566de487b93957e17,2026-06-30T14:34:54+00:00,success,LEGACY_SOURCE_MANIFEST
SRC02002,K213971,https://www.accessdata.fda.gov/scripts/cdrh/cfdocs/cfpmn/pmn.cfm?ID=K213971,fda_database_entry_html,e03dbc69ceae53e8f83584cb5cb2f44e16d40df572f3f966dfc27f4bf68e04cd,cc48de8c0e36edd97f147c98d6b5da8a0d0273930a4aeebdf6774e5f365726d1,2026-06-30T14:34:49+00:00,success,LEGACY_SOURCE_MANIFEST
SRC02003,K213971,https://www.accessdata.fda.gov/cdrh_docs/pdf21/K213971.pdf,510k_summary_pdf,0fb6df429bd3826682f30bfc2e89a59c2216c2c10d3c40a7958462ea4aa1669b,64ec8f4ef048b9d8c53b4b1d31d76f6cd761d13566df167a2bc59201f28eb3bd,2026-06-30T14:34:52+00:00,success,LEGACY_SOURCE_MANIFEST
SRC02004,K220164,https://www.accessdata.fda.gov/scripts/cdrh/cfdocs/cfpmn/pmn.cfm?ID=K220164,fda_database_entry_html,357c2e6186b931f4a4273fe8c227818f104e3620aa8b952938914a3b85279b72,8c5290751cfb411a1a8b64a2b92e815f7dd8137f16498b2a07279d510d533f78,2026-06-30T14:34:50+00:00,success,LEGACY_SOURCE_MANIFEST
SRC02005,K220164,https://www.accessdata.fda.gov/cdrh_docs/pdf22/K220164.pdf,510k_summary_pdf,1cae67badf49c2dfd8f507a1fd172824e5442aec1a3e580d5c201bfc91d49c46,199ab2de9185f6aaab01a80d6a00f66f4999f524dfe33b789c501645ef93afc6,2026-06-30T14:34:52+00:00,success,LEGACY_SOURCE_MANIFEST
SRC02006,K221248,https://www.accessdata.fda.gov/scripts/cdrh/cfdocs/cfpmn/pmn.cfm?ID=K221248,fda_database_entry_html,03dd1da7b9de35eb5b530aadaba17e8a9c75b6ce77bad4e53326f6b4c296cf6d,4c18843464ce6300b98bd2d3a9e50adb810264c4de457e5916f03b4329f63eac,2026-06-30T14:34:52+00:00,success,LEGACY_SOURCE_MANIFEST
SRC02007,K221248,https://www.accessdata.fda.gov/cdrh_docs/pdf22/K221248.pdf,510k_summary_pdf,aee86132d6ad43597aade192f8c7f99da9a75d8857b85508cd8c03e93e5ed6d5,12711ea83ed304bd3c5f7ff0e1361fa8de3a92a956904c3bf4d44c3fd58c3e45,2026-06-30T14:34:55+00:00,success,LEGACY_SOURCE_MANIFEST
SRC02008,K220766,https://www.accessdata.fda.gov/scripts/cdrh/cfdocs/cfpmn/pmn.cfm?ID=K220766,fda_database_entry_html,ec067bfc0a0eab68043a6a176a300446ed6d1e4fc63c7be47ed9c89318d18ca3,20556539c7e84f12f670d5e607ebf2efc88bf819e36ab264004cd36ec0ecc242,2026-06-30T14:35:01+00:00,success,LEGACY_SOURCE_MANIFEST
SRC02009,K220766,https://www.accessdata.fda.gov/cdrh_docs/pdf22/K220766.pdf,510k_summary_pdf,b32db9a70d65dc5d816fc67be30c86cd1f38b27bce1dcb0960e8ad84cdc1b528,2476aa967aaee18bc353140fbc066b2f1f8d03503c04f2219fb1232901437435,2026-06-30T14:35:05+00:00,success,LEGACY_SOURCE_MANIFEST
SRC02010,K220416,https://www.accessdata.fda.gov/scripts/cdrh/cfdocs/cfpmn/pmn.cfm?ID=K220416,fda_database_entry_html,72a2b4fd70fb38ec55b0cce85adb25c342a22448035b664279316104c0fceab3,8d152ec9af0652ea81a171ab25153f3c2d56b638f807d5cde4b049c252cf1e1c,2026-06-30T14:35:02+00:00,success,LEGACY_SOURCE_MANIFEST
SRC02011,K220416,https://www.accessdata.fda.gov/cdrh_docs/pdf22/K220416.pdf,510k_summary_pdf,4191ef590efbfaa918442bdfde1f37212e0617f95ca782e207f176d61772adaf,cfdf77187e9d6e8638a0f7426b4fa77b749c6af4676d4976e734e5bbdaa5f753,2026-06-30T14:35:06+00:00,success,LEGACY_SOURCE_MANIFEST
SRC02012,K221240,https://www.accessdata.fda.gov/scripts/cdrh/cfdocs/cfpmn/pmn.cfm?ID=K221240,fda_database_entry_html,14de4bfc85e0713470e6d80d0cc7fec84d105c11ebde5e0839f8ae20a1427e43,73b6578ed00a6ee81b460d8a9dfc1aa642a13e80029fc5ab878a7cbb174547e3,2026-06-30T14:35:03+00:00,success,LEGACY_SOURCE_MANIFEST
SRC02013,K221240,https://www.accessdata.fda.gov/cdrh_docs/pdf22/K221240.pdf,510k_summary_pdf,b486859a48c4bbd071f706cb838f2663506c01d9c4b21c1df36f6fe97fbfa2cb,ed32a5cf16549cd02e4e29cb976b14fbffeff4e8b66d6ae5295128bcd9900d2a,2026-06-30T14:35:04+00:00,success,LEGACY_SOURCE_MANIFEST
SRC02014,K220499,https://www.accessdata.fda.gov/scripts/cdrh/cfdocs/cfpmn/pmn.cfm?ID=K220499,fda_database_entry_html,dc6626ad39f8b810d3688c73d4509e141b9c1502ff9a73b92e35a35adf05f107,860e7d7120e1adaf380e81c9bfe8698696e53b895c37303e67de278761c2b73f,2026-06-30T14:35:10+00:00,success,LEGACY_SOURCE_MANIFEST
SRC02015,K220499,https://www.accessdata.fda.gov/cdrh_docs/pdf22/K220499.pdf,510k_summary_pdf,bde1b2c42451ce076d0df2aab660d9fd00e39b32d894c089c7fac164c6a4baa2,b6a40f72bede2288938f535a1fcff84b89138d3366c8b404f72c68d4445f79ba,2026-06-30T14:35:12+00:00,success,LEGACY_SOURCE_MANIFEST
SRC02016,K221219,https://www.accessdata.fda.gov/scripts/cdrh/cfdocs/cfpmn/pmn.cfm?ID=K221219,fda_database_entry_html,1c82407fc1883e54b922e01cc62015ccc07c75e66af60e3d8fcfa5661b95a7f6,716af709348e34d9b6743d49142d0cb47287ead4ee26ff9282a6a06e1c4863dc,2026-06-30T14:35:12+00:00,success,LEGACY_SOURCE_MANIFEST
SRC02017,K221219,https://www.accessdata.fda.gov/cdrh_docs/pdf22/K221219.pdf,510k_summary_pdf,c53d928d694574fb1c8e5511c48bb2af103032c93b0feae9c847e0875ef8536e,1ff26b4d4065ca1e0b4ef7490c442e71a5db5449d55ee6f58af1c5e27004b5f7,2026-06-30T14:35:16+00:00,success,LEGACY_SOURCE_MANIFEST
SRC02018,K213583,https://www.accessdata.fda.gov/scripts/cdrh/cfdocs/cfpmn/pmn.cfm?ID=K213583,fda_database_entry_html,2ce480ab40c8de2c2afb220e36c19b00ba2b244a6bad706317b6b6805ef4f839,53b9df443006a1475d245b0889fde96e96a032cf06d16b60de301a2f8dc2e1a4,2026-06-30T14:35:13+00:00,success,LEGACY_SOURCE_MANIFEST
SRC02019,K213583,https://www.accessdata.fda.gov/cdrh_docs/pdf21/K213583.pdf,510k_summary_pdf,838d938fbadc1dc06141d005af4993a50459113feb521de2996903442509cf27,03b5ccb779c74ec965a562cc39c7052bff13ca6c7e9687c68cf5d25f7dad90b9,2026-06-30T14:35:14+00:00,success,LEGACY_SOURCE_MANIFEST
SRC02020,K221106,https://www.accessdata.fda.gov/scripts/cdrh/cfdocs/cfpmn/pmn.cfm?ID=K221106,fda_database_entry_html,5e5a5e55599f068c06e6fb7162d5811a92ea950e06185438d3b70359a2148f25,1742d3b44ed968079e481f7cc326122f3c11d391dc9891558b015f7fb5142524,2026-06-30T14:35:14+00:00,success,LEGACY_SOURCE_MANIFEST
SRC02021,K221106,https://www.accessdata.fda.gov/cdrh_docs/pdf22/K221106.pdf,510k_summary_pdf,122184e67508450563fe69ea48657af66711bf9a0e187b8f9a7b74443350e945,839428fb5bed1ff862ee9ca3b5d6f413b7a1a2502b630bfcec1a2a3565af1cc2,2026-06-30T14:35:15+00:00,success,LEGACY_SOURCE_MANIFEST
SRC02022,K220589,https://www.accessdata.fda.gov/scripts/cdrh/cfdocs/cfpmn/pmn.cfm?ID=K220589,fda_database_entry_html,3431bae463047859ced8de8c91207c7f1cb6cd86bf6deedc455841edb3aded35,331801e33c057e415d71443eea26143adc7e6e7373c44678f24d09d230287c1f,2026-06-30T14:35:19+00:00,success,LEGACY_SOURCE_MANIFEST
SRC02023,K220589,https://www.accessdata.fda.gov/cdrh_docs/pdf22/K220589.pdf,510k_summary_pdf,76753feba5fa055993713cb4807ceaa624e2b46f9af83e8b5751cc7f72b5419c,041f849a5909c35d0478d3a47d69c35078551ec37efef005e964686064ffd183,2026-06-30T14:35:22+00:00,success,LEGACY_SOURCE_MANIFEST
SRC02024,K220105,https://www.accessdata.fda.gov/scripts/cdrh/cfdocs/cfpmn/pmn.cfm?ID=K220105,fda_database_entry_html,2ca3fc24d5517eb52fd3e775aad465370034fa1321d8b1f6798370aad0efcddf,f83be030ccf180a5a7803b3c52b77db844220d425697994f2a0fae40c324254e,2026-06-30T14:35:20+00:00,success,LEGACY_SOURCE_MANIFEST
SRC02025,K220105,https://www.accessdata.fda.gov/cdrh_docs/pdf22/K220105.pdf,510k_summary_pdf,95703b5ec5d0e582acd9a4c5a1e06fc40ba96de695bef955826b75eae9434cef,12bcf19bc2144bf5a3c8549d74d0d62788c0408e5814a31e4837987ee4a4f110,2026-06-30T14:35:26+00:00,success,LEGACY_SOURCE_MANIFEST
SRC02026,K220446,https://www.accessdata.fda.gov/scripts/cdrh/cfdocs/cfpmn/pmn.cfm?ID=K220446,fda_database_entry_html,2a3fbc8821c9c867781fe1608b8b513e9bacefaa1bab15987e2dfd34ebd7f4a5,10bead115041ef0fde2bad79fed1bf7cc630a3d84f61fffa87cea06f5494de05,2026-06-30T14:35:23+00:00,success,LEGACY_SOURCE_MANIFEST
SRC02027,K220446,https://www.accessdata.fda.gov/cdrh_docs/pdf22/K220446.pdf,510k_summary_pdf,3836b5efc64c0e198631a8d4a7f1433fc71ae48b9c9cea73b973ab053e18ce47,cdd395b40d20b2eed7a73313a92529292456308afe0d2768f08e704a5ed14053,2026-06-30T14:35:31+00:00,success,LEGACY_SOURCE_MANIFEST
SRC02028,K212519,https://www.accessdata.fda.gov/scripts/cdrh/cfdocs/cfpmn/pmn.cfm?ID=K212519,fda_database_entry_html,1ee81f4aca23a90f0a241df6bc2b1d67d81d9bcb778053a732dd2379e71e184e,14985470c7f2c53ee19e59ac28164cf1e092caaf04024ddb36e48b61b369af1b,2026-06-30T14:35:23+00:00,success,LEGACY_SOURCE_MANIFEST
SRC02029,K212519,https://www.accessdata.fda.gov/cdrh_docs/pdf21/K212519.pdf,510k_summary_pdf,c16b2faef58748cf7d0b4a722c332202dab5e88e29d9410c6f75956c4c10511f,71f7645072330aa337677455134ff80603adcd370ec142c8ed1f062a88af36b6,2026-06-30T14:35:27+00:00,success,LEGACY_SOURCE_MANIFEST
SRC02030,K211966,https://www.accessdata.fda.gov/scripts/cdrh/cfdocs/cfpmn/pmn.cfm?ID=K211966,fda_database_entry_html,e8901e7da156feb8746c626591242605e9c2f7890fb0a6c861426e66ad736c71,8d013d14ea274976760befbab3eafc34401b38f51e5ae691396e34ec6e35853c,2026-06-30T14:35:29+00:00,success,LEGACY_SOURCE_MANIFEST
SRC02031,K211966,https://www.accessdata.fda.gov/cdrh_docs/pdf21/K211966.pdf,510k_summary_pdf,106dc65af58a41e65c2f37884a3375d28bc2431b50287a7fd69474a5ff7835df,9ca451d6f2fbffd6b83cce31114c18209d87daa0e2d59c0ac1fbb946144f6aca,2026-06-30T14:35:37+00:00,success,LEGACY_SOURCE_MANIFEST
SRC02032,K220013,https://www.accessdata.fda.gov/scripts/cdrh/cfdocs/cfpmn/pmn.cfm?ID=K220013,fda_database_entry_html,9bfd52dc97edc43f4ca7126453b475d72f84e0588d5fb3302810576fd8fc68a5,04bdbfe3424e1f5326d254ba3e75380192edcfaf741928e541086ab72400f52c,2026-06-30T14:35:33+00:00,success,LEGACY_SOURCE_MANIFEST
SRC02033,K220013,https://www.accessdata.fda.gov/cdrh_docs/pdf22/K220013.pdf,510k_summary_pdf,85a270c0ce3f9938d32d56ce63d5218b8f430fee8df68524632d8e18adc9c9e5,2499a8ac2123b415228c90966535c6cc617a050fd6c2daff096d3a4e09701ea0,2026-06-30T14:35:37+00:00,success,LEGACY_SOURCE_MANIFEST
SRC02034,K220013,http://www.accessdata.fda.gov/cdrh_docs/reviews/K220013.pdf,510k_summary_pdf,85a270c0ce3f9938d32d56ce63d5218b8f430fee8df68524632d8e18adc9c9e5,2499a8ac2123b415228c90966535c6cc617a050fd6c2daff096d3a4e09701ea0,2026-06-30T14:35:42+00:00,success,LEGACY_SOURCE_MANIFEST
SRC02035,K212915,https://www.accessdata.fda.gov/scripts/cdrh/cfdocs/cfpmn/pmn.cfm?ID=K212915,fda_database_entry_html,e365547df970c4ebd80b713ec426ef8f3cfef931e79387284617b72a9570819a,e5a24759baaf691fe685c758dc42d1047a9106ec2c3cd0e431d9430e35372087,2026-06-30T14:35:42+00:00,success,LEGACY_SOURCE_MANIFEST
SRC02036,K212915,https://www.accessdata.fda.gov/cdrh_docs/pdf21/K212915.pdf,510k_summary_pdf,beaa3e6e0a9a91e25d7448690f48da44ece546d4e95a816730997aa916bd8922,e34913b7b7e2069a2d04b7ae6a63b1692bbc90971ae84d31d5411ec8a72f4515,2026-06-30T14:35:46+00:00,success,LEGACY_SOURCE_MANIFEST
SRC02037,K220939,https://www.accessdata.fda.gov/scripts/cdrh/cfdocs/cfpmn/pmn.cfm?ID=K220939,fda_database_entry_html,38d3209c5cc5cf3162626eeca579eec14040eeffda07be54708475300963d33d,21ca77aeae71db22fe76182b60c50ee5725aaae85028ac29f5d11ec8eac850f8,2026-06-30T14:35:44+00:00,success,LEGACY_SOURCE_MANIFEST
SRC02038,K220939,https://www.accessdata.fda.gov/cdrh_docs/pdf22/K220939.pdf,510k_summary_pdf,407e0450f1a429b4c2f76f3cb59a2f7c1100f5cf098c2827b6fdd77cd3323f01,75a71c849078d28a43f651f07f29a876e99aef269f0417566ff64e9f4b385718,2026-06-30T14:35:47+00:00,success,LEGACY_SOURCE_MANIFEST
SRC02039,K220899,https://www.accessdata.fda.gov/scripts/cdrh/cfdocs/cfpmn/pmn.cfm?ID=K220899,fda_database_entry_html,475e01532f2e249b7ae8f17dbc6a8c04cf217707536542082984320b9cc433ae,3c1c18a617a6f9ecaeaca7e0d1f8681802e75f63df01e35d83e26a8370814001,2026-06-30T14:35:49+00:00,success,LEGACY_SOURCE_MANIFEST
SRC02040,K220899,https://www.accessdata.fda.gov/cdrh_docs/pdf22/K220899.pdf,510k_summary_pdf,549978484a1765dc6c5c18e2deade225e4a3e696e8faec5bd3b127d26612bffc,3417c394802352cb658f146d6c56e8a29884ebf3a7bec95fd6e07a07b8755ff0,2026-06-30T14:35:50+00:00,success,LEGACY_SOURCE_MANIFEST
SRC02041,K220590,https://www.accessdata.fda.gov/scripts/cdrh/cfdocs/cfpmn/pmn.cfm?ID=K220590,fda_database_entry_html,f01d683b66a4d12ffedb6a44ad2691eca3fdebc02ec5ea93fd6ce64a82e95e1b,7f24073adddc622417a66de20756214e43061886c769ee0953cdac131f807c5e,2026-06-30T14:35:54+00:00,success,LEGACY_SOURCE_MANIFEST
SRC02042,K220590,https://www.accessdata.fda.gov/cdrh_docs/pdf22/K220590.pdf,510k_summary_pdf,1bea29a708380eeafde54f9e1588f7cce95f66c2db5c3a9358c2f10b959feadb,d8c88534d3a756fdc3396060eff0ff5bb9abf81bb8d4d9e8d3a22409520b10c8,2026-06-30T14:36:00+00:00,success,LEGACY_SOURCE_MANIFEST
SRC02043,K220264,https://www.accessdata.fda.gov/scripts/cdrh/cfdocs/cfpmn/pmn.cfm?ID=K220264,fda_database_entry_html,7b47421da3538387d3614058b7bcb97af35a7e840ca2e98e2ee12dff39c5e58d,99d2a73ca9bccecdab85a16d988da0d23e141debe68dd822b92f8bf8b0e98cc7,2026-06-30T14:35:58+00:00,success,LEGACY_SOURCE_MANIFEST
SRC02044,K220264,https://www.accessdata.fda.gov/cdrh_docs/pdf22/K220264.pdf,510k_summary_pdf,db550ae3c31bce3972c4e2d4b389e0a3ea310dbacd5d0e13f310c2d71f7607cf,d414672ea888f040b485e45dc617575fbaa6eed0e13cb44351363d02a312f611,2026-06-30T14:36:01+00:00,success,LEGACY_SOURCE_MANIFEST
SRC02045,K212441,https://www.accessdata.fda.gov/scripts/cdrh/cfdocs/cfpmn/pmn.cfm?ID=K212441,fda_database_entry_html,68312d62cb34c1c160af04c7c475be78018003a958eef6cb0ec5439ca69342bd,a2e39992108862895d4f2b281eeec66d1b3017bff73f31dbfcb94cabc3cf7b4d,2026-06-30T14:36:06+00:00,success,LEGACY_SOURCE_MANIFEST
SRC02046,K212441,https://www.accessdata.fda.gov/cdrh_docs/pdf21/K212441.pdf,510k_summary_pdf,a38323ed86f951b02b2381f07c215e69cc13145ecb447165a3dcd9bffaab325a,82e8037e40bc0903a5db299465d923c191a3ed76b92c82e8d1744d4fc482c9da,2026-06-30T14:36:10+00:00,success,LEGACY_SOURCE_MANIFEST
SRC02047,K212662,https://www.accessdata.fda.gov/scripts/cdrh/cfdocs/cfpmn/pmn.cfm?ID=K212662,fda_database_entry_html,5323138ea19c2b3d42c740f4a28240f64768c57a68e91dbf00ce5336b8f88870,17573ac38546ea442166311b0c75cd060b11802c402ef34bdb849d2882ea6eb5,2026-06-30T14:36:09+00:00,success,LEGACY_SOURCE_MANIFEST
SRC02048,K212662,https://www.accessdata.fda.gov/cdrh_docs/pdf21/K212662.pdf,510k_summary_pdf,df1f3356131984fbf312d5042653aba0264771b12d1d8d3390e612003403cc41,d5c795be7b466ea8876084685e43c7ee0ae38f27403700476a25b04997f10142,2026-06-30T14:36:11+00:00,success,LEGACY_SOURCE_MANIFEST
SRC02049,K213886,https://www.accessdata.fda.gov/scripts/cdrh/cfdocs/cfpmn/pmn.cfm?ID=K213886,fda_database_entry_html,02cabbb56b72488df2031a969816a6ddf01d1939e3cb0a4c2969dbf9a299b0ee,b6c5e083773166968c3265ab218e5fa6249e8873e3d57aced5979a59ac957114,2026-06-30T14:36:13+00:00,success,LEGACY_SOURCE_MANIFEST
SRC02050,K213886,https://www.accessdata.fda.gov/cdrh_docs/pdf21/K213886.pdf,510k_summary_pdf,13cd3ec1662af0412b46776fad8eef3a35790105529515bb58ea5b682148bd3a,c69f00218365fc3a2e0962330c89b3c91d4349878751c469d3fa765088e9e484,2026-06-30T14:36:17+00:00,success,LEGACY_SOURCE_MANIFEST
SRC02051,K213944,https://www.accessdata.fda.gov/scripts/cdrh/cfdocs/cfpmn/pmn.cfm?ID=K213944,fda_database_entry_html,af07d4a82a8fdcbbc57d5490b1697bacc65f92662ca56e65999011736dab94da,de3132f5a3c44f390fdc4087a4ff274a9b2f1e0cbfde39e0dfd8213d80b78cea,2026-06-30T14:36:17+00:00,success,LEGACY_SOURCE_MANIFEST
SRC02052,K213944,https://www.accessdata.fda.gov/cdrh_docs/pdf21/K213944.pdf,510k_summary_pdf,1b8cb10488ea4b54f43d38b4c7bd32621740b15910a7f0cd2e62fa10594c649f,b386056ce447080342551a9498cccb478c78960f2aa02313a2ff93aee2d35b62,2026-06-30T14:36:20+00:00,success,LEGACY_SOURCE_MANIFEST
SRC02053,K213795,https://www.accessdata.fda.gov/scripts/cdrh/cfdocs/cfpmn/pmn.cfm?ID=K213795,fda_database_entry_html,9ecf2809030460cec14ad63e483a70eb27a8caf7ce47211c0f3e4e084cf68a4f,ccfef26aa25d686f2bd5e5aa7fa2383c7a5cc69e08a3f0169556a2a8685e01f5,2026-06-30T14:36:24+00:00,success,LEGACY_SOURCE_MANIFEST
SRC02054,K213795,https://www.accessdata.fda.gov/cdrh_docs/pdf21/K213795.pdf,510k_summary_pdf,d2fe56c288f022e709f94692ce8c5a77c6d8d69b9d8ee2f9aac4234cbd51dd55,3a13714d7b3cd572fb8417fa416f24973ea252fbc10c7176bed08aa55eda1187,2026-06-30T14:36:30+00:00,success,LEGACY_SOURCE_MANIFEST
SRC02055,K213706,https://www.accessdata.fda.gov/scripts/cdrh/cfdocs/cfpmn/pmn.cfm?ID=K213706,fda_database_entry_html,b59ce653dc3909343cd56f0668f1691a8bf153d2bfdd2573a3da279153c136e2,179b80567bd9d93b29fa6fd7489b8c1aea290257d58081f7fc3206c000ed7827,2026-06-30T14:36:29+00:00,success,LEGACY_SOURCE_MANIFEST
SRC02056,K213706,https://www.accessdata.fda.gov/cdrh_docs/pdf21/K213706.pdf,510k_summary_pdf,57c1990b8a74df635e162eaeaf0efb63c88188287df6337199d19e5a2f4622dc,e25cdd5ae25234894d6ae84a75329c0e4f54cc32f33ae8e8f636cd74d940d7f1,2026-06-30T14:36:33+00:00,success,LEGACY_SOURCE_MANIFEST
SRC02057,K220141,https://www.accessdata.fda.gov/scripts/cdrh/cfdocs/cfpmn/pmn.cfm?ID=K220141,fda_database_entry_html,cec9aa50da11b386189dadbd9a5fdf7c2e99228a1a3aecb37bc4a544b6970597,2f50bf208a6172288a96600f924963aa16e32bd430f80fc05e299eedb1423c5d,2026-06-30T14:36:38+00:00,success,LEGACY_SOURCE_MANIFEST
SRC02058,K220141,https://www.accessdata.fda.gov/cdrh_docs/pdf22/K220141.pdf,510k_summary_pdf,0dcf87b4638204cfc12ff377396d322721aedd62a2a98db8d1a7c60eb62eb812,180ad86dd2627f17f4d549c85fc258f1c00e197d28f74c96923a602550a434e8,2026-06-30T14:36:41+00:00,success,LEGACY_SOURCE_MANIFEST
SRC02059,K220192,https://www.accessdata.fda.gov/scripts/cdrh/cfdocs/cfpmn/pmn.cfm?ID=K220192,fda_database_entry_html,864f2872f87aa10004d764924bf24f67a1bd983bf2a47adc59201f9abb293a5a,8b889f08ad9dc0cd170e3136f2dd88f567b2ab6a356337e26b99e1b2b2e2bac7,2026-06-30T14:36:41+00:00,success,LEGACY_SOURCE_MANIFEST
SRC02060,K220192,https://www.accessdata.fda.gov/cdrh_docs/pdf22/K220192.pdf,510k_summary_pdf,b74c69bf15d40099169e9e172e79df36e7055c4c3b1047649b5f2c46c4b8e75f,769c6f43c194929e74061bb7a8480acb5c8b6472de77671acea74d623c002cf4,2026-06-30T14:36:44+00:00,success,LEGACY_SOURCE_MANIFEST
SRC02061,K212274,https://www.accessdata.fda.gov/scripts/cdrh/cfdocs/cfpmn/pmn.cfm?ID=K212274,fda_database_entry_html,facb4765adfc937bc5912cd8b0baba94ed167564e73255b3fbb9c771a0134087,7a3c205a76e8af51167420f5c2ca15d17c5aa6fb842cc05cbc2f741bda44732e,2026-06-30T14:36:42+00:00,success,LEGACY_SOURCE_MANIFEST
SRC02062,K212274,https://www.accessdata.fda.gov/cdrh_docs/pdf21/K212274.pdf,510k_summary_pdf,36d978b9285bb18cd661499c564eca86738891f4aeef906a59c52262e19148db,22895df454ad05db17255661e5c8421867f59be2e10c8f2a6fe3360df2fe82c0,2026-06-30T14:36:47+00:00,success,LEGACY_SOURCE_MANIFEST
SRC02063,K203783,https://www.accessdata.fda.gov/scripts/cdrh/cfdocs/cfpmn/pmn.cfm?ID=K203783,fda_database_entry_html,2adbd73442d657f211c3aa514986448d34b0941a89e388fc74f55b296e8ed47b,9fc1bb0089e2cc9e91b908426470f36b80cd059984f4b011329b6236ffd90ad9,2026-06-30T14:36:48+00:00,success,LEGACY_SOURCE_MANIFEST
SRC02064,K203783,https://www.accessdata.fda.gov/cdrh_docs/pdf20/K203783.pdf,510k_summary_pdf,8c71fdb9c8814b6627b20b16ce536991cdbbc4bd98e8293cceb712fbb09db330,f306b4301da00d20f5f31e2059e028b81f71f604af647b7c07122ffb317ffea1,2026-06-30T14:36:51+00:00,success,LEGACY_SOURCE_MANIFEST
SRC02065,K220043,https://www.accessdata.fda.gov/scripts/cdrh/cfdocs/cfpmn/pmn.cfm?ID=K220043,fda_database_entry_html,d5c0ec2477122e23fd812bcf8d602d3a25e60c59a752a5cb64ec679513a0b3c2,01479dea72932907cf0170b5068d23739e4ed5efa4cfe5dd434b469525e9eb47,2026-06-30T14:36:53+00:00,success,LEGACY_SOURCE_MANIFEST
SRC02066,K220043,https://www.accessdata.fda.gov/cdrh_docs/pdf22/K220043.pdf,510k_summary_pdf,ba1b41018b8c876de97460a2dcc73aedad4927083b170f7cb4f083735f4d8951,91df2e69627578a2f43982fa46902f6ee19a94c3c99a691022ce7630405f6972,2026-06-30T14:36:58+00:00,success,LEGACY_SOURCE_MANIFEST
SRC02067,K214081,https://www.accessdata.fda.gov/scripts/cdrh/cfdocs/cfpmn/pmn.cfm?ID=K214081,fda_database_entry_html,6e644d30103ff91ce2eb368766308b69287bcb4ccc2aa25ab8a6e15219a1e254,93153730aa24597fc1c0f22e733fba03470a847ab6cc080dce60ddb8ab4e6a24,2026-06-30T14:36:57+00:00,success,LEGACY_SOURCE_MANIFEST
SRC02068,K214081,https://www.accessdata.fda.gov/cdrh_docs/pdf21/K214081.pdf,510k_summary_pdf,4cc425f1876fb1890df4d1a470afd94a2229230cdd70b29451da4939c3ad97bf,b9b1b96b6ae924cf513f58264494f78ed1471ca0ae42c4ceebe29b6b8d93f89b,2026-06-30T14:37:02+00:00,success,LEGACY_SOURCE_MANIFEST
SRC02069,K212624,https://www.accessdata.fda.gov/scripts/cdrh/cfdocs/cfpmn/pmn.cfm?ID=K212624,fda_database_entry_html,c824c3e8ffbf790750341d82ebe8a11dccd3f5a69185dee976556900a502a61e,c9af69d7186dc48612a31de29e7ac7a44d59d657647bee14e81d0ed802b95855,2026-06-30T14:36:58+00:00,success,LEGACY_SOURCE_MANIFEST
SRC02070,K212624,https://www.accessdata.fda.gov/cdrh_docs/pdf21/K212624.pdf,510k_summary_pdf,c4def696f646170822681bb79148055dd6063c9b85178bbfb9fa22bfc16dd2d0,22ec0c716398e9fee94937d8ac092ea4ffbe5ef0bcfad0c411cfb24e0277e6e8,2026-06-30T14:37:01+00:00,success,LEGACY_SOURCE_MANIFEST
SRC02071,K220151,https://www.accessdata.fda.gov/scripts/cdrh/cfdocs/cfpmn/pmn.cfm?ID=K220151,fda_database_entry_html,635525e3c913aeecfd22944a1cf542a923ff41cbe5a495de844693dbc2e9dc7d,da6bac279c9d1bb9259ed26e1a3dc497ee5cabcf50c249f1cb1246cc95a55e0c,2026-06-30T14:37:05+00:00,success,LEGACY_SOURCE_MANIFEST
SRC02072,K220151,https://www.accessdata.fda.gov/cdrh_docs/pdf22/K220151.pdf,510k_summary_pdf,e7ffdb6699c64d86fdc6ea3f014b6858ca1e00eb6b4ea600521be6f0dd066c19,fb198578712f01dd4f90ead7a6af48f5aa0e39af65ba8b2d99fb73b593b6fed3,2026-06-30T14:37:09+00:00,success,LEGACY_SOURCE_MANIFEST
SRC02073,K213657,https://www.accessdata.fda.gov/scripts/cdrh/cfdocs/cfpmn/pmn.cfm?ID=K213657,fda_database_entry_html,0eaaa6b12fa61b827d0763cdbcf55cc3a83017a6beab69742bcf13cdc62d4c1d,1addde578aa88e6936d7a6eb65affff6e18a7b6cfdc9e4277a394b1eee95c771,2026-06-30T14:37:08+00:00,success,LEGACY_SOURCE_MANIFEST
SRC02074,K213657,https://www.accessdata.fda.gov/cdrh_docs/pdf21/K213657.pdf,510k_summary_pdf,59bf436905ff2e5156e62d73fdfa45618565b1d959bd5e1fe23a04106c3db290,10e7206bd14405d03b85f4b0b49a98bb52b406a358824cc69e4ae7abf8ebc6df,2026-06-30T14:37:10+00:00,success,LEGACY_SOURCE_MANIFEST
SRC02075,K212960,https://www.accessdata.fda.gov/scripts/cdrh/cfdocs/cfpmn/pmn.cfm?ID=K212960,fda_database_entry_html,b82f8960379c5f1a9851c2d3b0c304af0158ce7af1cc46160e467f490ae7d7be,3ac12d4c5b282fc911bc49cd163b13ec76e111fbc50a04608f995a55ae65160c,2026-06-30T14:37:17+00:00,success,LEGACY_SOURCE_MANIFEST
SRC02076,K212960,https://www.accessdata.fda.gov/cdrh_docs/pdf21/K212960.pdf,510k_summary_pdf,a6ad913e0548898b16aca3689020b2844478fe5b90d1678278ef4461e9ad769f,04608b8e5781fc9451ce1fd302caf67267506b733915e68cca20e74dfb03ac5b,2026-06-30T14:37:20+00:00,success,LEGACY_SOURCE_MANIFEST
SRC02077,K200828,https://www.accessdata.fda.gov/scripts/cdrh/cfdocs/cfpmn/pmn.cfm?ID=K200828,fda_database_entry_html,45e44a0e768df4bb9df302bc3b2dfde9c01a61783050ccaed36859338096dcf1,a26022051e51aa770117df258bd01139a1565a04855b4248748e30a4c960c30f,2026-06-30T14:37:19+00:00,success,LEGACY_SOURCE_MANIFEST
SRC02078,K200828,https://www.accessdata.fda.gov/cdrh_docs/pdf20/K200828.pdf,510k_summary_pdf,65763095677a322c338332574381965ae18f1309232e3db4304b4b5e4dadb95d,9147d9b305c0b22bbb6d49be2560e3f16faa3089ac2310221e42cb4f78b40c46,2026-06-30T14:37:23+00:00,success,LEGACY_SOURCE_MANIFEST
SRC02079,K200828,http://www.accessdata.fda.gov/cdrh_docs/reviews/K200828.pdf,510k_summary_pdf,65763095677a322c338332574381965ae18f1309232e3db4304b4b5e4dadb95d,9147d9b305c0b22bbb6d49be2560e3f16faa3089ac2310221e42cb4f78b40c46,2026-06-30T14:37:33+00:00,success,LEGACY_SOURCE_MANIFEST
SRC02080,K213721,https://www.accessdata.fda.gov/scripts/cdrh/cfdocs/cfpmn/pmn.cfm?ID=K213721,fda_database_entry_html,5857c1c861ac8f7a3d12fbed49e5caafb2ae6894c7de7db3b371ba8b443590a6,ec48c5798f8b549f54e701ba22cd7256e627d0dfee39e3c963011bd2de214915,2026-06-30T14:37:19+00:00,success,LEGACY_SOURCE_MANIFEST
SRC02081,K213721,https://www.accessdata.fda.gov/cdrh_docs/pdf21/K213721.pdf,510k_summary_pdf,fd0c62140264631d9e0e6fc57c4a1ac7a44b011f19fcd4bed6a60075369c7e54,71324db2b833c178a2c17838218201bf6172372649bde2200cd7f353affde336,2026-06-30T14:37:20+00:00,success,LEGACY_SOURCE_MANIFEST
SRC02082,K213779,https://www.accessdata.fda.gov/scripts/cdrh/cfdocs/cfpmn/pmn.cfm?ID=K213779,fda_database_entry_html,9c507ca7b8da8a0fb3c7bbcfe762255388f300eea566080a58a9e94fb12c9175,746cb833b54731cba811b07b7a648fa77daaf5ef2f0db3f4f21e7a9b17060554,2026-06-30T14:37:24+00:00,success,LEGACY_SOURCE_MANIFEST
SRC02083,K213779,https://www.accessdata.fda.gov/cdrh_docs/pdf21/K213779.pdf,510k_summary_pdf,aa051ad1cb68fc31e63d03ed569f5529f82d1ad09bc91454ce86422e7962618a,12e129ce4ab464450f1185a94af2a51f1f4757405745948e90a8f1f08130d74c,2026-06-30T14:37:26+00:00,success,LEGACY_SOURCE_MANIFEST
SRC02084,K214043,https://www.accessdata.fda.gov/scripts/cdrh/cfdocs/cfpmn/pmn.cfm?ID=K214043,fda_database_entry_html,0e61d3bba5271a2788c38cb9039e99ee57d10231c99af1d56a9f7ccbff6ac482,b47bf7d37737a0afed5c8aae854d2b70e2a2f22be607ab121e628cfcd6284230,2026-06-30T14:37:26+00:00,success,LEGACY_SOURCE_MANIFEST
SRC02085,K214043,https://www.accessdata.fda.gov/cdrh_docs/pdf21/K214043.pdf,510k_summary_pdf,798f139e6be706786b2d06aef7a7bd5fe392c9f8a34747483c60261d10132737,4fcfd53ddeb02ad89f19dfc894c77d9e51ac5a1a0f0f8a92610b272c4f6b8b52,2026-06-30T14:37:30+00:00,success,LEGACY_SOURCE_MANIFEST
SRC02086,K203744,https://www.accessdata.fda.gov/scripts/cdrh/cfdocs/cfpmn/pmn.cfm?ID=K203744,fda_database_entry_html,aa15995ff1483131a75e37ad201ec3546adcfc37b920b88014a41cf9301a1af7,d7378d538e2fb4f08c05d85c0af5c45ad81385641a731d1bb245c23a95c0e42d,2026-06-30T14:37:30+00:00,success,LEGACY_SOURCE_MANIFEST
SRC02087,K203744,https://www.accessdata.fda.gov/cdrh_docs/pdf20/K203744.pdf,510k_summary_pdf,2d0baa0ca7bf4b1d1200c95ea101ca6b165455cc88ec9db154d6eb2632766477,07147d77c45e64644e1421cbbfd863bff871c82440f1612f2b6e236fecb402da,2026-06-30T14:37:36+00:00,success,LEGACY_SOURCE_MANIFEST
SRC02088,K213725,https://www.accessdata.fda.gov/scripts/cdrh/cfdocs/cfpmn/pmn.cfm?ID=K213725,fda_database_entry_html,0752eea410ed954fe920412ae2b1f7e945003d7a003c7f25aafd4742e88922a3,74a257402d5a11feed99e557e4793fe81d78f0d4ae455090041d5804f6f523f8,2026-06-30T14:37:33+00:00,success,LEGACY_SOURCE_MANIFEST
SRC02089,K213725,https://www.accessdata.fda.gov/cdrh_docs/pdf21/K213725.pdf,510k_summary_pdf,aefdd4c2280963597e4ae5a4ec710193b113a6585b46cb1ca56e07580cea9a4f,7bfec611055eed1d44a54940d332ab0f116c8f69fe2fd9393f459cf33d2362a1,2026-06-30T14:37:38+00:00,success,LEGACY_SOURCE_MANIFEST
SRC02090,K213566,https://www.accessdata.fda.gov/scripts/cdrh/cfdocs/cfpmn/pmn.cfm?ID=K213566,fda_database_entry_html,f5eecdbe2faa7ec177d9770dee6833957d62f02ecf926f99ebf3644307fc5fb5,ab9f12cded0c39db9782de8980861bbd016ce812d7ddc6eb7698a58af9310ffd,2026-06-30T14:37:34+00:00,success,LEGACY_SOURCE_MANIFEST
SRC02091,K213566,https://www.accessdata.fda.gov/cdrh_docs/pdf21/K213566.pdf,510k_summary_pdf,cbb01a588e77b008a5f806625f8b3528c28a69ff121e56a3ca542534c54daf82,9455063512e4c74be50a45b649dac1e4ff0d81b8ba88cb7cc212d37a4bd9f81d,2026-06-30T14:37:36+00:00,success,LEGACY_SOURCE_MANIFEST
SRC02092,K210365,https://www.accessdata.fda.gov/scripts/cdrh/cfdocs/cfpmn/pmn.cfm?ID=K210365,fda_database_entry_html,7ce6a8f5034054772b3748794705fb02cde63a3e9471c1f7dcd9cd2219b0babe,52da0ba23976cfbd8e3e95218937b4b6a2b92692d512d7cbaec731d8f6945139,2026-06-30T14:37:42+00:00,success,LEGACY_SOURCE_MANIFEST
SRC02093,K210365,https://www.accessdata.fda.gov/cdrh_docs/pdf21/K210365.pdf,510k_summary_pdf,9624b20bc7d196c99619b5989c9834ecc605991d679eeddbf574cdc8bc68aecf,1aef1702029fe0ed5508a1320473c4e8913031ce19fb4526ed4d63e88994adb3,2026-06-30T14:37:44+00:00,success,LEGACY_SOURCE_MANIFEST
SRC02094,K212365,https://www.accessdata.fda.gov/scripts/cdrh/cfdocs/cfpmn/pmn.cfm?ID=K212365,fda_database_entry_html,9c50df301cbcb9914274813393462fec5672921ee8422709bc62125aaaabed01,0a8d545ae2dd937e655bc7868b333ceaef26b35ea3301f2c6896cb179fb1e5ed,2026-06-30T14:37:46+00:00,success,LEGACY_SOURCE_MANIFEST
SRC02095,K212365,https://www.accessdata.fda.gov/cdrh_docs/pdf21/K212365.pdf,510k_summary_pdf,bdee90000240de6fe4548d99a2e9966a9e5585356d8f55899ad11a184d1128f5,f7bcc5be92296d9160d62e743f2fc92bda546e62049c6634f7eea84b80f8ce02,2026-06-30T14:37:49+00:00,success,LEGACY_SOURCE_MANIFEST
SRC02096,K213693,https://www.accessdata.fda.gov/scripts/cdrh/cfdocs/cfpmn/pmn.cfm?ID=K213693,fda_database_entry_html,cd799921ed6e0cec32a31a737dffd33c5ca094736e12217491477b08be7ca88f,4d918fcbded21c63e9b5e5ebd13ba117252c3fc876241f2d96e6d3bcd220b25d,2026-06-30T14:37:53+00:00,success,LEGACY_SOURCE_MANIFEST
SRC02097,K213693,https://www.accessdata.fda.gov/cdrh_docs/pdf21/K213693.pdf,510k_summary_pdf,5c909a3b134bb91f35887b5eda1985fa6e04f349934eba678cb1e8a70dd7c1ea,87bf4789a195d2f641b0d1018f159877554de93c8ba2e61caf0cb9115550e82c,2026-06-30T14:37:57+00:00,success,LEGACY_SOURCE_MANIFEST
SRC02098,K213941,https://www.accessdata.fda.gov/scripts/cdrh/cfdocs/cfpmn/pmn.cfm?ID=K213941,fda_database_entry_html,94c273665a905c8ee307ba9ac94db13186ba0a7e68b94eca29ad8359881e549c,5e3970b976ecd1f601e7f11ea101d85c6344ac23f3d8806a9b44bdb4935b6299,2026-06-30T14:37:54+00:00,success,LEGACY_SOURCE_MANIFEST
SRC02099,K213941,https://www.accessdata.fda.gov/cdrh_docs/pdf21/K213941.pdf,510k_summary_pdf,6f6e94408c8e980efd2526aa3798e85130aa9a749724bf4593f123757585476b,fb33f7a2f9c21089a3dd5a7e689164f126f8a7af48094fe17d2ec8a0158555d2,2026-06-30T14:38:01+00:00,success,LEGACY_SOURCE_MANIFEST
SRC02100,K213319,https://www.accessdata.fda.gov/scripts/cdrh/cfdocs/cfpmn/pmn.cfm?ID=K213319,fda_database_entry_html,7ba74d520b3dcecc1b2a834b4fee532db67a0e3aa54540546ab8eed06da31092,aff98afe085482142d300d1ee93bae3c56c15bef6337e93ebf99e6ac6c3b7dfb,2026-06-30T14:37:57+00:00,success,LEGACY_SOURCE_MANIFEST
SRC02101,K213319,https://www.accessdata.fda.gov/cdrh_docs/pdf21/K213319.pdf,510k_summary_pdf,69ffc120a98b616634850594791883e5d0957c219ba86414278f64f39fcd2dd7,a25bc696f506659249ae4fec7c72d092d7e68b85ec471be9a00b0dcc98cc6030,2026-06-30T14:37:58+00:00,success,LEGACY_SOURCE_MANIFEST
SRC02102,K213999,https://www.accessdata.fda.gov/scripts/cdrh/cfdocs/cfpmn/pmn.cfm?ID=K213999,fda_database_entry_html,cd0cd428ae4d6cda2e9a88b110615c538f5a713b5f144c9317cafdb02a8a7965,dc278b498b528c26911b9d67f7aa4733e007efaff2168431729306ba550ec6cb,2026-06-30T14:38:04+00:00,success,LEGACY_SOURCE_MANIFEST
SRC02103,K213999,https://www.accessdata.fda.gov/cdrh_docs/pdf21/K213999.pdf,510k_summary_pdf,544aa4fd8bbd85eb9745ba5d703178f69cd51b69fe906b6e32c35f07ddce7a68,17478ad129fb9d1b8b915a4a63bdc5d045cb1ee2ea86c30ae802f9db77095fc5,2026-06-30T14:38:08+00:00,success,LEGACY_SOURCE_MANIFEST
SRC02104,K213689,https://www.accessdata.fda.gov/scripts/cdrh/cfdocs/cfpmn/pmn.cfm?ID=K213689,fda_database_entry_html,4130fea46339f3e20cd39fd4ad785db07925e684a7f049943a6edfdbd209ca5c,1920f00fa30e8aa3b48a09f6ded5ba14bb1ce3e13d1f56c9c34b0e1d88567a5a,2026-06-30T14:38:05+00:00,success,LEGACY_SOURCE_MANIFEST
SRC02105,K213689,https://www.accessdata.fda.gov/cdrh_docs/pdf21/K213689.pdf,510k_summary_pdf,216d37f355d03d989ee6eb305d1aae1fbc3cf508bcc620324f1eb11cc68f7ecd,649c53a9bb025a79cd64a93f9ba977117066d6ef78ee22c500e166d6fdf58b46,2026-06-30T14:38:06+00:00,success,LEGACY_SOURCE_MANIFEST
SRC02106,K213603,https://www.accessdata.fda.gov/scripts/cdrh/cfdocs/cfpmn/pmn.cfm?ID=K213603,fda_database_entry_html,0d6e795301132be08b49ebc2aed8ed01469dd8818b80505cda6bad7d54fca610,2de4edf4d245a1af57c6bc5be2f985ee33707ccf402501ac82f96f43029f4d1a,2026-06-30T14:38:18+00:00,success,LEGACY_SOURCE_MANIFEST
SRC02107,K213603,https://www.accessdata.fda.gov/cdrh_docs/pdf21/K213603.pdf,510k_summary_pdf,004a6c5d4aff57abda02423a3499fcef8544225c9caaea579d77755086bb3294,c787f37537074eb92f94ca871ab23793158d795c996ee541485c5ab2ddcac9c9,2026-06-30T14:38:19+00:00,success,LEGACY_SOURCE_MANIFEST
SRC02108,K213165,https://www.accessdata.fda.gov/scripts/cdrh/cfdocs/cfpmn/pmn.cfm?ID=K213165,fda_database_entry_html,fd3eb0752ae09cb982e0d802eae4eff3a5ff58cf52c987bcb94eeaa3ed646679,9ba4f0a7547d6b2ba67d46733de39f582b9350f3e0a4426ad5a674005299345a,2026-06-30T14:38:21+00:00,success,LEGACY_SOURCE_MANIFEST
SRC02109,K213165,https://www.accessdata.fda.gov/cdrh_docs/pdf21/K213165.pdf,510k_summary_pdf,ad23aa2943afab3c1fb9dc246d443642ce54341421c3e074b89db23768811968,795b40720ede1574d30beb438a609c78e8cc842d6481e15bbd37025102182159,2026-06-30T14:38:23+00:00,success,LEGACY_SOURCE_MANIFEST
SRC02110,K212654,https://www.accessdata.fda.gov/scripts/cdrh/cfdocs/cfpmn/pmn.cfm?ID=K212654,fda_database_entry_html,b9800a2c5d86b252cd9ed7a87a7696310d70befe5bd0e79867c214d68f83ad8f,fda50d0dd8d635e7fb8757205bfbd6615db976c66cf4499833feeffa8f31240d,2026-06-30T14:38:27+00:00,success,LEGACY_SOURCE_MANIFEST
SRC02111,K212654,https://www.accessdata.fda.gov/cdrh_docs/pdf21/K212654.pdf,510k_summary_pdf,20b22d6b3a7b7858a118e208807e6e2f46f7c7943a124f0728364ed0c4c42ce2,d4e7e593b73e93fba241262ec791bdb8fdda137f5c805e0a25ec5ef4cfb2bb17,2026-06-30T14:38:33+00:00,success,LEGACY_SOURCE_MANIFEST
SRC02112,K213938,https://www.accessdata.fda.gov/scripts/cdrh/cfdocs/cfpmn/pmn.cfm?ID=K213938,fda_database_entry_html,eee0fa5bb357a7068bd3b677d9cc6a59aad7e9aa2f457c96172d8f70ef774e9d,52ceb0d80a590788167950668a0846decaa666fdf1896d95b982fc75b422a136,2026-06-30T14:38:29+00:00,success,LEGACY_SOURCE_MANIFEST
SRC02113,K213938,https://www.accessdata.fda.gov/cdrh_docs/pdf21/K213938.pdf,510k_summary_pdf,e142ed5ee63f9cfa1e1dd5747c1cc2489df032b86e58cf1deeabc85ebcc5e620,34ea542ed92c0992ab3b348b0f94cd6002fa00e4d226d8c54b2a6e1c64d88d91,2026-06-30T14:38:34+00:00,success,LEGACY_SOURCE_MANIFEST
SRC02114,K213976,https://www.accessdata.fda.gov/scripts/cdrh/cfdocs/cfpmn/pmn.cfm?ID=K213976,fda_database_entry_html,39145192be2c3ba8458e96076c70959d6ae811cab061d4b7890116fc110462ec,617bdc6ba2b78e0538be350c9cf442a7be6f100244c5f8aa96da66c1055844dc,2026-06-30T14:38:33+00:00,success,LEGACY_SOURCE_MANIFEST
SRC02115,K213976,https://www.accessdata.fda.gov/cdrh_docs/pdf21/K213976.pdf,510k_summary_pdf,0885187289fcbc4ec3815469c3223381e069907ea46c160bf1e82fc5c084eff6,02f98f34bc08ecfc29a635f9adc482d7d7c1b253f8c1f879f3f83a29a0cad141,2026-06-30T14:38:42+00:00,success,LEGACY_SOURCE_MANIFEST
SRC02116,K203260,https://www.accessdata.fda.gov/scripts/cdrh/cfdocs/cfpmn/pmn.cfm?ID=K203260,fda_database_entry_html,48b5acaa0b7e3327c07e6711f27d29c4dc2db8efde15aaac91e0fea64d2d27ec,321bd9717456385b7676f0469b3e199029b21694bfa78d4f3a0132c6a4504498,2026-06-30T14:38:39+00:00,success,LEGACY_SOURCE_MANIFEST
SRC02117,K203260,https://www.accessdata.fda.gov/cdrh_docs/pdf20/K203260.pdf,510k_summary_pdf,413c8664dcb4e29405fc78be3789d40bf21c4daffaa10ad2d9c60afb7c8273ae,8abf596f5447a2831d173f731652373914b3ecda09d596f6366a4f31c38f70e1,2026-06-30T14:38:43+00:00,success,LEGACY_SOURCE_MANIFEST
SRC02118,K212333,https://www.accessdata.fda.gov/scripts/cdrh/cfdocs/cfpmn/pmn.cfm?ID=K212333,fda_database_entry_html,0dad625b93c327ca3b18637c639df9c538897e57fc1200667fa060c88fae26b6,98efe7ad160d11aa4f865881d17405565fc9b03c6e11eb049421eeb533e667d8,2026-06-30T14:38:46+00:00,success,LEGACY_SOURCE_MANIFEST
SRC02119,K212333,https://www.accessdata.fda.gov/cdrh_docs/pdf21/K212333.pdf,510k_summary_pdf,e7b8842e23fa1f948ec5695edffaf8759986da8b15cb067cba2cd74edb275dd1,9d0a712ec09d0ab3b41e3cecd52c1c31c6c969aba68d7fdeeaa0c366427bc42f,2026-06-30T14:38:52+00:00,success,LEGACY_SOURCE_MANIFEST
SRC02120,K214019,https://www.accessdata.fda.gov/scripts/cdrh/cfdocs/cfpmn/pmn.cfm?ID=K214019,fda_database_entry_html,4d0d0135b014e2fd65ef5dd7f65c1999b1425bcff072665d8627a92cf0a9a5b4,0fa4ade9b2ca72dfa96db242f4cb5268f4e1d302c6e3213a73d297d55cea2fad,2026-06-30T14:38:48+00:00,success,LEGACY_SOURCE_MANIFEST
SRC02121,K214019,https://www.accessdata.fda.gov/cdrh_docs/pdf21/K214019.pdf,510k_summary_pdf,49301c1f9165a12bd0abdf76571270bc1bf4607ec4f840bf2154f4c10d4dc77d,bc561597e211a36a26da1bf4e81f1ea782c5f998c6a4f6225146e87703f87af9,2026-06-30T14:38:53+00:00,success,LEGACY_SOURCE_MANIFEST
SRC02122,K213668,https://www.accessdata.fda.gov/scripts/cdrh/cfdocs/cfpmn/pmn.cfm?ID=K213668,fda_database_entry_html,57836505b802aae3d6df73da0f1fa11db427a64a84beaee59e40f3e3014a2033,b63f9ebbdca28f947a8224b4e8366731f5e5f378cf800e26191029b5d0c23206,2026-06-30T14:38:51+00:00,success,LEGACY_SOURCE_MANIFEST
SRC02123,K213668,https://www.accessdata.fda.gov/cdrh_docs/pdf21/K213668.pdf,510k_summary_pdf,4e1e91fbce048106d7b5c9f74beac374a8605ff87c2d2251c62d2da2b14fb231,cc19fa6c629b327df110f47a4cdbcdb57c4ebb57f4dbcf545538ccbd974f93f4,2026-06-30T14:38:59+00:00,success,LEGACY_SOURCE_MANIFEST
SRC02124,K210747,https://www.accessdata.fda.gov/scripts/cdrh/cfdocs/cfpmn/pmn.cfm?ID=K210747,fda_database_entry_html,7821df8893f9afba8db780350203d69787d3d1e40e784db631f64e9b7224b1e9,a9df7cc7f4291dc370c367eba3c371cb18e8051b123147bd7ac539d5084ba456,2026-06-30T14:39:01+00:00,success,LEGACY_SOURCE_MANIFEST
SRC02125,K210747,https://www.accessdata.fda.gov/cdrh_docs/pdf21/K210747.pdf,510k_summary_pdf,db17eed03ced66951c1b8353826fb9800cff75e0b10b6a2d52292891a5a6df42,d8b5dd349fb8b48fca1f8eed816c0a6a26e62e46f006623742e9302fabb49097,2026-06-30T14:39:03+00:00,success,LEGACY_SOURCE_MANIFEST
SRC02126,K212012,https://www.accessdata.fda.gov/scripts/cdrh/cfdocs/cfpmn/pmn.cfm?ID=K212012,fda_database_entry_html,352c2c862ca07f761226b342ac00de589ca79eca90860118a1a9028ea6c8d755,ec26bf9d376789ab7fc4aa9bd10298da58a37f73b967362da090a986edaa1a01,2026-06-30T14:39:01+00:00,success,LEGACY_SOURCE_MANIFEST
SRC02127,K212012,https://www.accessdata.fda.gov/cdrh_docs/pdf21/K212012.pdf,510k_summary_pdf,3bc8e9c8fa39af06f9c7404676c2b649e82f61d89579920d5e726e96ead4dd7a,52a81a03883539c543ed7fd8a2e1c08d3d78e40fb225f47c2851554c12463e40,2026-06-30T14:39:07+00:00,success,LEGACY_SOURCE_MANIFEST
SRC02128,K211980,https://www.accessdata.fda.gov/scripts/cdrh/cfdocs/cfpmn/pmn.cfm?ID=K211980,fda_database_entry_html,877215a2b3db6096b81f1b6a3fe378320886b5bc1f83e66f84a7ea9dce69d1e5,077e07b7781d75f32c2bb10ea49869a156df191dcd644a67b48309ea44efc9f0,2026-06-30T14:39:12+00:00,success,LEGACY_SOURCE_MANIFEST
SRC02129,K211980,https://www.accessdata.fda.gov/cdrh_docs/pdf21/K211980.pdf,510k_summary_pdf,5c2611fc479613fd71baf423509a327c247aea723fe019a42d85facd434849e7,9cad71473ff517a9eaebcf35c90c55bc2d7e6e35e70f30c2caf0fe88bc729914,2026-06-30T14:39:15+00:00,success,LEGACY_SOURCE_MANIFEST
SRC02130,K210760,https://www.accessdata.fda.gov/scripts/cdrh/cfdocs/cfpmn/pmn.cfm?ID=K210760,fda_database_entry_html,430b48df0eca8c4b6412063bfad979ef355743414c23c5485ee238399d20cc8f,53795a9cb1ba9e8aeb35bdc635c000c02c798b439e22b4a6040f33d71d1b19f5,2026-06-30T14:39:19+00:00,success,LEGACY_SOURCE_MANIFEST
SRC02131,K210760,https://www.accessdata.fda.gov/cdrh_docs/pdf21/K210760.pdf,510k_summary_pdf,1caeb09ffb2270f6f7c92ae7a67756cb984e1389f0f19704b1e7350f2a69aadb,a49047ea69485cc6c470c753eb96d85e238dca1e32e90ca8cbb151736c5c689a,2026-06-30T14:39:20+00:00,success,LEGACY_SOURCE_MANIFEST
SRC02132,K213307,https://www.accessdata.fda.gov/scripts/cdrh/cfdocs/cfpmn/pmn.cfm?ID=K213307,fda_database_entry_html,7377f512e7b4c59a695eaf4d9e0779fd9178d32f218e72a9ec31fce289e0ddb4,d5b8d0b211c5b1c439ebdf170ba2883b6b5d13ef95a0f55c88d92c0b1a2cbb0d,2026-06-30T14:39:19+00:00,success,LEGACY_SOURCE_MANIFEST
SRC02133,K213307,https://www.accessdata.fda.gov/cdrh_docs/pdf21/K213307.pdf,510k_summary_pdf,afdf822423d74fb3d00857b1f4abd3f5641b566140dfce19c4d08ced190ed3ed,155c616cfe09209709b1fdedbd78ad38eff47b1a104b55c5e0fbfaecb5f25b6b,2026-06-30T14:39:20+00:00,success,LEGACY_SOURCE_MANIFEST
SRC02134,K213737,https://www.accessdata.fda.gov/scripts/cdrh/cfdocs/cfpmn/pmn.cfm?ID=K213737,fda_database_entry_html,9730b432ca38cf2d97bf0085406380721f674330b147433293c0a66ff2e03388,f28fbe9a01f473ae5012b111eeb5cb9bbef4b8aa19263103115657f62fa88821,2026-06-30T14:39:20+00:00,success,LEGACY_SOURCE_MANIFEST
SRC02135,K213737,https://www.accessdata.fda.gov/cdrh_docs/pdf21/K213737.pdf,510k_summary_pdf,01b72587f324f0b4ecad20aca9fe9ff6839c327b3b711271cc7dbf96cca3a018,34f7d6d0f5a03506526252c93e81d3b26bf7e3fdf924bdfe15a505e9687f36ee,2026-06-30T14:39:24+00:00,success,LEGACY_SOURCE_MANIFEST
SRC02136,K213642,https://www.accessdata.fda.gov/scripts/cdrh/cfdocs/cfpmn/pmn.cfm?ID=K213642,fda_database_entry_html,5c7657b92ef0a0973a221b5243100982fe74aba21a934443600d20c812eb9ecf,82df367a7eadb6bdb66b0003af1580702165479732efabd6c5b49b4e2f6a9209,2026-06-30T14:39:26+00:00,success,LEGACY_SOURCE_MANIFEST
SRC02137,K213642,https://www.accessdata.fda.gov/cdrh_docs/pdf21/K213642.pdf,510k_summary_pdf,2a0fbfdf581faa94cff1c6824aef842d7b1ed1108e3477d36ea8cd55908dd32c,73c60aca6266d285e1cda78a925f3d5e83465d8044a08a0387a213ff05e371cf,2026-06-30T14:39:33+00:00,success,LEGACY_SOURCE_MANIFEST
SRC02138,K212005,https://www.accessdata.fda.gov/scripts/cdrh/cfdocs/cfpmn/pmn.cfm?ID=K212005,fda_database_entry_html,1ea0d815d3a04b391cbfe23e909b6118bddd216be83ff75f36522be32cb78271,b6d1dc4bacd0f36cb19fedeedae755b1ce2cb21e6e664bb0efb3166a068af7fd,2026-06-30T14:39:28+00:00,success,LEGACY_SOURCE_MANIFEST
SRC02139,K212005,https://www.accessdata.fda.gov/cdrh_docs/pdf21/K212005.pdf,510k_summary_pdf,ba82ed2ec471504e3d1c20d804f2a5b066de1640ff2d2608fd0f530c5bc12c50,d87d18ef7449b51e82b42031bc50ad4747f942c554b4c0dbd88cd57b11ffb38a,2026-06-30T14:39:32+00:00,success,LEGACY_SOURCE_MANIFEST
SRC02140,K211443,https://www.accessdata.fda.gov/scripts/cdrh/cfdocs/cfpmn/pmn.cfm?ID=K211443,fda_database_entry_html,6f9871dc389b12bfa02266c2e0cf606cc24b692b979fa93913bdba45d534df26,5ea12be4122eff94374e9e64bcad9d0b75b9e22964f59ade88a68d2df40baea5,2026-06-30T14:39:28+00:00,success,LEGACY_SOURCE_MANIFEST
SRC02141,K211443,https://www.accessdata.fda.gov/cdrh_docs/pdf21/K211443.pdf,510k_summary_pdf,82d364f706730b340aef9470e66043e8515d8a3d4a3b19e0d57e3db651faf1fd,3dfc7fac8dc4e3bb8f2a97d4a6a931d1a228a7ff6e4d0bbb5b1263782da545e6,2026-06-30T14:39:35+00:00,success,LEGACY_SOURCE_MANIFEST
SRC02142,K213544,https://www.accessdata.fda.gov/scripts/cdrh/cfdocs/cfpmn/pmn.cfm?ID=K213544,fda_database_entry_html,c59ee1735f6c00dadee8c81f2f1a3d9823e208dd9ad4e1fb9f452679cc9f26f2,4086d1b9c48aa008ab075278d17270c8b9b468cf4beda673e5dee7d6567bdb7a,2026-06-30T14:39:37+00:00,success,LEGACY_SOURCE_MANIFEST
SRC02143,K213544,https://www.accessdata.fda.gov/cdrh_docs/pdf21/K213544.pdf,510k_summary_pdf,10e3e11a973a31fd6e756bddb2cabb3d4a8d34a7b4092b3b3b9b2b41c3f22052,72a5ddc80c4bb788551f47237613e868879b20984e7cc4409d8f465637ac8fe3,2026-06-30T14:39:42+00:00,success,LEGACY_SOURCE_MANIFEST
SRC02144,K213776,https://www.accessdata.fda.gov/scripts/cdrh/cfdocs/cfpmn/pmn.cfm?ID=K213776,fda_database_entry_html,47ac7e7751eef2ddda144c6af4a84e7505183f442fe6909c4e9814bb177a3d16,f9c2b64858031ef39f7422e79cd21956ad874d6ca96657e6a462861e3a7ece67,2026-06-30T14:39:40+00:00,success,LEGACY_SOURCE_MANIFEST
SRC02145,K213776,https://www.accessdata.fda.gov/cdrh_docs/pdf21/K213776.pdf,510k_summary_pdf,c3c33ae9c6a96687a496aaedd1b873d7b1c3bde5facff8fe18bf0e70cb30628a,ee8835e3723baacd3adc2474fce65856838ee3dec2833bacd78da8ec4f2b6785,2026-06-30T14:39:42+00:00,success,LEGACY_SOURCE_MANIFEST
SRC02146,K202404,https://www.accessdata.fda.gov/scripts/cdrh/cfdocs/cfpmn/pmn.cfm?ID=K202404,fda_database_entry_html,096d7b58e1352358997541f698b35ae68f377e21aae7fa234d8b282212424f6b,467ec94103143790b8ba1515db2ff54a5f0b25cc2a7ae8346997690d2daff7f8,2026-06-30T14:39:46+00:00,success,LEGACY_SOURCE_MANIFEST
SRC02147,K202404,https://www.accessdata.fda.gov/cdrh_docs/pdf20/K202404.pdf,510k_summary_pdf,70630c83fdae6f5ddb12ea4dec96452719a4036b166de1c98e6ed7758cd33d2d,3653031b961344a41ad66896750fa1076daa44945323b39e3bf3ca56a672af41,2026-06-30T14:39:54+00:00,success,LEGACY_SOURCE_MANIFEST
SRC02148,K212690,https://www.accessdata.fda.gov/scripts/cdrh/cfdocs/cfpmn/pmn.cfm?ID=K212690,fda_database_entry_html,224ae8e07e1b8e1a5ff9d01f2e35290a46f302424ac88f724fd248ba80d8db7a,790e64a3c78fe7ca480d1a142365b4a20bb10af6d87c0524cc6cc8dfc8b5d605,2026-06-30T14:39:46+00:00,success,LEGACY_SOURCE_MANIFEST
SRC02149,K212690,https://www.accessdata.fda.gov/cdrh_docs/pdf21/K212690.pdf,510k_summary_pdf,08c8d8305cb24772243fc8f696c2606cf54539e45eba64aa249173731868d238,4aad92d7c5b1d1c541a10318f1abfa7f0cc757a38690d022fa48c3a01bf37bc9,2026-06-30T14:39:51+00:00,success,LEGACY_SOURCE_MANIFEST
SRC02150,K210670,https://www.accessdata.fda.gov/scripts/cdrh/cfdocs/cfpmn/pmn.cfm?ID=K210670,fda_database_entry_html,72583b3a5a88c6ae8e272ce62a2068efdad1e3b5fe38e199aaf9b93816c707f8,d86213006832695b9ea82560caf591e2f7617c37f4db32bccfa7064f4d81ad2c,2026-06-30T14:39:50+00:00,success,LEGACY_SOURCE_MANIFEST
SRC02151,K210670,https://www.accessdata.fda.gov/cdrh_docs/pdf21/K210670.pdf,510k_summary_pdf,19d128ef22edc06421c8a472afa119c3fec3216e5d11a39fd1b25a0c79498d65,4a48aa6f846add9061bb7a35ce53605150aecfb9a9fcab5c70e33b407ad91326,2026-06-30T14:39:53+00:00,success,LEGACY_SOURCE_MANIFEST
SRC02152,K213275,https://www.accessdata.fda.gov/scripts/cdrh/cfdocs/cfpmn/pmn.cfm?ID=K213275,fda_database_entry_html,2574d7abd03c9c82786c63fe27c343e97d487f2b486b85c4f477c0f6fd2ec917,4bc8f5e3bcea1c5dc324a1b8a216dc7ba2aece2fc8d78bcaafce78f2bdae41f7,2026-06-30T14:39:55+00:00,success,LEGACY_SOURCE_MANIFEST
SRC02153,K213275,https://www.accessdata.fda.gov/cdrh_docs/pdf21/K213275.pdf,510k_summary_pdf,5ab296c53eb4167c206d7aa36bb925134cbc89865454cce536569858a65acc80,e9deba328070f4d375ff9d67c7039d0c1b18a143b2a1ed9b35d3429cd146b311,2026-06-30T14:39:59+00:00,success,LEGACY_SOURCE_MANIFEST
SRC02154,K213628,https://www.accessdata.fda.gov/scripts/cdrh/cfdocs/cfpmn/pmn.cfm?ID=K213628,fda_database_entry_html,b684af29b62f3216adc12d93ad213075752d8c90e312b75068c9cc0bfb928608,e0fbb1e20a0cb5dbbcd0aa50c3fc2f0e14ad16bc7e9b0e26146b232f9b0b1211,2026-06-30T14:40:01+00:00,success,LEGACY_SOURCE_MANIFEST
SRC02155,K213628,https://www.accessdata.fda.gov/cdrh_docs/pdf21/K213628.pdf,510k_summary_pdf,32d59522fc0c2499c75426583c4e89327ee18b8ae95827c92101712e08608689,58c6da6953c988925be4163a2fbcd5b19a77ee3032b4623dcfba817a74006e70,2026-06-30T14:40:05+00:00,success,LEGACY_SOURCE_MANIFEST
SRC02156,K212616,https://www.accessdata.fda.gov/scripts/cdrh/cfdocs/cfpmn/pmn.cfm?ID=K212616,fda_database_entry_html,e0d9e2780242732facac9b637507a3bda62ea6b294d4698d4295b39d952a449f,9275ebb00b7bffcb3d78d9679131b091f0d917cc492a69228b50e1d8d25972b0,2026-06-30T14:40:02+00:00,success,LEGACY_SOURCE_MANIFEST
SRC02157,K212616,https://www.accessdata.fda.gov/cdrh_docs/pdf21/K212616.pdf,510k_summary_pdf,a278dfb4688bc28d044cdb1a0baeaf873b6d28a18700a7484970eadf3233b53d,83fa27c8e1554ca7d5b2a0ec72e3df22445b6b6a82a308c6e219f82e064cce93,2026-06-30T14:40:05+00:00,success,LEGACY_SOURCE_MANIFEST
SRC02158,K213155,https://www.accessdata.fda.gov/scripts/cdrh/cfdocs/cfpmn/pmn.cfm?ID=K213155,fda_database_entry_html,6e0c75f8fbb4c97a04b94e28dd61714276672fc12f27a21a89b80e43b7e68f4b,cd761078189a3f8649f99cf7c468e9d682c31c12b8f5fc7b4e3ad50e31b452d0,2026-06-30T14:40:05+00:00,success,LEGACY_SOURCE_MANIFEST
SRC02159,K213155,https://www.accessdata.fda.gov/cdrh_docs/pdf21/K213155.pdf,510k_summary_pdf,1b302832a7c9f6ee1a46700d3bb7420f4b3a3be7e030010a3616a453b7c0c97d,98716c7e8140d25e3ab6b9fb7edfefc6ff8a2a5b68b7c38c2d1ad52d7aa50ee0,2026-06-30T14:40:09+00:00,success,LEGACY_SOURCE_MANIFEST
SRC02160,K211803,https://www.accessdata.fda.gov/scripts/cdrh/cfdocs/cfpmn/pmn.cfm?ID=K211803,fda_database_entry_html,d688664e708ac3a180b48cc6b89fa6ff93088169f3303233e2aba5ab68511beb,b02c5b7e4886530453bfbb9278b6b037682807dc48945329b391f96a6dbbf4a5,2026-06-30T14:40:12+00:00,success,LEGACY_SOURCE_MANIFEST
SRC02161,K211803,https://www.accessdata.fda.gov/cdrh_docs/pdf21/K211803.pdf,510k_summary_pdf,42719f76edec425acbd5e5e4559e614d253ec20383f5c3bd19f5c3a29da2fe43,443c5cd196fec54c4dcc52510c9f80c10fd4e1c57bbc43c817822bb6d1dca901,2026-06-30T14:40:19+00:00,success,LEGACY_SOURCE_MANIFEST
SRC02162,K212466,https://www.accessdata.fda.gov/scripts/cdrh/cfdocs/cfpmn/pmn.cfm?ID=K212466,fda_database_entry_html,bff1f9d9c75f09b52243043ba38b123a13f123e2f8c70ce1714426ef9a09abcf,e72c9c05ec229628eaee26246a931739acede07e38d5b5a2dac3c5fdfb58ad1a,2026-06-30T14:40:15+00:00,success,LEGACY_SOURCE_MANIFEST
SRC02163,K212466,https://www.accessdata.fda.gov/cdrh_docs/pdf21/K212466.pdf,510k_summary_pdf,ed997b20d40d731da9141359db22ada806f5d129b36a5c3639591dc1d20881cd,4a43a80e280cae6d4bdd2341757733555cd30f5164b949226c1045ee76a38a5f,2026-06-30T14:40:18+00:00,success,LEGACY_SOURCE_MANIFEST
SRC02164,K213096,https://www.accessdata.fda.gov/scripts/cdrh/cfdocs/cfpmn/pmn.cfm?ID=K213096,fda_database_entry_html,245e6d2406b5ade9f5ca3c978e7e567885464f896572c70f9855be7b2953e783,805e6aee7c83f25d73eb5cd651108e00f35d8d0c7894ac24855ff91244c38d1f,2026-06-30T14:40:16+00:00,success,LEGACY_SOURCE_MANIFEST
SRC02165,K213096,https://www.accessdata.fda.gov/cdrh_docs/pdf21/K213096.pdf,510k_summary_pdf,29453182311a790da99724a3becca79ab491042c7b68b0459dfbd72f9e5eaeab,c445d6677a4c32b55f99155b38b615616a8c0bbf84614c65e564d09e5460d85d,2026-06-30T14:40:17+00:00,success,LEGACY_SOURCE_MANIFEST
SRC02166,K212219,https://www.accessdata.fda.gov/scripts/cdrh/cfdocs/cfpmn/pmn.cfm?ID=K212219,fda_database_entry_html,48c2154aaefabe95b226df2773a7fcc0a6767178bbdb5a3c9e733b455295ac54,041932bd0f0a6b43063344469239f58b2256466a13e548b1d1c4ae9a02417e6a,2026-06-30T14:40:17+00:00,success,LEGACY_SOURCE_MANIFEST
SRC02167,K212219,https://www.accessdata.fda.gov/cdrh_docs/pdf21/K212219.pdf,510k_summary_pdf,572a63ec4336c89f066fa2009f506ff1d8f12592a03148a5028526a8b70aa2c3,65c51e2767c2287d288af7201361fd34d69d03db4d624249bcad38bb5388d6a3,2026-06-30T14:40:22+00:00,success,LEGACY_SOURCE_MANIFEST
SRC02168,K212442,https://www.accessdata.fda.gov/scripts/cdrh/cfdocs/cfpmn/pmn.cfm?ID=K212442,fda_database_entry_html,d19368773a29d868b406fe9538c12eaeb947d7e57598595526ae0aa198a24da6,1a36e86c43ba802ec39e83b5f7efd9bc62484ae7e86b5ade25a8c9511b6d2424,2026-06-30T14:40:23+00:00,success,LEGACY_SOURCE_MANIFEST
SRC02169,K212442,https://www.accessdata.fda.gov/cdrh_docs/pdf21/K212442.pdf,510k_summary_pdf,fa06e48db2e75fe2a3c251ea3dcedde5572c4101d0caf1148137da03cc899b10,50128b32b12eb1c70ffaf4ba5ee90ed9892084508a8d9819709c6bbc921cd1b6,2026-06-30T14:40:25+00:00,success,LEGACY_SOURCE_MANIFEST
SRC02170,K213305,https://www.accessdata.fda.gov/scripts/cdrh/cfdocs/cfpmn/pmn.cfm?ID=K213305,fda_database_entry_html,2774ee19e6dd374608d8ea9ce79d93421a93e9288426bc1ada31fe3e5cbdbdfb,dd9f14f9e1ace76fb139865441f147dd6b99ced9bb5d59a2247912f9c6ce72d1,2026-06-30T14:40:23+00:00,success,LEGACY_SOURCE_MANIFEST
SRC02171,K213305,https://www.accessdata.fda.gov/cdrh_docs/pdf21/K213305.pdf,510k_summary_pdf,1e77a266b2cfa81907e471d5308e705d4622a34bdc0d9cf237e5fb031429af56,2a62576936ea8266ba7c0b8e5dad9fcfbb04c443f4ddb4c0feebfa871bc12973,2026-06-30T14:40:26+00:00,success,LEGACY_SOURCE_MANIFEST
SRC02172,K211541,https://www.accessdata.fda.gov/scripts/cdrh/cfdocs/cfpmn/pmn.cfm?ID=K211541,fda_database_entry_html,2859d39d057e4a71af720a04d9dbaed4f7049c759f40ef66fdcf1abca90fdc8f,2c98d7eef8b8a17742dceba9cca0ac3ce668681e2883d77b9090fc3a871edede,2026-06-30T14:40:24+00:00,success,LEGACY_SOURCE_MANIFEST
SRC02173,K211541,https://www.accessdata.fda.gov/cdrh_docs/pdf21/K211541.pdf,510k_summary_pdf,95052e04d8cd470e8215565b8d1ce50f7201252e0f481b3fbf9d21629cc8da65,3b6bef2d15f6eed4a0d00b7e81685571dce888865315565bf4a3eeff80e4d2a9,2026-06-30T14:40:27+00:00,success,LEGACY_SOURCE_MANIFEST
SRC02174,K210831,https://www.accessdata.fda.gov/scripts/cdrh/cfdocs/cfpmn/pmn.cfm?ID=K210831,fda_database_entry_html,a7d7270bc028b2014c6d5450158212a7a0c2ccca21d0ab3a5765c36cb8a297a0,4781e2fb465987091d73a63f56d0193ed9c16680bf16b41342c70bb76daaa65f,2026-06-30T14:40:30+00:00,success,LEGACY_SOURCE_MANIFEST
SRC02175,K210831,https://www.accessdata.fda.gov/cdrh_docs/pdf21/K210831.pdf,510k_summary_pdf,70800191003b6913d406152fe0a81d9dab454404972283718c0ae19bb02a7e31,0d29450cfa92d5ee7b0b3762b9b0ac55f776a24d251cc57971b4bdba7766a193,2026-06-30T14:40:32+00:00,success,LEGACY_SOURCE_MANIFEST
SRC02176,K211326,https://www.accessdata.fda.gov/scripts/cdrh/cfdocs/cfpmn/pmn.cfm?ID=K211326,fda_database_entry_html,02290b4fdfb533b91934dc3977c8541169a4d41ed9c2ab952d0c57a0326850fe,fc9270812491f36dd8669b9bdc7d659b054852d1860251d80ff80b4f33028244,2026-06-30T14:40:30+00:00,success,LEGACY_SOURCE_MANIFEST
SRC02177,K211326,https://www.accessdata.fda.gov/cdrh_docs/pdf21/K211326.pdf,510k_summary_pdf,228935dcf60746a62dc64f2b249c83b0108e4bc9de5365904dbe24fb52d3890f,7a6c71de26304e746e453181730439bcc48ccecd743855ccf15ebd1c12e3422c,2026-06-30T14:40:34+00:00,success,LEGACY_SOURCE_MANIFEST
SRC02178,K212456,https://www.accessdata.fda.gov/scripts/cdrh/cfdocs/cfpmn/pmn.cfm?ID=K212456,fda_database_entry_html,cc1e21e761b00ce1f1b8ca9978c264e10d8320647ed23ddc4d563f194f0b2374,115265eae43298abb0da88bd54a7af2e116e413efa7adb9c848ffa490445cd0c,2026-06-30T14:40:32+00:00,success,LEGACY_SOURCE_MANIFEST
SRC02179,K212456,https://www.accessdata.fda.gov/cdrh_docs/pdf21/K212456.pdf,510k_summary_pdf,bd5f1720ac45762aaf9a3a37f9c2a07d09d9f7f0997feb5865a3c409d3a15785,bada96d7732b1c68a05ab23d35ca7889f1bed82ba5f183914aec4b20d7d93014,2026-06-30T14:40:38+00:00,success,LEGACY_SOURCE_MANIFEST
SRC02180,K212336,https://www.accessdata.fda.gov/scripts/cdrh/cfdocs/cfpmn/pmn.cfm?ID=K212336,fda_database_entry_html,2e0def7cf1f25a64e9e4c5ab545933f1fcbd3bf39d501881ccc4e972bde1bddb,59b9e088dc49af8eb5a71886fba4fdd9674ceedbecfda128031f75693048332b,2026-06-30T14:40:36+00:00,success,LEGACY_SOURCE_MANIFEST
SRC02181,K212336,https://www.accessdata.fda.gov/cdrh_docs/pdf21/K212336.pdf,510k_summary_pdf,79047ad4186a6fb63f40ade3318527cc8c57d1da9377d567133fa171c5acfebc,5cb0c0905c23be5d63f003a176ab01b72b742cad72e2f3df04f5fffa56ed8e0b,2026-06-30T14:40:39+00:00,success,LEGACY_SOURCE_MANIFEST
SRC02182,K211678,https://www.accessdata.fda.gov/scripts/cdrh/cfdocs/cfpmn/pmn.cfm?ID=K211678,fda_database_entry_html,b15dc203bad453362b67f19b3b5858d2135d87ca4add5bb1c9c6438a00919173,5788c89b72a28e87034738a4943288bf18e4485103a61f9225c1b26d0c7e14a0,2026-06-30T14:40:44+00:00,success,LEGACY_SOURCE_MANIFEST
SRC02183,K211678,https://www.accessdata.fda.gov/cdrh_docs/pdf21/K211678.pdf,510k_summary_pdf,47591e77e0aa37b4c6b9c72a9fb65efa8ee0d376d8cce2668fb229ab0879f623,f4d020decd670803835bfe38ad1e22db2cfafca241ba78f2896a0720a6269d17,2026-06-30T14:41:00+00:00,success,LEGACY_SOURCE_MANIFEST
SRC02184,K212265,https://www.accessdata.fda.gov/scripts/cdrh/cfdocs/cfpmn/pmn.cfm?ID=K212265,fda_database_entry_html,a7739eb21ef508dd1d0a92227f6fb0d5219d2dafdf6879e93a31b5e12d5ee47a,2b71c0362197cf2a0178f837e2c08016b9a5507db9e9b6fddec1571d67bd7b3a,2026-06-30T14:40:44+00:00,success,LEGACY_SOURCE_MANIFEST
SRC02185,K212265,https://www.accessdata.fda.gov/cdrh_docs/pdf21/K212265.pdf,510k_summary_pdf,b04afffa4498bf2335e64cdd412d34a34d8d458720799e7cde586672fbfe2bcf,329c0d2e8a7c31123624300df243d95a172859bb013b612d61e4b88d960eebe1,2026-06-30T14:40:48+00:00,success,LEGACY_SOURCE_MANIFEST
SRC02186,K213436,https://www.accessdata.fda.gov/scripts/cdrh/cfdocs/cfpmn/pmn.cfm?ID=K213436,fda_database_entry_html,0145a17baabd141c01c5ac7d59c9457fb9ad5a81cfd9b12d1634a7f39d33670f,28a12d1f3612c5224a99dab41b7eb4171e490d6af2f6d2a1ce31b38fcc972049,2026-06-30T14:41:14+00:00,success,LEGACY_SOURCE_MANIFEST
SRC02187,K213436,https://www.accessdata.fda.gov/cdrh_docs/pdf21/K213436.pdf,510k_summary_pdf,7a7f9db8746cd36e12efc8c77f10a239dc9c1035fc9d57d61cc6ac0b60833601,ab04041d9b25b8e1fb7413c68954408ce5641cf8cd836c4785eea69114658f49,2026-06-30T14:41:20+00:00,success,LEGACY_SOURCE_MANIFEST
SRC02188,K211733,https://www.accessdata.fda.gov/scripts/cdrh/cfdocs/cfpmn/pmn.cfm?ID=K211733,fda_database_entry_html,e8e099581c81c37d2941d254c097a82e8293a71ee2a428060b6f8753302eefb7,fe8ee2b7ec9736ddd23946da758f3e763160c700250a71ab6709f5928907d63d,2026-06-30T14:41:18+00:00,success,LEGACY_SOURCE_MANIFEST
SRC02189,K211733,https://www.accessdata.fda.gov/cdrh_docs/pdf21/K211733.pdf,510k_summary_pdf,a35ae2cb6a79a81d04c2d48417275a42ab7c724577f6c39c40e9b9b58b9bb414,c0f28860331833577418b79b7632b2a4f37e939bc745d22ad721e27aaf977f82,2026-06-30T14:41:25+00:00,success,LEGACY_SOURCE_MANIFEST
SRC02190,K210543,https://www.accessdata.fda.gov/scripts/cdrh/cfdocs/cfpmn/pmn.cfm?ID=K210543,fda_database_entry_html,9a60568ddeb6c8302a331229ea2c5242716d499a6b99ef29389dfc23267ed666,b2f26519cd0848abadc2d909a2c25d66c2dab9c152c9cdc9c2d187a96e26434a,2026-06-30T14:41:29+00:00,success,LEGACY_SOURCE_MANIFEST
SRC02191,K210543,https://www.accessdata.fda.gov/cdrh_docs/pdf21/K210543.pdf,510k_summary_pdf,19607a21767a67e58fc1d7276448d1426f81dd5fca52236112c98465a02dfc7b,5db97c680b6e1dd9620312201545c9aaa7bbf3b1c2291a20a4d18cb5c77f4cb7,2026-06-30T14:41:35+00:00,success,LEGACY_SOURCE_MANIFEST
SRC02192,K211161,https://www.accessdata.fda.gov/scripts/cdrh/cfdocs/cfpmn/pmn.cfm?ID=K211161,fda_database_entry_html,f804c1a3d8b6ac3b39c0106cdb18499853dcc8491aefd3d52a197725cb02c137,97f27166acaf602223714ee687d901fb5aec0c274021b779745bb68c77b82527,2026-06-30T14:41:31+00:00,success,LEGACY_SOURCE_MANIFEST
SRC02193,K211161,https://www.accessdata.fda.gov/cdrh_docs/pdf21/K211161.pdf,510k_summary_pdf,ff73557f70250628c4c754622d52b063f1cd329611287dcbf46fbe8933c07ec2,7f66c9ec0c0e03880c78c4b5c118fee1566e218a8d1f0318580882a20b47223a,2026-06-30T14:41:35+00:00,success,LEGACY_SOURCE_MANIFEST
SRC02194,K212218,https://www.accessdata.fda.gov/scripts/cdrh/cfdocs/cfpmn/pmn.cfm?ID=K212218,fda_database_entry_html,d663ec431946b8970eefc2c333bb65754148c18cb3a1e2aee3050e313cd1acac,b5de3468f83d4ada453efd74bd2a22d4542626785a166e6895ceb5690b16de45,2026-06-30T14:41:33+00:00,success,LEGACY_SOURCE_MANIFEST
SRC02195,K212218,https://www.accessdata.fda.gov/cdrh_docs/pdf21/K212218.pdf,510k_summary_pdf,15bb1e0e3c82a973897baf6684fa7d139e0d7a306170c2513a48708568f92b46,eae649993a156d834ed0edecf0c7c65a4adb1bbdf2e3e70f63ac99b3f85f6d46,2026-06-30T14:41:38+00:00,success,LEGACY_SOURCE_MANIFEST
SRC02196,K210807,https://www.accessdata.fda.gov/scripts/cdrh/cfdocs/cfpmn/pmn.cfm?ID=K210807,fda_database_entry_html,a00a343f166912084547c1366be28c62238fd159974fa765637ef41188ee32de,83d5452a35aa05204efce545e8f9375aca3eacfe90c10919c2f8bde573b46197,2026-06-30T14:41:41+00:00,success,LEGACY_SOURCE_MANIFEST
SRC02197,K210807,https://www.accessdata.fda.gov/cdrh_docs/pdf21/K210807.pdf,510k_summary_pdf,6631765693fa7c49d9cabfdb3507e64c347c155a1afd459678b3621aa547f482,5bec135524c2cff2bd0a32b6166885b756cbf2904b5ab6d585630e46d319304e,2026-06-30T14:41:47+00:00,success,LEGACY_SOURCE_MANIFEST
SRC02198,K212516,https://www.accessdata.fda.gov/scripts/cdrh/cfdocs/cfpmn/pmn.cfm?ID=K212516,fda_database_entry_html,b1db091855fcd76c1d717e52894ae63ed3a5a4c95de5cb210d2f2199c768686c,16002810d6d5c622a449b75035bb84f60a5beec69a09088ddbd8c7202f9d5e5b,2026-06-30T14:41:45+00:00,success,LEGACY_SOURCE_MANIFEST
SRC02199,K212516,https://www.accessdata.fda.gov/cdrh_docs/pdf21/K212516.pdf,510k_summary_pdf,bf8933e08f4e03a452077e894a77f08a37365b78819ef4e8d7ab06b1b55f9eaf,66da38d7b4197b62ff5a7d0bd16b8b7325ab55d352ff7004598e1a176c46fa9f,2026-06-30T14:41:47+00:00,success,LEGACY_SOURCE_MANIFEST
SRC02200,K210632,https://www.accessdata.fda.gov/scripts/cdrh/cfdocs/cfpmn/pmn.cfm?ID=K210632,fda_database_entry_html,918b8bad443b024bc3e07eb5e1cbb8d3a697743c21f4be1b04057eb61fd204b7,6dfc99d0d31e0358fdbbfa9a4c962d52c829dbcc8ce03c17ca6bf3248e3db977,2026-06-30T14:41:46+00:00,success,LEGACY_SOURCE_MANIFEST
SRC02201,K210632,https://www.accessdata.fda.gov/cdrh_docs/pdf21/K210632.pdf,510k_summary_pdf,a45260fff629e80e8e20deb6d68854641b2b4e9069c53809b72a3cc91a689185,b26995eb70852df404bc5aa3628a48eae572fe4ca0c67eed74f52a8df2553160,2026-06-30T14:41:48+00:00,success,LEGACY_SOURCE_MANIFEST
SRC02202,K210999,https://www.accessdata.fda.gov/scripts/cdrh/cfdocs/cfpmn/pmn.cfm?ID=K210999,fda_database_entry_html,2ca8c4c4c3bdb70c4afceffa42ebd17b7517a8cd36d5cc89a054b71f1ac54b6d,724b330b7dff148d4fee7470fc92c86fc889c59d1d7bfade9ebdf1c70282e614,2026-06-30T14:41:51+00:00,success,LEGACY_SOURCE_MANIFEST
SRC02203,K210999,https://www.accessdata.fda.gov/cdrh_docs/pdf21/K210999.pdf,510k_summary_pdf,8d4c75b4c05ce51d4b8a56dff7f427343fb561d150a7c01fcdd5a76395236bcb,c55702e77349aaab4f4ec532c4c959d58ef4103ec58b74f446b90ccfbaec011a,2026-06-30T14:41:52+00:00,success,LEGACY_SOURCE_MANIFEST
SRC02204,K212261,https://www.accessdata.fda.gov/scripts/cdrh/cfdocs/cfpmn/pmn.cfm?ID=K212261,fda_database_entry_html,bd78172152ae54471cdeed482351b4fbad6ce3c17396d6cc64a4ee37828c1f7a,0f2c807780939ff257e6ab4b0a66b2a74868a2e170c40d3b73f710f397c8c839,2026-06-30T14:41:54+00:00,success,LEGACY_SOURCE_MANIFEST
SRC02205,K212261,https://www.accessdata.fda.gov/cdrh_docs/pdf21/K212261.pdf,510k_summary_pdf,3105c3bfd62b093533e2f6f185c937c6f76302d27068f2362c0a861e77f81d20,1c82d79be14e1ff203bd39cb6351d4474bba2d115220fec5e729550cf146cce1,2026-06-30T14:41:58+00:00,success,LEGACY_SOURCE_MANIFEST
SRC02206,K212116,https://www.accessdata.fda.gov/scripts/cdrh/cfdocs/cfpmn/pmn.cfm?ID=K212116,fda_database_entry_html,0c1fe3eb467a75e1f9600fb4f6c94aeb52513a0aee52cfbe54ba8d815dc78b5d,39eae4ff7ee4562a92b431d3fc8b6391e6e5abab79df2c6eb4b63d6403106fee,2026-06-30T14:41:55+00:00,success,LEGACY_SOURCE_MANIFEST
SRC02207,K212116,https://www.accessdata.fda.gov/cdrh_docs/pdf21/K212116.pdf,510k_summary_pdf,786aec7945a8a4a05353a3f0930c30a1438718cec2b75aebcd7db3b7c3c398cb,d6470e8f0bdc393910e87b7b387f1dc8b7f264d17a5a5fc5cb520a173b5ed767,2026-06-30T14:41:57+00:00,success,LEGACY_SOURCE_MANIFEST
SRC02208,K202927,https://www.accessdata.fda.gov/scripts/cdrh/cfdocs/cfpmn/pmn.cfm?ID=K202927,fda_database_entry_html,ec5f9d4280e41ab46d4e1ac0c8da7594a04b74550aeae02b6109c423d0e411fd,a866bf67a36a6aa7a5eea481f544ba0bdcf9997a2f7bd2f0d8008b05d63bc5f4,2026-06-30T14:42:00+00:00,success,LEGACY_SOURCE_MANIFEST
SRC02209,K202927,https://www.accessdata.fda.gov/cdrh_docs/pdf20/K202927.pdf,510k_summary_pdf,f276ac3fd4bf8a7aac82498b6c918611a1965c6ed37fb1570f6d564ae6abf3a9,882cfcbefe138fbd97020363bb96e19f27a5d1c953b2f2e9b797a674fc51e92f,2026-06-30T14:42:03+00:00,success,LEGACY_SOURCE_MANIFEST
SRC02210,K211964,https://www.accessdata.fda.gov/scripts/cdrh/cfdocs/cfpmn/pmn.cfm?ID=K211964,fda_database_entry_html,1f29064a472684d2846c21cafd1313db1233003ffe5c33c0a2b8bbd7f2108c4c,f313f4c796212e96369b3def8f7de2e05f1200ce38cc124929e0feef10505076,2026-06-30T14:42:01+00:00,success,LEGACY_SOURCE_MANIFEST
SRC02211,K211964,https://www.accessdata.fda.gov/cdrh_docs/pdf21/K211964.pdf,510k_summary_pdf,44b058bffefa70963f6ad23f1b6d3e54e9b19f3de30f51fe2efa631ceb8b8368,40b7df48b5ede19b330ad050a55db3015fd32671fe96b574916cd6405ac86273,2026-06-30T14:42:04+00:00,success,LEGACY_SOURCE_MANIFEST
SRC02212,K212704,https://www.accessdata.fda.gov/scripts/cdrh/cfdocs/cfpmn/pmn.cfm?ID=K212704,fda_database_entry_html,251aa13207827cdc17429f3f2bed69be0f8801cee34fca46045af760e227414a,7f64a21bdc4ff074585843dc7191560e1541b747b114b3128308cc13dde72d4a,2026-06-30T14:42:09+00:00,success,LEGACY_SOURCE_MANIFEST
SRC02213,K212704,https://www.accessdata.fda.gov/cdrh_docs/pdf21/K212704.pdf,510k_summary_pdf,51a46c76475bc2181879269b2154135a625efbf74c2442fac9e1e584a12b86a1,029ee04841881d54cf5c2fb5e3371c8cc32fbecf6a5c990fc5cc61101a828375,2026-06-30T14:42:15+00:00,success,LEGACY_SOURCE_MANIFEST
SRC02214,DEN200080,https://www.accessdata.fda.gov/scripts/cdrh/cfdocs/cfpmn/denovo.cfm?ID=DEN200080,fda_database_entry_html,a133ae0a1c4a154b0ba1751f7fdb8a827f23ce3790a2f6e4e62109aea52f920e,0d2d2265e4214c20b38df7cc0a5c45dc444acf81e11bcf6993a90ba086fa6a8c,2026-06-30T14:42:23+00:00,success,LEGACY_SOURCE_MANIFEST
SRC02215,DEN200080,https://www.accessdata.fda.gov/cdrh_docs/pdf20/DEN200080.pdf,approval_order_pdf,29e51978c7896028811ce2cc4754f8a4c0d7eee75ea382f3206b1651948c2a68,17a63d86ad2c8683116e47b71c4ad82b1e9193e155ea563874f098191d54893a,2026-06-30T14:42:27+00:00,success,LEGACY_SOURCE_MANIFEST
SRC02216,DEN200080,http://www.accessdata.fda.gov/cdrh_docs/reviews/DEN200080.pdf,de_novo_summary_pdf,dad93a14272627739dc3a250fae1b8f35e4ffb15eff842a7511f54222407f246,388d2af47ad213d895ff7fb41b92b6c18a28e3c5b5c5e91f43f0dd8dffbb2d79,2026-06-30T14:42:30+00:00,success,LEGACY_SOURCE_MANIFEST
SRC02217,K212067,https://www.accessdata.fda.gov/scripts/cdrh/cfdocs/cfpmn/pmn.cfm?ID=K212067,fda_database_entry_html,a6cb6b7dcdea3a94c992bc22ac16bc10b53187a5bcbc0f883b4066704e1ace81,ba49a94d8561f0b4b877a7b960bc33c59b4bca20db7b7ed4e979e7564ac1c084,2026-06-30T14:42:26+00:00,success,LEGACY_SOURCE_MANIFEST
SRC02218,K212067,https://www.accessdata.fda.gov/cdrh_docs/pdf21/K212067.pdf,510k_summary_pdf,4fd2ac08a82d174b33223f6056e10b6152b5807d0d0c5cb8789d26bcb46d0c7f,e8b8d167ff547b61224f8941b6a7c0e4499d55d25b7d3e7cca51310376634346,2026-06-30T14:42:30+00:00,success,LEGACY_SOURCE_MANIFEST
SRC02219,K212269,https://www.accessdata.fda.gov/scripts/cdrh/cfdocs/cfpmn/pmn.cfm?ID=K212269,fda_database_entry_html,c2ddf1d89a857ad5180547f71c99f442d0c2acebb82a6f31caf4f216577e1f8c,7e0c312f8b22494970a27853cc913eb89d5715e1f5543f418a16b206eb95d940,2026-06-30T14:42:27+00:00,success,LEGACY_SOURCE_MANIFEST
SRC02220,K212269,https://www.accessdata.fda.gov/cdrh_docs/pdf21/K212269.pdf,510k_summary_pdf,dd86c17e72f7462fc940bac4e2f09e42c68128e3af635ff18e5e53821009f1a1,af9264c197a8980716d72880e61c609f2c5915f1bb78b7a01882b3732551505f,2026-06-30T14:42:28+00:00,success,LEGACY_SOURCE_MANIFEST
SRC02221,K210085,https://www.accessdata.fda.gov/scripts/cdrh/cfdocs/cfpmn/pmn.cfm?ID=K210085,fda_database_entry_html,019d68c5c52602cc06e5fbdf8c69cb8cd934bb3c77ebf366c8c04bc9bfe845e6,79000bbcadebde6b2adb8d459c6d31c1c9df86afee490713c28b59c1ac782bd1,2026-06-30T14:42:31+00:00,success,LEGACY_SOURCE_MANIFEST
SRC02222,K210085,https://www.accessdata.fda.gov/cdrh_docs/pdf21/K210085.pdf,510k_summary_pdf,d130c64aea9ae33e9da38b9d9d392406b23180a2a987fae74697287f1a184ad2,414cce8082d8ae4931d081dfe2cc2e932ad5a63a7c307e7907bce39134f7d698,2026-06-30T14:42:37+00:00,success,LEGACY_SOURCE_MANIFEST
SRC02223,K203785,https://www.accessdata.fda.gov/scripts/cdrh/cfdocs/cfpmn/pmn.cfm?ID=K203785,fda_database_entry_html,aaa52bb145110400b20270dd539cf07c2cd7d4288d9f9fc9c0f3fd871e0d36e1,76e6677059b23ef042a191d6f78c583e3b2be02d47cc1acec9fdf4196bcfd32a,2026-06-30T14:42:38+00:00,success,LEGACY_SOURCE_MANIFEST
SRC02224,K203785,https://www.accessdata.fda.gov/cdrh_docs/pdf20/K203785.pdf,510k_summary_pdf,890b4144ae25aca9c25843cfd6694e03f6b48260c87c9eff35520a792eab6e6b,047140d10ca823b0c4f8bc38d3d804993b2b0ab0bb5278a00e69b7d900d7fb74,2026-06-30T14:42:41+00:00,success,LEGACY_SOURCE_MANIFEST
SRC02225,K210438,https://www.accessdata.fda.gov/scripts/cdrh/cfdocs/cfpmn/pmn.cfm?ID=K210438,fda_database_entry_html,364a16dded8ecf284cf9ca183e712e472ba3f9b6f2b755d96b6090229155b7b0,11ce099834442e5b42dd3e1645b0f6d4d9944d0e42e52cdd41cbfdac5ec82bb0,2026-06-30T14:42:40+00:00,success,LEGACY_SOURCE_MANIFEST
SRC02226,K210438,https://www.accessdata.fda.gov/cdrh_docs/pdf21/K210438.pdf,510k_summary_pdf,42e22870c0b8c5b9621e4bba02e25821947abae1348cf3a529c24329ce5dfd1e,0df3f4c815d567c23c3c2ae99508d8aa586b5ecd8f19ded4a9032ad6bd611709,2026-06-30T14:42:45+00:00,success,LEGACY_SOURCE_MANIFEST
SRC02227,K211828,https://www.accessdata.fda.gov/scripts/cdrh/cfdocs/cfpmn/pmn.cfm?ID=K211828,fda_database_entry_html,05509b92ae7cf32b2580d859d448c4ab853c8a1c3091785ef1756c3331440c13,620aed14914b7653e0cb15b9ad95636dcd7aa017c0dc033ea28d9bfc9e0e3c09,2026-06-30T14:42:42+00:00,success,LEGACY_SOURCE_MANIFEST
SRC02228,K211828,https://www.accessdata.fda.gov/cdrh_docs/pdf21/K211828.pdf,510k_summary_pdf,eb87180fedad8bb6e52d29a9049c4262c04b3c05459fb4ed247ec7e32bb00e35,307fecb88414125e16710b8aac9316718f6e0fbd123679b031c6157f0362e195,2026-06-30T14:42:44+00:00,success,LEGACY_SOURCE_MANIFEST
SRC02229,K211824,https://www.accessdata.fda.gov/scripts/cdrh/cfdocs/cfpmn/pmn.cfm?ID=K211824,fda_database_entry_html,dcf8f704fa53f38c5a981248f66ee95da76d3bb31fd048f0879002af8e6243a1,bfd1401352fe9ad3b0233e06f89ee3261b0078381dcd1a93c932b259d4518f84,2026-06-30T14:42:48+00:00,success,LEGACY_SOURCE_MANIFEST
SRC02230,K211824,https://www.accessdata.fda.gov/cdrh_docs/pdf21/K211824.pdf,510k_summary_pdf,f3d01f970cbc75766a90d174988a5c5ea0b4e88d46f24b3b53055a4c4ec3438e,2e58e480ee13d21ea19654b5f8e4a0aa5d7a3923a9cd8b54d712f0f9ba89a3f3,2026-06-30T14:42:52+00:00,success,LEGACY_SOURCE_MANIFEST
SRC02231,K211945,https://www.accessdata.fda.gov/scripts/cdrh/cfdocs/cfpmn/pmn.cfm?ID=K211945,fda_database_entry_html,16389f581f1a4594d3af92b1e6dcc6f72a43dcc34f1d9f29c2b6de712847c169,caf2fe95a8131414e127c06715a5b3983443aa4647787925ff23d3b94d4340e2,2026-06-30T14:42:49+00:00,success,LEGACY_SOURCE_MANIFEST
SRC02232,K211945,https://www.accessdata.fda.gov/cdrh_docs/pdf21/K211945.pdf,510k_summary_pdf,ac8704d63adfcbbb958b8dcfa9563b893b7ae815dcf888085350b41dc02b1636,d094fa9419208cc5b3968c7cae0a1919d45d19e08ac1df0d0fc9cb4fc089d09f,2026-06-30T14:42:56+00:00,success,LEGACY_SOURCE_MANIFEST
SRC02233,DEN200030,https://www.accessdata.fda.gov/scripts/cdrh/cfdocs/cfpmn/denovo.cfm?ID=DEN200030,fda_database_entry_html,50757e5d9ef9d793ebca7a6e3eb3fa16d73e2b489ffd5241d2ed8a3fc9e2f828,bff464510773a7028e3345c7e3be862ae8ec320b778f7da74c749015efbe6245,2026-06-30T14:42:52+00:00,success,LEGACY_SOURCE_MANIFEST
SRC02234,DEN200030,https://www.accessdata.fda.gov/cdrh_docs/pdf20/DEN200030.pdf,approval_order_pdf,4cb8d0708d5b9e82c7eaa5a9be906f86dd1244a0be3f243da209b10a5608ee51,7b7ca61317280b5ed3d86244edc33e31889e9a63bc34bdf348421910e75cd22b,2026-06-30T14:42:59+00:00,success,LEGACY_SOURCE_MANIFEST
SRC02235,DEN200030,http://www.accessdata.fda.gov/cdrh_docs/reviews/DEN200030.pdf,de_novo_summary_pdf,5ea6a89d81d1dc7a465eeb0dd5c69b34f94d549adf669a6b7de5eb35d759f6cf,3ced8e9bd12a1688b225eaf221583f265315be9b45e059b7dc38ab639efdfc4d,2026-06-30T14:43:11+00:00,success,LEGACY_SOURCE_MANIFEST
SRC02236,K203555,https://www.accessdata.fda.gov/scripts/cdrh/cfdocs/cfpmn/pmn.cfm?ID=K203555,fda_database_entry_html,1e7e2f8392c84dad72898f86f12f824958ac0489ec72b84ea877823a5919586d,19a67b45d9a9c232c4645bdc33cdd8b1f53bea913e04728846608b0949d819d0,2026-06-30T14:42:57+00:00,success,LEGACY_SOURCE_MANIFEST
SRC02237,K203555,https://www.accessdata.fda.gov/cdrh_docs/pdf20/K203555.pdf,510k_summary_pdf,56133e59ac205ed325ab8687f2092890612dea7cda9849c379aa584c41a7c9b3,357d3aa6cab9eb2b0816ca09d26c56b8d4a0a3dc3b4273895bd99c97c8311ec6,2026-06-30T14:43:00+00:00,success,LEGACY_SOURCE_MANIFEST
SRC02238,K211597,https://www.accessdata.fda.gov/scripts/cdrh/cfdocs/cfpmn/pmn.cfm?ID=K211597,fda_database_entry_html,88ef3fe05dae71cc4286ad4298aa44673237e42a0ca6972eadad029191ebcfdf,6c223e167bc2ca96ade308df64f563bd51c3dd473cc916b18833cec696458080,2026-06-30T14:43:01+00:00,success,LEGACY_SOURCE_MANIFEST
SRC02239,K211597,https://www.accessdata.fda.gov/cdrh_docs/pdf21/K211597.pdf,510k_summary_pdf,dd5d1714e8f0ba158193402bc4018af2e3723a2523a6e109b97afda8f370d337,ef7f761343d5fb47d213efbb01698d1a26dd2f7cb816976519aa6b99e8948c50,2026-06-30T14:43:05+00:00,success,LEGACY_SOURCE_MANIFEST
SRC02240,K211867,https://www.accessdata.fda.gov/scripts/cdrh/cfdocs/cfpmn/pmn.cfm?ID=K211867,fda_database_entry_html,720676c73a7649d59c79cf4d019b4894b177c2ff5121092e0f902ee207230209,fe29c6564cdacf5c3f76337f9c11101e0cd6b19457d7140c0787ba05fe3737ea,2026-06-30T14:43:08+00:00,success,LEGACY_SOURCE_MANIFEST
SRC02241,K211867,https://www.accessdata.fda.gov/cdrh_docs/pdf21/K211867.pdf,510k_summary_pdf,381276da0f0fcf94718caa8d7873cf62eb9618cd23b08d8cb21f72f2d9624fb3,186abe47d4f1f3b9e710f0bba1c5678fee6cc200bd4935a6e2c3b15867c64054,2026-06-30T14:43:10+00:00,success,LEGACY_SOURCE_MANIFEST
SRC02242,K211881,https://www.accessdata.fda.gov/scripts/cdrh/cfdocs/cfpmn/pmn.cfm?ID=K211881,fda_database_entry_html,e1a79b51b5e6b3dcba041e9ae9dbfcfb524688acd0d205a64046044a365721c6,916aae4db8d6f9150fe6cafe9962c3b236aa6b13cba2758a7d98489fd21cf4f0,2026-06-30T14:43:09+00:00,success,LEGACY_SOURCE_MANIFEST
SRC02243,K211881,https://www.accessdata.fda.gov/cdrh_docs/pdf21/K211881.pdf,510k_summary_pdf,daf7655e75219cff8a110214f79a4bc5cba9e397281f2cc3b80acb90f7d6e5d7,c4426a284a814feeeef8cde70afd2be17c698ffde0ec0757cfff7b706813d560,2026-06-30T14:43:14+00:00,success,LEGACY_SOURCE_MANIFEST
SRC02244,K201560,https://www.accessdata.fda.gov/scripts/cdrh/cfdocs/cfpmn/pmn.cfm?ID=K201560,fda_database_entry_html,3a2eb92e4548d7ce824511d650259cb21666b136cc829e53ae873577eb554f3e,5963aab847991bed7623a6f6ce121edcbf5b9fed2cc8c7374e3061c398e8e64a,2026-06-30T14:43:14+00:00,success,LEGACY_SOURCE_MANIFEST
SRC02245,K201560,https://www.accessdata.fda.gov/cdrh_docs/pdf20/K201560.pdf,510k_summary_pdf,8225be5f1ac5d75c0c082743c7dacb75e2b3f86b9cc5d8b820fd60d07f74bd26,35bdf1ab5d28bb3ab0abb906c6f254920cb3d2be9146058245e618cef1945a4a,2026-06-30T14:43:18+00:00,success,LEGACY_SOURCE_MANIFEST
SRC02246,K212383,https://www.accessdata.fda.gov/scripts/cdrh/cfdocs/cfpmn/pmn.cfm?ID=K212383,fda_database_entry_html,832477d909c6557fcdc11facc173eec07c07d880188ff46c413b0978b7a21183,5bfa73d0473bbea0c46584fc9431153bec8febede2f81ddcb2f85c53806e5bf4,2026-06-30T14:43:17+00:00,success,LEGACY_SOURCE_MANIFEST
SRC02247,K212383,https://www.accessdata.fda.gov/cdrh_docs/pdf21/K212383.pdf,510k_summary_pdf,eed6a18e6b6e36e776c6f1fa5b5060b745a0160c8bdee6a85fc34f08f1cc204d,c1ad557f92f383448ca98b46ffcdba8d7c210c114ec8d96b57d21b3eb5aa59b5,2026-06-30T14:43:18+00:00,success,LEGACY_SOURCE_MANIFEST
SRC02248,K203696,https://www.accessdata.fda.gov/scripts/cdrh/cfdocs/cfpmn/pmn.cfm?ID=K203696,fda_database_entry_html,24d16e8dbae1ff226d7b3fd9592fa312fa71ada08d90808c66a246365b393332,0359be5dd7aa9e4db3d2255f013e7fa0630b2ea2776043b2449c6221f1fdd2ce,2026-06-30T14:43:31+00:00,success,LEGACY_SOURCE_MANIFEST
SRC02249,K203696,https://www.accessdata.fda.gov/cdrh_docs/pdf20/K203696.pdf,510k_summary_pdf,8dc9011da13911810eb0b5aa971c049038efcf47c59d40cb629e630c1a4c2fd6,7a1be99baf645603abfa775071453474453aced04ad5df00a435a767fae345cd,2026-06-30T14:43:35+00:00,success,LEGACY_SOURCE_MANIFEST
SRC02250,K211846,https://www.accessdata.fda.gov/scripts/cdrh/cfdocs/cfpmn/pmn.cfm?ID=K211846,fda_database_entry_html,685364b6e9fe538a050f6209561ddef49d2e208523c8d5cf62b0d68e61287d7a,32548521a98b31b6e9d9bcb6b445569bceb93f4145e2842ec5c52a3f5b046e4f,2026-06-30T14:43:35+00:00,success,LEGACY_SOURCE_MANIFEST
SRC02251,K211846,https://www.accessdata.fda.gov/cdrh_docs/pdf21/K211846.pdf,510k_summary_pdf,8cf43fd49be6e135741086d724e418d4b773a75782ab38bb335db536bbccae27,29af5cd9cc157b4624257c96d65e08d7737d732af84b7feb540b77e277d78c0e,2026-06-30T14:43:40+00:00,success,LEGACY_SOURCE_MANIFEST
SRC02252,K212230,https://www.accessdata.fda.gov/scripts/cdrh/cfdocs/cfpmn/pmn.cfm?ID=K212230,fda_database_entry_html,1832696e393d2af38914895336c5ba3192b6419799ee024eb4a472004f8ca741,c74d40f12d4645a796a69edfa83bec84aec5021affc69dc6174fd9734ad06e9f,2026-06-30T14:43:54+00:00,success,LEGACY_SOURCE_MANIFEST
SRC02253,K212230,https://www.accessdata.fda.gov/cdrh_docs/pdf21/K212230.pdf,510k_summary_pdf,29c3db69c289702231c50e1d9605d3db56187f25029d06c3d7267de25937bf91,779ca45379671c855377a812e2fd5e1e817306a432237eec4f990f65dd459456,2026-06-30T14:43:55+00:00,success,LEGACY_SOURCE_MANIFEST
SRC02254,K211179,https://www.accessdata.fda.gov/scripts/cdrh/cfdocs/cfpmn/pmn.cfm?ID=K211179,fda_database_entry_html,4f6245762af0bf43b08405fbdbeedbb09fbcaf4c1716fe45cca5089061b1c9b1,e62a51af2ef897ab71524c9be2096a8901f57ad59711907aa964ccacd7dfefe8,2026-06-30T14:43:59+00:00,success,LEGACY_SOURCE_MANIFEST
SRC02255,K211179,https://www.accessdata.fda.gov/cdrh_docs/pdf21/K211179.pdf,510k_summary_pdf,9f455072a69dcd9453bbbdf67d2447cf57fa41f3aa00e288991dd01f7eaa8bb0,74c653b2c5cf3440cd8d66fb820d5bebc064966565e8540eb94f1befbe1fa04b,2026-06-30T14:44:01+00:00,success,LEGACY_SOURCE_MANIFEST
SRC02256,K203448,https://www.accessdata.fda.gov/scripts/cdrh/cfdocs/cfpmn/pmn.cfm?ID=K203448,fda_database_entry_html,6d8827eebd1d39990eb2fe6c537a68950a59426fabe713b626a0c0dc4f0ffdbd,d024bef84f9af566ae989716ada7228201e1d63aac08bab993fe568e04e99d90,2026-06-30T14:44:07+00:00,success,LEGACY_SOURCE_MANIFEST
SRC02257,K203448,https://www.accessdata.fda.gov/cdrh_docs/pdf20/K203448.pdf,510k_summary_pdf,e1cdb2b083242708beb3b77c626ff23eacf30f5a9da495d4c4a172e0bd10c8ad,09551258ffb6c7a30eb6e598fb967af19002a350417ae74edcd9784fb8fdd4de,2026-06-30T14:44:09+00:00,success,LEGACY_SOURCE_MANIFEST
SRC02258,K211764,https://www.accessdata.fda.gov/scripts/cdrh/cfdocs/cfpmn/pmn.cfm?ID=K211764,fda_database_entry_html,65b2ab545379ed554ad16ad2f574e2e5be925265c87c9234b6c018258e277790,5351a510ae3b3acea8c9a5379167546276ecf4240d94481fd06a20a2b6865e44,2026-06-30T14:44:15+00:00,success,LEGACY_SOURCE_MANIFEST
SRC02259,K211764,https://www.accessdata.fda.gov/cdrh_docs/pdf21/K211764.pdf,510k_summary_pdf,5da082bf5ee9753b4a580677261959fae1e384349d02865d665288ed0b856e32,06aa5c617ec101ec4aa7738d10765ecee227d3c93999515c1a78b500295fbc30,2026-06-30T14:44:20+00:00,success,LEGACY_SOURCE_MANIFEST
SRC02260,K212100,https://www.accessdata.fda.gov/scripts/cdrh/cfdocs/cfpmn/pmn.cfm?ID=K212100,fda_database_entry_html,088d3fb61d2d21db714ad7b91c2841c34907a0f1f2b0d0959d82c0a162e79ade,2ba4b377f543e4a2fe679c24cb546f3d0b3ae85cf598eadf2711e48b2ffd5d24,2026-06-30T14:44:25+00:00,success,LEGACY_SOURCE_MANIFEST
SRC02261,K212100,https://www.accessdata.fda.gov/cdrh_docs/pdf21/K212100.pdf,510k_summary_pdf,7e7c040432128ef1d38dd02d662baea749a732375b3a14ee403bd33508c0623e,6faaecb2882685e4024d840150d0c04ff7efaf26b9077ac288995ca4da2eea59,2026-06-30T14:44:26+00:00,success,LEGACY_SOURCE_MANIFEST
SRC02262,K211431,https://www.accessdata.fda.gov/scripts/cdrh/cfdocs/cfpmn/pmn.cfm?ID=K211431,fda_database_entry_html,e33e2ce490fa39a04fab1149cd820475aa09394e8c84fc762313b7b9492475ed,cd954f2d8fb8376c6cb8b472011ca0b11794ded3e5349e4f05e23cdf102b8cf8,2026-06-30T14:44:32+00:00,success,LEGACY_SOURCE_MANIFEST
SRC02263,K211431,https://www.accessdata.fda.gov/cdrh_docs/pdf21/K211431.pdf,510k_summary_pdf,6802f8e1044e95bd6598a0352dd269e2c4eee7e1172487a22ccf42b7a7dfc6ee,5187e77aef50ec381c94b693683aee6a648f905a7bb6fbb7e13a3a456085d041,2026-06-30T14:44:36+00:00,success,LEGACY_SOURCE_MANIFEST
SRC02264,K211222,https://www.accessdata.fda.gov/scripts/cdrh/cfdocs/cfpmn/pmn.cfm?ID=K211222,fda_database_entry_html,a0e20730562efb7ad25d71e54390c0479c1ef064925cb751118ad081b5279d40,9528a49682a4e6f2928f3e2a637352d66e554e07722540109f061396bcd5709a,2026-06-30T14:44:35+00:00,success,LEGACY_SOURCE_MANIFEST
SRC02265,K211222,https://www.accessdata.fda.gov/cdrh_docs/pdf21/K211222.pdf,510k_summary_pdf,527f66c8bce32941b400331c26bb5ddad3c6d965e76e9083e15690a6098a7a27,aceb678813dab4e1513a33760846922a3bb798d7830bd40e07cc60c6e67938ab,2026-06-30T14:44:40+00:00,success,LEGACY_SOURCE_MANIFEST
SRC02266,K211379,https://www.accessdata.fda.gov/scripts/cdrh/cfdocs/cfpmn/pmn.cfm?ID=K211379,fda_database_entry_html,d905fa51d5b737b6d803dea8f2ca8ce6e3918421c78d870723e5801a9870404d,d6ac4dd00c0cb9bb1db56f31abd7a6d34d79d5b9a9998a3b432fb95d488857c3,2026-06-30T14:44:39+00:00,success,LEGACY_SOURCE_MANIFEST
SRC02267,K211379,https://www.accessdata.fda.gov/cdrh_docs/pdf21/K211379.pdf,510k_summary_pdf,503b211d07b29c18bbaa3b4d43b20286b7d19759f2b03dd02aa76f692f1596da,ae261f82ec05f59190faaed5dd20381877c2f18df3f4e6bc21fe12b0514e38b1,2026-06-30T14:44:42+00:00,success,LEGACY_SOURCE_MANIFEST
SRC02268,K211655,https://www.accessdata.fda.gov/scripts/cdrh/cfdocs/cfpmn/pmn.cfm?ID=K211655,fda_database_entry_html,8601609f477bd7ee58fb7c5f1453a7091d9df7b85b1d7dfaaf78b50c6111011c,4b07fdc77b2a457c7e25f3d154c016e29ee54c8d926fed8d71825a60ece92d11,2026-06-30T14:44:40+00:00,success,LEGACY_SOURCE_MANIFEST
SRC02269,K211655,https://www.accessdata.fda.gov/cdrh_docs/pdf21/K211655.pdf,510k_summary_pdf,80f5024d111f0999932d2e264f63b68a995032205b625546e176121721c5fbdc,836bc098c6129070f018866688f02f0b1a32ba5df855b1566376d61a174a94d5,2026-06-30T14:44:45+00:00,success,LEGACY_SOURCE_MANIFEST
SRC02270,K212074,https://www.accessdata.fda.gov/scripts/cdrh/cfdocs/cfpmn/pmn.cfm?ID=K212074,fda_database_entry_html,b532d2e34a36fbf0e68572651402adf37977b4c2b973f3e01fab997e434facec,3420c22fca488fbc9bb6f08043967686d0ffb4630f678ec2ed7b157af625851a,2026-06-30T14:44:49+00:00,success,LEGACY_SOURCE_MANIFEST
SRC02271,K212074,https://www.accessdata.fda.gov/cdrh_docs/pdf21/K212074.pdf,510k_summary_pdf,8d543b60c5c433e1c05e8b30c0313e8a408149a5f6d168c18d7740f8a7ea9d8e,b4d1d4f251ad7c1e33b7b1f8c8f8d83ac2ce713c4941a1ff43cdc478268fa809,2026-06-30T14:44:52+00:00,success,LEGACY_SOURCE_MANIFEST
SRC02272,K211279,https://www.accessdata.fda.gov/scripts/cdrh/cfdocs/cfpmn/pmn.cfm?ID=K211279,fda_database_entry_html,a2b1d3be4d441273e3e709a5a267763473b2628e7cd2e73dae57a1ef3148a2eb,95b5496d2bcf973ef0b1de52c498d739e2b3b6123e2fe8c2087df7df291c2daf,2026-06-30T14:44:51+00:00,success,LEGACY_SOURCE_MANIFEST
SRC02273,K211279,https://www.accessdata.fda.gov/cdrh_docs/pdf21/K211279.pdf,510k_summary_pdf,3e1456a5ceb5254f71b16ddcfda840a911bda9579d009d2213e9d11b0c8004b1,f85ede5c95d735f9d3ccf95182358a8149e6ccbae53c1aaef7181cf31730c642,2026-06-30T14:44:54+00:00,success,LEGACY_SOURCE_MANIFEST
SRC02274,K210791,https://www.accessdata.fda.gov/scripts/cdrh/cfdocs/cfpmn/pmn.cfm?ID=K210791,fda_database_entry_html,cea1dbb4ec1bcfb884e5af3dce50817880f82a92ea549d509b80187fd88f5d6e,5321173bc05335e888a561d9b017c4e85cfa8f7281425391c5178b46256d2f77,2026-06-30T14:44:51+00:00,success,LEGACY_SOURCE_MANIFEST
SRC02275,K210791,https://www.accessdata.fda.gov/cdrh_docs/pdf21/K210791.pdf,510k_summary_pdf,d2f5a3556aea8c264a47655aef0fecbea4d0d1aba252b0272468622732cbe07d,f653dfbd746d5012db25b51af53a13cf1de5a4e271b2adbdb708e94e29c2ca93,2026-06-30T14:44:54+00:00,success,LEGACY_SOURCE_MANIFEST
SRC02276,K211951,https://www.accessdata.fda.gov/scripts/cdrh/cfdocs/cfpmn/pmn.cfm?ID=K211951,fda_database_entry_html,ee8bf1ea15dc789314a90ae84e3c88972f4164ed0b45247e7c86c37f92d1ba84,6aef1f9184ff91d0a0e2ca9edf72d2b9f63390dd508835d8b746f82c7660a7b6,2026-06-30T14:44:51+00:00,success,LEGACY_SOURCE_MANIFEST
SRC02277,K211951,https://www.accessdata.fda.gov/cdrh_docs/pdf21/K211951.pdf,510k_summary_pdf,29a708a98d61091082880107cfe5ff3e7ae2139d754cdc2c8443d8b691da3cca,be9c68a30086e7335ba16e156bc5ca6a8c4ecba8a02a3679a12d51ce46eeed0e,2026-06-30T14:44:53+00:00,success,LEGACY_SOURCE_MANIFEST
SRC02278,K211906,https://www.accessdata.fda.gov/scripts/cdrh/cfdocs/cfpmn/pmn.cfm?ID=K211906,fda_database_entry_html,849612bd12342c381fbc9b6699692a77e38139bdaee7890b0572daaf693121dc,83b9ae605ecba9092c983ea02b86ad4334d90b77a00cb4fe7130f25412da0bcc,2026-06-30T14:44:57+00:00,success,LEGACY_SOURCE_MANIFEST
SRC02279,K211906,https://www.accessdata.fda.gov/cdrh_docs/pdf21/K211906.pdf,510k_summary_pdf,85444f6ddd52ea69e6dcc738decc3f43b8a669d18af3290e7250b41bfc4e0072,c6d9c778b90dd5d9edfd303238d3dbc9e315953187c2686e33b58cf95791e43b,2026-06-30T14:45:00+00:00,success,LEGACY_SOURCE_MANIFEST
SRC02280,K210666,https://www.accessdata.fda.gov/scripts/cdrh/cfdocs/cfpmn/pmn.cfm?ID=K210666,fda_database_entry_html,5045db7ece600c74478c53285f29ad052cedcb837857ec45733164011c430de8,72df6f047db25917c5b23507a4f9f6b165016335f4d6acebafb86e1aa52b0b5f,2026-06-30T14:44:58+00:00,success,LEGACY_SOURCE_MANIFEST
SRC02281,K210666,https://www.accessdata.fda.gov/cdrh_docs/pdf21/K210666.pdf,510k_summary_pdf,96f78a67be880b6e6c56a7660335640528ad33311357cb355d370f65c5b1cffa,3d8f1ee3df67609124100a2697a8a05ab84e9d520150c91e003f391901a52001,2026-06-30T14:45:04+00:00,success,LEGACY_SOURCE_MANIFEST
SRC02282,K210719,https://www.accessdata.fda.gov/scripts/cdrh/cfdocs/cfpmn/pmn.cfm?ID=K210719,fda_database_entry_html,bf3df8cc641e49675db337647e7bc5943afbd7802f66fa7b12518b5fb9bddaf0,f538d6752e7a061cf43d49ec70aa04c3845ccf2287b0edfc1e8205956aa87e4c,2026-06-30T14:45:03+00:00,success,LEGACY_SOURCE_MANIFEST
SRC02283,K210719,https://www.accessdata.fda.gov/cdrh_docs/pdf21/K210719.pdf,510k_summary_pdf,e6dbf5649e7370fba18f91f6e939908466b79e83d637434ce35fe3e1ff70ccfc,9a543a0bb2c8917b299e0c955753da4061f70bf57168b1f59c3dc12071888e20,2026-06-30T14:45:13+00:00,success,LEGACY_SOURCE_MANIFEST
SRC02284,K211506,https://www.accessdata.fda.gov/scripts/cdrh/cfdocs/cfpmn/pmn.cfm?ID=K211506,fda_database_entry_html,303fc9f384222b12d4ddf14b768a7db1c923d08cc261bdc692e82920799d8156,f192740ebab7107ee9e3bc2de25a6e9e0b8df62b5c0d98b5a7975baa44664af3,2026-06-30T14:45:03+00:00,success,LEGACY_SOURCE_MANIFEST
SRC02285,K211506,https://www.accessdata.fda.gov/cdrh_docs/pdf21/K211506.pdf,510k_summary_pdf,fccc17d6ab9e54dd755eba88ab9f898c8700c5ac484c6029448b2ace920d2f6f,dcb5e74f856b91f74b4a44b2af423fbe7d2dc2b18c5bb24d8f51ca593eadec47,2026-06-30T14:45:07+00:00,success,LEGACY_SOURCE_MANIFEST
SRC02286,K211788,https://www.accessdata.fda.gov/scripts/cdrh/cfdocs/cfpmn/pmn.cfm?ID=K211788,fda_database_entry_html,3e03bbe2a16e0b4958538dc763d697888409233993da0986b45b81db6adfd998,d4f7bc6607b61028cf958396e0331aefc430cfc334b0d81fcb0fd5696217d5b0,2026-06-30T14:45:07+00:00,success,LEGACY_SOURCE_MANIFEST
SRC02287,K211788,https://www.accessdata.fda.gov/cdrh_docs/pdf21/K211788.pdf,510k_summary_pdf,da2a8081e03a7aca3abfa6a05c8f3d9f5d889404da2f55cc6a86e4c87ef98e43,0102bb8ca61b4b52cc46477f834b6eaabb1225e8ddd450f7241aaa7b8cfcada7,2026-06-30T14:45:12+00:00,success,LEGACY_SOURCE_MANIFEST
SRC02288,K210611,https://www.accessdata.fda.gov/scripts/cdrh/cfdocs/cfpmn/pmn.cfm?ID=K210611,fda_database_entry_html,6c43444d97c52834c8e47f7791eacfc5b1f275ea47ba39e4d2d91814a5e50108,b9d0b7a4525e295032ab3e220d1263b6e294a50f13aed2a5ec8bbd227313baa3,2026-06-30T14:45:11+00:00,success,LEGACY_SOURCE_MANIFEST
SRC02289,K210611,https://www.accessdata.fda.gov/cdrh_docs/pdf21/K210611.pdf,510k_summary_pdf,77a7a4e03c262f241244dfa68e780cb2f68a9c4bdda307a03c8e6dd62a833ca7,ff3d51f8e47fda0b3210e60b0db7356e3d99814b1b450ee9ad368cda83380b09,2026-06-30T14:45:15+00:00,success,LEGACY_SOURCE_MANIFEST
SRC02290,K210645,https://www.accessdata.fda.gov/scripts/cdrh/cfdocs/cfpmn/pmn.cfm?ID=K210645,fda_database_entry_html,c34a055fe2937034cb0cdbd4b7a67d6c4c87a2933d0255ec309f3f7ba3da92c8,ecf49eaa28f4059be8bccc0c8868073201da5e31ed358be4720a2eda44406910,2026-06-30T14:45:16+00:00,success,LEGACY_SOURCE_MANIFEST
SRC02291,K210645,https://www.accessdata.fda.gov/cdrh_docs/pdf21/K210645.pdf,510k_summary_pdf,b30d02ffe7adcaf4405462ab6ccd003fa2da516007e9fb32c00a406072d5d332,17d0c35e85098d61c97c191d20a1a83bb32180c68de67f01693b0ed0428d03db,2026-06-30T14:45:21+00:00,success,LEGACY_SOURCE_MANIFEST
SRC02292,K203514,https://www.accessdata.fda.gov/scripts/cdrh/cfdocs/cfpmn/pmn.cfm?ID=K203514,fda_database_entry_html,9b653103cde1186c0b3b12d8bfe934eaf437990ffbc4785a2615fe88ddb39673,76cad944b9631b1c4bd9cc9705a5931dcb8599c7434dc03bd9ba1771f9eeabfe,2026-06-30T14:45:21+00:00,success,LEGACY_SOURCE_MANIFEST
SRC02293,K203514,https://www.accessdata.fda.gov/cdrh_docs/pdf20/K203514.pdf,510k_summary_pdf,2f65359a2076059f686ec0aef0d8f5527a801e9d76f65601f7322253483ec71e,2efcd4d53893339835ffabd4225b88a794d52c435903d3291eac3b801155d8e8,2026-06-30T14:45:25+00:00,success,LEGACY_SOURCE_MANIFEST
SRC02294,K202718,https://www.accessdata.fda.gov/scripts/cdrh/cfdocs/cfpmn/pmn.cfm?ID=K202718,fda_database_entry_html,79cfc001dd61056202ee7cd9f0fd14ed77034d4065cae953925edebe8d41e91d,8895f4b1d2e51c862e889329fc2a197b6169cb8e9eb701a0bc71047b6267a426,2026-06-30T14:45:25+00:00,success,LEGACY_SOURCE_MANIFEST
SRC02295,K202718,https://www.accessdata.fda.gov/cdrh_docs/pdf20/K202718.pdf,510k_summary_pdf,1b9b994bb97683329758dc2f7487d81a556798e628b1bb468bcb0b5ea3906b25,87b5181468702e8b3d5bda0ecefb3c208c535149e837d8bb3e9d1c7eab9d96ff,2026-06-30T14:45:28+00:00,success,LEGACY_SOURCE_MANIFEST
SRC02296,K210034,https://www.accessdata.fda.gov/scripts/cdrh/cfdocs/cfpmn/pmn.cfm?ID=K210034,fda_database_entry_html,15efb78a1a14cce75951c22791c569be7e188ba38e2149534c44baa5dc09dd38,fe6c6f588cab0ea4e7ff333b0fad7a2797646e67d58c5ae689efd60a85f090b8,2026-06-30T14:45:25+00:00,success,LEGACY_SOURCE_MANIFEST
SRC02297,K210034,https://www.accessdata.fda.gov/cdrh_docs/pdf21/K210034.pdf,510k_summary_pdf,9a95d5da116b615787a54ff8780aa86b3b3373acbe8be19bacd38075d80d2aaa,a8ad924d52ce8f18b1ba10fff98056a7b33d0949045c1ad8a5d3c2dda9a6e68b,2026-06-30T14:45:33+00:00,success,LEGACY_SOURCE_MANIFEST
SRC02298,K210484,https://www.accessdata.fda.gov/scripts/cdrh/cfdocs/cfpmn/pmn.cfm?ID=K210484,fda_database_entry_html,8e271ce254d358058fd5fdd00e03cf550caa6571df48c5c66ee2ef59433c51cb,c788fb9116f0062755dd6dfb91ec1e1689a3177c40c648f21c5462c3ce6c1d9c,2026-06-30T14:45:31+00:00,success,LEGACY_SOURCE_MANIFEST
SRC02299,K210484,https://www.accessdata.fda.gov/cdrh_docs/pdf21/K210484.pdf,510k_summary_pdf,54ee2a10ed8c28cd36e833a3e1a2008ed871a32c83ede015929662435ca4f7b1,010b18559136d11e2a431d33554263777f19b13d80fe4fc5e80336a1d60a105c,2026-06-30T14:45:34+00:00,success,LEGACY_SOURCE_MANIFEST
SRC02300,K203629,https://www.accessdata.fda.gov/scripts/cdrh/cfdocs/cfpmn/pmn.cfm?ID=K203629,fda_database_entry_html,902a064ce026bb45b39d3f2b611ecb9d67230a7d89fd4ca882d91f8fc307b8b4,fa321647305ed6033883ac87b529bab47deb8c3f1310e8ed45ac169de23fcb3f,2026-06-30T14:45:34+00:00,success,LEGACY_SOURCE_MANIFEST
SRC02301,K203629,https://www.accessdata.fda.gov/cdrh_docs/pdf20/K203629.pdf,510k_summary_pdf,e641b9a2d98aa63db0a316b39fe56b5677ca3dc0e1ed60265b045d54bb9cd74c,893f7fa64f9e67db8a54ddf1376616c0843a695edadc373a6131b77d9cb4f3e2,2026-06-30T14:45:38+00:00,success,LEGACY_SOURCE_MANIFEST
SRC02302,K211459,https://www.accessdata.fda.gov/scripts/cdrh/cfdocs/cfpmn/pmn.cfm?ID=K211459,fda_database_entry_html,8793c2d3917a6a5d90c5538d6068777ce01310a4946614b721cfb91ca549936c,41a833251e895cca796a1912a9ad5d3e9c5174fb25e4d4d6928f32fd8cb2276d,2026-06-30T14:45:55+00:00,success,LEGACY_SOURCE_MANIFEST
SRC02303,K211459,https://www.accessdata.fda.gov/cdrh_docs/pdf21/K211459.pdf,510k_summary_pdf,3c234eb64ea31ece33fba3e65803beee91a06035f5f0200a949891e21eaba7f0,cda55ad9a452f334e144c9ae680891ed926f17c1e4fd564e38ed18d3984cc411,2026-06-30T14:45:58+00:00,success,LEGACY_SOURCE_MANIFEST
SRC02304,K210458,https://www.accessdata.fda.gov/scripts/cdrh/cfdocs/cfpmn/pmn.cfm?ID=K210458,fda_database_entry_html,41ed2e19a960b670e26ff5b16eba7e13fcceb3d415278a156515141ddadf01a9,1864ca413cbbde02f362fd2740fbc9c18d9657386a148952879b373faee0b046,2026-06-30T14:45:58+00:00,success,LEGACY_SOURCE_MANIFEST
SRC02305,K210458,https://www.accessdata.fda.gov/cdrh_docs/pdf21/K210458.pdf,510k_summary_pdf,9b827f12b09286817c41d58b3939e85e07ff18f591ae9865e40ebdd3e991773c,5c5d385764eab4c26b5133049f92dbaadac2417cd186c4b3732722ec02c8d890,2026-06-30T14:51:53+00:00,success,LEGACY_SOURCE_MANIFEST
SRC02306,DEN200069,https://www.accessdata.fda.gov/scripts/cdrh/cfdocs/cfpmn/denovo.cfm?ID=DEN200069,fda_database_entry_html,8caafd66f4aa72872dd0a8df715007092c6c58b366cb32f862e88f0c540f8b29,620efb15ce9ddc211d6ebcb86496be353bd39420a658cf9ea9bbe9ed1f3f28d9,2026-06-30T14:46:04+00:00,success,LEGACY_SOURCE_MANIFEST
SRC02307,DEN200069,https://www.accessdata.fda.gov/cdrh_docs/pdf20/DEN200069.pdf,approval_order_pdf,44af14ea9dd720b4c8bf5f12334542affc8528e40a580b4b74a36204e1b04176,fb2b4b34600ca7e78345a68c3cf344b678a0571a912cff71e51fac831575d824,2026-06-30T14:46:07+00:00,success,LEGACY_SOURCE_MANIFEST
SRC02308,DEN200069,http://www.accessdata.fda.gov/cdrh_docs/reviews/DEN200069.pdf,de_novo_summary_pdf,a98e6bde697e2feeb8b684e9879860c17393f85068fcae0eb6d53097c1d3292c,d713716f6823b2d6fdbb64ad56edf966958609ba0ace53bb1c405b4a3b6c85cf,2026-06-30T14:46:15+00:00,success,LEGACY_SOURCE_MANIFEST
SRC02309,K210404,https://www.accessdata.fda.gov/scripts/cdrh/cfdocs/cfpmn/pmn.cfm?ID=K210404,fda_database_entry_html,d6aac5b3f65fac5474f07a07328a4383996ce1c6b90b373f93544693fb4ddd9d,a4bb98468bee99e8c3e82ad5cf878760c7af7f2fe1b1f16fefee33d1302d98dc,2026-06-30T14:46:17+00:00,success,LEGACY_SOURCE_MANIFEST
SRC02310,K210404,https://www.accessdata.fda.gov/cdrh_docs/pdf21/K210404.pdf,510k_summary_pdf,2e5cb9cb84b5f4bed31df99077065757c3cb5ae6b72375d046b292ccf17b8f6f,23bd443c95858aff51782cd5bae54b6a6ad7ac4ae208ad7a427f9ea122a3c8d8,2026-06-30T14:46:18+00:00,success,LEGACY_SOURCE_MANIFEST
SRC02311,K202527,https://www.accessdata.fda.gov/scripts/cdrh/cfdocs/cfpmn/pmn.cfm?ID=K202527,fda_database_entry_html,bdbf8a4297e57c72eddd47697ad0c910917fccf154f9e13ed87d08ea26205060,7b57a4fc6104e50485927feb5e579f36ae3702567fec8bc76d6404cdc4d7dbcb,2026-06-30T14:46:21+00:00,success,LEGACY_SOURCE_MANIFEST
SRC02312,K202527,https://www.accessdata.fda.gov/cdrh_docs/pdf20/K202527.pdf,510k_summary_pdf,9165bc723d3097c5d0a63130b44e0689bed038cdbe62fbfd849a803429c3ca21,fb0bcd6c07fc9f0913d0f5194039ec5a8dccde855d98253f155410aef041d5c5,2026-06-30T14:46:24+00:00,success,LEGACY_SOURCE_MANIFEST
SRC02313,K210237,https://www.accessdata.fda.gov/scripts/cdrh/cfdocs/cfpmn/pmn.cfm?ID=K210237,fda_database_entry_html,35b3912caedcf107b480cbc56eea9375c8bbca9e730438d3da715b367572ec98,936c4312ed5ba767c3e0dc7a3bc2f63638ce984520d0c2e67ef480d3e2fba9e3,2026-06-30T14:46:26+00:00,success,LEGACY_SOURCE_MANIFEST
SRC02314,K210237,https://www.accessdata.fda.gov/cdrh_docs/pdf21/K210237.pdf,510k_summary_pdf,790e5a5714ac1dd0b9e65d440ad80b2be9e0453c878116f57983b5fce9aa5428,a0dad0b9d0d4be02fd2a407e897189ca92dab5ef7d924cb9bd2384c79ef416a5,2026-06-30T14:46:28+00:00,success,LEGACY_SOURCE_MANIFEST
SRC02315,K210187,https://www.accessdata.fda.gov/scripts/cdrh/cfdocs/cfpmn/pmn.cfm?ID=K210187,fda_database_entry_html,6bb7734e8188c08507ef39af82c80d0781ba560c795b12c8f1dd636f0c1e7c00,b3c5811d3886f992e91a56891ab4b3af54c87eb054189ed620ae1683b6235c06,2026-06-30T14:46:31+00:00,success,LEGACY_SOURCE_MANIFEST
SRC02316,K210187,https://www.accessdata.fda.gov/cdrh_docs/pdf21/K210187.pdf,510k_summary_pdf,9dea54843a3067bdae430de0ffe99aa931b0a52edbf8d71e360386dbed320a2f,4e2da5409d66fceb72a9c6e588a96c5da09f8ccab31cc5e038d7db6905a7a97b,2026-06-30T14:46:32+00:00,success,LEGACY_SOURCE_MANIFEST
SRC02317,K211118,https://www.accessdata.fda.gov/scripts/cdrh/cfdocs/cfpmn/pmn.cfm?ID=K211118,fda_database_entry_html,de9f512cf2b4fd4bc8267630c1717b59bb557246949a2e5748642824b884ee25,d33af4c31643cacb8b3e4e861364a68c4b8319f149943dd918298dc7271c55df,2026-06-30T14:46:32+00:00,success,LEGACY_SOURCE_MANIFEST
SRC02318,K211118,https://www.accessdata.fda.gov/cdrh_docs/pdf21/K211118.pdf,510k_summary_pdf,f717b98894acd7eaae7fab5b31c34fa6ecc786bfd74460174b95a436258dfd39,2ebcf4d80a652563c7cbc292e5d978252ee73b20f977e994f611fd4aa33ee32c,2026-06-30T14:46:36+00:00,success,LEGACY_SOURCE_MANIFEST
SRC02319,K210426,https://www.accessdata.fda.gov/scripts/cdrh/cfdocs/cfpmn/pmn.cfm?ID=K210426,fda_database_entry_html,3a554d5b2f65f586da6a63111c12c0a650cc31c871f1397f1fcc46b15061c5a9,ddae833d5a43cd683a7c8b3ccc8aeb910014a3801da2b76c59f69cbe0e880f2c,2026-06-30T14:46:33+00:00,success,LEGACY_SOURCE_MANIFEST
SRC02320,K210426,https://www.accessdata.fda.gov/cdrh_docs/pdf21/K210426.pdf,510k_summary_pdf,72760df72f8240e59a1c35347c946cf13a4b1aeb02befc29495eda408a280440,3c6bdb369071da8536e7ccce3ad1bc38a65fecea14b7970e60a770bd334ec4f4,2026-06-30T14:46:39+00:00,success,LEGACY_SOURCE_MANIFEST
SRC02321,K210001,https://www.accessdata.fda.gov/scripts/cdrh/cfdocs/cfpmn/pmn.cfm?ID=K210001,fda_database_entry_html,91b9524791b3966933f73991a5c252abe12d0f35a4d3354e569b617f5fda0279,4b13d4de24e1833b3f1465271deb048ebc8d0835f9b6ba42fcb2f2481ff47432,2026-06-30T14:46:39+00:00,success,LEGACY_SOURCE_MANIFEST
SRC02322,K210001,https://www.accessdata.fda.gov/cdrh_docs/pdf21/K210001.pdf,510k_summary_pdf,1173f0a0ca24c96730377b5a66056ae5269f49b3fc87412e11efe9788935de5f,9502edee233024cd6f0a0cfa50377b2bede6c12b1e65d1b22cb87edb517080d2,2026-06-30T14:46:46+00:00,success,LEGACY_SOURCE_MANIFEST
SRC02323,K203314,https://www.accessdata.fda.gov/scripts/cdrh/cfdocs/cfpmn/pmn.cfm?ID=K203314,fda_database_entry_html,a3846f7439b737730bd6a54abae896c4ac79a40d7ac770b873d11e42cf8a549d,3c96000122c0be3ab39f13fbf4c97e8587dd935ef82c6f1ff6f4be5cf5005659,2026-06-30T14:46:57+00:00,success,LEGACY_SOURCE_MANIFEST
SRC02324,K203314,https://www.accessdata.fda.gov/cdrh_docs/pdf20/K203314.pdf,510k_summary_pdf,bb95b34b5ee18eb94483179ed36e279111dd46771f4d5e55648eb97e517363dc,80926eeab7fcf73f4b64419863a3d7f8480c226d85788c45048b3764923ba5a0,2026-06-30T14:46:58+00:00,success,LEGACY_SOURCE_MANIFEST
SRC02325,K203502,https://www.accessdata.fda.gov/scripts/cdrh/cfdocs/cfpmn/pmn.cfm?ID=K203502,fda_database_entry_html,854d5ae4ba67917a1e82914f4c44b83114c82051f273116758921be11e7ab058,88666fc68ba42742a4a43c6d2f3947d767da8f0411cc153eec683311993171f6,2026-06-30T14:47:00+00:00,success,LEGACY_SOURCE_MANIFEST
SRC02326,K203502,https://www.accessdata.fda.gov/cdrh_docs/pdf20/K203502.pdf,510k_summary_pdf,a90b27b6570879db9ee33919b9785a8ee92db763c7312d7552d0607f3ffd273a,acf85c2a5cebfc0bb16051a17755c88cad2699f057314070251622ce065bc1b1,2026-06-30T14:47:04+00:00,success,LEGACY_SOURCE_MANIFEST
SRC02327,K210556,https://www.accessdata.fda.gov/scripts/cdrh/cfdocs/cfpmn/pmn.cfm?ID=K210556,fda_database_entry_html,b49e1341e27bcb36d72e50cc2a0a6d2650ff4f7245f11f52b440d3bc6deae149,1fca6c81491902a2909c6480bf550259da5f67b79e30ae1427a60d9f5d07353b,2026-06-30T14:47:06+00:00,success,LEGACY_SOURCE_MANIFEST
SRC02328,K210556,https://www.accessdata.fda.gov/cdrh_docs/pdf21/K210556.pdf,510k_summary_pdf,59a3ba99c3c9dbe4d91015f28ad546ecb4ea59c5014ab8c30b40c38923d5650c,8ae991e075932dc6452e33dad135322e4e5693cb4945b1960a45bde173b8c11a,2026-06-30T14:47:10+00:00,success,LEGACY_SOURCE_MANIFEST
SRC02329,K203610,https://www.accessdata.fda.gov/scripts/cdrh/cfdocs/cfpmn/pmn.cfm?ID=K203610,fda_database_entry_html,33c4928701a897c8eb8a3a91b1fccb2f92eba53525e4d8829af46e09cb485866,f293baed92b7b709bae15dd9a182d222809d0d1c4f85936b4955483916fdee45,2026-06-30T14:47:21+00:00,success,LEGACY_SOURCE_MANIFEST
SRC02330,K203610,https://www.accessdata.fda.gov/cdrh_docs/pdf20/K203610.pdf,510k_summary_pdf,c400c31cf4f72f950475b667753afe1e894b92bfe69e02e8b3e3291b0b9f0fa6,350c0cad04f54f6aab2a795517ae607a2eea5ff8cbceaed20cce0daa959a984d,2026-06-30T14:47:25+00:00,success,LEGACY_SOURCE_MANIFEST
SRC02331,K203469,https://www.accessdata.fda.gov/scripts/cdrh/cfdocs/cfpmn/pmn.cfm?ID=K203469,fda_database_entry_html,9c7d3b319dc10837a66054ebe29c725930041061a5cd0eee3539633458b24700,b408ab552c44d5e1dc792cfcf3e5e356418a4ae3f3273afb7fb830a31d71425b,2026-06-30T14:47:31+00:00,success,LEGACY_SOURCE_MANIFEST
SRC02332,K203469,https://www.accessdata.fda.gov/cdrh_docs/pdf20/K203469.pdf,510k_summary_pdf,99114827d6ba98b2d6c44914a17aeaa1e36658d3ec47a39e917e40faabb5927f,69c4fd93576f7bb753432b8d318158f8da558b2efee4450ec82709e598c0ac33,2026-06-30T14:47:33+00:00,success,LEGACY_SOURCE_MANIFEST
SRC02333,K203517,https://www.accessdata.fda.gov/scripts/cdrh/cfdocs/cfpmn/pmn.cfm?ID=K203517,fda_database_entry_html,c4d5e88e013a8804b9d410c36e81ea793a055d816874dedad771f1880bdd9245,29f9ebb0731bd526b9499859bb7804045260bc0ad49c11f6e0d0df51918358a4,2026-06-30T14:47:38+00:00,success,LEGACY_SOURCE_MANIFEST
SRC02334,K203517,https://www.accessdata.fda.gov/cdrh_docs/pdf20/K203517.pdf,510k_summary_pdf,fd81bb42c9d1edb0a370b882c9646299c5e6237641136200cb7310498d3a1c85,4d48781f713fb19498d6e3ecd477a703e94e57048ca08dd1f59506f52cfa83bf,2026-06-30T14:47:39+00:00,success,LEGACY_SOURCE_MANIFEST
SRC02335,K202992,https://www.accessdata.fda.gov/scripts/cdrh/cfdocs/cfpmn/pmn.cfm?ID=K202992,fda_database_entry_html,ac341a45e1f29bb53be199f9b6882f76b50585aae2c952d63d53836afa5bd35c,d12ff7cfd25dc94de49e4e870616168dd9c67199fefa03284c0e5823da8de871,2026-06-30T14:47:42+00:00,success,LEGACY_SOURCE_MANIFEST
SRC02336,K202992,https://www.accessdata.fda.gov/cdrh_docs/pdf20/K202992.pdf,510k_summary_pdf,31168211641e2afc5dea6a3150c220a2c25ed4bf1df423b3a508357de23cc24d,fa2bf33643a38bb81baef32815538422b7695125091652b2bf611e4b453aaaec,2026-06-30T14:47:46+00:00,success,LEGACY_SOURCE_MANIFEST
SRC02337,DEN200055,https://www.accessdata.fda.gov/scripts/cdrh/cfdocs/cfpmn/denovo.cfm?ID=DEN200055,fda_database_entry_html,9a1d4a7ddfd9b2ed7fff0380167e63a7700ec1560f18d423ebe4e4055fb94a88,30f53b03496ca9c0f1623e5d6628f8ca6991e4e142ffe9e5bd127d4d137fba6b,2026-06-30T14:47:54+00:00,success,LEGACY_SOURCE_MANIFEST
SRC02338,DEN200055,https://www.accessdata.fda.gov/cdrh_docs/pdf20/DEN200055.pdf,approval_order_pdf,ec043c7a87bc3f08638fe1cf4955fe2d9e9208c52c9ee9794a1b094da8b7a91f,44062e1bcb478dc5f9c1906aedf42e684738a72c586d318f262453b05fb4851d,2026-06-30T14:47:58+00:00,success,LEGACY_SOURCE_MANIFEST
SRC02339,DEN200055,http://www.accessdata.fda.gov/cdrh_docs/reviews/DEN200055.pdf,de_novo_summary_pdf,a8a9ac4c1bc06aae27a0498be59829e9a747ff4f8cea816a46ce6727a243fabc,54bc11fc063e22c721930c5115934c828c3070d715f019ebf5dbdb282f9fed60,2026-06-30T14:48:02+00:00,success,LEGACY_SOURCE_MANIFEST
SRC02340,K202928,https://www.accessdata.fda.gov/scripts/cdrh/cfdocs/cfpmn/pmn.cfm?ID=K202928,fda_database_entry_html,118a702faca33addcbd02be5fdf8764bc1768258871d8562c061845d98caf42d,9ce4178374271723013a7a6c88002a4e04452fa4046d4f988aff73d9dde1f561,2026-06-30T14:48:16+00:00,success,LEGACY_SOURCE_MANIFEST
SRC02341,K202928,https://www.accessdata.fda.gov/cdrh_docs/pdf20/K202928.pdf,510k_summary_pdf,30fe79910aa289ee9e17b8e86df38dfbe27db4cc2b6c0b1d5c9d6cad4ad078c1,5e2e0db740821d38d707fb7ea7923546624e5ba134d7f313d8a0c01c63764e16,2026-06-30T14:48:20+00:00,success,LEGACY_SOURCE_MANIFEST
SRC02342,K202441,https://www.accessdata.fda.gov/scripts/cdrh/cfdocs/cfpmn/pmn.cfm?ID=K202441,fda_database_entry_html,d6aae39dc5b4b90433aa8f4a459d81f20f9d77b2f6f2fb92eb91e6ed6aaec43b,625055b44ba466746642c36fb3df8f92f29b330424de4785c2a394b043901f28,2026-06-30T14:48:22+00:00,success,LEGACY_SOURCE_MANIFEST
SRC02343,K202441,https://www.accessdata.fda.gov/cdrh_docs/pdf20/K202441.pdf,510k_summary_pdf,3383a35cd3ca775c8aab9b67c348a71c6117a51ecefc73d2be6c1469c152d0fa,88ecb02731f34fcbdc876e2e0158b451b4a197c09e7f3eeed8d898bfdd4d9484,2026-06-30T14:48:24+00:00,success,LEGACY_SOURCE_MANIFEST
SRC02344,DEN200038,https://www.accessdata.fda.gov/scripts/cdrh/cfdocs/cfpmn/denovo.cfm?ID=DEN200038,fda_database_entry_html,f967245d2927a54f8d74a5f5d7561cd2edd5fd90f776c9617a6578df526449d3,c69800dcf17ee8f1e0780caabca3e2de46d813d557c2ab393d0d1145a650418a,2026-06-30T14:48:26+00:00,success,LEGACY_SOURCE_MANIFEST
SRC02345,DEN200038,https://www.accessdata.fda.gov/cdrh_docs/pdf20/DEN200038.pdf,approval_order_pdf,018036340fe5c820b4a8986dd43de606a7e81bbdbe8998fb16f3428aa6f859ec,f674dddd5f2b2a46adf851bd5a0ea5b32b3889d7e4edbddd3c5a363d06a0c43d,2026-06-30T14:48:28+00:00,success,LEGACY_SOURCE_MANIFEST
SRC02346,DEN200038,http://www.accessdata.fda.gov/cdrh_docs/reviews/DEN200038.pdf,de_novo_summary_pdf,18da48587e67a59328a9d78ec1c852ee4d65ee0d109c9a27ad110bcf64fbddac,b3f30f2f01ebf2fa4732c4fbdf62fc607c4f58721eb6b7947a88a2af954701d2,2026-06-30T14:48:36+00:00,success,LEGACY_SOURCE_MANIFEST
SRC02347,K210071,https://www.accessdata.fda.gov/scripts/cdrh/cfdocs/cfpmn/pmn.cfm?ID=K210071,fda_database_entry_html,625d930eed652dc7bc77bbe0e67d5327c76db39b06cb4bd5e14fc980dcb9f83e,6e69ac30682399f690eea9ded3f84e39ec9c2bea756a451a1792a91fecd64992,2026-06-30T14:48:46+00:00,success,LEGACY_SOURCE_MANIFEST
SRC02348,K210071,https://www.accessdata.fda.gov/cdrh_docs/pdf21/K210071.pdf,510k_summary_pdf,0f1f89666b18b3d0aec6bfb726899a5e0d4311a86de435bf0a5b0a9c7c6a2bed,d09e4e6109e166dd4647c7f6ac6643f66c5342a2db583a9c5d579f5d4f061d3d,2026-06-30T14:48:50+00:00,success,LEGACY_SOURCE_MANIFEST
SRC02349,K203258,https://www.accessdata.fda.gov/scripts/cdrh/cfdocs/cfpmn/pmn.cfm?ID=K203258,fda_database_entry_html,9e95fbc553be184844cb39cda302d5fcfa527baca97beb3370fcda37d8fd00bc,bbf18832efc9e4ee8ad300fefd54ea0015b8916bfab45537d0a3dd9a047ad32a,2026-06-30T14:48:49+00:00,success,LEGACY_SOURCE_MANIFEST
SRC02350,K203258,https://www.accessdata.fda.gov/cdrh_docs/pdf20/K203258.pdf,510k_summary_pdf,f1528801e8a46c224d8f335f89af8bebfd649e5ff3dedf4b21c08a0e7c534ee6,3479b06dd3dc791bd503b4442828924f3d78da7565d48cbb2f9144ef7471aeab,2026-06-30T14:48:53+00:00,success,LEGACY_SOURCE_MANIFEST
SRC02351,K203443,https://www.accessdata.fda.gov/scripts/cdrh/cfdocs/cfpmn/pmn.cfm?ID=K203443,fda_database_entry_html,c628d620d01c23ec6f6699a8f48bff7d87990682d7d5d4b95d639d2671a9956a,5038ce40e710058cca0348f8b06051dc19deea2848b3da486d7b8a470d7232f0,2026-06-30T14:48:54+00:00,success,LEGACY_SOURCE_MANIFEST
SRC02352,K203443,https://www.accessdata.fda.gov/cdrh_docs/pdf20/K203443.pdf,510k_summary_pdf,be420a044e11706cf900a86f0b75fbcc033a33abffc47b3ce0f84132f4f37eb3,32d7685a7e5a5712d1e131858c7803110dce92a8fd5169ba512f6a5131b3da5b,2026-06-30T14:48:57+00:00,success,LEGACY_SOURCE_MANIFEST
SRC02353,DEN200019,https://www.accessdata.fda.gov/scripts/cdrh/cfdocs/cfpmn/denovo.cfm?ID=DEN200019,fda_database_entry_html,7323820f805b725ea41c94767207d413581fd48016162282d5b315cbe47d2cc1,bfa784331fa17489fef8cc6979cc4467fa95ecc14678a5ba578959bb2095d74d,2026-06-30T14:49:04+00:00,success,LEGACY_SOURCE_MANIFEST
SRC02354,DEN200019,https://www.accessdata.fda.gov/cdrh_docs/pdf20/DEN200019.pdf,approval_order_pdf,f14a659dfa27afbb6f8d4be9a0e9ca260ad890b41e73ba2165e6bb9ab398ed82,943abad9a8cc7556937fda1918d30b0bd930d8a88e982fa5aebeb328f407de9a,2026-06-30T14:49:07+00:00,success,LEGACY_SOURCE_MANIFEST
SRC02355,DEN200019,http://www.accessdata.fda.gov/cdrh_docs/reviews/DEN200019.pdf,de_novo_summary_pdf,7e3c27db00a276276d5712f0cbee153a25ba449f984f3f3e2f4569a1c8378d48,60087a73e21fd16bde35600055afd6177260578307d4d03c147b0f8eb0dfb764,2026-06-30T14:49:12+00:00,success,LEGACY_SOURCE_MANIFEST
SRC02356,K203225,https://www.accessdata.fda.gov/scripts/cdrh/cfdocs/cfpmn/pmn.cfm?ID=K203225,fda_database_entry_html,885767592a7d170d2baf188f1a301dc653b66f7dc060e0b91a5214cdf138e100,b4c693c6e00999a2dbe9faacde9627b622ab243b0e2a647a47e507798f9f170b,2026-06-30T14:49:07+00:00,success,LEGACY_SOURCE_MANIFEST
SRC02357,K203225,https://www.accessdata.fda.gov/cdrh_docs/pdf20/K203225.pdf,510k_summary_pdf,711438a3daf14aa11c0c8bac4a04037d8b78e7c5623ff80e2ad47a19da839ff7,dbeaad4704eac0546156c252b961b1373e795d2bb1d7eb545056513743207009,2026-06-30T14:49:12+00:00,success,LEGACY_SOURCE_MANIFEST
SRC02358,K210209,https://www.accessdata.fda.gov/scripts/cdrh/cfdocs/cfpmn/pmn.cfm?ID=K210209,fda_database_entry_html,70721512fbb1dea25b9e90d95e54a1bab6bc98c2d8c392c3f3ce5cd987255d6e,ac7eb8a780dea9d874ecd19739de8fa0414c8d954f8438693ea5cd481f3205d3,2026-06-30T14:49:15+00:00,success,LEGACY_SOURCE_MANIFEST
SRC02359,K210209,https://www.accessdata.fda.gov/cdrh_docs/pdf21/K210209.pdf,510k_summary_pdf,0faf29f4f1e84ecc9d5ce286e201d5f537bea942f78c72f9500a833f6ffa1721,7d8f862ed9f6301e34e7a1d4e715aacbe64e51cab3b4766cecdcf6f06681d638,2026-06-30T14:49:19+00:00,success,LEGACY_SOURCE_MANIFEST
SRC02360,K203235,https://www.accessdata.fda.gov/scripts/cdrh/cfdocs/cfpmn/pmn.cfm?ID=K203235,fda_database_entry_html,fe4ded07d9f30cf483704468bef7c30e79e69938e26de11bb5d55f23195f234b,4f355adcf11e29db9cbde757caade7279565f25551b1c9cfebf99845eac055de,2026-06-30T14:49:19+00:00,success,LEGACY_SOURCE_MANIFEST
SRC02361,K203235,https://www.accessdata.fda.gov/cdrh_docs/pdf20/K203235.pdf,510k_summary_pdf,fe7fbbc4101a1a9cf3a7152304e9356ddec97343046386140b5d9c9a948cda3d,6951c3f216300a1cf158d9b4307a581024698656e6996ab45adcf1230451dc22,2026-06-30T14:49:23+00:00,success,LEGACY_SOURCE_MANIFEST
SRC02362,K202284,https://www.accessdata.fda.gov/scripts/cdrh/cfdocs/cfpmn/pmn.cfm?ID=K202284,fda_database_entry_html,8953f062f0dbd8b9386d6a127c401e8500d1f5af97f5c7c73643159dce43bbdb,82e1af46f6544f95f3eec982291628728b2562c9aebe57ec4c50838f9eacdde6,2026-06-30T14:49:25+00:00,success,LEGACY_SOURCE_MANIFEST
SRC02363,K202284,https://www.accessdata.fda.gov/cdrh_docs/pdf20/K202284.pdf,510k_summary_pdf,c9cd814173f9febaa40f769c13174f1d26e11f69a335e0c0003609e5b1fc7807,1e7659effeb428d2814d2b64536e5431224bc4bf38bc40799176e3df772612de,2026-06-30T14:49:30+00:00,success,LEGACY_SOURCE_MANIFEST
SRC02364,K203822,https://www.accessdata.fda.gov/scripts/cdrh/cfdocs/cfpmn/pmn.cfm?ID=K203822,fda_database_entry_html,f0c4675145ea636eb9a62fe636d84adf621a6e38c106e7e780d2d71d629fa5dd,18b15c6158c19fdc46f8f5cf6d044aa9120dec144f197a429e93786fca21b613,2026-06-30T14:49:25+00:00,success,LEGACY_SOURCE_MANIFEST
SRC02365,K203822,https://www.accessdata.fda.gov/cdrh_docs/pdf20/K203822.pdf,510k_summary_pdf,c260f03847ff9d20afa7d9b811bca23909b3622f33507ca564a3bf5aa286155c,ef9eb26d0f5e5e3486b00fbfdc3ad94d9247d15b3c24f0ef5ca3bc90fd9755d3,2026-06-30T14:49:27+00:00,success,LEGACY_SOURCE_MANIFEST
SRC02366,K203256,https://www.accessdata.fda.gov/scripts/cdrh/cfdocs/cfpmn/pmn.cfm?ID=K203256,fda_database_entry_html,2cc567b72e9705fa1dda4d75cd59bb79d717427e399f703913ae75bc9add19dd,79603eafb5aab2a5835b8ad13f1c2993cad067ff0dc4e5b12ae6b626d156a1f0,2026-06-30T14:49:30+00:00,success,LEGACY_SOURCE_MANIFEST
SRC02367,K203256,https://www.accessdata.fda.gov/cdrh_docs/pdf20/K203256.pdf,510k_summary_pdf,12663a135f98ee9355865d7012fa5a381a382eb8fcfa9a015764c2b5b81eb90a,0f32c9a18ddec080439a37db3e6e318f839b68a99bf68745e47eeeb5dc05a548,2026-06-30T14:49:31+00:00,success,LEGACY_SOURCE_MANIFEST
SRC02368,K202300,https://www.accessdata.fda.gov/scripts/cdrh/cfdocs/cfpmn/pmn.cfm?ID=K202300,fda_database_entry_html,efb2a65c86f76af062f9695100f61d6bae113b47ef07a6f00710bca2bd8299bc,cf5c9a77f8e8613ca28d4d756a33f26abdf18714de052669a0db832bba3aa183,2026-06-30T14:49:41+00:00,success,LEGACY_SOURCE_MANIFEST
SRC02369,K202300,https://www.accessdata.fda.gov/cdrh_docs/pdf20/K202300.pdf,510k_summary_pdf,8749e64ad58ad6d98a7554183c55beee317f92b88cbbf16cbc6fe77e65e65834,f64ef15aae5547636d5acb0d7704ae44434663e526220f0ee6d3d9d88e3b987a,2026-06-30T14:49:42+00:00,success,LEGACY_SOURCE_MANIFEST
SRC02370,K203323,https://www.accessdata.fda.gov/scripts/cdrh/cfdocs/cfpmn/pmn.cfm?ID=K203323,fda_database_entry_html,0ab7bb5e594dc4cdbd0fa1c92b908c8aab8fad9fc60ad70b8f46989956c589eb,543e46658a78db93727fded64598328e5e6d421efc89afc246e57583509b63c2,2026-06-30T14:49:45+00:00,success,LEGACY_SOURCE_MANIFEST
SRC02371,K203323,https://www.accessdata.fda.gov/cdrh_docs/pdf20/K203323.pdf,510k_summary_pdf,f5b3457b8b19618f6c8222a2604b4acedef39efb2dde0e86415b9b47a0a5e91b,bbde89bee258c125a0a47e13075125add608b2f3d0185cc5d4fbe57b3b712745,2026-06-30T14:49:46+00:00,success,LEGACY_SOURCE_MANIFEST
SRC02372,K203617,https://www.accessdata.fda.gov/scripts/cdrh/cfdocs/cfpmn/pmn.cfm?ID=K203617,fda_database_entry_html,7852cabc573b04d389399752bc2963fe7e4d2f6804d9530c2c4a38df3f5aca90,cc7800d27ae0f2082981115f732534819460ef525cb36b5ba641f6fcd7f46f13,2026-06-30T14:49:52+00:00,success,LEGACY_SOURCE_MANIFEST
SRC02373,K203617,https://www.accessdata.fda.gov/cdrh_docs/pdf20/K203617.pdf,510k_summary_pdf,bd8f757c1a40d5ca4f55d9a46a9bff01648450df3f8a8a7b4800f9f122775066,f85323c8779efe09b2e352786d31698a92477236fa329bf73ac1f83d0e2eec54,2026-06-30T14:49:55+00:00,success,LEGACY_SOURCE_MANIFEST
SRC02374,DEN200022,https://www.accessdata.fda.gov/scripts/cdrh/cfdocs/cfpmn/denovo.cfm?ID=DEN200022,fda_database_entry_html,8fc2ee55bd9677ef0e2b046867647ee7fdd1426bc1e1f716c82371d1f591d892,b633e80c1bd8f6c0e1dfb1747125603c02949bece5c48a716857667aacbac44a,2026-06-30T14:49:52+00:00,success,LEGACY_SOURCE_MANIFEST
SRC02375,DEN200022,https://www.accessdata.fda.gov/cdrh_docs/pdf20/DEN200022.pdf,approval_order_pdf,c56571fa7b98ef37417b02ff406b96852a3815bb72960b3578c65a9782e5bcc5,6e1dfcacada8f766ab86ec5bce9f3fac2f377c4db9b8b692737c7d1eeaf7798d,2026-06-30T14:49:56+00:00,success,LEGACY_SOURCE_MANIFEST
SRC02376,DEN200022,http://www.accessdata.fda.gov/cdrh_docs/reviews/DEN200022.pdf,de_novo_summary_pdf,16b8345915a3683c32b355ac462f60709cc1f280f1febe08bd795a08b4b92416,4179630111b357cb7c9b746c0e3b3d326e9d75ab71e856fcf2dc13e88926b14b,2026-06-30T14:50:01+00:00,success,LEGACY_SOURCE_MANIFEST
SRC02377,K203182,https://www.accessdata.fda.gov/scripts/cdrh/cfdocs/cfpmn/pmn.cfm?ID=K203182,fda_database_entry_html,f6b126231c80a3b47a3750043dc04dcfd453ab7587173e10c14d5a8d7b67f681,733e130800b904a4a34b85999e2238cf6af50d5693e67e902cfbde6706447d0b,2026-06-30T14:50:05+00:00,success,LEGACY_SOURCE_MANIFEST
SRC02378,K203182,https://www.accessdata.fda.gov/cdrh_docs/pdf20/K203182.pdf,510k_summary_pdf,f21627c40b620bd4462154664fe22ca53257e2e11f32e9c3acbacee20785a915,d13d4df85c6f5ffcee1599bf1d5e37e92d10136bd57ac379a8603d09ee384b66,2026-06-30T14:50:07+00:00,success,LEGACY_SOURCE_MANIFEST
SRC02379,K202990,https://www.accessdata.fda.gov/scripts/cdrh/cfdocs/cfpmn/pmn.cfm?ID=K202990,fda_database_entry_html,1246c58cb7e69397d0b964340caf1d3a9b18c5086efb93e4cd37ee42d43066f9,a231fff43682ecf4c8bf8a9171362e5035cd93d67218b34fe996f3cb3de3e6ca,2026-06-30T14:50:09+00:00,success,LEGACY_SOURCE_MANIFEST
SRC02380,K202990,https://www.accessdata.fda.gov/cdrh_docs/pdf20/K202990.pdf,510k_summary_pdf,5bcf36700d5f028140dbe8400456fdba927c0cf89b9ecf9fc6d29b2e6e66a6ff,918518325c04b1481a7ca20385378b5c59fd676902bd1d84332b66624cc3860d,2026-06-30T14:50:13+00:00,success,LEGACY_SOURCE_MANIFEST
SRC02381,K203578,https://www.accessdata.fda.gov/scripts/cdrh/cfdocs/cfpmn/pmn.cfm?ID=K203578,fda_database_entry_html,59875c69e27961bf1daaad801e6362ae0c23ba07b2c52ba56623e5893786d051,1b02e715c4af392875c6c08762a026c8540b623543098ecfe35f163e8747c6b9,2026-06-30T14:50:11+00:00,success,LEGACY_SOURCE_MANIFEST
SRC02382,K203578,https://www.accessdata.fda.gov/cdrh_docs/pdf20/K203578.pdf,510k_summary_pdf,3601010245c87604b502b0836b6e0253cf1029389537635109cb5f2beb8456b6,535409fb7920455925560b8cb642ed1bab8ae0a2fd122aa010318db857b58cc0,2026-06-30T14:50:13+00:00,success,LEGACY_SOURCE_MANIFEST
SRC02383,K202212,https://www.accessdata.fda.gov/scripts/cdrh/cfdocs/cfpmn/pmn.cfm?ID=K202212,fda_database_entry_html,68830ba3ec3c974b3725f128d344aa02db047ba9cdeaefeef79f9a4dca353e6a,714ba85c470cc174732d9b06997e9450e059490448e75e9ed148633706e2f670,2026-06-30T14:50:12+00:00,success,LEGACY_SOURCE_MANIFEST
SRC02384,K202212,https://www.accessdata.fda.gov/cdrh_docs/pdf20/K202212.pdf,510k_summary_pdf,4ec0a2cdd07068dcfda7ef24dbb46fab2c18410a591c413a9b2bb425fdb40ee9,dce157094e3b87763fba6b8056036984259c9a400d77782ee127f201e306e685,2026-06-30T14:50:16+00:00,success,LEGACY_SOURCE_MANIFEST
SRC02385,K203103,https://www.accessdata.fda.gov/scripts/cdrh/cfdocs/cfpmn/pmn.cfm?ID=K203103,fda_database_entry_html,caab8f36cfc4435843280f654c399ee17c26fd009e50541181a64c898a2b1c1f,18bc0b94595390d18eeb48cb90a9bdb4df7a0c547f64f073290ab3d84dc98e4a,2026-06-30T14:50:16+00:00,success,LEGACY_SOURCE_MANIFEST
SRC02386,K203103,https://www.accessdata.fda.gov/cdrh_docs/pdf20/K203103.pdf,510k_summary_pdf,2c92f696b2b3c2a0eb8171b0d62dec045e41e39cd5818992e61ce5e11d569143,d621988059fa737b64e65e647b55a037b51c12b43f0593906e3f8a38ff4783cb,2026-06-30T14:50:21+00:00,success,LEGACY_SOURCE_MANIFEST
SRC02387,K210053,https://www.accessdata.fda.gov/scripts/cdrh/cfdocs/cfpmn/pmn.cfm?ID=K210053,fda_database_entry_html,e66d7080de84e3c390fcec09c2a273cb05a9fb598f9d43f8c93ad073cca42d65,3f251d529b0be9ef353b5828a2fefa3233ad9e84fdbfc269c7c49f7853df8a7e,2026-06-30T14:50:19+00:00,success,LEGACY_SOURCE_MANIFEST
SRC02388,K210053,https://www.accessdata.fda.gov/cdrh_docs/pdf21/K210053.pdf,510k_summary_pdf,fd14abd78147fbf7247d4d425ce4b62544ee7870ac9bc74264aa787609d8395d,9fcfd43e77b00fe67959b74aa2e2b0d4dc04bdb5bbc6025506f2528b0214e9b8,2026-06-30T14:50:22+00:00,success,LEGACY_SOURCE_MANIFEST
SRC02389,K203582,https://www.accessdata.fda.gov/scripts/cdrh/cfdocs/cfpmn/pmn.cfm?ID=K203582,fda_database_entry_html,d061bd7addd42ac552da1156ec59017dd8b97a11b53ac672d6e00327f21269c7,fffdd23463246a4e7fb3fc3a9b2777e5bfccb690255961048e2b135cb22e8534,2026-06-30T14:50:23+00:00,success,LEGACY_SOURCE_MANIFEST
SRC02390,K203582,https://www.accessdata.fda.gov/cdrh_docs/pdf20/K203582.pdf,510k_summary_pdf,d14eb92c390224d8fd040530edbcc1a3b08e5656d128ec27a67e370e216b78b8,305c331fe9640cb6663e133aabdb3ad290644dafe95cf77e896d75d9db7572d5,2026-06-30T14:50:28+00:00,success,LEGACY_SOURCE_MANIFEST
SRC02391,K201411,https://www.accessdata.fda.gov/scripts/cdrh/cfdocs/cfpmn/pmn.cfm?ID=K201411,fda_database_entry_html,5671a6f6e7c55a98079a678f19817fb2943e05d8b4362d989b629855e71c4b48,2c5aea241515a840564d8093dad0bb80e37a04968b75b56e62befc8f0fb72214,2026-06-30T14:50:26+00:00,success,LEGACY_SOURCE_MANIFEST
SRC02392,K201411,https://www.accessdata.fda.gov/cdrh_docs/pdf20/K201411.pdf,510k_summary_pdf,b0c7cf8cf9b026f1db20c6ee8b2ad120343ebf77c1acf77afda6ad741cddac52,142f4b50d2ec661567bc6b39ec2dedcce4c35e51fd8c3563d4a26a0e0cfc5575,2026-06-30T14:50:30+00:00,success,LEGACY_SOURCE_MANIFEST
SRC02393,K202767,https://www.accessdata.fda.gov/scripts/cdrh/cfdocs/cfpmn/pmn.cfm?ID=K202767,fda_database_entry_html,bf9f7656c54480dfc41ebe33eb567bca2c920333ddeb45ce4c19b2b1117cc999,79c736efe7e3fc9eeb07531eccc02b5c13a0fa0a1e16c952f9e14a8628390920,2026-06-30T14:50:27+00:00,success,LEGACY_SOURCE_MANIFEST
SRC02394,K202767,https://www.accessdata.fda.gov/cdrh_docs/pdf20/K202767.pdf,510k_summary_pdf,4cd1558b2921c831b2df6158571ba84ee41feb752b04325a45814805ec7cfa6e,b97f0bb9bf0c862b1f90afd9944e7895553eb2a230456a77c4b38ee31fe876ec,2026-06-30T14:50:33+00:00,success,LEGACY_SOURCE_MANIFEST
SRC02395,K193271,https://www.accessdata.fda.gov/scripts/cdrh/cfdocs/cfpmn/pmn.cfm?ID=K193271,fda_database_entry_html,4267d161265490e0e8680906dd3515e5b3aa753ade4db7d038944e38fbfe0450,fe3df990ea7cb9619eb3425379c43e237308abb19a14be55e6d9f10d70fb3584,2026-06-30T14:50:32+00:00,success,LEGACY_SOURCE_MANIFEST
SRC02396,K193271,https://www.accessdata.fda.gov/cdrh_docs/pdf19/K193271.pdf,510k_summary_pdf,859e8d39dc92b1318fb66228e809fc25163e37ac26fdd25e814d09eee66e8c9e,621eb2dffcb6dfb622608b8846f9207d8f2abdb5ca81744a53adb0a485ffb534,2026-06-30T14:50:38+00:00,success,LEGACY_SOURCE_MANIFEST
SRC02397,K202700,https://www.accessdata.fda.gov/scripts/cdrh/cfdocs/cfpmn/pmn.cfm?ID=K202700,fda_database_entry_html,e5d832f0cc2e02de7e5eb00745d6c5d72b114b065f0e7759d890eff6c9edae3c,270a95f4085cf3a3aec2aba9c74c7f783e00b464876cffde52a53d42a45197a3,2026-06-30T14:50:42+00:00,success,LEGACY_SOURCE_MANIFEST
SRC02398,K202700,https://www.accessdata.fda.gov/cdrh_docs/pdf20/K202700.pdf,510k_summary_pdf,0ad72b606ad4bc77457788b4d865113be27fd48ae5de5bf58ca995ba131b5661,c21ec1722ec72e8ac0e387d0f474e7771ca7594852307ab1c5228af64b6c77e2,2026-06-30T14:50:46+00:00,success,LEGACY_SOURCE_MANIFEST
SRC02399,K203280,https://www.accessdata.fda.gov/scripts/cdrh/cfdocs/cfpmn/pmn.cfm?ID=K203280,fda_database_entry_html,d4e1b60a07ba9229895f119b918e98481b2df5e00e23a5c579fd8ff7ee69fa49,0093448ffad4d09212ea16b3b4df635ddfe2f1803ba3c184b90988caa9b64e7f,2026-06-30T14:51:03+00:00,success,LEGACY_SOURCE_MANIFEST
SRC02400,K203280,https://www.accessdata.fda.gov/cdrh_docs/pdf20/K203280.pdf,510k_summary_pdf,ef442b75e0c57857b5747ecaa56c63da82790aff1f2f1ffb7a7a2802bb767616,34f5d31bcd2269a90415e07d751d26bd5e2133c310ada1dd37b6386f7d9b3277,2026-06-30T14:51:06+00:00,success,LEGACY_SOURCE_MANIFEST
SRC02401,K201836,https://www.accessdata.fda.gov/scripts/cdrh/cfdocs/cfpmn/pmn.cfm?ID=K201836,fda_database_entry_html,75a78b6699b60af70f34a03e75a9ae0556c63c0d2647f0581cd602cce779dd39,584a4e1718348294ea92541f51fe9f6ca2070a8c67f343c5d597d46e7859afca,2026-06-30T14:51:07+00:00,success,LEGACY_SOURCE_MANIFEST
SRC02402,K201836,https://www.accessdata.fda.gov/cdrh_docs/pdf20/K201836.pdf,510k_summary_pdf,7787a1e652f468ea23736ca397e23679c7fbadd9d02f6f223469dd57bea6490a,0dce3a92bccb7b534753bc419ebcf14df4a6fbc9f89efd681bb3cce810d66e1c,2026-06-30T14:51:08+00:00,success,LEGACY_SOURCE_MANIFEST
SRC02403,P200003,https://www.accessdata.fda.gov/scripts/cdrh/cfdocs/cfpma/pma.cfm?id=P200003,fda_database_entry_html,8dd2c0d2cfce9c423f254ce43a76499478e06011da169ecbfa8e5fc6f79a656a,d9cd7396f08ce3eb9f72a300ae4dcfb6c7b7d2a2fbe02bbbaf3cc53ac1430343,2026-06-30T14:51:09+00:00,success,LEGACY_SOURCE_MANIFEST
SRC02404,P200003,https://www.accessdata.fda.gov/cdrh_docs/pdf20/P200003A.pdf,approval_order_pdf,6c9a1838afb3ce0fd020e8c1351ee16d42a7e326155e0cfd3658cbcbf51d3961,e1df07b002c5e3aa1323d4896be138bd04b4068e055a454a990bc2dff790da57,2026-06-30T14:51:11+00:00,success,LEGACY_SOURCE_MANIFEST
SRC02405,P200003,https://www.accessdata.fda.gov/cdrh_docs/pdf20/P200003B.pdf,pma_ssed_pdf,e863233ebdb6c31449784f35b60ca1bb512bde8f39b992ff942e4c8ad9b3a307,81f8bdd121a72368ecbd67a73fb4814300c1fe6f6af9330075b5f4cb3a4e200e,2026-06-30T14:51:21+00:00,success,LEGACY_SOURCE_MANIFEST
SRC02406,P200003,https://www.accessdata.fda.gov/cdrh_docs/pdf20/P200003C.pdf,labeling_pdf,86c322ca6174997935eb258446bdb75e83b1b3551fdac6eb1189d591151b184b,b82a32add9ed9e686445b5da7db420967df4bae104df0665d1f9e6c9755fef80,2026-06-30T14:51:26+00:00,success,LEGACY_SOURCE_MANIFEST
SRC02407,K200717,https://www.accessdata.fda.gov/scripts/cdrh/cfdocs/cfpmn/pmn.cfm?ID=K200717,fda_database_entry_html,634fc257e24d6d789fd2e646bd313f90546799183db9480907e5824b38fe91d6,82901c1c6130d2ce6bdea728d1d1f8d02bec11132046b40d1f0bdaeeb878b845,2026-06-30T14:51:13+00:00,success,LEGACY_SOURCE_MANIFEST
SRC02408,K200717,https://www.accessdata.fda.gov/cdrh_docs/pdf20/K200717.pdf,510k_summary_pdf,8dfb3bc7543b59cea682261e177abdd87cf5a09efb1d5f1b7d0e4d3c37b9d230,37feb27690b05c3c0c51fde0963646f8b8e50ace5a7512a817def8ccf345dcae,2026-06-30T14:51:20+00:00,success,LEGACY_SOURCE_MANIFEST
SRC02409,K203329,https://www.accessdata.fda.gov/scripts/cdrh/cfdocs/cfpmn/pmn.cfm?ID=K203329,fda_database_entry_html,75e81a5bc776270a5fdb547eff21c88b1f63741631a7e699af38306d9addd8fd,5ed2f6a1236b8df197c98e046278e9a5c52f255fabe6dfdb428ed4f9fd9ac271,2026-06-30T14:51:31+00:00,success,LEGACY_SOURCE_MANIFEST
SRC02410,K203329,https://www.accessdata.fda.gov/cdrh_docs/pdf20/K203329.pdf,510k_summary_pdf,4727ea4061746fb4b36a8035a61b8f36a046b6799a3a9c1102c848013ee74304,cd1fe07491b74da53dc433f093044113b3f82b6b6e53be934e015e66c252c6fa,2026-06-30T14:51:34+00:00,success,LEGACY_SOURCE_MANIFEST
SRC02411,K202414,https://www.accessdata.fda.gov/scripts/cdrh/cfdocs/cfpmn/pmn.cfm?ID=K202414,fda_database_entry_html,f6c1438886413f23a293909c464e29a3b7e19f4dad407ac2a075574025a47a29,6aaf1a3a971e77f866ffb629d4b6d23b3b3561f042564d284750bb12564681bb,2026-06-30T14:51:42+00:00,success,LEGACY_SOURCE_MANIFEST
SRC02412,K202414,https://www.accessdata.fda.gov/cdrh_docs/pdf20/K202414.pdf,510k_summary_pdf,c039bc8a3e895b6dba106c5415b9d7b5fababaaae1dc094329582672d5d9a30d,ecf6e76d84a65091ad1c4779aaf30f0c77dfcce04f176bb07c67e6f87a1b6f5c,2026-06-30T14:51:47+00:00,success,LEGACY_SOURCE_MANIFEST
SRC02413,K203508,https://www.accessdata.fda.gov/scripts/cdrh/cfdocs/cfpmn/pmn.cfm?ID=K203508,fda_database_entry_html,ebc7ce5abe69272511c6603195fb0f607dcb6265127f9b901f0b71c053e6c1ba,2f102bd3f32682175e3bb82e8569bebb2b5be0095ce39824707c7a5def24f3b3,2026-06-30T14:51:48+00:00,success,LEGACY_SOURCE_MANIFEST
SRC02414,K203508,https://www.accessdata.fda.gov/cdrh_docs/pdf20/K203508.pdf,510k_summary_pdf,12f2d1d50551bfd363d6f4045e491135dbae33022a62ecda5991feac31d2ed54,2f53809f092bc9886bdc92247393eb27835f509ddd6701a4c9ae2584cb2d853c,2026-06-30T14:51:53+00:00,success,LEGACY_SOURCE_MANIFEST
SRC02415,K202229,https://www.accessdata.fda.gov/scripts/cdrh/cfdocs/cfpmn/pmn.cfm?ID=K202229,fda_database_entry_html,d101c4e07da66ae1a33fab1a269f77aa0ba4bf81252aceaa87efa3a1410a9dec,6fadbf9665bfe5e1cd80813b5340bd29ed863bf8da6bad6c08aae21b9bfb9c8a,2026-06-30T14:51:53+00:00,success,LEGACY_SOURCE_MANIFEST
SRC02416,K202229,https://www.accessdata.fda.gov/cdrh_docs/pdf20/K202229.pdf,510k_summary_pdf,1dc1507fb5449a6a26aa4e337d4a2401932560c32b31b1fd6a7cf39051e3d959,a57cfc2fc2788705deae0cf2ab3e91a0f828496074457c4db93bb87371e779ec,2026-06-30T14:51:57+00:00,success,LEGACY_SOURCE_MANIFEST
SRC02417,K201555,https://www.accessdata.fda.gov/scripts/cdrh/cfdocs/cfpmn/pmn.cfm?ID=K201555,fda_database_entry_html,f6dfd2cded0eaf85da64a7f8bd0c8f56e52c3408ebd6815c3d6b335f66839497,4ebe588872c8a083b5c662c82a354b6353f55486e611989a092b977b96b08959,2026-06-30T14:52:02+00:00,success,LEGACY_SOURCE_MANIFEST
SRC02418,K201555,https://www.accessdata.fda.gov/cdrh_docs/pdf20/K201555.pdf,510k_summary_pdf,82bc1b2328de07f3cf72712a22045665d29623a0fcbb0e1ba9acee552057e7f8,02d86ea633d1d432829e2f115089e8e911abf0193078d893d689b4f54245a3b0,2026-06-30T14:52:03+00:00,success,LEGACY_SOURCE_MANIFEST
SRC02419,K203042,https://www.accessdata.fda.gov/scripts/cdrh/cfdocs/cfpmn/pmn.cfm?ID=K203042,fda_database_entry_html,ec03e5174173f620f640985706a6ca9c179b4425fae9cfacca476f14c219172d,2f97bc460bf6d0f9b643bce66221a3032bc2a4442c1c202f58609c74d0926dc6,2026-06-30T14:52:08+00:00,success,LEGACY_SOURCE_MANIFEST
SRC02420,K203042,https://www.accessdata.fda.gov/cdrh_docs/pdf20/K203042.pdf,510k_summary_pdf,771f940d7364ecbf71141a33f3daaca1c35016eca59b2ef8398d9a3385bcbdff,44d0b131948a1cde56db936af3c454513ed4f30f3c385211d2ad27d34a222dfc,2026-06-30T14:52:13+00:00,success,LEGACY_SOURCE_MANIFEST
SRC02421,K201745,https://www.accessdata.fda.gov/scripts/cdrh/cfdocs/cfpmn/pmn.cfm?ID=K201745,fda_database_entry_html,fffba4c1702f621376be8cc4eb429e6f6c9d93a1266db093b89e8e6339327da4,2d245cf101a6efdf1320210769130af05f51c491e92fd6a639bb1abc69ae8710,2026-06-30T14:52:12+00:00,success,LEGACY_SOURCE_MANIFEST
SRC02422,K201745,https://www.accessdata.fda.gov/cdrh_docs/pdf20/K201745.pdf,510k_summary_pdf,eb2dc950bf3da39d298971041934d030e073a8ecd251d1d1b096696bb176258e,fd7e9187a10eb3b7b893a04b846a81e32e0a4d2d47fd3be9a4d56bcfc3dc633d,2026-06-30T14:52:14+00:00,success,LEGACY_SOURCE_MANIFEST
SRC02423,K201039,https://www.accessdata.fda.gov/scripts/cdrh/cfdocs/cfpmn/pmn.cfm?ID=K201039,fda_database_entry_html,aa54ce1e11b519873f567fc5ab8ca1ae5a77f592c25c63a13b19d1e2cf6e63df,1f8998a493ade6aa248a902794916115dccb2572da87fa70fa283fa806539a60,2026-06-30T14:52:14+00:00,success,LEGACY_SOURCE_MANIFEST
SRC02424,K201039,https://www.accessdata.fda.gov/cdrh_docs/pdf20/K201039.pdf,510k_summary_pdf,14d6b34c5bd4c66298a19629116cfec3df56ef71755a6a76aa83a4fe74366f67,572269d0b82295e733fe2a0e24f482fd2960505d38ed713418613b34b06a424a,2026-06-30T14:52:15+00:00,success,LEGACY_SOURCE_MANIFEST
SRC02425,K202487,https://www.accessdata.fda.gov/scripts/cdrh/cfdocs/cfpmn/pmn.cfm?ID=K202487,fda_database_entry_html,0f3a5470c7bbab8b2c53ac2a8d5495369ca88870a6a11f35439f0847d8db2087,ae9a0f61a68f727772207629727e20f9a804fe3f7b8ed58fd5b2ab10cb516aa6,2026-06-30T14:52:18+00:00,success,LEGACY_SOURCE_MANIFEST
SRC02426,K202487,https://www.accessdata.fda.gov/cdrh_docs/pdf20/K202487.pdf,510k_summary_pdf,d44c35d0593345a32b92f4cb79ff21cc155e13e14efe3ee5dae42a063dc08f57,4bf5937654f4d3a140fe88b5d3770cb1dc5da54941477818073341b2e5149d3c,2026-06-30T14:52:23+00:00,success,LEGACY_SOURCE_MANIFEST
SRC02427,K203169,https://www.accessdata.fda.gov/scripts/cdrh/cfdocs/cfpmn/pmn.cfm?ID=K203169,fda_database_entry_html,2a6b345b75ea25776279f162af07012a0074d3bef88f7d586865b38c56b6b618,f5db884c3f6ee05755382f7855ec89031718f69c6dc2571fbbec322392bdd539,2026-06-30T14:52:19+00:00,success,LEGACY_SOURCE_MANIFEST
SRC02428,K203169,https://www.accessdata.fda.gov/cdrh_docs/pdf20/K203169.pdf,510k_summary_pdf,ced27a00b400592f92cec8e36fd57596a2850387ff972a55c9cea7d9bc929fc6,7b976db67abfcd8cb0923e64c86e171d1c58200e683552a98ae97ff31344d8ee,2026-06-30T14:52:22+00:00,success,LEGACY_SOURCE_MANIFEST
SRC02429,K193287,https://www.accessdata.fda.gov/scripts/cdrh/cfdocs/cfpmn/pmn.cfm?ID=K193287,fda_database_entry_html,fefee2e58a858a860b57d52f9963f6a506531bd9bfc43450aa422c9f42c6dd74,8e7b372177d60e18694eb1650eddcfe715e27612ea076f82563616fd9973a204,2026-06-30T14:52:25+00:00,success,LEGACY_SOURCE_MANIFEST
SRC02430,K193287,https://www.accessdata.fda.gov/cdrh_docs/pdf19/K193287.pdf,510k_summary_pdf,4a87795dc431bb058fcf0b8024eb0ea24eda0aca9bf3a6b3877dea04464e3b9f,20dc8ea5d2c31c903bf500e96b55038f4e92949e06d6afbc7ac2aaac44db5838,2026-06-30T14:52:31+00:00,success,LEGACY_SOURCE_MANIFEST
SRC02431,K200873,https://www.accessdata.fda.gov/scripts/cdrh/cfdocs/cfpmn/pmn.cfm?ID=K200873,fda_database_entry_html,f2060906d6ebe3b6adce23c5a28691b6e1ee6222587d360d657cc0bb8389a2e8,baa84b2925e47efab5a03375f83c3ad0d2d836e012459b687d5ff590a43728ce,2026-06-30T14:52:27+00:00,success,LEGACY_SOURCE_MANIFEST
SRC02432,K200873,https://www.accessdata.fda.gov/cdrh_docs/pdf20/K200873.pdf,510k_summary_pdf,09aed444645da9bf040907dd6c53432e806b1ccc217db56eeadef581da0f40d0,d16e749b8392cc44a844c9d7ba63213690ed2d898cc383f67f9d091983348d58,2026-06-30T14:52:32+00:00,success,LEGACY_SOURCE_MANIFEST
SRC02433,K201019,https://www.accessdata.fda.gov/scripts/cdrh/cfdocs/cfpmn/pmn.cfm?ID=K201019,fda_database_entry_html,40837e7b9aa75a0f84a4b8396032916129cc005e6b1f37371c391f963b0964d8,d1c5dbd13ca722bf4e1021b536b5f9e9f5ae26bc7f174b92a37caf2768dfad4c,2026-06-30T14:52:29+00:00,success,LEGACY_SOURCE_MANIFEST
SRC02434,K201019,https://www.accessdata.fda.gov/cdrh_docs/pdf20/K201019.pdf,510k_summary_pdf,ed30f3131b2abf4358dd5ba43c09553fe31563e2abc14aedf1ec649a91665790,b650bf9f077ce7cdb98322dfd571923fdb051467e2c77081fa808315fd1df389,2026-06-30T14:52:39+00:00,success,LEGACY_SOURCE_MANIFEST
SRC02435,K201195,https://www.accessdata.fda.gov/scripts/cdrh/cfdocs/cfpmn/pmn.cfm?ID=K201195,fda_database_entry_html,5fd7adbc1619c7bc2cbeedf52dab9321a70814439f1bed0c637fb913b0026254,2022eff4f7b9e9ad353e1155eeac1384f3c6b1ad3013781fa6f8fa14f0929052,2026-06-30T14:52:32+00:00,success,LEGACY_SOURCE_MANIFEST
SRC02436,K201195,https://www.accessdata.fda.gov/cdrh_docs/pdf20/K201195.pdf,510k_summary_pdf,8eb306ca2c2c2aa734e69aeb9d42a41f1c0d688e527d6a38a240c912fed17254,482b654bd26e7856dc005a60b5648ea7b13e710192359d98d95c2a69a1c678a1,2026-06-30T14:52:38+00:00,success,LEGACY_SOURCE_MANIFEST
SRC02437,K193306,https://www.accessdata.fda.gov/scripts/cdrh/cfdocs/cfpmn/pmn.cfm?ID=K193306,fda_database_entry_html,21a0544b66af78e49b5e4e43c8ac779492548b65b658d941f3d64df8bc1d7768,04dba188b62a1be39a31b038089f8435d8996e5f33fa217bfd6c3029fbe5c678,2026-06-30T14:52:37+00:00,success,LEGACY_SOURCE_MANIFEST
SRC02438,K193306,https://www.accessdata.fda.gov/cdrh_docs/pdf19/K193306.pdf,510k_summary_pdf,ed41e9c48feb9dc2102f0b352995b6da224214fa403a5346d56dabf7c5592ae7,baa5a0b1333c34517d70eb89ede3cb2f651c67a755863af2116937f76aae0590,2026-06-30T14:52:41+00:00,success,LEGACY_SOURCE_MANIFEST
SRC02439,K193289,https://www.accessdata.fda.gov/scripts/cdrh/cfdocs/cfpmn/pmn.cfm?ID=K193289,fda_database_entry_html,709ad0bc3bb5da362a711ef1cbe851b919c3600a82d85738fa0bbd38b6e9ec76,c23bb02729710cc33a263d1009abf6a51711830589395e0a8420c66c8fe33018,2026-06-30T14:52:38+00:00,success,LEGACY_SOURCE_MANIFEST
SRC02440,K193289,https://www.accessdata.fda.gov/cdrh_docs/pdf19/K193289.pdf,510k_summary_pdf,68c044086e852c8ccf79c0d49506b0a5d671e4afd1c42b7cc9b1b70932f28f89,e3f9d0b88090f07e199e4f059843b3f82dd425644ed7d2c0fd938d784cb49cd5,2026-06-30T14:52:43+00:00,success,LEGACY_SOURCE_MANIFEST
SRC02441,K201985,https://www.accessdata.fda.gov/scripts/cdrh/cfdocs/cfpmn/pmn.cfm?ID=K201985,fda_database_entry_html,7e9359e18ace630c64f52d9de24a279b9641ead2e45b88fded22d95312bc1e6f,6178ff566f472194a65859ed8e210a7709e3b18b00e00cbdf86d756b8e3e9567,2026-06-30T14:52:47+00:00,success,LEGACY_SOURCE_MANIFEST
SRC02442,K201985,https://www.accessdata.fda.gov/cdrh_docs/pdf20/K201985.pdf,510k_summary_pdf,f5c090a376f24157aa7bbef3706d47a0b9e201b721b5241c06df34eff787b6aa,9f0be8846f0724192aa6a1362981f336edb60ead0ccbd65395185f5227c98c34,2026-06-30T14:52:50+00:00,success,LEGACY_SOURCE_MANIFEST
SRC02443,K193562,https://www.accessdata.fda.gov/scripts/cdrh/cfdocs/cfpmn/pmn.cfm?ID=K193562,fda_database_entry_html,da99340c7abd69567e274fc2c172bb85eaf8be7cecb72fa59bf9a3151e8bda11,b89fc9e7800c5f708a330820ea4e4da220d24241cc83295cf891b77a836b234d,2026-06-30T14:52:48+00:00,success,LEGACY_SOURCE_MANIFEST
SRC02444,K193562,https://www.accessdata.fda.gov/cdrh_docs/pdf19/K193562.pdf,510k_summary_pdf,ed03d73e7559bc564527c13a823589469a4a998e293b08ce83aebab09bccab56,eebc4df9ff2ae5410dbfd220e12dc53dc7c94bc8913f9f5bd69e04c677262450,2026-06-30T14:52:51+00:00,success,LEGACY_SOURCE_MANIFEST
SRC02445,K200750,https://www.accessdata.fda.gov/scripts/cdrh/cfdocs/cfpmn/pmn.cfm?ID=K200750,fda_database_entry_html,c4abc743c1da851af8395e85885d9b0aa0e710d0cfd0e2b5cc437fd052768aca,5aa098bb35607a8e1037e22c0c91fe009be02946ec220633f703d5313ee93b5d,2026-06-30T14:52:54+00:00,success,LEGACY_SOURCE_MANIFEST
SRC02446,K200750,https://www.accessdata.fda.gov/cdrh_docs/pdf20/K200750.pdf,510k_summary_pdf,188e8692bc012034a35bcb0737a97d3f65ed1780ab7009e62010bc4c336c9972,e9caf24d0af04323faeb0c816b04f611c81e5c4fb5764230a31f41bb8b484da4,2026-06-30T14:52:57+00:00,success,LEGACY_SOURCE_MANIFEST
SRC02447,K202013,https://www.accessdata.fda.gov/scripts/cdrh/cfdocs/cfpmn/pmn.cfm?ID=K202013,fda_database_entry_html,9aa3911811f3dfce513d415ffb3a6bb482e87b6e464e3474c881ccc7f034e07f,71a744ee8ae4c5e94499d2aa1883cf5e7895ed37fbebd3166b0f7e1bd865586a,2026-06-30T14:53:02+00:00,success,LEGACY_SOURCE_MANIFEST
SRC02448,K202013,https://www.accessdata.fda.gov/cdrh_docs/pdf20/K202013.pdf,510k_summary_pdf,ca90273ec77f65bd525af035c5c30913824bb95bec39ea88adb662a32bf3c587,79bb20e072a3e258d4170880c64f6b751a468bf5ccc531c4dd262639633827f1,2026-06-30T14:53:11+00:00,success,LEGACY_SOURCE_MANIFEST
SRC02449,K200323,https://www.accessdata.fda.gov/scripts/cdrh/cfdocs/cfpmn/pmn.cfm?ID=K200323,fda_database_entry_html,da53db21addd96f892c191f8cfbf5c8d73c8f6ac2787917d5f98f77b89d3e980,7183a500ab7c8ccd63f7fb26d65d1776fb537e7614532dfccc0dc50c59ff4661,2026-06-30T14:53:05+00:00,success,LEGACY_SOURCE_MANIFEST
SRC02450,K200323,https://www.accessdata.fda.gov/cdrh_docs/pdf20/K200323.pdf,510k_summary_pdf,1cc1bd60efa137db0071f19a9e835404b00616b4daeb4bf16a8ea2acb7f2f143,bda77d5f1dda925de9051af607ef4f48b9573e8d0cffee67c699526c38f9767b,2026-06-30T14:53:12+00:00,success,LEGACY_SOURCE_MANIFEST
SRC02451,K202089,https://www.accessdata.fda.gov/scripts/cdrh/cfdocs/cfpmn/pmn.cfm?ID=K202089,fda_database_entry_html,41b65192bf8905226cde483314bf188ac29959e1648da66bcd0c3adb2ef07d63,60a57079e48bab9ac2cadcd731b2bd7aa4e45c5f4f4b1bfda0fb98ad183317ea,2026-06-30T14:53:17+00:00,success,LEGACY_SOURCE_MANIFEST
SRC02452,K202089,https://www.accessdata.fda.gov/cdrh_docs/pdf20/K202089.pdf,510k_summary_pdf,ce6c30c8ff83159c3e34e743e9d8fee31944a29324f9856e1ba65d71da4d1e99,e9d0d2e51935663e81547cae1821b95c3fcf8db712c7f04b32a66ee227b758cd,2026-06-30T14:53:19+00:00,success,LEGACY_SOURCE_MANIFEST
SRC02453,K202089,http://www.accessdata.fda.gov/cdrh_docs/reviews/K202089.pdf,510k_summary_pdf,ce6c30c8ff83159c3e34e743e9d8fee31944a29324f9856e1ba65d71da4d1e99,e9d0d2e51935663e81547cae1821b95c3fcf8db712c7f04b32a66ee227b758cd,2026-06-30T14:53:31+00:00,success,LEGACY_SOURCE_MANIFEST
SRC02454,K201710,https://www.accessdata.fda.gov/scripts/cdrh/cfdocs/cfpmn/pmn.cfm?ID=K201710,fda_database_entry_html,09c7152df9704bd136fae8fb4de96e0c18c068dde96a58e3d972d7db51d60eda,d60eb2ab7e2b9d650c231367bd25731166b3f3c185b035fede397fd6055895d8,2026-06-30T14:53:17+00:00,success,LEGACY_SOURCE_MANIFEST
SRC02455,K201710,https://www.accessdata.fda.gov/cdrh_docs/pdf20/K201710.pdf,510k_summary_pdf,6ead1e080485236d4f7aed3872f863ad2aff16d4c9c77afb13c128c4e2cf64db,cc4027f275391291bca956d5b56c903a9bac322b72c3602aeba447d15f941131,2026-06-30T14:53:25+00:00,success,LEGACY_SOURCE_MANIFEST
SRC02456,K200595,https://www.accessdata.fda.gov/scripts/cdrh/cfdocs/cfpmn/pmn.cfm?ID=K200595,fda_database_entry_html,94f334d42ffdb7e997d2766e7db676edc95b6d858df96c031c823d03a2e7e407,408a4aaa610535d6e7446f476f0606bb9bd8c0d3799115a49d8b8efd46346ecb,2026-06-30T14:53:24+00:00,success,LEGACY_SOURCE_MANIFEST
SRC02457,K200595,https://www.accessdata.fda.gov/cdrh_docs/pdf20/K200595.pdf,510k_summary_pdf,f6f25ee113572fc988891cf4ea58230c20a98c9980178997b482d1b7f2cc04df,eaf4ed7265c3dfc8c186efcc1e69c2fe1b7788616753a63916b8b8ff9337b556,2026-06-30T14:53:24+00:00,success,LEGACY_SOURCE_MANIFEST
SRC02458,K200595,http://www.accessdata.fda.gov/cdrh_docs/reviews/K200595.pdf,510k_summary_pdf,f6f25ee113572fc988891cf4ea58230c20a98c9980178997b482d1b7f2cc04df,eaf4ed7265c3dfc8c186efcc1e69c2fe1b7788616753a63916b8b8ff9337b556,2026-06-30T14:53:32+00:00,success,LEGACY_SOURCE_MANIFEST
SRC02459,K201615,https://www.accessdata.fda.gov/scripts/cdrh/cfdocs/cfpmn/pmn.cfm?ID=K201615,fda_database_entry_html,676992a91cbfd3aef9a2397998b547e358516fc785951d4c8668700efd5acc10,44731a8d837d360cffe025474b2f46512b318316454b20e785680cf0db74c311,2026-06-30T14:53:31+00:00,success,LEGACY_SOURCE_MANIFEST
SRC02460,K201615,https://www.accessdata.fda.gov/cdrh_docs/pdf20/K201615.pdf,510k_summary_pdf,7b59709d5e6e8aaa9e13dcd26ecf4a447c28d0481afc38144d9afa818162b177,e94e07b009db639d7d5205b02a5738cfd9c18bb3ce136d2508111f5c46afe75d,2026-06-30T14:53:35+00:00,success,LEGACY_SOURCE_MANIFEST
SRC02461,K202501,https://www.accessdata.fda.gov/scripts/cdrh/cfdocs/cfpmn/pmn.cfm?ID=K202501,fda_database_entry_html,14ceb45a6d47f6bb17a2e057203444818e0b880c18a563a083bd8aef2fb4859a,e0e6f94eb28b85a72b8b6793caca098006b44838e37342cd8d4c6d012a43a758,2026-06-30T14:53:32+00:00,success,LEGACY_SOURCE_MANIFEST
SRC02462,K202501,https://www.accessdata.fda.gov/cdrh_docs/pdf20/K202501.pdf,510k_summary_pdf,f14c81ba3045e97ab2d4a9b5fda7c9aa26f9040b90ca7b52bcd719adcf48cc43,0d68ec8d571ded54c783c9895b02ad8d24abf59aea2248b6380a0ab8283e414f,2026-06-30T14:53:33+00:00,success,LEGACY_SOURCE_MANIFEST
SRC02463,K193631,https://www.accessdata.fda.gov/scripts/cdrh/cfdocs/cfpmn/pmn.cfm?ID=K193631,fda_database_entry_html,6cf1bb406541effc8d9ae42e1eab41b12deb56fc64d0a93b37e94598fb611cf0,b3989f80bf1304caa7dede9752a89b472e468010c873687855655c883decb7ab,2026-06-30T14:53:35+00:00,success,LEGACY_SOURCE_MANIFEST
SRC02464,K193631,https://www.accessdata.fda.gov/cdrh_docs/pdf19/K193631.pdf,510k_summary_pdf,c0a0fd34357639f17cb6074a044ba53e1164245692fea2fbb4a259af6623e8d0,136383994d73459428b012ed67dc3472e4a0e620418cf06a148cee8cd248cab9,2026-06-30T14:53:40+00:00,success,LEGACY_SOURCE_MANIFEST
SRC02465,K202280,https://www.accessdata.fda.gov/scripts/cdrh/cfdocs/cfpmn/pmn.cfm?ID=K202280,fda_database_entry_html,0b801821b1859151aa10dfe45d70cd6348a23c7baf9274edbb367cbcbfa2bae9,6c072b32553c5830ae0373f2270be284f3f2777501842927767a1098ec56524e,2026-06-30T14:53:40+00:00,success,LEGACY_SOURCE_MANIFEST
SRC02466,K202280,https://www.accessdata.fda.gov/CDRH510K/K202280.pdf,510k_summary_pdf,27029a4aff57c804034a51b6364ed1602f9042a8e95962039065b86a99c064c0,31f8e73b73cbc8acad4b7195b6278efd6cf231d77e8dc9694f3236662fb17016,2026-06-30T14:53:41+00:00,success,LEGACY_SOURCE_MANIFEST
SRC02467,K202280,https://www.accessdata.fda.gov/cdrh_docs/pdf20/K202280.pdf,510k_summary_pdf,27029a4aff57c804034a51b6364ed1602f9042a8e95962039065b86a99c064c0,31f8e73b73cbc8acad4b7195b6278efd6cf231d77e8dc9694f3236662fb17016,2026-06-30T14:53:51+00:00,success,LEGACY_SOURCE_MANIFEST
SRC02468,K202170,https://www.accessdata.fda.gov/scripts/cdrh/cfdocs/cfpmn/pmn.cfm?ID=K202170,fda_database_entry_html,976fb0090de4fd15fa8fc1210b61b858b664f92ada31aa06b693a10acf95e6b2,c59254f2c4f8550f5a44f96b8f583718a5a354366a9132b70c8200b796eaff8a,2026-06-30T14:53:41+00:00,success,LEGACY_SOURCE_MANIFEST
SRC02469,K202170,https://www.accessdata.fda.gov/cdrh_docs/pdf20/K202170.pdf,510k_summary_pdf,3a49c77c282045652da70807990169992ec69ac9c2031bcfa410c6ce43628054,5b0067e3422802d38b2e7749c3a5224dee3372f019fbe42e03903cc59ebf14a2,2026-06-30T14:53:45+00:00,success,LEGACY_SOURCE_MANIFEST
SRC02470,K201301,https://www.accessdata.fda.gov/scripts/cdrh/cfdocs/cfpmn/pmn.cfm?ID=K201301,fda_database_entry_html,f8c4749b56046cabc27aa012fbea7c33a5feb15163c0ec403788760f578b10a9,666f4fbb481a18d988d33a5b163324d4b941212503556b0f5b38a04dca1fab7a,2026-06-30T14:53:50+00:00,success,LEGACY_SOURCE_MANIFEST
SRC02471,K201301,https://www.accessdata.fda.gov/cdrh_docs/pdf20/K201301.pdf,510k_summary_pdf,43669bed8441726f2f4bcafd95634ad3ecf0b95e2eb48cb1a56f6b07177efa84,024e52fadfb83d9e131f3d85710bfb85debdd87346a35599d5f4bb300578e40e,2026-06-30T14:53:55+00:00,success,LEGACY_SOURCE_MANIFEST
SRC02472,K201301,http://www.accessdata.fda.gov/cdrh_docs/reviews/K201301.pdf,510k_summary_pdf,43669bed8441726f2f4bcafd95634ad3ecf0b95e2eb48cb1a56f6b07177efa84,024e52fadfb83d9e131f3d85710bfb85debdd87346a35599d5f4bb300578e40e,2026-06-30T14:54:02+00:00,success,LEGACY_SOURCE_MANIFEST
SRC02473,K192051,https://www.accessdata.fda.gov/scripts/cdrh/cfdocs/cfpmn/pmn.cfm?ID=K192051,fda_database_entry_html,3c049ec83e60ecda192bd21711dd4f5d3195858e2dbbb9ecd8795c1af84f9334,da7093c83cecc4656e08445e974899ee9bca62d5ac90a24638b7027f929148ed,2026-06-30T14:53:51+00:00,success,LEGACY_SOURCE_MANIFEST
SRC02474,K192051,https://www.accessdata.fda.gov/CDRH510K/K192051.pdf,510k_summary_pdf,159072b001b2990256de8e61ca83639cb6c29f173886c5219bac09e15759295f,540d97bf79d510e514bb45747da888acddb61a66c627961d1b6470e5532d69d8,2026-06-30T14:53:58+00:00,success,LEGACY_SOURCE_MANIFEST
SRC02475,K192051,https://www.accessdata.fda.gov/cdrh_docs/pdf19/K192051.pdf,510k_summary_pdf,159072b001b2990256de8e61ca83639cb6c29f173886c5219bac09e15759295f,540d97bf79d510e514bb45747da888acddb61a66c627961d1b6470e5532d69d8,2026-06-30T14:56:32+00:00,success,LEGACY_SOURCE_MANIFEST
SRC02476,K202546,https://www.accessdata.fda.gov/scripts/cdrh/cfdocs/cfpmn/pmn.cfm?ID=K202546,fda_database_entry_html,3c38723a6323592c8bb302b1be432e06d40e494dab17f1b843fcce13e1b6f264,d0572bc4692bb1077aa1c188b661287a456af81cbb7bc210d72564258622135e,2026-06-30T14:53:54+00:00,success,LEGACY_SOURCE_MANIFEST
SRC02477,K202546,https://www.accessdata.fda.gov/cdrh_docs/pdf20/K202546.pdf,510k_summary_pdf,bded6818a8746d541eb657553cb1ad6ef9120a0452c41de3b7ce2b6364753c07,4b9aaffc27912f536028c803365944676b6cba51d395c4816c930c02d4ef5bc0,2026-06-30T14:53:57+00:00,success,LEGACY_SOURCE_MANIFEST
SRC02478,K201103,https://www.accessdata.fda.gov/scripts/cdrh/cfdocs/cfpmn/pmn.cfm?ID=K201103,fda_database_entry_html,7178e92da737d38773626a80cba61336e075edb56bbe51759902f8ab8fcfc6d8,5c2a856cc941c859f288e9b78cad35f9eed7ffe48ba229f68554d056222b1283,2026-06-30T14:54:02+00:00,success,LEGACY_SOURCE_MANIFEST
SRC02479,K201103,https://www.accessdata.fda.gov/cdrh_docs/pdf20/K201103.pdf,510k_summary_pdf,7966d74c28f206e839043b5d0e0226f441528db4718f404f9b84b68dc3927078,94765fb41f7b447626b3db51f23059ce88df4c5df658d5c61665429294111e7e,2026-06-30T14:54:03+00:00,success,LEGACY_SOURCE_MANIFEST
SRC02480,K200569,https://www.accessdata.fda.gov/scripts/cdrh/cfdocs/cfpmn/pmn.cfm?ID=K200569,fda_database_entry_html,18f8fcd0fc94d1c6dae5bbaf29c7157366faf1b9a404ee44ff0cab520809f8a5,d18a29c8966c95a22ebce1eb9b4c257ecff92a9de2eae8f917bd2a1a61af83d1,2026-06-30T14:54:02+00:00,success,LEGACY_SOURCE_MANIFEST
SRC02481,K200569,https://www.accessdata.fda.gov/cdrh_docs/pdf20/K200569.pdf,510k_summary_pdf,32fcbe10c85dbd3ad1e745716f2bcbfabcbf9087a3c7516bc747f5324611c20c,ba3c05069464856877f6dbbd00f0e2a681502eff0418cfc14b43da062f73157f,2026-06-30T14:54:06+00:00,success,LEGACY_SOURCE_MANIFEST
SRC02482,K201992,https://www.accessdata.fda.gov/scripts/cdrh/cfdocs/cfpmn/pmn.cfm?ID=K201992,fda_database_entry_html,ed4a08da3c18020220b12e4dcc8f7979d5699263b74b54a0a8bb536b38ebb2d7,8974bfabd729829287b22cd5ad228614c257e9a87e52baa1922fa0601d6d7cdb,2026-06-30T14:54:07+00:00,success,LEGACY_SOURCE_MANIFEST
SRC02483,K201992,https://www.accessdata.fda.gov/cdrh_docs/pdf20/K201992.pdf,510k_summary_pdf,30e9fb8b47beb5d3efffb7656c5dbbb0049fb5a3f8fc78b9809abfafc882ea58,fe85b0ecb337acbfd93d4424c5440301b3af320061ed430288f7de0f759a05cf,2026-06-30T14:54:08+00:00,success,LEGACY_SOURCE_MANIFEST
SRC02484,K200852,https://www.accessdata.fda.gov/scripts/cdrh/cfdocs/cfpmn/pmn.cfm?ID=K200852,fda_database_entry_html,d2cf29dd2f7aae818c3a0ea127336d302053ce991b99de5cac84ffaef989afaa,c98a9005af2e11dfa4a3fd1e80100fc4f3740e5b457efa4bb60d0ed2909a0e98,2026-06-30T14:54:09+00:00,success,LEGACY_SOURCE_MANIFEST
SRC02485,K200852,https://www.accessdata.fda.gov/cdrh_docs/pdf20/K200852.pdf,510k_summary_pdf,64874e67f2681c70e5273f37338bef7e236de06876c1f65969e6b48e79622974,967e57f23f713c18e2d1db7a9f601a8b6e0af701457921218385b07d7dbc4aef,2026-06-30T14:54:17+00:00,success,LEGACY_SOURCE_MANIFEST
SRC02486,K201369,https://www.accessdata.fda.gov/scripts/cdrh/cfdocs/cfpmn/pmn.cfm?ID=K201369,fda_database_entry_html,0cb1c5cbac64dcfe8fc4531b84dbbc7674cdd109ecf358cf183185fa3d6f7682,c885975397772b328f20f638f254ceae3e3fceb5ff7584cd6446293483ca3338,2026-06-30T14:54:13+00:00,success,LEGACY_SOURCE_MANIFEST
SRC02487,K201369,https://www.accessdata.fda.gov/cdrh_docs/pdf20/K201369.pdf,510k_summary_pdf,aab3a34fe659d43e8bae7499c328bba48c52557fbd5e73fb759056068f1a70f8,3a16bc97c44744be1440773a1d4015331b13ec7dab11e913f601a9e32cdd6f75,2026-06-30T14:54:16+00:00,success,LEGACY_SOURCE_MANIFEST
SRC02488,K201298,https://www.accessdata.fda.gov/scripts/cdrh/cfdocs/cfpmn/pmn.cfm?ID=K201298,fda_database_entry_html,7011a0743dfd6d38d2e6d56d6a79288616fd658111cdf4f0abc3578ad11fdf58,93ece91f1aad7dff99f3b8ec13af3f81af45d7271766fb76d6b8b5b41656c0a1,2026-06-30T14:54:15+00:00,success,LEGACY_SOURCE_MANIFEST
SRC02489,K201298,https://www.accessdata.fda.gov/cdrh_docs/pdf20/K201298.pdf,510k_summary_pdf,e734f45572850508acd9170fcdbcd941940d02f4a26f7165f1d4220075122f62,3aa0ce0a5b18c31d01c2128ef1a65ed17a4f50d301a807e6341cf16d3645424b,2026-06-30T14:54:19+00:00,success,LEGACY_SOURCE_MANIFEST
SRC02490,K192665,https://www.accessdata.fda.gov/scripts/cdrh/cfdocs/cfpmn/pmn.cfm?ID=K192665,fda_database_entry_html,740dcc1a44bd4e9c72a203101fb4521cef50f1e888a952a66be782c7acf0cb35,20b4699874500960b2f6c400e3f642858324b3cd9aab3488cc599b2a1c564d29,2026-06-30T14:54:23+00:00,success,LEGACY_SOURCE_MANIFEST
SRC02491,K192665,https://www.accessdata.fda.gov/cdrh_docs/pdf19/K192665.pdf,510k_summary_pdf,00b383baa9c9e0f128dfb8d79644b1562661db57da485663bd4cadbcec4aeb2e,22fe90854b49d56a15e0689e407a8128cf638d03d3ada4a06a3ea6f3cd152e3d,2026-06-30T14:54:25+00:00,success,LEGACY_SOURCE_MANIFEST
SRC02492,K192665,http://www.accessdata.fda.gov/cdrh_docs/reviews/K192665.pdf,510k_summary_pdf,00b383baa9c9e0f128dfb8d79644b1562661db57da485663bd4cadbcec4aeb2e,22fe90854b49d56a15e0689e407a8128cf638d03d3ada4a06a3ea6f3cd152e3d,2026-06-30T14:54:52+00:00,success,LEGACY_SOURCE_MANIFEST
SRC02493,K200708,https://www.accessdata.fda.gov/scripts/cdrh/cfdocs/cfpmn/pmn.cfm?ID=K200708,fda_database_entry_html,b4cc7715ce72a794e920c82f63049024a2e427912b5fa2dfb061facd7461b411,2f05fdac3c7cfb091a09c09740256133b34226206e81370afd61b1fad43e224f,2026-06-30T14:54:24+00:00,success,LEGACY_SOURCE_MANIFEST
SRC02494,K200708,https://www.accessdata.fda.gov/cdrh_docs/pdf20/K200708.pdf,510k_summary_pdf,08f4b6c2bf1d91b580f6d9f55b2088c206d13a6ab2792341caa4a06ddee21a9f,2f20904de77cad55b658183ba4fd281fb5f6c580ed1b70951aed1c24ca68cc54,2026-06-30T14:54:29+00:00,success,LEGACY_SOURCE_MANIFEST
SRC02495,K200851,https://www.accessdata.fda.gov/scripts/cdrh/cfdocs/cfpmn/pmn.cfm?ID=K200851,fda_database_entry_html,b2876ba3c2a75ada4c23fa3072b7c290da20591af538c977de273d964d6f3ef3,27d2e63cf0447a472d0ab693a94fdb9ff3ed52e270c054e7c6014a131b74019f,2026-06-30T14:54:33+00:00,success,LEGACY_SOURCE_MANIFEST
SRC02496,K200851,https://www.accessdata.fda.gov/cdrh_docs/pdf20/K200851.pdf,510k_summary_pdf,2cc8a9973eeb3bdbdc51bbd6801e72cc87f427b2801a6345dccee9973bd98b4b,d70c577078be2ee4bdda211fc4063774003168f7d6711cfdb300eb0b680aec1c,2026-06-30T14:54:35+00:00,success,LEGACY_SOURCE_MANIFEST
SRC02497,K201841,https://www.accessdata.fda.gov/scripts/cdrh/cfdocs/cfpmn/pmn.cfm?ID=K201841,fda_database_entry_html,7234d6c4164018cce3c1912de7ca400ef61b6f5b1cc180a045a837cf51595300,3366bdd18156f9d7c7c6fa02427c9d6855dcb931810e9bc3e37c9f80627c98b8,2026-06-30T14:54:43+00:00,success,LEGACY_SOURCE_MANIFEST
SRC02498,K201841,https://www.accessdata.fda.gov/cdrh_docs/pdf20/K201841.pdf,510k_summary_pdf,c741ac993bce39910ef6b30498b2567e4182e1209f0ed57ffcfbd8790b433cde,7a5b19b69a700264bedbdcca4cdce10112189a14984bddd80c37beb7b4846f32,2026-06-30T14:54:44+00:00,success,LEGACY_SOURCE_MANIFEST
SRC02499,K202238,https://www.accessdata.fda.gov/scripts/cdrh/cfdocs/cfpmn/pmn.cfm?ID=K202238,fda_database_entry_html,0d6a74931183a4e2829ada98bc1301ac24ba329a7526800e487d647da1d19ae8,5077fbdfe5a6417dfd89abcad320197598e15847e874af2b446534021609aa45,2026-06-30T14:54:49+00:00,success,LEGACY_SOURCE_MANIFEST
SRC02500,K202238,https://www.accessdata.fda.gov/cdrh_docs/pdf20/K202238.pdf,510k_summary_pdf,dfd6e93f3331c0c72d542af02626b14c782d6d80c7fb0af61360e2b4e726f4eb,1a6250645659f0be4803bf47ad9a41c2246b9d5d4df20d9d60b4754cf17ef539,2026-06-30T14:54:53+00:00,success,LEGACY_SOURCE_MANIFEST
SRC02501,K200833,https://www.accessdata.fda.gov/scripts/cdrh/cfdocs/cfpmn/pmn.cfm?ID=K200833,fda_database_entry_html,85b03f2b4a841c67b0389d5bbad45c786e896890e352683b5a3bd5ff5b5b9547,b95b8bd6f99b2ef4364ae9893ba94cc7baec6ee658d005db228e0015dc8fec94,2026-06-30T14:54:51+00:00,success,LEGACY_SOURCE_MANIFEST
SRC02502,K200833,https://www.accessdata.fda.gov/cdrh_docs/pdf20/K200833.pdf,510k_summary_pdf,ff26653cf51443b1de9e7aa7ca411ca46a6fc95d8461ea65b2e730db8b379473,6d27107abcf903ddde3b73e4af9e2d1b3b9c08cd3d9aa36b8ffd62c197f97014,2026-06-30T14:54:54+00:00,success,LEGACY_SOURCE_MANIFEST
SRC02503,K201020,https://www.accessdata.fda.gov/scripts/cdrh/cfdocs/cfpmn/pmn.cfm?ID=K201020,fda_database_entry_html,0e444336f0cb415f2100881da5038bbdcc68e13d785f0ec7e3ddc2fe7fb97d92,952c2c6f6885ac49a59c26f798f89426eea0e73249b092a565c2d538135f8e04,2026-06-30T14:54:52+00:00,success,LEGACY_SOURCE_MANIFEST
SRC02504,K201020,https://www.accessdata.fda.gov/cdrh_docs/pdf20/K201020.pdf,510k_summary_pdf,b3785dd0178e5f5ac28d51392c011a057a741884c50e744623f923fc4d0bb73d,2b11b4bfc33f53bf72351cbb92e0ab32177a8674902f0a05740ac3cc1aabb8d1,2026-06-30T14:54:58+00:00,success,LEGACY_SOURCE_MANIFEST
SRC02505,K200714,https://www.accessdata.fda.gov/scripts/cdrh/cfdocs/cfpmn/pmn.cfm?ID=K200714,fda_database_entry_html,ebaa08b80421f9d5722d4e1f6660eecdd6d55ef5a05434c9e9afc90966e45316,e882ef65238a130195d1efa464a86a4740c15883cba5d57035415a1b9ba2ff8d,2026-06-30T14:55:01+00:00,success,LEGACY_SOURCE_MANIFEST
SRC02506,K200714,https://www.accessdata.fda.gov/cdrh_docs/pdf20/K200714.pdf,510k_summary_pdf,ca4295ec6887f18b50774cbacb6694d40d312acb1580d0ad20862ee5dd32c708,87135f9e4e1520c345751d0390d96fdbe8006e187272b74e8ee13b42d37fb30d,2026-06-30T14:55:05+00:00,success,LEGACY_SOURCE_MANIFEST
SRC02507,K201632,https://www.accessdata.fda.gov/scripts/cdrh/cfdocs/cfpmn/pmn.cfm?ID=K201632,fda_database_entry_html,bf45a95f68b89615b05e8988affbcfa9f3b274068eae1f3f8109add46760cca7,c1b8253d87217a449c5214a83ef4ee234b2263753bc6a43453356883c0de6a96,2026-06-30T14:55:07+00:00,success,LEGACY_SOURCE_MANIFEST
SRC02508,K201632,https://www.accessdata.fda.gov/cdrh_docs/pdf20/K201632.pdf,510k_summary_pdf,5aa2c2b64c73006f157bade4b560fc0b4e0cdfc05698a79b0b94f8665d2b1b3b,9ef30a4c9f30073eda6ac450639e4c28c0c7b5d0253ac5dd9e3da04f20441717,2026-06-30T14:55:15+00:00,success,LEGACY_SOURCE_MANIFEST
SRC02509,K201444,https://www.accessdata.fda.gov/scripts/cdrh/cfdocs/cfpmn/pmn.cfm?ID=K201444,fda_database_entry_html,ee4cf32570e3e207e3c0214cf28596cb75c713def2a1944bd3dc84185024157e,b6afea8e3a6ed5a86d451157d6ca57885779a65c9a03a937e4dfe21589a893ff,2026-06-30T14:55:09+00:00,success,LEGACY_SOURCE_MANIFEST
SRC02510,K201444,https://www.accessdata.fda.gov/cdrh_docs/pdf20/K201444.pdf,510k_summary_pdf,d0c601c51aca422846301e42d5f8a3667133ed3f4960c3803c610aeef792fafb,4c019de5c3b16bccde481b652e0dc98c67340639e3f35219c78d064d017ed379,2026-06-30T14:55:12+00:00,success,LEGACY_SOURCE_MANIFEST
SRC02511,K201232,https://www.accessdata.fda.gov/scripts/cdrh/cfdocs/cfpmn/pmn.cfm?ID=K201232,fda_database_entry_html,461f21bae147b3fb96eb13e9a0cc690db65b1034276e5327640b335d17635ec9,47baef70ec4720f481acebbadbfde5c39af9ad929e9d15021720e0bcb0bf8f63,2026-06-30T14:55:13+00:00,success,LEGACY_SOURCE_MANIFEST
SRC02512,K201232,https://www.accessdata.fda.gov/cdrh_docs/pdf20/K201232.pdf,510k_summary_pdf,fd25c5535fbc2a9f8506e4bf22f44d614fea5550a5afc9ca05b2b441ca509361,4ceb6e99b03513a235d6f552841bd6f3112f76ede870d19b3a71489b2465c9cc,2026-06-30T14:55:17+00:00,success,LEGACY_SOURCE_MANIFEST
SRC02513,K200990,https://www.accessdata.fda.gov/scripts/cdrh/cfdocs/cfpmn/pmn.cfm?ID=K200990,fda_database_entry_html,12d68e7da5ebccc802f6e5fd6d59267c9b5dc9355a435f9fef9ad697f3d2fc16,032c90b5c8a06190cb2a4d383c774a615a7268c6922b1a95a83201b63d624e52,2026-06-30T14:55:17+00:00,success,LEGACY_SOURCE_MANIFEST
SRC02514,K200990,https://www.accessdata.fda.gov/cdrh_docs/pdf20/K200990.pdf,510k_summary_pdf,512bde4b7a467736640e4094179d8077b0c79fca7c490a4d91912542decd36bb,0782dfb8c6b268a3eba12c6d814e1f1ad482db3bdc6af025e91ea4029bf09e71,2026-06-30T14:55:20+00:00,success,LEGACY_SOURCE_MANIFEST
SRC02515,K201310,https://www.accessdata.fda.gov/scripts/cdrh/cfdocs/cfpmn/pmn.cfm?ID=K201310,fda_database_entry_html,edfbc5cf197f68f519f37e6b36bf214e0d554c2c79512a4468b1fca769efbc79,6604ea12fd4051fa117cd23f7a444428749f62ec3387559fe0872e70b8782963,2026-06-30T14:55:23+00:00,success,LEGACY_SOURCE_MANIFEST
SRC02516,K201310,https://www.accessdata.fda.gov/cdrh_docs/pdf20/K201310.pdf,510k_summary_pdf,56d56695a5e5a550ddae8cade88c368c5532671bf881bda2ac9d9ec7e9f410b6,d78871239398fd4d5383b20145dbab59ec1712de893a90c15b944140d6fb06d0,2026-06-30T14:55:27+00:00,success,LEGACY_SOURCE_MANIFEST
SRC02517,K193210,https://www.accessdata.fda.gov/scripts/cdrh/cfdocs/cfpmn/pmn.cfm?ID=K193210,fda_database_entry_html,8c2b788ba255d0fcda12db8ff4c834b366cfdc294621f1a6174d5772e1f7c7f7,230742c5ae5ce3271313f6644bcbc56e45c06274c899b31ab0ceb3f0db810ce4,2026-06-30T14:55:25+00:00,success,LEGACY_SOURCE_MANIFEST
SRC02518,K193210,https://www.accessdata.fda.gov/cdrh_docs/pdf19/K193210.pdf,510k_summary_pdf,ff546cae1c49f00a7e9847ce445275ebc3a2d4c4d91f83438e3aa800eb1c7914,bf680b2daeba347f2cfe785437ae237d903dc0ccfb36748d7e6167b39028d40d,2026-06-30T14:55:34+00:00,success,LEGACY_SOURCE_MANIFEST
SRC02519,K200667,https://www.accessdata.fda.gov/scripts/cdrh/cfdocs/cfpmn/pmn.cfm?ID=K200667,fda_database_entry_html,deb279a2b5a25a18970aaec6f60deed38a14b7d0f0111ad5d758f33495171b0e,9fb1cd6ac21de7ecb40660b6ab6ffb314e43a4ede1855c7db782c4add429ee3d,2026-06-30T14:55:27+00:00,success,LEGACY_SOURCE_MANIFEST
SRC02520,K200667,https://www.accessdata.fda.gov/cdrh_docs/pdf20/K200667.pdf,510k_summary_pdf,6f6d788a59f3a66e75597af7563a7554de0d26d01b68cc7d01cfbda6be0b6219,ee51370db401e436823d9eb181044c62c5c70bbdafefdf7c589300a244754460,2026-06-30T14:55:29+00:00,success,LEGACY_SOURCE_MANIFEST
SRC02521,K193417,https://www.accessdata.fda.gov/scripts/cdrh/cfdocs/cfpmn/pmn.cfm?ID=K193417,fda_database_entry_html,175b8737d50202dac9b2ba773ed888fa5131b68245bb2b54d04de61e0ca850a5,371fac510ec3cad05884625af6831f1267867c89796d25e6a7a7a237c5bfc1d2,2026-06-30T14:55:35+00:00,success,LEGACY_SOURCE_MANIFEST
SRC02522,K193417,https://www.accessdata.fda.gov/cdrh_docs/pdf19/K193417.pdf,510k_summary_pdf,7e322d5b11ca506ab7ea6a93152682aec5c58a765071d8bb0b953c1757c85f9a,9f80fcdf4fd3966cf7f6efbee8d7e182cc0bb0833734892a36271d1b35204ae3,2026-06-30T14:55:39+00:00,success,LEGACY_SOURCE_MANIFEST
SRC02523,K193283,https://www.accessdata.fda.gov/scripts/cdrh/cfdocs/cfpmn/pmn.cfm?ID=K193283,fda_database_entry_html,c17ac6082afa51de892ea88e48f9b6173188ad84bd204a4f86134dd3a6bc6128,a2b4c2a72deb08bd24f42f1fda7f9b249963d6ae600bb5cb379970e389d4dff8,2026-06-30T14:55:37+00:00,success,LEGACY_SOURCE_MANIFEST
SRC02524,K193283,https://www.accessdata.fda.gov/cdrh_docs/pdf19/K193283.pdf,510k_summary_pdf,4430345a4d647f0e13533bf2e7eaf5cecf8bf7509f97a5a5a2694e6531dc7cdb,a1abe98d7f6f2692bd02594d85ac3dbbd02b63793ba32a63c5698d7432802b82,2026-06-30T14:55:40+00:00,success,LEGACY_SOURCE_MANIFEST
SRC02525,K200743,https://www.accessdata.fda.gov/scripts/cdrh/cfdocs/cfpmn/pmn.cfm?ID=K200743,fda_database_entry_html,d05dfd8eff387e0b145e96eaeb34269222a8afd560e0b7dbd95da4664be2c219,05539325ba621536f636d38987f38da9a6eb2dc1f221156017614dea19c5fb24,2026-06-30T14:55:38+00:00,success,LEGACY_SOURCE_MANIFEST
SRC02526,K200743,https://www.accessdata.fda.gov/cdrh_docs/pdf20/K200743.pdf,510k_summary_pdf,66dabd5f6940b13eec099608bb0103fb3f114905da1993c0cded1cb0e1976ba4,dd2930d6ca62a6f10cdef97051a54e6c915e286ebd62c5d12cba9403ba95cbc0,2026-06-30T14:55:44+00:00,success,LEGACY_SOURCE_MANIFEST
SRC02527,K200621,https://www.accessdata.fda.gov/scripts/cdrh/cfdocs/cfpmn/pmn.cfm?ID=K200621,fda_database_entry_html,98ab1bfa3e4f0c4b78677a5cd96f391f6d56c1f7af0c952e145a6038b9d50361,841e38349f8978e05c0173895cdef87f16db9098a2d6eb9878754758d068106c,2026-06-30T14:55:45+00:00,success,LEGACY_SOURCE_MANIFEST
SRC02528,K200621,https://www.accessdata.fda.gov/cdrh_docs/pdf20/K200621.pdf,510k_summary_pdf,b0d885ecbcc7ab8d09f5acbfd4bd59303df82c9b530c05febecf810f4a454a80,ae7f67076623f71cd765fac25f9072544a17a0ae59f2c384474d4e8ed165dc59,2026-06-30T14:55:46+00:00,success,LEGACY_SOURCE_MANIFEST
SRC02529,K200497,https://www.accessdata.fda.gov/scripts/cdrh/cfdocs/cfpmn/pmn.cfm?ID=K200497,fda_database_entry_html,b68dc3f7ff4dd3af86af58f74db8cd4d514f43fb66cd9f529d38bbded5338e9b,439a0d646619abfd84c8fffc1316cbebcc147c28173b6ffc61351cdb7c2c7cfc,2026-06-30T14:55:56+00:00,success,LEGACY_SOURCE_MANIFEST
SRC02530,K200497,https://www.accessdata.fda.gov/cdrh_docs/pdf20/K200497.pdf,510k_summary_pdf,6977c5ebddf80d5e8be48af8b6003dd04e32da1d0e6db6098b69ca2859b2c7d8,5479556f20b04822184d744beebfdf5cbf5f779c6fbde1016f35fafca3c64fb5,2026-06-30T14:55:57+00:00,success,LEGACY_SOURCE_MANIFEST
SRC02531,K200905,https://www.accessdata.fda.gov/scripts/cdrh/cfdocs/cfpmn/pmn.cfm?ID=K200905,fda_database_entry_html,49247a00c9c5d5c5e349a9c6bbc252bdc9a437690d78f250489d09dbb24297ba,47ae9054c158cab750375203c4ca4304bddb749e8ed302bacfd7b13298543c7e,2026-06-30T14:55:57+00:00,success,LEGACY_SOURCE_MANIFEST
SRC02532,K200905,https://www.accessdata.fda.gov/cdrh_docs/pdf20/K200905.pdf,510k_summary_pdf,bb7ca49fed7445bb8b706d67d58c4aea411b84c87914bc0e6585695b22dee46f,0519a134cdbc2b03a49822a154827f68108adff3f4c300ec22655ad76767f515,2026-06-30T14:56:03+00:00,success,LEGACY_SOURCE_MANIFEST
SRC02533,K193097,https://www.accessdata.fda.gov/scripts/cdrh/cfdocs/cfpmn/pmn.cfm?ID=K193097,fda_database_entry_html,ddac5a77081249604d0ff40cf239579809da68411a872ba0f414166c20b26b1a,618593abbfdf7b43e6e3378fceab93d5e68a30d9a3e98e65e0bf26a26eff6482,2026-06-30T14:56:00+00:00,success,LEGACY_SOURCE_MANIFEST
SRC02534,K193097,https://www.accessdata.fda.gov/cdrh_docs/pdf19/K193097.pdf,510k_summary_pdf,21c028983a889b8ab1be9ce77414a6366c72cfaa68eca1738f7577d47595e80d,3b084328a75e623820698040e59c39af2a7423788f69ec2e69373708d1fb4cb5,2026-06-30T14:56:04+00:00,success,LEGACY_SOURCE_MANIFEST
SRC02535,K193294,https://www.accessdata.fda.gov/scripts/cdrh/cfdocs/cfpmn/pmn.cfm?ID=K193294,fda_database_entry_html,11288a1ed43c01277a8d44abcec74bc396cddec20e663d52d4a34531338b13ac,597d8c018c3fae5100d926a131d1ecfaac6eaf9d8b3131f54f835f1625b07c66,2026-06-30T14:56:05+00:00,success,LEGACY_SOURCE_MANIFEST
SRC02536,K193294,https://www.accessdata.fda.gov/cdrh_docs/pdf19/K193294.pdf,510k_summary_pdf,c46020fc4f32fc029e47076ce212e702726d9d745e82e6048dc13561c9281f59,859dbc7b13def6aa4e85c0c0f294e7ac9eeb23ae67f403faa6eb306fd18b98c5,2026-06-30T14:56:10+00:00,success,LEGACY_SOURCE_MANIFEST
SRC02537,K192969,https://www.accessdata.fda.gov/scripts/cdrh/cfdocs/cfpmn/pmn.cfm?ID=K192969,fda_database_entry_html,7cb68e66a09982326cccfa398801b88614b1ac04d931f651b35ce590a3852e4c,d5099588e0cdd09093514e7732f5c8b39b54b75e5a0cee499dbbe4a1321267c0,2026-06-30T14:56:09+00:00,success,LEGACY_SOURCE_MANIFEST
SRC02538,K192969,https://www.accessdata.fda.gov/cdrh_docs/pdf19/K192969.pdf,510k_summary_pdf,20689449a8a41db3053de3d3b1ec2142501ff3e7bf9cf7940ada5aaf8d79aca0,53b589977a7bfc696c93b685de9d93e302cb84f44a27b6dba8313457fb175238,2026-06-30T14:56:12+00:00,success,LEGACY_SOURCE_MANIFEST
SRC02539,K200941,https://www.accessdata.fda.gov/scripts/cdrh/cfdocs/cfpmn/pmn.cfm?ID=K200941,fda_database_entry_html,b290dc6387fee32363cd797cba9b215ab107858a2f4c739907316d470fe7bf55,8867f4eb0f68905376505d976483ee1b797f7f1f811c8092c484fa81afa94475,2026-06-30T14:56:12+00:00,success,LEGACY_SOURCE_MANIFEST
SRC02540,K200941,https://www.accessdata.fda.gov/cdrh_docs/pdf20/K200941.pdf,510k_summary_pdf,36d60177b581499b1c1b813743b7cce30faa9253cf12852085b78ed2ed7e285f,69324259ca1e0adfecbee6e6d409d03fc3e3ba42b0cedf36973cbe53cd062f02,2026-06-30T14:56:16+00:00,success,LEGACY_SOURCE_MANIFEST
SRC02541,K193073,https://www.accessdata.fda.gov/scripts/cdrh/cfdocs/cfpmn/pmn.cfm?ID=K193073,fda_database_entry_html,90dd165e8524dd882cfa76b1439ace9d4544219e9da215a296f690795e6f307b,0aceb54f61695cbb1bce964fba083580b33bde0d76b0607c19ec6f70c36c4c5f,2026-06-30T14:56:16+00:00,success,LEGACY_SOURCE_MANIFEST
SRC02542,K193073,https://www.accessdata.fda.gov/cdrh_docs/pdf19/K193073.pdf,510k_summary_pdf,767ba674e29762157adcfe1ffa2b29de27b9c7872cea2e82e80379bc7548ebc9,06b43f14fb6d7ac155c33249210763a4807a214712be2c5e765e8fb7f32830bc,2026-06-30T14:56:20+00:00,success,LEGACY_SOURCE_MANIFEST
SRC02543,K193252,https://www.accessdata.fda.gov/scripts/cdrh/cfdocs/cfpmn/pmn.cfm?ID=K193252,fda_database_entry_html,9cce53052d1e805287c716f5c7d9f56afb1835656bce77c11dfb08af10e6dbbc,1aa77632da8807b89c054b9f216fe4acdc1257f8a131a0f2a69f8e93c982b3be,2026-06-30T14:56:20+00:00,success,LEGACY_SOURCE_MANIFEST
SRC02544,K193252,https://www.accessdata.fda.gov/cdrh_docs/pdf19/K193252.pdf,510k_summary_pdf,0f487e06c852af1aa5abf010ebd253ee22546948d1abde8da8319ea333f12368,19502b9fb33d4dc60c8f0610ef031a96cd078c068d25e43aa1ddd3a858969951,2026-06-30T14:56:28+00:00,success,LEGACY_SOURCE_MANIFEST
SRC02545,K192880,https://www.accessdata.fda.gov/scripts/cdrh/cfdocs/cfpmn/pmn.cfm?ID=K192880,fda_database_entry_html,1883cf8d88c3e3e532d1362cf9d9bf0ebe105c4d3636a1731198e886c30eaa01,894fc3e04e0608e3c32e23e5f0dfac5f6a309ab576f9106c5a3384feba7eae1a,2026-06-30T14:56:23+00:00,success,LEGACY_SOURCE_MANIFEST
SRC02546,K192880,https://www.accessdata.fda.gov/cdrh_docs/pdf19/K192880.pdf,510k_summary_pdf,92bf832b165b810a0b9f26b9bb36e25e50a7ad6718123cef8af352d3acf645f5,f77a52e291225b4199aca2a149faedaf80962189fc18e8cd423259732d1e8409,2026-06-30T14:56:24+00:00,success,LEGACY_SOURCE_MANIFEST
SRC02547,K200760,https://www.accessdata.fda.gov/scripts/cdrh/cfdocs/cfpmn/pmn.cfm?ID=K200760,fda_database_entry_html,0a77f503739916d3fc8b4fc5433201a09dcc09f34deae744553919b56b7c4a39,a81a96be5e1a075799034ca69bfe217e45a14925a3c59c30bf8e33e9e2c9975c,2026-06-30T14:56:30+00:00,success,LEGACY_SOURCE_MANIFEST
SRC02548,K200760,https://www.accessdata.fda.gov/cdrh_docs/pdf20/K200760.pdf,510k_summary_pdf,987702124bb0ca84111cdf8ae3289e3ddc1479e1cf22f2a774b1074144a40d8d,75a469143c2b0fb5e4b962b70b79524e76d15c49b7849a62599f2a76e42bdf77,2026-06-30T14:56:31+00:00,success,LEGACY_SOURCE_MANIFEST
SRC02549,K200855,https://www.accessdata.fda.gov/scripts/cdrh/cfdocs/cfpmn/pmn.cfm?ID=K200855,fda_database_entry_html,3ea3ce2bfad151cfbaf2002da1303f2ed2f9c4ad8d0feb1c622ea5cd98be6194,0a255a2b19740f29ab08a18444d3ad242eed1b469998afb5c2ccbf28cdc274d6,2026-06-30T14:56:32+00:00,success,LEGACY_SOURCE_MANIFEST
SRC02550,K200855,https://www.accessdata.fda.gov/cdrh_docs/pdf20/K200855.pdf,510k_summary_pdf,37c730b677fe821496f67737f387c68193b4007910db3a8d594b25ddcf79f921,643be6ffa6b054d2d59521c117e8dc90a2c1d1e3c8523096d1aa12a08ae1d5a2,2026-06-30T14:56:38+00:00,success,LEGACY_SOURCE_MANIFEST
SRC02551,K200232,https://www.accessdata.fda.gov/scripts/cdrh/cfdocs/cfpmn/pmn.cfm?ID=K200232,fda_database_entry_html,e4391a7c1461a7bc0a2b665619d741af42c78b6425c02fd3d6f6e5fa9bc7e5ce,f24495eedf5c39cced609f6ec5a058ad7ca1e390ce321460dfc28d354de3a1e0,2026-06-30T14:56:32+00:00,success,LEGACY_SOURCE_MANIFEST
SRC02552,K200232,https://www.accessdata.fda.gov/cdrh_docs/pdf20/K200232.pdf,510k_summary_pdf,0c0cc20af64526156bcd257f9b22eca029f9263435ce3787bd5643bab832d287,d3c8bec4616e0e89db049eb8449685b57bcfd36e91074dd0f4fb68a4946c4397,2026-06-30T14:56:33+00:00,success,LEGACY_SOURCE_MANIFEST
SRC02553,K193298,https://www.accessdata.fda.gov/scripts/cdrh/cfdocs/cfpmn/pmn.cfm?ID=K193298,fda_database_entry_html,b9349ad8eb43280a6867f8d92c2d7755ee95a5b9892500f6b8ef0e289de3a319,9b42071c93d618e7fe37614a46c669ac32fbd9417fe0bb5b61c8ad762421c27a,2026-06-30T14:56:34+00:00,success,LEGACY_SOURCE_MANIFEST
SRC02554,K193298,https://www.accessdata.fda.gov/cdrh_docs/pdf19/K193298.pdf,510k_summary_pdf,3e57fb0eccba41d78df1ba92d447eca5dc5c2d066ea16445a16c1135ca403c16,3b4939d2e08807ebe732a6f5dc9277d3144a3af7b4b2cd04f4b5f00a0771d6c0,2026-06-30T14:56:36+00:00,success,LEGACY_SOURCE_MANIFEST
SRC02555,K200921,https://www.accessdata.fda.gov/scripts/cdrh/cfdocs/cfpmn/pmn.cfm?ID=K200921,fda_database_entry_html,b73a25c082de3f92e8d71b343c78f19cf5593a7fbb5dad85d8e63b19cc3698c4,c7d58a0483bae3c9b1d3c70c8a3fa17ffd6a8b32efc0bcff3300337406fe1613,2026-06-30T14:56:35+00:00,success,LEGACY_SOURCE_MANIFEST
SRC02556,K200921,https://www.accessdata.fda.gov/cdrh_docs/pdf20/K200921.pdf,510k_summary_pdf,88ce1beed5319d666510961a70381d7ed2d92c09a186de9b4a70a70263d9ccf3,1ec5001bad3e4739f2e7cab8f187dee6213f4b13d6b3d63a3b5dde46ce3326da,2026-06-30T14:56:40+00:00,success,LEGACY_SOURCE_MANIFEST
SRC02557,K193290,https://www.accessdata.fda.gov/scripts/cdrh/cfdocs/cfpmn/pmn.cfm?ID=K193290,fda_database_entry_html,d623d75dfb6e1e30f8a01155d1016e57b88ef51fc04df889de32deb4e77d9a6e,a7e450827e95f2f2be4fd6dabd3a3ab41291949adfaac1b0ba2e6f38a2441270,2026-06-30T14:56:40+00:00,success,LEGACY_SOURCE_MANIFEST
SRC02558,K193290,https://www.accessdata.fda.gov/cdrh_docs/pdf19/K193290.pdf,510k_summary_pdf,c16bfd618b1883ec4579ffdcdb07db340ff35e546f7c7d97679ab1f4818c06f9,ea04e10f66d1edfafd08bb5a30ef3d74435da84b66ceaf9faa6fe47218252c78,2026-06-30T14:56:42+00:00,success,LEGACY_SOURCE_MANIFEST
SRC02559,K200356,https://www.accessdata.fda.gov/scripts/cdrh/cfdocs/cfpmn/pmn.cfm?ID=K200356,fda_database_entry_html,986f3575f65b2343e95d52e3719a74385860f32166f738fb6093b1b56ad969f6,080ae17c38b6a5275c779bd006a0afd1b9793fb527ab6787fb7e9eb029e81444,2026-06-30T14:56:40+00:00,success,LEGACY_SOURCE_MANIFEST
SRC02560,K200356,https://www.accessdata.fda.gov/cdrh_docs/pdf20/K200356.pdf,510k_summary_pdf,a818e0d362babaf2389afed4c287ffde1a28e2998a140dadcbc75bc1416e8a8f,cac03cf5070f76977231f98223e819adf9a90793bee9d4e441ece23e6049ce69,2026-06-30T14:56:43+00:00,success,LEGACY_SOURCE_MANIFEST
SRC02561,K200980,https://www.accessdata.fda.gov/scripts/cdrh/cfdocs/cfpmn/pmn.cfm?ID=K200980,fda_database_entry_html,2d0327c88efacbf33fcee52b56acf53427c9d68adc112d88dcd8ad926dd6ccc7,8cf7c46ebad35c8b1a1bdddb69ef10939c7fe2c8c34774c340f62fd6df7e42fd,2026-06-30T14:56:47+00:00,success,LEGACY_SOURCE_MANIFEST
SRC02562,K200980,https://www.accessdata.fda.gov/cdrh_docs/pdf20/K200980.pdf,510k_summary_pdf,d9cc7112310b8a11ed7ee4d66f508e1056393c910f3144d45f207868a413f5d0,2d3c8a0064eb9ae3b7938917592d21714706e0f9446167485a1af12056e45381,2026-06-30T14:56:50+00:00,success,LEGACY_SOURCE_MANIFEST
SRC02563,K200974,https://www.accessdata.fda.gov/scripts/cdrh/cfdocs/cfpmn/pmn.cfm?ID=K200974,fda_database_entry_html,066caf09e250cae501c83ab2ac917ea61617e3e4b84f59ce6f7626e65047d828,4f77e1e9c65c764eca3d3226c968e23eb7efa0f750f5eff894a2a11c6d95d479,2026-06-30T14:56:48+00:00,success,LEGACY_SOURCE_MANIFEST
SRC02564,K200974,https://www.accessdata.fda.gov/cdrh_docs/pdf20/K200974.pdf,510k_summary_pdf,24789adb47ad3fccc6d838b41d2250552a71f6301494341643678bae6e0cfbc7,39086bdd45ecae13b23a7f5d3a68044cedd633d57e9a13438202d4d01e2adccd,2026-06-30T14:56:50+00:00,success,LEGACY_SOURCE_MANIFEST
SRC02565,K192601,https://www.accessdata.fda.gov/scripts/cdrh/cfdocs/cfpmn/pmn.cfm?ID=K192601,fda_database_entry_html,753f3fe7f20316616b3d7dc6d010682b941ade9a5faafc78bdcc8a323854efbb,ab811573370bf870802018dd5c5dbee44f3cb582a274a864e1fe4976af9df318,2026-06-30T14:56:48+00:00,success,LEGACY_SOURCE_MANIFEST
SRC02566,K192601,https://www.accessdata.fda.gov/cdrh_docs/pdf19/K192601.pdf,510k_summary_pdf,19b503d1bb286070942390fb35ca5c8762c970433a4f99a8653f39f3a45ed2dc,9a4409ab142ee89f1293364db773acdb25c86c3e836bb908a3fd9289412f6517,2026-06-30T14:56:51+00:00,success,LEGACY_SOURCE_MANIFEST
SRC02567,K201034,https://www.accessdata.fda.gov/scripts/cdrh/cfdocs/cfpmn/pmn.cfm?ID=K201034,fda_database_entry_html,a7d3c12eee036b931e596b8f435aed0e34569a32355d0f6e2c17eba4bc22038f,a106f4e624227f139feb4e2140ae18b7d20f1a51ef0d0653b322ca24db45ae6a,2026-06-30T14:56:51+00:00,success,LEGACY_SOURCE_MANIFEST
SRC02568,K201034,https://www.accessdata.fda.gov/cdrh_docs/pdf20/K201034.pdf,510k_summary_pdf,8574fe9cc9014ce963c9e3add6da5edc680c13594e192ad8ba915717861874dc,004c310ba653822b0d28c23280d0ee8ad85e51a212af8e1fc493f13b298aee89,2026-06-30T14:56:53+00:00,success,LEGACY_SOURCE_MANIFEST
SRC02569,K192901,https://www.accessdata.fda.gov/scripts/cdrh/cfdocs/cfpmn/pmn.cfm?ID=K192901,fda_database_entry_html,166ed231cc11000f757c1851de68c4c37ccbebd631651142f8e27378ca4578c5,36a8ab0759a79f97732aee8485eddd576da81dbc1662dfe39c412360bea6fe4a,2026-06-30T14:56:55+00:00,success,LEGACY_SOURCE_MANIFEST
SRC02570,K192901,https://www.accessdata.fda.gov/cdrh_docs/pdf19/K192901.pdf,510k_summary_pdf,40764d14638dc04bd7f4777a1169dc5724ec092771e1aba3854429f3cbe450a7,eb9b30d9d52a4ad0ca0e7a48ab14d233b0c4d03222b622ba3669224908a9bc23,2026-06-30T14:57:00+00:00,success,LEGACY_SOURCE_MANIFEST
SRC02571,K193176,https://www.accessdata.fda.gov/scripts/cdrh/cfdocs/cfpmn/pmn.cfm?ID=K193176,fda_database_entry_html,5a137ecd60203f60a78380ec5fb83b18fe07c49af74c6f2456df921b7f9b64b0,d49a302bcfc862265a9903dfb43ea5300f9888a4fd735a765b63046a5f9ad6d5,2026-06-30T14:56:58+00:00,success,LEGACY_SOURCE_MANIFEST
SRC02572,K193176,https://www.accessdata.fda.gov/cdrh_docs/pdf19/K193176.pdf,510k_summary_pdf,6d7a69049abe464c97831e8ce68f275eba84106ab330651053b209c0dc835a36,41ab0118d47b273e0505b6e734d17b51ea8cdcb00e32ab1b55915c4475864ebc,2026-06-30T14:57:00+00:00,success,LEGACY_SOURCE_MANIFEST
SRC02573,K193220,https://www.accessdata.fda.gov/scripts/cdrh/cfdocs/cfpmn/pmn.cfm?ID=K193220,fda_database_entry_html,645636ceff8791cbd0539f078e6039320d2dd99e2ff791d683bdbd2374e00182,4cdbf2bf5911d16af7f42f1c9c9a5d595809cb52a2e4f6c5b1f4f1f1dfd03d00,2026-06-30T14:56:58+00:00,success,LEGACY_SOURCE_MANIFEST
SRC02574,K193220,https://www.accessdata.fda.gov/cdrh_docs/pdf19/K193220.pdf,510k_summary_pdf,3c73c2228d125e6607c63ddf47ba334705f12e9cce05d8407e1ec4affd2a075c,a830297af8360c964af99722a8738b5632e47f174691709493b53c4d02171b24,2026-06-30T14:57:03+00:00,success,LEGACY_SOURCE_MANIFEST
SRC02575,K201012,https://www.accessdata.fda.gov/scripts/cdrh/cfdocs/cfpmn/pmn.cfm?ID=K201012,fda_database_entry_html,6239a0a8c468300aa8c1b1ff222fb2d7d2559a92bee333693d706e4eec167bbe,9bb49f6627d3c3b80c8bcf4c0011c4c448aeeb4b2cda99790628c0cc82893c4d,2026-06-30T14:57:05+00:00,success,LEGACY_SOURCE_MANIFEST
SRC02576,K201012,https://www.accessdata.fda.gov/cdrh_docs/pdf20/K201012.pdf,510k_summary_pdf,e2b360c28e45d3c7c64159fe1464d7547daacaa712bbececcff6e3373edaab4e,34a7a436a1c8f3e5b46ae2dd98ac9b4521decbdd8626fd00b4b71a36e6bc69d3,2026-06-30T14:57:09+00:00,success,LEGACY_SOURCE_MANIFEST
SRC02577,K193351,https://www.accessdata.fda.gov/scripts/cdrh/cfdocs/cfpmn/pmn.cfm?ID=K193351,fda_database_entry_html,50ac95a9ef25f2277b93560b9be1a68d58f86caa4cbc83e9f3d93afc42b91466,932afba825b332581ad9647408214c84b51dc4998645a0b5c4aa2e6dc42d01fb,2026-06-30T14:57:06+00:00,success,LEGACY_SOURCE_MANIFEST
SRC02578,K193351,https://www.accessdata.fda.gov/cdrh_docs/pdf19/K193351.pdf,510k_summary_pdf,fd94d42ab3b821a750c7745100342d7438329c47cdc5f5f1151a7ca76c45bcff,6b1e8ef28864beaca5d23304325973ddb309b871b801dd14674b036d9a33ce98,2026-06-30T14:57:10+00:00,success,LEGACY_SOURCE_MANIFEST
SRC02579,K200755,https://www.accessdata.fda.gov/scripts/cdrh/cfdocs/cfpmn/pmn.cfm?ID=K200755,fda_database_entry_html,dac369a1c3980e0a721d38af07623ab77d46527479e93aab70264f99ce2d5e49,965cf7cf6c35a8b91dd9eaa3fe789717eb950a43f4c22103ab009c5b1acbf31e,2026-06-30T14:57:07+00:00,success,LEGACY_SOURCE_MANIFEST
SRC02580,K200755,https://www.accessdata.fda.gov/cdrh_docs/pdf20/K200755.pdf,510k_summary_pdf,0e6beb88e0a4726edd4abbeff756071f67eefe77f894f93acadb05cbe7fc9665,5ebc83f7f5cbd9a70bca348f72c288c138017965bea0d5114a8891feab877340,2026-06-30T14:57:12+00:00,success,LEGACY_SOURCE_MANIFEST
SRC02581,K192167,https://www.accessdata.fda.gov/scripts/cdrh/cfdocs/cfpmn/pmn.cfm?ID=K192167,fda_database_entry_html,8403d798073b2cfdd962778910b9ea317f73b886627a86a97029b1c124c7682b,c15b36faa8d9040b993607e86fa496e09776418aed077a98d173883986dfc316,2026-06-30T14:57:17+00:00,success,LEGACY_SOURCE_MANIFEST
SRC02582,K192167,https://www.accessdata.fda.gov/cdrh_docs/pdf19/K192167.pdf,510k_summary_pdf,bf35457ad328c2c25f851045a913227d1c8a72da2ff2c647595ca88cc5939ace,d59115e895ea0c5d8a92ee3f3bd12c38a3b8cbb25db5c432709f0714e0eb5050,2026-06-30T14:57:23+00:00,success,LEGACY_SOURCE_MANIFEST
SRC02583,K193282,https://www.accessdata.fda.gov/scripts/cdrh/cfdocs/cfpmn/pmn.cfm?ID=K193282,fda_database_entry_html,aadb7c696760c5301a567f791242ffc4bff48090b534b600c1ba1e6c57affd7c,a9ca3fb17bdda67adf11a349dba04db7c8b0207497ca241ca8e42a33741eda20,2026-06-30T14:57:30+00:00,success,LEGACY_SOURCE_MANIFEST
SRC02584,K193282,https://www.accessdata.fda.gov/cdrh_docs/pdf19/K193282.pdf,510k_summary_pdf,873fcba370959a7813eb7cb07c43c00295d3e69f70ef7c98f81a87a5b812c61f,4bee0b4587b3de60bab7f2754fcff780cdd6ecb133ef5a06a02efb0b68977e98,2026-06-30T14:57:33+00:00,success,LEGACY_SOURCE_MANIFEST
SRC02585,K193300,https://www.accessdata.fda.gov/scripts/cdrh/cfdocs/cfpmn/pmn.cfm?ID=K193300,fda_database_entry_html,f53048098902da854a7192670ec867d3e1a4ab489edc246edc9f15b17d29052e,268a0fc6894501706db08d202e34553c5f446ae54a6692f2d6d1b36ac2bb0755,2026-06-30T14:57:35+00:00,success,LEGACY_SOURCE_MANIFEST
SRC02586,K193300,https://www.accessdata.fda.gov/cdrh_docs/pdf19/K193300.pdf,510k_summary_pdf,defcfb00e1dc4804feab2b58b105535b2fc4f5768ec39ab2354d6354245611ed,ca1ba51e03f0de5339289287fb6c83b2af891120ff0dd1b6f1621fbea4f50424,2026-06-30T14:57:39+00:00,success,LEGACY_SOURCE_MANIFEST
SRC02587,K193087,https://www.accessdata.fda.gov/scripts/cdrh/cfdocs/cfpmn/pmn.cfm?ID=K193087,fda_database_entry_html,fd62028ec580b6c11a351f4a9e38a5ff26022a0f050c8535cb54afc1ecf2d996,014b6f33c705ad00ddb79b6c4653be6d376313a22b5c2af713e39d88070dfaed,2026-06-30T14:57:41+00:00,success,LEGACY_SOURCE_MANIFEST
SRC02588,K193087,https://www.accessdata.fda.gov/cdrh_docs/pdf19/K193087.pdf,510k_summary_pdf,35e8e1519ced058223afb5f8c6199ec7db824da46813f7b848b0e5636c7a136e,9485846b4ea4b9122998300f6e0f0358a83e6fc0c80000e1e9c523f5c4efaa03,2026-06-30T14:57:43+00:00,success,LEGACY_SOURCE_MANIFEST
SRC02589,K193518,https://www.accessdata.fda.gov/scripts/cdrh/cfdocs/cfpmn/pmn.cfm?ID=K193518,fda_database_entry_html,f59b6c5772ced30211ddefc1115d6dd65db73e781a251f21785801c5cbc57911,5cb5c9d64567e9b4a0dffefe45a893638b1c7db6f17dd83ef208bf893b6da629,2026-06-30T14:57:46+00:00,success,LEGACY_SOURCE_MANIFEST
SRC02590,K193518,https://www.accessdata.fda.gov/cdrh_docs/pdf19/K193518.pdf,510k_summary_pdf,7448b98a4a607022bbcec84edfce70e4ea50afb92f90761162e22bf6217db7c6,a9b1fea794a8ddf2d192e8d9acb3881aedb8db115d57ad319bdc547862f2ece0,2026-06-30T14:57:50+00:00,success,LEGACY_SOURCE_MANIFEST
SRC02591,K192732,https://www.accessdata.fda.gov/scripts/cdrh/cfdocs/cfpmn/pmn.cfm?ID=K192732,fda_database_entry_html,7549f3e1808924819d04922191ed259c1f47fd7a56df587e0cf258b63a07c77b,ef153c98a580b263c82983e82b8e192556fcbfa4f8ec4a08d436c84f85ab4ea9,2026-06-30T14:57:47+00:00,success,LEGACY_SOURCE_MANIFEST
SRC02592,K192732,https://www.accessdata.fda.gov/cdrh_docs/pdf19/K192732.pdf,510k_summary_pdf,ce5cf4983df83e8e5f4206cf10c24dcac1c1c8f5a839c2cc2914c00877ef442e,e3cb7ac741458c2c4a126baa185de3964d0be606250e6b00a1ab775aedc781db,2026-06-30T14:57:51+00:00,success,LEGACY_SOURCE_MANIFEST
SRC02593,K192437,https://www.accessdata.fda.gov/scripts/cdrh/cfdocs/cfpmn/pmn.cfm?ID=K192437,fda_database_entry_html,c73fbab6e4f71252cf0218a39851e31cc5877d5361d4a4c79d92a81ae321d8ca,237ca41e6b76f303c080a8567f8da09ac7075e14c264ef9f4df01244ec9c0c18,2026-06-30T14:57:48+00:00,success,LEGACY_SOURCE_MANIFEST
SRC02594,K192437,https://www.accessdata.fda.gov/cdrh_docs/pdf19/K192437.pdf,510k_summary_pdf,a2ba2da066eb12860fafb2673eadff2cf102b58f2c73572536b5bfb97cbe6329,d08288eacdc4486d8b432bb9524ea886c3afa8c78f2ddd73ae2dd38e96857f96,2026-06-30T14:57:51+00:00,success,LEGACY_SOURCE_MANIFEST
SRC02595,K192854,https://www.accessdata.fda.gov/scripts/cdrh/cfdocs/cfpmn/pmn.cfm?ID=K192854,fda_database_entry_html,380f6967b64413a06f63f77975f53750091fa19f1dec6cce3fecdd7d6ce34a3a,773686c2cfb6721cc19ad4d1727fbefda8c970466608814b44af4f1accce525b,2026-06-30T14:57:56+00:00,success,LEGACY_SOURCE_MANIFEST
SRC02596,K192854,https://www.accessdata.fda.gov/cdrh_docs/pdf19/K192854.pdf,510k_summary_pdf,9f6742371ec0ff679b5eae2d48dc8273d788ae3d2207c7d7a76d4300b736945c,60f5cc3db117cb9745dc76b4a6d567d56de2c9e3f8323d10b112977ffabdef0e,2026-06-30T14:57:58+00:00,success,LEGACY_SOURCE_MANIFEST
SRC02597,K193281,https://www.accessdata.fda.gov/scripts/cdrh/cfdocs/cfpmn/pmn.cfm?ID=K193281,fda_database_entry_html,cecadb16e659cb20708759d025399d33e51f91db6bad371643849c995ecb302b,29fff8e899fa86cc9563c0b99eb5e9d08ab68a67a0a0b448367ea62a6d1d5204,2026-06-30T14:58:00+00:00,success,LEGACY_SOURCE_MANIFEST
SRC02598,K193281,https://www.accessdata.fda.gov/cdrh_docs/pdf19/K193281.pdf,510k_summary_pdf,5e86021734b9c3177a62cf4ff5b352c981f0847621f940a064d8445151244a71,a3614cf679bae449539624eb025f7193c5869672d3d213e94ae723485d120b67,2026-06-30T14:58:01+00:00,success,LEGACY_SOURCE_MANIFEST
SRC02599,K200036,https://www.accessdata.fda.gov/scripts/cdrh/cfdocs/cfpmn/pmn.cfm?ID=K200036,fda_database_entry_html,39b2e4fc6e396ebb439c1222d07e8578e7882188c25edf3ded8892e16bccc261,6dffe4c1120fe303912aa1d02164b9a5fabd388d756bb7e1ebf95c19f7b3b0da,2026-06-30T14:58:04+00:00,success,LEGACY_SOURCE_MANIFEST
SRC02600,K200036,https://www.accessdata.fda.gov/cdrh_docs/pdf20/K200036.pdf,510k_summary_pdf,a220745529661890960ae9f067e3cf442376cd928206d69ea0b91ede3b9f2980,830279fb060899a46f61ab01447000dd31d22feab03bf7d16fb6c0da8f3e34e8,2026-06-30T14:58:07+00:00,success,LEGACY_SOURCE_MANIFEST
SRC02601,K193658,https://www.accessdata.fda.gov/scripts/cdrh/cfdocs/cfpmn/pmn.cfm?ID=K193658,fda_database_entry_html,aaba5c6d1c3dbd0d89eb0740b2cbf4b7049a7fd2b1f60ed8dd84b6df9698fc21,f8bce3e55e93855599d05743e7d4b218bb2074d1ed3f7826aa9464c4a741d4b6,2026-06-30T14:58:07+00:00,success,LEGACY_SOURCE_MANIFEST
SRC02602,K193658,https://www.accessdata.fda.gov/cdrh_docs/pdf19/K193658.pdf,510k_summary_pdf,a2c163e9ca2d099846790b1c63d1e4d4e7b7b1a8c2374480e6ddb15b5c6671c6,46e598bec145103f8bfedec4370fc86c2512a0f91ed3847a6be65558ca2cbf48,2026-06-30T14:58:10+00:00,success,LEGACY_SOURCE_MANIFEST
SRC02603,K193267,https://www.accessdata.fda.gov/scripts/cdrh/cfdocs/cfpmn/pmn.cfm?ID=K193267,fda_database_entry_html,c1d49896b05e08a1e0296c1739ff43dad37f32c91ddcb3d664f3db8b89394eb1,4ec08fa5d5900d4a9a40352118a00a4f25f765fb3f44efde6c90e236d00f8402,2026-06-30T14:58:10+00:00,success,LEGACY_SOURCE_MANIFEST
SRC02604,K193267,https://www.accessdata.fda.gov/cdrh_docs/pdf19/K193267.pdf,510k_summary_pdf,a3200cfba510ea97d7ba0f79ddf0ada9a9b8cd8eaa97cc2e300390f65c81dc0d,18cf66fa9130bdc384179f8daed13011cf37c0b3021228b9537158e6c71f6bb2,2026-06-30T14:58:14+00:00,success,LEGACY_SOURCE_MANIFEST
SRC02605,K192388,https://www.accessdata.fda.gov/scripts/cdrh/cfdocs/cfpmn/pmn.cfm?ID=K192388,fda_database_entry_html,b907c5e1be5dfbcabfb1b345a83ff4203ff22f91977e67ac72fbad8200b8863d,3cb73d469f51de5c4a97f71e3efea4df6e51cab0b35669e5ff7589444e7fcbc0,2026-06-30T14:58:15+00:00,success,LEGACY_SOURCE_MANIFEST
SRC02606,K192388,https://www.accessdata.fda.gov/cdrh_docs/pdf19/K192388.pdf,510k_summary_pdf,3dd6551874a08a7b4258688de06d4e1f6b060d0fbe368735b494b051f4f0e744,9d4990a613b5a40eeee96e73b3f267103362b63a0db308167a840b7f15508275,2026-06-30T14:58:21+00:00,success,LEGACY_SOURCE_MANIFEST
SRC02607,K193216,https://www.accessdata.fda.gov/scripts/cdrh/cfdocs/cfpmn/pmn.cfm?ID=K193216,fda_database_entry_html,7c9f042adb184ea0111054a5fd6ba5bae7f4fa6fb334cb3e5f8743eaad759073,0f246ebc89520daa5d3c0e11193355b3a2cd2a66415be9a597acbdfe132d9f0f,2026-06-30T14:58:16+00:00,success,LEGACY_SOURCE_MANIFEST
SRC02608,K193216,https://www.accessdata.fda.gov/cdrh_docs/pdf19/K193216.pdf,510k_summary_pdf,727cb6d2fcb3d922007af9145b7575837de27b9bae9b257abcbc0cc76b223e86,e53f66eb1454e94efd41724383d5fc2d3ad88f72231197ff9dd433c9c1f2c6e9,2026-06-30T14:58:17+00:00,success,LEGACY_SOURCE_MANIFEST
SRC02609,K192574,https://www.accessdata.fda.gov/scripts/cdrh/cfdocs/cfpmn/pmn.cfm?ID=K192574,fda_database_entry_html,3506be21d55cc8a1262516132c66252ff1862c3ed8096ca007accb94c96c1841,c988eaa77d21bde81c2e4b7cfd839999ca4016849a7edf6a655ce86234a41f40,2026-06-30T14:58:20+00:00,success,LEGACY_SOURCE_MANIFEST
SRC02610,K192574,https://www.accessdata.fda.gov/cdrh_docs/pdf19/K192574.pdf,510k_summary_pdf,8487b4346cab0a12791c5239e8ffc66344514dba9838115b95ee38758109d9e9,6b63d9eebfb81b2dd04cbb44d36a8498b2a3bd42f0e5bd5f3440659bee05c30f,2026-06-30T14:58:25+00:00,success,LEGACY_SOURCE_MANIFEST
SRC02611,K193229,https://www.accessdata.fda.gov/scripts/cdrh/cfdocs/cfpmn/pmn.cfm?ID=K193229,fda_database_entry_html,aad7cbc2dbdf654cba513777396f7798f55d353728604ed0ef91ab8702137106,63576dccb3b851ac8fef0235555173aa598460caf21e535daf3f140b1183ec52,2026-06-30T14:58:20+00:00,success,LEGACY_SOURCE_MANIFEST
SRC02612,K193229,https://www.accessdata.fda.gov/cdrh_docs/pdf19/K193229.pdf,510k_summary_pdf,75fd58495b06bbbbc3d1b9dadf4d9350b7f14cf84b8b890de19a732a56c8e437,9a9922161cdd65123d38cc3707d540405506edb8fc1251e6c29fb3a5277c32dc,2026-06-30T14:58:23+00:00,success,LEGACY_SOURCE_MANIFEST
SRC02613,K191550,https://www.accessdata.fda.gov/scripts/cdrh/cfdocs/cfpmn/pmn.cfm?ID=K191550,fda_database_entry_html,04ae454aca55f5e0294a99bd41b0a5416f5f7dadf6233c04c30fffa49375d97d,8018303ebe728d853cb53a22cae9bb5769632130d840bc42d592062349e4df17,2026-06-30T14:58:21+00:00,success,LEGACY_SOURCE_MANIFEST
SRC02614,K191550,https://www.accessdata.fda.gov/cdrh_docs/pdf19/K191550.pdf,510k_summary_pdf,6dfa5422a164a6668e64d3040425ed09b7dd3d9aecdfbc58d8a632bd93f78b1e,b2e28eeaae30ee71a606b23a07fbd3bfcd79316d3bb6e1c9fdbbda7fa1f50c41,2026-06-30T14:58:24+00:00,success,LEGACY_SOURCE_MANIFEST
SRC02615,K192962,https://www.accessdata.fda.gov/scripts/cdrh/cfdocs/cfpmn/pmn.cfm?ID=K192962,fda_database_entry_html,b23a49fe09d83b36112fc3e20ae8dff8c595820e778b97808032f2c143c21fa9,ad8403877d203b85df371930c8c7701099d209f64b4d02e873744383db3d5c91,2026-06-30T14:58:25+00:00,success,LEGACY_SOURCE_MANIFEST
SRC02616,K192962,https://www.accessdata.fda.gov/cdrh_docs/pdf19/K192962.pdf,510k_summary_pdf,4b873d5d1acd2c494a20a5a742e84b922acc410edb4c70232ee77da5ed78976e,9f2565fd397a0c250dcfbb6f653ce10e41c850bcd3c2e2dca9441d9e4d885c61,2026-06-30T14:58:28+00:00,success,LEGACY_SOURCE_MANIFEST
SRC02617,K191556,https://www.accessdata.fda.gov/scripts/cdrh/cfdocs/cfpmn/pmn.cfm?ID=K191556,fda_database_entry_html,52decd559cc9f24ad93fc716956ab1b3742158efa1fcfbf40d8e403588d2fc43,5e95b0e9ad9c6f0dffad1852f9c2239031e41b9742b284937911cb7eb8116745,2026-06-30T14:58:30+00:00,success,LEGACY_SOURCE_MANIFEST
SRC02618,K191556,https://www.accessdata.fda.gov/cdrh_docs/pdf19/K191556.pdf,510k_summary_pdf,11f544eb660a85c9e0b2d0b4f0e1e98d21d22268135977feaddcdd47cb98cd9c,d45b3fa7760eb24718836bced3fa03e45fc0216e6849e6f559f0f72b71aed473,2026-06-30T14:58:37+00:00,success,LEGACY_SOURCE_MANIFEST
SRC02619,K191928,https://www.accessdata.fda.gov/scripts/cdrh/cfdocs/cfpmn/pmn.cfm?ID=K191928,fda_database_entry_html,cc37dc6aaebb375b1d288c66f65febd3562453d6d73ccfdfcda5687b18b1f15c,57e4e1180c41f45f84133d5e93b73b3f2658c35438d551d407de1b1e8aadd42f,2026-06-30T14:58:30+00:00,success,LEGACY_SOURCE_MANIFEST
SRC02620,K191928,https://www.accessdata.fda.gov/cdrh_docs/pdf19/K191928.pdf,510k_summary_pdf,3ef1a91a2b561963a815eb46c575822dbe66337652bed0e4028ba99c0ac91f24,9a1749dff50631ea2a83a845c8c3c504e2ff14a817a1a41e5df9043ebc051f03,2026-06-30T14:58:35+00:00,success,LEGACY_SOURCE_MANIFEST
SRC02621,K192832,https://www.accessdata.fda.gov/scripts/cdrh/cfdocs/cfpmn/pmn.cfm?ID=K192832,fda_database_entry_html,b16e7a8b5446743a35182943fc2fff7507e00995ee25108c29e75f86b2e1ddbb,58effb0e8ace93645100afadc45b33473af5673144c4599d069a2413bf7415e8,2026-06-30T14:58:39+00:00,success,LEGACY_SOURCE_MANIFEST
SRC02622,K192832,https://www.accessdata.fda.gov/cdrh_docs/pdf19/K192832.pdf,510k_summary_pdf,bfecdad387997505669c2fa7d808e4e37d42219433d4e9c2d327783f7b60a4db,98d3727a8e6833e2e0f58136dd0465506e3218840bd4cc671a349e9c548dd4d0,2026-06-30T14:58:42+00:00,success,LEGACY_SOURCE_MANIFEST
SRC02623,K192973,https://www.accessdata.fda.gov/scripts/cdrh/cfdocs/cfpmn/pmn.cfm?ID=K192973,fda_database_entry_html,612ce843fff6c4dd780ff7b584ad42ea3cfcfe2989112f6feb9b2ca37b76adc8,c19952489843fb2b5176bf772c45768eff18aa6163385c821f0d51714c641866,2026-06-30T14:58:41+00:00,success,LEGACY_SOURCE_MANIFEST
SRC02624,K192973,https://www.accessdata.fda.gov/cdrh_docs/pdf19/K192973.pdf,510k_summary_pdf,6c1661aacc0990deecbfdbb4687df605758f3d7bd8f34538cbf70d0289fe55dc,12f387f6840f643f513f2cd16a3d2048c0293350a43a2d2361e9437f4ab68563,2026-06-30T14:58:45+00:00,success,LEGACY_SOURCE_MANIFEST
SRC02625,K193248,https://www.accessdata.fda.gov/scripts/cdrh/cfdocs/cfpmn/pmn.cfm?ID=K193248,fda_database_entry_html,fc5d94b6305dfa97154c5f150aaf87bc621e24a1f159a632c96306424333a031,2a4185277841249ab12b830c6d041f4e71c047dd7839fb88b735d8f7d2a22aa5,2026-06-30T14:58:45+00:00,success,LEGACY_SOURCE_MANIFEST
SRC02626,K193248,https://www.accessdata.fda.gov/cdrh_docs/pdf19/K193248.pdf,510k_summary_pdf,8eae9de5330978900100570d0825b4cb5bf6f11e14abd40dd24df477b0ecf6f7,252b621c0337c49d13d030ec1107ce0620bfb4f8d7d2e541cc27038b44049725,2026-06-30T14:58:47+00:00,success,LEGACY_SOURCE_MANIFEST
SRC02627,K192828,https://www.accessdata.fda.gov/scripts/cdrh/cfdocs/cfpmn/pmn.cfm?ID=K192828,fda_database_entry_html,686e623addb35f356a04df152461ff4a3fff6f6dab4890bee1215f102ad2906e,2724334652b9db4243283a31b0a88f1bb8c65a4279e6c5788c4acab0e2c66cb5,2026-06-30T14:58:50+00:00,success,LEGACY_SOURCE_MANIFEST
SRC02628,K192828,https://www.accessdata.fda.gov/cdrh_docs/pdf19/K192828.pdf,510k_summary_pdf,2b87c0e5f0f6c7f5594953a4d7229685ab029cf600f26defa6722dd112f08f9e,47ae389bc130238b23b507ef7f4d770657f09fd3a83ab0b09e7f0df31d97fd1c,2026-06-30T14:58:55+00:00,success,LEGACY_SOURCE_MANIFEST
SRC02629,K193178,https://www.accessdata.fda.gov/scripts/cdrh/cfdocs/cfpmn/pmn.cfm?ID=K193178,fda_database_entry_html,7b86a1e7ab914b77afa9b007842475a9ef3291481dc558f9bc612025631f797a,edb950b54b0a88f891d46dd2171a2584c753edf4af5104fb069b13d0d1afe6ee,2026-06-30T14:58:56+00:00,success,LEGACY_SOURCE_MANIFEST
SRC02630,K193178,https://www.accessdata.fda.gov/cdrh_docs/pdf19/K193178.pdf,510k_summary_pdf,04595925237941d490e7f43599508e57da7c9962fe4dc3fa35b631756389e983,8acb6fdabba5334fa3417323c59154a525a591c3361db727b12f8558ecb934e5,2026-06-30T14:59:02+00:00,success,LEGACY_SOURCE_MANIFEST
SRC02631,K192377,https://www.accessdata.fda.gov/scripts/cdrh/cfdocs/cfpmn/pmn.cfm?ID=K192377,fda_database_entry_html,d3755087fbc32d5c65235d0b827a727cb0ed92d5868d7a7d36c43d9e14ca8bbf,0a307373bdd97bf9cd54a4498ae1a78522aecd906a104a7b8a0f65b09c3dd75d,2026-06-30T14:58:59+00:00,success,LEGACY_SOURCE_MANIFEST
SRC02632,K192377,https://www.accessdata.fda.gov/cdrh_docs/pdf19/K192377.pdf,510k_summary_pdf,c507e3f05d396633da85ca4d7a91b5c632c29e91d2317671e5a24ee5a26db34a,314714fc37aae0fb175dfa49fae9f0a5ce8d66f4acdf68099e05c2052d44a8b2,2026-06-30T14:59:04+00:00,success,LEGACY_SOURCE_MANIFEST
SRC02633,DEN190040,https://www.accessdata.fda.gov/scripts/cdrh/cfdocs/cfpmn/denovo.cfm?ID=DEN190040,fda_database_entry_html,c9ddc64d50967a9a9874237dbc4f3b0562d52de834407745eb8d2753b3d474bc,e985cf713350d6c3d1a1a3f8c0853dc7a268f4348ec4930bf36e8b0ebea853ce,2026-06-30T14:59:08+00:00,success,LEGACY_SOURCE_MANIFEST
SRC02634,DEN190040,https://www.accessdata.fda.gov/cdrh_docs/pdf19/DEN190040.pdf,approval_order_pdf,2a1ef091f253af750bce7162d267ed1eba0097ea08a08aba7c001add5da57e4b,c4ddeb36c60a2656b763e1a7f90acdd9c40782b11a6a487ca8b8fa7b73ff1b65,2026-06-30T14:59:11+00:00,success,LEGACY_SOURCE_MANIFEST
SRC02635,DEN190040,http://www.accessdata.fda.gov/cdrh_docs/reviews/DEN190040.pdf,de_novo_summary_pdf,d9caa0c731d27a36ee26a4774b734c97e673b17db7131103c9e3380aec434c8d,d39d70d85174ea3ba4d46cd1d65301096115c7425aed72f93631e611719a944e,2026-06-30T14:59:16+00:00,success,LEGACY_SOURCE_MANIFEST
SRC02636,K193109,https://www.accessdata.fda.gov/scripts/cdrh/cfdocs/cfpmn/pmn.cfm?ID=K193109,fda_database_entry_html,9251dfb280e8e7110d1cf43031a96350902f48624b8fa4d75d26902451a8c9e9,4c17cf792e53d5cc858084dad1071e29e3963cec1c634f78acb476225332bcc1,2026-06-30T14:59:10+00:00,success,LEGACY_SOURCE_MANIFEST
SRC02637,K193109,https://www.accessdata.fda.gov/cdrh_docs/pdf19/K193109.pdf,510k_summary_pdf,a31fa790bd68458cd32ad60b05deed0b762328b507fb93b59207609452b6f0bb,90f9189503a4bc1c45b827d5ccd35b231db93908a385a21b22be00ff7d595c38,2026-06-30T14:59:15+00:00,success,LEGACY_SOURCE_MANIFEST
SRC02638,K192415,https://www.accessdata.fda.gov/scripts/cdrh/cfdocs/cfpmn/pmn.cfm?ID=K192415,fda_database_entry_html,9917e68e554ecc53dc03b7966d59ef72791f783fbabfaf2d44cf19ac80949c09,33e0b309d7c312587168179007224354e3243b1a69d72d7d6739bf2a596e1f4f,2026-06-30T14:59:12+00:00,success,LEGACY_SOURCE_MANIFEST
SRC02639,K192415,https://www.accessdata.fda.gov/cdrh_docs/pdf19/K192415.pdf,510k_summary_pdf,91283a7cabf420610627e6c6c0b22eeb08819571b693730cf2a50459ea53ab89,cd982a3cd6bc1de8350f8a7005a1d78e9b72235789c4717832b153f29cfe7d92,2026-06-30T14:59:15+00:00,success,LEGACY_SOURCE_MANIFEST
SRC02640,K192956,https://www.accessdata.fda.gov/scripts/cdrh/cfdocs/cfpmn/pmn.cfm?ID=K192956,fda_database_entry_html,4ebda0986f08e9171cbf536af2ae7e5866cb5d3cdf707bf847f9822d805986d7,a17ac40a736c8986dd96ab55b6e5d1476d4051ad8eeb43152b72c1a629fe7072,2026-06-30T14:59:21+00:00,success,LEGACY_SOURCE_MANIFEST
SRC02641,K192956,https://www.accessdata.fda.gov/cdrh_docs/pdf19/K192956.pdf,510k_summary_pdf,b60fe384703f6dfea0b587d6ceda3af730a4f29e3d4207fd0b8c737492da2386,0c67391903c791865ffa2b55da231fe2cd4e829e864528d19f160b2faab0db30,2026-06-30T14:59:22+00:00,success,LEGACY_SOURCE_MANIFEST
SRC02642,K191125,https://www.accessdata.fda.gov/scripts/cdrh/cfdocs/cfpmn/pmn.cfm?ID=K191125,fda_database_entry_html,0098191cb8d9ae3d66540be2243b59c61a946d95a7ff7d8cb499f5f83edbc25c,0a137f5e30cc1fcb8794bb08fcb91c8e6096eb0fd58fc15a043f296f66de5d86,2026-06-30T14:59:23+00:00,success,LEGACY_SOURCE_MANIFEST
SRC02643,K191125,https://www.accessdata.fda.gov/cdrh_docs/pdf19/K191125.pdf,510k_summary_pdf,6ce08ab14c87e12c14bfdd921ba9503c1c85bbe46aff8c406baabd06bb18683a,8fa7606cda630a492479cba7137f3fc6b8e0d38cd3aea84e4cfc4d55fa1c47e9,2026-06-30T14:59:26+00:00,success,LEGACY_SOURCE_MANIFEST
SRC02644,K192004,https://www.accessdata.fda.gov/scripts/cdrh/cfdocs/cfpmn/pmn.cfm?ID=K192004,fda_database_entry_html,d98f2e8cd6db47fe77b6214f143624a58296e338321a7a07d78172fd0f590534,fe873f63ef7269ea7b6e1716a82439ca1d5fa84f52ef7c8f261e3d4813cbd8cd,2026-06-30T14:59:28+00:00,success,LEGACY_SOURCE_MANIFEST
SRC02645,K192004,https://www.accessdata.fda.gov/CDRH510K/K192004.pdf,510k_summary_pdf,bb2c0f29c9213de0fd9b3b30ce927ce331e376d9519f63e0d03cbb48fb2054d6,98befc2642236d5e902474d16dec03c6707df0639af298d4c2d8c31ee385f275,2026-06-30T14:59:32+00:00,success,LEGACY_SOURCE_MANIFEST
SRC02646,K192004,https://www.accessdata.fda.gov/cdrh_docs/pdf19/K192004.pdf,510k_summary_pdf,bb2c0f29c9213de0fd9b3b30ce927ce331e376d9519f63e0d03cbb48fb2054d6,98befc2642236d5e902474d16dec03c6707df0639af298d4c2d8c31ee385f275,2026-06-30T15:03:36+00:00,success,LEGACY_SOURCE_MANIFEST
SRC02647,K183089,https://www.accessdata.fda.gov/scripts/cdrh/cfdocs/cfpmn/pmn.cfm?ID=K183089,fda_database_entry_html,eed788c829c6021cb6bf63584389762fb4e7314f05ec755f1b46d094c04463b3,0da486bda7b88a51f3c47e7df33d83b5dd29a9a00117ae5666382941ddb3d7ff,2026-06-30T14:59:35+00:00,success,LEGACY_SOURCE_MANIFEST
SRC02648,K183089,https://www.accessdata.fda.gov/cdrh_docs/pdf18/K183089.pdf,510k_summary_pdf,8fa420cbd24af6d019c6ba31325c1c0d69f833699bd12cadc83f7edbdfb73746,b7e9e8b2c3e78f5e38b1a873cfbd605913f7532798eb55768ff8ede335305e39,2026-06-30T14:59:38+00:00,success,LEGACY_SOURCE_MANIFEST
SRC02649,K192383,https://www.accessdata.fda.gov/scripts/cdrh/cfdocs/cfpmn/pmn.cfm?ID=K192383,fda_database_entry_html,5650a2de5a4dd12a7ec3202cb674d1b23f626cb6ed560e644a467e16cb71e0e4,d68f10ea56677a9f1afeb9179832d70d3f502debd7dedc37645d17447b28d3e7,2026-06-30T14:59:40+00:00,success,LEGACY_SOURCE_MANIFEST
SRC02650,K192383,https://www.accessdata.fda.gov/cdrh_docs/pdf19/K192383.pdf,510k_summary_pdf,b4d86fdd1935d4b82fe124c6ce15dca1178de90d52aa13da5b7aabd63b2cf110,a591def20fd4edb2f958832bf6e1aea3032ce45cb2e135af87794d665978642a,2026-06-30T14:59:47+00:00,success,LEGACY_SOURCE_MANIFEST
SRC02651,K191647,https://www.accessdata.fda.gov/scripts/cdrh/cfdocs/cfpmn/pmn.cfm?ID=K191647,fda_database_entry_html,8506c05a22d7f007547d1b4fc4b3a8dfac4c85c20448f6d369bc6bd6aadf26f0,0cff945a4bc9bc13d9ef90847ac8269e9b2451331c07831b983cd304fd3f0c3e,2026-06-30T14:59:42+00:00,success,LEGACY_SOURCE_MANIFEST
SRC02652,K191647,https://www.accessdata.fda.gov/cdrh_docs/pdf19/K191647.pdf,510k_summary_pdf,28ea64bb7e6c2e5811e279b9c2a5bcbfe4a81f9098d412d18785ce71c9239088,f0faa690d74212c79b0f29e1b6fb383d0617578d699fa22538f55dfb9b5ede04,2026-06-30T14:59:42+00:00,success,LEGACY_SOURCE_MANIFEST
SRC02653,K192763,https://www.accessdata.fda.gov/scripts/cdrh/cfdocs/cfpmn/pmn.cfm?ID=K192763,fda_database_entry_html,67197daaf1e955fe6dd7c199308b58be47ef86d62eb9aac03d1b17ee663e97cb,7691c623171be74609e10f52f7df135a150acac12d9d99b174603cfff4638899,2026-06-30T14:59:55+00:00,success,LEGACY_SOURCE_MANIFEST
SRC02654,K192763,https://www.accessdata.fda.gov/cdrh_docs/pdf19/K192763.pdf,510k_summary_pdf,cf67736826cbfdfeff13bd3583a79685c2a576334e61d52cc90d08927c6fba08,0b03a6da2cb7fc73db171077a2e958a821bd0ed8f613745dd7d5b69bd7309f97,2026-06-30T15:00:05+00:00,success,LEGACY_SOURCE_MANIFEST
SRC02655,K192531,https://www.accessdata.fda.gov/scripts/cdrh/cfdocs/cfpmn/pmn.cfm?ID=K192531,fda_database_entry_html,614f43b086838833085437dafd1290d802c9ce13ca83ccc877c7657f72db6f4a,b7000925a6900933869f7cfd9896e3e50b575cf254a0fc35ca2e07507ae20866,2026-06-30T14:59:59+00:00,success,LEGACY_SOURCE_MANIFEST
SRC02656,K192531,https://www.accessdata.fda.gov/cdrh_docs/pdf19/K192531.pdf,510k_summary_pdf,6b425bd7dc9e3ceed69088d72c8052cb65d55f50ba3af6f96d150ca930c6553a,15d47b94fa376b47de414ab611fa07ab386ea3e3acae76f2dc4300b9f4303282,2026-06-30T15:00:07+00:00,success,LEGACY_SOURCE_MANIFEST
SRC02657,K193170,https://www.accessdata.fda.gov/scripts/cdrh/cfdocs/cfpmn/pmn.cfm?ID=K193170,fda_database_entry_html,b6da584d6b84c4c4e33a60e5679b98dc6b07e54e8dd54bf8d613778dfced9832,e2c079f634c2c761916a4ff38c24562f3a641bc3bf051d0a9b5959b6e5d9dd25,2026-06-30T15:00:05+00:00,success,LEGACY_SOURCE_MANIFEST
SRC02658,K193170,https://www.accessdata.fda.gov/cdrh_docs/pdf19/K193170.pdf,510k_summary_pdf,69372c739ade1e08281bc627c148a2a52ef3ab8f048db0abc73bf9023ade9bf0,59566a5d2d1fd4cf106a3a894524da9c8eb6b1aabe46c443c9668c19df3d2445,2026-06-30T15:00:10+00:00,success,LEGACY_SOURCE_MANIFEST
SRC02659,K192130,https://www.accessdata.fda.gov/scripts/cdrh/cfdocs/cfpmn/pmn.cfm?ID=K192130,fda_database_entry_html,446efb2a70a49a78c1c0d52780df8f2fbdc6b777c280551306a52d0a46c99015,0675cdd2be11c69eb951e6c210c4a430aeab3300ea103e0b8966dcc7cc0a36ea,2026-06-30T15:00:17+00:00,success,LEGACY_SOURCE_MANIFEST
SRC02660,K192130,https://www.accessdata.fda.gov/cdrh_docs/pdf19/K192130.pdf,510k_summary_pdf,1386202fce912e51e7f1502373ab5d02f21d893007a6b2196bde0272106a21a4,afbc1f6d64034981e99c592a23b1bf7736ddd3a0b1e79b077c54eb943b7e88c6,2026-06-30T15:00:26+00:00,success,LEGACY_SOURCE_MANIFEST
SRC02661,K192571,https://www.accessdata.fda.gov/scripts/cdrh/cfdocs/cfpmn/pmn.cfm?ID=K192571,fda_database_entry_html,5c6b9240f380a1fd7c1c89e1fcf551269564fc4fc1c642ee9c8bdbfac03ca972,5b27a1e548339af894eaa6b28461fc6500d4dd776fb0a3dd81ae8f5e6416e018,2026-06-30T15:00:18+00:00,success,LEGACY_SOURCE_MANIFEST
SRC02662,K192571,https://www.accessdata.fda.gov/cdrh_docs/pdf19/K192571.pdf,510k_summary_pdf,6d847d112e23cd3dfea5ddfa2a259c97e8659d8563b1390b4097ea1a6ece3e0b,56681bbb563a266c68cf85a700d225900c6f3fb0e6200c09b2a1a56b0e671020,2026-06-30T15:00:22+00:00,success,LEGACY_SOURCE_MANIFEST
SRC02663,K192287,https://www.accessdata.fda.gov/scripts/cdrh/cfdocs/cfpmn/pmn.cfm?ID=K192287,fda_database_entry_html,806408d4bd492e03fbdf5c39b0867a41246a87aeb68169a3881e9c893536b73b,1d9feae6fa264b776e027c2452c47ad02497c1b47df3ffef4e70f0f3c55aadea,2026-06-30T15:00:29+00:00,success,LEGACY_SOURCE_MANIFEST
SRC02664,K192287,https://www.accessdata.fda.gov/cdrh_docs/pdf19/K192287.pdf,510k_summary_pdf,49294d14899ad0ca282e64a4ce4860048e451eed07a30e264ae6f38e0eeab90f,c95f6822d66a899763490c224459fa4f2ab41b00cad7bfa22a398abb1d781fcf,2026-06-30T15:00:34+00:00,success,LEGACY_SOURCE_MANIFEST
SRC02665,K192442,https://www.accessdata.fda.gov/scripts/cdrh/cfdocs/cfpmn/pmn.cfm?ID=K192442,fda_database_entry_html,58ca8494e4c84e59e2301c384f960f479599ff150831e424cf0779ac93182b24,dcace234d273fcdd8eb279088b2d4ce025af2e5ad08ac01e7c8c466e37f3ca13,2026-06-30T15:00:50+00:00,success,LEGACY_SOURCE_MANIFEST
SRC02666,K192442,https://www.accessdata.fda.gov/cdrh_docs/pdf19/K192442.pdf,510k_summary_pdf,e3242930233cfa24112f849c00864223e7cceb3863f4355add9b31a0da3f6b5e,e1ea1595ce41d26d02800cbd3719af3e96fac8f356c6c800b1b77fe7ba587d22,2026-06-30T15:01:02+00:00,success,LEGACY_SOURCE_MANIFEST
SRC02667,K192279,https://www.accessdata.fda.gov/scripts/cdrh/cfdocs/cfpmn/pmn.cfm?ID=K192279,fda_database_entry_html,11ee8b9200a3cbeef7a1db672aa8ed845f289bbbf7e937f161331cd3371c6895,6dd8befda4220f593b1c13f55cf06979b4115ddc6051ed00db5e2586fae61a03,2026-06-30T15:00:59+00:00,success,LEGACY_SOURCE_MANIFEST
SRC02668,K192279,https://www.accessdata.fda.gov/cdrh_docs/pdf19/K192279.pdf,510k_summary_pdf,a820b06c3e4a450d35e852bba63e0070b2cb50860e169aaae7ffb5525922acfb,3d75768419970d788d3ada63de3956324c28ce4d52d02b4382d4f5122ceb3708,2026-06-30T15:01:01+00:00,success,LEGACY_SOURCE_MANIFEST
SRC02669,K192945,https://www.accessdata.fda.gov/scripts/cdrh/cfdocs/cfpmn/pmn.cfm?ID=K192945,fda_database_entry_html,de6618a8e0554416128d1ec722f53d309df80fbeaaa7067e60883e14b113e854,c20781e8fb93df67b41ebe918d767dbf0ab2376473502595f17e1d176317da53,2026-06-30T15:01:19+00:00,success,LEGACY_SOURCE_MANIFEST
SRC02670,K192945,https://www.accessdata.fda.gov/cdrh_docs/pdf19/K192945.pdf,510k_summary_pdf,ce9d148af5682d9b069eef5c8703f297ed127c5a3b91a192a7228cf7686117d5,4920ca7de0f7aad0961f0d35eedde5fbdea5f2080fc52d5d0f133d3a6d5b1b8e,2026-06-30T15:01:21+00:00,success,LEGACY_SOURCE_MANIFEST
SRC02671,K192320,https://www.accessdata.fda.gov/scripts/cdrh/cfdocs/cfpmn/pmn.cfm?ID=K192320,fda_database_entry_html,cedf1daea018c28afafd54a206af4b2320ed7f4ba2ef3b78914de6acdef8c86e,7964ce994ba54b857e3b2ebcd6c11230c68e297bc59d043a435c8183ec8bc329,2026-06-30T15:01:21+00:00,success,LEGACY_SOURCE_MANIFEST
SRC02672,K192320,https://www.accessdata.fda.gov/cdrh_docs/pdf19/K192320.pdf,510k_summary_pdf,5073ae1d9971bcfa9d5ded521493760e93b1d4ca31b90cfb8f2eb05181b17501,05d12009f264836a4c5063edc24fce86e7984840a4deb9c063704fbd04029ff7,2026-06-30T15:01:22+00:00,success,LEGACY_SOURCE_MANIFEST
SRC02673,K190529,https://www.accessdata.fda.gov/scripts/cdrh/cfdocs/cfpmn/pmn.cfm?ID=K190529,fda_database_entry_html,5665426ab00c4c30429bb65b1f045d4c4290ee3791df9fc06ad4f3250070a14c,023eafc296dd8e01006ebff196237fe6f59975c5dd47dae744b6f6f30d4afee8,2026-06-30T15:01:27+00:00,success,LEGACY_SOURCE_MANIFEST
SRC02674,K190529,https://www.accessdata.fda.gov/cdrh_docs/pdf19/K190529.pdf,510k_summary_pdf,80d894b79dcd7abf944f06341e710a292390d64680224b191eece3d4cb6dcecf,c858ebba14afe819deb3a705769b490b1efdcc93e33c88d517703c38bf3b23b5,2026-06-30T15:01:35+00:00,success,LEGACY_SOURCE_MANIFEST
SRC02675,K191278,https://www.accessdata.fda.gov/scripts/cdrh/cfdocs/cfpmn/pmn.cfm?ID=K191278,fda_database_entry_html,93ee12fc5f1100c6086fb18d8edf37c6d33108f94432be8de53e6a18ab9039f1,84923d2d81b1acd21226b88e6329ce9231439335906d59beb56b10f72d706fb5,2026-06-30T15:01:28+00:00,success,LEGACY_SOURCE_MANIFEST
SRC02676,K191278,https://www.accessdata.fda.gov/cdrh_docs/pdf19/K191278.pdf,510k_summary_pdf,245ccd19f90a9581a35070038a3d940ee6984245be759b47fe8f962b37cf05de,0247b42a5da7ce7af24e7bbd6cdfb7b4779497a49b83a58512a575f578a6b189,2026-06-30T15:01:29+00:00,success,LEGACY_SOURCE_MANIFEST
SRC02677,K191171,https://www.accessdata.fda.gov/scripts/cdrh/cfdocs/cfpmn/pmn.cfm?ID=K191171,fda_database_entry_html,9ed1b2f5470d9898f6adbc9a50a13ebe4dc5d427a962134baedfe25c4a40964c,71484e59f3e7bd01bfcdbca24a3fe83d18e80a609812b4af03b363154ffe209b,2026-06-30T15:01:35+00:00,success,LEGACY_SOURCE_MANIFEST
SRC02678,K191171,https://www.accessdata.fda.gov/cdrh_docs/pdf19/K191171.pdf,510k_summary_pdf,5dbf9de0778c5aa350093da34e3a408e6b3cb98b43c76bc68e9d0ce38b026d70,c0e86128d67e3567ce1cdce6187fefe0cf5ef020f83c19a04ae492742bf6808d,2026-06-30T15:01:37+00:00,success,LEGACY_SOURCE_MANIFEST
SRC02679,K191026,https://www.accessdata.fda.gov/scripts/cdrh/cfdocs/cfpmn/pmn.cfm?ID=K191026,fda_database_entry_html,7593b9aa23f2955f2f333653353ad4c8b1ebe00b56a98d49db0ef40ba09af8e8,1936617ce8982cca5e5cde3cd4018f0618ef371436a30474917a941660d7f21d,2026-06-30T15:01:44+00:00,success,LEGACY_SOURCE_MANIFEST
SRC02680,K191026,https://www.accessdata.fda.gov/cdrh_docs/pdf19/K191026.pdf,510k_summary_pdf,bbf1e01578db2b7ca9fad69b430ac9a1b6acfe81754c00088f6d39a920c11a32,3f4833b759190dc9172686cd9d3eae07b2ca6fd6ec45aa3ddc0e19cc1a427e0b,2026-06-30T15:01:48+00:00,success,LEGACY_SOURCE_MANIFEST
SRC02681,K190868,https://www.accessdata.fda.gov/scripts/cdrh/cfdocs/cfpmn/pmn.cfm?ID=K190868,fda_database_entry_html,200af9e80756fdd8ed77b2cbe19c5b1c917b090756eed40d203d152576d0f68a,54fac146fc5b073af5fdff73831bc9435517dde411c0706a9ac2838c8deaaf7d,2026-06-30T15:01:56+00:00,success,LEGACY_SOURCE_MANIFEST
SRC02682,K190868,https://www.accessdata.fda.gov/cdrh_docs/pdf19/K190868.pdf,510k_summary_pdf,8b53008a29bba68f8d765956855b3a248235543448ef638e222367b23dca1447,6fcce392b71c337be4ebeeedaa3e505b32b41314403032eb1bc2e731edac7d6a,2026-06-30T15:02:04+00:00,success,LEGACY_SOURCE_MANIFEST
SRC02683,K192109,https://www.accessdata.fda.gov/scripts/cdrh/cfdocs/cfpmn/pmn.cfm?ID=K192109,fda_database_entry_html,74d600d81109d9fd1bf6452433510e0e1c528e68c4a58a0c4763cfb8ed95b337,9d6b9bddaba8f7499bf8b28e6710e5731c159f005ffde86f693cbdd991d32be4,2026-06-30T15:01:57+00:00,success,LEGACY_SOURCE_MANIFEST
SRC02684,K192109,https://www.accessdata.fda.gov/cdrh_docs/pdf19/K192109.pdf,510k_summary_pdf,fa85cb6a35f87022a5be94e99385e9f6adef6cffe946a7ebe0836d6503115303,345a5f8bf1a3e388eb2c02285ba588c836904d82700ab836019f776dab76f021,2026-06-30T15:02:01+00:00,success,LEGACY_SOURCE_MANIFEST
SRC02685,K190013,https://www.accessdata.fda.gov/scripts/cdrh/cfdocs/cfpmn/pmn.cfm?ID=K190013,fda_database_entry_html,13c306bbe5c6c95e231075d2624d7908766814502da3d709b56401d6a3ed2e4f,73d8acb3e09b15779af3e3745a00cad46f124885d995c34430ab09394bd30c0d,2026-06-30T15:01:58+00:00,success,LEGACY_SOURCE_MANIFEST
SRC02686,K190013,https://www.accessdata.fda.gov/cdrh_docs/pdf19/K190013.pdf,510k_summary_pdf,d8ddec547f8a41851bc850233665bdae29990d62dd381614dd97034d45549ec6,31055010769b1a9ffaf77cf145399104d5cc5deb936875823aed318f412d709c,2026-06-30T15:02:00+00:00,success,LEGACY_SOURCE_MANIFEST
SRC02687,K190334,https://www.accessdata.fda.gov/scripts/cdrh/cfdocs/cfpmn/pmn.cfm?ID=K190334,fda_database_entry_html,36ab98deac7b97d2b3e8764644463601143a81801879312efc45eefe7507fccc,3ea5a2fdc548a57d32e2c4d4e76d0a0ae2990ee6a5f5d6342020c5c5041e26b1,2026-06-30T15:02:04+00:00,success,LEGACY_SOURCE_MANIFEST
SRC02688,K190334,https://www.accessdata.fda.gov/cdrh_docs/pdf19/K190334.pdf,510k_summary_pdf,bec142603fe8fb50ce694e152f16d8ec5640146dddcd80a118ecf916e7b93dec,63b5b6415e4882ff735744209dd90ac5a4fffdb82ca4b6a72c7c42e637c9d09d,2026-06-30T15:02:07+00:00,success,LEGACY_SOURCE_MANIFEST
SRC02689,K190898,https://www.accessdata.fda.gov/scripts/cdrh/cfdocs/cfpmn/pmn.cfm?ID=K190898,fda_database_entry_html,b3d67152b7ed01f784404bb92d9a7d8c4431f49a7329c42914650926bcf6ed1a,bc849e88ca875f91cba13a7b5b2e7a2e3fb1ba84dfa2fe630c36d32dbd0cb333,2026-06-30T15:02:08+00:00,success,LEGACY_SOURCE_MANIFEST
SRC02690,K190898,https://www.accessdata.fda.gov/cdrh_docs/pdf19/K190898.pdf,510k_summary_pdf,03f01a232a80598e5fa1e00c0a04d08ad979b1c0c46cd7d7aced1b6097990cc3,05e07ea1cbd212d9033a7effcc4d72874063a072045d3c1183e13859620c3db6,2026-06-30T15:02:13+00:00,success,LEGACY_SOURCE_MANIFEST
SRC02691,K183274,https://www.accessdata.fda.gov/scripts/cdrh/cfdocs/cfpmn/pmn.cfm?ID=K183274,fda_database_entry_html,0e0675e181b8a96bc375361fe13343b050c506d41051323c0619c9b6d0d2247d,654bc27ae9b8bbe57906ba7363d8a480c5ffea5eb4385f7ea87a737015afb0d3,2026-06-30T15:02:18+00:00,success,LEGACY_SOURCE_MANIFEST
SRC02692,K183274,https://www.accessdata.fda.gov/cdrh_docs/pdf18/K183274.pdf,510k_summary_pdf,e4d829d52713dbfa6eab138467609c82525470488e1ca5cf0690729c148cffe9,3183593bd4e3b8f51db6b9f5f3b78453cf380570498f9f9b2d28bb20c03345d8,2026-06-30T15:02:24+00:00,success,LEGACY_SOURCE_MANIFEST
SRC02693,K192455,https://www.accessdata.fda.gov/scripts/cdrh/cfdocs/cfpmn/pmn.cfm?ID=K192455,fda_database_entry_html,5a43f1d87e43d1956f961259367ff89b45d52a8023fd0b5cd74d02a916c8fb0f,e334e37644e69a99006559bc9955fe56eb9199c3f1b2317900cbbbcc05673d34,2026-06-30T15:02:31+00:00,success,LEGACY_SOURCE_MANIFEST
SRC02694,K192455,https://www.accessdata.fda.gov/cdrh_docs/pdf19/K192455.pdf,510k_summary_pdf,a8c33176b9c79088c6e78e49ebafd5e079125e3e5054c913446d98b90edf2fca,b4f60bdab2887a1e16e17e574c528073118a32fe7128b9278b7f3f767c72655b,2026-06-30T15:02:36+00:00,success,LEGACY_SOURCE_MANIFEST
SRC02695,K191493,https://www.accessdata.fda.gov/scripts/cdrh/cfdocs/cfpmn/pmn.cfm?ID=K191493,fda_database_entry_html,16e49b5fa19b8b2bb2e2195558b19f7c0990536a81c0bb52ec1ee8b5378f19bd,a0743003ef050d3a833bc80c1de2d8c15e74ca454d9bb3d7324911e528989f60,2026-06-30T15:02:37+00:00,success,LEGACY_SOURCE_MANIFEST
SRC02696,K191493,https://www.accessdata.fda.gov/cdrh_docs/pdf19/K191493.pdf,510k_summary_pdf,7716da88ef8d90139940ef29003e1ab08b8a886ff23b6e70a8158eb76fc11254,676ae0345a44bec23774db900db909913b95b8666e2fe351d0acf38357e15990,2026-06-30T15:02:40+00:00,success,LEGACY_SOURCE_MANIFEST
SRC02697,K191994,https://www.accessdata.fda.gov/scripts/cdrh/cfdocs/cfpmn/pmn.cfm?ID=K191994,fda_database_entry_html,e916fb4bcc7bb754cced32e71a4e8affeb9a856462c085d61757dbdb5e52df74,aeeabf98155a58ea90d98611f216a535b0e17e3c35319e87009ad92811c11612,2026-06-30T15:02:38+00:00,success,LEGACY_SOURCE_MANIFEST
SRC02698,K191994,https://www.accessdata.fda.gov/cdrh_docs/pdf19/K191994.pdf,510k_summary_pdf,f7f24ec309f5f082a2c95d15f822ebcc6ec55ad2f251404343c458c6d5e91a37,427349ae234673aea6e8fd923138206a6b2bbebe8ecbcbbaeae391b70fb2b444,2026-06-30T15:02:39+00:00,success,LEGACY_SOURCE_MANIFEST
SRC02699,K191713,https://www.accessdata.fda.gov/scripts/cdrh/cfdocs/cfpmn/pmn.cfm?ID=K191713,fda_database_entry_html,903d6d959e582dbf5bc8288b43c4d628725885218234258b084d720cda64fc93,df26bf951dc9dc26c0e63eba7ec13b1d78d7973ae3cee631afb06f653eef24f2,2026-06-30T15:02:44+00:00,success,LEGACY_SOURCE_MANIFEST
SRC02700,K191713,https://www.accessdata.fda.gov/cdrh_docs/pdf19/K191713.pdf,510k_summary_pdf,55d65db1792feb2e4bef4ce61b800eb619908fd3a24d54450662fdf2ed660e6e,298f57ee8cbbe374bdcea4e7815f25e3620d7c1087f1a479368e4abfea278e19,2026-06-30T15:02:47+00:00,success,LEGACY_SOURCE_MANIFEST
SRC02701,K192065,https://www.accessdata.fda.gov/scripts/cdrh/cfdocs/cfpmn/pmn.cfm?ID=K192065,fda_database_entry_html,603058898b637f1fa19d588162d33717446b4ebdeaded82de18e2028939263be,d5c50af9da47c944ec0f6cb89189f5df03a7b1fff921247827f0ce315125f8ba,2026-06-30T15:02:54+00:00,success,LEGACY_SOURCE_MANIFEST
SRC02702,K192065,https://www.accessdata.fda.gov/cdrh_docs/pdf19/K192065.pdf,510k_summary_pdf,c232314b5997fd2a1b4a1a3dcfb5d08e4700b68ad016548fb462be31c03adb4d,2a0f4f7c86c1d4d98f6e22a701d8eb949164f54a178fb4a5aa18091d5f99bc28,2026-06-30T15:02:56+00:00,success,LEGACY_SOURCE_MANIFEST
SRC02703,K191688,https://www.accessdata.fda.gov/scripts/cdrh/cfdocs/cfpmn/pmn.cfm?ID=K191688,fda_database_entry_html,197d119fb61a74d4409a8330c951fbe351f7c81e7d6814cfeaae483f40082ecb,116b07af2fe49aff6753c5ed0f206fa0386b1a7881c55f6dc329da91e8e9a7e4,2026-06-30T15:02:56+00:00,success,LEGACY_SOURCE_MANIFEST
SRC02704,K191688,https://www.accessdata.fda.gov/cdrh_docs/pdf19/K191688.pdf,510k_summary_pdf,5d5976e1055f0efd29d9b78cec42f05302ff577625e5112af6273cd09a9720dc,e3f67a2507825e86cab8a7e2a49b816461952834eb3c7c806434a23cd8b1ea06,2026-06-30T15:03:01+00:00,success,LEGACY_SOURCE_MANIFEST
SRC02705,K192304,https://www.accessdata.fda.gov/scripts/cdrh/cfdocs/cfpmn/pmn.cfm?ID=K192304,fda_database_entry_html,3cf54bc45843965b3280c4f94d92f01adc8302883e4ff0af3aa07cce968fddf8,f741cb5ab606fc04361f53d173c71d2a3be036f244c28f10ce1d5bbf923f671e,2026-06-30T15:02:59+00:00,success,LEGACY_SOURCE_MANIFEST
SRC02706,K192304,https://www.accessdata.fda.gov/cdrh_docs/pdf19/K192304.pdf,510k_summary_pdf,9006090ac6e160db4d6931c2613cb1d7bf14a77d59d953f53aa460cd479340b0,1d240db24ab83e9ac642ea6bbe633bdade962c9a0eb126a36e044df965207818,2026-06-30T15:03:00+00:00,success,LEGACY_SOURCE_MANIFEST
SRC02707,K190815,https://www.accessdata.fda.gov/scripts/cdrh/cfdocs/cfpmn/pmn.cfm?ID=K190815,fda_database_entry_html,0ecd0c71b5ab92f8cabeabc7ef56a6909b5623a4085c554f72d2aba18e87d16a,5789e1c99c8e4615ac50d06ea1039924e99ce2e897b193ad7f944599cb8d0cd5,2026-06-30T15:03:04+00:00,success,LEGACY_SOURCE_MANIFEST
SRC02708,K190815,https://www.accessdata.fda.gov/CDRH510K/K190815.pdf,510k_summary_pdf,1965615b836e4e46515662fe67138d0e0400ad94af4618cb70a4f6f5e70bba61,e3b0c44298fc1c149afbf4c8996fb92427ae41e4649b934ca495991b7852b855,2026-06-30T15:03:05+00:00,success,LEGACY_SOURCE_MANIFEST
SRC02709,K190815,https://www.accessdata.fda.gov/cdrh_docs/pdf19/K190815.pdf,510k_summary_pdf,1965615b836e4e46515662fe67138d0e0400ad94af4618cb70a4f6f5e70bba61,e3b0c44298fc1c149afbf4c8996fb92427ae41e4649b934ca495991b7852b855,2026-06-30T15:07:25+00:00,success,LEGACY_SOURCE_MANIFEST
SRC02710,K183370,https://www.accessdata.fda.gov/scripts/cdrh/cfdocs/cfpmn/pmn.cfm?ID=K183370,fda_database_entry_html,c7dc99c5d027079ce09dae7a707e3d672f88aaaebe019f66102e4a27385801f5,83a94ada873992b949ee5ca1fa895c71f9e1077604febb03afd8a0ff7c73d943,2026-06-30T15:03:04+00:00,success,LEGACY_SOURCE_MANIFEST
SRC02711,K183370,https://www.accessdata.fda.gov/cdrh_docs/pdf18/K183370.pdf,510k_summary_pdf,181428e9dbc15870e8690e0416e6bd71912aaca7475763fcea7983c3bcf5a132,c241eecc6b9f6606263e7bf36e1f58272b4292c8245c578831eb26f667f25033,2026-06-30T15:03:08+00:00,success,LEGACY_SOURCE_MANIFEST
SRC02712,K183268,https://www.accessdata.fda.gov/scripts/cdrh/cfdocs/cfpmn/pmn.cfm?ID=K183268,fda_database_entry_html,f7a532939b7bb43b5c9f0ece3f1f4bc00c20a4654b2c3babcc49d9096761ca91,1e37bd535fbfc47fd49797002238e9704d07eea7e846e4ced7cbe5a4fbcad618,2026-06-30T15:03:14+00:00,success,LEGACY_SOURCE_MANIFEST
SRC02713,K183268,https://www.accessdata.fda.gov/cdrh_docs/pdf18/K183268.pdf,510k_summary_pdf,4c32d4031bf3dd99cca13d6b1c9f0b2431b75cc73d8f04489d474bd7a5035d6a,263efa4ec4fe79a6bea60fd4a94a000dcfa9094be47ca99e925484878431068d,2026-06-30T15:03:15+00:00,success,LEGACY_SOURCE_MANIFEST
SRC02714,K191179,https://www.accessdata.fda.gov/scripts/cdrh/cfdocs/cfpmn/pmn.cfm?ID=K191179,fda_database_entry_html,03a1db899c195fff78651123721050b6710fe5dc614a48e495e61127658ed978,20909e3d131e7d493251e50ffb59b453222e8796ee4efa71df0e2a6fe2080f7d,2026-06-30T15:03:16+00:00,success,LEGACY_SOURCE_MANIFEST
SRC02715,K191179,https://www.accessdata.fda.gov/cdrh_docs/pdf19/K191179.pdf,510k_summary_pdf,81882f132a036335ef5c1f432aaef4c71ca0baf25d7292183b1e52814f140224,988ad7dffe82124b609ce57d65c4bde6d646dd6490918d1e15d8da8b84d906be,2026-06-30T15:03:19+00:00,success,LEGACY_SOURCE_MANIFEST
SRC02716,K183489,https://www.accessdata.fda.gov/scripts/cdrh/cfdocs/cfpmn/pmn.cfm?ID=K183489,fda_database_entry_html,a41ebc6301f625ef854b58bbdda809a258f0eaa137bc6df72bb807c2882471dd,a23e3d8a30de12dbe15a48adf4ba4e027e95b4f7c1a242a0a1892975c655bce0,2026-06-30T15:03:18+00:00,success,LEGACY_SOURCE_MANIFEST
SRC02717,K183489,https://www.accessdata.fda.gov/cdrh_docs/pdf18/K183489.pdf,510k_summary_pdf,4e3e0d467d1edbe11857e1d5f2d335c9ef8482fc80f90585c769fbc0fcffaa14,34b6b8def1d6277a0bb5deafa6377574b4f9724bd5add1c885f8728abd1872b7,2026-06-30T15:03:22+00:00,success,LEGACY_SOURCE_MANIFEST
SRC02718,K192107,https://www.accessdata.fda.gov/scripts/cdrh/cfdocs/cfpmn/pmn.cfm?ID=K192107,fda_database_entry_html,c568f05c3c0248c66a4ae0ce2f4d8b8d4d517f5615ddeb5a685a7a6ca9b0a145,6602da86c733af9382e4fec21b3a91a0c3b8f526d181d1201137d0dd993aed05,2026-06-30T15:03:25+00:00,success,LEGACY_SOURCE_MANIFEST
SRC02719,K192107,https://www.accessdata.fda.gov/cdrh_docs/pdf19/K192107.pdf,510k_summary_pdf,5a014e4446efdf0c59657b5ebbe99b74001f79907c2dd55f3cd3a7815db0652f,a7925d7eb2c9f851d08dbe7d52f26fed161891611859eae0f7c39dd041484bd9,2026-06-30T15:03:30+00:00,success,LEGACY_SOURCE_MANIFEST
SRC02720,K190593,https://www.accessdata.fda.gov/scripts/cdrh/cfdocs/cfpmn/pmn.cfm?ID=K190593,fda_database_entry_html,875497a0a80f509295672a3aecf73d9ae8f35e60c058ab9367944c163bf4b847,eb3ebfc0a5d334dbb66bcfbeb5eded0ac6c9fe6354cc2ec47d9ee7356bc0c9f3,2026-06-30T15:03:29+00:00,success,LEGACY_SOURCE_MANIFEST
SRC02721,K190593,https://www.accessdata.fda.gov/cdrh_docs/pdf19/K190593.pdf,510k_summary_pdf,58fd1f60a3645833c135c95c1d98f6dfa6df3f152ee31c9c510370f3d04a9d4b,8b6bbba08c65196081f09ffdd7ee79eb6d098d5961817cd58662ee3f311a5709,2026-06-30T15:03:31+00:00,success,LEGACY_SOURCE_MANIFEST
SRC02722,K190925,https://www.accessdata.fda.gov/scripts/cdrh/cfdocs/cfpmn/pmn.cfm?ID=K190925,fda_database_entry_html,3b6c4043e3a2dfa7bbc0fca8afa71615fa598ce9306dff23d742b7a01761b04f,b8e7daaf5ed00e9b07fa707818a812e0cc972ee2e20f360ae1c80f1b9860b814,2026-06-30T15:03:36+00:00,success,LEGACY_SOURCE_MANIFEST
SRC02723,K190925,https://www.accessdata.fda.gov/cdrh_docs/pdf19/K190925.pdf,510k_summary_pdf,480871214f214efc2595a04387a02157ceae47877e5232ad4fe3dbb8df8bca16,324d2be5b07c83ec0740efe5d789edde9dcb90568b83ee092780c21d43e03342,2026-06-30T15:03:39+00:00,success,LEGACY_SOURCE_MANIFEST
SRC02724,K183282,https://www.accessdata.fda.gov/scripts/cdrh/cfdocs/cfpmn/pmn.cfm?ID=K183282,fda_database_entry_html,d966261e2293964361b476fc795602ef4f0426dc08701cc0c8d8247d5648dbb3,fe12d0e9d7d707c4d8bfbbab3045d3c257a24d316fc01f6d70ce0fa13c4148f8,2026-06-30T15:03:38+00:00,success,LEGACY_SOURCE_MANIFEST
SRC02725,K183282,https://www.accessdata.fda.gov/CDRH510K/K183282.pdf,510k_summary_pdf,,,2026-06-30T15:35:35+00:00,failed,LEGACY_SOURCE_MANIFEST
SRC02726,K183282,https://www.accessdata.fda.gov/cdrh_docs/pdf18/K183282.pdf,510k_summary_pdf,b4dc693e79a3e8ebc56b198d422c9f868fc21064fcbaaebf69456e9d3ef686ed,b37679986928f357800335b51752261a2e5b75a1575b63f2575387deb8b91b6c,2026-06-30T15:03:50+00:00,success,LEGACY_SOURCE_MANIFEST
SRC02727,K183182,https://www.accessdata.fda.gov/scripts/cdrh/cfdocs/cfpmn/pmn.cfm?ID=K183182,fda_database_entry_html,62ffdcbee41f90f5308a4a527a89f37c9bb675b91537ee58ee4fe42b86918b16,151a8938e4da00d0f707a21324092cbe492344df3b3921a83b6268ba59cdc585,2026-06-30T15:03:40+00:00,success,LEGACY_SOURCE_MANIFEST
SRC02728,K183182,https://www.accessdata.fda.gov/cdrh_docs/pdf18/K183182.pdf,510k_summary_pdf,757d6bba29e832d6d2b190af64b0f853973a68ee9030f7b4b53e47fa8c5e93b1,1ceaeb06dd786ff80e971c650902b5d31744a701843ac2c6bec1717520795498,2026-06-30T15:03:44+00:00,success,LEGACY_SOURCE_MANIFEST
SRC02729,K191262,https://www.accessdata.fda.gov/scripts/cdrh/cfdocs/cfpmn/pmn.cfm?ID=K191262,fda_database_entry_html,c21120c76e96f9558a17904490e5ccff509dbfffce6c048cb309aa63589c3981,5d3e3114324ad2ad8b79fe2c1005d64545f932f7f81df63dc529118a740c179e,2026-06-30T15:03:49+00:00,success,LEGACY_SOURCE_MANIFEST
SRC02730,K191262,https://www.accessdata.fda.gov/cdrh_docs/pdf19/K191262.pdf,510k_summary_pdf,e73754e9eec373ab8d2614ca9524a6389f9d612baed7e451c6c552e72441e690,a0708f1c671342a4c804335be6e2d82ecedf0460a8c187e1027e3e3fb1b98bd9,2026-06-30T15:03:53+00:00,success,LEGACY_SOURCE_MANIFEST
SRC02731,K191183,https://www.accessdata.fda.gov/scripts/cdrh/cfdocs/cfpmn/pmn.cfm?ID=K191183,fda_database_entry_html,d591fc8bcf6e07a93bcc66776f1846501a6e769d470a67fe4f724609521442e6,30a042f2c8e7ebeb9c8f9f7315b983628b4b0a94fa9372937517e12a4554f508,2026-06-30T15:03:54+00:00,success,LEGACY_SOURCE_MANIFEST
SRC02732,K191183,https://www.accessdata.fda.gov/cdrh_docs/pdf19/K191183.pdf,510k_summary_pdf,02f6336c6faa3481639929a6efae244da10bada05cc3c5cd155f8508c60d9d27,f8dd7b8304ccfea1df8c98f0420a8fa4465098dd1af6f310dd6f76da5f6cd874,2026-06-30T15:03:58+00:00,success,LEGACY_SOURCE_MANIFEST
SRC02733,K182384,https://www.accessdata.fda.gov/scripts/cdrh/cfdocs/cfpmn/pmn.cfm?ID=K182384,fda_database_entry_html,666a0641f5d414679e2541a72748a9dacbb50f1b80a1a0dd7a5bc28ec29cc325,1060a1f330881a4541e7649128a799d953f8885f681c40352daace85e5ba3451,2026-06-30T15:04:03+00:00,success,LEGACY_SOURCE_MANIFEST
SRC02734,K182384,https://www.accessdata.fda.gov/cdrh_docs/pdf18/K182384.pdf,510k_summary_pdf,447f4a8b3984156a4b23ef944b0c7bb03e1806fcfb123216977ad36877435c34,0f35197417af439287ead7aa81f26e86de72e4c75ac4493ba0459a152c953140,2026-06-30T15:04:05+00:00,success,LEGACY_SOURCE_MANIFEST
SRC02735,K182384,http://www.accessdata.fda.gov/cdrh_docs/reviews/K182384.pdf,510k_summary_pdf,447f4a8b3984156a4b23ef944b0c7bb03e1806fcfb123216977ad36877435c34,0f35197417af439287ead7aa81f26e86de72e4c75ac4493ba0459a152c953140,2026-06-30T15:04:14+00:00,success,LEGACY_SOURCE_MANIFEST
SRC02736,K183271,https://www.accessdata.fda.gov/scripts/cdrh/cfdocs/cfpmn/pmn.cfm?ID=K183271,fda_database_entry_html,524b4eead37651b4d20535206f59622bd6b365f88a553256911a839cb4f78a5a,03b1a1287fd41252ad020db5896f3e57b64426db60a77ac8a6cb5252ad3428e7,2026-06-30T15:04:04+00:00,success,LEGACY_SOURCE_MANIFEST
SRC02737,K183271,https://www.accessdata.fda.gov/cdrh_docs/pdf18/K183271.pdf,510k_summary_pdf,965a14aed3b01f959a7c5d9c5caa4c1b9cdc2fecb798941a9d6e583e54ff2dd9,f9a9e19eda07cf97b0cd84c1bc0fb906c63ae35b90d1d662e83039722894d067,2026-06-30T15:04:05+00:00,success,LEGACY_SOURCE_MANIFEST
SRC02738,K182798,https://www.accessdata.fda.gov/scripts/cdrh/cfdocs/cfpmn/pmn.cfm?ID=K182798,fda_database_entry_html,f456c0c797eed22bf0e50b723c8ebe08c223b89465bd425ec59913f546da0a31,0b40b5be60fd5fb5b79f9be24f9b8badf17cf1848f302735e0cd61bfe1f8077d,2026-06-30T15:04:14+00:00,success,LEGACY_SOURCE_MANIFEST
SRC02739,K182798,https://www.accessdata.fda.gov/cdrh_docs/pdf18/K182798.pdf,510k_summary_pdf,3db6fa87cf12ddf9e7b08e279fab4c67a646dd594faf77867bd39b38bb78aa66,c60bf71e801d713541c8187a40447ab8df38c7a87460c7300dd09bcf4d1b2831,2026-06-30T15:04:15+00:00,success,LEGACY_SOURCE_MANIFEST
SRC02740,K191370,https://www.accessdata.fda.gov/scripts/cdrh/cfdocs/cfpmn/pmn.cfm?ID=K191370,fda_database_entry_html,bd2e4cb510ceff4f7730d13067564aeea1ac4e71975f47160623db0b5e5e912b,debf5f492cde38fc710481bf744da18fcb40136b0590d4ad175b3e8a184aab60,2026-06-30T15:04:17+00:00,success,LEGACY_SOURCE_MANIFEST
SRC02741,K191370,https://www.accessdata.fda.gov/cdrh_docs/pdf19/K191370.pdf,510k_summary_pdf,6f7ef1e51c4fc1d350d25efb504e2289d40d4af7d44d75358babd84bb2b2f11b,06c9f1e627a072c96996790b4668771d3583c3937106a182177dd29fffebbba9,2026-06-30T15:04:18+00:00,success,LEGACY_SOURCE_MANIFEST
SRC02742,K191370,http://www.accessdata.fda.gov/cdrh_docs/reviews/K191370.pdf,510k_summary_pdf,6f7ef1e51c4fc1d350d25efb504e2289d40d4af7d44d75358babd84bb2b2f11b,06c9f1e627a072c96996790b4668771d3583c3937106a182177dd29fffebbba9,2026-06-30T15:04:39+00:00,success,LEGACY_SOURCE_MANIFEST
SRC02743,K191585,https://www.accessdata.fda.gov/scripts/cdrh/cfdocs/cfpmn/pmn.cfm?ID=K191585,fda_database_entry_html,16fefa0131cd1d526d37d86a9e09a10239f26c3b90757c8672942e9666914739,5fd9ebb0a35b91bfcf2e2cd9964ee361bc2d4c7d93fa8e05984ffac030871386,2026-06-30T15:04:22+00:00,success,LEGACY_SOURCE_MANIFEST
SRC02744,K191585,https://www.accessdata.fda.gov/cdrh_docs/pdf19/K191585.pdf,510k_summary_pdf,472e2b9e0364de4606ed131746c122782a2f391c00a1565cf0ddf0e559359035,e05327af49149f18445a5c2974c5f0897d88fce8b01a3205196306913a10cd96,2026-06-30T15:04:25+00:00,success,LEGACY_SOURCE_MANIFEST
SRC02745,K183322,https://www.accessdata.fda.gov/scripts/cdrh/cfdocs/cfpmn/pmn.cfm?ID=K183322,fda_database_entry_html,5a45c078efbc8d6cc7e88352a1177a0875c9b37ae9a037404c7f10224a6f8c71,44cafe5b3b044d6cbfa9b85431234eb2d3d75c6f97eae95e5f8b932272abdf75,2026-06-30T15:04:22+00:00,success,LEGACY_SOURCE_MANIFEST
SRC02746,K183322,https://www.accessdata.fda.gov/cdrh_docs/pdf18/K183322.pdf,510k_summary_pdf,d701c7098f51ce1c37b7169f11726a3fc2157fb356e9740e4dfbe3a766d0baa1,0997e473bd95e22a7e52c5b6a7a265a02ce4b4ddc86e9769861fa09129e253ab,2026-06-30T15:04:27+00:00,success,LEGACY_SOURCE_MANIFEST
SRC02747,K182875,https://www.accessdata.fda.gov/scripts/cdrh/cfdocs/cfpmn/pmn.cfm?ID=K182875,fda_database_entry_html,8b58548d27c29f4ade46741715a52f027cbb55244d701fe246640bf13a57e522,cccefce713cf683ee0d27b531000997cf3d5a538321f63cf6c437539f642e7af,2026-06-30T15:04:30+00:00,success,LEGACY_SOURCE_MANIFEST
SRC02748,K182875,https://www.accessdata.fda.gov/cdrh_docs/pdf18/K182875.pdf,510k_summary_pdf,a8ec95c3054e46ff361d9545ac108a4019486a90b658fd0d7337abc573796f25,4a6b9815dfcfe6b73fe02f25b33bc46ccbfa7f3f34a8fe54e9b69d321a3da756,2026-06-30T15:04:34+00:00,success,LEGACY_SOURCE_MANIFEST
SRC02749,K191384,https://www.accessdata.fda.gov/scripts/cdrh/cfdocs/cfpmn/pmn.cfm?ID=K191384,fda_database_entry_html,14a3955a3f4c0a3989254ff79ba881ac3bbfe0a1f741dcecedfaa963b43967f8,f416ae1f26451ff2800919f9d9ca4ac9b86cff743d88790a981f59f36bc71271,2026-06-30T15:04:37+00:00,success,LEGACY_SOURCE_MANIFEST
SRC02750,K191384,https://www.accessdata.fda.gov/cdrh_docs/pdf19/K191384.pdf,510k_summary_pdf,2208a5a361c3c8b228cf37eab06d6f829b240c3cbb1c62f5bac8a813167aa85b,9cf56e0f2503bfffc00ada0e21866301dc72c0372b6018ea54b79907e9cb4a88,2026-06-30T15:04:41+00:00,success,LEGACY_SOURCE_MANIFEST
SRC02751,K182901,https://www.accessdata.fda.gov/scripts/cdrh/cfdocs/cfpmn/pmn.cfm?ID=K182901,fda_database_entry_html,1767f2c7c00a04c601e7732700b5e12154fb86ff8a2057429f7c3c3bec6ee793,9924de36771327c628060609e090ac0c507154690d5cffaf604847cd761e6f53,2026-06-30T15:04:39+00:00,success,LEGACY_SOURCE_MANIFEST
SRC02752,K182901,https://www.accessdata.fda.gov/cdrh_docs/pdf18/K182901.pdf,510k_summary_pdf,9fae060ef735540447b7b14ce6d1e7ddb75d60b2f65bb1a44e655b234f5b930b,db5a74f0a44f122789523f4868741ed1b3f9fc74ac0e9c3648bbc27f8c19c552,2026-06-30T15:04:43+00:00,success,LEGACY_SOURCE_MANIFEST
SRC02753,K190442,https://www.accessdata.fda.gov/scripts/cdrh/cfdocs/cfpmn/pmn.cfm?ID=K190442,fda_database_entry_html,ac369db65f7735eefe19ae5cbc5b878ada66c7b97d906af9cbbc9fa545adf315,5ad28899f36fdf79bb946c3fa7f15aa12d5f6f0a2cebca0353f3997831ffb49d,2026-06-30T15:04:52+00:00,success,LEGACY_SOURCE_MANIFEST
SRC02754,K190442,https://www.accessdata.fda.gov/cdrh_docs/pdf19/K190442.pdf,510k_summary_pdf,f5d7164ff0690c23c6f1535f9d485789eb2ce5f9fc1640d7190314c3e4a6b5b4,c0d17d2dedb9553b985f1bef8d2cc8d10eea0e4ee2a59cca1e18205c2c5907cc,2026-06-30T15:04:56+00:00,success,LEGACY_SOURCE_MANIFEST
SRC02755,K190017,https://www.accessdata.fda.gov/scripts/cdrh/cfdocs/cfpmn/pmn.cfm?ID=K190017,fda_database_entry_html,b60c85cf48d83f09122772d4d968b55c4a1162ef74d7c9226edf98729ea1c2f0,4fe436201a792a07b4919eb1dd06e611ef25bd21a04fb2d9c2eb84406d2df555,2026-06-30T15:04:53+00:00,success,LEGACY_SOURCE_MANIFEST
SRC02756,K190017,https://www.accessdata.fda.gov/cdrh_docs/pdf19/K190017.pdf,510k_summary_pdf,b473ca6949011fd1de8f6c74f5eaf2eb92815f93dfe31450a9ab687ee311daf8,6a1246fde87206aa2c239b5d26649600b8005253678ad0ed70ceb55ed0865aa3,2026-06-30T15:04:57+00:00,success,LEGACY_SOURCE_MANIFEST
SRC02757,K191194,https://www.accessdata.fda.gov/scripts/cdrh/cfdocs/cfpmn/pmn.cfm?ID=K191194,fda_database_entry_html,9f3402c6ba0c7f92296fefc9f1b6a06880bc8ef95323f9cb94f338739c17de61,8604b8d45e21ce5fd35ad29307d0ec89e1f3742649a5bbac64287a7501a0c145,2026-06-30T15:04:57+00:00,success,LEGACY_SOURCE_MANIFEST
SRC02758,K191194,https://www.accessdata.fda.gov/cdrh_docs/pdf19/K191194.pdf,510k_summary_pdf,03d6d72414dc8511273fa8766a66cf1d8a746325d99ffd1e5211dbcbabe390f6,eabf3d705173326bc1f92f1a5d87feb762d0c968f4e813f129e4f88abe870013,2026-06-30T15:04:59+00:00,success,LEGACY_SOURCE_MANIFEST
SRC02759,K190387,https://www.accessdata.fda.gov/scripts/cdrh/cfdocs/cfpmn/pmn.cfm?ID=K190387,fda_database_entry_html,3310e59e12e6f51d24629b21b4f348b7d583a713e3c0374531a231ffe30eff38,1717f564b7a388d3b03d697663c3d53718b0cb72c2608f8cd05ecbe030655b6f,2026-06-30T15:05:01+00:00,success,LEGACY_SOURCE_MANIFEST
SRC02760,K190387,https://www.accessdata.fda.gov/cdrh_docs/pdf19/K190387.pdf,510k_summary_pdf,2116087263de17c7a1ee2fbbcd8ee08e7f4ad893ee3ae564255ac17aedfd684b,1fb5ebbdeb5a3ef9293349a6c8d0d9d25f69b5659e1f941bca55ea4b49bf8c38,2026-06-30T15:05:05+00:00,success,LEGACY_SOURCE_MANIFEST
SRC02761,K183460,https://www.accessdata.fda.gov/scripts/cdrh/cfdocs/cfpmn/pmn.cfm?ID=K183460,fda_database_entry_html,0cf40b1ac87004f8c2d964db08d5a7ddb5467aff6d216bb42591cbf5b30906b3,b2ad9a91e110b46097a4f125c9b8fc6532b8e174a4c104bbd25169262afc45d9,2026-06-30T15:05:07+00:00,success,LEGACY_SOURCE_MANIFEST
SRC02762,K183460,https://www.accessdata.fda.gov/cdrh_docs/pdf18/K183460.pdf,510k_summary_pdf,53ce72fa26a733db7b008ceecf87ab4d58f4fed3bd21d1b6a2ec4ac46b8d570f,a37b5103269479cc63d3bbd30ecec0c460a1c52660d663bbd3fcd67bb904bab0,2026-06-30T15:05:11+00:00,success,LEGACY_SOURCE_MANIFEST
SRC02763,K190424,https://www.accessdata.fda.gov/scripts/cdrh/cfdocs/cfpmn/pmn.cfm?ID=K190424,fda_database_entry_html,1f1458a3ed6c555215c4dd61a0739718b2c8c8989a6ec72b55fb452ef692abe4,9c970c6ea9cf54b5ede6283379a05b29d5d9a3dafe0a0ae1b87128d5a79d108c,2026-06-30T15:05:09+00:00,success,LEGACY_SOURCE_MANIFEST
SRC02764,K190424,https://www.accessdata.fda.gov/cdrh_docs/pdf19/K190424.pdf,510k_summary_pdf,453ad03ea1c6b14d754e9f27cb7d324c111bdec72a9bd5a6bc48576ed9784cac,e3a55b41670a82964c88c847e320b7c9d0456e5a817ef6ee820bc57bb3aa457e,2026-06-30T15:05:14+00:00,success,LEGACY_SOURCE_MANIFEST
SRC02765,K183046,https://www.accessdata.fda.gov/scripts/cdrh/cfdocs/cfpmn/pmn.cfm?ID=K183046,fda_database_entry_html,2760f6e2a9e0959d90d421be6440b83d0c8fbf0ddf2545d2ea86afee38f5082d,98ec61d1067575dfac1c32e2368a8fda3aec904d6a27e45f1aebacde65b41db5,2026-06-30T15:05:13+00:00,success,LEGACY_SOURCE_MANIFEST
SRC02766,K183046,https://www.accessdata.fda.gov/cdrh_docs/pdf18/K183046.pdf,510k_summary_pdf,7aa614d45a1a2ce18a99d6caf6a0a5190f96b4d1d3c302a49947a1490c0d3daa,3a3b889226783dfc720c8335411aeddd1e730ae5bba8466b8077be46511c676a,2026-06-30T15:05:16+00:00,success,LEGACY_SOURCE_MANIFEST
SRC02767,K190896,https://www.accessdata.fda.gov/scripts/cdrh/cfdocs/cfpmn/pmn.cfm?ID=K190896,fda_database_entry_html,6497681d9f34afdddefd2fcafb1e003dd7e855ffcc23da8f3d915cf7934b950a,1eac55684b11ee2ef953d0a9277559020eb5bc4e5aa07719fefce2996af676a5,2026-06-30T15:05:24+00:00,success,LEGACY_SOURCE_MANIFEST
SRC02768,K190896,https://www.accessdata.fda.gov/cdrh_docs/pdf19/K190896.pdf,510k_summary_pdf,ecc6168c5aa06b0bfb20a7e7f407c33203e7aab869464294c0aa18a9b885e92e,4996847803cb3767e41878be6d8d3a21a6f34d3abefbd9c468e1782e337e19a1,2026-06-30T15:05:28+00:00,success,LEGACY_SOURCE_MANIFEST
SRC02769,K191083,https://www.accessdata.fda.gov/scripts/cdrh/cfdocs/cfpmn/pmn.cfm?ID=K191083,fda_database_entry_html,8fc0dcf3625d47d2fb2ff969dfed4c93ec160fe727f6d099f3827ef53348cbd5,d6e683ca9a31539aa4c62f9d63e5d7377b38fb2b50a6a6851e4b57af7c7279f6,2026-06-30T15:05:29+00:00,success,LEGACY_SOURCE_MANIFEST
SRC02770,K191083,https://www.accessdata.fda.gov/cdrh_docs/pdf19/K191083.pdf,510k_summary_pdf,d24f5e477962b1696fc4005be305ed2c5139450a6b3e6ef0e5d83a1758082b7e,bc4d87e9b016d3bb99ac358f95e4e3c3ad7447b598bae82cb4949dca3a62030a,2026-06-30T15:05:32+00:00,success,LEGACY_SOURCE_MANIFEST
SRC02771,K183646,https://www.accessdata.fda.gov/scripts/cdrh/cfdocs/cfpmn/pmn.cfm?ID=K183646,fda_database_entry_html,7dfb9215e2f92f4b8184a25af2b9d642c29ddf021adb64ff5e1726fa506ed00a,2e181cef05045fb3de4279343e00acdccf0d46c5b2ef985258cd86c06a924003,2026-06-30T15:05:31+00:00,success,LEGACY_SOURCE_MANIFEST
SRC02772,K183646,https://www.accessdata.fda.gov/cdrh_docs/pdf18/K183646.pdf,510k_summary_pdf,03e0e8ef6f49ea07f131d644f31b16d4b307337cd0379f00be3dd821d23878d3,7cc3977b7910a104d817b1a95ecadd06f98ed8b59ec9f7072b115ef5dc3d0211,2026-06-30T15:05:35+00:00,success,LEGACY_SOURCE_MANIFEST
SRC02773,K183648,https://www.accessdata.fda.gov/scripts/cdrh/cfdocs/cfpmn/pmn.cfm?ID=K183648,fda_database_entry_html,ed9f89a5bbdc76e650b2b930da32acaaf1db4d41370c7787360d871251df99d0,7c014197cebb6f5622761f679511922687b510bf71dd287100934f4d2897a2ca,2026-06-30T15:05:32+00:00,success,LEGACY_SOURCE_MANIFEST
SRC02774,K183648,https://www.accessdata.fda.gov/cdrh_docs/pdf18/K183648.pdf,510k_summary_pdf,28111a278eb179e5444216b65951ec485a0428d06c484eb6d8fc5197ae1f8be3,aee6e6cd75a3d45a48d0d93b5a31f0bf26c279f95e09f0fa9818c096795a5949,2026-06-30T15:05:35+00:00,success,LEGACY_SOURCE_MANIFEST
SRC02775,K183648,http://www.accessdata.fda.gov/cdrh_docs/reviews/K183648.pdf,510k_summary_pdf,28111a278eb179e5444216b65951ec485a0428d06c484eb6d8fc5197ae1f8be3,aee6e6cd75a3d45a48d0d93b5a31f0bf26c279f95e09f0fa9818c096795a5949,2026-06-30T15:06:04+00:00,success,LEGACY_SOURCE_MANIFEST
SRC02776,K190764,https://www.accessdata.fda.gov/scripts/cdrh/cfdocs/cfpmn/pmn.cfm?ID=K190764,fda_database_entry_html,09545392278dd6b21446c7c22f360057f33f268b5a3c39553c9c077a5042fca8,804d7c86fa88cbc309f9a68f9351ee4a70df92a2a792f9a173ec792c5494d138,2026-06-30T15:05:36+00:00,success,LEGACY_SOURCE_MANIFEST
SRC02777,K190764,https://www.accessdata.fda.gov/cdrh_docs/pdf19/K190764.pdf,510k_summary_pdf,f4bc031e0df9e5556ec4f680ad7d508e04f52853aa40ee885313ecfc81dcbb17,b6afa35591b364a69fa633dbaae97e4bfbd45f463fbd40a91bdd8a271e37b61b,2026-06-30T15:05:41+00:00,success,LEGACY_SOURCE_MANIFEST
SRC02778,K190362,https://www.accessdata.fda.gov/scripts/cdrh/cfdocs/cfpmn/pmn.cfm?ID=K190362,fda_database_entry_html,6d5ba60ab5dc77fe555b4fa8c9e51c3bd92379f07f4d7ef5f3ab031ddcd399a9,f6e600f4116c44a682f4e3864777b39cc55ed6532e3d4c577c1d5c7a34a0d472,2026-06-30T15:05:37+00:00,success,LEGACY_SOURCE_MANIFEST
SRC02779,K190362,https://www.accessdata.fda.gov/cdrh_docs/pdf19/K190362.pdf,510k_summary_pdf,fd7d5ac40a9b13ed1a260d93769521c73f99c88bcfb1cb45b5fc34ffd37e3ca3,70a5c27f09f9cb24592dcf06f3444e701aeeb9e58846b8f32a05e7c57886cc0e,2026-06-30T15:05:43+00:00,success,LEGACY_SOURCE_MANIFEST
SRC02780,K182513,https://www.accessdata.fda.gov/scripts/cdrh/cfdocs/cfpmn/pmn.cfm?ID=K182513,fda_database_entry_html,1ed1a891251d4a3aaf9f575de3d5d1e40b89d97afe5a1a6a982d6322775c0bdc,8ae1f72359ba81e8fcb468cb8d8352583db94e9b90bcdd2f4d6f4aa80281b2b6,2026-06-30T15:05:47+00:00,success,LEGACY_SOURCE_MANIFEST
SRC02781,K182513,https://www.accessdata.fda.gov/cdrh_docs/pdf18/K182513.pdf,510k_summary_pdf,015848391069b19c9f1c41186c476e5ce076d8389a1b84d9363b6b5a08bf9d51,85926c633be9b3925d53bc0ca2e4f45835397a0d8928586d157b4c023ed6a329,2026-06-30T15:05:55+00:00,success,LEGACY_SOURCE_MANIFEST
SRC02782,K182513,http://www.accessdata.fda.gov/cdrh_docs/reviews/K182513.pdf,510k_summary_pdf,015848391069b19c9f1c41186c476e5ce076d8389a1b84d9363b6b5a08bf9d51,85926c633be9b3925d53bc0ca2e4f45835397a0d8928586d157b4c023ed6a329,2026-06-30T15:06:01+00:00,success,LEGACY_SOURCE_MANIFEST
SRC02783,K183593,https://www.accessdata.fda.gov/scripts/cdrh/cfdocs/cfpmn/pmn.cfm?ID=K183593,fda_database_entry_html,f298119c65075782188353e7dd3c017a41f874f3cb98cbc552618af9e6c013d9,3220a9bd525b902621a4b38bf400ad15e51bd1d4f21ae0fe28e6442b55988d93,2026-06-30T15:05:49+00:00,success,LEGACY_SOURCE_MANIFEST
SRC02784,K183593,https://www.accessdata.fda.gov/cdrh_docs/pdf18/K183593.pdf,510k_summary_pdf,13443804fae10afab5aecb7e3fe33aa2a05eb0f2d6e61bfff0746a57f4a89a84,ea2debd086af4eb5c87ff188ac93f618cc2e4c84ce649c749869704f3151c705,2026-06-30T15:05:54+00:00,success,LEGACY_SOURCE_MANIFEST
SRC02785,K181988,https://www.accessdata.fda.gov/scripts/cdrh/cfdocs/cfpmn/pmn.cfm?ID=K181988,fda_database_entry_html,6d5eb66729199e664ed3c74237c03633c0df89de01aa9641d33c2a615f9797fc,183fe7ca17bb5884bc75d47911c816044883e4796ebcadf01e54bd513a33a0be,2026-06-30T15:06:01+00:00,success,LEGACY_SOURCE_MANIFEST
SRC02786,K181988,https://www.accessdata.fda.gov/cdrh_docs/pdf18/K181988.pdf,510k_summary_pdf,eafc2077d121e3965e44fdf5846c3eac876c2d0d09b9e603d5705a68da5e3882,e7c79de1dc26c874e0c11ee58f7a3ea5f0c4fa702910ca73cedef4d2207fa0d9,2026-06-30T15:06:02+00:00,success,LEGACY_SOURCE_MANIFEST
SRC02787,K190072,https://www.accessdata.fda.gov/scripts/cdrh/cfdocs/cfpmn/pmn.cfm?ID=K190072,fda_database_entry_html,72b1b4611d46542993c99b5406579869bc63030724b012af93258bb41ec58528,b103290bb0590809e6471842397d742551a9d1bf6e05dbbaeee8ced36014be76,2026-06-30T15:06:04+00:00,success,LEGACY_SOURCE_MANIFEST
SRC02788,K190072,https://www.accessdata.fda.gov/cdrh_docs/pdf19/K190072.pdf,510k_summary_pdf,8a1df24573cc28ee4f84b93138332d45d497e4ad21a7573e9a0dff6fd1a997b9,9510ea26b872b487a7329359a914e61fa64aab54667f2c1b0eefdd26b11f11f8,2026-06-30T15:06:10+00:00,success,LEGACY_SOURCE_MANIFEST
SRC02789,K183202,https://www.accessdata.fda.gov/scripts/cdrh/cfdocs/cfpmn/pmn.cfm?ID=K183202,fda_database_entry_html,5dc534985f30488ff9687a8f05de8501d56a44e7ad1ff4b1b4facd467ee0bf97,541fa89fcefdde0c31fa52160201c8fcaa6bfdbee04140b9c3895f42a6ae2d04,2026-06-30T15:06:04+00:00,success,LEGACY_SOURCE_MANIFEST
SRC02790,K183202,https://www.accessdata.fda.gov/cdrh_docs/pdf18/K183202.pdf,510k_summary_pdf,a44274461c756b451d33802afa6b851c1fdf569912b459cf15995c546344d1eb,76d85985fafb6b13cc96c83cb157b043122d56cdb23656ea06dfb4a67191f5bd,2026-06-30T15:06:07+00:00,success,LEGACY_SOURCE_MANIFEST
SRC02791,K183204,https://www.accessdata.fda.gov/scripts/cdrh/cfdocs/cfpmn/pmn.cfm?ID=K183204,fda_database_entry_html,77367a0c3c9768174be66b302c42989b70ba358c199a6b52c1d99cd593c8e271,a1b91a84d233e5d332d713f35b6e4bab994154d8df4c41bad6f937b8fe35a3ce,2026-06-30T15:06:11+00:00,success,LEGACY_SOURCE_MANIFEST
SRC02792,K183204,https://www.accessdata.fda.gov/cdrh_docs/pdf18/K183204.pdf,510k_summary_pdf,abdcbb7c7bc44d974194290073f397226368fb8208ccc642fa636a44cf33fb65,b22a5159922aefeb07798de115243d29ca4e9dd6025dcf8e4b0789126186a08e,2026-06-30T15:06:17+00:00,success,LEGACY_SOURCE_MANIFEST
SRC02793,K181352,https://www.accessdata.fda.gov/scripts/cdrh/cfdocs/cfpmn/pmn.cfm?ID=K181352,fda_database_entry_html,f0934a0e7dc45115efd232734080088fd8929eb3f359c3cbb4457a316baaa702,ea861115316a6f154bdf674d1f42d15807642af6a08987d25542248c180a32a5,2026-06-30T15:06:18+00:00,success,LEGACY_SOURCE_MANIFEST
SRC02794,K181352,https://www.accessdata.fda.gov/cdrh_docs/pdf18/K181352.pdf,510k_summary_pdf,839aadc90250d68ebf1510266e8c0114c69506f0250966c97018bafa7d068a08,ae1c9c4d84cedf90573b04fa1a703e4ab0ae468043fe999fd777aeaf078b0750,2026-06-30T15:06:24+00:00,success,LEGACY_SOURCE_MANIFEST
SRC02795,K183019,https://www.accessdata.fda.gov/scripts/cdrh/cfdocs/cfpmn/pmn.cfm?ID=K183019,fda_database_entry_html,dfee12232ea3ee3e5c10cce45169c8cac277677320d7bca2307f8ecbce11b3ed,e70f137e8ba8b971e582ad9c3802cc4d69096776f30fed35954703ee1e6ab052,2026-06-30T15:06:23+00:00,success,LEGACY_SOURCE_MANIFEST
SRC02796,K183019,https://www.accessdata.fda.gov/cdrh_docs/pdf18/K183019.pdf,510k_summary_pdf,373dbb4ab8d4d287f0f25c9d5090c2a657c88a7c25aa3f9087cb76538e35ab47,75c7e9ef6c0c6601f7fcfc0239a57344411c781064416d681a358bf4d9ff7875,2026-06-30T15:06:28+00:00,success,LEGACY_SOURCE_MANIFEST
SRC02797,K181823,https://www.accessdata.fda.gov/scripts/cdrh/cfdocs/cfpmn/pmn.cfm?ID=K181823,fda_database_entry_html,f11f8792749c1148092c205b362f10ce965881205a6fe7f1306da7e62a64808b,04a10c3d22e0f4f6bb0217868ac8951af7dfc22c2e09067a26821a1f8296b355,2026-06-30T15:06:24+00:00,success,LEGACY_SOURCE_MANIFEST
SRC02798,K181823,https://www.accessdata.fda.gov/cdrh_docs/pdf18/K181823.pdf,510k_summary_pdf,21e7ec6c475a2c96b636ca2c4bbfbf7d4fddcc98e90adf05b03563d6295f61cb,b08bb52dad4c5faf677d2c509f92e288fe64dd108fe488a5dd7aeff9e78cc120,2026-06-30T15:06:28+00:00,success,LEGACY_SOURCE_MANIFEST
SRC02799,K183285,https://www.accessdata.fda.gov/scripts/cdrh/cfdocs/cfpmn/pmn.cfm?ID=K183285,fda_database_entry_html,99fceba0a7f377090b21d39c668f7d2c6891845a708851459cb49f0388730329,c171db10a178b09ab4971fe7f30fde07d6aefcabebed17d4b626b9faaf6070da,2026-06-30T15:06:29+00:00,success,LEGACY_SOURCE_MANIFEST
SRC02800,K183285,https://www.accessdata.fda.gov/cdrh_docs/pdf18/K183285.pdf,510k_summary_pdf,b818409f51c709c7ce92b42ec056355c9bfadef6f49d14661cb0bea6a87b6259,bb3b223fc90d7f775d05a9b2d5c224833838e2920f781a0ae5b1da32a26b884f,2026-06-30T15:06:35+00:00,success,LEGACY_SOURCE_MANIFEST
SRC02801,K182344,https://www.accessdata.fda.gov/scripts/cdrh/cfdocs/cfpmn/pmn.cfm?ID=K182344,fda_database_entry_html,083b8531c45255618e99039f3b4bc7dee463f99cfaea738b00cd68c3a775fb6b,9d04324126bc10c338d3336379c0968b9b24c0f334429b8abf3fe28733aa4ab8,2026-06-30T15:06:39+00:00,success,LEGACY_SOURCE_MANIFEST
SRC02802,K182344,https://www.accessdata.fda.gov/cdrh_docs/pdf18/K182344.pdf,510k_summary_pdf,2694dd653796f891edcdf1024a0d1d6ecf7e19a54efa345801101574a4857a87,71eb485003033467982638efd26f10498cec1fe81a99771699184044cebb196f,2026-06-30T15:06:42+00:00,success,LEGACY_SOURCE_MANIFEST
SRC02803,K183704,https://www.accessdata.fda.gov/scripts/cdrh/cfdocs/cfpmn/pmn.cfm?ID=K183704,fda_database_entry_html,b673df710eadaf822fa2ccd09a9febfed316529f9c820e2e481d589986581588,fab177ad99090c002c906395107e8ae84b17e1aa85a07b1974aac812d5cfa305,2026-06-30T15:06:40+00:00,success,LEGACY_SOURCE_MANIFEST
SRC02804,K183704,https://www.accessdata.fda.gov/cdrh_docs/pdf18/K183704.pdf,510k_summary_pdf,b13755612291b4196f1bc12d68f2e0c01f9df7b4a2dab1a170c4c8e585d5c5b3,56d28554c79ea1159d1ecf9cdb95786c0e01643d1469e1265cb18201a1344308,2026-06-30T15:06:44+00:00,success,LEGACY_SOURCE_MANIFEST
SRC02805,K181916,https://www.accessdata.fda.gov/scripts/cdrh/cfdocs/cfpmn/pmn.cfm?ID=K181916,fda_database_entry_html,8d67a4ae33aeb84ee59ef2de86773037ab53fc6bc1a4e8e81cadfecb4f83349f,77414abb30a72f854627180a6ce45344c91ef94b6c1d60edc1c28249e2204104,2026-06-30T15:06:40+00:00,success,LEGACY_SOURCE_MANIFEST
SRC02806,K181916,https://www.accessdata.fda.gov/cdrh_docs/pdf18/K181916.pdf,510k_summary_pdf,660ca39e7e17a7f588eebaac799743483ce7991ef8687f6f33fc9ede35657e3c,712cf845dc76607f8de26cd3b30d7616cbec8aaefb968c855f4a0d09bb94efbf,2026-06-30T15:06:44+00:00,success,LEGACY_SOURCE_MANIFEST
SRC02807,K183272,https://www.accessdata.fda.gov/scripts/cdrh/cfdocs/cfpmn/pmn.cfm?ID=K183272,fda_database_entry_html,9ebc7a72fd367b1d9b5ca4d36e75f6fbbf82cc489acbc1dbf0edffeeb1eda716,718f2dfb904159dfb134d7978ce0e807854fe39a85453000cd398c7e35ef3700,2026-06-30T15:06:46+00:00,success,LEGACY_SOURCE_MANIFEST
SRC02808,K183272,https://www.accessdata.fda.gov/cdrh_docs/pdf18/K183272.pdf,510k_summary_pdf,78f590741dbe8127ac11c6055f1992916163c3a990de1fb09943a47322e07de2,76ed998e63811ee1b7e520ede6e41ac1aebfa8b9d361b1e511f8d0179bd02bc7,2026-06-30T15:06:47+00:00,success,LEGACY_SOURCE_MANIFEST
SRC02809,K183231,https://www.accessdata.fda.gov/scripts/cdrh/cfdocs/cfpmn/pmn.cfm?ID=K183231,fda_database_entry_html,60127235211f555916a3ccec70942ebbde7b2ef8883c1d5ed08c178e6c873d79,f3cb5a47cef97452ea482fc85e316effb17320d7cc9b8ef770d1d82416d22af5,2026-06-30T15:06:51+00:00,success,LEGACY_SOURCE_MANIFEST
SRC02810,K183231,https://www.accessdata.fda.gov/cdrh_docs/pdf18/K183231.pdf,510k_summary_pdf,746c133ac03f01a9e0233e90272a7f79bd51abd54ec1aeca80caf804b76dcc27,aded9d4d150326253e9003d2a74037a539247bd055f94bc56e454e3573dfcc1f,2026-06-30T15:06:54+00:00,success,LEGACY_SOURCE_MANIFEST
SRC02811,K182456,https://www.accessdata.fda.gov/scripts/cdrh/cfdocs/cfpmn/pmn.cfm?ID=K182456,fda_database_entry_html,dbca4df3767be5076990bba3a62bccb8221b9efe55971705ea58dc1e1c9dd0af,50fb22235f4ab1387df7b2ce28df6357918f9e0da9905a39873abb4bf28d113e,2026-06-30T15:06:53+00:00,success,LEGACY_SOURCE_MANIFEST
SRC02812,K182456,https://www.accessdata.fda.gov/cdrh_docs/pdf18/K182456.pdf,510k_summary_pdf,1b4069a997e629f6b9a55ce5854968095c27fd64e1b51ba86b1b716028b6c773,f502fe54e0408b458bdbae8691e64371c81ab8b8adebf692c085803a39a5684b,2026-06-30T15:06:58+00:00,success,LEGACY_SOURCE_MANIFEST
SRC02813,K183133,https://www.accessdata.fda.gov/scripts/cdrh/cfdocs/cfpmn/pmn.cfm?ID=K183133,fda_database_entry_html,44101c53914decacbca24349ed40448e42c7868846fb00c8b484857efcd6b254,8d6da6a7d4f66dfb305b6f5d95566b4d36763ab4ce3378f725f6ece84b4efa74,2026-06-30T15:06:58+00:00,success,LEGACY_SOURCE_MANIFEST
SRC02814,K183133,https://www.accessdata.fda.gov/cdrh_docs/pdf18/K183133.pdf,510k_summary_pdf,667be2ad42db30aae77be127cbda250712c275e6d419346d190c24df4ae53668,893fc9fbcdbb8db018f44e39326cba4b0d05dce1d34b06be1258dc455048b091,2026-06-30T15:07:02+00:00,success,LEGACY_SOURCE_MANIFEST
SRC02815,K180867,https://www.accessdata.fda.gov/scripts/cdrh/cfdocs/cfpmn/pmn.cfm?ID=K180867,fda_database_entry_html,6e0bdff77f0faa26203bd767865046abd2c52d6b73fd0219c6188e3ed982f8d1,fe414062ab9ed6403fbd02cd647633b78124fc8165193cb16ed3560f7b67a296,2026-06-30T15:07:02+00:00,success,LEGACY_SOURCE_MANIFEST
SRC02816,K180867,https://www.accessdata.fda.gov/cdrh_docs/pdf18/K180867.pdf,510k_summary_pdf,0f83c84d2136f112e35455cacc727d9aa27ed8c29d11cc349f979f301f5c40aa,c2dbb24dc3a5075105aeb9c7143a2fd1b734ee2a5a6335552329a5a1dc65340c,2026-06-30T15:07:10+00:00,success,LEGACY_SOURCE_MANIFEST
SRC02817,DEN170091,https://www.accessdata.fda.gov/scripts/cdrh/cfdocs/cfpmn/denovo.cfm?ID=DEN170091,fda_database_entry_html,972e89ab15977c9b0e6c4c46fcc2be47b9a53e194a8c77003d9112d9028701af,cd7b748ff0661d3f59c086a35cf5677ce493954e2008000cf7f338bb89e373ac,2026-06-30T15:07:06+00:00,success,LEGACY_SOURCE_MANIFEST
SRC02818,DEN170091,https://www.accessdata.fda.gov/cdrh_docs/pdf17/DEN170091.pdf,approval_order_pdf,3a0fb557c84287706d170e123aa7398f2017fe25bbc7fdb5cb8b8a3b37433e15,5228aec10a4614fc24755443c77405984b656278c41f89ebb6b14ba4c2b94886,2026-06-30T15:07:07+00:00,success,LEGACY_SOURCE_MANIFEST
SRC02819,DEN170091,http://www.accessdata.fda.gov/cdrh_docs/reviews/DEN170091.pdf,de_novo_summary_pdf,769765d52a04991cf481ea97620f71ab80f45b6fc7d5d9a384dcbe9a36f6836d,ded85521195f3c101508761ffaa4bfc93229ae32e4d0b2149aa01562f9aa0d8a,2026-06-30T15:07:11+00:00,success,LEGACY_SOURCE_MANIFEST
SRC02820,K182564,https://www.accessdata.fda.gov/scripts/cdrh/cfdocs/cfpmn/pmn.cfm?ID=K182564,fda_database_entry_html,0d94ce8b1dd8061130852d1ba32168aae2ea936b45d7b691aae40cb7683286ec,6a81c34139c909325c7a9e7636a63072794d579f2a69a8f2ebb965765de8bf2b,2026-06-30T15:07:06+00:00,success,LEGACY_SOURCE_MANIFEST
SRC02821,K182564,https://www.accessdata.fda.gov/cdrh_docs/pdf18/K182564.pdf,510k_summary_pdf,575ce0b0f0ab7cc0f0adc08ff75127526010e54533e2df2142e32d9198dab09c,353bdefbc9827c4bdec490471f68f893b01c76b81b9288f564360e166e122c95,2026-06-30T15:07:08+00:00,success,LEGACY_SOURCE_MANIFEST
SRC02822,K182130,https://www.accessdata.fda.gov/scripts/cdrh/cfdocs/cfpmn/pmn.cfm?ID=K182130,fda_database_entry_html,66561761f2dc69b54883f9757f622da3881dc071270f509dce6dae967a7f8a28,e3401aa59158b01e708895c0ca42e0f805fc0a151b1824576dc35427738c13db,2026-06-30T15:07:11+00:00,success,LEGACY_SOURCE_MANIFEST
SRC02823,K182130,https://www.accessdata.fda.gov/cdrh_docs/pdf18/K182130.pdf,510k_summary_pdf,83c267d8f03b75a13345eebb8035a72051c2ebed3ef9ef6c07e82a4ff6502ed8,44fc779ea91f0ed68bb8d12b1acc5573bc94f3ef563080c45f4f20b196b893f2,2026-06-30T15:07:14+00:00,success,LEGACY_SOURCE_MANIFEST
SRC02824,K183012,https://www.accessdata.fda.gov/scripts/cdrh/cfdocs/cfpmn/pmn.cfm?ID=K183012,fda_database_entry_html,5ebe5896677f41d22bc545f15d6565ecb799c2993ad80e0746b98d4a1acf343e,6437ff428f9bc05c62503d4fd3153e28128c9ecb38f55e6971f4cee7770e6e3d,2026-06-30T15:07:17+00:00,success,LEGACY_SOURCE_MANIFEST
SRC02825,K183012,https://www.accessdata.fda.gov/cdrh_docs/pdf18/K183012.pdf,510k_summary_pdf,7d9c29062ffc7c59cb6e7584a177b47bfb3b1f901f3e2dfbb210392141f855fe,eabc8795f4413f5f1d123c6d9736df94ae90b4e6dba92051bfb5dcc9a85b186e,2026-06-30T15:07:20+00:00,success,LEGACY_SOURCE_MANIFEST
SRC02826,K181861,https://www.accessdata.fda.gov/scripts/cdrh/cfdocs/cfpmn/pmn.cfm?ID=K181861,fda_database_entry_html,4c4549bba5d0658845e7c1b971876bc6a509d5a1d894b7f63a33814c6c7fcb0e,e7c81895b5d367f419f8a78b633b23e7590cf94ebaa037d9562e8e41fd7f072e,2026-06-30T15:07:19+00:00,success,LEGACY_SOURCE_MANIFEST
SRC02827,K181861,https://www.accessdata.fda.gov/cdrh_docs/pdf18/K181861.pdf,510k_summary_pdf,c0afe21a85155d8b5bdf71e2d966c8458d2eb944095b2124557062309f0fbd3a,fbd371ed824fb4838724e972376e2be10131cd016c8b58bc1fa9178be75e70e8,2026-06-30T15:07:20+00:00,success,LEGACY_SOURCE_MANIFEST
SRC02828,K182149,https://www.accessdata.fda.gov/scripts/cdrh/cfdocs/cfpmn/pmn.cfm?ID=K182149,fda_database_entry_html,d2a23c32c9a2088ec074755c4603d8d3c0d1abfc28dbb7ecf9c55dd8a9c6775e,6ed1a9b2c5809c37ed5e52a0ea9a224820c4bf84bf0034e43cd01b099237eb33,2026-06-30T15:07:25+00:00,success,LEGACY_SOURCE_MANIFEST
SRC02829,K182149,https://www.accessdata.fda.gov/cdrh_docs/pdf18/K182149.pdf,510k_summary_pdf,0ec0924dae4be5a090be231b927f8841c595073709f7ab30b890cbc5ae5a1dfe,e646f08a1be7a3e78f8cc7b6f24028d86512ca5e6eb7982dc864a391f3442583,2026-06-30T15:07:31+00:00,success,LEGACY_SOURCE_MANIFEST
SRC02830,K182790,https://www.accessdata.fda.gov/scripts/cdrh/cfdocs/cfpmn/pmn.cfm?ID=K182790,fda_database_entry_html,5e7fe03d2160273e9761a5222f3cc3bcb44674a6b519ea636410b7171df9a663,5f667a945b25b0b4641a1f0d122250aea9e56014267dc3b25eee92381290ebd9,2026-06-30T15:07:30+00:00,success,LEGACY_SOURCE_MANIFEST
SRC02831,K182790,https://www.accessdata.fda.gov/cdrh_docs/pdf18/K182790.pdf,510k_summary_pdf,8e896963803ab56b64ef6ef0d14321fb9b7403d1b97f081785837e8928ff3ef7,5ba0e94b0e3e10837d8c3a16eced00bdd306cb3b8920c7faa5b5cc8d6db74c0c,2026-06-30T15:07:32+00:00,success,LEGACY_SOURCE_MANIFEST
SRC02832,K182419,https://www.accessdata.fda.gov/scripts/cdrh/cfdocs/cfpmn/pmn.cfm?ID=K182419,fda_database_entry_html,5ff632779f5b4165e264bb03bb302ffa65d568503c6fa85da037358cb0471767,bd9b61f09e7ff41ff6a8b11dec9c2d6bfa71146f42d1b5c9eb007d6990b0079c,2026-06-30T15:07:33+00:00,success,LEGACY_SOURCE_MANIFEST
SRC02833,K182419,https://www.accessdata.fda.gov/cdrh_docs/pdf18/K182419.pdf,510k_summary_pdf,286e0c05dbb59989323a5bebe5394a1921abb17a83b82c0a0f325a1c4686fc56,9611af5d9db7357d01b3125dddcffb9f7fd72f4c37c4e607e11207c7af58ffbe,2026-06-30T15:07:37+00:00,success,LEGACY_SOURCE_MANIFEST
SRC02834,K182035,https://www.accessdata.fda.gov/scripts/cdrh/cfdocs/cfpmn/pmn.cfm?ID=K182035,fda_database_entry_html,44dbc663a02afec9b75ede4a372d66ebeb91a60f16fa68fd5a12b8c64490e560,62c373ba297f884bc0f89bb980d20366ca34e6b04c06e6e95311125771a9d5eb,2026-06-30T15:07:36+00:00,success,LEGACY_SOURCE_MANIFEST
SRC02835,K182035,https://www.accessdata.fda.gov/cdrh_docs/pdf18/K182035.pdf,510k_summary_pdf,6fc152c0de66b039145debfd3f019712824f858cb14c773fed22696d73ee9ad5,b6f5cf09e027791c4a5f8be93ab2a95e6230a8d7e17eccd29d450ceacdade513,2026-06-30T15:07:38+00:00,success,LEGACY_SOURCE_MANIFEST
SRC02836,K182373,https://www.accessdata.fda.gov/scripts/cdrh/cfdocs/cfpmn/pmn.cfm?ID=K182373,fda_database_entry_html,994ae17467562568bb144e35b394068dce21c34dd466112fe3ab27f9ff4aa8d2,b70bd9fe68bdb6859fa7a96c8346ed6e8238b2e9c851170e87f724adc9369b9f,2026-06-30T15:07:37+00:00,success,LEGACY_SOURCE_MANIFEST
SRC02837,K182373,https://www.accessdata.fda.gov/cdrh_docs/pdf18/K182373.pdf,510k_summary_pdf,e1144f84a77796ec949d8680d10509b1ceaa01f79880bee6c262f18aa12348e4,a189616d7b9298c7334adcee5fbf7d66c19ecf01c86e6b4079b0164cdea64435,2026-06-30T15:07:41+00:00,success,LEGACY_SOURCE_MANIFEST
SRC02838,K173749,https://www.accessdata.fda.gov/scripts/cdrh/cfdocs/cfpmn/pmn.cfm?ID=K173749,fda_database_entry_html,e08d50cee98f85bb5a2c33b0f2144e24569c9834c6b386055c612b1fdfd25a1a,db20b2b0413dc52f830354c9397bc42995fb82fa470cab02ad5ddef723de960a,2026-06-30T15:07:37+00:00,success,LEGACY_SOURCE_MANIFEST
SRC02839,K173749,https://www.accessdata.fda.gov/cdrh_docs/pdf17/K173749.pdf,510k_summary_pdf,0dd27d97a1661fa64dcb57aaeca9b5174b6152b154738f699037c64d391402ef,08f5503bc386c4c9a786e73248a5117ebf64519174ded9c0390b1ebe03414d86,2026-06-30T15:07:42+00:00,success,LEGACY_SOURCE_MANIFEST
SRC02840,K182218,https://www.accessdata.fda.gov/scripts/cdrh/cfdocs/cfpmn/pmn.cfm?ID=K182218,fda_database_entry_html,5508f83d5f082ff0e2da99fe3c264842377f9eb57d55914f1cb630b1e132ee2f,dbad68862897da6c1c17e0a51ece560ea688eaf87f4419a370756d6cd5d9ed19,2026-06-30T15:07:42+00:00,success,LEGACY_SOURCE_MANIFEST
SRC02841,K182218,https://www.accessdata.fda.gov/cdrh_docs/pdf18/K182218.pdf,510k_summary_pdf,4e15bf33dccdffad2db52c4bfbda4c019de572ff3378431e4a23d3dfe88cbf91,013d240813ce064b4a19c69897fac38b83f94f7bcd734d4a4daa8f0509ca32c0,2026-06-30T15:07:43+00:00,success,LEGACY_SOURCE_MANIFEST
SRC02842,K182336,https://www.accessdata.fda.gov/scripts/cdrh/cfdocs/cfpmn/pmn.cfm?ID=K182336,fda_database_entry_html,3834219d07893ebfd65fb98e20d648217b4362f9e100d8594db411cb35799a47,38f88462d188cb8bf1032bcb1679b01aa15ba05da5b5e323b150e9711cc19adf,2026-06-30T15:07:45+00:00,success,LEGACY_SOURCE_MANIFEST
SRC02843,K182336,https://www.accessdata.fda.gov/cdrh_docs/pdf18/K182336.pdf,510k_summary_pdf,4bfba897b12a9949574eb89dbf20ed79db7c228e1fc3c4b0c1ac708273725441,038422c33c516ebf8a32498c197b135373ff281024f7bff145317a687a66d0aa,2026-06-30T15:07:50+00:00,success,LEGACY_SOURCE_MANIFEST
SRC02844,K182181,https://www.accessdata.fda.gov/scripts/cdrh/cfdocs/cfpmn/pmn.cfm?ID=K182181,fda_database_entry_html,9645b1014a8315d47727b4dd548cff96c3b315b6dee36a641a309016a331267f,c23240c475ee3e2e53ff1e03e08f185ef1a029937a63ecab5a6525a3e254be1f,2026-06-30T15:07:46+00:00,success,LEGACY_SOURCE_MANIFEST
SRC02845,K182181,https://www.accessdata.fda.gov/cdrh_docs/pdf18/K182181.pdf,510k_summary_pdf,69fec54df6aaaab03e637a1ba49e4dbae906b90760fa0cb4281b73085fe0bbb0,cd68123f08604513de9727f5a3fa5449badc93ff7c4a9a6b13e067ec7449ca58,2026-06-30T15:07:47+00:00,success,LEGACY_SOURCE_MANIFEST
SRC02846,K181704,https://www.accessdata.fda.gov/scripts/cdrh/cfdocs/cfpmn/pmn.cfm?ID=K181704,fda_database_entry_html,54614751f8f410b9904160486a8bad9608475389f6dfdf08f2dcf079ab3b9c02,d9ea5137fc2c06460525c25fcdf94db7ad45c616a1f5b752f3b3cf6efe2c2964,2026-06-30T15:07:49+00:00,success,LEGACY_SOURCE_MANIFEST
SRC02847,K181704,https://www.accessdata.fda.gov/cdrh_docs/pdf18/K181704.pdf,510k_summary_pdf,cb47aa53ddb0e8ae5a6288c1a294a1e4df87cf362155ff1630da7c52cd8cf7cd,ba3e0092dfcf2d50b31d9084d7a662763dbb0037181a4c41700b19dfee021c3b,2026-06-30T15:07:50+00:00,success,LEGACY_SOURCE_MANIFEST
SRC02848,K181247,https://www.accessdata.fda.gov/scripts/cdrh/cfdocs/cfpmn/pmn.cfm?ID=K181247,fda_database_entry_html,ea67f3efdebab6d99c74fe4c5695ef4fbbe0ebbe3b9b4a723145065c5cb49b16,c616592e57e49479ad6eb8ca15f847c78096bfe4b4491d943911d6f4d3f02269,2026-06-30T15:07:49+00:00,success,LEGACY_SOURCE_MANIFEST
SRC02849,K181247,https://www.accessdata.fda.gov/cdrh_docs/pdf18/K181247.pdf,510k_summary_pdf,0c5dfa514202cf423c344e56635221e8e200f34f6cb13c7fc626bfd639ac461a,480097550ca18c62c58b550290ca396744b6c860f2584a563959bc6d3450e9ab,2026-06-30T15:07:53+00:00,success,LEGACY_SOURCE_MANIFEST
SRC02850,K180432,https://www.accessdata.fda.gov/scripts/cdrh/cfdocs/cfpmn/pmn.cfm?ID=K180432,fda_database_entry_html,c1cc51b8b6114192c214cdecc12c84a31624163b7accdd536019a36dc18200d2,f8ab8409b2e4739f139a8aaa4b4869a09ec7241bc5e67d5212ac9b0c74ecaa8f,2026-06-30T15:07:57+00:00,success,LEGACY_SOURCE_MANIFEST
SRC02851,K180432,https://www.accessdata.fda.gov/cdrh_docs/pdf18/K180432.pdf,510k_summary_pdf,6d57dc2714590eb3511deb2f13a85b15fd52e3b097292d4001d004529524581d,daff09b8abfe3a6bc39f364e039f1f15ec022dd6dde66e0291ef1ecb5f37aea3,2026-06-30T15:08:03+00:00,success,LEGACY_SOURCE_MANIFEST
SRC02852,K180343,https://www.accessdata.fda.gov/scripts/cdrh/cfdocs/cfpmn/pmn.cfm?ID=K180343,fda_database_entry_html,a867012568b4a84c0afec4df964c62ba84569558757716c956297a243b6d6282,b3751c9bc80d8f00e1f7d547a7fa83590f5d07d8d877dc620d759bd2562461b6,2026-06-30T15:07:58+00:00,success,LEGACY_SOURCE_MANIFEST
SRC02853,K180343,https://www.accessdata.fda.gov/cdrh_docs/pdf18/K180343.pdf,510k_summary_pdf,9e9115651c204ee05bf66e71c73d645e9dc730413da2d8150d4b44e4cb6c449f,b65faccdc1f45f0a2322820903d61ce7a85f1b251b6d7bdd2a205b82840e4ad6,2026-06-30T15:08:05+00:00,success,LEGACY_SOURCE_MANIFEST
SRC02854,K180343,http://www.accessdata.fda.gov/cdrh_docs/reviews/K180343.pdf,510k_summary_pdf,9e9115651c204ee05bf66e71c73d645e9dc730413da2d8150d4b44e4cb6c449f,b65faccdc1f45f0a2322820903d61ce7a85f1b251b6d7bdd2a205b82840e4ad6,2026-06-30T15:08:12+00:00,success,LEGACY_SOURCE_MANIFEST
SRC02855,K181939,https://www.accessdata.fda.gov/scripts/cdrh/cfdocs/cfpmn/pmn.cfm?ID=K181939,fda_database_entry_html,484e7ab6d73d40815351a13acee0e8edc4c52c2e15eff5bfd265dae0346a035c,dedbf5e32c97638883a9363d55a2ae229052c199e31897a3757199d98cd19cf0,2026-06-30T15:08:00+00:00,success,LEGACY_SOURCE_MANIFEST
SRC02856,K181939,https://www.accessdata.fda.gov/cdrh_docs/pdf18/K181939.pdf,510k_summary_pdf,ec36aed665204f636f51d055ce5deda45e3d75541db864a14dc0aca863861102,eeb12f9432c2adb21feb2d85bcbdab6524f921eea2d4568249f0f61f8105a396,2026-06-30T15:08:06+00:00,success,LEGACY_SOURCE_MANIFEST
SRC02857,K181288,https://www.accessdata.fda.gov/scripts/cdrh/cfdocs/cfpmn/pmn.cfm?ID=K181288,fda_database_entry_html,88e34c7dce41cd735db2b326a7144cbc251ea4c0e00327c0a2dc606f011cfb4e,775ef2b60717a9b68ae1361d290d0634d84cf6cfafa639ccb4a883b26afc070a,2026-06-30T15:08:06+00:00,success,LEGACY_SOURCE_MANIFEST
SRC02858,K181288,https://www.accessdata.fda.gov/cdrh_docs/pdf18/K181288.pdf,510k_summary_pdf,289609e6c88946e0288a41ef6715b3158fb0c3b0ce925987132643c32e905e64,fd9fcf4b89c659d585fd8d930be23091fb4544ada99c8f7e94529993fe966f86,2026-06-30T15:08:12+00:00,success,LEGACY_SOURCE_MANIFEST
SRC02859,K181288,http://www.accessdata.fda.gov/cdrh_docs/reviews/K181288.pdf,510k_summary_pdf,289609e6c88946e0288a41ef6715b3158fb0c3b0ce925987132643c32e905e64,fd9fcf4b89c659d585fd8d930be23091fb4544ada99c8f7e94529993fe966f86,2026-06-30T15:08:18+00:00,success,LEGACY_SOURCE_MANIFEST
SRC02860,K182616,https://www.accessdata.fda.gov/scripts/cdrh/cfdocs/cfpmn/pmn.cfm?ID=K182616,fda_database_entry_html,9af098d6cf6db115ffde03ab0c4954e202e0710b22b1fea696dbe9868e3d24c3,61dcfbb361bb66a1c57d98c37f1df1efd76ce6b92dd03212bfae33c34ffc124f,2026-06-30T15:08:06+00:00,success,LEGACY_SOURCE_MANIFEST
SRC02861,K182616,https://www.accessdata.fda.gov/cdrh_docs/pdf18/K182616.pdf,510k_summary_pdf,7bb2ec206f085c0bd314d09dd15c49405e77972dc76319d72dcb933dcb553940,c9b018abe79d01007b26e6fb483a77be1eb995643fa64d4b62ca396576b4fc5c,2026-06-30T15:08:12+00:00,success,LEGACY_SOURCE_MANIFEST
SRC02862,K182177,https://www.accessdata.fda.gov/scripts/cdrh/cfdocs/cfpmn/pmn.cfm?ID=K182177,fda_database_entry_html,58457bc4019ba2f3df5472fbea2b60f038f103bf0ea17518dbb25aee80b859b2,78c089140e532739da4f98206f50f9caaefc933b1d7268515fa7b19c402b4d66,2026-06-30T15:08:12+00:00,success,LEGACY_SOURCE_MANIFEST
SRC02863,K182177,https://www.accessdata.fda.gov/cdrh_docs/pdf18/K182177.pdf,510k_summary_pdf,7c4959206379d6a1db845adec3bfca642252177b10b8c8fbdc5195345750a4fd,dfd40d05b9e2bb89cbf2ce8965e8953cc43db1ed22a0f82215daaf53d51e9448,2026-06-30T15:08:16+00:00,success,LEGACY_SOURCE_MANIFEST
SRC02864,K181685,https://www.accessdata.fda.gov/scripts/cdrh/cfdocs/cfpmn/pmn.cfm?ID=K181685,fda_database_entry_html,e2d7ff0756494d783db51c9cb84586289cbac0f8220cc645495c70ac8103f9d6,ff6e137fd70d4f43bd4d8cb5b0898a88e02bbc477ed8a1becaaa930c6b8d8f33,2026-06-30T15:08:12+00:00,success,LEGACY_SOURCE_MANIFEST
SRC02865,K181685,https://www.accessdata.fda.gov/cdrh_docs/pdf18/K181685.pdf,510k_summary_pdf,e273dd5560ebfeacc5f3be1bb10e600f6e4bb03820d04ffa0122dc38ecb756ff,d101e7ca559c07fd23d4149dbb240b92a9d127c6a9c6be11e14e2b16e44b55f3,2026-06-30T15:08:17+00:00,success,LEGACY_SOURCE_MANIFEST
SRC02866,K182034,https://www.accessdata.fda.gov/scripts/cdrh/cfdocs/cfpmn/pmn.cfm?ID=K182034,fda_database_entry_html,b23aba3ba486cc2fe13f2352c8df28ce4250994024b55624d370633d7224bb6b,2e1ace12ec1d4e8a66067874a8edbf7b89b8063185f120051f0f3c3bedc97fe9,2026-06-30T15:08:18+00:00,success,LEGACY_SOURCE_MANIFEST
SRC02867,K182034,https://www.accessdata.fda.gov/cdrh_docs/pdf18/K182034.pdf,510k_summary_pdf,c8792d836f68be9c9242841e0d23627de2ec6f8e2f4a07e91b1efc74c9ee683c,6fe39e71121c36c7ad269620f0ac3808fd7e417883e9c69c73623aa4583f3122,2026-06-30T15:08:19+00:00,success,LEGACY_SOURCE_MANIFEST
SRC02868,K181892,https://www.accessdata.fda.gov/scripts/cdrh/cfdocs/cfpmn/pmn.cfm?ID=K181892,fda_database_entry_html,8d6bb94ded01a8c5cfc78dee9b9815fdde81f8b9ea925957f0926011588191dc,92fd5963f64f2cb00be63be03c013f0704cc66e105af9b27bbd8f050c30983de,2026-06-30T15:08:19+00:00,success,LEGACY_SOURCE_MANIFEST
SRC02869,K181892,https://www.accessdata.fda.gov/cdrh_docs/pdf18/K181892.pdf,510k_summary_pdf,7e186b550a92f45055703c89c802cee7bf1f916ee02ca03054eeff41e0d8a638,2c141ca8b535fe1e826d8b95c1808a4cf5fc1dedc63af785fdde96bbaebb35b0,2026-06-30T15:08:21+00:00,success,LEGACY_SOURCE_MANIFEST
SRC02870,K182112,https://www.accessdata.fda.gov/scripts/cdrh/cfdocs/cfpmn/pmn.cfm?ID=K182112,fda_database_entry_html,1738e1ba7b06f82f86d255f984aa1a5a48b579dfac21171b40d221cd24ed5a81,548b8f207fbb88c9fbd91e5f98e6104ea35b22f9b6271675bba8cfe3d774cc9f,2026-06-30T15:08:23+00:00,success,LEGACY_SOURCE_MANIFEST
SRC02871,K182112,https://www.accessdata.fda.gov/cdrh_docs/pdf18/K182112.pdf,510k_summary_pdf,c6f97bad2ba6d27ffee45ac16ed999951dd01f3efca06ad587d3e8292800f7f3,724d56d6f937c7f147b917b8a135488e17768f404b4efc39e12e69c12c12a5b5,2026-06-30T15:08:24+00:00,success,LEGACY_SOURCE_MANIFEST
SRC02872,K181771,https://www.accessdata.fda.gov/scripts/cdrh/cfdocs/cfpmn/pmn.cfm?ID=K181771,fda_database_entry_html,8114aa5cfc79c94e01864d2ea034d908722ab7ba61d08b0ba81fc6fea05a5db9,b09c2de7acdd5ec7cf921b1a5a86f6689d93ca95fcd4f16e56b4c1ff5bdb0958,2026-06-30T15:08:24+00:00,success,LEGACY_SOURCE_MANIFEST
SRC02873,K181771,https://www.accessdata.fda.gov/cdrh_docs/pdf18/K181771.pdf,510k_summary_pdf,9f27f8d21fa5793d3e547b2c23834d63ae64edb285d051c79de31850ecd4b83d,6dbff9e30455abe8b4c738cd9660a925ece1629ea55c26c79a8f5104bb3a6bc8,2026-06-30T15:08:27+00:00,success,LEGACY_SOURCE_MANIFEST
SRC02874,K173872,https://www.accessdata.fda.gov/scripts/cdrh/cfdocs/cfpmn/pmn.cfm?ID=K173872,fda_database_entry_html,fd5b21ae8276232c90faa8cc91b9eca60dfaa25697cad06aede646d120b17d37,1c19e1279e30ed449c92335b5867844705d81bd4ae055a91336f065d3cba4546,2026-06-30T15:08:27+00:00,success,LEGACY_SOURCE_MANIFEST
SRC02875,K173872,https://www.accessdata.fda.gov/cdrh_docs/pdf17/K173872.pdf,510k_summary_pdf,87e66e3f739f4f2a1e7bdc1d99e6343dea4f299aec903b042adccaba46bffb48,941141b8a37551ca331baf20e806613ea19343aee9456b8a92aea40b7270ca29,2026-06-30T15:08:31+00:00,success,LEGACY_SOURCE_MANIFEST
SRC02876,K182310,https://www.accessdata.fda.gov/scripts/cdrh/cfdocs/cfpmn/pmn.cfm?ID=K182310,fda_database_entry_html,42c982148425bd357d116fdb4ee92011eb83996caf4ccf29ef20428b3aa5513c,4b778719ae66728c2cb4f7e55e9bf2264e3b525c3e720620f9e3191f806e04f7,2026-06-30T15:08:33+00:00,success,LEGACY_SOURCE_MANIFEST
SRC02877,K182310,https://www.accessdata.fda.gov/cdrh_docs/pdf18/K182310.pdf,510k_summary_pdf,01aca0b56f6d15a539d4d54dd3b30b48cc548d513d89b424cf6378ee85ce0d6d,8bd53b1980a3bc26668e90e0f7d0eb68ce0eff6c1be820ae6604dd9e17caf965,2026-06-30T15:08:38+00:00,success,LEGACY_SOURCE_MANIFEST
SRC02878,K181502,https://www.accessdata.fda.gov/scripts/cdrh/cfdocs/cfpmn/pmn.cfm?ID=K181502,fda_database_entry_html,9fced10e05deeaacdad5c0d7d3a71fae629461a24b5676a959b0942505d47406,7fe8bcbf094071cd7e5971a54ad40386e326199a91876539dc5093f87fc9f31a,2026-06-30T15:08:34+00:00,success,LEGACY_SOURCE_MANIFEST
SRC02879,K181502,https://www.accessdata.fda.gov/cdrh_docs/pdf18/K181502.pdf,510k_summary_pdf,6d2f89959fc58db43e3879e3a564c2f706462abddd513db37152bb3c1d60a165,4917203b234463ea582a7a138ec9b824a411362c8c8af3ff43e5740c9344fec7,2026-06-30T15:08:37+00:00,success,LEGACY_SOURCE_MANIFEST
SRC02880,DEN170090,https://www.accessdata.fda.gov/scripts/cdrh/cfdocs/cfpmn/denovo.cfm?ID=DEN170090,fda_database_entry_html,ad8381a128917d9007b433b016d2069cf51ed1e4972dc077a4101b61d50fbd22,3c0ed156dd7f018adeaefa7eb0cfe216fbb537888f0697c5942ea32bb5d8f2ef,2026-06-30T15:08:35+00:00,success,LEGACY_SOURCE_MANIFEST
SRC02881,DEN170090,https://www.accessdata.fda.gov/cdrh_docs/pdf17/DEN170090.pdf,approval_order_pdf,878f124df3e9f124b790ceb855a393b49a46e4f9dcb7bdc376dca84835a32bbd,199b217adb4c3125bb53c7711796d6ef44b939e3396e06d6ad17f9270545c6a5,2026-06-30T15:08:38+00:00,success,LEGACY_SOURCE_MANIFEST
SRC02882,DEN170090,http://www.accessdata.fda.gov/cdrh_docs/reviews/DEN170090.pdf,de_novo_summary_pdf,45108b70aff3f86a56faf84ee5cf3e2fe2cad15a9ed86b78dd9bf7f6f52c3971,06fac592d5b5761e5d9981c22097410c19bf0a9ddbca208ba4c8da36235c4190,2026-06-30T15:08:42+00:00,success,LEGACY_SOURCE_MANIFEST
SRC02883,K180647,https://www.accessdata.fda.gov/scripts/cdrh/cfdocs/cfpmn/pmn.cfm?ID=K180647,fda_database_entry_html,bc510cf212e089a636f2b676abb7d30477e6c06c36f5ad8a89e88b273c826a35,7d13f57addac1e76e4267cbd2e75bc4c961afe8c0a5f960489fad39bc58193dd,2026-06-30T15:08:35+00:00,success,LEGACY_SOURCE_MANIFEST
SRC02884,K180647,https://www.accessdata.fda.gov/cdrh_docs/pdf18/K180647.pdf,510k_summary_pdf,de8f9acd45817873cc1f6d10488e830c4953c37438d1ed8906d2038494e7e625,1bcf1f9be27a9bb1c45441e82f32affd2b0fca7171758e1597ae048f30ed9eb8,2026-06-30T15:08:36+00:00,success,LEGACY_SOURCE_MANIFEST
SRC02885,K173444,https://www.accessdata.fda.gov/scripts/cdrh/cfdocs/cfpmn/pmn.cfm?ID=K173444,fda_database_entry_html,5e0095c421bad0418474c6471d0450b4f53bce94bffd7e21d3ecdd9b0ad6d340,32b2e5f7c92ad807ad8f933ec9130a0218aae52673d7759cddc15a6a181dcb82,2026-06-30T15:08:42+00:00,success,LEGACY_SOURCE_MANIFEST
SRC02886,K173444,https://www.accessdata.fda.gov/cdrh_docs/pdf17/K173444.pdf,510k_summary_pdf,651c84aee498c235cba8976ef6c1ec3d918f123cb8dcef22c9dce4b6dc4f5c11,d3b0a0e60cab697d0fb60324ade0f3ae219717d9d8c3d721a07020c05236090d,2026-06-30T15:08:47+00:00,success,LEGACY_SOURCE_MANIFEST
SRC02887,K173327,https://www.accessdata.fda.gov/scripts/cdrh/cfdocs/cfpmn/pmn.cfm?ID=K173327,fda_database_entry_html,be5e937b8f8f01cc4daa144c29d4e930fb94fcd26742d70390db65a14ba17737,6363a5e25a8a3c76486c51832a907f57ac83f13f6197c18008c89326a67d90a5,2026-06-30T15:08:46+00:00,success,LEGACY_SOURCE_MANIFEST
SRC02888,K173327,https://www.accessdata.fda.gov/cdrh_docs/pdf17/K173327.pdf,510k_summary_pdf,338b59fa5b2963a78c2baeb248e16a93bc67be1c1f3a6c2052f793a7883d00d7,488a8def229b79f95bba58592bc8e0b47b94b0f25ad1f158fe501f803d25518a,2026-06-30T15:08:47+00:00,success,LEGACY_SOURCE_MANIFEST
SRC02889,K173327,http://www.accessdata.fda.gov/cdrh_docs/reviews/K173327.pdf,510k_summary_pdf,338b59fa5b2963a78c2baeb248e16a93bc67be1c1f3a6c2052f793a7883d00d7,488a8def229b79f95bba58592bc8e0b47b94b0f25ad1f158fe501f803d25518a,2026-06-30T15:08:54+00:00,success,LEGACY_SOURCE_MANIFEST
SRC02890,K181574,https://www.accessdata.fda.gov/scripts/cdrh/cfdocs/cfpmn/pmn.cfm?ID=K181574,fda_database_entry_html,8895f513a9569700407f6b297b3920e7946a5e2bb5d4740b9c27d7199d83cf2a,2ac3664e4bea41b79db01fc3ab37c46b0cffa2bde948e90af52982ad35eb7861,2026-06-30T15:08:47+00:00,success,LEGACY_SOURCE_MANIFEST
SRC02891,K181574,https://www.accessdata.fda.gov/cdrh_docs/pdf18/K181574.pdf,510k_summary_pdf,6fffa1ba647e3d29b1fae95e61608a38da3f26574821dd87a1a5b5cc498c6419,4efc8995908c6276f916c9f935a4965485abbcffb221c66653d07833ac8751de,2026-06-30T15:08:48+00:00,success,LEGACY_SOURCE_MANIFEST
SRC02892,K181572,https://www.accessdata.fda.gov/scripts/cdrh/cfdocs/cfpmn/pmn.cfm?ID=K181572,fda_database_entry_html,740c15903184475f435aa43296dea259078c52229cfc9f5fbf7ee6942c6a729f,6fcd0f89cbfb52d2d4cc77bac7be1b2145e9f842296635efe28f5bd7dc1812cf,2026-06-30T15:08:52+00:00,success,LEGACY_SOURCE_MANIFEST
SRC02893,K181572,https://www.accessdata.fda.gov/cdrh_docs/pdf18/K181572.pdf,510k_summary_pdf,1bb2b1243f465df5cae10533a2a66d0b15ea4049fd28020d38d6f1b74bad3dea,33442bf8a9b5c07313218420cf9140be7cf23b186974d5c32299c9c13886694e,2026-06-30T15:08:56+00:00,success,LEGACY_SOURCE_MANIFEST
SRC02894,K180038,https://www.accessdata.fda.gov/scripts/cdrh/cfdocs/cfpmn/pmn.cfm?ID=K180038,fda_database_entry_html,07fb4624dae777cbd0c93509b638add2504307232f19699585959f3380ef4678,5b1d3f6f4df95a430ae0475eef349e6e3dc2778ef8652900eba9726c6f0973ef,2026-06-30T15:08:52+00:00,success,LEGACY_SOURCE_MANIFEST
SRC02895,K180038,https://www.accessdata.fda.gov/cdrh_docs/pdf18/K180038.pdf,510k_summary_pdf,c4088deee419078dc05f4fbf3492c9b8a40c074d2bbabd89b7b8b1bf72533060,6a239a952ee8db5ac18afc82a33b488790a1738130bf223db680f7c59910adba,2026-06-30T15:08:56+00:00,success,LEGACY_SOURCE_MANIFEST
SRC02896,K173574,https://www.accessdata.fda.gov/scripts/cdrh/cfdocs/cfpmn/pmn.cfm?ID=K173574,fda_database_entry_html,d793142488e63895f0dcf744d3646d4e129bf857be8fa02c59a976ddbf9a0ef8,2c43462cfa93e932d54129c3df65a56d8fcd465e03691c869e716340602915f4,2026-06-30T15:08:54+00:00,success,LEGACY_SOURCE_MANIFEST
SRC02897,K173574,https://www.accessdata.fda.gov/cdrh_docs/pdf17/K173574.pdf,510k_summary_pdf,50c124c3a418e264caf151a2c1b1c34be126d75c9c9fa9ba003f6544ba38d08a,fc00cdb5fda6a536a0c3d7d59b6f2e913ca3a19788cf85540b7c2ba375c3d7cc,2026-06-30T15:08:55+00:00,success,LEGACY_SOURCE_MANIFEST
SRC02898,K173780,https://www.accessdata.fda.gov/scripts/cdrh/cfdocs/cfpmn/pmn.cfm?ID=K173780,fda_database_entry_html,da01d7930b7e630fa6406df2f4058f34ca3267076579b12d4c56930474c02bde,f39493d10c43f8f49a9a5a6adc570ebd7bea6fb47c7715139e5649423f4d26e1,2026-06-30T15:08:57+00:00,success,LEGACY_SOURCE_MANIFEST
SRC02899,K173780,https://www.accessdata.fda.gov/cdrh_docs/pdf17/K173780.pdf,510k_summary_pdf,ccc2e8f1545a6288bc2913de3fea04df9b66227094e8ab981e0a81ac2148d000,2ad4c5ca29671d92dff38e8da4e3f9fe4e872c8f7b2a654a6a775589daaadd26,2026-06-30T15:09:01+00:00,success,LEGACY_SOURCE_MANIFEST
SRC02900,K172983,https://www.accessdata.fda.gov/scripts/cdrh/cfdocs/cfpmn/pmn.cfm?ID=K172983,fda_database_entry_html,d3dfff41b3bc736afc36aa1f18ec58c9f0990b0cd78009d5846814f9dcc7e076,5c338e94b61648e72cea294e9dea2e1d0d74391b564094d86b34399a65897665,2026-06-30T15:09:02+00:00,success,LEGACY_SOURCE_MANIFEST
SRC02901,K172983,https://www.accessdata.fda.gov/cdrh_docs/pdf17/K172983.pdf,510k_summary_pdf,e80ed53f362ee1c93fde21955b5c07739a04e1b998a950791ee432dde7a0cf23,27a1470e456d8965121014f634939689ed99d41d3cc8ffbac2728159264b35d9,2026-06-30T15:09:06+00:00,success,LEGACY_SOURCE_MANIFEST
SRC02902,DEN170043,https://www.accessdata.fda.gov/scripts/cdrh/cfdocs/cfpmn/denovo.cfm?ID=DEN170043,fda_database_entry_html,f4791691192a0dfbb32a741b08cc0362842c59612a9dae2302ccb4be5169244d,7c5bc114c30a0f997fbc94457d5a19760b7104a33d6c12cfc86dc762ba6bdd60,2026-06-30T15:09:03+00:00,success,LEGACY_SOURCE_MANIFEST
SRC02903,DEN170043,https://www.accessdata.fda.gov/cdrh_docs/pdf17/DEN170043.pdf,approval_order_pdf,aead90534d5a821fa3dd367e6a94c1e7862f7a7cc005cc48d1531e23aa0c97ba,1e11ede5441c252791f41f62022d040553470443abafa9e2442d12830a6537a8,2026-06-30T15:09:10+00:00,success,LEGACY_SOURCE_MANIFEST
SRC02904,DEN170043,http://www.accessdata.fda.gov/cdrh_docs/reviews/DEN170043.pdf,de_novo_summary_pdf,178818e101a888aff70e2a11ed4a95bf44221851ddf28227f17afc88d8f8cfda,06edd3100e2e1ad5cb37e4d07411bd1c4be99e500b25dcef39a2befed6e3d48a,2026-06-30T15:09:19+00:00,success,LEGACY_SOURCE_MANIFEST
SRC02905,K173821,https://www.accessdata.fda.gov/scripts/cdrh/cfdocs/cfpmn/pmn.cfm?ID=K173821,fda_database_entry_html,c0313103e4de9784cf03c951aaa39fc873ce707896177f943691b0a11e8af81b,fad120054c3ab052b72abb3de571dfeea65f740fa157ea273f757bc7363bb7cb,2026-06-30T15:09:03+00:00,success,LEGACY_SOURCE_MANIFEST
SRC02906,K173821,https://www.accessdata.fda.gov/cdrh_docs/pdf17/K173821.pdf,510k_summary_pdf,97ad797e042ad0fe063e854f6b17b647022c330c6c4041de4818e835254231b1,a8e72e7e2c534fd463d1a1f3421a16597d0b75296a759cff15c929fe06a25735,2026-06-30T15:09:07+00:00,success,LEGACY_SOURCE_MANIFEST
SRC02907,K180163,https://www.accessdata.fda.gov/scripts/cdrh/cfdocs/cfpmn/pmn.cfm?ID=K180163,fda_database_entry_html,83040264cf369233e77f0611af362530b5256ee3ba02e9f0ea4dbcf45d286851,9012b65f4a17aad460929c011a7a8afc92698238b3a4006b1e6819b2a0555a49,2026-06-30T15:09:16+00:00,success,LEGACY_SOURCE_MANIFEST
SRC02908,K180163,https://www.accessdata.fda.gov/cdrh_docs/pdf18/K180163.pdf,510k_summary_pdf,437cfe4c8b136646bcf333c18456582a417eaebd116a3d03cd7118d740f4533b,b17384221f2a74cf0aff82af038d88b626645816bf8dc91f6dd4d513a7c70584,2026-06-30T15:09:21+00:00,success,LEGACY_SOURCE_MANIFEST
SRC02909,DEN180005,https://www.accessdata.fda.gov/scripts/cdrh/cfdocs/cfpmn/denovo.cfm?ID=DEN180005,fda_database_entry_html,694490e4c92d083a86f703b035d5613c3c3c08337a949799d2d41f50e8bf6a13,dc9825c7f11a3025d3dfd73f3fa592c15d9829b95d3ad2c16ec419713dc0a0ca,2026-06-30T15:09:23+00:00,success,LEGACY_SOURCE_MANIFEST
SRC02910,DEN180005,https://www.accessdata.fda.gov/cdrh_docs/pdf18/DEN180005.pdf,approval_order_pdf,017c637a70516e5658d6cd39fee14922da2bef05aef8e31d9304a803569aa29a,73cf2d2ff783f057a6141d4b9c84861b24a75fa9a6cd9e0cf74162c77731e7e5,2026-06-30T15:09:32+00:00,success,LEGACY_SOURCE_MANIFEST
SRC02911,DEN180005,http://www.accessdata.fda.gov/cdrh_docs/reviews/DEN180005.pdf,de_novo_summary_pdf,6cf179154bb3bc61ec400dbc1344a9cf61cf521e0f887acbf2a4247cb20cc9b7,7752ee8004dd4c6e023bba36384747f78c7aebfd0cea95ef090c18a0ce5f17b7,2026-06-30T15:09:47+00:00,success,LEGACY_SOURCE_MANIFEST
SRC02912,K180799,https://www.accessdata.fda.gov/scripts/cdrh/cfdocs/cfpmn/pmn.cfm?ID=K180799,fda_database_entry_html,eb7998b7bf9639aaa7dce56bcb311b44decbc300f9ac73d4ac7ec4569d821480,538748667626441b70611367425a85a8c1b312f6b583c27f7167021c3eac1f6a,2026-06-30T15:09:26+00:00,success,LEGACY_SOURCE_MANIFEST
SRC02913,K180799,https://www.accessdata.fda.gov/cdrh_docs/pdf18/K180799.pdf,510k_summary_pdf,f5921c49ec33860c0b4568a66d17ee96096e5b7730cbb4ee18a332db0f9b5b48,07cba603ca5400345c2a797f89a5b83a3b55cc7151c489d2259265e916898c76,2026-06-30T15:09:29+00:00,success,LEGACY_SOURCE_MANIFEST
SRC02914,K173810,https://www.accessdata.fda.gov/scripts/cdrh/cfdocs/cfpmn/pmn.cfm?ID=K173810,fda_database_entry_html,b4bf8a104bcafaf939205a5179841c6429b24cf0bdbcf7d8d631ebdb9e9b39c0,d2cb7b4b95e7d02cba384126b4fab91a9e11a641803a1d2a47c953a29e99ad8c,2026-06-30T15:09:32+00:00,success,LEGACY_SOURCE_MANIFEST
SRC02915,K173810,https://www.accessdata.fda.gov/cdrh_docs/pdf17/K173810.pdf,510k_summary_pdf,d6ae793517dbf19d97dd71729359dff616f1adbbddc1ba6dc5dbeaeedde3b4b5,1623b4346e3e8beb3a5a50c0d46191fcac99123ed7d0cf0798356d5cdaa7c0d0,2026-06-30T15:09:41+00:00,success,LEGACY_SOURCE_MANIFEST
SRC02916,K180599,https://www.accessdata.fda.gov/scripts/cdrh/cfdocs/cfpmn/pmn.cfm?ID=K180599,fda_database_entry_html,c87ed78747dfbad1ad710471fe8f0aa08a26273f9b6a06e17d0c321e8dc39560,08cd18b335eddd8a2659dfea7b21e656fed9102744e7cf3b553f74d6c93cf964,2026-06-30T15:09:33+00:00,success,LEGACY_SOURCE_MANIFEST
SRC02917,K180599,https://www.accessdata.fda.gov/cdrh_docs/pdf18/K180599.pdf,510k_summary_pdf,e793bbbf136ac64970f1bffe2eec1598de33a0403743355941e3176868b2b957,3228967a846b2ba5d8b62835a48dae160b6af290d9426a333bb687761c54616e,2026-06-30T15:09:37+00:00,success,LEGACY_SOURCE_MANIFEST
SRC02918,K172959,https://www.accessdata.fda.gov/scripts/cdrh/cfdocs/cfpmn/pmn.cfm?ID=K172959,fda_database_entry_html,166ed9ad52e69f07cbf69aadee3221fbcc7500bcc90c7c5a84cedf58ce903afd,7a057ea4af4a15ec812a71a3f8c99bcd442ec3366fdc519d83a014efce526e73,2026-06-30T15:09:38+00:00,success,LEGACY_SOURCE_MANIFEST
SRC02919,K172959,https://www.accessdata.fda.gov/cdrh_docs/pdf17/K172959.pdf,510k_summary_pdf,39078f97354ec4b294518b327623a964415d68dc1dc2ece9f53ff9f2ed735aea,4acff7c01d22b024a386c3836cae797505848d369aa33ddd7f348bd851091f9b,2026-06-30T15:09:41+00:00,success,LEGACY_SOURCE_MANIFEST
SRC02920,K180161,https://www.accessdata.fda.gov/scripts/cdrh/cfdocs/cfpmn/pmn.cfm?ID=K180161,fda_database_entry_html,ed349767e8d923dc41a8c568ed631a5e2ce5e7a00226c5cc2801f71d9d2db86d,37ba59653d0b1cfb8654c2fe38197ed32b5c648e0f4ac9acc1863b59a3152e50,2026-06-30T15:09:43+00:00,success,LEGACY_SOURCE_MANIFEST
SRC02921,K180161,https://www.accessdata.fda.gov/cdrh_docs/pdf18/K180161.pdf,510k_summary_pdf,db05936eb319ca1ee82058003f116c90b0458bb9b5c40d6124a978ebf8ed2a79,9c84423b6711c3932389e053edb8ca32c899ccdd68855f44d2f6f4b0243c2cb4,2026-06-30T15:09:45+00:00,success,LEGACY_SOURCE_MANIFEST
SRC02922,K180126,https://www.accessdata.fda.gov/scripts/cdrh/cfdocs/cfpmn/pmn.cfm?ID=K180126,fda_database_entry_html,1ccb0b4f7ee495270a9ec82e671f10f7e77afee73d468a7317c849a9b042b2e1,a6f8823a0cf97ebdcae4a4717552de94eef201ce446f2a181e1382bf334bafa2,2026-06-30T15:09:44+00:00,success,LEGACY_SOURCE_MANIFEST
SRC02923,K180126,https://www.accessdata.fda.gov/cdrh_docs/pdf18/K180126.pdf,510k_summary_pdf,172865bda6a723595dcba958f0aec73ce7e40aac8e3ba3ea667fcefceb497a67,3c7a823b897c47a09a66f1ac55601373cd86a81556c4fef68ace52770bc0a8ff,2026-06-30T15:09:46+00:00,success,LEGACY_SOURCE_MANIFEST
SRC02924,DEN180001,https://www.accessdata.fda.gov/scripts/cdrh/cfdocs/cfpmn/denovo.cfm?ID=DEN180001,fda_database_entry_html,56e5c0e4547ed2d5128e8746ec579db9441398e92fb056283e606616685e102f,c2183da3687c93e00f4ee20c7ad545cb5909ad67e22e5c7af07d9eabf98c4edb,2026-06-30T15:09:53+00:00,success,LEGACY_SOURCE_MANIFEST
SRC02925,DEN180001,https://www.accessdata.fda.gov/cdrh_docs/pdf18/DEN180001.pdf,approval_order_pdf,17545010c0b3f5eb981b18d8a7e89d80c6732bf2a0e59e2ce304a3db025dc87d,617c526897d47ca1e6bd2ff7672ae473d6434a78a8d211d921b08aaa5a1f69e1,2026-06-30T15:09:56+00:00,success,LEGACY_SOURCE_MANIFEST
SRC02926,DEN180001,http://www.accessdata.fda.gov/cdrh_docs/reviews/DEN180001.pdf,de_novo_summary_pdf,9b4a978bf52a1c3aa5871d014d0d9b214ada70c884a9a311fa11a7e266ee7e38,8d3b090ad89580c24aece0eccd1bbf6e45b6876f00d18e5e2d0b65a87f0e06b4,2026-06-30T15:10:03+00:00,success,LEGACY_SOURCE_MANIFEST
SRC02927,K180589,https://www.accessdata.fda.gov/scripts/cdrh/cfdocs/cfpmn/pmn.cfm?ID=K180589,fda_database_entry_html,612caa3d19bf3e998b2bce002fb99133ace1880dd6193b3806f491df47fd55fa,5b3b2149e2adc43c2c116d22c01cc733851129b6b09c83662fd481a3a236218e,2026-06-30T15:09:54+00:00,success,LEGACY_SOURCE_MANIFEST
SRC02928,K180589,https://www.accessdata.fda.gov/cdrh_docs/pdf18/K180589.pdf,510k_summary_pdf,c4556c13dade95f64962e4e84333e9dd8ac7ea5acc2ff420ebda3bc51c0c6194,72a9b681279edd3d9f9cf1a6820c1fcbf9d008b07faa75aa921fcbcb07c62d22,2026-06-30T15:09:57+00:00,success,LEGACY_SOURCE_MANIFEST
SRC02929,DEN160044,https://www.accessdata.fda.gov/scripts/cdrh/cfdocs/cfpmn/denovo.cfm?ID=DEN160044,fda_database_entry_html,80a6a745957502df0bc8ab9639a0749fe7f901a33782f0fec2da90d73d1ba065,a45684d39685002d44c21d80e09bb28fb110c2320f9c6c369c0fca25dcb66c30,2026-06-30T15:09:56+00:00,success,LEGACY_SOURCE_MANIFEST
SRC02930,DEN160044,https://www.accessdata.fda.gov/cdrh_docs/pdf16/DEN160044.pdf,approval_order_pdf,c61d18d0ef786ae217755e12e55ba258588a2cff1a9769beac2eaf3bc41ee7fc,97bde1a9e0c4ac0500c8c423256b8104363d850fc693c360c94458d6c758d21e,2026-06-30T15:10:02+00:00,success,LEGACY_SOURCE_MANIFEST
SRC02931,DEN160044,http://www.accessdata.fda.gov/cdrh_docs/reviews/DEN160044.pdf,de_novo_summary_pdf,ac6a8873be9c45a59ab4ae01eb001480d81b934ac3c0bc276004a13033a332d8,6954a2e8eaf137f8039435afbf1198dd2dd57e74dba36d249e70af87092f6d9d,2026-06-30T15:10:10+00:00,success,LEGACY_SOURCE_MANIFEST
SRC02932,K173839,https://www.accessdata.fda.gov/scripts/cdrh/cfdocs/cfpmn/pmn.cfm?ID=K173839,fda_database_entry_html,d91484bb801a548f81bcf714dad2d3339267c722370587b0fc41a1920f44e60c,13aa5210d0f52cf894240e3fb75de1af25232d6aee84bc1eed9adc67da2df6a5,2026-06-30T15:10:01+00:00,success,LEGACY_SOURCE_MANIFEST
SRC02933,K173839,https://www.accessdata.fda.gov/cdrh_docs/pdf17/K173839.pdf,510k_summary_pdf,63674c58015fa722e7d81a2ac88534c8bf17adca0f8914a2f38b76fdfcfc7783,bf83ad406b1aae0427e4be352c5be79b5947725e8c1ba56909309f0fda42b8ee,2026-06-30T15:10:05+00:00,success,LEGACY_SOURCE_MANIFEST
SRC02934,K173839,http://www.accessdata.fda.gov/cdrh_docs/reviews/K173839.pdf,510k_summary_pdf,63674c58015fa722e7d81a2ac88534c8bf17adca0f8914a2f38b76fdfcfc7783,bf83ad406b1aae0427e4be352c5be79b5947725e8c1ba56909309f0fda42b8ee,2026-06-30T15:10:15+00:00,success,LEGACY_SOURCE_MANIFEST
SRC02935,K173939,https://www.accessdata.fda.gov/scripts/cdrh/cfdocs/cfpmn/pmn.cfm?ID=K173939,fda_database_entry_html,7b414b71a0979973aeca960daca48a4d3e8dd6f632d927a0619f8ecbbbf6ee59,8f0f379f942a7ef271a4b89e56a1d9605ab93b3aff50dea207e8c089e39dbab8,2026-06-30T15:10:03+00:00,success,LEGACY_SOURCE_MANIFEST
SRC02936,K173939,https://www.accessdata.fda.gov/cdrh_docs/pdf17/K173939.pdf,510k_summary_pdf,6377ee831fbff7e3566b7779d0bedd0e7915b7c955935ac3984967667b7ac4c7,4720365dfe3ae8288520e06057ceec9ba4146501942ebdcf85db30f3980a9d37,2026-06-30T15:10:07+00:00,success,LEGACY_SOURCE_MANIFEST
SRC02937,K173605,https://www.accessdata.fda.gov/scripts/cdrh/cfdocs/cfpmn/pmn.cfm?ID=K173605,fda_database_entry_html,ae5e249648763ddd6f0a4a44eb6be9a94978c0fde9133e927134c5475768f366,ddd136c130fbdb52d30499c24f90d1bc7db681443e9897d50310a75f1ed3f0cf,2026-06-30T15:10:11+00:00,success,LEGACY_SOURCE_MANIFEST
SRC02938,K173605,https://www.accessdata.fda.gov/cdrh_docs/pdf17/K173605.pdf,510k_summary_pdf,3e21e92ac0e51ec3dc433e9bfacf962b1f36ec0bdb0c8cea8efd8f74bfb57ec0,626c72028cbaadedf85e409682930afedfd06b743fdcc00160bfe9d61f170ae2,2026-06-30T15:10:21+00:00,success,LEGACY_SOURCE_MANIFEST
SRC02939,K170540,https://www.accessdata.fda.gov/scripts/cdrh/cfdocs/cfpmn/pmn.cfm?ID=K170540,fda_database_entry_html,f5a58113aafb12936e6a367c764998f0725083fcd9750b554b830347ae06be4f,d36d86a972805b40d3128e8d6334f7b081eb23666a0e793319bf1f2bb1ecaec5,2026-06-30T15:10:13+00:00,success,LEGACY_SOURCE_MANIFEST
SRC02940,K170540,https://www.accessdata.fda.gov/cdrh_docs/pdf17/K170540.pdf,510k_summary_pdf,ff7d0dc33b8aa9ac7de432e9d8036ddf5ad780e198705a928ce7e5a2eb088473,e95c41fe28a52cb1f4da1108e3057d884df39f9cc833871761b53ded2be53a6f,2026-06-30T15:10:18+00:00,success,LEGACY_SOURCE_MANIFEST
SRC02941,DEN170073,https://www.accessdata.fda.gov/scripts/cdrh/cfdocs/cfpmn/denovo.cfm?ID=DEN170073,fda_database_entry_html,b0ecca2f26fe9b8b9051f938ab5f474886a5a1f5ae6ffcfbd606b8d45dac649b,ad0d25a2d8c534f2a09d7b833cb39d8d5f9a6db0fd0d2248aed8e7ffd5c05b38,2026-06-30T15:10:15+00:00,success,LEGACY_SOURCE_MANIFEST
SRC02942,DEN170073,https://www.accessdata.fda.gov/cdrh_docs/pdf17/DEN170073.pdf,approval_order_pdf,35854d1c12f9530116330b22644af501886c42d3bda5c7489a89826885e194b2,955e89dc8681c515b15761fae8b5c15bdead140f9d4883b10d6338e1a8077dc3,2026-06-30T15:10:22+00:00,success,LEGACY_SOURCE_MANIFEST
SRC02943,DEN170073,http://www.accessdata.fda.gov/cdrh_docs/reviews/DEN170073.pdf,de_novo_summary_pdf,b52d5a0dd97ea37a4f6190cc33109420961e41b98e4d5cfced99e26113332317,38cb9ab79fe7a5314723bb8bce8cfb6bcf4c8f7437250602ad125a2da883b001,2026-06-30T15:10:29+00:00,success,LEGACY_SOURCE_MANIFEST
SRC02944,K180091,https://www.accessdata.fda.gov/scripts/cdrh/cfdocs/cfpmn/pmn.cfm?ID=K180091,fda_database_entry_html,99c17917ded7a49aa71323eae5efa8dc05bd1d5d1a299411e6dad4a68fc677c0,27ced4f8ab0edbfb7ea18542e09fc42f8ea48d57d39f0e51e9677d9329e328b6,2026-06-30T15:10:17+00:00,success,LEGACY_SOURCE_MANIFEST
SRC02945,K180091,https://www.accessdata.fda.gov/cdrh_docs/pdf18/K180091.pdf,510k_summary_pdf,0793e690c163715b9e238ac63a894bcca3da4f3b1871a1d3392d64b098e72ba1,24c72473be2f2c04847de0a86a10727d09117a77f6c120052fc194372995e928,2026-06-30T15:10:20+00:00,success,LEGACY_SOURCE_MANIFEST
SRC02946,K173542,https://www.accessdata.fda.gov/scripts/cdrh/cfdocs/cfpmn/pmn.cfm?ID=K173542,fda_database_entry_html,bf57394960f20fe9ffd66367851258ea99ae91db67cadcf222da03f62b7b3e4c,156b32c5e96d5ffa23c471fafad895948b55c31187130f9ad4eab0f8e83eb3ff,2026-06-30T15:10:25+00:00,success,LEGACY_SOURCE_MANIFEST
SRC02947,K173542,https://www.accessdata.fda.gov/cdrh_docs/pdf17/K173542.pdf,510k_summary_pdf,b31449d5f16114aee9b5af3f234c07c607780422c6a0ef5cb0e9132e744bc5ab,1cdb30333e83e80ff4eeb5792b7c45c8bc90f96f51197538b7a7893d3c20a476,2026-06-30T15:10:26+00:00,success,LEGACY_SOURCE_MANIFEST
SRC02948,K173588,https://www.accessdata.fda.gov/scripts/cdrh/cfdocs/cfpmn/pmn.cfm?ID=K173588,fda_database_entry_html,f17d0d58e0c94008d9b9e0205db0f0ed7f5825cd6cf868dbb4e9b67ebecbd7af,f6e547a70f870aa12dc0161d7b754d3be273916906f202b5fa374063b8a18d50,2026-06-30T15:10:27+00:00,success,LEGACY_SOURCE_MANIFEST
SRC02949,K173588,https://www.accessdata.fda.gov/cdrh_docs/pdf17/K173588.pdf,510k_summary_pdf,2b9b85d9a82b0eb5f772467fbbe146980f8beb114579d49947fb2b7833d0bcb1,e31574ac6d3fb27f9c6827ad16ca4b1b99663fe8144f64dc1676ea78478ab9a5,2026-06-30T15:10:32+00:00,success,LEGACY_SOURCE_MANIFEST
SRC02950,K171122,https://www.accessdata.fda.gov/scripts/cdrh/cfdocs/cfpmn/pmn.cfm?ID=K171122,fda_database_entry_html,7322051b2875aa427f4486697040b3e10717f55eeeea8c1b5779cb8ee8d8796b,004a810c8467711c2d3fdba645c9cb61cbba8235002d0e71f8778cef29f3ed6e,2026-06-30T15:10:28+00:00,success,LEGACY_SOURCE_MANIFEST
SRC02951,K171122,https://www.accessdata.fda.gov/cdrh_docs/pdf17/K171122.pdf,510k_summary_pdf,0464e9708f8958c67f3d4695edbb9e7d644777ebde1ce2f36bf13a8ce07bbf1b,31298fe850fbefa9c34aa163723c17125adbf62c9dbe4af719d0d49178ae9dcf,2026-06-30T15:10:33+00:00,success,LEGACY_SOURCE_MANIFEST
SRC02952,K171328,https://www.accessdata.fda.gov/scripts/cdrh/cfdocs/cfpmn/pmn.cfm?ID=K171328,fda_database_entry_html,044d374ab574c10740f0b1a9efcfcff74b887ee42c85ffd63bb3d89b698ecbac,5edfcf8f63393d3296873f463f1630bfc6b344ea80d6f3d5270a9d46a02ca185,2026-06-30T15:10:28+00:00,success,LEGACY_SOURCE_MANIFEST
SRC02953,K171328,https://www.accessdata.fda.gov/cdrh_docs/pdf17/K171328.pdf,510k_summary_pdf,1e0be8e2b540aafa2d77e3b2c7e6281e3aafe833d976e45c62cccfa3d39873e0,94ea5bdc26c03acceb0a114a1f8f6e4b945b84ea4a3ee6820fd177226f0f8335,2026-06-30T15:10:33+00:00,success,LEGACY_SOURCE_MANIFEST
SRC02954,K171056,https://www.accessdata.fda.gov/scripts/cdrh/cfdocs/cfpmn/pmn.cfm?ID=K171056,fda_database_entry_html,b8f24d0c7bcccd804e26a105627d4ca1c32ea8cea3b1e2316cf2b28a7d3953a4,a010a4847e628db5c723b5643e6422d804e3964c5e68592a03385e563fec2f35,2026-06-30T15:10:36+00:00,success,LEGACY_SOURCE_MANIFEST
SRC02955,K171056,https://www.accessdata.fda.gov/cdrh_docs/pdf17/K171056.pdf,510k_summary_pdf,239aa7ba24e019aa610adcf5d92396f0e917fd1fb7e26e3a6ae5576cdbc28f2c,43ee16b5fc03799e7608efc6edf03d7b164dcd2c13f588ab411e608aaaffcf38,2026-06-30T15:10:42+00:00,success,LEGACY_SOURCE_MANIFEST
SRC02956,K173420,https://www.accessdata.fda.gov/scripts/cdrh/cfdocs/cfpmn/pmn.cfm?ID=K173420,fda_database_entry_html,21d7dc55c9c5cc48f38043ea1431724bf7a9a15cf0414025e25cdca946111853,5e736e22d1b3c38f8929e92eb1f545f5920a5980bdb5d8f506727eaec0d9ee0c,2026-06-30T15:10:40+00:00,success,LEGACY_SOURCE_MANIFEST
SRC02957,K173420,https://www.accessdata.fda.gov/cdrh_docs/pdf17/K173420.pdf,510k_summary_pdf,b6b5b827183abb5970df46a64486589de47d2f8acbc2a584e8a4a73602a607ea,4e04c05f9613390a88c0b9a101ef26a723a29825e98ae6089d5526f95d8a6779,2026-06-30T15:10:45+00:00,success,LEGACY_SOURCE_MANIFEST
SRC02958,K172507,https://www.accessdata.fda.gov/scripts/cdrh/cfdocs/cfpmn/pmn.cfm?ID=K172507,fda_database_entry_html,b5b2de7c7410618f9b64831eb9ffe7e57765cf79f5bcd70c4d64466c3451c5a4,4af62d883d4c125f1b3e23374b30bfa2531e08f969335124b11a18e92653d7eb,2026-06-30T15:10:45+00:00,success,LEGACY_SOURCE_MANIFEST
SRC02959,K172507,https://www.accessdata.fda.gov/cdrh_docs/pdf17/K172507.pdf,510k_summary_pdf,4f056763e5814bdf050d42f87ada156b9166a7d3a09328d600ccfd9e3deae5ae,cee6bfc1992311d20aab03ba1dde41975797898c425bfeb95c0cd1d498111d6f,2026-06-30T15:10:46+00:00,success,LEGACY_SOURCE_MANIFEST
SRC02960,K163694,https://www.accessdata.fda.gov/scripts/cdrh/cfdocs/cfpmn/pmn.cfm?ID=K163694,fda_database_entry_html,591d72bbb03cdbf5cd56da753bd08b355cafaa30f7c0556ca1f0a5d584a43b4d,5ef8727ff150a515f586e183c1f3e140ae9b98abfd4cf9d18cfa3f91eeaf6cbc,2026-06-30T15:10:46+00:00,success,LEGACY_SOURCE_MANIFEST
SRC02961,K163694,https://www.accessdata.fda.gov/cdrh_docs/pdf16/K163694.pdf,510k_summary_pdf,69a456216d1ff770359813ad2534b738b2d70eed4b25e39e9aedfbb7c37ca042,8663b1a02a4b24bb3cf26fc634418aec442ebae5ca947c7e24579f0255065a79,2026-06-30T15:10:48+00:00,success,LEGACY_SOURCE_MANIFEST
SRC02962,K172803,https://www.accessdata.fda.gov/scripts/cdrh/cfdocs/cfpmn/pmn.cfm?ID=K172803,fda_database_entry_html,ae844417ec712ee694071ba2ac4342f6d107aa5080579df5afdde810f40d0df2,ca0c51033570947bca7aedde945f1bed2753ff2fc923e7cee27093c45ae05eff,2026-06-30T15:10:52+00:00,success,LEGACY_SOURCE_MANIFEST
SRC02963,K172803,https://www.accessdata.fda.gov/cdrh_docs/pdf17/K172803.pdf,510k_summary_pdf,cfb6d2d61ffe442260c5457426d158294767103352ddeeb1a31a635b0d60510c,33b2dd299cf30dbbd3549ab563fdc13c6d947260c68097d4a9d509c8999a692b,2026-06-30T15:10:55+00:00,success,LEGACY_SOURCE_MANIFEST
SRC02964,K163623,https://www.accessdata.fda.gov/scripts/cdrh/cfdocs/cfpmn/pmn.cfm?ID=K163623,fda_database_entry_html,25c2176c68a0c7592fd781e0e0a0a49c0e2236c16a5b1b455b0a72ccba3ea7d8,e58894bedba7b2d69fbccd676a19ef6f8d208d82feaedce31a76adfbab807308,2026-06-30T15:10:53+00:00,success,LEGACY_SOURCE_MANIFEST
SRC02965,K163623,https://www.accessdata.fda.gov/cdrh_docs/pdf16/K163623.pdf,510k_summary_pdf,e4c4f3775a0ceb10882b1e77ff77d544feef640e5acb2ece9a1be9c473e04484,e1d79bacef66db382d440df5a6e9e995e25af5d3fec13f32c90fd6590dea1d9b,2026-06-30T15:10:56+00:00,success,LEGACY_SOURCE_MANIFEST
SRC02966,K171936,https://www.accessdata.fda.gov/scripts/cdrh/cfdocs/cfpmn/pmn.cfm?ID=K171936,fda_database_entry_html,6f3793ee051e070f4b84fd8340f27e38a2bf4187fc1eb58b6bfb1b8205ec3f11,24048f9d884fcc88bf76fa3d7dc76bdfa94041ba45ca3dcdd65529f08b958582,2026-06-30T15:11:00+00:00,success,LEGACY_SOURCE_MANIFEST
SRC02967,K171936,https://www.accessdata.fda.gov/cdrh_docs/pdf17/K171936.pdf,510k_summary_pdf,30ed60490f83989883a82f52706eeecb37127c9c939161790dc5c37e038500fc,18d7b9cbd5d026e2411b2639ce5d6a576a60836760be01ac9fcb4393c6eda6e2,2026-06-30T15:11:01+00:00,success,LEGACY_SOURCE_MANIFEST
SRC02968,K172356,https://www.accessdata.fda.gov/scripts/cdrh/cfdocs/cfpmn/pmn.cfm?ID=K172356,fda_database_entry_html,c5f055746ba6a9d82bc70f1d5d352db3f79181bcd2e9d16a533eda9e58423796,8e9dc85d2122bcf2245b64de766bfa05c5244f0b0e5b388483d7c0519b9b024c,2026-06-30T15:11:01+00:00,success,LEGACY_SOURCE_MANIFEST
SRC02969,K172356,https://www.accessdata.fda.gov/cdrh_docs/pdf17/K172356.pdf,510k_summary_pdf,c16ea976585413aa4833fb621e153728fb1071c4ccdb0a4e9fc65aaab1e33a77,f03e4f4f290d43d6df155de8d3930dae80c6824dd88d651d523d9b1961aa441c,2026-06-30T15:11:03+00:00,success,LEGACY_SOURCE_MANIFEST
SRC02970,K172385,https://www.accessdata.fda.gov/scripts/cdrh/cfdocs/cfpmn/pmn.cfm?ID=K172385,fda_database_entry_html,09ab64f755276077a934834fda1393966ac90bcf579ba5dc86266fbb5fa273c8,2538baba201f830e3907b64523db09f1e51874beb0334d102f45f5964bafc71b,2026-06-30T15:11:07+00:00,success,LEGACY_SOURCE_MANIFEST
SRC02971,K172385,https://www.accessdata.fda.gov/cdrh_docs/pdf17/K172385.pdf,510k_summary_pdf,863ff8dacc95b19667f4e2ef2dbbddbc6a5aeb33480c31aea58882d91e1b3a8b,79e0e582013471252ff67bd320a0f46cfaa399738fc2c79a4a30cd7fab755ab5,2026-06-30T15:11:10+00:00,success,LEGACY_SOURCE_MANIFEST
SRC02972,K170981,https://www.accessdata.fda.gov/scripts/cdrh/cfdocs/cfpmn/pmn.cfm?ID=K170981,fda_database_entry_html,c94d3792fae0e7041e78efb3a96bdaa98e344e68a9ad964ba35f05312a705bde,921665c8eb30e701a9792851ea4e74ff4a9f04005eba02430664b3be2f1ac913,2026-06-30T15:11:09+00:00,success,LEGACY_SOURCE_MANIFEST
SRC02973,K170981,https://www.accessdata.fda.gov/CDRH510K/K170981.pdf,510k_summary_pdf,4eac22cc001fd2f543196190e79e1085dca97aee37b48c6dbc340c179905c3ad,e6986a52351366530327d741c8d79e29d6e843b348248e2ba2ad64f8ddc827b7,2026-06-30T15:11:14+00:00,success,LEGACY_SOURCE_MANIFEST
SRC02974,K170981,https://www.accessdata.fda.gov/cdrh_docs/pdf17/K170981.pdf,510k_summary_pdf,4eac22cc001fd2f543196190e79e1085dca97aee37b48c6dbc340c179905c3ad,e6986a52351366530327d741c8d79e29d6e843b348248e2ba2ad64f8ddc827b7,2026-06-30T15:11:25+00:00,success,LEGACY_SOURCE_MANIFEST
SRC02975,K163339,https://www.accessdata.fda.gov/scripts/cdrh/cfdocs/cfpmn/pmn.cfm?ID=K163339,fda_database_entry_html,07e1f9fbc4b82b3255a11bdc835efbcdee7956ed2f910fa05209f9b9790d00da,f6c0e4cb935013e58beeeeb900f74e59f50f82bc6185ffc584d88b3ea758a049,2026-06-30T15:11:09+00:00,success,LEGACY_SOURCE_MANIFEST
SRC02976,K163339,https://www.accessdata.fda.gov/cdrh_docs/pdf16/K163339.pdf,510k_summary_pdf,79ceed84f5ef5f07f586a9f796259ccfe34d952de8b537090eee6fdb70158f2a,f2ffc276a2b92d5c911b8b2ae2827ca7b6fbec5a7909695ef3dcecb7901783c5,2026-06-30T15:11:14+00:00,success,LEGACY_SOURCE_MANIFEST
SRC02977,K172122,https://www.accessdata.fda.gov/scripts/cdrh/cfdocs/cfpmn/pmn.cfm?ID=K172122,fda_database_entry_html,284569f791ab66d769c23f461a208a029a3a985e3b10a6d7235b892854f621fa,0f97eef9221e9ba979c0ead11a9dbb5fe4ae77118dd3efa93ca3ae57f13d9681,2026-06-30T15:11:16+00:00,success,LEGACY_SOURCE_MANIFEST
SRC02978,K172122,https://www.accessdata.fda.gov/cdrh_docs/pdf17/K172122.pdf,510k_summary_pdf,2227e9b7cd624082c79539e91894db7438d90821692d1d170cd2dfc95af6369e,986941159e2ae795eef00b45d17fa44e9ab8b1033e2709130bb231012d07c416,2026-06-30T15:11:19+00:00,success,LEGACY_SOURCE_MANIFEST
SRC02979,K171315,https://www.accessdata.fda.gov/scripts/cdrh/cfdocs/cfpmn/pmn.cfm?ID=K171315,fda_database_entry_html,7d6e4101b0eb4ae0a7424d20193ce2c79af9aa802f1694915ee26d905a6f1ce2,809e552ec6fcbf8635f7ba1ee4af1443a4a8fff98cc2e7d98b1e64bdee995871,2026-06-30T15:11:18+00:00,success,LEGACY_SOURCE_MANIFEST
SRC02980,K171315,https://www.accessdata.fda.gov/cdrh_docs/pdf17/K171315.pdf,510k_summary_pdf,b3a72e4ec04a02f2f25fa9844feed924fe2ba432d5074fa505961ca4334a1e07,5aab44187352cdee45ce231d29e3443df5804717e806f9225090f5df7401f190,2026-06-30T15:11:20+00:00,success,LEGACY_SOURCE_MANIFEST
SRC02981,K171315,http://www.accessdata.fda.gov/cdrh_docs/reviews/K171315.pdf,510k_summary_pdf,b3a72e4ec04a02f2f25fa9844feed924fe2ba432d5074fa505961ca4334a1e07,5aab44187352cdee45ce231d29e3443df5804717e806f9225090f5df7401f190,2026-06-30T15:11:30+00:00,success,LEGACY_SOURCE_MANIFEST
SRC02982,DEN170022,https://www.accessdata.fda.gov/scripts/cdrh/cfdocs/cfpmn/denovo.cfm?ID=DEN170022,fda_database_entry_html,40b4431151c85ea0dca97af3f3c0f1a5e3b7c1390f512f665b87a0a8e1f55374,fdd0d8f1793cf2ac7e72fcfb7926582b7b7ee18a35cd775d008e44e1f8ef070c,2026-06-30T15:11:21+00:00,success,LEGACY_SOURCE_MANIFEST
SRC02983,DEN170022,https://www.accessdata.fda.gov/cdrh_docs/pdf17/DEN170022.pdf,approval_order_pdf,af9f7a377763f5438deec4aa32495044c1c4dc59bd1202744b8f7e3706247b64,8518d844a020e03649e722371e429ec6320a6f01f0081591fa3b098580ccc1f6,2026-06-30T15:11:25+00:00,success,LEGACY_SOURCE_MANIFEST
SRC02984,DEN170022,http://www.accessdata.fda.gov/cdrh_docs/reviews/DEN170022.pdf,de_novo_summary_pdf,f828fb903814366faefcfa4a6cd3cc275c440561dea5f2cc5fedf0099581c9fc,0b807a1969189dddaa6ba039e7024c170af50738600da113e32155233e54d28e,2026-06-30T15:11:28+00:00,success,LEGACY_SOURCE_MANIFEST
SRC02985,P150046,https://www.accessdata.fda.gov/scripts/cdrh/cfdocs/cfpma/pma.cfm?id=P150046,fda_database_entry_html,6f42d0a01a1728b8ba78de417b895fbf123e6af69a8072293e157637c908c733,c5671d978052b75368aedfd4267484eec472c16c2e355e646ab7f4b0f3ab1a7a,2026-06-30T15:11:25+00:00,success,LEGACY_SOURCE_MANIFEST
SRC02986,P150046,https://www.accessdata.fda.gov/cdrh_docs/pdf15/P150046A.pdf,approval_order_pdf,a94a6307ebe965052ce6159eb7c5ada19321ace1d381f7ecfb6ec514f93e54ec,c6c443fadd25d70b430527935e1b9ac3ff1bbb33f676a4f4f3c52db05295c3fb,2026-06-30T15:11:30+00:00,success,LEGACY_SOURCE_MANIFEST
SRC02987,P150046,https://www.accessdata.fda.gov/cdrh_docs/pdf15/P150046B.pdf,pma_ssed_pdf,c270e30f203ff32c503356b7764991ab4714d1d57e0c0ef25b861c9d9ea54201,038762dcfd7c585a0e4a83e56f51876862b889ee6f1e1bb4066857bbc88d052b,2026-06-30T15:11:33+00:00,success,LEGACY_SOURCE_MANIFEST
SRC02988,P150046,https://www.accessdata.fda.gov/cdrh_docs/pdf15/P150046C.pdf,labeling_pdf,ecddb1c7b5832f4025aea2d9ea9ab829ae5d5f2973579cd2b7a62fc01e0d316c,72d179f0a7e10fcffe216d9808b6a1153e9b398b71b57eb36b3fd9d729cc3856,2026-06-30T15:11:36+00:00,success,LEGACY_SOURCE_MANIFEST
SRC02989,P150046,https://www.accessdata.fda.gov/cdrh_docs/pdf15/P150046D.pdf,labeling_pdf,b64deb35118486c325463ae1ac3c6f205a9dc787f0482db458565046a7d6e1d6,1ef2c81b9815ba6dfea7d480d10e224e367877c9c8cb2f750faf7469d9dea079,2026-06-30T15:12:01+00:00,success,LEGACY_SOURCE_MANIFEST
SRC02990,K170568,https://www.accessdata.fda.gov/scripts/cdrh/cfdocs/cfpmn/pmn.cfm?ID=K170568,fda_database_entry_html,fe24bc75731fc6758faa60398bdde6abe892028c50564a08920922bf629229df,40cbf6599f7e02b04a514e69c9f15e3ea27cb7c8f4674b5550c2be9a2bba8f79,2026-06-30T15:11:27+00:00,success,LEGACY_SOURCE_MANIFEST
SRC02991,K170568,https://www.accessdata.fda.gov/cdrh_docs/pdf17/K170568.pdf,510k_summary_pdf,a5cfb25a21800913e454512b5487769635ea4c7765d3bd654994ebf8b2e9ad64,d66daee45da8e26035846511d3586444941b29c11f9e363ab6bf1c4e23c86fa3,2026-06-30T15:11:30+00:00,success,LEGACY_SOURCE_MANIFEST
SRC02992,K170747,https://www.accessdata.fda.gov/scripts/cdrh/cfdocs/cfpmn/pmn.cfm?ID=K170747,fda_database_entry_html,4494188ccf81c33c3ca6a850277ca5fffd83d988e15f49aa3985cbc198531a2b,29e1b74523cd7b86238e6edb70a10a5648da9c91d2be9bad403f26dc9d92719b,2026-06-30T15:11:30+00:00,success,LEGACY_SOURCE_MANIFEST
SRC02993,K170747,https://www.accessdata.fda.gov/cdrh_docs/pdf17/K170747.pdf,510k_summary_pdf,ff6cead3e2a189a5a1e8a418ea7869fe012316651c0f579f4a51e59c9dfe5a64,98131734162a8076f07c20e1270568bcaf7a713c81027a0618e0bd612a257c1a,2026-06-30T15:11:32+00:00,success,LEGACY_SOURCE_MANIFEST
SRC02994,K170250,https://www.accessdata.fda.gov/scripts/cdrh/cfdocs/cfpmn/pmn.cfm?ID=K170250,fda_database_entry_html,6ce5a8028bda180e0a5b4cf8593dc80997517f2d31486b038e544a2a4ad55499,bf7c89227e0f7cabb4c78e0a37fadb2657cc62ff0b4fbb736ab1bc60638ae960,2026-06-30T15:11:34+00:00,success,LEGACY_SOURCE_MANIFEST
SRC02995,K170250,https://www.accessdata.fda.gov/cdrh_docs/pdf17/K170250.pdf,510k_summary_pdf,f493a4f36bb7a413b5823b0a2fcf660438530b2e7b2b397130b9427e35198c9c,9ea4013e73d0e3449c0e7d4550d8b5d9e8075d4d3a2e5ddd3c8cc6eab8a0b85d,2026-06-30T15:11:41+00:00,success,LEGACY_SOURCE_MANIFEST
SRC02996,K170172,https://www.accessdata.fda.gov/scripts/cdrh/cfdocs/cfpmn/pmn.cfm?ID=K170172,fda_database_entry_html,764785ec1b546750180d66d09302532267a6de11ad2b9972581c81140b3f5510,62a6330dd1c1c9158fe45486a5fd62c7f0e19230d408f58c4bcdfd6159272a55,2026-06-30T15:11:39+00:00,success,LEGACY_SOURCE_MANIFEST
SRC02997,K170172,https://www.accessdata.fda.gov/cdrh_docs/pdf17/K170172.pdf,510k_summary_pdf,25db066cd5f163a5c3d60156a48181978d5d641b7482e64651c9d6a2c8894328,578f1200b5dadbfd94922b80d1c1938ab02f06192541f45aceeb39580e6c85d8,2026-06-30T15:11:43+00:00,success,LEGACY_SOURCE_MANIFEST
SRC02998,K163622,https://www.accessdata.fda.gov/scripts/cdrh/cfdocs/cfpmn/pmn.cfm?ID=K163622,fda_database_entry_html,4a2583f9adb092a093907f8e16957e565be3a66e0694f458d4645158605d3918,6de6bf1112ce1edbdcc5dcb6b65b38e73f4669073d624fde665828b6c016510d,2026-06-30T15:11:48+00:00,success,LEGACY_SOURCE_MANIFEST
SRC02999,K163622,https://www.accessdata.fda.gov/cdrh_docs/pdf16/K163622.pdf,510k_summary_pdf,867ac389fd84ab4e0378b0d5edf174c8c31700653efde39832e09c3d3d3abec7,2e25d9bb66ca86455f828a5c0eae18dad88da088e050156c8d54f41ed814fb66,2026-06-30T15:11:52+00:00,success,LEGACY_SOURCE_MANIFEST
SRC03000,K163665,https://www.accessdata.fda.gov/scripts/cdrh/cfdocs/cfpmn/pmn.cfm?ID=K163665,fda_database_entry_html,48f2635a81e28e923bbe410a1278a6431f0a5b7944b1ee4e2e6d4cf5bfb1d8e0,e18b8f900e5a8e34308013222b0a6db7a0efe246e625a3f96bb3877e67e5e8c3,2026-06-30T15:11:49+00:00,success,LEGACY_SOURCE_MANIFEST
SRC03001,K163665,https://www.accessdata.fda.gov/cdrh_docs/pdf16/K163665.pdf,510k_summary_pdf,506be54835cc49f347fdf88063c6017cbc483fced0c0ccf3b403ad902a359a58,d85db7e767cd70393b844680045c66b51e3a2db2bcb255d2542670de98991f02,2026-06-30T15:11:55+00:00,success,LEGACY_SOURCE_MANIFEST
SRC03002,K170069,https://www.accessdata.fda.gov/scripts/cdrh/cfdocs/cfpmn/pmn.cfm?ID=K170069,fda_database_entry_html,9efde682cabc3086ddb9d11e97e8c58810b7765e7999af6c995c2cf8e8e7fced,2a42e912c0f6699481bb72100b978511a9457bd9e76948c6737387ccda6a6a6b,2026-06-30T15:11:56+00:00,success,LEGACY_SOURCE_MANIFEST
SRC03003,K170069,https://www.accessdata.fda.gov/cdrh_docs/pdf17/K170069.pdf,510k_summary_pdf,67dc61e74d82efac13ba157750729be589e7206f1437084da73a9a78d147e12c,f456b90317a4199c12e63932da9643b47fe6899528def83c8ba518ec1a67b57e,2026-06-30T15:11:58+00:00,success,LEGACY_SOURCE_MANIFEST
SRC03004,DEN160026,https://www.accessdata.fda.gov/scripts/cdrh/cfdocs/cfpmn/denovo.cfm?ID=DEN160026,fda_database_entry_html,9a26fd9ddb9cf24d7afad4c9c0cb7bef109da773846235ca3737a97faa51091c,72d6512337f3ae82e899d0f04126e6b8556273d96e7ff12a72109296d557d3a4,2026-06-30T15:11:59+00:00,success,LEGACY_SOURCE_MANIFEST
SRC03005,DEN160026,https://www.accessdata.fda.gov/cdrh_docs/pdf16/DEN160026.pdf,approval_order_pdf,1a2d2eb339b6a8b0e403875d805d7f27b05bad40968b4adb6608b8b7f2ad6fcf,b5028f5764272bea624aea8b451cfdaa906a67a0048f43bfeab977040543bfae,2026-06-30T15:12:00+00:00,success,LEGACY_SOURCE_MANIFEST
SRC03006,DEN160026,http://www.accessdata.fda.gov/cdrh_docs/reviews/DEN160026.pdf,de_novo_summary_pdf,75d13a55ece6f130684cf3a5654229d6a3ea8e476e85c7ffff2f81fea29c2591,bc0a03efebc2d604d64e7a5cde1fc17d8d0617b03700ba5b40d63ef11abf8523,2026-06-30T15:12:11+00:00,success,LEGACY_SOURCE_MANIFEST
SRC03007,P160009,https://www.accessdata.fda.gov/scripts/cdrh/cfdocs/cfpma/pma.cfm?id=P160009,fda_database_entry_html,2e668a34e57ca056e674a46df327f6f99fbbc7f23a6187ef248e2f162de4c443,3df610bad066c3f93e4b0e1226fbde9ce6842254372c5ca1e733c6934014333a,2026-06-30T15:12:07+00:00,success,LEGACY_SOURCE_MANIFEST
SRC03008,P160009,https://www.accessdata.fda.gov/cdrh_docs/pdf16/P160009A.pdf,approval_order_pdf,c5d392b08d98291b9ca1cb6fe68fa936b4ddb12a02bf233d8c4ad584870af2f3,e681fa26c036bc90d4dae7391d217aec0827e208e789ed7a32b08ca64256b982,2026-06-30T15:12:10+00:00,success,LEGACY_SOURCE_MANIFEST
SRC03009,P160009,https://www.accessdata.fda.gov/cdrh_docs/pdf16/P160009B.pdf,pma_ssed_pdf,aabd595b3e7434576f31922c453d37da469c80fff738359d80aaa5a1bfd3fa7c,abd2a717361f9c04da6f3e867a3b3d90f81f5e260c8748dd876909244e17b6fd,2026-06-30T15:12:12+00:00,success,LEGACY_SOURCE_MANIFEST
SRC03010,P160009,https://www.accessdata.fda.gov/cdrh_docs/pdf16/P160009C.pdf,labeling_pdf,c75fdf978662d95e0d91dbb1c69a13db029ae7d19ae1c94df2a4295c459e9b74,444a2f60b1296155f8b894883d99546660ff3191960329a90a28920ae673d906,2026-06-30T15:12:21+00:00,success,LEGACY_SOURCE_MANIFEST
SRC03011,K162855,https://www.accessdata.fda.gov/scripts/cdrh/cfdocs/cfpmn/pmn.cfm?ID=K162855,fda_database_entry_html,08993d11fcf0b10dea7a8e19f05d6851fdf31eeee3887d9870f81c09456fa190,c5e7319d974070692b02bbfa5e0aec27bfc7300e7d717ca4ec9cdb9f85873a16,2026-06-30T15:12:08+00:00,success,LEGACY_SOURCE_MANIFEST
SRC03012,K162855,https://www.accessdata.fda.gov/cdrh_docs/pdf16/K162855.pdf,510k_summary_pdf,b6d87af859339bf0303a765c622a00feccad834a1aafefeb467ee7c18f4a8218,ed7f41d84726df67b84be4d76105e4ac33db590ad458b17c04ba25122d8bcf96,2026-06-30T15:12:15+00:00,success,LEGACY_SOURCE_MANIFEST
SRC03013,K162830,https://www.accessdata.fda.gov/scripts/cdrh/cfdocs/cfpmn/pmn.cfm?ID=K162830,fda_database_entry_html,40ee3da75803907f9d8a0722a3bc96b15e8afaebe3dfdd7d4dc85810a6a1e065,87f20703ec8cf95bd096d8a08988cdcfa5402e72a0fd47de77f18eeea47bfeed,2026-06-30T15:12:09+00:00,success,LEGACY_SOURCE_MANIFEST
SRC03014,K162830,https://www.accessdata.fda.gov/cdrh_docs/pdf16/K162830.pdf,510k_summary_pdf,e980b8f23a8d8acfeba5ce5d1202a8fe67d2207ebde6bd4dac8f392c857089f7,a1befea029b16800b10755b1d7b203ae88640073881c040776441323f24cb941,2026-06-30T15:12:12+00:00,success,LEGACY_SOURCE_MANIFEST
SRC03015,K163013,https://www.accessdata.fda.gov/scripts/cdrh/cfdocs/cfpmn/pmn.cfm?ID=K163013,fda_database_entry_html,31ae09d43da0792e12d20e1f868b3a17364d49e810bb4de537a02085bdd16942,a22137a9fb1a5c1aa092423fc83604dbb151252d2d62b10129ed0a548b9f1b08,2026-06-30T15:12:19+00:00,success,LEGACY_SOURCE_MANIFEST
SRC03016,K163013,https://www.accessdata.fda.gov/cdrh_docs/pdf16/K163013.pdf,510k_summary_pdf,186d52b8ad7320d1da3c1cdc35290e029d841637e871c667a070ade505040d6a,3c3455796bd24e3a91ed2641fa8c5636220f7f754c804cd994a1459340aa6553,2026-06-30T15:12:20+00:00,success,LEGACY_SOURCE_MANIFEST
SRC03017,K163253,https://www.accessdata.fda.gov/scripts/cdrh/cfdocs/cfpmn/pmn.cfm?ID=K163253,fda_database_entry_html,c02d39e814e0387411c50389aa0d07b7fea0485166f58e8e826d2eb156f80ee2,b21e46479f01e3e7033b1678a0333882a5c32a57d3113ab534ad1e76e13df456,2026-06-30T15:12:22+00:00,success,LEGACY_SOURCE_MANIFEST
SRC03018,K163253,https://www.accessdata.fda.gov/cdrh_docs/pdf16/K163253.pdf,510k_summary_pdf,4d8e19371024df79f02de9f868ba918372685c78b7c011ff7ea2d11332a1eea0,8daaf3f95068484aa835feb9650286cb7a899fc021868e61f90a742d689d8167,2026-06-30T15:12:26+00:00,success,LEGACY_SOURCE_MANIFEST
SRC03019,K161959,https://www.accessdata.fda.gov/scripts/cdrh/cfdocs/cfpmn/pmn.cfm?ID=K161959,fda_database_entry_html,9dd83ab8dd8f687b9f3d1347cdfff9a6a233b7627769d4a236eb058c8d647945,6f30bafc4b1564e206a2412984768132849de8daf245e499454badc20c37c787,2026-06-30T15:12:23+00:00,success,LEGACY_SOURCE_MANIFEST
SRC03020,K161959,https://www.accessdata.fda.gov/cdrh_docs/pdf16/K161959.pdf,510k_summary_pdf,b56885873b5eade201c1becdd1def14868872c9d539592b6bcbdff3cd94e1ee7,5d9d4e880b53cd92a8d40d26881469620d1e13c548f3f962cbf7d5cecea7f54e,2026-06-30T15:12:26+00:00,success,LEGACY_SOURCE_MANIFEST
SRC03021,K161322,https://www.accessdata.fda.gov/scripts/cdrh/cfdocs/cfpmn/pmn.cfm?ID=K161322,fda_database_entry_html,ae42e28e5e9e43f20699da8e398e9fa4dbde6f47c7262be7dedf6db1f9fce01b,03f5b3775dc5233df3863b62fc9194fbc7eb862053207fba10a1ebc73665e504,2026-06-30T15:12:24+00:00,success,LEGACY_SOURCE_MANIFEST
SRC03022,K161322,https://www.accessdata.fda.gov/cdrh_docs/pdf16/K161322.pdf,510k_summary_pdf,152f3c9c88f7f391901a6b1e3adb4beb4834a9af69d3dc16d62b96f5cff9df29,9a56f198d91eb78e2368412a3cfcd22c44ab01d71022afabce1b7361a6d4568d,2026-06-30T15:12:25+00:00,success,LEGACY_SOURCE_MANIFEST
SRC03023,K161834,https://www.accessdata.fda.gov/scripts/cdrh/cfdocs/cfpmn/pmn.cfm?ID=K161834,fda_database_entry_html,23a0651e5a0ef18d89f6b836b96b90f450a1bb22d81fce770fe1e163839bc9f9,26315d58daaf0608010d2ca3808931ca51044e9cf8e4e484d169348dde9d9e77,2026-06-30T15:12:24+00:00,success,LEGACY_SOURCE_MANIFEST
SRC03024,K161834,https://www.accessdata.fda.gov/cdrh_docs/pdf16/K161834.pdf,510k_summary_pdf,4af7327cdebf3eff0667d7ac0512826f94a02547234e5431176a44572bc32b70,1440498b0cf28cafdc83fe0e966d1dd836a917c65c94a8336b619293a67db4d3,2026-06-30T15:12:30+00:00,success,LEGACY_SOURCE_MANIFEST
SRC03025,K161834,http://www.accessdata.fda.gov/cdrh_docs/reviews/K161834.pdf,510k_summary_pdf,4af7327cdebf3eff0667d7ac0512826f94a02547234e5431176a44572bc32b70,1440498b0cf28cafdc83fe0e966d1dd836a917c65c94a8336b619293a67db4d3,2026-06-30T15:12:33+00:00,success,LEGACY_SOURCE_MANIFEST
SRC03026,K163138,https://www.accessdata.fda.gov/scripts/cdrh/cfdocs/cfpmn/pmn.cfm?ID=K163138,fda_database_entry_html,77f37968f6211b11ac31062100d5ceb52cffbcd9c18622603d55fd176f1383d1,37f488aa4dfc50139d2243b283a0c86bb6803ed66b803848e3fde3474db4fc11,2026-06-30T15:12:29+00:00,success,LEGACY_SOURCE_MANIFEST
SRC03027,K163138,https://www.accessdata.fda.gov/cdrh_docs/pdf16/K163138.pdf,510k_summary_pdf,5b79a78d304afb3b0b05af90814f0919942c0a1447cd6934d643ce87309113ab,dbb3c7a70b506020834cab9b6f1577d9bc0766121f8f1ae9694255a7032ab39e,2026-06-30T15:12:35+00:00,success,LEGACY_SOURCE_MANIFEST
SRC03028,P150043,https://www.accessdata.fda.gov/scripts/cdrh/cfdocs/cfpma/pma.cfm?id=P150043,fda_database_entry_html,ea0c5dc0ca2437cc6ce79793a882454137c0748e2e13eba4323ebc4a98c48dec,c880dceb71820132a1ccf6f69c8370065f5ca482461ec4c00e05de7d1cd8a42b,2026-06-30T15:12:29+00:00,success,LEGACY_SOURCE_MANIFEST
SRC03029,P150043,https://www.accessdata.fda.gov/cdrh_docs/pdf15/P150043A.pdf,approval_order_pdf,0bb51aa97580a9d4b95484f2454edfa470e68740c10c18ee2270ac8c84d10aa3,148e70fa5cf31a57484a3ad951f8a729be064c8c0b91ddfc5b798bad314285f9,2026-06-30T15:12:35+00:00,success,LEGACY_SOURCE_MANIFEST
SRC03030,P150043,https://www.accessdata.fda.gov/cdrh_docs/pdf15/P150043B.pdf,pma_ssed_pdf,4f1155499f2c31022ef1a107432df65e8cb7e8618543078265474804f08ec50f,626facae4f7ba6647697993ffa03730c5be60e6060cbf0fdcfc4bb27a6e5a3b5,2026-06-30T15:12:39+00:00,success,LEGACY_SOURCE_MANIFEST
SRC03031,P150043,https://www.accessdata.fda.gov/cdrh_docs/pdf15/P150043C.pdf,labeling_pdf,b6319e8383b5f90af2f603064e008f25b6f04d836f9e2677747c6d02a8433917,7162e2876959f695e6f45e756bdd009c6a892b11ad80e64c6deb2be10f3a5838,2026-06-30T15:12:43+00:00,success,LEGACY_SOURCE_MANIFEST
SRC03032,K160401,https://www.accessdata.fda.gov/scripts/cdrh/cfdocs/cfpmn/pmn.cfm?ID=K160401,fda_database_entry_html,7a5c7147b9605d942796cf6d31d574b46c2b840c9289fcacd94f7f2721896425,c943e216ee3d7269676481fdb095e9d4e3ffe08e1c85112021b6c0167688d139,2026-06-30T15:12:31+00:00,success,LEGACY_SOURCE_MANIFEST
SRC03033,K160401,https://www.accessdata.fda.gov/cdrh_docs/pdf16/K160401.pdf,510k_summary_pdf,a5b467a0990088a9d106755f1325d4b24dd553ef6ca04d4f397a0b786a263145,439a1721ccf2642a937d171a4671f36a3f595ac59341a1a3800451aa00bf06d0,2026-06-30T15:12:35+00:00,success,LEGACY_SOURCE_MANIFEST
SRC03034,K161068,https://www.accessdata.fda.gov/scripts/cdrh/cfdocs/cfpmn/pmn.cfm?ID=K161068,fda_database_entry_html,624b8e1bc4c6af1c8b3aed0b3129d9e8f9c6b44e28dc43715ddee189f1231c2c,f66eb4189ab7f20bb195cd49ae25bd980612b8cd2e6345f0c0d4d62b13d9fe26,2026-06-30T15:12:33+00:00,success,LEGACY_SOURCE_MANIFEST
SRC03035,K161068,https://www.accessdata.fda.gov/cdrh_docs/pdf16/K161068.pdf,510k_summary_pdf,6a404d1df4c6bd5c2b035b2d8d2a3a0cdbe98d5e56c88ebe39347015a6412dee,4e73fc544649127ad3deca00906cffa551e1cec2c6f5b40b6a361633c8191219,2026-06-30T15:12:37+00:00,success,LEGACY_SOURCE_MANIFEST
SRC03036,K161625,https://www.accessdata.fda.gov/scripts/cdrh/cfdocs/cfpmn/pmn.cfm?ID=K161625,fda_database_entry_html,3fc2bd74e4fc75000d94608e383f33a3a881a8fb3de8a96bc018b5ad05cef8bd,59d8771c33ac983ea3a347706ec28e37bec9963255ae147d8952fabc098a916d,2026-06-30T15:12:42+00:00,success,LEGACY_SOURCE_MANIFEST
SRC03037,K161625,https://www.accessdata.fda.gov/cdrh_docs/pdf16/K161625.pdf,510k_summary_pdf,8c1dcf10d3b1b6464f4f84ea508c392db9bf499cc4d0575e370ed9f1468c6872,c8bcf0c3d2f5ecc896bbc27a0a82ecbb88163910092dbaaa7bed88b0d190fd14,2026-06-30T15:12:51+00:00,success,LEGACY_SOURCE_MANIFEST
SRC03038,K161201,https://www.accessdata.fda.gov/scripts/cdrh/cfdocs/cfpmn/pmn.cfm?ID=K161201,fda_database_entry_html,3240b18f6675509f23ac3f14300774312fea4353dd8b888f9c5a43ea40ae9e9c,dadf7392842009241ec7ef4426af05250f7ebd3c84ebaa10bc359b0456d8c8bc,2026-06-30T15:12:45+00:00,success,LEGACY_SOURCE_MANIFEST
SRC03039,K161201,https://www.accessdata.fda.gov/CDRH510K/K161201.pdf,510k_summary_pdf,,,2026-06-30T15:35:50+00:00,failed,LEGACY_SOURCE_MANIFEST
SRC03040,K161201,https://www.accessdata.fda.gov/cdrh_docs/pdf16/K161201.pdf,510k_summary_pdf,2ca6be650983cbd0392fedf2a41960201fb85dba802a4806ae5503b5eeb9501f,548bd17ec735fc471343b522fcf15bcf73163dc900eff9c278c811ae9952e837,2026-06-30T15:12:57+00:00,success,LEGACY_SOURCE_MANIFEST
SRC03041,K161772,https://www.accessdata.fda.gov/scripts/cdrh/cfdocs/cfpmn/pmn.cfm?ID=K161772,fda_database_entry_html,087985e8e60965d9a0e03158bf23ea0d35001bbaa683d6b188b7b3519b20b914,a92e677e048143167f65f74022f8c29f1298e14c07b289b4fc8a99deac5dae54,2026-06-30T15:12:46+00:00,success,LEGACY_SOURCE_MANIFEST
SRC03042,K161772,https://www.accessdata.fda.gov/cdrh_docs/pdf16/K161772.pdf,510k_summary_pdf,c40850b6098b35d5fb0fc09364d766d56b270c02c851c3319954f39c5d5d264d,04a74be2fd98b88a74bb5529283081d80f892145a939884c5fb3be944ec31379,2026-06-30T15:12:49+00:00,success,LEGACY_SOURCE_MANIFEST
SRC03043,K161148,https://www.accessdata.fda.gov/scripts/cdrh/cfdocs/cfpmn/pmn.cfm?ID=K161148,fda_database_entry_html,5c4e8b3401ac30528e7a523968aa74af111cac17cb637133d86ba24e1b8d2a33,d90090f02585958ffbcb58ffeb6b4cf4bbcd107504e1ab7fe280d107dc07a228,2026-06-30T15:13:01+00:00,success,LEGACY_SOURCE_MANIFEST
SRC03044,K161148,https://www.accessdata.fda.gov/cdrh_docs/pdf16/K161148.pdf,510k_summary_pdf,cd6c42421ea47069840869eeafcbd91a2a98b7d5b74004e33449e917fb5c2fc4,ceff9f09262ad5c38ae42f276aa130092a2b9f88bb54bcd7f8363bf574f33e0f,2026-06-30T15:13:04+00:00,success,LEGACY_SOURCE_MANIFEST
SRC03045,K160338,https://www.accessdata.fda.gov/scripts/cdrh/cfdocs/cfpmn/pmn.cfm?ID=K160338,fda_database_entry_html,5ea5641395a064a75c213bd151b4e004acbfb0de30b85ff27eb7eec87fa234c0,99b1bb81786c6a44616ff70b010a6588805b75404176a41a878b451fa819205b,2026-06-30T15:13:02+00:00,success,LEGACY_SOURCE_MANIFEST
SRC03046,K160338,https://www.accessdata.fda.gov/cdrh_docs/pdf16/K160338.pdf,510k_summary_pdf,952765017d6cea9c3eaeb9adbe8fe12dcbb35827fe344a10ea9ebf31d1758013,5071c3fe8b43112d5a5887d134bb01df516af2915e5570c8d2d4db10b05d5a44,2026-06-30T15:13:07+00:00,success,LEGACY_SOURCE_MANIFEST
SRC03047,K161382,https://www.accessdata.fda.gov/scripts/cdrh/cfdocs/cfpmn/pmn.cfm?ID=K161382,fda_database_entry_html,acd2735c8cac8ec07174aff8873d2e3b1bdc5a762c6c387fe467d1793cc860a6,f5499538d673c10df8220732e3924d6d192738a856d7437dcdcc4f06770777f9,2026-06-30T15:13:03+00:00,success,LEGACY_SOURCE_MANIFEST
SRC03048,K161382,https://www.accessdata.fda.gov/cdrh_docs/pdf16/K161382.pdf,510k_summary_pdf,95ea944610326064a12cbf53da253a66d3da60f9ab20c0dbc5c46951dc7ad423,7358cc107df5efc12ff4950eb4b2d0a63a2fcf1cec476a267e2b4854b6522379,2026-06-30T15:13:05+00:00,success,LEGACY_SOURCE_MANIFEST
SRC03049,K160016,https://www.accessdata.fda.gov/scripts/cdrh/cfdocs/cfpmn/pmn.cfm?ID=K160016,fda_database_entry_html,ba43d2d84f264c79519f4c01fd76c292493c332a976b60147677405390b86ab9,290e61f835f0c937da2deb2a941eb25ff35dca093d98ef62ce77e99b18e8c693,2026-06-30T15:13:07+00:00,success,LEGACY_SOURCE_MANIFEST
SRC03050,K160016,https://www.accessdata.fda.gov/cdrh_docs/pdf16/K160016.pdf,510k_summary_pdf,04e42903e7f5c28ba2e3fe6f8193857ebadfc79e7eb4cd356888d1b2366255cb,2841307a3b9198a1e15c199da11720c0d029af93dd5264175bbcf81825eebbb6,2026-06-30T15:13:10+00:00,success,LEGACY_SOURCE_MANIFEST
SRC03051,K160088,https://www.accessdata.fda.gov/scripts/cdrh/cfdocs/cfpmn/pmn.cfm?ID=K160088,fda_database_entry_html,897ca8ad8013ecffd7e02d6c241661d2078fa1773bcc57ef36f5dfd0b5837c2d,c5253f4ac0740be0df900ba14f4a9da95435c3c7a1c9167cb080cf5e3d7059b0,2026-06-30T15:13:10+00:00,success,LEGACY_SOURCE_MANIFEST
SRC03052,K160088,https://www.accessdata.fda.gov/cdrh_docs/pdf16/K160088.pdf,510k_summary_pdf,0ba183e3cd3e23e7c70aa43f9b289dfa176fe30c82ac98d35b472413754378c3,b8895123dafc0aad4516f1f850d948123c60483dbc977f762d119d70b0136311,2026-06-30T15:13:12+00:00,success,LEGACY_SOURCE_MANIFEST
SRC03053,K153351,https://www.accessdata.fda.gov/scripts/cdrh/cfdocs/cfpmn/pmn.cfm?ID=K153351,fda_database_entry_html,24ad2f184373f96e9704c49c7929ec45d9fbd223e1fc07ff80574160a7821cf0,ca8f5043ff1a57707edb97c7113afc266993fff70c1e46084a4f9d32f54d164d,2026-06-30T15:13:13+00:00,success,LEGACY_SOURCE_MANIFEST
SRC03054,K153351,https://www.accessdata.fda.gov/cdrh_docs/pdf15/K153351.pdf,510k_summary_pdf,ccfe7905e96ae4ebeef52c178a6983d6918b173c26843e478655f788d3a549ce,c6d64bb374103d6e77e54b64712412c8fb9341b7c67502183466a132cdc17900,2026-06-30T15:13:19+00:00,success,LEGACY_SOURCE_MANIFEST
SRC03055,K152733,https://www.accessdata.fda.gov/scripts/cdrh/cfdocs/cfpmn/pmn.cfm?ID=K152733,fda_database_entry_html,728612149255aae65465e1fd31d8c774424cc101012ea2b6f19209064ccff59f,c72876e3ffc2ce9885080f9d1dd0a21b8c4039fd9791fed8c23c1edcf7efddb0,2026-06-30T15:13:16+00:00,success,LEGACY_SOURCE_MANIFEST
SRC03056,K152733,https://www.accessdata.fda.gov/cdrh_docs/pdf15/K152733.pdf,510k_summary_pdf,46e31dfec4799232061dd95c9bd6434af7d9ae416d920a57d36867065c12a84f,c91c1583aa30d42d1fd928cca285d629aa271ff6522b82df62b882f86dfb6fcd,2026-06-30T15:13:20+00:00,success,LEGACY_SOURCE_MANIFEST
SRC03057,K153427,https://www.accessdata.fda.gov/scripts/cdrh/cfdocs/cfpmn/pmn.cfm?ID=K153427,fda_database_entry_html,608019f0be7186c577c32a0e1e40d051658d768e33662f80db2f35818f139300,5f3edd830f2dda8644beeef06d5a7fb760ee2a87d1355d8a696224414df52cf9,2026-06-30T15:13:18+00:00,success,LEGACY_SOURCE_MANIFEST
SRC03058,K153427,https://www.accessdata.fda.gov/cdrh_docs/pdf15/K153427.pdf,510k_summary_pdf,a1b770c0d3a64df49e0f1065a4a8ffcb8cab211f4178fdcc213c2ea8e098ff98,8c83f4c5b56a8dcbcea24ccc1f30175d224d478ef9f88e2353f96fc942524b8c,2026-06-30T15:13:23+00:00,success,LEGACY_SOURCE_MANIFEST
SRC03059,K150817,https://www.accessdata.fda.gov/scripts/cdrh/cfdocs/cfpmn/pmn.cfm?ID=K150817,fda_database_entry_html,ea0054ab3d12967ca973000360e7e5adbf97e94beec95509f82de6ded540d77a,7e50b403354cf69f465695ec25e53bfa9617f48d097ec18396a32985da9bf522,2026-06-30T15:13:21+00:00,success,LEGACY_SOURCE_MANIFEST
SRC03060,K150817,https://www.accessdata.fda.gov/cdrh_docs/pdf15/K150817.pdf,510k_summary_pdf,31aa6bd737da4a7812514d61fb671308ba8031eb6b8d4834d1ffba1edb4ca5af,f5c67023c0f210c4a22190eff5db99c7f55c6f4653699833fdf8de85b511a21d,2026-06-30T15:13:27+00:00,success,LEGACY_SOURCE_MANIFEST
SRC03061,K150817,http://www.accessdata.fda.gov/cdrh_docs/reviews/K150817.pdf,510k_summary_pdf,31aa6bd737da4a7812514d61fb671308ba8031eb6b8d4834d1ffba1edb4ca5af,f5c67023c0f210c4a22190eff5db99c7f55c6f4653699833fdf8de85b511a21d,2026-06-30T15:13:43+00:00,success,LEGACY_SOURCE_MANIFEST
SRC03062,K150102,https://www.accessdata.fda.gov/scripts/cdrh/cfdocs/cfpmn/pmn.cfm?ID=K150102,fda_database_entry_html,c9d8e67b4c3bde9c504a903955fa907c11c292901471e779e11925e2c67ac78c,98f0d4948bf86cb74252f017341890cc522e432e830050c706c8eefac31461c3,2026-06-30T15:13:27+00:00,success,LEGACY_SOURCE_MANIFEST
SRC03063,K150102,https://www.accessdata.fda.gov/cdrh_docs/pdf15/K150102.pdf,510k_summary_pdf,302cf5c7573c06347f36b0599dfb556ee912c348d45c964fed15385d8a0cc7e9,034df96c884ec53c223de6331a4017dfded92a637c9b1e68fd4783ec6d5b93ad,2026-06-30T15:13:30+00:00,success,LEGACY_SOURCE_MANIFEST
SRC03064,K142512,https://www.accessdata.fda.gov/scripts/cdrh/cfdocs/cfpmn/pmn.cfm?ID=K142512,fda_database_entry_html,fd649ccbb15ceb57b35393ded8bf55cec2a9c0382586e496f0027e8669ed6d91,5e771b4bca2583fdb08ad4329ccd142469609de8b14279625fa311e225cd5ed0,2026-06-30T15:13:29+00:00,success,LEGACY_SOURCE_MANIFEST
SRC03065,K142512,https://www.accessdata.fda.gov/cdrh_docs/pdf14/K142512.pdf,510k_summary_pdf,797638e16386d24b6f0465a1a696b894809dbb9ebb0feea175bc996030422806,4e2f0c5fd7ec8d0f678185ddecc905c8401787c6f9ff04a8a8c52868981a7d55,2026-06-30T15:13:32+00:00,success,LEGACY_SOURCE_MANIFEST
SRC03066,K143643,https://www.accessdata.fda.gov/scripts/cdrh/cfdocs/cfpmn/pmn.cfm?ID=K143643,fda_database_entry_html,e8db8b349b6ffae8e9eb0baaeb2d98517d92cd01d017ad865647982adbe6c90a,f7ebdb9260ed3fdfe66ef49f706d82572272238758324432b86c50be023ac532,2026-06-30T15:13:35+00:00,success,LEGACY_SOURCE_MANIFEST
SRC03067,K143643,https://www.accessdata.fda.gov/cdrh_docs/pdf14/K143643.pdf,510k_summary_pdf,43e4da4c642be9d481b7676e765f54bd04d954bbb102e45a9923dc25af73867e,90ffbcf4b7889c4f1c1c584ffcfe6b6ed7dbbc44ba12c895b8652f16ec4ce8ee,2026-06-30T15:13:49+00:00,success,LEGACY_SOURCE_MANIFEST
SRC03068,K142918,https://www.accessdata.fda.gov/scripts/cdrh/cfdocs/cfpmn/pmn.cfm?ID=K142918,fda_database_entry_html,61a910c959fdc70160075b947f5fed4d7e9394c11e50bc487442e078730ad085,fb67e511a19f8f663417ad3cb6c911429b00c9ea8981353690c825ff26227e42,2026-06-30T15:13:43+00:00,success,LEGACY_SOURCE_MANIFEST
SRC03069,K142918,https://www.accessdata.fda.gov/cdrh_docs/pdf14/K142918.pdf,510k_summary_pdf,8cf36776684ba2dd2f2e99872b77c3809971f07aec0fd0f020c9af39660cc31b,9131c9ab4fca5a50aaff8440c185067d4580bb1e1db1734325da06df816efb1d,2026-06-30T15:13:49+00:00,success,LEGACY_SOURCE_MANIFEST
SRC03070,K141922,https://www.accessdata.fda.gov/scripts/cdrh/cfdocs/cfpmn/pmn.cfm?ID=K141922,fda_database_entry_html,4ead91524a5ec115aa3dab565894083a9f0c80dcb31ff4155c942ccccb040faa,0dae6d14c846e7d59922f91226152517274d60f348a74b70cc0b4fe7a5eb4a09,2026-06-30T15:13:45+00:00,success,LEGACY_SOURCE_MANIFEST
SRC03071,K141922,https://www.accessdata.fda.gov/cdrh_docs/pdf14/K141922.pdf,510k_summary_pdf,2b94c05fb9e562de06f08457589444bde08074f688957461e916cd62b09e69e9,dab1e037f81de2e5b713a730f38e8f3fd19d4918edfe8fdb4a979e122c92969d,2026-06-30T15:13:51+00:00,success,LEGACY_SOURCE_MANIFEST
SRC03072,DEN140025,https://www.accessdata.fda.gov/scripts/cdrh/cfdocs/cfpmn/denovo.cfm?ID=DEN140025,fda_database_entry_html,52b2f8e3a230ea872c37ed3264297d5f1d62ee6134a91fc235d017c93e057ae8,daf954613df20984b7a5f24d8676a6d51c33851ba7167a835737138401a6c34c,2026-06-30T15:13:47+00:00,success,LEGACY_SOURCE_MANIFEST
SRC03073,DEN140025,https://www.accessdata.fda.gov/cdrh_docs/pdf14/DEN140025.pdf,approval_order_pdf,cf8133864ba290045c0a671d4c1a258569b861e3a005f5d45a70ab9890e6d1be,8671e148799ceae952307a514f67e69e66152713dbd8a222c4e7ee63cdaad0b3,2026-06-30T15:14:04+00:00,success,LEGACY_SOURCE_MANIFEST
SRC03074,DEN140025,http://www.accessdata.fda.gov/cdrh_docs/reviews/DEN140025.pdf,de_novo_summary_pdf,13e74a0042fd4def2a3fa4f7db75da4cbf1e6b50fc027c8cf94d032209f56144,29994716fcc1b2147f7ca4ae1b13b9bdea27ace5077db2e1305d5cacff2b6bae,2026-06-30T15:14:13+00:00,success,LEGACY_SOURCE_MANIFEST
SRC03075,K142037,https://www.accessdata.fda.gov/scripts/cdrh/cfdocs/cfpmn/pmn.cfm?ID=K142037,fda_database_entry_html,86955b4a0e106843a8b3c5915da04280f63dfa9136fb3608748db3f8d0049e59,1b106dfcebecc4760595817ede10af7ed0c37a02ba569b60b2fc22599773e92d,2026-06-30T15:13:56+00:00,success,LEGACY_SOURCE_MANIFEST
SRC03076,K142037,https://www.accessdata.fda.gov/cdrh_docs/pdf14/K142037.pdf,510k_summary_pdf,d80df39f02bcee6f9c71b0fe46cdf16af9ab0a21ecff4b7cc18c2e32cfa2840b,8ad9d18f36dd07d57b59f93ac18f1a9d190b2f2346374c1e87ebb98c42118e89,2026-06-30T15:14:01+00:00,success,LEGACY_SOURCE_MANIFEST
SRC03077,K141069,https://www.accessdata.fda.gov/scripts/cdrh/cfdocs/cfpmn/pmn.cfm?ID=K141069,fda_database_entry_html,41033d3f2b6294e449f1ab559538319602ab40d74c08ecca469b42c28d19d936,d51b28edd06ea7cdcb6bd107aaaf1397812b49ed90aebd2743ad38d22daf9b33,2026-06-30T15:13:59+00:00,success,LEGACY_SOURCE_MANIFEST
SRC03078,K141069,https://www.accessdata.fda.gov/cdrh_docs/pdf14/K141069.pdf,510k_summary_pdf,3ce1889f6425a7ddf63992d1161881b5415b50a24cfbdb2063581fac6b8df487,3ab135d145691cc2f64b7a6ea800786a581af7b7c8d2583309e74eed9d564496,2026-06-30T15:14:07+00:00,success,LEGACY_SOURCE_MANIFEST
SRC03079,K141480,https://www.accessdata.fda.gov/scripts/cdrh/cfdocs/cfpmn/pmn.cfm?ID=K141480,fda_database_entry_html,fcf226455c0799bf86be15a5cf038610dafc7e6d1b18fe5a0b33b0f0bd6fb336,40b9411c84b2951ba46b583fd7dc8f79fda5a9b6f1c19301a40af3c7aef000a8,2026-06-30T15:14:04+00:00,success,LEGACY_SOURCE_MANIFEST
SRC03080,K141480,https://www.accessdata.fda.gov/cdrh_docs/pdf14/K141480.pdf,510k_summary_pdf,15b04050a33c0dad63d22d527a9996018637cf48cc84ec03446187f0fed4a2e1,a1b209213b3262b04a38474b5d7ea5cd890656ecea55d01395cbf230863bb13f,2026-06-30T15:14:09+00:00,success,LEGACY_SOURCE_MANIFEST
SRC03081,K133649,https://www.accessdata.fda.gov/scripts/cdrh/cfdocs/cfpmn/pmn.cfm?ID=K133649,fda_database_entry_html,2fa33a0e32d7ad24fbaebf25d7e0a3a59e5791c9f21ca7445e9d621db3e7238f,626959dc904e8fd0007c250e587071e083be85205def1177cfdaac5758774214,2026-06-30T15:14:06+00:00,success,LEGACY_SOURCE_MANIFEST
SRC03082,K133649,https://www.accessdata.fda.gov/cdrh_docs/pdf13/K133649.pdf,510k_summary_pdf,1634004c48aea66f7cc4d075bc13ec22bb65becce5be4c2c27ae16acd69c68be,dbf647e2c4653963d8f50c246843a1a297e6436b3f1cb848435ddb2b2790a5a0,2026-06-30T15:14:12+00:00,success,LEGACY_SOURCE_MANIFEST
SRC03083,K133259,https://www.accessdata.fda.gov/scripts/cdrh/cfdocs/cfpmn/pmn.cfm?ID=K133259,fda_database_entry_html,6d992ba4a832088f1254b28a9f3b795dd82f8e895660d55c59a5268543f73396,75540777d62f3fa47a1932b003453f9751ca9fcebd843774b87254bcc859ea18,2026-06-30T15:14:10+00:00,success,LEGACY_SOURCE_MANIFEST
SRC03084,K133259,https://www.accessdata.fda.gov/cdrh_docs/pdf13/K133259.pdf,510k_summary_pdf,cf4f579a0ed9bb7e36d8efac04b09e4df5317157447a198ca93502530a635351,6b574dc3286e5bd861bdc7004b4c3dc2076169f01f1631ace1df6ecedd0f66e0,2026-06-30T15:14:21+00:00,success,LEGACY_SOURCE_MANIFEST
SRC03085,K130831,https://www.accessdata.fda.gov/scripts/cdrh/cfdocs/cfpmn/pmn.cfm?ID=K130831,fda_database_entry_html,32787d3490ee5c41520456bbed03bec9682520c039f318a519dc06a9051b9c85,3ae67c0bebbbf71246302a7d1d82225bd06625ca0e0d88d9a7c85259150241b2,2026-06-30T15:14:20+00:00,success,LEGACY_SOURCE_MANIFEST
SRC03086,K130831,https://www.accessdata.fda.gov/cdrh_docs/pdf13/K130831.pdf,510k_summary_pdf,e92682da7112ba6142430cb4d581974b697273e69829e18cfac4ccde63eacd01,a621710c3736a9ac84038f229c948082cdc4dbff68e8f08068b259eb2bde1b11,2026-06-30T15:14:21+00:00,success,LEGACY_SOURCE_MANIFEST
SRC03087,K130831,http://www.accessdata.fda.gov/cdrh_docs/reviews/K130831.pdf,510k_summary_pdf,e92682da7112ba6142430cb4d581974b697273e69829e18cfac4ccde63eacd01,a621710c3736a9ac84038f229c948082cdc4dbff68e8f08068b259eb2bde1b11,2026-06-30T15:14:25+00:00,success,LEGACY_SOURCE_MANIFEST
SRC03088,K131044,https://www.accessdata.fda.gov/scripts/cdrh/cfdocs/cfpmn/pmn.cfm?ID=K131044,fda_database_entry_html,f654809c3554a0f94b1e9d1a75b3796510b1a2b5e8cfd3f8bb6a0f25ef40b158,02309ef69da78a4056a51f41340c8508d29b569385f1e2bb83ae94b2925a18ba,2026-06-30T15:14:21+00:00,success,LEGACY_SOURCE_MANIFEST
SRC03089,K131044,https://www.accessdata.fda.gov/cdrh_docs/pdf13/K131044.pdf,510k_summary_pdf,770d0bdc56095430a0357398cf853715c5e804cf67ea2cff8c390872a042936e,d188cf348f264d6706e622269c7106891213a60e00b1ef2fa3bd19e84bcf6a63,2026-06-30T15:14:22+00:00,success,LEGACY_SOURCE_MANIFEST
SRC03090,DEN130013,https://www.accessdata.fda.gov/scripts/cdrh/cfdocs/cfpmn/denovo.cfm?ID=DEN130013,fda_database_entry_html,fe69c628e7098ce4c97c6a5ab962467214453c5f45641303ed196debea9cb717,d0b51ba037fa4c80d5742b72e75c89a2f0863988f18807ae40ce4fb64beb3d1e,2026-06-30T15:14:21+00:00,success,LEGACY_SOURCE_MANIFEST
SRC03091,DEN130013,https://www.accessdata.fda.gov/cdrh_docs/pdf12/K124067.pdf,approval_order_pdf,d0e7588b91fa84c09eb68d2658335d6aa604a02e0cf2415add6365f61a98c591,53dffba3b320bed140b2486de6090d0616cff1b94ddc639367a00e661bc36486,2026-06-30T15:14:26+00:00,success,LEGACY_SOURCE_MANIFEST
SRC03092,DEN130013,http://www.accessdata.fda.gov/cdrh_docs/reviews/K124067.pdf,de_novo_summary_pdf,158e0394d766e656662e836bd4dcbd39352d24d63e96a89f703f50078c4745be,31dea529de449f8561b5f2b8d6e16735f10e0aaf5d9c97339d2d5dbb5ece8bbe,2026-06-30T15:14:31+00:00,success,LEGACY_SOURCE_MANIFEST
SRC03093,K120771,https://www.accessdata.fda.gov/scripts/cdrh/cfdocs/cfpmn/pmn.cfm?ID=K120771,fda_database_entry_html,13e734b5983468bf228f99ca9b400066453e32f6791281835f1c2e1526747f27,5a24bdb3027ad2035a79bfb410efaa6c99d7c9e44ac7b833bea0329de94a9730,2026-06-30T15:14:25+00:00,success,LEGACY_SOURCE_MANIFEST
SRC03094,K120771,https://www.accessdata.fda.gov/cdrh_docs/pdf12/K120771.pdf,510k_summary_pdf,d4205c67154cb4bc0a43795f3c15fcece9e6dfc02dfc9fb5265bff7af791f950,ec8aec9f0bfee19db397198a337703e60db877ca8a63a69dab17f3680e70be41,2026-06-30T15:14:29+00:00,success,LEGACY_SOURCE_MANIFEST
SRC03095,K120771,http://www.accessdata.fda.gov/cdrh_docs/reviews/K120771.pdf,510k_summary_pdf,d4205c67154cb4bc0a43795f3c15fcece9e6dfc02dfc9fb5265bff7af791f950,ec8aec9f0bfee19db397198a337703e60db877ca8a63a69dab17f3680e70be41,2026-06-30T15:14:39+00:00,success,LEGACY_SOURCE_MANIFEST
SRC03096,K123526,https://www.accessdata.fda.gov/scripts/cdrh/cfdocs/cfpmn/pmn.cfm?ID=K123526,fda_database_entry_html,1580bbc4d169deb505aa2d02d129b2581e4958a24bb85205466dfe03dd19b73a,dd20ac6399344eae15221620580144ff0f7d6ea2d559c9629bf3e29a7f6b0339,2026-06-30T15:14:27+00:00,success,LEGACY_SOURCE_MANIFEST
SRC03097,K123526,https://www.accessdata.fda.gov/cdrh_docs/pdf12/K123526.pdf,510k_summary_pdf,84fe04c10b74ad305a300e23474f3a93787303918ee58558874ec5e522b7a27e,37107feac3e55e92721f66e3651dc8437576841196ade9ea4050c6de08822f3c,2026-06-30T15:14:33+00:00,success,LEGACY_SOURCE_MANIFEST
SRC03098,P110014,https://www.accessdata.fda.gov/scripts/cdrh/cfdocs/cfpma/pma.cfm?id=P110014,fda_database_entry_html,4df792a3c86680f12f2980bee1b61caebfeb7774bbbd6da782b5d42a061a5bc3,d6f19b38f187b7bd6bada63e664221e5aad636c526c74276623bc72f7f13bc73,2026-06-30T15:14:29+00:00,success,LEGACY_SOURCE_MANIFEST
SRC03099,P110014,https://www.accessdata.fda.gov/cdrh_docs/pdf11/P110014A.pdf,approval_order_pdf,321f8d7aa07f423108edbda332c09b734386711b4eacce0a8d1da041b4ab6b97,a5628b1a2beaf09f6f80d33c77b92fe9a8fe1bbc839fc3256370709ccc869e91,2026-06-30T15:14:32+00:00,success,LEGACY_SOURCE_MANIFEST
SRC03100,P110014,https://www.accessdata.fda.gov/cdrh_docs/pdf11/P110014B.pdf,pma_ssed_pdf,517c18e995b4af47beaa5554bfc48610c84d81322d455025c7a9f2920396d520,a0deeb33eadca4b21e0e3cb416abae04e1d43294cb871994278760cc8629d3ae,2026-06-30T15:14:39+00:00,success,LEGACY_SOURCE_MANIFEST
SRC03101,P110014,https://www.accessdata.fda.gov/cdrh_docs/pdf11/P110014C.pdf,labeling_pdf,e0eff474fb349a9502e62adb9d088738a1e63031b8814dd983216dbccc50e0a3,553c9d170289cf29d207a4634ea4e41aeff8da4be8151fe6123f2434d2d1b34b,2026-06-30T15:15:14+00:00,success,LEGACY_SOURCE_MANIFEST
SRC03102,K121617,https://www.accessdata.fda.gov/scripts/cdrh/cfdocs/cfpmn/pmn.cfm?ID=K121617,fda_database_entry_html,af3daf1580974cee432249815b4c9f7bf84901cdfc18d57297834690233e4466,8f2b0e413a289ba241f2d5d3bb7901c2f2748a3f4239ca2907b115ac601b3884,2026-06-30T15:14:36+00:00,success,LEGACY_SOURCE_MANIFEST
SRC03103,K121617,https://www.accessdata.fda.gov/cdrh_docs/pdf12/K121617.pdf,510k_summary_pdf,0e338316c54a4194bb73882e73d9ceb3bd0723f9ab7e6d74a953f234f241c580,f337cf0d71015c38baca19d80d40f6f4a0bd5573e15f288c27d8e6c39fd9d57c,2026-06-30T15:14:38+00:00,success,LEGACY_SOURCE_MANIFEST
SRC03104,K120489,https://www.accessdata.fda.gov/scripts/cdrh/cfdocs/cfpmn/pmn.cfm?ID=K120489,fda_database_entry_html,c3dd0c953afd1e3ce8ab3538ea15e7031f253122582829dee8de698b30c90db2,50ad9ef9b508e4cbc5e781d3a90fc93d8fdd109db82a9e949cf72bb3f9ceb833,2026-06-30T15:14:39+00:00,success,LEGACY_SOURCE_MANIFEST
SRC03105,K120489,https://www.accessdata.fda.gov/cdrh_docs/pdf12/K120489.pdf,510k_summary_pdf,d9a36a6a8a86ea56e3047955415e50f0e1a50665352daabd4e5453edf027543d,bde659c3432f0dcc1136d31604b76c92262548725ed73222e8db84dd475163e9,2026-06-30T15:14:44+00:00,success,LEGACY_SOURCE_MANIFEST
SRC03106,K120489,http://www.accessdata.fda.gov/cdrh_docs/reviews/K120489.pdf,510k_summary_pdf,d9a36a6a8a86ea56e3047955415e50f0e1a50665352daabd4e5453edf027543d,bde659c3432f0dcc1136d31604b76c92262548725ed73222e8db84dd475163e9,2026-06-30T15:14:58+00:00,success,LEGACY_SOURCE_MANIFEST
SRC03107,K120161,https://www.accessdata.fda.gov/scripts/cdrh/cfdocs/cfpmn/pmn.cfm?ID=K120161,fda_database_entry_html,ee95908f6396d54b2390ed66d92eb507ea979b2805cd6ef81a9b0be38fdd7b7a,5fc9e8fa70c355e386e1fc4623ef6b07ab1e8b87a072aa48c8af792ed2ce6974,2026-06-30T15:14:45+00:00,success,LEGACY_SOURCE_MANIFEST
SRC03108,K120161,https://www.accessdata.fda.gov/cdrh_docs/pdf12/K120161.pdf,510k_summary_pdf,edd4450ee2296c9bc6c67b3bc0feada6e9448543c11f3cd3664e0c6e14b539d2,cac87adf4f6c9f4ef9b095653ac479b102feb4bc263f5542e14988eaf0b7cbcf,2026-06-30T15:14:46+00:00,success,LEGACY_SOURCE_MANIFEST
SRC03109,K111776,https://www.accessdata.fda.gov/scripts/cdrh/cfdocs/cfpmn/pmn.cfm?ID=K111776,fda_database_entry_html,45f15b4f99c03410fd2f71a4e4e2d3e6cd643cee08c0c5077972f175c2f259fc,a38539d950dbbdfca66b7ff1a438de53bbd68995c077dd5bfea42e86e02c3194,2026-06-30T15:14:51+00:00,success,LEGACY_SOURCE_MANIFEST
SRC03110,K111776,https://www.accessdata.fda.gov/cdrh_docs/pdf11/K111776.pdf,510k_summary_pdf,1689cdea03175d9c7e6234d3c818d6d2aaa7ce7e9c5e73a2f72caeb2a2906fcd,8542b94c29bb3c8e249e208fd6bfc899a42533d321d9f1791ed58ad23329810a,2026-06-30T15:14:52+00:00,success,LEGACY_SOURCE_MANIFEST
SRC03111,P090012,https://www.accessdata.fda.gov/scripts/cdrh/cfdocs/cfpma/pma.cfm?id=P090012,fda_database_entry_html,04e290e1c2d6bc8ae91ad2e315aee1316121bda4d337dc8ae8a30716751aa7f2,06183f720142bd740836261ac33dc6bbbefba0ffae5a69335d15638d2a36088c,2026-06-30T15:14:52+00:00,success,LEGACY_SOURCE_MANIFEST
SRC03112,P090012,https://www.accessdata.fda.gov/cdrh_docs/pdf9/P090012A.pdf,approval_order_pdf,1dfaab2c97d84062b4fdc5ba720f4e65a551a411bcb5e0364e84ba94ce5980c7,f9b9d4049afa80b8b225fa8c3ea4abe618d92f1da80f12d7b135be7c531e1453,2026-06-30T15:14:56+00:00,success,LEGACY_SOURCE_MANIFEST
SRC03113,P090012,https://www.accessdata.fda.gov/cdrh_docs/pdf9/P090012B.pdf,pma_ssed_pdf,734ba03aa918d684042938070729d9e5b728ce630d57c753af7e7c33d7fdb1aa,ba5c55f6992c3930a1d325a854bef7d76e810e7879e0071988fb74f5e309bb7c,2026-06-30T15:15:16+00:00,success,LEGACY_SOURCE_MANIFEST
SRC03114,P090012,https://www.accessdata.fda.gov/cdrh_docs/pdf9/P090012C.pdf,labeling_pdf,cd086a364f9189c8668d3a54603037270aa144f16b282bfcebf762662825e00b,1d6978f85a8b3a51618c35899c9e6c872d715bac21479225c30a42119bb92afd,2026-06-30T15:15:39+00:00,success,LEGACY_SOURCE_MANIFEST
SRC03115,K102778,https://www.accessdata.fda.gov/scripts/cdrh/cfdocs/cfpmn/pmn.cfm?ID=K102778,fda_database_entry_html,d32918bcb010721ac010615c7fb65dba6c2497fb43b9d5f70274e4434cc0c680,a12ff14175b44905fb253d7c1742cc8a071b8767bc59269d91b7a531f909b0c1,2026-06-30T15:14:55+00:00,success,LEGACY_SOURCE_MANIFEST
SRC03116,K102778,https://www.accessdata.fda.gov/cdrh_docs/pdf10/K102778.pdf,510k_summary_pdf,4467e7116c14d7a63dfd692b1ed18d705c3bc06e46c18bfc6561ff87eb133fc5,a838f015ce5a35e281b5a842ef8b3f17417b3682aa095400d36f37376091b77a,2026-06-30T15:14:56+00:00,success,LEGACY_SOURCE_MANIFEST
SRC03117,K102778,http://www.accessdata.fda.gov/cdrh_docs/reviews/K102778.pdf,510k_summary_pdf,4467e7116c14d7a63dfd692b1ed18d705c3bc06e46c18bfc6561ff87eb133fc5,a838f015ce5a35e281b5a842ef8b3f17417b3682aa095400d36f37376091b77a,2026-06-30T15:14:59+00:00,success,LEGACY_SOURCE_MANIFEST
SRC03118,K092967,https://www.accessdata.fda.gov/scripts/cdrh/cfdocs/cfpmn/pmn.cfm?ID=K092967,fda_database_entry_html,3abee004714dc9d259be872765ce29af1be8e88facf8f5e49b335231b7ea933b,96e5c919b3c7eba8aeb89957cc27662e1bd04861c770824f13057293fbd9e49e,2026-06-30T15:14:58+00:00,success,LEGACY_SOURCE_MANIFEST
SRC03119,K092967,https://www.accessdata.fda.gov/cdrh_docs/pdf9/K092967.pdf,510k_summary_pdf,557b82dbcc9f62b4ae346bfc488ec9c0cf82e382a826fb4b43c7e7d8643ef2a0,bbc2a8e68fe0110beec44fdddd59420525a8261881a7c4afa3035170ae7dfdd7,2026-06-30T15:14:59+00:00,success,LEGACY_SOURCE_MANIFEST
SRC03120,K092967,http://www.accessdata.fda.gov/cdrh_docs/reviews/K092967.pdf,510k_summary_pdf,557b82dbcc9f62b4ae346bfc488ec9c0cf82e382a826fb4b43c7e7d8643ef2a0,bbc2a8e68fe0110beec44fdddd59420525a8261881a7c4afa3035170ae7dfdd7,2026-06-30T15:15:09+00:00,success,LEGACY_SOURCE_MANIFEST
SRC03121,K092116,https://www.accessdata.fda.gov/scripts/cdrh/cfdocs/cfpmn/pmn.cfm?ID=K092116,fda_database_entry_html,6797b4d7f1c3e2d10e9e3e0ae439c0ec51aaa8c2492a0692771ffe08585b12b8,8b3ad73d220da8c881c556eaf6edc504904f5164583b6b0ebc05f848652d2e22,2026-06-30T15:14:59+00:00,success,LEGACY_SOURCE_MANIFEST
SRC03122,K092116,https://www.accessdata.fda.gov/cdrh_docs/pdf9/K092116.pdf,510k_summary_pdf,4d7050e217579925b3fac494463470ecc0b406e44c8a6ab3d80f243f69e800cb,bd90c8e4fd92cb9258e4b8f206b2cfb8273f49f1b971358affe66fa140ff6cf8,2026-06-30T15:15:04+00:00,success,LEGACY_SOURCE_MANIFEST
SRC03123,K092116,http://www.accessdata.fda.gov/cdrh_docs/reviews/K092116.pdf,510k_summary_pdf,4d7050e217579925b3fac494463470ecc0b406e44c8a6ab3d80f243f69e800cb,bd90c8e4fd92cb9258e4b8f206b2cfb8273f49f1b971358affe66fa140ff6cf8,2026-06-30T15:15:08+00:00,success,LEGACY_SOURCE_MANIFEST
SRC03124,K080595,https://www.accessdata.fda.gov/scripts/cdrh/cfdocs/cfpmn/pmn.cfm?ID=K080595,fda_database_entry_html,904c7abf488cf801f067ec37149ad8f2072aab0a21a232a43e231b6cef81d481,56228c4d1979c03b7ab4787fa17c08cfb923982c15047cd7ef221431c282f46e,2026-06-30T15:15:08+00:00,success,LEGACY_SOURCE_MANIFEST
SRC03125,K080595,https://www.accessdata.fda.gov/CDRH510K/K080595.pdf,510k_summary_pdf,f598809ba5af9e86b516c40b4c5ed7bb6df8159169b9e12b94c822015ae43fea,996e7c3117b9af241c36db323cacfe1522f9f3f5beb217881ca885e03d9d29c0,2026-06-30T15:15:15+00:00,success,LEGACY_SOURCE_MANIFEST
SRC03126,K080595,https://www.accessdata.fda.gov/cdrh_docs/pdf8/K080595.pdf,510k_summary_pdf,f598809ba5af9e86b516c40b4c5ed7bb6df8159169b9e12b94c822015ae43fea,996e7c3117b9af241c36db323cacfe1522f9f3f5beb217881ca885e03d9d29c0,2026-06-30T15:15:40+00:00,success,LEGACY_SOURCE_MANIFEST
SRC03127,K080595,http://www.accessdata.fda.gov/cdrh_docs/reviews/K080595.pdf,510k_summary_pdf,f598809ba5af9e86b516c40b4c5ed7bb6df8159169b9e12b94c822015ae43fea,996e7c3117b9af241c36db323cacfe1522f9f3f5beb217881ca885e03d9d29c0,2026-06-30T15:15:40+00:00,success,LEGACY_SOURCE_MANIFEST
SRC03128,K082483,https://www.accessdata.fda.gov/scripts/cdrh/cfdocs/cfpmn/pmn.cfm?ID=K082483,fda_database_entry_html,b75ac7a6a6989f0c3ea8facd7d84a6935d94fc445630fa4b57c256780c558afc,59e4d4e8fe13d6e97259c897bc12bcf8bbf83399536f0742fa137de60f4173f0,2026-06-30T15:15:09+00:00,success,LEGACY_SOURCE_MANIFEST
SRC03129,K082483,https://www.accessdata.fda.gov/cdrh_docs/pdf8/K082483.pdf,510k_summary_pdf,839916176646f20a1e7b9066a215d023f3eb1053abfa83d8e56bb840140c077e,808730d5c7f9e7e6d6e1cdd5b485552a4fa86f79ab637739f4f390ce8f20109c,2026-06-30T15:15:13+00:00,success,LEGACY_SOURCE_MANIFEST
SRC03130,K080896,https://www.accessdata.fda.gov/scripts/cdrh/cfdocs/cfpmn/pmn.cfm?ID=K080896,fda_database_entry_html,af6d7d0a1038de91a9dd0d66a9c39d89fa6073cd3d27b4e443f5a905c725917e,a601cb1f34eba2bf9afb587a7155269fcb450a82be28873c4b78a99cd2c0c1df,2026-06-30T15:15:15+00:00,success,LEGACY_SOURCE_MANIFEST
SRC03131,K080896,https://www.accessdata.fda.gov/cdrh_docs/pdf8/K080896.pdf,510k_summary_pdf,d64f3a89ff91bd87273a4bbe7af84dcea4c070b10c4a885071d7c82280af8cde,d686dc5b5434131c2a4031adff6eb5bbfa311920b0d5eb628d91440e6f0b7085,2026-06-30T15:15:18+00:00,success,LEGACY_SOURCE_MANIFEST
SRC03132,K080896,http://www.accessdata.fda.gov/cdrh_docs/reviews/K080896.pdf,510k_summary_pdf,d64f3a89ff91bd87273a4bbe7af84dcea4c070b10c4a885071d7c82280af8cde,d686dc5b5434131c2a4031adff6eb5bbfa311920b0d5eb628d91440e6f0b7085,2026-06-30T15:15:39+00:00,success,LEGACY_SOURCE_MANIFEST
SRC03133,K081140,https://www.accessdata.fda.gov/scripts/cdrh/cfdocs/cfpmn/pmn.cfm?ID=K081140,fda_database_entry_html,44183d67c4241b45c1f4b47b164cfe9db962a53959eefddcb4ef55e847affc5d,06db87f978b9106df52ec5427b998cd638c483370c3beaf6c60c0ba01446862a,2026-06-30T15:15:19+00:00,success,LEGACY_SOURCE_MANIFEST
SRC03134,K081140,https://www.accessdata.fda.gov/cdrh_docs/pdf8/K081140.pdf,510k_summary_pdf,99641c1e108f6e1d00590733ad60664709eb4075519512daf79a8527ab87f97a,7cd3f8c0b1abfe5ff7dc4f35f4898161c391739f05b7ccf439da71771f65a579,2026-06-30T15:15:23+00:00,success,LEGACY_SOURCE_MANIFEST
SRC03135,K080762,https://www.accessdata.fda.gov/scripts/cdrh/cfdocs/cfpmn/pmn.cfm?ID=K080762,fda_database_entry_html,74099db5d06191c19efec2d85a29a4fdbcbab3dd55468f720ef0478214ebd55b,d897095c9b5118d500a734ac2dd20ec74af1c0aaa3b6e3370257e4e5a7806f82,2026-06-30T15:15:32+00:00,success,LEGACY_SOURCE_MANIFEST
SRC03136,K080762,https://www.accessdata.fda.gov/cdrh_docs/pdf8/K080762.pdf,510k_summary_pdf,253decfec0b78fe72fe58a9c006e7df8d914f12748d6252181cffdfe535fba31,760957bd1d2abe472f969222b74d2ca87fa2e0b9163f806ecb38dadb63cfa950,2026-06-30T15:15:37+00:00,success,LEGACY_SOURCE_MANIFEST
SRC03137,P040028,https://www.accessdata.fda.gov/scripts/cdrh/cfdocs/cfpma/pma.cfm?id=P040028,fda_database_entry_html,b660421c63c2847a7f68e9d005cb21f04eeadf19abdbbc8ac96797e6b58a3a8b,f21e441aaab515f32a1b0f6acfc4df629ef08475e7b088b18d6a288cdb1cb733,2026-06-30T15:15:39+00:00,success,LEGACY_SOURCE_MANIFEST
SRC03138,P040028,https://www.accessdata.fda.gov/cdrh_docs/pdf4/P040028A.pdf,approval_order_pdf,afdb00c7715241c4411800cb1c4d989110deb195ff982edf6c159d3d5d70af14,3ff43a27ec7eb2d095b276a5a8fe9d22cf05f15f190654badf8c0d27acd504e6,2026-06-30T15:15:44+00:00,success,LEGACY_SOURCE_MANIFEST
SRC03139,P040028,https://www.accessdata.fda.gov/cdrh_docs/pdf4/P040028B.pdf,pma_ssed_pdf,b219061d4678b11360f0d9b4d9dec037e21449f33b3df9c502f90f9c430cd03d,2755993a0f63d0f91b15a6218b723876bac45c4dea69fe0ee2a2971f1e1215a4,2026-06-30T15:15:47+00:00,success,LEGACY_SOURCE_MANIFEST
SRC03140,P040028,https://www.accessdata.fda.gov/cdrh_docs/pdf4/P040028C.pdf,labeling_pdf,160c85ca9c8794bf19194c11c9c9c62e268441e4aa21eec845a6727715591714,9ec52d794d15bac8b75891be1f9df1bf0bdd33fec1f33007fa39c2553e48e2fc,2026-06-30T15:16:26+00:00,success,LEGACY_SOURCE_MANIFEST
SRC03141,K043341,https://www.accessdata.fda.gov/scripts/cdrh/cfdocs/cfpmn/pmn.cfm?ID=K043341,fda_database_entry_html,cedada6d38d3a0b473aaf4e423649215427fcb27562ce1d448eb2bd3d234bc6f,497215450702762272b2907d3e57fd7f6eec219597127155f5d8e450e11067cf,2026-06-30T15:15:40+00:00,success,LEGACY_SOURCE_MANIFEST
SRC03142,K043341,https://www.accessdata.fda.gov/cdrh_docs/pdf4/K043341.pdf,510k_summary_pdf,58119f461fa8b1979762c258f87ba3f90dd7895acf8abc2433076507676754e3,7f2bac3889d586f7290360b0193274454f19c67ac835f777333d6bcb862a0925,2026-06-30T15:15:43+00:00,success,LEGACY_SOURCE_MANIFEST
SRC03143,K043341,http://www.accessdata.fda.gov/cdrh_docs/reviews/K043341.pdf,510k_summary_pdf,58119f461fa8b1979762c258f87ba3f90dd7895acf8abc2433076507676754e3,7f2bac3889d586f7290360b0193274454f19c67ac835f777333d6bcb862a0925,2026-06-30T15:15:53+00:00,success,LEGACY_SOURCE_MANIFEST
SRC03144,K033840,https://www.accessdata.fda.gov/scripts/cdrh/cfdocs/cfpmn/pmn.cfm?ID=K033840,fda_database_entry_html,349c85bea65b01ec9c38972cb9221e99eb11c09b6f4415934253b0fcaeb30e0a,7792d0e7477ce980efaf37d59ca42efdfe6d41a548f4fde86a58e5c10f382993,2026-06-30T15:15:43+00:00,success,LEGACY_SOURCE_MANIFEST
SRC03145,K033840,https://www.accessdata.fda.gov/cdrh_docs/pdf3/K033840.pdf,510k_summary_pdf,5266585d41c4a3a39888c12b3659b7ee8b28eab7a8a97a94f8d7b20a24d2097b,4e872e2e61922bae992b96a7ad915c6f37c610df816ae39a0687666f306661be,2026-06-30T15:15:46+00:00,success,LEGACY_SOURCE_MANIFEST
SRC03146,P010034,https://www.accessdata.fda.gov/scripts/cdrh/cfdocs/cfpma/pma.cfm?id=P010034,fda_database_entry_html,120dfce03c53b3ac9eb17f9522f674d050586cc3e92b24b7479969b3185f5507,dee6e2bfea1bef6c3ac36a584818d1b44958c3220426398c3e77a0024ea22582,2026-06-30T15:15:53+00:00,success,LEGACY_SOURCE_MANIFEST
SRC03147,P010034,https://www.accessdata.fda.gov/cdrh_docs/pdf/P010034A.pdf,approval_order_pdf,b1595271d6ccdfecc601ddacba8a89b26370b46767a2b6a8d47411bf5e56e352,e655c7e2a4fcc8c8f2d40fd9ecacfa34ec44bcecfcad5aad78cff9d17bab29ba,2026-06-30T15:15:55+00:00,success,LEGACY_SOURCE_MANIFEST
SRC03148,P010034,https://www.accessdata.fda.gov/cdrh_docs/pdf/P010034B.pdf,pma_ssed_pdf,663c50a9600ad336f2fe3d7e8cfdb5312568619c61f85a329f50b678ed19aead,11a13c5013ed296ac499ea62f96e30d3cfd4eb5237bcd5d8a707bc29204a81dd,2026-06-30T15:15:59+00:00,success,LEGACY_SOURCE_MANIFEST
SRC03149,P010034,https://www.accessdata.fda.gov/cdrh_docs/pdf/P010034C.pdf,labeling_pdf,35d626de2ce5938944390db21bc21c31c3d325208658aae904bfcbbb03bcd9bb,9cc2f5b3918a9e3141aa5db22de1aa380194b3e1cdfd6236a558d2344da417f2,2026-06-30T15:16:05+00:00,success,LEGACY_SOURCE_MANIFEST
SRC03150,P000041,https://www.accessdata.fda.gov/scripts/cdrh/cfdocs/cfpma/pma.cfm?id=P000041,fda_database_entry_html,686b3a9dacfbc3f8b63316b5d6e795c6a7ee2bc3a23cff206ea936d57d34a256,f5df5a9487bb1874cdbd11ecb98b8cbe07a5ac7a32c7e75e045a0d1c4e3df196,2026-06-30T15:15:55+00:00,success,LEGACY_SOURCE_MANIFEST
SRC03151,P000041,https://www.accessdata.fda.gov/cdrh_docs/pdf/P000041A.pdf,approval_order_pdf,65ccac3300ad2a64062c4ecb1e87552b7d21499ccef7ab8256dd8750f7caecb7,93d1dfd69c2e6e26b75d5a9e6423fd14367266aa6460433e35948aa0fca81306,2026-06-30T15:16:03+00:00,success,LEGACY_SOURCE_MANIFEST
SRC03152,P000041,https://www.accessdata.fda.gov/cdrh_docs/pdf/P000041B.pdf,pma_ssed_pdf,ac9098fcaef8343978bd01b658a9788a1cdf994e435682ad51734630804d509a,3e35b28d610922eefdb6deb9d09f680715952157997ecbd979074108700386d9,2026-06-30T15:16:08+00:00,success,LEGACY_SOURCE_MANIFEST
SRC03153,P000041,https://www.accessdata.fda.gov/cdrh_docs/pdf/P000041C.pdf,labeling_pdf,b606b81649c7a78012806b2f3dcdf066c501b698c439a515e17ab6fe98a63568,2955b75d037b63e539171419ffec9017c39b6aa94b65dcdbccc8a043a182ac94,2026-06-30T15:16:17+00:00,success,LEGACY_SOURCE_MANIFEST
SRC03154,K003301,https://www.accessdata.fda.gov/scripts/cdrh/cfdocs/cfpmn/pmn.cfm?ID=K003301,fda_database_entry_html,d3cdd8208a86104fba731c873592e0d891fe61ef229a954374fc247f6e42a449,3dc7ec27e20dc85a56c4bb860ad5fb9f1609235b430171060ca1599db83d032f,2026-06-30T15:15:58+00:00,success,LEGACY_SOURCE_MANIFEST
SRC03155,K003301,https://www.accessdata.fda.gov/cdrh_docs/pdf/K003301.pdf,510k_summary_pdf,6a036420eb334cbdd793a983762aea5c4028c65864ab8d4a9d244c9a55169835,c9f9ebec2998c5c82ea713169e2715ef204340365ec43065b1477235ce7baafe,2026-06-30T15:16:02+00:00,success,LEGACY_SOURCE_MANIFEST
SRC03156,P980025,https://www.accessdata.fda.gov/scripts/cdrh/cfdocs/cfpma/pma.cfm?id=P980025,fda_database_entry_html,49d3ce7145b74375be617f683e5064d7bf07174fce6a39f905580995347f8a77,6603818dc5a0a8c1f545c7884fabc0134466d45c823b24eee78abca556543c72,2026-06-30T15:16:10+00:00,success,LEGACY_SOURCE_MANIFEST
SRC03157,P980025,https://www.accessdata.fda.gov/scripts/cdrh/cfdocs/cfpma/pma.cfm?id=P980025,unavailable,,,2026-06-30T15:35:53+00:00,unavailable,LEGACY_SOURCE_MANIFEST
SRC03158,P970058,https://www.accessdata.fda.gov/scripts/cdrh/cfdocs/cfpma/pma.cfm?id=P970058,fda_database_entry_html,77cb83d482d086676cbce2aebe52db771ddbb6e75d15dd2a817533a24f8ad122,16889217212d5aa95af70d7da43afd1735db19b2145275119259be634cf0e0ae,2026-06-30T15:16:11+00:00,success,LEGACY_SOURCE_MANIFEST
SRC03159,P970058,https://www.accessdata.fda.gov/scripts/cdrh/cfdocs/cfpma/pma.cfm?id=P970058,unavailable,,,2026-06-30T15:35:53+00:00,unavailable,LEGACY_SOURCE_MANIFEST
SRC03160,K955841,https://www.accessdata.fda.gov/scripts/cdrh/cfdocs/cfpmn/pmn.cfm?ID=K955841,fda_database_entry_html,b95b89bedbe02eee5bd632eebe7f0980aa9c30a98eea8f0248406f2d06f79ed3,d1825f3442a6ea417c67ed63b1f7a1a6b7214d11eec1f32c70ad99c8d906fbec,2026-06-30T15:16:12+00:00,success,LEGACY_SOURCE_MANIFEST
SRC03161,K955841,https://www.accessdata.fda.gov/cdrh_docs/pdf/K955841.pdf,510k_summary_pdf,4455ac48f708d509aae70657956e20e2243181214d25a8f9a01819faff970faf,39a92a30f48076f46e864fbc5a5ceb6bfde35ac2ff7ad0d26f3906f86965d65a,2026-06-30T15:16:16+00:00,success,LEGACY_SOURCE_MANIFEST
SRC03162,P940029,https://www.accessdata.fda.gov/scripts/cdrh/cfdocs/cfpma/pma.cfm?id=P940029,fda_database_entry_html,964a2cdfaa6e78d4476f5ab288e925abe869c0d6af0eafb71c496d34ff2a43a6,53ed09c5c66c0049fbab4e55b16ba877ed0acf041f430581ebf5bf30434d017d,2026-06-30T15:16:13+00:00,success,LEGACY_SOURCE_MANIFEST
SRC03163,P940029,https://www.accessdata.fda.gov/scripts/cdrh/cfdocs/cfpma/pma.cfm?id=P940029,unavailable,,,2026-06-30T15:35:53+00:00,unavailable,LEGACY_SOURCE_MANIFEST
SRC03164,P950009,https://www.accessdata.fda.gov/scripts/cdrh/cfdocs/cfpma/pma.cfm?id=P950009,fda_database_entry_html,d07f2e799cd011f7a333752136f2c32bbf2929c6978bd3fe1ca7229925724be1,4e6c7b2482f3e0b215df4afc7fafcec3e96204947958bcc9fc8abc067ca83931,2026-06-30T15:16:16+00:00,success,LEGACY_SOURCE_MANIFEST
SRC03165,P950009,https://www.accessdata.fda.gov/scripts/cdrh/cfdocs/cfpma/pma.cfm?id=P950009,unavailable,,,2026-06-30T15:35:53+00:00,unavailable,LEGACY_SOURCE_MANIFEST
SRC03166,K183282,https://www.accessdata.fda.gov/CDRH510K/K183282.pdf,510k_summary_pdf,,,2026-06-30T15:35:35+00:00,failed,LEGACY_SOURCE_MANIFEST
SRC03167,K161201,https://www.accessdata.fda.gov/CDRH510K/K161201.pdf,510k_summary_pdf,,,2026-06-30T15:35:50+00:00,failed,LEGACY_SOURCE_MANIFEST
SRC03168,P130020/S005,https://www.accessdata.fda.gov/scripts/cdrh/cfdocs/cfpma/pma.cfm?id=P130020S005,unavailable,,,2026-06-30T15:35:53+00:00,unavailable,LEGACY_SOURCE_MANIFEST
SRC03169,P140011/S008,https://www.accessdata.fda.gov/scripts/cdrh/cfdocs/cfpma/pma.cfm?id=P140011S008,unavailable,,,2026-06-30T15:35:53+00:00,unavailable,LEGACY_SOURCE_MANIFEST
SRC03170,P980025,https://www.accessdata.fda.gov/scripts/cdrh/cfdocs/cfpma/pma.cfm?id=P980025,unavailable,,,2026-06-30T15:35:53+00:00,unavailable,LEGACY_SOURCE_MANIFEST
SRC03171,P970058,https://www.accessdata.fda.gov/scripts/cdrh/cfdocs/cfpma/pma.cfm?id=P970058,unavailable,,,2026-06-30T15:35:53+00:00,unavailable,LEGACY_SOURCE_MANIFEST
SRC03172,P940029,https://www.accessdata.fda.gov/scripts/cdrh/cfdocs/cfpma/pma.cfm?id=P940029,unavailable,,,2026-06-30T15:35:53+00:00,unavailable,LEGACY_SOURCE_MANIFEST
SRC03173,P950009,https://www.accessdata.fda.gov/scripts/cdrh/cfdocs/cfpma/pma.cfm?id=P950009,unavailable,,,2026-06-30T15:35:53+00:00,unavailable,LEGACY_SOURCE_MANIFEST
